<gpx xmlns:ns3="http://www.garmin.com/xmlschemas/TrackPointExtension/v1" xmlns="http://www.topografix.com/GPX/1/1" xmlns:xsi="http://www.w3.org/2001/XMLSchema-instance" xmlns:ns2="http://www.garmin.com/xmlschemas/GpxExtensions/v3" creator="Garmin Connect" version="1.1" xsi:schemaLocation="http://www.topografix.com/GPX/1/1 http://www.topografix.com/GPX/11.xsd">
  <extensions>
<distance>5006.99</distance>
<average_hr>141.0</average_hr>
<average_speed>2.596999883651733</average_speed>
<start_time>2026-08-25T10:58:54+00:00</start_time>
<end_time>2026-08-25T11:31:02.328000+00:00</end_time>
<moving_time>1926.255</moving_time>
<elapsed_time>1928.328</elapsed_time>
</extensions>
<metadata>
    <link href="connect.garmin.com">
      <text>Garmin Connect</text>
    </link>
    <time>2026-08-25T10:58:54.000Z</time>
  </metadata>
  <trk>
    <name>Changning Running</name>
    <type>running</type>
    <trkseg>
      <trkpt lat="31.2175653688609600067138671875" lon="121.38795680366456508636474609375">
        <ele>13.3999996185302734375</ele>
        <time>2026-08-25T10:58:54.000Z</time>
        <extensions>
          <ns3:TrackPointExtension>
            <ns3:hr>83</ns3:hr>
            <ns3:cad>0</ns3:cad>
          </ns3:TrackPointExtension>
        </extensions>
      </trkpt>
      <trkpt lat="31.2175455875694751739501953125" lon="121.387926042079925537109375">
        <ele>13.19999980926513671875</ele>
        <time>2026-08-25T10:58:55.000Z</time>
        <extensions>
          <ns3:TrackPointExtension>
            <ns3:hr>83</ns3:hr>
            <ns3:cad>0</ns3:cad>
          </ns3:TrackPointExtension>
        </extensions>
      </trkpt>
      <trkpt lat="31.21757249347865581512451171875" lon="121.3879453204572200775146484375">
        <ele>13.19999980926513671875</ele>
        <time>2026-08-25T10:58:56.000Z</time>
        <extensions>
          <ns3:TrackPointExtension>
            <ns3:hr>83</ns3:hr>
            <ns3:cad>0</ns3:cad>
          </ns3:TrackPointExtension>
        </extensions>
      </trkpt>
      <trkpt lat="31.21760417707264423370361328125" lon="121.3879553787410259246826171875">
        <ele>13</ele>
        <time>2026-08-25T10:58:57.000Z</time>
        <extensions>
          <ns3:TrackPointExtension>
            <ns3:hr>82</ns3:hr>
            <ns3:cad>0</ns3:cad>
          </ns3:TrackPointExtension>
        </extensions>
      </trkpt>
      <trkpt lat="31.2176317535340785980224609375" lon="121.38796602375805377960205078125">
        <ele>13</ele>
        <time>2026-08-25T10:58:58.000Z</time>
        <extensions>
          <ns3:TrackPointExtension>
            <ns3:hr>83</ns3:hr>
            <ns3:cad>0</ns3:cad>
          </ns3:TrackPointExtension>
        </extensions>
      </trkpt>
      <trkpt lat="31.2176612578332424163818359375" lon="121.3879788480699062347412109375">
        <ele>12.80000019073486328125</ele>
        <time>2026-08-25T10:58:59.000Z</time>
        <extensions>
          <ns3:TrackPointExtension>
            <ns3:hr>83</ns3:hr>
            <ns3:cad>83</ns3:cad>
          </ns3:TrackPointExtension>
        </extensions>
      </trkpt>
      <trkpt lat="31.2176840566098690032958984375" lon="121.38797876425087451934814453125">
        <ele>12.80000019073486328125</ele>
        <time>2026-08-25T10:59:00.000Z</time>
        <extensions>
          <ns3:TrackPointExtension>
            <ns3:hr>85</ns3:hr>
            <ns3:cad>83</ns3:cad>
          </ns3:TrackPointExtension>
        </extensions>
      </trkpt>
      <trkpt lat="31.21771448291838169097900390625" lon="121.38798094354569911956787109375">
        <ele>12.80000019073486328125</ele>
        <time>2026-08-25T10:59:01.000Z</time>
        <extensions>
          <ns3:TrackPointExtension>
            <ns3:hr>87</ns3:hr>
            <ns3:cad>83</ns3:cad>
          </ns3:TrackPointExtension>
        </extensions>
      </trkpt>
      <trkpt lat="31.217738203704357147216796875" lon="121.38798496685922145843505859375">
        <ele>12.80000019073486328125</ele>
        <time>2026-08-25T10:59:02.000Z</time>
        <extensions>
          <ns3:TrackPointExtension>
            <ns3:hr>89</ns3:hr>
            <ns3:cad>84</ns3:cad>
          </ns3:TrackPointExtension>
        </extensions>
      </trkpt>
      <trkpt lat="31.217763014137744903564453125" lon="121.38799619860947132110595703125">
        <ele>12.80000019073486328125</ele>
        <time>2026-08-25T10:59:03.000Z</time>
        <extensions>
          <ns3:TrackPointExtension>
            <ns3:hr>90</ns3:hr>
            <ns3:cad>85</ns3:cad>
          </ns3:TrackPointExtension>
        </extensions>
      </trkpt>
      <trkpt lat="31.2177866511046886444091796875" lon="121.38800843618810176849365234375">
        <ele>13</ele>
        <time>2026-08-25T10:59:04.000Z</time>
        <extensions>
          <ns3:TrackPointExtension>
            <ns3:hr>91</ns3:hr>
            <ns3:cad>85</ns3:cad>
          </ns3:TrackPointExtension>
        </extensions>
      </trkpt>
      <trkpt lat="31.21780349873006343841552734375" lon="121.3880194164812564849853515625">
        <ele>13</ele>
        <time>2026-08-25T10:59:05.000Z</time>
        <extensions>
          <ns3:TrackPointExtension>
            <ns3:hr>92</ns3:hr>
            <ns3:cad>85</ns3:cad>
          </ns3:TrackPointExtension>
        </extensions>
      </trkpt>
      <trkpt lat="31.2178285606205463409423828125" lon="121.38802754692733287811279296875">
        <ele>13</ele>
        <time>2026-08-25T10:59:06.000Z</time>
        <extensions>
          <ns3:TrackPointExtension>
            <ns3:hr>93</ns3:hr>
            <ns3:cad>85</ns3:cad>
          </ns3:TrackPointExtension>
        </extensions>
      </trkpt>
      <trkpt lat="31.21785010211169719696044921875" lon="121.38803592883050441741943359375">
        <ele>13.19999980926513671875</ele>
        <time>2026-08-25T10:59:07.000Z</time>
        <extensions>
          <ns3:TrackPointExtension>
            <ns3:hr>94</ns3:hr>
            <ns3:cad>85</ns3:cad>
          </ns3:TrackPointExtension>
        </extensions>
      </trkpt>
      <trkpt lat="31.217876337468624114990234375" lon="121.38803911395370960235595703125">
        <ele>13.19999980926513671875</ele>
        <time>2026-08-25T10:59:08.000Z</time>
        <extensions>
          <ns3:TrackPointExtension>
            <ns3:hr>95</ns3:hr>
            <ns3:cad>85</ns3:cad>
          </ns3:TrackPointExtension>
        </extensions>
      </trkpt>
      <trkpt lat="31.21790072880685329437255859375" lon="121.38804766349494457244873046875">
        <ele>13.19999980926513671875</ele>
        <time>2026-08-25T10:59:09.000Z</time>
        <extensions>
          <ns3:TrackPointExtension>
            <ns3:hr>96</ns3:hr>
            <ns3:cad>85</ns3:cad>
          </ns3:TrackPointExtension>
        </extensions>
      </trkpt>
      <trkpt lat="31.2179237790405750274658203125" lon="121.38804866932332515716552734375">
        <ele>13.19999980926513671875</ele>
        <time>2026-08-25T10:59:10.000Z</time>
        <extensions>
          <ns3:TrackPointExtension>
            <ns3:hr>98</ns3:hr>
            <ns3:cad>85</ns3:cad>
          </ns3:TrackPointExtension>
        </extensions>
      </trkpt>
      <trkpt lat="31.21795068494975566864013671875" lon="121.3880626671016216278076171875">
        <ele>13.19999980926513671875</ele>
        <time>2026-08-25T10:59:11.000Z</time>
        <extensions>
          <ns3:TrackPointExtension>
            <ns3:hr>99</ns3:hr>
            <ns3:cad>85</ns3:cad>
          </ns3:TrackPointExtension>
        </extensions>
      </trkpt>
      <trkpt lat="31.2179626710712909698486328125" lon="121.3880713842809200286865234375">
        <ele>13.19999980926513671875</ele>
        <time>2026-08-25T10:59:12.000Z</time>
        <extensions>
          <ns3:TrackPointExtension>
            <ns3:hr>102</ns3:hr>
            <ns3:cad>85</ns3:cad>
          </ns3:TrackPointExtension>
        </extensions>
      </trkpt>
      <trkpt lat="31.21797968633472919464111328125" lon="121.38808487914502620697021484375">
        <ele>13.19999980926513671875</ele>
        <time>2026-08-25T10:59:13.000Z</time>
        <extensions>
          <ns3:TrackPointExtension>
            <ns3:hr>103</ns3:hr>
            <ns3:cad>85</ns3:cad>
          </ns3:TrackPointExtension>
        </extensions>
      </trkpt>
      <trkpt lat="31.21800080873072147369384765625" lon="121.38808588497340679168701171875">
        <ele>13.19999980926513671875</ele>
        <time>2026-08-25T10:59:14.000Z</time>
        <extensions>
          <ns3:TrackPointExtension>
            <ns3:hr>105</ns3:hr>
            <ns3:cad>85</ns3:cad>
          </ns3:TrackPointExtension>
        </extensions>
      </trkpt>
      <trkpt lat="31.21801807545125484466552734375" lon="121.38809728436172008514404296875">
        <ele>13.19999980926513671875</ele>
        <time>2026-08-25T10:59:15.000Z</time>
        <extensions>
          <ns3:TrackPointExtension>
            <ns3:hr>106</ns3:hr>
            <ns3:cad>85</ns3:cad>
          </ns3:TrackPointExtension>
        </extensions>
      </trkpt>
      <trkpt lat="31.21803567744791507720947265625" lon="121.38811178505420684814453125">
        <ele>13.19999980926513671875</ele>
        <time>2026-08-25T10:59:16.000Z</time>
        <extensions>
          <ns3:TrackPointExtension>
            <ns3:hr>107</ns3:hr>
            <ns3:cad>85</ns3:cad>
          </ns3:TrackPointExtension>
        </extensions>
      </trkpt>
      <trkpt lat="31.21805428527295589447021484375" lon="121.38811203651130199432373046875">
        <ele>13.19999980926513671875</ele>
        <time>2026-08-25T10:59:17.000Z</time>
        <extensions>
          <ns3:TrackPointExtension>
            <ns3:hr>107</ns3:hr>
            <ns3:cad>85</ns3:cad>
          </ns3:TrackPointExtension>
        </extensions>
      </trkpt>
      <trkpt lat="31.2180770002305507659912109375" lon="121.38812444172799587249755859375">
        <ele>13.19999980926513671875</ele>
        <time>2026-08-25T10:59:18.000Z</time>
        <extensions>
          <ns3:TrackPointExtension>
            <ns3:hr>108</ns3:hr>
            <ns3:cad>85</ns3:cad>
          </ns3:TrackPointExtension>
        </extensions>
      </trkpt>
      <trkpt lat="31.2180954404175281524658203125" lon="121.38813056051731109619140625">
        <ele>13.19999980926513671875</ele>
        <time>2026-08-25T10:59:19.000Z</time>
        <extensions>
          <ns3:TrackPointExtension>
            <ns3:hr>109</ns3:hr>
            <ns3:cad>85</ns3:cad>
          </ns3:TrackPointExtension>
        </extensions>
      </trkpt>
      <trkpt lat="31.218115724623203277587890625" lon="121.38813592493534088134765625">
        <ele>13.19999980926513671875</ele>
        <time>2026-08-25T10:59:20.000Z</time>
        <extensions>
          <ns3:TrackPointExtension>
            <ns3:hr>110</ns3:hr>
            <ns3:cad>85</ns3:cad>
          </ns3:TrackPointExtension>
        </extensions>
      </trkpt>
      <trkpt lat="31.2181343324482440948486328125" lon="121.388150341808795928955078125">
        <ele>13.19999980926513671875</ele>
        <time>2026-08-25T10:59:21.000Z</time>
        <extensions>
          <ns3:TrackPointExtension>
            <ns3:hr>111</ns3:hr>
            <ns3:cad>85</ns3:cad>
          </ns3:TrackPointExtension>
        </extensions>
      </trkpt>
      <trkpt lat="31.21815151534974575042724609375" lon="121.38816065154969692230224609375">
        <ele>13.19999980926513671875</ele>
        <time>2026-08-25T10:59:22.000Z</time>
        <extensions>
          <ns3:TrackPointExtension>
            <ns3:hr>111</ns3:hr>
            <ns3:cad>85</ns3:cad>
          </ns3:TrackPointExtension>
        </extensions>
      </trkpt>
      <trkpt lat="31.21817900799214839935302734375" lon="121.38817842118442058563232421875">
        <ele>13.19999980926513671875</ele>
        <time>2026-08-25T10:59:23.000Z</time>
        <extensions>
          <ns3:TrackPointExtension>
            <ns3:hr>112</ns3:hr>
            <ns3:cad>85</ns3:cad>
          </ns3:TrackPointExtension>
        </extensions>
      </trkpt>
      <trkpt lat="31.2181956879794597625732421875" lon="121.3881853781640529632568359375">
        <ele>13.19999980926513671875</ele>
        <time>2026-08-25T10:59:24.000Z</time>
        <extensions>
          <ns3:TrackPointExtension>
            <ns3:hr>113</ns3:hr>
            <ns3:cad>85</ns3:cad>
          </ns3:TrackPointExtension>
        </extensions>
      </trkpt>
      <trkpt lat="31.218227036297321319580078125" lon="121.38819158077239990234375">
        <ele>13.19999980926513671875</ele>
        <time>2026-08-25T10:59:25.000Z</time>
        <extensions>
          <ns3:TrackPointExtension>
            <ns3:hr>113</ns3:hr>
            <ns3:cad>84</ns3:cad>
          </ns3:TrackPointExtension>
        </extensions>
      </trkpt>
      <trkpt lat="31.21824639849364757537841796875" lon="121.388203315436840057373046875">
        <ele>13.19999980926513671875</ele>
        <time>2026-08-25T10:59:26.000Z</time>
        <extensions>
          <ns3:TrackPointExtension>
            <ns3:hr>114</ns3:hr>
            <ns3:cad>84</ns3:cad>
          </ns3:TrackPointExtension>
        </extensions>
      </trkpt>
      <trkpt lat="31.2182681076228618621826171875" lon="121.38821010477840900421142578125">
        <ele>13.3999996185302734375</ele>
        <time>2026-08-25T10:59:27.000Z</time>
        <extensions>
          <ns3:TrackPointExtension>
            <ns3:hr>114</ns3:hr>
            <ns3:cad>84</ns3:cad>
          </ns3:TrackPointExtension>
        </extensions>
      </trkpt>
      <trkpt lat="31.21829174458980560302734375" lon="121.3882222585380077362060546875">
        <ele>13.3999996185302734375</ele>
        <time>2026-08-25T10:59:28.000Z</time>
        <extensions>
          <ns3:TrackPointExtension>
            <ns3:hr>114</ns3:hr>
            <ns3:cad>86</ns3:cad>
          </ns3:TrackPointExtension>
        </extensions>
      </trkpt>
      <trkpt lat="31.21830808930099010467529296875" lon="121.3882289640605449676513671875">
        <ele>13.3999996185302734375</ele>
        <time>2026-08-25T10:59:29.000Z</time>
        <extensions>
          <ns3:TrackPointExtension>
            <ns3:hr>115</ns3:hr>
            <ns3:cad>86</ns3:cad>
          </ns3:TrackPointExtension>
        </extensions>
      </trkpt>
      <trkpt lat="31.21833357028663158416748046875" lon="121.38823944143950939178466796875">
        <ele>13.6000003814697265625</ele>
        <time>2026-08-25T10:59:30.000Z</time>
        <extensions>
          <ns3:TrackPointExtension>
            <ns3:hr>115</ns3:hr>
            <ns3:cad>86</ns3:cad>
          </ns3:TrackPointExtension>
        </extensions>
      </trkpt>
      <trkpt lat="31.21835343539714813232421875" lon="121.3882450573146343231201171875">
        <ele>13.6000003814697265625</ele>
        <time>2026-08-25T10:59:31.000Z</time>
        <extensions>
          <ns3:TrackPointExtension>
            <ns3:hr>116</ns3:hr>
            <ns3:cad>85</ns3:cad>
          </ns3:TrackPointExtension>
        </extensions>
      </trkpt>
      <trkpt lat="31.2183807604014873504638671875" lon="121.388252265751361846923828125">
        <ele>13.6000003814697265625</ele>
        <time>2026-08-25T10:59:32.000Z</time>
        <extensions>
          <ns3:TrackPointExtension>
            <ns3:hr>117</ns3:hr>
            <ns3:cad>85</ns3:cad>
          </ns3:TrackPointExtension>
        </extensions>
      </trkpt>
      <trkpt lat="31.2184028886258602142333984375" lon="121.38826073147356510162353515625">
        <ele>13.6000003814697265625</ele>
        <time>2026-08-25T10:59:33.000Z</time>
        <extensions>
          <ns3:TrackPointExtension>
            <ns3:hr>117</ns3:hr>
            <ns3:cad>85</ns3:cad>
          </ns3:TrackPointExtension>
        </extensions>
      </trkpt>
      <trkpt lat="31.21842711232602596282958984375" lon="121.38826467096805572509765625">
        <ele>13.6000003814697265625</ele>
        <time>2026-08-25T10:59:34.000Z</time>
        <extensions>
          <ns3:TrackPointExtension>
            <ns3:hr>117</ns3:hr>
            <ns3:cad>85</ns3:cad>
          </ns3:TrackPointExtension>
        </extensions>
      </trkpt>
      <trkpt lat="31.218449659645557403564453125" lon="121.38827011920511722564697265625">
        <ele>13.6000003814697265625</ele>
        <time>2026-08-25T10:59:35.000Z</time>
        <extensions>
          <ns3:TrackPointExtension>
            <ns3:hr>118</ns3:hr>
            <ns3:cad>85</ns3:cad>
          </ns3:TrackPointExtension>
        </extensions>
      </trkpt>
      <trkpt lat="31.218469776213169097900390625" lon="121.38827732764184474945068359375">
        <ele>13.6000003814697265625</ele>
        <time>2026-08-25T10:59:36.000Z</time>
        <extensions>
          <ns3:TrackPointExtension>
            <ns3:hr>118</ns3:hr>
            <ns3:cad>85</ns3:cad>
          </ns3:TrackPointExtension>
        </extensions>
      </trkpt>
      <trkpt lat="31.2184949219226837158203125" lon="121.3882841169834136962890625">
        <ele>13.6000003814697265625</ele>
        <time>2026-08-25T10:59:37.000Z</time>
        <extensions>
          <ns3:TrackPointExtension>
            <ns3:hr>119</ns3:hr>
            <ns3:cad>85</ns3:cad>
          </ns3:TrackPointExtension>
        </extensions>
      </trkpt>
      <trkpt lat="31.21851411648094654083251953125" lon="121.3882913254201412200927734375">
        <ele>13.6000003814697265625</ele>
        <time>2026-08-25T10:59:38.000Z</time>
        <extensions>
          <ns3:TrackPointExtension>
            <ns3:hr>119</ns3:hr>
            <ns3:cad>85</ns3:cad>
          </ns3:TrackPointExtension>
        </extensions>
      </trkpt>
      <trkpt lat="31.218540184199810028076171875" lon="121.38830465264618396759033203125">
        <ele>13.6000003814697265625</ele>
        <time>2026-08-25T10:59:39.000Z</time>
        <extensions>
          <ns3:TrackPointExtension>
            <ns3:hr>120</ns3:hr>
            <ns3:cad>85</ns3:cad>
          </ns3:TrackPointExtension>
        </extensions>
      </trkpt>
      <trkpt lat="31.21856004931032657623291015625" lon="121.38831831514835357666015625">
        <ele>13.6000003814697265625</ele>
        <time>2026-08-25T10:59:40.000Z</time>
        <extensions>
          <ns3:TrackPointExtension>
            <ns3:hr>121</ns3:hr>
            <ns3:cad>85</ns3:cad>
          </ns3:TrackPointExtension>
        </extensions>
      </trkpt>
      <trkpt lat="31.21858368627727031707763671875" lon="121.38832527212798595428466796875">
        <ele>13.80000019073486328125</ele>
        <time>2026-08-25T10:59:41.000Z</time>
        <extensions>
          <ns3:TrackPointExtension>
            <ns3:hr>121</ns3:hr>
            <ns3:cad>86</ns3:cad>
          </ns3:TrackPointExtension>
        </extensions>
      </trkpt>
      <trkpt lat="31.21860614977777004241943359375" lon="121.38833516277372837066650390625">
        <ele>13.6000003814697265625</ele>
        <time>2026-08-25T10:59:42.000Z</time>
        <extensions>
          <ns3:TrackPointExtension>
            <ns3:hr>122</ns3:hr>
            <ns3:cad>86</ns3:cad>
          </ns3:TrackPointExtension>
        </extensions>
      </trkpt>
      <trkpt lat="31.218626685440540313720703125" lon="121.38834245502948760986328125">
        <ele>13.80000019073486328125</ele>
        <time>2026-08-25T10:59:43.000Z</time>
        <extensions>
          <ns3:TrackPointExtension>
            <ns3:hr>122</ns3:hr>
            <ns3:cad>86</ns3:cad>
          </ns3:TrackPointExtension>
        </extensions>
      </trkpt>
      <trkpt lat="31.218652836978435516357421875" lon="121.388355530798435211181640625">
        <ele>13.80000019073486328125</ele>
        <time>2026-08-25T10:59:44.000Z</time>
        <extensions>
          <ns3:TrackPointExtension>
            <ns3:hr>123</ns3:hr>
            <ns3:cad>86</ns3:cad>
          </ns3:TrackPointExtension>
        </extensions>
      </trkpt>
      <trkpt lat="31.21867253445088863372802734375" lon="121.388355195522308349609375">
        <ele>13.6000003814697265625</ele>
        <time>2026-08-25T10:59:45.000Z</time>
        <extensions>
          <ns3:TrackPointExtension>
            <ns3:hr>123</ns3:hr>
            <ns3:cad>86</ns3:cad>
          </ns3:TrackPointExtension>
        </extensions>
      </trkpt>
      <trkpt lat="31.2186945788562297821044921875" lon="121.38836416415870189666748046875">
        <ele>13.6000003814697265625</ele>
        <time>2026-08-25T10:59:46.000Z</time>
        <extensions>
          <ns3:TrackPointExtension>
            <ns3:hr>123</ns3:hr>
            <ns3:cad>86</ns3:cad>
          </ns3:TrackPointExtension>
        </extensions>
      </trkpt>
      <trkpt lat="31.2187135219573974609375" lon="121.38836969621479511260986328125">
        <ele>13.6000003814697265625</ele>
        <time>2026-08-25T10:59:47.000Z</time>
        <extensions>
          <ns3:TrackPointExtension>
            <ns3:hr>124</ns3:hr>
            <ns3:cad>87</ns3:cad>
          </ns3:TrackPointExtension>
        </extensions>
      </trkpt>
      <trkpt lat="31.218733973801136016845703125" lon="121.38837321661412715911865234375">
        <ele>13.80000019073486328125</ele>
        <time>2026-08-25T10:59:48.000Z</time>
        <extensions>
          <ns3:TrackPointExtension>
            <ns3:hr>124</ns3:hr>
            <ns3:cad>87</ns3:cad>
          </ns3:TrackPointExtension>
        </extensions>
      </trkpt>
      <trkpt lat="31.218758784234523773193359375" lon="121.3883801735937595367431640625">
        <ele>13.80000019073486328125</ele>
        <time>2026-08-25T10:59:49.000Z</time>
        <extensions>
          <ns3:TrackPointExtension>
            <ns3:hr>125</ns3:hr>
            <ns3:cad>86</ns3:cad>
          </ns3:TrackPointExtension>
        </extensions>
      </trkpt>
      <trkpt lat="31.21877831406891345977783203125" lon="121.38838277198374271392822265625">
        <ele>13.80000019073486328125</ele>
        <time>2026-08-25T10:59:50.000Z</time>
        <extensions>
          <ns3:TrackPointExtension>
            <ns3:hr>125</ns3:hr>
            <ns3:cad>86</ns3:cad>
          </ns3:TrackPointExtension>
        </extensions>
      </trkpt>
      <trkpt lat="31.218802370131015777587890625" lon="121.38839316554367542266845703125">
        <ele>14</ele>
        <time>2026-08-25T10:59:51.000Z</time>
        <extensions>
          <ns3:TrackPointExtension>
            <ns3:hr>125</ns3:hr>
            <ns3:cad>86</ns3:cad>
          </ns3:TrackPointExtension>
        </extensions>
      </trkpt>
      <trkpt lat="31.21882307343184947967529296875" lon="121.388398110866546630859375">
        <ele>14</ele>
        <time>2026-08-25T10:59:52.000Z</time>
        <extensions>
          <ns3:TrackPointExtension>
            <ns3:hr>125</ns3:hr>
            <ns3:cad>86</ns3:cad>
          </ns3:TrackPointExtension>
        </extensions>
      </trkpt>
      <trkpt lat="31.21884738095104694366455078125" lon="121.38840691186487674713134765625">
        <ele>14</ele>
        <time>2026-08-25T10:59:53.000Z</time>
        <extensions>
          <ns3:TrackPointExtension>
            <ns3:hr>125</ns3:hr>
            <ns3:cad>86</ns3:cad>
          </ns3:TrackPointExtension>
        </extensions>
      </trkpt>
      <trkpt lat="31.21887001208961009979248046875" lon="121.388415209949016571044921875">
        <ele>14</ele>
        <time>2026-08-25T10:59:54.000Z</time>
        <extensions>
          <ns3:TrackPointExtension>
            <ns3:hr>125</ns3:hr>
            <ns3:cad>86</ns3:cad>
          </ns3:TrackPointExtension>
        </extensions>
      </trkpt>
      <trkpt lat="31.21889649890363216400146484375" lon="121.38841948471963405609130859375">
        <ele>14</ele>
        <time>2026-08-25T10:59:55.000Z</time>
        <extensions>
          <ns3:TrackPointExtension>
            <ns3:hr>126</ns3:hr>
            <ns3:cad>86</ns3:cad>
          </ns3:TrackPointExtension>
        </extensions>
      </trkpt>
      <trkpt lat="31.2189225666224956512451171875" lon="121.38843004591763019561767578125">
        <ele>14</ele>
        <time>2026-08-25T10:59:56.000Z</time>
        <extensions>
          <ns3:TrackPointExtension>
            <ns3:hr>125</ns3:hr>
            <ns3:cad>85</ns3:cad>
          </ns3:TrackPointExtension>
        </extensions>
      </trkpt>
      <trkpt lat="31.21894377283751964569091796875" lon="121.38842635788023471832275390625">
        <ele>14</ele>
        <time>2026-08-25T10:59:57.000Z</time>
        <extensions>
          <ns3:TrackPointExtension>
            <ns3:hr>125</ns3:hr>
            <ns3:cad>85</ns3:cad>
          </ns3:TrackPointExtension>
        </extensions>
      </trkpt>
      <trkpt lat="31.2189661525189876556396484375" lon="121.38842803426086902618408203125">
        <ele>14</ele>
        <time>2026-08-25T10:59:58.000Z</time>
        <extensions>
          <ns3:TrackPointExtension>
            <ns3:hr>125</ns3:hr>
            <ns3:cad>85</ns3:cad>
          </ns3:TrackPointExtension>
        </extensions>
      </trkpt>
      <trkpt lat="31.21898702345788478851318359375" lon="121.3884222507476806640625">
        <ele>14</ele>
        <time>2026-08-25T10:59:59.000Z</time>
        <extensions>
          <ns3:TrackPointExtension>
            <ns3:hr>126</ns3:hr>
            <ns3:cad>85</ns3:cad>
          </ns3:TrackPointExtension>
        </extensions>
      </trkpt>
      <trkpt lat="31.21900697238743305206298828125" lon="121.3884204067289829254150390625">
        <ele>14</ele>
        <time>2026-08-25T11:00:00.000Z</time>
        <extensions>
          <ns3:TrackPointExtension>
            <ns3:hr>125</ns3:hr>
            <ns3:cad>85</ns3:cad>
          </ns3:TrackPointExtension>
        </extensions>
      </trkpt>
      <trkpt lat="31.2190353870391845703125" lon="121.38841445557773113250732421875">
        <ele>14.19999980926513671875</ele>
        <time>2026-08-25T11:00:01.000Z</time>
        <extensions>
          <ns3:TrackPointExtension>
            <ns3:hr>126</ns3:hr>
            <ns3:cad>85</ns3:cad>
          </ns3:TrackPointExtension>
        </extensions>
      </trkpt>
      <trkpt lat="31.219060532748699188232421875" lon="121.38840959407389163970947265625">
        <ele>14.19999980926513671875</ele>
        <time>2026-08-25T11:00:02.000Z</time>
        <extensions>
          <ns3:TrackPointExtension>
            <ns3:hr>126</ns3:hr>
            <ns3:cad>85</ns3:cad>
          </ns3:TrackPointExtension>
        </extensions>
      </trkpt>
      <trkpt lat="31.219082660973072052001953125" lon="121.38840892352163791656494140625">
        <ele>14</ele>
        <time>2026-08-25T11:00:03.000Z</time>
        <extensions>
          <ns3:TrackPointExtension>
            <ns3:hr>127</ns3:hr>
            <ns3:cad>85</ns3:cad>
          </ns3:TrackPointExtension>
        </extensions>
      </trkpt>
      <trkpt lat="31.2191059626638889312744140625" lon="121.388415209949016571044921875">
        <ele>14</ele>
        <time>2026-08-25T11:00:04.000Z</time>
        <extensions>
          <ns3:TrackPointExtension>
            <ns3:hr>127</ns3:hr>
            <ns3:cad>85</ns3:cad>
          </ns3:TrackPointExtension>
        </extensions>
      </trkpt>
      <trkpt lat="31.21912767179310321807861328125" lon="121.38841764070093631744384765625">
        <ele>14</ele>
        <time>2026-08-25T11:00:05.000Z</time>
        <extensions>
          <ns3:TrackPointExtension>
            <ns3:hr>128</ns3:hr>
            <ns3:cad>86</ns3:cad>
          </ns3:TrackPointExtension>
        </extensions>
      </trkpt>
      <trkpt lat="31.21914862655103206634521484375" lon="121.3884167186915874481201171875">
        <ele>14</ele>
        <time>2026-08-25T11:00:06.000Z</time>
        <extensions>
          <ns3:TrackPointExtension>
            <ns3:hr>129</ns3:hr>
            <ns3:cad>86</ns3:cad>
          </ns3:TrackPointExtension>
        </extensions>
      </trkpt>
      <trkpt lat="31.21917662210762500762939453125" lon="121.3884170539677143096923828125">
        <ele>14</ele>
        <time>2026-08-25T11:00:07.000Z</time>
        <extensions>
          <ns3:TrackPointExtension>
            <ns3:hr>130</ns3:hr>
            <ns3:cad>86</ns3:cad>
          </ns3:TrackPointExtension>
        </extensions>
      </trkpt>
      <trkpt lat="31.21919858269393444061279296875" lon="121.38841294683516025543212890625">
        <ele>14</ele>
        <time>2026-08-25T11:00:08.000Z</time>
        <extensions>
          <ns3:TrackPointExtension>
            <ns3:hr>131</ns3:hr>
            <ns3:cad>85</ns3:cad>
          </ns3:TrackPointExtension>
        </extensions>
      </trkpt>
      <trkpt lat="31.21922238729894161224365234375" lon="121.38840607367455959320068359375">
        <ele>14</ele>
        <time>2026-08-25T11:00:09.000Z</time>
        <extensions>
          <ns3:TrackPointExtension>
            <ns3:hr>131</ns3:hr>
            <ns3:cad>85</ns3:cad>
          </ns3:TrackPointExtension>
        </extensions>
      </trkpt>
      <trkpt lat="31.21924585662782192230224609375" lon="121.3884039781987667083740234375">
        <ele>14</ele>
        <time>2026-08-25T11:00:10.000Z</time>
        <extensions>
          <ns3:TrackPointExtension>
            <ns3:hr>131</ns3:hr>
            <ns3:cad>85</ns3:cad>
          </ns3:TrackPointExtension>
        </extensions>
      </trkpt>
      <trkpt lat="31.219265721738338470458984375" lon="121.38840070925652980804443359375">
        <ele>14</ele>
        <time>2026-08-25T11:00:11.000Z</time>
        <extensions>
          <ns3:TrackPointExtension>
            <ns3:hr>131</ns3:hr>
            <ns3:cad>86</ns3:cad>
          </ns3:TrackPointExtension>
        </extensions>
      </trkpt>
      <trkpt lat="31.21928927488625049591064453125" lon="121.3883959315717220306396484375">
        <ele>14.19999980926513671875</ele>
        <time>2026-08-25T11:00:12.000Z</time>
        <extensions>
          <ns3:TrackPointExtension>
            <ns3:hr>132</ns3:hr>
            <ns3:cad>86</ns3:cad>
          </ns3:TrackPointExtension>
        </extensions>
      </trkpt>
      <trkpt lat="31.21930687688291072845458984375" lon="121.38839500956237316131591796875">
        <ele>14</ele>
        <time>2026-08-25T11:00:13.000Z</time>
        <extensions>
          <ns3:TrackPointExtension>
            <ns3:hr>131</ns3:hr>
            <ns3:cad>85</ns3:cad>
          </ns3:TrackPointExtension>
        </extensions>
      </trkpt>
      <trkpt lat="31.21933034621179103851318359375" lon="121.3883925788104534149169921875">
        <ele>14</ele>
        <time>2026-08-25T11:00:14.000Z</time>
        <extensions>
          <ns3:TrackPointExtension>
            <ns3:hr>131</ns3:hr>
            <ns3:cad>85</ns3:cad>
          </ns3:TrackPointExtension>
        </extensions>
      </trkpt>
      <trkpt lat="31.21935364790260791778564453125" lon="121.3883868791162967681884765625">
        <ele>14</ele>
        <time>2026-08-25T11:00:15.000Z</time>
        <extensions>
          <ns3:TrackPointExtension>
            <ns3:hr>130</ns3:hr>
            <ns3:cad>85</ns3:cad>
          </ns3:TrackPointExtension>
        </extensions>
      </trkpt>
      <trkpt lat="31.21937057934701442718505859375" lon="121.38838109560310840606689453125">
        <ele>14</ele>
        <time>2026-08-25T11:00:16.000Z</time>
        <extensions>
          <ns3:TrackPointExtension>
            <ns3:hr>130</ns3:hr>
            <ns3:cad>85</ns3:cad>
          </ns3:TrackPointExtension>
        </extensions>
      </trkpt>
      <trkpt lat="31.2193909473717212677001953125" lon="121.3883831910789012908935546875">
        <ele>14</ele>
        <time>2026-08-25T11:00:17.000Z</time>
        <extensions>
          <ns3:TrackPointExtension>
            <ns3:hr>130</ns3:hr>
            <ns3:cad>85</ns3:cad>
          </ns3:TrackPointExtension>
        </extensions>
      </trkpt>
      <trkpt lat="31.2194113992154598236083984375" lon="121.388381682336330413818359375">
        <ele>13.80000019073486328125</ele>
        <time>2026-08-25T11:00:18.000Z</time>
        <extensions>
          <ns3:TrackPointExtension>
            <ns3:hr>130</ns3:hr>
            <ns3:cad>85</ns3:cad>
          </ns3:TrackPointExtension>
        </extensions>
      </trkpt>
      <trkpt lat="31.2194295041263103485107421875" lon="121.38838713057339191436767578125">
        <ele>13.80000019073486328125</ele>
        <time>2026-08-25T11:00:19.000Z</time>
        <extensions>
          <ns3:TrackPointExtension>
            <ns3:hr>131</ns3:hr>
            <ns3:cad>84</ns3:cad>
          </ns3:TrackPointExtension>
        </extensions>
      </trkpt>
      <trkpt lat="31.219451464712619781494140625" lon="121.3883902318775653839111328125">
        <ele>14</ele>
        <time>2026-08-25T11:00:20.000Z</time>
        <extensions>
          <ns3:TrackPointExtension>
            <ns3:hr>130</ns3:hr>
            <ns3:cad>84</ns3:cad>
          </ns3:TrackPointExtension>
        </extensions>
      </trkpt>
      <trkpt lat="31.2194766104221343994140625" lon="121.38838880695402622222900390625">
        <ele>14</ele>
        <time>2026-08-25T11:00:21.000Z</time>
        <extensions>
          <ns3:TrackPointExtension>
            <ns3:hr>130</ns3:hr>
            <ns3:cad>85</ns3:cad>
          </ns3:TrackPointExtension>
        </extensions>
      </trkpt>
      <trkpt lat="31.2194979004561901092529296875" lon="121.388389058411121368408203125">
        <ele>14</ele>
        <time>2026-08-25T11:00:22.000Z</time>
        <extensions>
          <ns3:TrackPointExtension>
            <ns3:hr>130</ns3:hr>
            <ns3:cad>85</ns3:cad>
          </ns3:TrackPointExtension>
        </extensions>
      </trkpt>
      <trkpt lat="31.21951826848089694976806640625" lon="121.3883835263550281524658203125">
        <ele>14.19999980926513671875</ele>
        <time>2026-08-25T11:00:23.000Z</time>
        <extensions>
          <ns3:TrackPointExtension>
            <ns3:hr>130</ns3:hr>
            <ns3:cad>86</ns3:cad>
          </ns3:TrackPointExtension>
        </extensions>
      </trkpt>
      <trkpt lat="31.21954257600009441375732421875" lon="121.38838469982147216796875">
        <ele>14.19999980926513671875</ele>
        <time>2026-08-25T11:00:24.000Z</time>
        <extensions>
          <ns3:TrackPointExtension>
            <ns3:hr>131</ns3:hr>
            <ns3:cad>86</ns3:cad>
          </ns3:TrackPointExtension>
        </extensions>
      </trkpt>
      <trkpt lat="31.21956403367221355438232421875" lon="121.3883768208324909210205078125">
        <ele>14.19999980926513671875</ele>
        <time>2026-08-25T11:00:25.000Z</time>
        <extensions>
          <ns3:TrackPointExtension>
            <ns3:hr>130</ns3:hr>
            <ns3:cad>86</ns3:cad>
          </ns3:TrackPointExtension>
        </extensions>
      </trkpt>
      <trkpt lat="31.2195812165737152099609375" lon="121.3883748091757297515869140625">
        <ele>14.19999980926513671875</ele>
        <time>2026-08-25T11:00:26.000Z</time>
        <extensions>
          <ns3:TrackPointExtension>
            <ns3:hr>130</ns3:hr>
            <ns3:cad>86</ns3:cad>
          </ns3:TrackPointExtension>
        </extensions>
      </trkpt>
      <trkpt lat="31.21959471143782138824462890625" lon="121.38837137259542942047119140625">
        <ele>14.19999980926513671875</ele>
        <time>2026-08-25T11:00:27.000Z</time>
        <extensions>
          <ns3:TrackPointExtension>
            <ns3:hr>131</ns3:hr>
            <ns3:cad>86</ns3:cad>
          </ns3:TrackPointExtension>
        </extensions>
      </trkpt>
      <trkpt lat="31.21961851604282855987548828125" lon="121.38836936093866825103759765625">
        <ele>14.19999980926513671875</ele>
        <time>2026-08-25T11:00:28.000Z</time>
        <extensions>
          <ns3:TrackPointExtension>
            <ns3:hr>131</ns3:hr>
            <ns3:cad>86</ns3:cad>
          </ns3:TrackPointExtension>
        </extensions>
      </trkpt>
      <trkpt lat="31.21963955461978912353515625" lon="121.38837103731930255889892578125">
        <ele>14.19999980926513671875</ele>
        <time>2026-08-25T11:00:29.000Z</time>
        <extensions>
          <ns3:TrackPointExtension>
            <ns3:hr>131</ns3:hr>
            <ns3:cad>86</ns3:cad>
          </ns3:TrackPointExtension>
        </extensions>
      </trkpt>
      <trkpt lat="31.2196601741015911102294921875" lon="121.38836885802447795867919921875">
        <ele>14.19999980926513671875</ele>
        <time>2026-08-25T11:00:30.000Z</time>
        <extensions>
          <ns3:TrackPointExtension>
            <ns3:hr>132</ns3:hr>
            <ns3:cad>85</ns3:cad>
          </ns3:TrackPointExtension>
        </extensions>
      </trkpt>
      <trkpt lat="31.21967576444149017333984375" lon="121.3883650861680507659912109375">
        <ele>14.3999996185302734375</ele>
        <time>2026-08-25T11:00:31.000Z</time>
        <extensions>
          <ns3:TrackPointExtension>
            <ns3:hr>132</ns3:hr>
            <ns3:cad>85</ns3:cad>
          </ns3:TrackPointExtension>
        </extensions>
      </trkpt>
      <trkpt lat="31.21969898231327533721923828125" lon="121.38836030848324298858642578125">
        <ele>14.3999996185302734375</ele>
        <time>2026-08-25T11:00:32.000Z</time>
        <extensions>
          <ns3:TrackPointExtension>
            <ns3:hr>132</ns3:hr>
            <ns3:cad>84</ns3:cad>
          </ns3:TrackPointExtension>
        </extensions>
      </trkpt>
      <trkpt lat="31.21972982771694660186767578125" lon="121.38836449943482875823974609375">
        <ele>14.3999996185302734375</ele>
        <time>2026-08-25T11:00:33.000Z</time>
        <extensions>
          <ns3:TrackPointExtension>
            <ns3:hr>133</ns3:hr>
            <ns3:cad>84</ns3:cad>
          </ns3:TrackPointExtension>
        </extensions>
      </trkpt>
      <trkpt lat="31.21975732035934925079345703125" lon="121.3883624039590358734130859375">
        <ele>14.6000003814697265625</ele>
        <time>2026-08-25T11:00:34.000Z</time>
        <extensions>
          <ns3:TrackPointExtension>
            <ns3:hr>133</ns3:hr>
            <ns3:cad>86</ns3:cad>
          </ns3:TrackPointExtension>
        </extensions>
      </trkpt>
      <trkpt lat="31.21978514827787876129150390625" lon="121.3883556984364986419677734375">
        <ele>14.6000003814697265625</ele>
        <time>2026-08-25T11:00:35.000Z</time>
        <extensions>
          <ns3:TrackPointExtension>
            <ns3:hr>133</ns3:hr>
            <ns3:cad>86</ns3:cad>
          </ns3:TrackPointExtension>
        </extensions>
      </trkpt>
      <trkpt lat="31.2198172509670257568359375" lon="121.38836114667356014251708984375">
        <ele>14.6000003814697265625</ele>
        <time>2026-08-25T11:00:36.000Z</time>
        <extensions>
          <ns3:TrackPointExtension>
            <ns3:hr>133</ns3:hr>
            <ns3:cad>86</ns3:cad>
          </ns3:TrackPointExtension>
        </extensions>
      </trkpt>
      <trkpt lat="31.219845078885555267333984375" lon="121.3883511722087860107421875">
        <ele>14.6000003814697265625</ele>
        <time>2026-08-25T11:00:37.000Z</time>
        <extensions>
          <ns3:TrackPointExtension>
            <ns3:hr>133</ns3:hr>
            <ns3:cad>86</ns3:cad>
          </ns3:TrackPointExtension>
        </extensions>
      </trkpt>
      <trkpt lat="31.21987751685082912445068359375" lon="121.3883342407643795013427734375">
        <ele>14.80000019073486328125</ele>
        <time>2026-08-25T11:00:38.000Z</time>
        <extensions>
          <ns3:TrackPointExtension>
            <ns3:hr>133</ns3:hr>
            <ns3:cad>85</ns3:cad>
          </ns3:TrackPointExtension>
        </extensions>
      </trkpt>
      <trkpt lat="31.21989713050425052642822265625" lon="121.3883204944431781768798828125">
        <ele>14.80000019073486328125</ele>
        <time>2026-08-25T11:00:39.000Z</time>
        <extensions>
          <ns3:TrackPointExtension>
            <ns3:hr>133</ns3:hr>
            <ns3:cad>85</ns3:cad>
          </ns3:TrackPointExtension>
        </extensions>
      </trkpt>
      <trkpt lat="31.2199116311967372894287109375" lon="121.388296186923980712890625">
        <ele>14.80000019073486328125</ele>
        <time>2026-08-25T11:00:40.000Z</time>
        <extensions>
          <ns3:TrackPointExtension>
            <ns3:hr>133</ns3:hr>
            <ns3:cad>85</ns3:cad>
          </ns3:TrackPointExtension>
        </extensions>
      </trkpt>
      <trkpt lat="31.2199299037456512451171875" lon="121.38827280141413211822509765625">
        <ele>14.80000019073486328125</ele>
        <time>2026-08-25T11:00:41.000Z</time>
        <extensions>
          <ns3:TrackPointExtension>
            <ns3:hr>133</ns3:hr>
            <ns3:cad>85</ns3:cad>
          </ns3:TrackPointExtension>
        </extensions>
      </trkpt>
      <trkpt lat="31.21993568725883960723876953125" lon="121.38825050555169582366943359375">
        <ele>14.80000019073486328125</ele>
        <time>2026-08-25T11:00:42.000Z</time>
        <extensions>
          <ns3:TrackPointExtension>
            <ns3:hr>133</ns3:hr>
            <ns3:cad>85</ns3:cad>
          </ns3:TrackPointExtension>
        </extensions>
      </trkpt>
      <trkpt lat="31.21994440443813800811767578125" lon="121.388215385377407073974609375">
        <ele>14.80000019073486328125</ele>
        <time>2026-08-25T11:00:43.000Z</time>
        <extensions>
          <ns3:TrackPointExtension>
            <ns3:hr>134</ns3:hr>
            <ns3:cad>84</ns3:cad>
          </ns3:TrackPointExtension>
        </extensions>
      </trkpt>
      <trkpt lat="31.21995010413229465484619140625" lon="121.38819250278174877166748046875">
        <ele>15</ele>
        <time>2026-08-25T11:00:44.000Z</time>
        <extensions>
          <ns3:TrackPointExtension>
            <ns3:hr>133</ns3:hr>
            <ns3:cad>84</ns3:cad>
          </ns3:TrackPointExtension>
        </extensions>
      </trkpt>
      <trkpt lat="31.2199545465409755706787109375" lon="121.38815947808325290679931640625">
        <ele>15</ele>
        <time>2026-08-25T11:00:45.000Z</time>
        <extensions>
          <ns3:TrackPointExtension>
            <ns3:hr>133</ns3:hr>
            <ns3:cad>83</ns3:cad>
          </ns3:TrackPointExtension>
        </extensions>
      </trkpt>
      <trkpt lat="31.21995798312127590179443359375" lon="121.38814288191497325897216796875">
        <ele>15</ele>
        <time>2026-08-25T11:00:46.000Z</time>
        <extensions>
          <ns3:TrackPointExtension>
            <ns3:hr>133</ns3:hr>
            <ns3:cad>83</ns3:cad>
          </ns3:TrackPointExtension>
        </extensions>
      </trkpt>
      <trkpt lat="31.21996066533029079437255859375" lon="121.388114802539348602294921875">
        <ele>15.19999980926513671875</ele>
        <time>2026-08-25T11:00:47.000Z</time>
        <extensions>
          <ns3:TrackPointExtension>
            <ns3:hr>133</ns3:hr>
            <ns3:cad>85</ns3:cad>
          </ns3:TrackPointExtension>
        </extensions>
      </trkpt>
      <trkpt lat="31.21996435336768627166748046875" lon="121.38808839954435825347900390625">
        <ele>15.19999980926513671875</ele>
        <time>2026-08-25T11:00:48.000Z</time>
        <extensions>
          <ns3:TrackPointExtension>
            <ns3:hr>133</ns3:hr>
            <ns3:cad>86</ns3:cad>
          </ns3:TrackPointExtension>
        </extensions>
      </trkpt>
      <trkpt lat="31.219968460500240325927734375" lon="121.3880710490047931671142578125">
        <ele>15.19999980926513671875</ele>
        <time>2026-08-25T11:00:49.000Z</time>
        <extensions>
          <ns3:TrackPointExtension>
            <ns3:hr>133</ns3:hr>
            <ns3:cad>86</ns3:cad>
          </ns3:TrackPointExtension>
        </extensions>
      </trkpt>
      <trkpt lat="31.21996904723346233367919921875" lon="121.38804364018142223358154296875">
        <ele>15.19999980926513671875</ele>
        <time>2026-08-25T11:00:50.000Z</time>
        <extensions>
          <ns3:TrackPointExtension>
            <ns3:hr>132</ns3:hr>
            <ns3:cad>85</ns3:cad>
          </ns3:TrackPointExtension>
        </extensions>
      </trkpt>
      <trkpt lat="31.21996334753930568695068359375" lon="121.38802469708025455474853515625">
        <ele>15.19999980926513671875</ele>
        <time>2026-08-25T11:00:51.000Z</time>
        <extensions>
          <ns3:TrackPointExtension>
            <ns3:hr>133</ns3:hr>
            <ns3:cad>85</ns3:cad>
          </ns3:TrackPointExtension>
        </extensions>
      </trkpt>
      <trkpt lat="31.21995882131159305572509765625" lon="121.38799468986690044403076171875">
        <ele>15.19999980926513671875</ele>
        <time>2026-08-25T11:00:52.000Z</time>
        <extensions>
          <ns3:TrackPointExtension>
            <ns3:hr>133</ns3:hr>
            <ns3:cad>86</ns3:cad>
          </ns3:TrackPointExtension>
        </extensions>
      </trkpt>
      <trkpt lat="31.21995781548321247100830078125" lon="121.38797172345221042633056640625">
        <ele>15.19999980926513671875</ele>
        <time>2026-08-25T11:00:53.000Z</time>
        <extensions>
          <ns3:TrackPointExtension>
            <ns3:hr>132</ns3:hr>
            <ns3:cad>86</ns3:cad>
          </ns3:TrackPointExtension>
        </extensions>
      </trkpt>
      <trkpt lat="31.21995563618838787078857421875" lon="121.38794205151498317718505859375">
        <ele>15.3999996185302734375</ele>
        <time>2026-08-25T11:00:54.000Z</time>
        <extensions>
          <ns3:TrackPointExtension>
            <ns3:hr>132</ns3:hr>
            <ns3:cad>86</ns3:cad>
          </ns3:TrackPointExtension>
        </extensions>
      </trkpt>
      <trkpt lat="31.21995597146451473236083984375" lon="121.38791170902550220489501953125">
        <ele>15.3999996185302734375</ele>
        <time>2026-08-25T11:00:55.000Z</time>
        <extensions>
          <ns3:TrackPointExtension>
            <ns3:hr>132</ns3:hr>
            <ns3:cad>85</ns3:cad>
          </ns3:TrackPointExtension>
        </extensions>
      </trkpt>
      <trkpt lat="31.21995446272194385528564453125" lon="121.387887485325336456298828125">
        <ele>15.3999996185302734375</ele>
        <time>2026-08-25T11:00:56.000Z</time>
        <extensions>
          <ns3:TrackPointExtension>
            <ns3:hr>132</ns3:hr>
            <ns3:cad>85</ns3:cad>
          </ns3:TrackPointExtension>
        </extensions>
      </trkpt>
      <trkpt lat="31.21995530091226100921630859375" lon="121.38785202987492084503173828125">
        <ele>15.3999996185302734375</ele>
        <time>2026-08-25T11:00:57.000Z</time>
        <extensions>
          <ns3:TrackPointExtension>
            <ns3:hr>132</ns3:hr>
            <ns3:cad>85</ns3:cad>
          </ns3:TrackPointExtension>
        </extensions>
      </trkpt>
      <trkpt lat="31.2199495173990726470947265625" lon="121.38782923109829425811767578125">
        <ele>15.19999980926513671875</ele>
        <time>2026-08-25T11:00:58.000Z</time>
        <extensions>
          <ns3:TrackPointExtension>
            <ns3:hr>131</ns3:hr>
            <ns3:cad>86</ns3:cad>
          </ns3:TrackPointExtension>
        </extensions>
      </trkpt>
      <trkpt lat="31.2199475057423114776611328125" lon="121.387800313532352447509765625">
        <ele>15.19999980926513671875</ele>
        <time>2026-08-25T11:00:59.000Z</time>
        <extensions>
          <ns3:TrackPointExtension>
            <ns3:hr>132</ns3:hr>
            <ns3:cad>86</ns3:cad>
          </ns3:TrackPointExtension>
        </extensions>
      </trkpt>
      <trkpt lat="31.2199488468468189239501953125" lon="121.38777307234704494476318359375">
        <ele>15.19999980926513671875</ele>
        <time>2026-08-25T11:01:00.000Z</time>
        <extensions>
          <ns3:TrackPointExtension>
            <ns3:hr>132</ns3:hr>
            <ns3:cad>86</ns3:cad>
          </ns3:TrackPointExtension>
        </extensions>
      </trkpt>
      <trkpt lat="31.2199471704661846160888671875" lon="121.387743651866912841796875">
        <ele>15.19999980926513671875</ele>
        <time>2026-08-25T11:01:01.000Z</time>
        <extensions>
          <ns3:TrackPointExtension>
            <ns3:hr>132</ns3:hr>
            <ns3:cad>86</ns3:cad>
          </ns3:TrackPointExtension>
        </extensions>
      </trkpt>
      <trkpt lat="31.2199508585035800933837890625" lon="121.38771557249128818511962890625">
        <ele>15.19999980926513671875</ele>
        <time>2026-08-25T11:01:02.000Z</time>
        <extensions>
          <ns3:TrackPointExtension>
            <ns3:hr>131</ns3:hr>
            <ns3:cad>85</ns3:cad>
          </ns3:TrackPointExtension>
        </extensions>
      </trkpt>
      <trkpt lat="31.219945661723613739013671875" lon="121.38769562356173992156982421875">
        <ele>15.19999980926513671875</ele>
        <time>2026-08-25T11:01:03.000Z</time>
        <extensions>
          <ns3:TrackPointExtension>
            <ns3:hr>132</ns3:hr>
            <ns3:cad>85</ns3:cad>
          </ns3:TrackPointExtension>
        </extensions>
      </trkpt>
      <trkpt lat="31.2199424766004085540771484375" lon="121.3876680471003055572509765625">
        <ele>15.19999980926513671875</ele>
        <time>2026-08-25T11:01:04.000Z</time>
        <extensions>
          <ns3:TrackPointExtension>
            <ns3:hr>132</ns3:hr>
            <ns3:cad>86</ns3:cad>
          </ns3:TrackPointExtension>
        </extensions>
      </trkpt>
      <trkpt lat="31.21993769891560077667236328125" lon="121.387650109827518463134765625">
        <ele>15.19999980926513671875</ele>
        <time>2026-08-25T11:01:05.000Z</time>
        <extensions>
          <ns3:TrackPointExtension>
            <ns3:hr>132</ns3:hr>
            <ns3:cad>86</ns3:cad>
          </ns3:TrackPointExtension>
        </extensions>
      </trkpt>
      <trkpt lat="31.219933927059173583984375" lon="121.38761867769062519073486328125">
        <ele>15.19999980926513671875</ele>
        <time>2026-08-25T11:01:06.000Z</time>
        <extensions>
          <ns3:TrackPointExtension>
            <ns3:hr>132</ns3:hr>
            <ns3:cad>86</ns3:cad>
          </ns3:TrackPointExtension>
        </extensions>
      </trkpt>
      <trkpt lat="31.21993593871593475341796875" lon="121.3875922746956348419189453125">
        <ele>15.19999980926513671875</ele>
        <time>2026-08-25T11:01:07.000Z</time>
        <extensions>
          <ns3:TrackPointExtension>
            <ns3:hr>131</ns3:hr>
            <ns3:cad>85</ns3:cad>
          </ns3:TrackPointExtension>
        </extensions>
      </trkpt>
      <trkpt lat="31.21993283741176128387451171875" lon="121.3875679671764373779296875">
        <ele>15.19999980926513671875</ele>
        <time>2026-08-25T11:01:08.000Z</time>
        <extensions>
          <ns3:TrackPointExtension>
            <ns3:hr>132</ns3:hr>
            <ns3:cad>85</ns3:cad>
          </ns3:TrackPointExtension>
        </extensions>
      </trkpt>
      <trkpt lat="31.21993484906852245330810546875" lon="121.38753687031567096710205078125">
        <ele>15.19999980926513671875</ele>
        <time>2026-08-25T11:01:09.000Z</time>
        <extensions>
          <ns3:TrackPointExtension>
            <ns3:hr>132</ns3:hr>
            <ns3:cad>85</ns3:cad>
          </ns3:TrackPointExtension>
        </extensions>
      </trkpt>
      <trkpt lat="31.219930909574031829833984375" lon="121.38751708902418613433837890625">
        <ele>15.19999980926513671875</ele>
        <time>2026-08-25T11:01:10.000Z</time>
        <extensions>
          <ns3:TrackPointExtension>
            <ns3:hr>132</ns3:hr>
            <ns3:cad>85</ns3:cad>
          </ns3:TrackPointExtension>
        </extensions>
      </trkpt>
      <trkpt lat="31.219929568469524383544921875" lon="121.38748607598245143890380859375">
        <ele>15.19999980926513671875</ele>
        <time>2026-08-25T11:01:11.000Z</time>
        <extensions>
          <ns3:TrackPointExtension>
            <ns3:hr>131</ns3:hr>
            <ns3:cad>85</ns3:cad>
          </ns3:TrackPointExtension>
        </extensions>
      </trkpt>
      <trkpt lat="31.2199273891746997833251953125" lon="121.3874631933867931365966796875">
        <ele>15.19999980926513671875</ele>
        <time>2026-08-25T11:01:12.000Z</time>
        <extensions>
          <ns3:TrackPointExtension>
            <ns3:hr>131</ns3:hr>
            <ns3:cad>86</ns3:cad>
          </ns3:TrackPointExtension>
        </extensions>
      </trkpt>
      <trkpt lat="31.21992143802344799041748046875" lon="121.38743377290666103363037109375">
        <ele>15.19999980926513671875</ele>
        <time>2026-08-25T11:01:13.000Z</time>
        <extensions>
          <ns3:TrackPointExtension>
            <ns3:hr>131</ns3:hr>
            <ns3:cad>86</ns3:cad>
          </ns3:TrackPointExtension>
        </extensions>
      </trkpt>
      <trkpt lat="31.21991892345249652862548828125" lon="121.387408040463924407958984375">
        <ele>15</ele>
        <time>2026-08-25T11:01:14.000Z</time>
        <extensions>
          <ns3:TrackPointExtension>
            <ns3:hr>130</ns3:hr>
            <ns3:cad>85</ns3:cad>
          </ns3:TrackPointExtension>
        </extensions>
      </trkpt>
      <trkpt lat="31.21991724707186222076416015625" lon="121.3873828947544097900390625">
        <ele>15</ele>
        <time>2026-08-25T11:01:15.000Z</time>
        <extensions>
          <ns3:TrackPointExtension>
            <ns3:hr>130</ns3:hr>
            <ns3:cad>85</ns3:cad>
          </ns3:TrackPointExtension>
        </extensions>
      </trkpt>
      <trkpt lat="31.219921521842479705810546875" lon="121.38735548593103885650634765625">
        <ele>15</ele>
        <time>2026-08-25T11:01:16.000Z</time>
        <extensions>
          <ns3:TrackPointExtension>
            <ns3:hr>130</ns3:hr>
            <ns3:cad>85</ns3:cad>
          </ns3:TrackPointExtension>
        </extensions>
      </trkpt>
      <trkpt lat="31.21991774998605251312255859375" lon="121.387334950268268585205078125">
        <ele>15</ele>
        <time>2026-08-25T11:01:17.000Z</time>
        <extensions>
          <ns3:TrackPointExtension>
            <ns3:hr>131</ns3:hr>
            <ns3:cad>86</ns3:cad>
          </ns3:TrackPointExtension>
        </extensions>
      </trkpt>
      <trkpt lat="31.21991825290024280548095703125" lon="121.3873096369206905364990234375">
        <ele>15</ele>
        <time>2026-08-25T11:01:18.000Z</time>
        <extensions>
          <ns3:TrackPointExtension>
            <ns3:hr>130</ns3:hr>
            <ns3:cad>87</ns3:cad>
          </ns3:TrackPointExtension>
        </extensions>
      </trkpt>
      <trkpt lat="31.219915486872196197509765625" lon="121.3872878439724445343017578125">
        <ele>15</ele>
        <time>2026-08-25T11:01:19.000Z</time>
        <extensions>
          <ns3:TrackPointExtension>
            <ns3:hr>130</ns3:hr>
            <ns3:cad>87</ns3:cad>
          </ns3:TrackPointExtension>
        </extensions>
      </trkpt>
      <trkpt lat="31.219914816319942474365234375" lon="121.38726026751101016998291015625">
        <ele>15</ele>
        <time>2026-08-25T11:01:20.000Z</time>
        <extensions>
          <ns3:TrackPointExtension>
            <ns3:hr>131</ns3:hr>
            <ns3:cad>86</ns3:cad>
          </ns3:TrackPointExtension>
        </extensions>
      </trkpt>
      <trkpt lat="31.2199123017489910125732421875" lon="121.38723864220082759857177734375">
        <ele>15.19999980926513671875</ele>
        <time>2026-08-25T11:01:21.000Z</time>
        <extensions>
          <ns3:TrackPointExtension>
            <ns3:hr>130</ns3:hr>
            <ns3:cad>86</ns3:cad>
          </ns3:TrackPointExtension>
        </extensions>
      </trkpt>
      <trkpt lat="31.21990769170224666595458984375" lon="121.38721190392971038818359375">
        <ele>15.19999980926513671875</ele>
        <time>2026-08-25T11:01:22.000Z</time>
        <extensions>
          <ns3:TrackPointExtension>
            <ns3:hr>130</ns3:hr>
            <ns3:cad>86</ns3:cad>
          </ns3:TrackPointExtension>
        </extensions>
      </trkpt>
      <trkpt lat="31.219908110797405242919921875" lon="121.38718818314373493194580078125">
        <ele>15.19999980926513671875</ele>
        <time>2026-08-25T11:01:23.000Z</time>
        <extensions>
          <ns3:TrackPointExtension>
            <ns3:hr>130</ns3:hr>
            <ns3:cad>86</ns3:cad>
          </ns3:TrackPointExtension>
        </extensions>
      </trkpt>
      <trkpt lat="31.21990333311259746551513671875" lon="121.38716789893805980682373046875">
        <ele>15.19999980926513671875</ele>
        <time>2026-08-25T11:01:24.000Z</time>
        <extensions>
          <ns3:TrackPointExtension>
            <ns3:hr>131</ns3:hr>
            <ns3:cad>87</ns3:cad>
          </ns3:TrackPointExtension>
        </extensions>
      </trkpt>
      <trkpt lat="31.219901740550994873046875" lon="121.3871413283050060272216796875">
        <ele>15.19999980926513671875</ele>
        <time>2026-08-25T11:01:25.000Z</time>
        <extensions>
          <ns3:TrackPointExtension>
            <ns3:hr>130</ns3:hr>
            <ns3:cad>87</ns3:cad>
          </ns3:TrackPointExtension>
        </extensions>
      </trkpt>
      <trkpt lat="31.21989981271326541900634765625" lon="121.38711727224290370941162109375">
        <ele>15.19999980926513671875</ele>
        <time>2026-08-25T11:01:26.000Z</time>
        <extensions>
          <ns3:TrackPointExtension>
            <ns3:hr>130</ns3:hr>
            <ns3:cad>86</ns3:cad>
          </ns3:TrackPointExtension>
        </extensions>
      </trkpt>
      <trkpt lat="31.21989780105650424957275390625" lon="121.387083828449249267578125">
        <ele>15.19999980926513671875</ele>
        <time>2026-08-25T11:01:27.000Z</time>
        <extensions>
          <ns3:TrackPointExtension>
            <ns3:hr>131</ns3:hr>
            <ns3:cad>86</ns3:cad>
          </ns3:TrackPointExtension>
        </extensions>
      </trkpt>
      <trkpt lat="31.2198975495994091033935546875" lon="121.38705692254006862640380859375">
        <ele>15.19999980926513671875</ele>
        <time>2026-08-25T11:01:28.000Z</time>
        <extensions>
          <ns3:TrackPointExtension>
            <ns3:hr>131</ns3:hr>
            <ns3:cad>86</ns3:cad>
          </ns3:TrackPointExtension>
        </extensions>
      </trkpt>
      <trkpt lat="31.21989578939974308013916015625" lon="121.38702456839382648468017578125">
        <ele>15.3999996185302734375</ele>
        <time>2026-08-25T11:01:29.000Z</time>
        <extensions>
          <ns3:TrackPointExtension>
            <ns3:hr>131</ns3:hr>
            <ns3:cad>86</ns3:cad>
          </ns3:TrackPointExtension>
        </extensions>
      </trkpt>
      <trkpt lat="31.21989411301910877227783203125" lon="121.38699808157980442047119140625">
        <ele>15.3999996185302734375</ele>
        <time>2026-08-25T11:01:30.000Z</time>
        <extensions>
          <ns3:TrackPointExtension>
            <ns3:hr>131</ns3:hr>
            <ns3:cad>86</ns3:cad>
          </ns3:TrackPointExtension>
        </extensions>
      </trkpt>
      <trkpt lat="31.219891346991062164306640625" lon="121.3869716785848140716552734375">
        <ele>15.3999996185302734375</ele>
        <time>2026-08-25T11:01:31.000Z</time>
        <extensions>
          <ns3:TrackPointExtension>
            <ns3:hr>131</ns3:hr>
            <ns3:cad>86</ns3:cad>
          </ns3:TrackPointExtension>
        </extensions>
      </trkpt>
      <trkpt lat="31.219892017543315887451171875" lon="121.3869403302669525146484375">
        <ele>15.3999996185302734375</ele>
        <time>2026-08-25T11:01:32.000Z</time>
        <extensions>
          <ns3:TrackPointExtension>
            <ns3:hr>131</ns3:hr>
            <ns3:cad>84</ns3:cad>
          </ns3:TrackPointExtension>
        </extensions>
      </trkpt>
      <trkpt lat="31.21989059261977672576904296875" lon="121.3869108259677886962890625">
        <ele>15.3999996185302734375</ele>
        <time>2026-08-25T11:01:33.000Z</time>
        <extensions>
          <ns3:TrackPointExtension>
            <ns3:hr>131</ns3:hr>
            <ns3:cad>84</ns3:cad>
          </ns3:TrackPointExtension>
        </extensions>
      </trkpt>
      <trkpt lat="31.21989008970558643341064453125" lon="121.38687754981219768524169921875">
        <ele>15.19999980926513671875</ele>
        <time>2026-08-25T11:01:34.000Z</time>
        <extensions>
          <ns3:TrackPointExtension>
            <ns3:hr>131</ns3:hr>
            <ns3:cad>84</ns3:cad>
          </ns3:TrackPointExtension>
        </extensions>
      </trkpt>
      <trkpt lat="31.21988497674465179443359375" lon="121.38685240410268306732177734375">
        <ele>15.19999980926513671875</ele>
        <time>2026-08-25T11:01:35.000Z</time>
        <extensions>
          <ns3:TrackPointExtension>
            <ns3:hr>131</ns3:hr>
            <ns3:cad>86</ns3:cad>
          </ns3:TrackPointExtension>
        </extensions>
      </trkpt>
      <trkpt lat="31.21988237835466861724853515625" lon="121.38682256452739238739013671875">
        <ele>15.19999980926513671875</ele>
        <time>2026-08-25T11:01:36.000Z</time>
        <extensions>
          <ns3:TrackPointExtension>
            <ns3:hr>131</ns3:hr>
            <ns3:cad>86</ns3:cad>
          </ns3:TrackPointExtension>
        </extensions>
      </trkpt>
      <trkpt lat="31.21988271363079547882080078125" lon="121.38679423369467258453369140625">
        <ele>15.3999996185302734375</ele>
        <time>2026-08-25T11:01:37.000Z</time>
        <extensions>
          <ns3:TrackPointExtension>
            <ns3:hr>131</ns3:hr>
            <ns3:cad>86</ns3:cad>
          </ns3:TrackPointExtension>
        </extensions>
      </trkpt>
      <trkpt lat="31.21988120488822460174560546875" lon="121.3867705129086971282958984375">
        <ele>15.3999996185302734375</ele>
        <time>2026-08-25T11:01:38.000Z</time>
        <extensions>
          <ns3:TrackPointExtension>
            <ns3:hr>131</ns3:hr>
            <ns3:cad>86</ns3:cad>
          </ns3:TrackPointExtension>
        </extensions>
      </trkpt>
      <trkpt lat="31.21988120488822460174560546875" lon="121.3867410086095333099365234375">
        <ele>15.6000003814697265625</ele>
        <time>2026-08-25T11:01:39.000Z</time>
        <extensions>
          <ns3:TrackPointExtension>
            <ns3:hr>131</ns3:hr>
            <ns3:cad>86</ns3:cad>
          </ns3:TrackPointExtension>
        </extensions>
      </trkpt>
      <trkpt lat="31.21988086961209774017333984375" lon="121.3867192156612873077392578125">
        <ele>15.6000003814697265625</ele>
        <time>2026-08-25T11:01:40.000Z</time>
        <extensions>
          <ns3:TrackPointExtension>
            <ns3:hr>132</ns3:hr>
            <ns3:cad>85</ns3:cad>
          </ns3:TrackPointExtension>
        </extensions>
      </trkpt>
      <trkpt lat="31.21987449936568737030029296875" lon="121.386689879000186920166015625">
        <ele>15.6000003814697265625</ele>
        <time>2026-08-25T11:01:41.000Z</time>
        <extensions>
          <ns3:TrackPointExtension>
            <ns3:hr>131</ns3:hr>
            <ns3:cad>85</ns3:cad>
          </ns3:TrackPointExtension>
        </extensions>
      </trkpt>
      <trkpt lat="31.2198735773563385009765625" lon="121.3866625539958477020263671875">
        <ele>15.3999996185302734375</ele>
        <time>2026-08-25T11:01:42.000Z</time>
        <extensions>
          <ns3:TrackPointExtension>
            <ns3:hr>131</ns3:hr>
            <ns3:cad>85</ns3:cad>
          </ns3:TrackPointExtension>
        </extensions>
      </trkpt>
      <trkpt lat="31.219868548214435577392578125" lon="121.3866367377340793609619140625">
        <ele>15.3999996185302734375</ele>
        <time>2026-08-25T11:01:43.000Z</time>
        <extensions>
          <ns3:TrackPointExtension>
            <ns3:hr>132</ns3:hr>
            <ns3:cad>87</ns3:cad>
          </ns3:TrackPointExtension>
        </extensions>
      </trkpt>
      <trkpt lat="31.2198717333376407623291015625" lon="121.38660295866429805755615234375">
        <ele>15.19999980926513671875</ele>
        <time>2026-08-25T11:01:44.000Z</time>
        <extensions>
          <ns3:TrackPointExtension>
            <ns3:hr>132</ns3:hr>
            <ns3:cad>87</ns3:cad>
          </ns3:TrackPointExtension>
        </extensions>
      </trkpt>
      <trkpt lat="31.2198653630912303924560546875" lon="121.38658166863024234771728515625">
        <ele>15.19999980926513671875</ele>
        <time>2026-08-25T11:01:45.000Z</time>
        <extensions>
          <ns3:TrackPointExtension>
            <ns3:hr>132</ns3:hr>
            <ns3:cad>86</ns3:cad>
          </ns3:TrackPointExtension>
        </extensions>
      </trkpt>
      <trkpt lat="31.21986175887286663055419921875" lon="121.38655266724526882171630859375">
        <ele>15.19999980926513671875</ele>
        <time>2026-08-25T11:01:46.000Z</time>
        <extensions>
          <ns3:TrackPointExtension>
            <ns3:hr>132</ns3:hr>
            <ns3:cad>86</ns3:cad>
          </ns3:TrackPointExtension>
        </extensions>
      </trkpt>
      <trkpt lat="31.21985924430191516876220703125" lon="121.3865281082689762115478515625">
        <ele>15.19999980926513671875</ele>
        <time>2026-08-25T11:01:47.000Z</time>
        <extensions>
          <ns3:TrackPointExtension>
            <ns3:hr>133</ns3:hr>
            <ns3:cad>86</ns3:cad>
          </ns3:TrackPointExtension>
        </extensions>
      </trkpt>
      <trkpt lat="31.2198573164641857147216796875" lon="121.38650354929268360137939453125">
        <ele>15.19999980926513671875</ele>
        <time>2026-08-25T11:01:48.000Z</time>
        <extensions>
          <ns3:TrackPointExtension>
            <ns3:hr>133</ns3:hr>
            <ns3:cad>86</ns3:cad>
          </ns3:TrackPointExtension>
        </extensions>
      </trkpt>
      <trkpt lat="31.219860501587390899658203125" lon="121.38647840358316898345947265625">
        <ele>15.3999996185302734375</ele>
        <time>2026-08-25T11:01:49.000Z</time>
        <extensions>
          <ns3:TrackPointExtension>
            <ns3:hr>134</ns3:hr>
            <ns3:cad>87</ns3:cad>
          </ns3:TrackPointExtension>
        </extensions>
      </trkpt>
      <trkpt lat="31.21985840611159801483154296875" lon="121.386451162397861480712890625">
        <ele>15.3999996185302734375</ele>
        <time>2026-08-25T11:01:50.000Z</time>
        <extensions>
          <ns3:TrackPointExtension>
            <ns3:hr>134</ns3:hr>
            <ns3:cad>87</ns3:cad>
          </ns3:TrackPointExtension>
        </extensions>
      </trkpt>
      <trkpt lat="31.2198601663112640380859375" lon="121.386425010859966278076171875">
        <ele>15.3999996185302734375</ele>
        <time>2026-08-25T11:01:51.000Z</time>
        <extensions>
          <ns3:TrackPointExtension>
            <ns3:hr>134</ns3:hr>
            <ns3:cad>87</ns3:cad>
          </ns3:TrackPointExtension>
        </extensions>
      </trkpt>
      <trkpt lat="31.21985991485416889190673828125" lon="121.38640413992106914520263671875">
        <ele>15.3999996185302734375</ele>
        <time>2026-08-25T11:01:52.000Z</time>
        <extensions>
          <ns3:TrackPointExtension>
            <ns3:hr>134</ns3:hr>
            <ns3:cad>86</ns3:cad>
          </ns3:TrackPointExtension>
        </extensions>
      </trkpt>
      <trkpt lat="31.219862513244152069091796875" lon="121.3863758929073810577392578125">
        <ele>15.19999980926513671875</ele>
        <time>2026-08-25T11:01:53.000Z</time>
        <extensions>
          <ns3:TrackPointExtension>
            <ns3:hr>133</ns3:hr>
            <ns3:cad>86</ns3:cad>
          </ns3:TrackPointExtension>
        </extensions>
      </trkpt>
      <trkpt lat="31.21986351907253265380859375" lon="121.3863567821681499481201171875">
        <ele>15.19999980926513671875</ele>
        <time>2026-08-25T11:01:54.000Z</time>
        <extensions>
          <ns3:TrackPointExtension>
            <ns3:hr>133</ns3:hr>
            <ns3:cad>87</ns3:cad>
          </ns3:TrackPointExtension>
        </extensions>
      </trkpt>
      <trkpt lat="31.21986511163413524627685546875" lon="121.386327445507049560546875">
        <ele>15.3999996185302734375</ele>
        <time>2026-08-25T11:01:55.000Z</time>
        <extensions>
          <ns3:TrackPointExtension>
            <ns3:hr>133</ns3:hr>
            <ns3:cad>87</ns3:cad>
          </ns3:TrackPointExtension>
        </extensions>
      </trkpt>
      <trkpt lat="31.21986393816769123077392578125" lon="121.386305652558803558349609375">
        <ele>15.3999996185302734375</ele>
        <time>2026-08-25T11:01:56.000Z</time>
        <extensions>
          <ns3:TrackPointExtension>
            <ns3:hr>134</ns3:hr>
            <ns3:cad>86</ns3:cad>
          </ns3:TrackPointExtension>
        </extensions>
      </trkpt>
      <trkpt lat="31.21986360289156436920166015625" lon="121.38627178966999053955078125">
        <ele>15.19999980926513671875</ele>
        <time>2026-08-25T11:01:57.000Z</time>
        <extensions>
          <ns3:TrackPointExtension>
            <ns3:hr>134</ns3:hr>
            <ns3:cad>86</ns3:cad>
          </ns3:TrackPointExtension>
        </extensions>
      </trkpt>
      <trkpt lat="31.21986259706318378448486328125" lon="121.3862437941133975982666015625">
        <ele>15.19999980926513671875</ele>
        <time>2026-08-25T11:01:58.000Z</time>
        <extensions>
          <ns3:TrackPointExtension>
            <ns3:hr>134</ns3:hr>
            <ns3:cad>86</ns3:cad>
          </ns3:TrackPointExtension>
        </extensions>
      </trkpt>
      <trkpt lat="31.2198576517403125762939453125" lon="121.3862136192619800567626953125">
        <ele>15.19999980926513671875</ele>
        <time>2026-08-25T11:01:59.000Z</time>
        <extensions>
          <ns3:TrackPointExtension>
            <ns3:hr>134</ns3:hr>
            <ns3:cad>86</ns3:cad>
          </ns3:TrackPointExtension>
        </extensions>
      </trkpt>
      <trkpt lat="31.21985773555934429168701171875" lon="121.3861839473247528076171875">
        <ele>15.19999980926513671875</ele>
        <time>2026-08-25T11:02:00.000Z</time>
        <extensions>
          <ns3:TrackPointExtension>
            <ns3:hr>134</ns3:hr>
            <ns3:cad>87</ns3:cad>
          </ns3:TrackPointExtension>
        </extensions>
      </trkpt>
      <trkpt lat="31.2198465876281261444091796875" lon="121.38616173528134822845458984375">
        <ele>15.19999980926513671875</ele>
        <time>2026-08-25T11:02:01.000Z</time>
        <extensions>
          <ns3:TrackPointExtension>
            <ns3:hr>134</ns3:hr>
            <ns3:cad>87</ns3:cad>
          </ns3:TrackPointExtension>
        </extensions>
      </trkpt>
      <trkpt lat="31.2198425643146038055419921875" lon="121.38613457791507244110107421875">
        <ele>15.19999980926513671875</ele>
        <time>2026-08-25T11:02:02.000Z</time>
        <extensions>
          <ns3:TrackPointExtension>
            <ns3:hr>134</ns3:hr>
            <ns3:cad>86</ns3:cad>
          </ns3:TrackPointExtension>
        </extensions>
      </trkpt>
      <trkpt lat="31.2198351882398128509521484375" lon="121.3861127011477947235107421875">
        <ele>15.19999980926513671875</ele>
        <time>2026-08-25T11:02:03.000Z</time>
        <extensions>
          <ns3:TrackPointExtension>
            <ns3:hr>134</ns3:hr>
            <ns3:cad>86</ns3:cad>
          </ns3:TrackPointExtension>
        </extensions>
      </trkpt>
      <trkpt lat="31.21982865035533905029296875" lon="121.38608763925731182098388671875">
        <ele>15.3999996185302734375</ele>
        <time>2026-08-25T11:02:04.000Z</time>
        <extensions>
          <ns3:TrackPointExtension>
            <ns3:hr>133</ns3:hr>
            <ns3:cad>86</ns3:cad>
          </ns3:TrackPointExtension>
        </extensions>
      </trkpt>
      <trkpt lat="31.21982370503246784210205078125" lon="121.38606534339487552642822265625">
        <ele>15.3999996185302734375</ele>
        <time>2026-08-25T11:02:05.000Z</time>
        <extensions>
          <ns3:TrackPointExtension>
            <ns3:hr>133</ns3:hr>
            <ns3:cad>86</ns3:cad>
          </ns3:TrackPointExtension>
        </extensions>
      </trkpt>
      <trkpt lat="31.2198237888514995574951171875" lon="121.3860335759818553924560546875">
        <ele>15.3999996185302734375</ele>
        <time>2026-08-25T11:02:06.000Z</time>
        <extensions>
          <ns3:TrackPointExtension>
            <ns3:hr>133</ns3:hr>
            <ns3:cad>86</ns3:cad>
          </ns3:TrackPointExtension>
        </extensions>
      </trkpt>
      <trkpt lat="31.21982236392796039581298828125" lon="121.3860094361007213592529296875">
        <ele>15.19999980926513671875</ele>
        <time>2026-08-25T11:02:07.000Z</time>
        <extensions>
          <ns3:TrackPointExtension>
            <ns3:hr>133</ns3:hr>
            <ns3:cad>86</ns3:cad>
          </ns3:TrackPointExtension>
        </extensions>
      </trkpt>
      <trkpt lat="31.21982420794665813446044921875" lon="121.3859863020479679107666015625">
        <ele>15.19999980926513671875</ele>
        <time>2026-08-25T11:02:08.000Z</time>
        <extensions>
          <ns3:TrackPointExtension>
            <ns3:hr>132</ns3:hr>
            <ns3:cad>86</ns3:cad>
          </ns3:TrackPointExtension>
        </extensions>
      </trkpt>
      <trkpt lat="31.2198298238217830657958984375" lon="121.385957635939121246337890625">
        <ele>15.19999980926513671875</ele>
        <time>2026-08-25T11:02:09.000Z</time>
        <extensions>
          <ns3:TrackPointExtension>
            <ns3:hr>132</ns3:hr>
            <ns3:cad>85</ns3:cad>
          </ns3:TrackPointExtension>
        </extensions>
      </trkpt>
      <trkpt lat="31.21983091346919536590576171875" lon="121.38593324460089206695556640625">
        <ele>15.19999980926513671875</ele>
        <time>2026-08-25T11:02:10.000Z</time>
        <extensions>
          <ns3:TrackPointExtension>
            <ns3:hr>132</ns3:hr>
            <ns3:cad>85</ns3:cad>
          </ns3:TrackPointExtension>
        </extensions>
      </trkpt>
      <trkpt lat="31.2198335118591785430908203125" lon="121.38590441085398197174072265625">
        <ele>15.19999980926513671875</ele>
        <time>2026-08-25T11:02:11.000Z</time>
        <extensions>
          <ns3:TrackPointExtension>
            <ns3:hr>132</ns3:hr>
            <ns3:cad>86</ns3:cad>
          </ns3:TrackPointExtension>
        </extensions>
      </trkpt>
      <trkpt lat="31.21983527205884456634521484375" lon="121.3858780078589916229248046875">
        <ele>15.19999980926513671875</ele>
        <time>2026-08-25T11:02:12.000Z</time>
        <extensions>
          <ns3:TrackPointExtension>
            <ns3:hr>132</ns3:hr>
            <ns3:cad>86</ns3:cad>
          </ns3:TrackPointExtension>
        </extensions>
      </trkpt>
      <trkpt lat="31.2198402173817157745361328125" lon="121.385846324265003204345703125">
        <ele>15.19999980926513671875</ele>
        <time>2026-08-25T11:02:13.000Z</time>
        <extensions>
          <ns3:TrackPointExtension>
            <ns3:hr>132</ns3:hr>
            <ns3:cad>87</ns3:cad>
          </ns3:TrackPointExtension>
        </extensions>
      </trkpt>
      <trkpt lat="31.2198435701429843902587890625" lon="121.38582025654613971710205078125">
        <ele>15.19999980926513671875</ele>
        <time>2026-08-25T11:02:14.000Z</time>
        <extensions>
          <ns3:TrackPointExtension>
            <ns3:hr>133</ns3:hr>
            <ns3:cad>87</ns3:cad>
          </ns3:TrackPointExtension>
        </extensions>
      </trkpt>
      <trkpt lat="31.21983946301043033599853515625" lon="121.3857923448085784912109375">
        <ele>15.19999980926513671875</ele>
        <time>2026-08-25T11:02:15.000Z</time>
        <extensions>
          <ns3:TrackPointExtension>
            <ns3:hr>133</ns3:hr>
            <ns3:cad>86</ns3:cad>
          </ns3:TrackPointExtension>
        </extensions>
      </trkpt>
      <trkpt lat="31.21984206140041351318359375" lon="121.38576158322393894195556640625">
        <ele>15.19999980926513671875</ele>
        <time>2026-08-25T11:02:16.000Z</time>
        <extensions>
          <ns3:TrackPointExtension>
            <ns3:hr>133</ns3:hr>
            <ns3:cad>86</ns3:cad>
          </ns3:TrackPointExtension>
        </extensions>
      </trkpt>
      <trkpt lat="31.21983929537236690521240234375" lon="121.3857378624379634857177734375">
        <ele>15.19999980926513671875</ele>
        <time>2026-08-25T11:02:17.000Z</time>
        <extensions>
          <ns3:TrackPointExtension>
            <ns3:hr>133</ns3:hr>
            <ns3:cad>86</ns3:cad>
          </ns3:TrackPointExtension>
        </extensions>
      </trkpt>
      <trkpt lat="31.21983803808689117431640625" lon="121.38570995070040225982666015625">
        <ele>15.19999980926513671875</ele>
        <time>2026-08-25T11:02:18.000Z</time>
        <extensions>
          <ns3:TrackPointExtension>
            <ns3:hr>133</ns3:hr>
            <ns3:cad>86</ns3:cad>
          </ns3:TrackPointExtension>
        </extensions>
      </trkpt>
      <trkpt lat="31.2198368646204471588134765625" lon="121.38568681664764881134033203125">
        <ele>15.19999980926513671875</ele>
        <time>2026-08-25T11:02:19.000Z</time>
        <extensions>
          <ns3:TrackPointExtension>
            <ns3:hr>133</ns3:hr>
            <ns3:cad>86</ns3:cad>
          </ns3:TrackPointExtension>
        </extensions>
      </trkpt>
      <trkpt lat="31.2198348529636859893798828125" lon="121.3856537081301212310791015625">
        <ele>15.19999980926513671875</ele>
        <time>2026-08-25T11:02:20.000Z</time>
        <extensions>
          <ns3:TrackPointExtension>
            <ns3:hr>133</ns3:hr>
            <ns3:cad>86</ns3:cad>
          </ns3:TrackPointExtension>
        </extensions>
      </trkpt>
      <trkpt lat="31.21983041055500507354736328125" lon="121.38562512584030628204345703125">
        <ele>15.19999980926513671875</ele>
        <time>2026-08-25T11:02:21.000Z</time>
        <extensions>
          <ns3:TrackPointExtension>
            <ns3:hr>134</ns3:hr>
            <ns3:cad>86</ns3:cad>
          </ns3:TrackPointExtension>
        </extensions>
      </trkpt>
      <trkpt lat="31.21982169337570667266845703125" lon="121.38559461571276187896728515625">
        <ele>15.19999980926513671875</ele>
        <time>2026-08-25T11:02:22.000Z</time>
        <extensions>
          <ns3:TrackPointExtension>
            <ns3:hr>134</ns3:hr>
            <ns3:cad>86</ns3:cad>
          </ns3:TrackPointExtension>
        </extensions>
      </trkpt>
      <trkpt lat="31.21981012634932994842529296875" lon="121.385571397840976715087890625">
        <ele>15.19999980926513671875</ele>
        <time>2026-08-25T11:02:23.000Z</time>
        <extensions>
          <ns3:TrackPointExtension>
            <ns3:hr>134</ns3:hr>
            <ns3:cad>86</ns3:cad>
          </ns3:TrackPointExtension>
        </extensions>
      </trkpt>
      <trkpt lat="31.21979805640876293182373046875" lon="121.38555337674915790557861328125">
        <ele>15.19999980926513671875</ele>
        <time>2026-08-25T11:02:24.000Z</time>
        <extensions>
          <ns3:TrackPointExtension>
            <ns3:hr>134</ns3:hr>
            <ns3:cad>87</ns3:cad>
          </ns3:TrackPointExtension>
        </extensions>
      </trkpt>
      <trkpt lat="31.21979403309524059295654296875" lon="121.3855249620974063873291015625">
        <ele>15.19999980926513671875</ele>
        <time>2026-08-25T11:02:25.000Z</time>
        <extensions>
          <ns3:TrackPointExtension>
            <ns3:hr>135</ns3:hr>
            <ns3:cad>87</ns3:cad>
          </ns3:TrackPointExtension>
        </extensions>
      </trkpt>
      <trkpt lat="31.21978707611560821533203125" lon="121.38550006784498691558837890625">
        <ele>15.19999980926513671875</ele>
        <time>2026-08-25T11:02:26.000Z</time>
        <extensions>
          <ns3:TrackPointExtension>
            <ns3:hr>134</ns3:hr>
            <ns3:cad>86</ns3:cad>
          </ns3:TrackPointExtension>
        </extensions>
      </trkpt>
      <trkpt lat="31.2197681330144405364990234375" lon="121.38548330403864383697509765625">
        <ele>15.19999980926513671875</ele>
        <time>2026-08-25T11:02:27.000Z</time>
        <extensions>
          <ns3:TrackPointExtension>
            <ns3:hr>134</ns3:hr>
            <ns3:cad>86</ns3:cad>
          </ns3:TrackPointExtension>
        </extensions>
      </trkpt>
      <trkpt lat="31.2197409756481647491455078125" lon="121.38547115027904510498046875">
        <ele>15</ele>
        <time>2026-08-25T11:02:28.000Z</time>
        <extensions>
          <ns3:TrackPointExtension>
            <ns3:hr>134</ns3:hr>
            <ns3:cad>84</ns3:cad>
          </ns3:TrackPointExtension>
        </extensions>
      </trkpt>
      <trkpt lat="31.219719350337982177734375" lon="121.38546972535550594329833984375">
        <ele>15</ele>
        <time>2026-08-25T11:02:29.000Z</time>
        <extensions>
          <ns3:TrackPointExtension>
            <ns3:hr>134</ns3:hr>
            <ns3:cad>83</ns3:cad>
          </ns3:TrackPointExtension>
        </extensions>
      </trkpt>
      <trkpt lat="31.21969479136168956756591796875" lon="121.38546570204198360443115234375">
        <ele>15</ele>
        <time>2026-08-25T11:02:30.000Z</time>
        <extensions>
          <ns3:TrackPointExtension>
            <ns3:hr>134</ns3:hr>
            <ns3:cad>83</ns3:cad>
          </ns3:TrackPointExtension>
        </extensions>
      </trkpt>
      <trkpt lat="31.21967383660376071929931640625" lon="121.38546721078455448150634765625">
        <ele>15</ele>
        <time>2026-08-25T11:02:31.000Z</time>
        <extensions>
          <ns3:TrackPointExtension>
            <ns3:hr>134</ns3:hr>
            <ns3:cad>83</ns3:cad>
          </ns3:TrackPointExtension>
        </extensions>
      </trkpt>
      <trkpt lat="31.219647936522960662841796875" lon="121.385472826659679412841796875">
        <ele>15</ele>
        <time>2026-08-25T11:02:32.000Z</time>
        <extensions>
          <ns3:TrackPointExtension>
            <ns3:hr>133</ns3:hr>
            <ns3:cad>83</ns3:cad>
          </ns3:TrackPointExtension>
        </extensions>
      </trkpt>
      <trkpt lat="31.21962136588990688323974609375" lon="121.38547156937420368194580078125">
        <ele>15</ele>
        <time>2026-08-25T11:02:33.000Z</time>
        <extensions>
          <ns3:TrackPointExtension>
            <ns3:hr>134</ns3:hr>
            <ns3:cad>85</ns3:cad>
          </ns3:TrackPointExtension>
        </extensions>
      </trkpt>
      <trkpt lat="31.2196004949510097503662109375" lon="121.38547676615417003631591796875">
        <ele>15</ele>
        <time>2026-08-25T11:02:34.000Z</time>
        <extensions>
          <ns3:TrackPointExtension>
            <ns3:hr>134</ns3:hr>
            <ns3:cad>86</ns3:cad>
          </ns3:TrackPointExtension>
        </extensions>
      </trkpt>
      <trkpt lat="31.21957325376570224761962890625" lon="121.38547810725867748260498046875">
        <ele>15.19999980926513671875</ele>
        <time>2026-08-25T11:02:35.000Z</time>
        <extensions>
          <ns3:TrackPointExtension>
            <ns3:hr>134</ns3:hr>
            <ns3:cad>86</ns3:cad>
          </ns3:TrackPointExtension>
        </extensions>
      </trkpt>
      <trkpt lat="31.2195548973977565765380859375" lon="121.3854823820292949676513671875">
        <ele>15</ele>
        <time>2026-08-25T11:02:36.000Z</time>
        <extensions>
          <ns3:TrackPointExtension>
            <ns3:hr>133</ns3:hr>
            <ns3:cad>87</ns3:cad>
          </ns3:TrackPointExtension>
        </extensions>
      </trkpt>
      <trkpt lat="31.21952648274600505828857421875" lon="121.38548447750508785247802734375">
        <ele>15</ele>
        <time>2026-08-25T11:02:37.000Z</time>
        <extensions>
          <ns3:TrackPointExtension>
            <ns3:hr>134</ns3:hr>
            <ns3:cad>87</ns3:cad>
          </ns3:TrackPointExtension>
        </extensions>
      </trkpt>
      <trkpt lat="31.2195096351206302642822265625" lon="121.3854817114770412445068359375">
        <ele>15</ele>
        <time>2026-08-25T11:02:38.000Z</time>
        <extensions>
          <ns3:TrackPointExtension>
            <ns3:hr>134</ns3:hr>
            <ns3:cad>86</ns3:cad>
          </ns3:TrackPointExtension>
        </extensions>
      </trkpt>
      <trkpt lat="31.21948323212563991546630859375" lon="121.38547961600124835968017578125">
        <ele>15</ele>
        <time>2026-08-25T11:02:39.000Z</time>
        <extensions>
          <ns3:TrackPointExtension>
            <ns3:hr>133</ns3:hr>
            <ns3:cad>86</ns3:cad>
          </ns3:TrackPointExtension>
        </extensions>
      </trkpt>
      <trkpt lat="31.2194596789777278900146484375" lon="121.3854825496673583984375">
        <ele>15</ele>
        <time>2026-08-25T11:02:40.000Z</time>
        <extensions>
          <ns3:TrackPointExtension>
            <ns3:hr>133</ns3:hr>
            <ns3:cad>86</ns3:cad>
          </ns3:TrackPointExtension>
        </extensions>
      </trkpt>
      <trkpt lat="31.219438053667545318603515625" lon="121.3854812085628509521484375">
        <ele>15</ele>
        <time>2026-08-25T11:02:41.000Z</time>
        <extensions>
          <ns3:TrackPointExtension>
            <ns3:hr>133</ns3:hr>
            <ns3:cad>86</ns3:cad>
          </ns3:TrackPointExtension>
        </extensions>
      </trkpt>
      <trkpt lat="31.2194174341857433319091796875" lon="121.385478191077709197998046875">
        <ele>15</ele>
        <time>2026-08-25T11:02:42.000Z</time>
        <extensions>
          <ns3:TrackPointExtension>
            <ns3:hr>133</ns3:hr>
            <ns3:cad>86</ns3:cad>
          </ns3:TrackPointExtension>
        </extensions>
      </trkpt>
      <trkpt lat="31.219394467771053314208984375" lon="121.38548330403864383697509765625">
        <ele>15.19999980926513671875</ele>
        <time>2026-08-25T11:02:43.000Z</time>
        <extensions>
          <ns3:TrackPointExtension>
            <ns3:hr>134</ns3:hr>
            <ns3:cad>86</ns3:cad>
          </ns3:TrackPointExtension>
        </extensions>
      </trkpt>
      <trkpt lat="31.219368986785411834716796875" lon="121.3854825496673583984375">
        <ele>15.19999980926513671875</ele>
        <time>2026-08-25T11:02:44.000Z</time>
        <extensions>
          <ns3:TrackPointExtension>
            <ns3:hr>133</ns3:hr>
            <ns3:cad>86</ns3:cad>
          </ns3:TrackPointExtension>
        </extensions>
      </trkpt>
      <trkpt lat="31.219352222979068756103515625" lon="121.385478191077709197998046875">
        <ele>15.19999980926513671875</ele>
        <time>2026-08-25T11:02:45.000Z</time>
        <extensions>
          <ns3:TrackPointExtension>
            <ns3:hr>133</ns3:hr>
            <ns3:cad>86</ns3:cad>
          </ns3:TrackPointExtension>
        </extensions>
      </trkpt>
      <trkpt lat="31.21932975947856903076171875" lon="121.385468803346157073974609375">
        <ele>15.19999980926513671875</ele>
        <time>2026-08-25T11:02:46.000Z</time>
        <extensions>
          <ns3:TrackPointExtension>
            <ns3:hr>133</ns3:hr>
            <ns3:cad>86</ns3:cad>
          </ns3:TrackPointExtension>
        </extensions>
      </trkpt>
      <trkpt lat="31.21931039728224277496337890625" lon="121.3854683004319667816162109375">
        <ele>15.19999980926513671875</ele>
        <time>2026-08-25T11:02:47.000Z</time>
        <extensions>
          <ns3:TrackPointExtension>
            <ns3:hr>133</ns3:hr>
            <ns3:cad>86</ns3:cad>
          </ns3:TrackPointExtension>
        </extensions>
      </trkpt>
      <trkpt lat="31.2192853353917598724365234375" lon="121.385469473898410797119140625">
        <ele>15</ele>
        <time>2026-08-25T11:02:48.000Z</time>
        <extensions>
          <ns3:TrackPointExtension>
            <ns3:hr>132</ns3:hr>
            <ns3:cad>87</ns3:cad>
          </ns3:TrackPointExtension>
        </extensions>
      </trkpt>
      <trkpt lat="31.219263374805450439453125" lon="121.38546620495617389678955078125">
        <ele>15</ele>
        <time>2026-08-25T11:02:49.000Z</time>
        <extensions>
          <ns3:TrackPointExtension>
            <ns3:hr>132</ns3:hr>
            <ns3:cad>87</ns3:cad>
          </ns3:TrackPointExtension>
        </extensions>
      </trkpt>
      <trkpt lat="31.21924250386655330657958984375" lon="121.38546570204198360443115234375">
        <ele>15.19999980926513671875</ele>
        <time>2026-08-25T11:02:50.000Z</time>
        <extensions>
          <ns3:TrackPointExtension>
            <ns3:hr>132</ns3:hr>
            <ns3:cad>87</ns3:cad>
          </ns3:TrackPointExtension>
        </extensions>
      </trkpt>
      <trkpt lat="31.21922020800411701202392578125" lon="121.38546033762395381927490234375">
        <ele>15.19999980926513671875</ele>
        <time>2026-08-25T11:02:51.000Z</time>
        <extensions>
          <ns3:TrackPointExtension>
            <ns3:hr>131</ns3:hr>
            <ns3:cad>87</ns3:cad>
          </ns3:TrackPointExtension>
        </extensions>
      </trkpt>
      <trkpt lat="31.21920260600745677947998046875" lon="121.3854592479765415191650390625">
        <ele>15.19999980926513671875</ele>
        <time>2026-08-25T11:02:52.000Z</time>
        <extensions>
          <ns3:TrackPointExtension>
            <ns3:hr>131</ns3:hr>
            <ns3:cad>86</ns3:cad>
          </ns3:TrackPointExtension>
        </extensions>
      </trkpt>
      <trkpt lat="31.219180561602115631103515625" lon="121.385456733405590057373046875">
        <ele>15.19999980926513671875</ele>
        <time>2026-08-25T11:02:53.000Z</time>
        <extensions>
          <ns3:TrackPointExtension>
            <ns3:hr>132</ns3:hr>
            <ns3:cad>86</ns3:cad>
          </ns3:TrackPointExtension>
        </extensions>
      </trkpt>
      <trkpt lat="31.21916346251964569091796875" lon="121.385454051196575164794921875">
        <ele>15.19999980926513671875</ele>
        <time>2026-08-25T11:02:54.000Z</time>
        <extensions>
          <ns3:TrackPointExtension>
            <ns3:hr>132</ns3:hr>
            <ns3:cad>87</ns3:cad>
          </ns3:TrackPointExtension>
        </extensions>
      </trkpt>
      <trkpt lat="31.21913923881947994232177734375" lon="121.385445334017276763916015625">
        <ele>15</ele>
        <time>2026-08-25T11:02:55.000Z</time>
        <extensions>
          <ns3:TrackPointExtension>
            <ns3:hr>132</ns3:hr>
            <ns3:cad>87</ns3:cad>
          </ns3:TrackPointExtension>
        </extensions>
      </trkpt>
      <trkpt lat="31.21911928988993167877197265625" lon="121.38543468900024890899658203125">
        <ele>15</ele>
        <time>2026-08-25T11:02:56.000Z</time>
        <extensions>
          <ns3:TrackPointExtension>
            <ns3:hr>132</ns3:hr>
            <ns3:cad>87</ns3:cad>
          </ns3:TrackPointExtension>
        </extensions>
      </trkpt>
      <trkpt lat="31.219092048704624176025390625" lon="121.3854302465915679931640625">
        <ele>15</ele>
        <time>2026-08-25T11:02:57.000Z</time>
        <extensions>
          <ns3:TrackPointExtension>
            <ns3:hr>132</ns3:hr>
            <ns3:cad>87</ns3:cad>
          </ns3:TrackPointExtension>
        </extensions>
      </trkpt>
      <trkpt lat="31.2190704233944416046142578125" lon="121.38542446307837963104248046875">
        <ele>15</ele>
        <time>2026-08-25T11:02:58.000Z</time>
        <extensions>
          <ns3:TrackPointExtension>
            <ns3:hr>133</ns3:hr>
            <ns3:cad>87</ns3:cad>
          </ns3:TrackPointExtension>
        </extensions>
      </trkpt>
      <trkpt lat="31.219046115875244140625" lon="121.38542077504098415374755859375">
        <ele>15</ele>
        <time>2026-08-25T11:02:59.000Z</time>
        <extensions>
          <ns3:TrackPointExtension>
            <ns3:hr>133</ns3:hr>
            <ns3:cad>87</ns3:cad>
          </ns3:TrackPointExtension>
        </extensions>
      </trkpt>
      <trkpt lat="31.21902289800345897674560546875" lon="121.38541406951844692230224609375">
        <ele>15</ele>
        <time>2026-08-25T11:03:00.000Z</time>
        <extensions>
          <ns3:TrackPointExtension>
            <ns3:hr>134</ns3:hr>
            <ns3:cad>87</ns3:cad>
          </ns3:TrackPointExtension>
        </extensions>
      </trkpt>
      <trkpt lat="31.2190030328929424285888671875" lon="121.385411135852336883544921875">
        <ele>15</ele>
        <time>2026-08-25T11:03:01.000Z</time>
        <extensions>
          <ns3:TrackPointExtension>
            <ns3:hr>135</ns3:hr>
            <ns3:cad>87</ns3:cad>
          </ns3:TrackPointExtension>
        </extensions>
      </trkpt>
      <trkpt lat="31.2189741991460323333740234375" lon="121.38539881445467472076416015625">
        <ele>15</ele>
        <time>2026-08-25T11:03:02.000Z</time>
        <extensions>
          <ns3:TrackPointExtension>
            <ns3:hr>135</ns3:hr>
            <ns3:cad>87</ns3:cad>
          </ns3:TrackPointExtension>
        </extensions>
      </trkpt>
      <trkpt lat="31.21895550750195980072021484375" lon="121.38540032319724559783935546875">
        <ele>15</ele>
        <time>2026-08-25T11:03:03.000Z</time>
        <extensions>
          <ns3:TrackPointExtension>
            <ns3:hr>135</ns3:hr>
            <ns3:cad>87</ns3:cad>
          </ns3:TrackPointExtension>
        </extensions>
      </trkpt>
      <trkpt lat="31.21893119998276233673095703125" lon="121.3853885047137737274169921875">
        <ele>15</ele>
        <time>2026-08-25T11:03:04.000Z</time>
        <extensions>
          <ns3:TrackPointExtension>
            <ns3:hr>135</ns3:hr>
            <ns3:cad>86</ns3:cad>
          </ns3:TrackPointExtension>
        </extensions>
      </trkpt>
      <trkpt lat="31.218908317387104034423828125" lon="121.38538272120058536529541015625">
        <ele>15</ele>
        <time>2026-08-25T11:03:05.000Z</time>
        <extensions>
          <ns3:TrackPointExtension>
            <ns3:hr>135</ns3:hr>
            <ns3:cad>87</ns3:cad>
          </ns3:TrackPointExtension>
        </extensions>
      </trkpt>
      <trkpt lat="31.2188840098679065704345703125" lon="121.3853744231164455413818359375">
        <ele>15</ele>
        <time>2026-08-25T11:03:06.000Z</time>
        <extensions>
          <ns3:TrackPointExtension>
            <ns3:hr>135</ns3:hr>
            <ns3:cad>88</ns3:cad>
          </ns3:TrackPointExtension>
        </extensions>
      </trkpt>
      <trkpt lat="31.2188622169196605682373046875" lon="121.38536612503230571746826171875">
        <ele>15</ele>
        <time>2026-08-25T11:03:07.000Z</time>
        <extensions>
          <ns3:TrackPointExtension>
            <ns3:hr>134</ns3:hr>
            <ns3:cad>88</ns3:cad>
          </ns3:TrackPointExtension>
        </extensions>
      </trkpt>
      <trkpt lat="31.2188421003520488739013671875" lon="121.38536092825233936309814453125">
        <ele>15</ele>
        <time>2026-08-25T11:03:08.000Z</time>
        <extensions>
          <ns3:TrackPointExtension>
            <ns3:hr>135</ns3:hr>
            <ns3:cad>88</ns3:cad>
          </ns3:TrackPointExtension>
        </extensions>
      </trkpt>
      <trkpt lat="31.218821145594120025634765625" lon="121.38535053469240665435791015625">
        <ele>15</ele>
        <time>2026-08-25T11:03:09.000Z</time>
        <extensions>
          <ns3:TrackPointExtension>
            <ns3:hr>135</ns3:hr>
            <ns3:cad>87</ns3:cad>
          </ns3:TrackPointExtension>
        </extensions>
      </trkpt>
      <trkpt lat="31.21880111284554004669189453125" lon="121.38534198515117168426513671875">
        <ele>15</ele>
        <time>2026-08-25T11:03:10.000Z</time>
        <extensions>
          <ns3:TrackPointExtension>
            <ns3:hr>135</ns3:hr>
            <ns3:cad>87</ns3:cad>
          </ns3:TrackPointExtension>
        </extensions>
      </trkpt>
      <trkpt lat="31.21878183446824550628662109375" lon="121.385332010686397552490234375">
        <ele>15</ele>
        <time>2026-08-25T11:03:11.000Z</time>
        <extensions>
          <ns3:TrackPointExtension>
            <ns3:hr>135</ns3:hr>
            <ns3:cad>87</ns3:cad>
          </ns3:TrackPointExtension>
        </extensions>
      </trkpt>
      <trkpt lat="31.21876641176640987396240234375" lon="121.3853254728019237518310546875">
        <ele>15</ele>
        <time>2026-08-25T11:03:12.000Z</time>
        <extensions>
          <ns3:TrackPointExtension>
            <ns3:hr>135</ns3:hr>
            <ns3:cad>87</ns3:cad>
          </ns3:TrackPointExtension>
        </extensions>
      </trkpt>
      <trkpt lat="31.21874637901782989501953125" lon="121.38531289994716644287109375">
        <ele>15</ele>
        <time>2026-08-25T11:03:13.000Z</time>
        <extensions>
          <ns3:TrackPointExtension>
            <ns3:hr>135</ns3:hr>
            <ns3:cad>87</ns3:cad>
          </ns3:TrackPointExtension>
        </extensions>
      </trkpt>
      <trkpt lat="31.2187287770211696624755859375" lon="121.385302506387233734130859375">
        <ele>15</ele>
        <time>2026-08-25T11:03:14.000Z</time>
        <extensions>
          <ns3:TrackPointExtension>
            <ns3:hr>136</ns3:hr>
            <ns3:cad>87</ns3:cad>
          </ns3:TrackPointExtension>
        </extensions>
      </trkpt>
      <trkpt lat="31.218704469501972198486328125" lon="121.385290436446666717529296875">
        <ele>15</ele>
        <time>2026-08-25T11:03:15.000Z</time>
        <extensions>
          <ns3:TrackPointExtension>
            <ns3:hr>135</ns3:hr>
            <ns3:cad>86</ns3:cad>
          </ns3:TrackPointExtension>
        </extensions>
      </trkpt>
      <trkpt lat="31.21868326328694820404052734375" lon="121.3852835632860660552978515625">
        <ele>15</ele>
        <time>2026-08-25T11:03:16.000Z</time>
        <extensions>
          <ns3:TrackPointExtension>
            <ns3:hr>135</ns3:hr>
            <ns3:cad>86</ns3:cad>
          </ns3:TrackPointExtension>
        </extensions>
      </trkpt>
      <trkpt lat="31.21865510009229183197021484375" lon="121.385268308222293853759765625">
        <ele>15</ele>
        <time>2026-08-25T11:03:17.000Z</time>
        <extensions>
          <ns3:TrackPointExtension>
            <ns3:hr>135</ns3:hr>
            <ns3:cad>86</ns3:cad>
          </ns3:TrackPointExtension>
        </extensions>
      </trkpt>
      <trkpt lat="31.21863196603953838348388671875" lon="121.3852500356733798980712890625">
        <ele>15</ele>
        <time>2026-08-25T11:03:18.000Z</time>
        <extensions>
          <ns3:TrackPointExtension>
            <ns3:hr>135</ns3:hr>
            <ns3:cad>88</ns3:cad>
          </ns3:TrackPointExtension>
        </extensions>
      </trkpt>
      <trkpt lat="31.21860447339713573455810546875" lon="121.38523687608540058135986328125">
        <ele>15.19999980926513671875</ele>
        <time>2026-08-25T11:03:19.000Z</time>
        <extensions>
          <ns3:TrackPointExtension>
            <ns3:hr>135</ns3:hr>
            <ns3:cad>88</ns3:cad>
          </ns3:TrackPointExtension>
        </extensions>
      </trkpt>
      <trkpt lat="31.21857739984989166259765625" lon="121.38522899709641933441162109375">
        <ele>15.19999980926513671875</ele>
        <time>2026-08-25T11:03:20.000Z</time>
        <extensions>
          <ns3:TrackPointExtension>
            <ns3:hr>135</ns3:hr>
            <ns3:cad>88</ns3:cad>
          </ns3:TrackPointExtension>
        </extensions>
      </trkpt>
      <trkpt lat="31.2185561098158359527587890625" lon="121.3852098025381565093994140625">
        <ele>15.19999980926513671875</ele>
        <time>2026-08-25T11:03:21.000Z</time>
        <extensions>
          <ns3:TrackPointExtension>
            <ns3:hr>134</ns3:hr>
            <ns3:cad>87</ns3:cad>
          </ns3:TrackPointExtension>
        </extensions>
      </trkpt>
      <trkpt lat="31.2185326404869556427001953125" lon="121.38519563712179660797119140625">
        <ele>15</ele>
        <time>2026-08-25T11:03:22.000Z</time>
        <extensions>
          <ns3:TrackPointExtension>
            <ns3:hr>135</ns3:hr>
            <ns3:cad>87</ns3:cad>
          </ns3:TrackPointExtension>
        </extensions>
      </trkpt>
      <trkpt lat="31.218512021005153656005859375" lon="121.3851876743137836456298828125">
        <ele>15</ele>
        <time>2026-08-25T11:03:23.000Z</time>
        <extensions>
          <ns3:TrackPointExtension>
            <ns3:hr>135</ns3:hr>
            <ns3:cad>86</ns3:cad>
          </ns3:TrackPointExtension>
        </extensions>
      </trkpt>
      <trkpt lat="31.21848729439079761505126953125" lon="121.38517216779291629791259765625">
        <ele>15</ele>
        <time>2026-08-25T11:03:24.000Z</time>
        <extensions>
          <ns3:TrackPointExtension>
            <ns3:hr>135</ns3:hr>
            <ns3:cad>86</ns3:cad>
          </ns3:TrackPointExtension>
        </extensions>
      </trkpt>
      <trkpt lat="31.2184709496796131134033203125" lon="121.38515867292881011962890625">
        <ele>15</ele>
        <time>2026-08-25T11:03:25.000Z</time>
        <extensions>
          <ns3:TrackPointExtension>
            <ns3:hr>136</ns3:hr>
            <ns3:cad>87</ns3:cad>
          </ns3:TrackPointExtension>
        </extensions>
      </trkpt>
      <trkpt lat="31.21844437904655933380126953125" lon="121.38514132238924503326416015625">
        <ele>15</ele>
        <time>2026-08-25T11:03:26.000Z</time>
        <extensions>
          <ns3:TrackPointExtension>
            <ns3:hr>137</ns3:hr>
            <ns3:cad>87</ns3:cad>
          </ns3:TrackPointExtension>
        </extensions>
      </trkpt>
      <trkpt lat="31.218430213630199432373046875" lon="121.38512824662029743194580078125">
        <ele>15</ele>
        <time>2026-08-25T11:03:27.000Z</time>
        <extensions>
          <ns3:TrackPointExtension>
            <ns3:hr>137</ns3:hr>
            <ns3:cad>87</ns3:cad>
          </ns3:TrackPointExtension>
        </extensions>
      </trkpt>
      <trkpt lat="31.21840615756809711456298828125" lon="121.3851139135658740997314453125">
        <ele>15</ele>
        <time>2026-08-25T11:03:28.000Z</time>
        <extensions>
          <ns3:TrackPointExtension>
            <ns3:hr>137</ns3:hr>
            <ns3:cad>86</ns3:cad>
          </ns3:TrackPointExtension>
        </extensions>
      </trkpt>
      <trkpt lat="31.218387968838214874267578125" lon="121.38510125689208507537841796875">
        <ele>15</ele>
        <time>2026-08-25T11:03:29.000Z</time>
        <extensions>
          <ns3:TrackPointExtension>
            <ns3:hr>137</ns3:hr>
            <ns3:cad>86</ns3:cad>
          </ns3:TrackPointExtension>
        </extensions>
      </trkpt>
      <trkpt lat="31.2183693610131740570068359375" lon="121.3850880973041057586669921875">
        <ele>15</ele>
        <time>2026-08-25T11:03:30.000Z</time>
        <extensions>
          <ns3:TrackPointExtension>
            <ns3:hr>137</ns3:hr>
            <ns3:cad>86</ns3:cad>
          </ns3:TrackPointExtension>
        </extensions>
      </trkpt>
      <trkpt lat="31.21834463439881801605224609375" lon="121.38507812283933162689208984375">
        <ele>15</ele>
        <time>2026-08-25T11:03:31.000Z</time>
        <extensions>
          <ns3:TrackPointExtension>
            <ns3:hr>137</ns3:hr>
            <ns3:cad>88</ns3:cad>
          </ns3:TrackPointExtension>
        </extensions>
      </trkpt>
      <trkpt lat="31.218323595821857452392578125" lon="121.38506705872714519500732421875">
        <ele>14.80000019073486328125</ele>
        <time>2026-08-25T11:03:32.000Z</time>
        <extensions>
          <ns3:TrackPointExtension>
            <ns3:hr>137</ns3:hr>
            <ns3:cad>88</ns3:cad>
          </ns3:TrackPointExtension>
        </extensions>
      </trkpt>
      <trkpt lat="31.21830649673938751220703125" lon="121.38504694215953350067138671875">
        <ele>14.80000019073486328125</ele>
        <time>2026-08-25T11:03:33.000Z</time>
        <extensions>
          <ns3:TrackPointExtension>
            <ns3:hr>137</ns3:hr>
            <ns3:cad>88</ns3:cad>
          </ns3:TrackPointExtension>
        </extensions>
      </trkpt>
      <trkpt lat="31.21829031966626644134521484375" lon="121.3850368000566959381103515625">
        <ele>14.80000019073486328125</ele>
        <time>2026-08-25T11:03:34.000Z</time>
        <extensions>
          <ns3:TrackPointExtension>
            <ns3:hr>137</ns3:hr>
            <ns3:cad>87</ns3:cad>
          </ns3:TrackPointExtension>
        </extensions>
      </trkpt>
      <trkpt lat="31.21826752088963985443115234375" lon="121.38502657413482666015625">
        <ele>14.80000019073486328125</ele>
        <time>2026-08-25T11:03:35.000Z</time>
        <extensions>
          <ns3:TrackPointExtension>
            <ns3:hr>137</ns3:hr>
            <ns3:cad>87</ns3:cad>
          </ns3:TrackPointExtension>
        </extensions>
      </trkpt>
      <trkpt lat="31.21824723668396472930908203125" lon="121.38501777313649654388427734375">
        <ele>14.80000019073486328125</ele>
        <time>2026-08-25T11:03:36.000Z</time>
        <extensions>
          <ns3:TrackPointExtension>
            <ns3:hr>137</ns3:hr>
            <ns3:cad>87</ns3:cad>
          </ns3:TrackPointExtension>
        </extensions>
      </trkpt>
      <trkpt lat="31.218225024640560150146484375" lon="121.38500771485269069671630859375">
        <ele>14.80000019073486328125</ele>
        <time>2026-08-25T11:03:37.000Z</time>
        <extensions>
          <ns3:TrackPointExtension>
            <ns3:hr>137</ns3:hr>
            <ns3:cad>88</ns3:cad>
          </ns3:TrackPointExtension>
        </extensions>
      </trkpt>
      <trkpt lat="31.218206919729709625244140625" lon="121.3849962316453456878662109375">
        <ele>14.80000019073486328125</ele>
        <time>2026-08-25T11:03:38.000Z</time>
        <extensions>
          <ns3:TrackPointExtension>
            <ns3:hr>136</ns3:hr>
            <ns3:cad>88</ns3:cad>
          </ns3:TrackPointExtension>
        </extensions>
      </trkpt>
      <trkpt lat="31.2181864678859710693359375" lon="121.3849774561822414398193359375">
        <ele>14.80000019073486328125</ele>
        <time>2026-08-25T11:03:39.000Z</time>
        <extensions>
          <ns3:TrackPointExtension>
            <ns3:hr>137</ns3:hr>
            <ns3:cad>87</ns3:cad>
          </ns3:TrackPointExtension>
        </extensions>
      </trkpt>
      <trkpt lat="31.21816928498446941375732421875" lon="121.38496295548975467681884765625">
        <ele>14.80000019073486328125</ele>
        <time>2026-08-25T11:03:40.000Z</time>
        <extensions>
          <ns3:TrackPointExtension>
            <ns3:hr>137</ns3:hr>
            <ns3:cad>87</ns3:cad>
          </ns3:TrackPointExtension>
        </extensions>
      </trkpt>
      <trkpt lat="31.218147911131381988525390625" lon="121.38495482504367828369140625">
        <ele>14.80000019073486328125</ele>
        <time>2026-08-25T11:03:41.000Z</time>
        <extensions>
          <ns3:TrackPointExtension>
            <ns3:hr>136</ns3:hr>
            <ns3:cad>87</ns3:cad>
          </ns3:TrackPointExtension>
        </extensions>
      </trkpt>
      <trkpt lat="31.21812486089766025543212890625" lon="121.384941749274730682373046875">
        <ele>14.80000019073486328125</ele>
        <time>2026-08-25T11:03:42.000Z</time>
        <extensions>
          <ns3:TrackPointExtension>
            <ns3:hr>137</ns3:hr>
            <ns3:cad>87</ns3:cad>
          </ns3:TrackPointExtension>
        </extensions>
      </trkpt>
      <trkpt lat="31.21810323558747768402099609375" lon="121.3849313557147979736328125">
        <ele>14.6000003814697265625</ele>
        <time>2026-08-25T11:03:43.000Z</time>
        <extensions>
          <ns3:TrackPointExtension>
            <ns3:hr>137</ns3:hr>
            <ns3:cad>87</ns3:cad>
          </ns3:TrackPointExtension>
        </extensions>
      </trkpt>
      <trkpt lat="31.2180793471634387969970703125" lon="121.38491886667907238006591796875">
        <ele>14.6000003814697265625</ele>
        <time>2026-08-25T11:03:44.000Z</time>
        <extensions>
          <ns3:TrackPointExtension>
            <ns3:hr>136</ns3:hr>
            <ns3:cad>88</ns3:cad>
          </ns3:TrackPointExtension>
        </extensions>
      </trkpt>
      <trkpt lat="31.218062080442905426025390625" lon="121.38490729965269565582275390625">
        <ele>14.6000003814697265625</ele>
        <time>2026-08-25T11:03:45.000Z</time>
        <extensions>
          <ns3:TrackPointExtension>
            <ns3:hr>136</ns3:hr>
            <ns3:cad>88</ns3:cad>
          </ns3:TrackPointExtension>
        </extensions>
      </trkpt>
      <trkpt lat="31.2180401198565959930419921875" lon="121.38489305041730403900146484375">
        <ele>14.6000003814697265625</ele>
        <time>2026-08-25T11:03:46.000Z</time>
        <extensions>
          <ns3:TrackPointExtension>
            <ns3:hr>135</ns3:hr>
            <ns3:cad>87</ns3:cad>
          </ns3:TrackPointExtension>
        </extensions>
      </trkpt>
      <trkpt lat="31.2180159799754619598388671875" lon="121.3848857581615447998046875">
        <ele>14.6000003814697265625</ele>
        <time>2026-08-25T11:03:47.000Z</time>
        <extensions>
          <ns3:TrackPointExtension>
            <ns3:hr>134</ns3:hr>
            <ns3:cad>87</ns3:cad>
          </ns3:TrackPointExtension>
        </extensions>
      </trkpt>
      <trkpt lat="31.21798655949532985687255859375" lon="121.3848723471164703369140625">
        <ele>14.80000019073486328125</ele>
        <time>2026-08-25T11:03:48.000Z</time>
        <extensions>
          <ns3:TrackPointExtension>
            <ns3:hr>133</ns3:hr>
            <ns3:cad>87</ns3:cad>
          </ns3:TrackPointExtension>
        </extensions>
      </trkpt>
      <trkpt lat="31.21796493418514728546142578125" lon="121.38486362993717193603515625">
        <ele>14.80000019073486328125</ele>
        <time>2026-08-25T11:03:49.000Z</time>
        <extensions>
          <ns3:TrackPointExtension>
            <ns3:hr>133</ns3:hr>
            <ns3:cad>88</ns3:cad>
          </ns3:TrackPointExtension>
        </extensions>
      </trkpt>
      <trkpt lat="31.217942722141742706298828125" lon="121.38485332019627094268798828125">
        <ele>14.80000019073486328125</ele>
        <time>2026-08-25T11:03:50.000Z</time>
        <extensions>
          <ns3:TrackPointExtension>
            <ns3:hr>133</ns3:hr>
            <ns3:cad>88</ns3:cad>
          </ns3:TrackPointExtension>
        </extensions>
      </trkpt>
      <trkpt lat="31.21792419813573360443115234375" lon="121.384835131466388702392578125">
        <ele>14.80000019073486328125</ele>
        <time>2026-08-25T11:03:51.000Z</time>
        <extensions>
          <ns3:TrackPointExtension>
            <ns3:hr>133</ns3:hr>
            <ns3:cad>88</ns3:cad>
          </ns3:TrackPointExtension>
        </extensions>
      </trkpt>
      <trkpt lat="31.2179016508162021636962890625" lon="121.38481711037456989288330078125">
        <ele>14.80000019073486328125</ele>
        <time>2026-08-25T11:03:52.000Z</time>
        <extensions>
          <ns3:TrackPointExtension>
            <ns3:hr>134</ns3:hr>
            <ns3:cad>87</ns3:cad>
          </ns3:TrackPointExtension>
        </extensions>
      </trkpt>
      <trkpt lat="31.21787994168698787689208984375" lon="121.38480328023433685302734375">
        <ele>14.80000019073486328125</ele>
        <time>2026-08-25T11:03:53.000Z</time>
        <extensions>
          <ns3:TrackPointExtension>
            <ns3:hr>134</ns3:hr>
            <ns3:cad>87</ns3:cad>
          </ns3:TrackPointExtension>
        </extensions>
      </trkpt>
      <trkpt lat="31.21785747818648815155029296875" lon="121.38479313813149929046630859375">
        <ele>14.80000019073486328125</ele>
        <time>2026-08-25T11:03:54.000Z</time>
        <extensions>
          <ns3:TrackPointExtension>
            <ns3:hr>134</ns3:hr>
            <ns3:cad>87</ns3:cad>
          </ns3:TrackPointExtension>
        </extensions>
      </trkpt>
      <trkpt lat="31.21783333830535411834716796875" lon="121.38478056527674198150634765625">
        <ele>14.80000019073486328125</ele>
        <time>2026-08-25T11:03:55.000Z</time>
        <extensions>
          <ns3:TrackPointExtension>
            <ns3:hr>134</ns3:hr>
            <ns3:cad>88</ns3:cad>
          </ns3:TrackPointExtension>
        </extensions>
      </trkpt>
      <trkpt lat="31.2178154848515987396240234375" lon="121.384777463972568511962890625">
        <ele>14.80000019073486328125</ele>
        <time>2026-08-25T11:03:56.000Z</time>
        <extensions>
          <ns3:TrackPointExtension>
            <ns3:hr>133</ns3:hr>
            <ns3:cad>88</ns3:cad>
          </ns3:TrackPointExtension>
        </extensions>
      </trkpt>
      <trkpt lat="31.2177896685898303985595703125" lon="121.38476832769811153411865234375">
        <ele>14.80000019073486328125</ele>
        <time>2026-08-25T11:03:57.000Z</time>
        <extensions>
          <ns3:TrackPointExtension>
            <ns3:hr>134</ns3:hr>
            <ns3:cad>88</ns3:cad>
          </ns3:TrackPointExtension>
        </extensions>
      </trkpt>
      <trkpt lat="31.21777181513607501983642578125" lon="121.38476044870913028717041015625">
        <ele>14.80000019073486328125</ele>
        <time>2026-08-25T11:03:58.000Z</time>
        <extensions>
          <ns3:TrackPointExtension>
            <ns3:hr>134</ns3:hr>
            <ns3:cad>86</ns3:cad>
          </ns3:TrackPointExtension>
        </extensions>
      </trkpt>
      <trkpt lat="31.2177464179694652557373046875" lon="121.384747289121150970458984375">
        <ele>14.80000019073486328125</ele>
        <time>2026-08-25T11:03:59.000Z</time>
        <extensions>
          <ns3:TrackPointExtension>
            <ns3:hr>134</ns3:hr>
            <ns3:cad>86</ns3:cad>
          </ns3:TrackPointExtension>
        </extensions>
      </trkpt>
      <trkpt lat="31.21772286482155323028564453125" lon="121.38473647646605968475341796875">
        <ele>14.80000019073486328125</ele>
        <time>2026-08-25T11:04:00.000Z</time>
        <extensions>
          <ns3:TrackPointExtension>
            <ns3:hr>134</ns3:hr>
            <ns3:cad>86</ns3:cad>
          </ns3:TrackPointExtension>
        </extensions>
      </trkpt>
      <trkpt lat="31.217701993882656097412109375" lon="121.3847253285348415374755859375">
        <ele>14.80000019073486328125</ele>
        <time>2026-08-25T11:04:01.000Z</time>
        <extensions>
          <ns3:TrackPointExtension>
            <ns3:hr>134</ns3:hr>
            <ns3:cad>86</ns3:cad>
          </ns3:TrackPointExtension>
        </extensions>
      </trkpt>
      <trkpt lat="31.21767760254442691802978515625" lon="121.3847139291465282440185546875">
        <ele>14.80000019073486328125</ele>
        <time>2026-08-25T11:04:02.000Z</time>
        <extensions>
          <ns3:TrackPointExtension>
            <ns3:hr>134</ns3:hr>
            <ns3:cad>87</ns3:cad>
          </ns3:TrackPointExtension>
        </extensions>
      </trkpt>
      <trkpt lat="31.2176525406539440155029296875" lon="121.3847078941762447357177734375">
        <ele>14.80000019073486328125</ele>
        <time>2026-08-25T11:04:03.000Z</time>
        <extensions>
          <ns3:TrackPointExtension>
            <ns3:hr>134</ns3:hr>
            <ns3:cad>87</ns3:cad>
          </ns3:TrackPointExtension>
        </extensions>
      </trkpt>
      <trkpt lat="31.21762747876346111297607421875" lon="121.38469624333083629608154296875">
        <ele>14.80000019073486328125</ele>
        <time>2026-08-25T11:04:04.000Z</time>
        <extensions>
          <ns3:TrackPointExtension>
            <ns3:hr>134</ns3:hr>
            <ns3:cad>87</ns3:cad>
          </ns3:TrackPointExtension>
        </extensions>
      </trkpt>
      <trkpt lat="31.2176029197871685028076171875" lon="121.384688280522823333740234375">
        <ele>14.80000019073486328125</ele>
        <time>2026-08-25T11:04:05.000Z</time>
        <extensions>
          <ns3:TrackPointExtension>
            <ns3:hr>134</ns3:hr>
            <ns3:cad>86</ns3:cad>
          </ns3:TrackPointExtension>
        </extensions>
      </trkpt>
      <trkpt lat="31.217577271163463592529296875" lon="121.3846804015338420867919921875">
        <ele>14.80000019073486328125</ele>
        <time>2026-08-25T11:04:06.000Z</time>
        <extensions>
          <ns3:TrackPointExtension>
            <ns3:hr>135</ns3:hr>
            <ns3:cad>86</ns3:cad>
          </ns3:TrackPointExtension>
        </extensions>
      </trkpt>
      <trkpt lat="31.217559836804866790771484375" lon="121.38466724194586277008056640625">
        <ele>14.80000019073486328125</ele>
        <time>2026-08-25T11:04:07.000Z</time>
        <extensions>
          <ns3:TrackPointExtension>
            <ns3:hr>135</ns3:hr>
            <ns3:cad>88</ns3:cad>
          </ns3:TrackPointExtension>
        </extensions>
      </trkpt>
      <trkpt lat="31.2175351940095424652099609375" lon="121.384656429290771484375">
        <ele>14.80000019073486328125</ele>
        <time>2026-08-25T11:04:08.000Z</time>
        <extensions>
          <ns3:TrackPointExtension>
            <ns3:hr>136</ns3:hr>
            <ns3:cad>88</ns3:cad>
          </ns3:TrackPointExtension>
        </extensions>
      </trkpt>
      <trkpt lat="31.2175130657851696014404296875" lon="121.38465307652950286865234375">
        <ele>14.80000019073486328125</ele>
        <time>2026-08-25T11:04:09.000Z</time>
        <extensions>
          <ns3:TrackPointExtension>
            <ns3:hr>136</ns3:hr>
            <ns3:cad>87</ns3:cad>
          </ns3:TrackPointExtension>
        </extensions>
      </trkpt>
      <trkpt lat="31.21748968027532100677490234375" lon="121.384649388492107391357421875">
        <ele>14.80000019073486328125</ele>
        <time>2026-08-25T11:04:10.000Z</time>
        <extensions>
          <ns3:TrackPointExtension>
            <ns3:hr>136</ns3:hr>
            <ns3:cad>87</ns3:cad>
          </ns3:TrackPointExtension>
        </extensions>
      </trkpt>
      <trkpt lat="31.21747308410704135894775390625" lon="121.3846408389508724212646484375">
        <ele>14.6000003814697265625</ele>
        <time>2026-08-25T11:04:11.000Z</time>
        <extensions>
          <ns3:TrackPointExtension>
            <ns3:hr>137</ns3:hr>
            <ns3:cad>87</ns3:cad>
          </ns3:TrackPointExtension>
        </extensions>
      </trkpt>
      <trkpt lat="31.2174537219107151031494140625" lon="121.38463689945638179779052734375">
        <ele>14.6000003814697265625</ele>
        <time>2026-08-25T11:04:12.000Z</time>
        <extensions>
          <ns3:TrackPointExtension>
            <ns3:hr>137</ns3:hr>
            <ns3:cad>86</ns3:cad>
          </ns3:TrackPointExtension>
        </extensions>
      </trkpt>
      <trkpt lat="31.2174315936863422393798828125" lon="121.38462960720062255859375">
        <ele>14.6000003814697265625</ele>
        <time>2026-08-25T11:04:13.000Z</time>
        <extensions>
          <ns3:TrackPointExtension>
            <ns3:hr>138</ns3:hr>
            <ns3:cad>86</ns3:cad>
          </ns3:TrackPointExtension>
        </extensions>
      </trkpt>
      <trkpt lat="31.2174161709845066070556640625" lon="121.384629942476749420166015625">
        <ele>14.6000003814697265625</ele>
        <time>2026-08-25T11:04:14.000Z</time>
        <extensions>
          <ns3:TrackPointExtension>
            <ns3:hr>138</ns3:hr>
            <ns3:cad>87</ns3:cad>
          </ns3:TrackPointExtension>
        </extensions>
      </trkpt>
      <trkpt lat="31.217385828495025634765625" lon="121.3846250809729099273681640625">
        <ele>14.6000003814697265625</ele>
        <time>2026-08-25T11:04:15.000Z</time>
        <extensions>
          <ns3:TrackPointExtension>
            <ns3:hr>138</ns3:hr>
            <ns3:cad>87</ns3:cad>
          </ns3:TrackPointExtension>
        </extensions>
      </trkpt>
      <trkpt lat="31.21736110188066959381103515625" lon="121.3846210576593875885009765625">
        <ele>14.6000003814697265625</ele>
        <time>2026-08-25T11:04:16.000Z</time>
        <extensions>
          <ns3:TrackPointExtension>
            <ns3:hr>138</ns3:hr>
            <ns3:cad>86</ns3:cad>
          </ns3:TrackPointExtension>
        </extensions>
      </trkpt>
      <trkpt lat="31.217332184314727783203125" lon="121.384611167013645172119140625">
        <ele>14.6000003814697265625</ele>
        <time>2026-08-25T11:04:17.000Z</time>
        <extensions>
          <ns3:TrackPointExtension>
            <ns3:hr>139</ns3:hr>
            <ns3:cad>86</ns3:cad>
          </ns3:TrackPointExtension>
        </extensions>
      </trkpt>
      <trkpt lat="31.2173075415194034576416015625" lon="121.3846056349575519561767578125">
        <ele>14.6000003814697265625</ele>
        <time>2026-08-25T11:04:18.000Z</time>
        <extensions>
          <ns3:TrackPointExtension>
            <ns3:hr>138</ns3:hr>
            <ns3:cad>86</ns3:cad>
          </ns3:TrackPointExtension>
        </extensions>
      </trkpt>
      <trkpt lat="31.217278875410556793212890625" lon="121.384608484804630279541015625">
        <ele>14.6000003814697265625</ele>
        <time>2026-08-25T11:04:19.000Z</time>
        <extensions>
          <ns3:TrackPointExtension>
            <ns3:hr>138</ns3:hr>
            <ns3:cad>86</ns3:cad>
          </ns3:TrackPointExtension>
        </extensions>
      </trkpt>
      <trkpt lat="31.21725532226264476776123046875" lon="121.38459633104503154754638671875">
        <ele>14.6000003814697265625</ele>
        <time>2026-08-25T11:04:20.000Z</time>
        <extensions>
          <ns3:TrackPointExtension>
            <ns3:hr>137</ns3:hr>
            <ns3:cad>88</ns3:cad>
          </ns3:TrackPointExtension>
        </extensions>
      </trkpt>
      <trkpt lat="31.2172374688088893890380859375" lon="121.384585686028003692626953125">
        <ele>14.3999996185302734375</ele>
        <time>2026-08-25T11:04:21.000Z</time>
        <extensions>
          <ns3:TrackPointExtension>
            <ns3:hr>136</ns3:hr>
            <ns3:cad>88</ns3:cad>
          </ns3:TrackPointExtension>
        </extensions>
      </trkpt>
      <trkpt lat="31.2172114849090576171875" lon="121.3845768012106418609619140625">
        <ele>14.3999996185302734375</ele>
        <time>2026-08-25T11:04:22.000Z</time>
        <extensions>
          <ns3:TrackPointExtension>
            <ns3:hr>135</ns3:hr>
            <ns3:cad>87</ns3:cad>
          </ns3:TrackPointExtension>
        </extensions>
      </trkpt>
      <trkpt lat="31.21719337999820709228515625" lon="121.384571604430675506591796875">
        <ele>14.6000003814697265625</ele>
        <time>2026-08-25T11:04:23.000Z</time>
        <extensions>
          <ns3:TrackPointExtension>
            <ns3:hr>134</ns3:hr>
            <ns3:cad>87</ns3:cad>
          </ns3:TrackPointExtension>
        </extensions>
      </trkpt>
      <trkpt lat="31.217168234288692474365234375" lon="121.38456531800329685211181640625">
        <ele>14.6000003814697265625</ele>
        <time>2026-08-25T11:04:24.000Z</time>
        <extensions>
          <ns3:TrackPointExtension>
            <ns3:hr>134</ns3:hr>
            <ns3:cad>87</ns3:cad>
          </ns3:TrackPointExtension>
        </extensions>
      </trkpt>
      <trkpt lat="31.21715641580522060394287109375" lon="121.3845647312700748443603515625">
        <ele>14.6000003814697265625</ele>
        <time>2026-08-25T11:04:25.000Z</time>
        <extensions>
          <ns3:TrackPointExtension>
            <ns3:hr>133</ns3:hr>
            <ns3:cad>87</ns3:cad>
          </ns3:TrackPointExtension>
        </extensions>
      </trkpt>
      <trkpt lat="31.217134036123752593994140625" lon="121.3845563493669033050537109375">
        <ele>14.6000003814697265625</ele>
        <time>2026-08-25T11:04:26.000Z</time>
        <extensions>
          <ns3:TrackPointExtension>
            <ns3:hr>133</ns3:hr>
            <ns3:cad>88</ns3:cad>
          </ns3:TrackPointExtension>
        </extensions>
      </trkpt>
      <trkpt lat="31.2171184457838535308837890625" lon="121.38455928303301334381103515625">
        <ele>14.6000003814697265625</ele>
        <time>2026-08-25T11:04:27.000Z</time>
        <extensions>
          <ns3:TrackPointExtension>
            <ns3:hr>133</ns3:hr>
            <ns3:cad>88</ns3:cad>
          </ns3:TrackPointExtension>
        </extensions>
      </trkpt>
      <trkpt lat="31.2170966528356075286865234375" lon="121.38455559499561786651611328125">
        <ele>14.6000003814697265625</ele>
        <time>2026-08-25T11:04:28.000Z</time>
        <extensions>
          <ns3:TrackPointExtension>
            <ns3:hr>133</ns3:hr>
            <ns3:cad>87</ns3:cad>
          </ns3:TrackPointExtension>
        </extensions>
      </trkpt>
      <trkpt lat="31.2170813977718353271484375" lon="121.38455006293952465057373046875">
        <ele>14.6000003814697265625</ele>
        <time>2026-08-25T11:04:29.000Z</time>
        <extensions>
          <ns3:TrackPointExtension>
            <ns3:hr>133</ns3:hr>
            <ns3:cad>87</ns3:cad>
          </ns3:TrackPointExtension>
        </extensions>
      </trkpt>
      <trkpt lat="31.21705549769103527069091796875" lon="121.3845432735979557037353515625">
        <ele>14.6000003814697265625</ele>
        <time>2026-08-25T11:04:30.000Z</time>
        <extensions>
          <ns3:TrackPointExtension>
            <ns3:hr>133</ns3:hr>
            <ns3:cad>87</ns3:cad>
          </ns3:TrackPointExtension>
        </extensions>
      </trkpt>
      <trkpt lat="31.21703512966632843017578125" lon="121.38453631661832332611083984375">
        <ele>14.80000019073486328125</ele>
        <time>2026-08-25T11:04:31.000Z</time>
        <extensions>
          <ns3:TrackPointExtension>
            <ns3:hr>133</ns3:hr>
            <ns3:cad>87</ns3:cad>
          </ns3:TrackPointExtension>
        </extensions>
      </trkpt>
      <trkpt lat="31.2170171923935413360595703125" lon="121.3845372386276721954345703125">
        <ele>14.80000019073486328125</ele>
        <time>2026-08-25T11:04:32.000Z</time>
        <extensions>
          <ns3:TrackPointExtension>
            <ns3:hr>133</ns3:hr>
            <ns3:cad>88</ns3:cad>
          </ns3:TrackPointExtension>
        </extensions>
      </trkpt>
      <trkpt lat="31.216999255120754241943359375" lon="121.38453531078994274139404296875">
        <ele>14.80000019073486328125</ele>
        <time>2026-08-25T11:04:33.000Z</time>
        <extensions>
          <ns3:TrackPointExtension>
            <ns3:hr>133</ns3:hr>
            <ns3:cad>88</ns3:cad>
          </ns3:TrackPointExtension>
        </extensions>
      </trkpt>
      <trkpt lat="31.21698022820055484771728515625" lon="121.38453195802867412567138671875">
        <ele>15</ele>
        <time>2026-08-25T11:04:34.000Z</time>
        <extensions>
          <ns3:TrackPointExtension>
            <ns3:hr>133</ns3:hr>
            <ns3:cad>87</ns3:cad>
          </ns3:TrackPointExtension>
        </extensions>
      </trkpt>
      <trkpt lat="31.21696229092776775360107421875" lon="121.38452810235321521759033203125">
        <ele>14.80000019073486328125</ele>
        <time>2026-08-25T11:04:35.000Z</time>
        <extensions>
          <ns3:TrackPointExtension>
            <ns3:hr>133</ns3:hr>
            <ns3:cad>87</ns3:cad>
          </ns3:TrackPointExtension>
        </extensions>
      </trkpt>
      <trkpt lat="31.21694468893110752105712890625" lon="121.3845291920006275177001953125">
        <ele>14.80000019073486328125</ele>
        <time>2026-08-25T11:04:36.000Z</time>
        <extensions>
          <ns3:TrackPointExtension>
            <ns3:hr>134</ns3:hr>
            <ns3:cad>87</ns3:cad>
          </ns3:TrackPointExtension>
        </extensions>
      </trkpt>
      <trkpt lat="31.21692113578319549560546875" lon="121.38452592305839061737060546875">
        <ele>14.80000019073486328125</ele>
        <time>2026-08-25T11:04:37.000Z</time>
        <extensions>
          <ns3:TrackPointExtension>
            <ns3:hr>133</ns3:hr>
            <ns3:cad>87</ns3:cad>
          </ns3:TrackPointExtension>
        </extensions>
      </trkpt>
      <trkpt lat="31.216900683939456939697265625" lon="121.38451904989778995513916015625">
        <ele>14.6000003814697265625</ele>
        <time>2026-08-25T11:04:38.000Z</time>
        <extensions>
          <ns3:TrackPointExtension>
            <ns3:hr>133</ns3:hr>
            <ns3:cad>88</ns3:cad>
          </ns3:TrackPointExtension>
        </extensions>
      </trkpt>
      <trkpt lat="31.21687344275414943695068359375" lon="121.38451091945171356201171875">
        <ele>14.6000003814697265625</ele>
        <time>2026-08-25T11:04:39.000Z</time>
        <extensions>
          <ns3:TrackPointExtension>
            <ns3:hr>133</ns3:hr>
            <ns3:cad>88</ns3:cad>
          </ns3:TrackPointExtension>
        </extensions>
      </trkpt>
      <trkpt lat="31.2168542481958866119384765625" lon="121.3845043815672397613525390625">
        <ele>14.80000019073486328125</ele>
        <time>2026-08-25T11:04:40.000Z</time>
        <extensions>
          <ns3:TrackPointExtension>
            <ns3:hr>133</ns3:hr>
            <ns3:cad>88</ns3:cad>
          </ns3:TrackPointExtension>
        </extensions>
      </trkpt>
      <trkpt lat="31.216830946505069732666015625" lon="121.38449750840663909912109375">
        <ele>14.80000019073486328125</ele>
        <time>2026-08-25T11:04:41.000Z</time>
        <extensions>
          <ns3:TrackPointExtension>
            <ns3:hr>133</ns3:hr>
            <ns3:cad>87</ns3:cad>
          </ns3:TrackPointExtension>
        </extensions>
      </trkpt>
      <trkpt lat="31.21680982410907745361328125" lon="121.3844902999699115753173828125">
        <ele>14.80000019073486328125</ele>
        <time>2026-08-25T11:04:42.000Z</time>
        <extensions>
          <ns3:TrackPointExtension>
            <ns3:hr>133</ns3:hr>
            <ns3:cad>86</ns3:cad>
          </ns3:TrackPointExtension>
        </extensions>
      </trkpt>
      <trkpt lat="31.216787360608577728271484375" lon="121.38448568992316722869873046875">
        <ele>15</ele>
        <time>2026-08-25T11:04:43.000Z</time>
        <extensions>
          <ns3:TrackPointExtension>
            <ns3:hr>133</ns3:hr>
            <ns3:cad>86</ns3:cad>
          </ns3:TrackPointExtension>
        </extensions>
      </trkpt>
      <trkpt lat="31.21676699258387088775634765625" lon="121.38447931967675685882568359375">
        <ele>14.80000019073486328125</ele>
        <time>2026-08-25T11:04:44.000Z</time>
        <extensions>
          <ns3:TrackPointExtension>
            <ns3:hr>133</ns3:hr>
            <ns3:cad>88</ns3:cad>
          </ns3:TrackPointExtension>
        </extensions>
      </trkpt>
      <trkpt lat="31.21674385853111743927001953125" lon="121.38448568992316722869873046875">
        <ele>14.80000019073486328125</ele>
        <time>2026-08-25T11:04:45.000Z</time>
        <extensions>
          <ns3:TrackPointExtension>
            <ns3:hr>133</ns3:hr>
            <ns3:cad>88</ns3:cad>
          </ns3:TrackPointExtension>
        </extensions>
      </trkpt>
      <trkpt lat="31.216712258756160736083984375" lon="121.384488455951213836669921875">
        <ele>14.80000019073486328125</ele>
        <time>2026-08-25T11:04:46.000Z</time>
        <extensions>
          <ns3:TrackPointExtension>
            <ns3:hr>133</ns3:hr>
            <ns3:cad>87</ns3:cad>
          </ns3:TrackPointExtension>
        </extensions>
      </trkpt>
      <trkpt lat="31.2166892923414707183837890625" lon="121.3844859413802623748779296875">
        <ele>14.80000019073486328125</ele>
        <time>2026-08-25T11:04:47.000Z</time>
        <extensions>
          <ns3:TrackPointExtension>
            <ns3:hr>133</ns3:hr>
            <ns3:cad>87</ns3:cad>
          </ns3:TrackPointExtension>
        </extensions>
      </trkpt>
      <trkpt lat="31.21665735729038715362548828125" lon="121.38449189253151416778564453125">
        <ele>14.80000019073486328125</ele>
        <time>2026-08-25T11:04:48.000Z</time>
        <extensions>
          <ns3:TrackPointExtension>
            <ns3:hr>133</ns3:hr>
            <ns3:cad>86</ns3:cad>
          </ns3:TrackPointExtension>
        </extensions>
      </trkpt>
      <trkpt lat="31.21663254685699939727783203125" lon="121.3844936527311801910400390625">
        <ele>15</ele>
        <time>2026-08-25T11:04:49.000Z</time>
        <extensions>
          <ns3:TrackPointExtension>
            <ns3:hr>133</ns3:hr>
            <ns3:cad>86</ns3:cad>
          </ns3:TrackPointExtension>
        </extensions>
      </trkpt>
      <trkpt lat="31.21660136617720127105712890625" lon="121.38449843041598796844482421875">
        <ele>15</ele>
        <time>2026-08-25T11:04:50.000Z</time>
        <extensions>
          <ns3:TrackPointExtension>
            <ns3:hr>133</ns3:hr>
            <ns3:cad>87</ns3:cad>
          </ns3:TrackPointExtension>
        </extensions>
      </trkpt>
      <trkpt lat="31.21657823212444782257080078125" lon="121.38450329191982746124267578125">
        <ele>15.19999980926513671875</ele>
        <time>2026-08-25T11:04:51.000Z</time>
        <extensions>
          <ns3:TrackPointExtension>
            <ns3:hr>133</ns3:hr>
            <ns3:cad>88</ns3:cad>
          </ns3:TrackPointExtension>
        </extensions>
      </trkpt>
      <trkpt lat="31.21655174531042575836181640625" lon="121.3845130987465381622314453125">
        <ele>15.19999980926513671875</ele>
        <time>2026-08-25T11:04:52.000Z</time>
        <extensions>
          <ns3:TrackPointExtension>
            <ns3:hr>134</ns3:hr>
            <ns3:cad>88</ns3:cad>
          </ns3:TrackPointExtension>
        </extensions>
      </trkpt>
      <trkpt lat="31.2165340594947338104248046875" lon="121.3845278508961200714111328125">
        <ele>15.3999996185302734375</ele>
        <time>2026-08-25T11:04:53.000Z</time>
        <extensions>
          <ns3:TrackPointExtension>
            <ns3:hr>134</ns3:hr>
            <ns3:cad>87</ns3:cad>
          </ns3:TrackPointExtension>
        </extensions>
      </trkpt>
      <trkpt lat="31.216527186334133148193359375" lon="121.38454268686473369598388671875">
        <ele>15.3999996185302734375</ele>
        <time>2026-08-25T11:04:54.000Z</time>
        <extensions>
          <ns3:TrackPointExtension>
            <ns3:hr>134</ns3:hr>
            <ns3:cad>86</ns3:cad>
          </ns3:TrackPointExtension>
        </extensions>
      </trkpt>
      <trkpt lat="31.21651436202228069305419921875" lon="121.38456615619361400604248046875">
        <ele>15.3999996185302734375</ele>
        <time>2026-08-25T11:04:55.000Z</time>
        <extensions>
          <ns3:TrackPointExtension>
            <ns3:hr>134</ns3:hr>
            <ns3:cad>86</ns3:cad>
          </ns3:TrackPointExtension>
        </extensions>
      </trkpt>
      <trkpt lat="31.21650874614715576171875" lon="121.38458744622766971588134765625">
        <ele>15.3999996185302734375</ele>
        <time>2026-08-25T11:04:56.000Z</time>
        <extensions>
          <ns3:TrackPointExtension>
            <ns3:hr>134</ns3:hr>
            <ns3:cad>86</ns3:cad>
          </ns3:TrackPointExtension>
        </extensions>
      </trkpt>
      <trkpt lat="31.216500699520111083984375" lon="121.3846063055098056793212890625">
        <ele>15.3999996185302734375</ele>
        <time>2026-08-25T11:04:57.000Z</time>
        <extensions>
          <ns3:TrackPointExtension>
            <ns3:hr>134</ns3:hr>
            <ns3:cad>86</ns3:cad>
          </ns3:TrackPointExtension>
        </extensions>
      </trkpt>
      <trkpt lat="31.216494999825954437255859375" lon="121.38462365604937076568603515625">
        <ele>15.6000003814697265625</ele>
        <time>2026-08-25T11:04:58.000Z</time>
        <extensions>
          <ns3:TrackPointExtension>
            <ns3:hr>134</ns3:hr>
            <ns3:cad>84</ns3:cad>
          </ns3:TrackPointExtension>
        </extensions>
      </trkpt>
      <trkpt lat="31.2164904735982418060302734375" lon="121.3846405036747455596923828125">
        <ele>15.6000003814697265625</ele>
        <time>2026-08-25T11:04:59.000Z</time>
        <extensions>
          <ns3:TrackPointExtension>
            <ns3:hr>134</ns3:hr>
            <ns3:cad>84</ns3:cad>
          </ns3:TrackPointExtension>
        </extensions>
      </trkpt>
      <trkpt lat="31.21647764928638935089111328125" lon="121.38466422446072101593017578125">
        <ele>15.6000003814697265625</ele>
        <time>2026-08-25T11:05:00.000Z</time>
        <extensions>
          <ns3:TrackPointExtension>
            <ns3:hr>134</ns3:hr>
            <ns3:cad>84</ns3:cad>
          </ns3:TrackPointExtension>
        </extensions>
      </trkpt>
      <trkpt lat="31.21647429652512073516845703125" lon="121.384682916104793548583984375">
        <ele>15.6000003814697265625</ele>
        <time>2026-08-25T11:05:01.000Z</time>
        <extensions>
          <ns3:TrackPointExtension>
            <ns3:hr>134</ns3:hr>
            <ns3:cad>84</ns3:cad>
          </ns3:TrackPointExtension>
        </extensions>
      </trkpt>
      <trkpt lat="31.2164703570306301116943359375" lon="121.38470211066305637359619140625">
        <ele>15.6000003814697265625</ele>
        <time>2026-08-25T11:05:02.000Z</time>
        <extensions>
          <ns3:TrackPointExtension>
            <ns3:hr>134</ns3:hr>
            <ns3:cad>84</ns3:cad>
          </ns3:TrackPointExtension>
        </extensions>
      </trkpt>
      <trkpt lat="31.2164683453738689422607421875" lon="121.38472205959260463714599609375">
        <ele>15.3999996185302734375</ele>
        <time>2026-08-25T11:05:03.000Z</time>
        <extensions>
          <ns3:TrackPointExtension>
            <ns3:hr>134</ns3:hr>
            <ns3:cad>84</ns3:cad>
          </ns3:TrackPointExtension>
        </extensions>
      </trkpt>
      <trkpt lat="31.216462142765522003173828125" lon="121.38475776650011539459228515625">
        <ele>15.3999996185302734375</ele>
        <time>2026-08-25T11:05:04.000Z</time>
        <extensions>
          <ns3:TrackPointExtension>
            <ns3:hr>135</ns3:hr>
            <ns3:cad>84</ns3:cad>
          </ns3:TrackPointExtension>
        </extensions>
      </trkpt>
      <trkpt lat="31.21645845472812652587890625" lon="121.384786181151866912841796875">
        <ele>15.3999996185302734375</ele>
        <time>2026-08-25T11:05:05.000Z</time>
        <extensions>
          <ns3:TrackPointExtension>
            <ns3:hr>136</ns3:hr>
            <ns3:cad>87</ns3:cad>
          </ns3:TrackPointExtension>
        </extensions>
      </trkpt>
      <trkpt lat="31.21645770035684108734130859375" lon="121.38481191359460353851318359375">
        <ele>15.3999996185302734375</ele>
        <time>2026-08-25T11:05:06.000Z</time>
        <extensions>
          <ns3:TrackPointExtension>
            <ns3:hr>136</ns3:hr>
            <ns3:cad>87</ns3:cad>
          </ns3:TrackPointExtension>
        </extensions>
      </trkpt>
      <trkpt lat="31.21644965372979640960693359375" lon="121.38483622111380100250244140625">
        <ele>15.19999980926513671875</ele>
        <time>2026-08-25T11:05:07.000Z</time>
        <extensions>
          <ns3:TrackPointExtension>
            <ns3:hr>137</ns3:hr>
            <ns3:cad>87</ns3:cad>
          </ns3:TrackPointExtension>
        </extensions>
      </trkpt>
      <trkpt lat="31.21644546277821063995361328125" lon="121.384855918586254119873046875">
        <ele>15.19999980926513671875</ele>
        <time>2026-08-25T11:05:08.000Z</time>
        <extensions>
          <ns3:TrackPointExtension>
            <ns3:hr>138</ns3:hr>
            <ns3:cad>87</ns3:cad>
          </ns3:TrackPointExtension>
        </extensions>
      </trkpt>
      <trkpt lat="31.21644076891243457794189453125" lon="121.3848822377622127532958984375">
        <ele>15</ele>
        <time>2026-08-25T11:05:09.000Z</time>
        <extensions>
          <ns3:TrackPointExtension>
            <ns3:hr>139</ns3:hr>
            <ns3:cad>87</ns3:cad>
          </ns3:TrackPointExtension>
        </extensions>
      </trkpt>
      <trkpt lat="31.2164368294179439544677734375" lon="121.38490428216755390167236328125">
        <ele>15</ele>
        <time>2026-08-25T11:05:10.000Z</time>
        <extensions>
          <ns3:TrackPointExtension>
            <ns3:hr>139</ns3:hr>
            <ns3:cad>87</ns3:cad>
          </ns3:TrackPointExtension>
        </extensions>
      </trkpt>
      <trkpt lat="31.21642920188605785369873046875" lon="121.38493345119059085845947265625">
        <ele>15</ele>
        <time>2026-08-25T11:05:11.000Z</time>
        <extensions>
          <ns3:TrackPointExtension>
            <ns3:hr>140</ns3:hr>
            <ns3:cad>87</ns3:cad>
          </ns3:TrackPointExtension>
        </extensions>
      </trkpt>
      <trkpt lat="31.21642492711544036865234375" lon="121.3849549926817417144775390625">
        <ele>15</ele>
        <time>2026-08-25T11:05:12.000Z</time>
        <extensions>
          <ns3:TrackPointExtension>
            <ns3:hr>140</ns3:hr>
            <ns3:cad>87</ns3:cad>
          </ns3:TrackPointExtension>
        </extensions>
      </trkpt>
      <trkpt lat="31.21641914360225200653076171875" lon="121.384981311857700347900390625">
        <ele>15</ele>
        <time>2026-08-25T11:05:13.000Z</time>
        <extensions>
          <ns3:TrackPointExtension>
            <ns3:hr>139</ns3:hr>
            <ns3:cad>87</ns3:cad>
          </ns3:TrackPointExtension>
        </extensions>
      </trkpt>
      <trkpt lat="31.2164130248129367828369140625" lon="121.38500335626304149627685546875">
        <ele>15</ele>
        <time>2026-08-25T11:05:14.000Z</time>
        <extensions>
          <ns3:TrackPointExtension>
            <ns3:hr>139</ns3:hr>
            <ns3:cad>88</ns3:cad>
          </ns3:TrackPointExtension>
        </extensions>
      </trkpt>
      <trkpt lat="31.21640489436686038970947265625" lon="121.385032944381237030029296875">
        <ele>15</ele>
        <time>2026-08-25T11:05:15.000Z</time>
        <extensions>
          <ns3:TrackPointExtension>
            <ns3:hr>139</ns3:hr>
            <ns3:cad>88</ns3:cad>
          </ns3:TrackPointExtension>
        </extensions>
      </trkpt>
      <trkpt lat="31.21639869175851345062255859375" lon="121.385055072605609893798828125">
        <ele>14.80000019073486328125</ele>
        <time>2026-08-25T11:05:16.000Z</time>
        <extensions>
          <ns3:TrackPointExtension>
            <ns3:hr>139</ns3:hr>
            <ns3:cad>88</ns3:cad>
          </ns3:TrackPointExtension>
        </extensions>
      </trkpt>
      <trkpt lat="31.2163920700550079345703125" lon="121.385080553591251373291015625">
        <ele>14.80000019073486328125</ele>
        <time>2026-08-25T11:05:17.000Z</time>
        <extensions>
          <ns3:TrackPointExtension>
            <ns3:hr>140</ns3:hr>
            <ns3:cad>87</ns3:cad>
          </ns3:TrackPointExtension>
        </extensions>
      </trkpt>
      <trkpt lat="31.21638259850442409515380859375" lon="121.3851075433194637298583984375">
        <ele>14.80000019073486328125</ele>
        <time>2026-08-25T11:05:18.000Z</time>
        <extensions>
          <ns3:TrackPointExtension>
            <ns3:hr>140</ns3:hr>
            <ns3:cad>87</ns3:cad>
          </ns3:TrackPointExtension>
        </extensions>
      </trkpt>
      <trkpt lat="31.21638000011444091796875" lon="121.3851373828947544097900390625">
        <ele>14.80000019073486328125</ele>
        <time>2026-08-25T11:05:19.000Z</time>
        <extensions>
          <ns3:TrackPointExtension>
            <ns3:hr>140</ns3:hr>
            <ns3:cad>87</ns3:cad>
          </ns3:TrackPointExtension>
        </extensions>
      </trkpt>
      <trkpt lat="31.21637052856385707855224609375" lon="121.38516495935618877410888671875">
        <ele>14.80000019073486328125</ele>
        <time>2026-08-25T11:05:20.000Z</time>
        <extensions>
          <ns3:TrackPointExtension>
            <ns3:hr>140</ns3:hr>
            <ns3:cad>87</ns3:cad>
          </ns3:TrackPointExtension>
        </extensions>
      </trkpt>
      <trkpt lat="31.216361224651336669921875" lon="121.38518759049475193023681640625">
        <ele>15</ele>
        <time>2026-08-25T11:05:21.000Z</time>
        <extensions>
          <ns3:TrackPointExtension>
            <ns3:hr>141</ns3:hr>
            <ns3:cad>88</ns3:cad>
          </ns3:TrackPointExtension>
        </extensions>
      </trkpt>
      <trkpt lat="31.21635275892913341522216796875" lon="121.38521055690944194793701171875">
        <ele>14.80000019073486328125</ele>
        <time>2026-08-25T11:05:22.000Z</time>
        <extensions>
          <ns3:TrackPointExtension>
            <ns3:hr>140</ns3:hr>
            <ns3:cad>88</ns3:cad>
          </ns3:TrackPointExtension>
        </extensions>
      </trkpt>
      <trkpt lat="31.2163509987294673919677734375" lon="121.3852258957922458648681640625">
        <ele>14.80000019073486328125</ele>
        <time>2026-08-25T11:05:23.000Z</time>
        <extensions>
          <ns3:TrackPointExtension>
            <ns3:hr>140</ns3:hr>
            <ns3:cad>87</ns3:cad>
          </ns3:TrackPointExtension>
        </extensions>
      </trkpt>
      <trkpt lat="31.21634420938789844512939453125" lon="121.38525255024433135986328125">
        <ele>14.80000019073486328125</ele>
        <time>2026-08-25T11:05:24.000Z</time>
        <extensions>
          <ns3:TrackPointExtension>
            <ns3:hr>140</ns3:hr>
            <ns3:cad>87</ns3:cad>
          </ns3:TrackPointExtension>
        </extensions>
      </trkpt>
      <trkpt lat="31.21634538285434246063232421875" lon="121.385276354849338531494140625">
        <ele>14.80000019073486328125</ele>
        <time>2026-08-25T11:05:25.000Z</time>
        <extensions>
          <ns3:TrackPointExtension>
            <ns3:hr>141</ns3:hr>
            <ns3:cad>87</ns3:cad>
          </ns3:TrackPointExtension>
        </extensions>
      </trkpt>
      <trkpt lat="31.21633700095117092132568359375" lon="121.3853053562343120574951171875">
        <ele>14.80000019073486328125</ele>
        <time>2026-08-25T11:05:26.000Z</time>
        <extensions>
          <ns3:TrackPointExtension>
            <ns3:hr>140</ns3:hr>
            <ns3:cad>87</ns3:cad>
          </ns3:TrackPointExtension>
        </extensions>
      </trkpt>
      <trkpt lat="31.2163308821618556976318359375" lon="121.3853311724960803985595703125">
        <ele>14.80000019073486328125</ele>
        <time>2026-08-25T11:05:27.000Z</time>
        <extensions>
          <ns3:TrackPointExtension>
            <ns3:hr>140</ns3:hr>
            <ns3:cad>88</ns3:cad>
          </ns3:TrackPointExtension>
        </extensions>
      </trkpt>
      <trkpt lat="31.2163208238780498504638671875" lon="121.3853616826236248016357421875">
        <ele>15</ele>
        <time>2026-08-25T11:05:28.000Z</time>
        <extensions>
          <ns3:TrackPointExtension>
            <ns3:hr>140</ns3:hr>
            <ns3:cad>88</ns3:cad>
          </ns3:TrackPointExtension>
        </extensions>
      </trkpt>
      <trkpt lat="31.21631487272679805755615234375" lon="121.385384313762187957763671875">
        <ele>15</ele>
        <time>2026-08-25T11:05:29.000Z</time>
        <extensions>
          <ns3:TrackPointExtension>
            <ns3:hr>140</ns3:hr>
            <ns3:cad>88</ns3:cad>
          </ns3:TrackPointExtension>
        </extensions>
      </trkpt>
      <trkpt lat="31.2163064070045948028564453125" lon="121.38542161323130130767822265625">
        <ele>15</ele>
        <time>2026-08-25T11:05:30.000Z</time>
        <extensions>
          <ns3:TrackPointExtension>
            <ns3:hr>140</ns3:hr>
            <ns3:cad>87</ns3:cad>
          </ns3:TrackPointExtension>
        </extensions>
      </trkpt>
      <trkpt lat="31.21630062349140644073486328125" lon="121.38544592075049877166748046875">
        <ele>15</ele>
        <time>2026-08-25T11:05:31.000Z</time>
        <extensions>
          <ns3:TrackPointExtension>
            <ns3:hr>140</ns3:hr>
            <ns3:cad>87</ns3:cad>
          </ns3:TrackPointExtension>
        </extensions>
      </trkpt>
      <trkpt lat="31.21629483997821807861328125" lon="121.38547919690608978271484375">
        <ele>15</ele>
        <time>2026-08-25T11:05:32.000Z</time>
        <extensions>
          <ns3:TrackPointExtension>
            <ns3:hr>141</ns3:hr>
            <ns3:cad>87</ns3:cad>
          </ns3:TrackPointExtension>
        </extensions>
      </trkpt>
      <trkpt lat="31.2162859551608562469482421875" lon="121.385506354272365570068359375">
        <ele>14.80000019073486328125</ele>
        <time>2026-08-25T11:05:33.000Z</time>
        <extensions>
          <ns3:TrackPointExtension>
            <ns3:hr>141</ns3:hr>
            <ns3:cad>87</ns3:cad>
          </ns3:TrackPointExtension>
        </extensions>
      </trkpt>
      <trkpt lat="31.21628218330442905426025390625" lon="121.38553661294281482696533203125">
        <ele>14.80000019073486328125</ele>
        <time>2026-08-25T11:05:34.000Z</time>
        <extensions>
          <ns3:TrackPointExtension>
            <ns3:hr>141</ns3:hr>
            <ns3:cad>89</ns3:cad>
          </ns3:TrackPointExtension>
        </extensions>
      </trkpt>
      <trkpt lat="31.21627346612513065338134765625" lon="121.3855695538222789764404296875">
        <ele>14.80000019073486328125</ele>
        <time>2026-08-25T11:05:35.000Z</time>
        <extensions>
          <ns3:TrackPointExtension>
            <ns3:hr>141</ns3:hr>
            <ns3:cad>89</ns3:cad>
          </ns3:TrackPointExtension>
        </extensions>
      </trkpt>
      <trkpt lat="31.21627329848706722259521484375" lon="121.3855930231511592864990234375">
        <ele>14.80000019073486328125</ele>
        <time>2026-08-25T11:05:36.000Z</time>
        <extensions>
          <ns3:TrackPointExtension>
            <ns3:hr>141</ns3:hr>
            <ns3:cad>87</ns3:cad>
          </ns3:TrackPointExtension>
        </extensions>
      </trkpt>
      <trkpt lat="31.21627581305801868438720703125" lon="121.38562738895416259765625">
        <ele>14.80000019073486328125</ele>
        <time>2026-08-25T11:05:37.000Z</time>
        <extensions>
          <ns3:TrackPointExtension>
            <ns3:hr>141</ns3:hr>
            <ns3:cad>87</ns3:cad>
          </ns3:TrackPointExtension>
        </extensions>
      </trkpt>
      <trkpt lat="31.21627447195351123809814453125" lon="121.38564960099756717681884765625">
        <ele>14.80000019073486328125</ele>
        <time>2026-08-25T11:05:38.000Z</time>
        <extensions>
          <ns3:TrackPointExtension>
            <ns3:hr>140</ns3:hr>
            <ns3:cad>87</ns3:cad>
          </ns3:TrackPointExtension>
        </extensions>
      </trkpt>
      <trkpt lat="31.216270364820957183837890625" lon="121.38567944057285785675048828125">
        <ele>14.80000019073486328125</ele>
        <time>2026-08-25T11:05:39.000Z</time>
        <extensions>
          <ns3:TrackPointExtension>
            <ns3:hr>140</ns3:hr>
            <ns3:cad>88</ns3:cad>
          </ns3:TrackPointExtension>
        </extensions>
      </trkpt>
      <trkpt lat="31.21626944281160831451416015625" lon="121.38570274226367473602294921875">
        <ele>15</ele>
        <time>2026-08-25T11:05:40.000Z</time>
        <extensions>
          <ns3:TrackPointExtension>
            <ns3:hr>140</ns3:hr>
            <ns3:cad>88</ns3:cad>
          </ns3:TrackPointExtension>
        </extensions>
      </trkpt>
      <trkpt lat="31.216256618499755859375" lon="121.385732330381870269775390625">
        <ele>15</ele>
        <time>2026-08-25T11:05:41.000Z</time>
        <extensions>
          <ns3:TrackPointExtension>
            <ns3:hr>140</ns3:hr>
            <ns3:cad>88</ns3:cad>
          </ns3:TrackPointExtension>
        </extensions>
      </trkpt>
      <trkpt lat="31.21625117026269435882568359375" lon="121.385755799710750579833984375">
        <ele>15</ele>
        <time>2026-08-25T11:05:42.000Z</time>
        <extensions>
          <ns3:TrackPointExtension>
            <ns3:hr>140</ns3:hr>
            <ns3:cad>88</ns3:cad>
          </ns3:TrackPointExtension>
        </extensions>
      </trkpt>
      <trkpt lat="31.2162445485591888427734375" lon="121.3857871480286121368408203125">
        <ele>15</ele>
        <time>2026-08-25T11:05:43.000Z</time>
        <extensions>
          <ns3:TrackPointExtension>
            <ns3:hr>139</ns3:hr>
            <ns3:cad>88</ns3:cad>
          </ns3:TrackPointExtension>
        </extensions>
      </trkpt>
      <trkpt lat="31.2162346579134464263916015625" lon="121.38580583967268466949462890625">
        <ele>15</ele>
        <time>2026-08-25T11:05:44.000Z</time>
        <extensions>
          <ns3:TrackPointExtension>
            <ns3:hr>140</ns3:hr>
            <ns3:cad>88</ns3:cad>
          </ns3:TrackPointExtension>
        </extensions>
      </trkpt>
      <trkpt lat="31.216227449476718902587890625" lon="121.38583417050540447235107421875">
        <ele>15</ele>
        <time>2026-08-25T11:05:45.000Z</time>
        <extensions>
          <ns3:TrackPointExtension>
            <ns3:hr>140</ns3:hr>
            <ns3:cad>89</ns3:cad>
          </ns3:TrackPointExtension>
        </extensions>
      </trkpt>
      <trkpt lat="31.216224767267704010009765625" lon="121.38586007058620452880859375">
        <ele>15</ele>
        <time>2026-08-25T11:05:46.000Z</time>
        <extensions>
          <ns3:TrackPointExtension>
            <ns3:hr>140</ns3:hr>
            <ns3:cad>89</ns3:cad>
          </ns3:TrackPointExtension>
        </extensions>
      </trkpt>
      <trkpt lat="31.21622233651578426361083984375" lon="121.3858904130756855010986328125">
        <ele>15</ele>
        <time>2026-08-25T11:05:47.000Z</time>
        <extensions>
          <ns3:TrackPointExtension>
            <ns3:hr>140</ns3:hr>
            <ns3:cad>88</ns3:cad>
          </ns3:TrackPointExtension>
        </extensions>
      </trkpt>
      <trkpt lat="31.2162185646593570709228515625" lon="121.3859185762703418731689453125">
        <ele>15</ele>
        <time>2026-08-25T11:05:48.000Z</time>
        <extensions>
          <ns3:TrackPointExtension>
            <ns3:hr>140</ns3:hr>
            <ns3:cad>87</ns3:cad>
          </ns3:TrackPointExtension>
        </extensions>
      </trkpt>
      <trkpt lat="31.2162195704877376556396484375" lon="121.38594363816082477569580078125">
        <ele>15</ele>
        <time>2026-08-25T11:05:49.000Z</time>
        <extensions>
          <ns3:TrackPointExtension>
            <ns3:hr>139</ns3:hr>
            <ns3:cad>87</ns3:cad>
          </ns3:TrackPointExtension>
        </extensions>
      </trkpt>
      <trkpt lat="31.21620892547070980072021484375" lon="121.3859725557267665863037109375">
        <ele>15</ele>
        <time>2026-08-25T11:05:50.000Z</time>
        <extensions>
          <ns3:TrackPointExtension>
            <ns3:hr>140</ns3:hr>
            <ns3:cad>87</ns3:cad>
          </ns3:TrackPointExtension>
        </extensions>
      </trkpt>
      <trkpt lat="31.2162004597485065460205078125" lon="121.38599460013210773468017578125">
        <ele>15</ele>
        <time>2026-08-25T11:05:51.000Z</time>
        <extensions>
          <ns3:TrackPointExtension>
            <ns3:hr>140</ns3:hr>
            <ns3:cad>88</ns3:cad>
          </ns3:TrackPointExtension>
        </extensions>
      </trkpt>
      <trkpt lat="31.2161904014647006988525390625" lon="121.38602511025965213775634765625">
        <ele>15</ele>
        <time>2026-08-25T11:05:52.000Z</time>
        <extensions>
          <ns3:TrackPointExtension>
            <ns3:hr>140</ns3:hr>
            <ns3:cad>89</ns3:cad>
          </ns3:TrackPointExtension>
        </extensions>
      </trkpt>
      <trkpt lat="31.2161855399608612060546875" lon="121.38604648411273956298828125">
        <ele>15</ele>
        <time>2026-08-25T11:05:53.000Z</time>
        <extensions>
          <ns3:TrackPointExtension>
            <ns3:hr>140</ns3:hr>
            <ns3:cad>89</ns3:cad>
          </ns3:TrackPointExtension>
        </extensions>
      </trkpt>
      <trkpt lat="31.2161828577518463134765625" lon="121.38608177192509174346923828125">
        <ele>15</ele>
        <time>2026-08-25T11:05:54.000Z</time>
        <extensions>
          <ns3:TrackPointExtension>
            <ns3:hr>139</ns3:hr>
            <ns3:cad>88</ns3:cad>
          </ns3:TrackPointExtension>
        </extensions>
      </trkpt>
      <trkpt lat="31.21617841534316539764404296875" lon="121.38610708527266979217529296875">
        <ele>15</ele>
        <time>2026-08-25T11:05:55.000Z</time>
        <extensions>
          <ns3:TrackPointExtension>
            <ns3:hr>140</ns3:hr>
            <ns3:cad>87</ns3:cad>
          </ns3:TrackPointExtension>
        </extensions>
      </trkpt>
      <trkpt lat="31.21617489494383335113525390625" lon="121.38613575138151645660400390625">
        <ele>14.80000019073486328125</ele>
        <time>2026-08-25T11:05:56.000Z</time>
        <extensions>
          <ns3:TrackPointExtension>
            <ns3:hr>140</ns3:hr>
            <ns3:cad>87</ns3:cad>
          </ns3:TrackPointExtension>
        </extensions>
      </trkpt>
      <trkpt lat="31.2161699496209621429443359375" lon="121.38615586794912815093994140625">
        <ele>14.80000019073486328125</ele>
        <time>2026-08-25T11:05:57.000Z</time>
        <extensions>
          <ns3:TrackPointExtension>
            <ns3:hr>139</ns3:hr>
            <ns3:cad>87</ns3:cad>
          </ns3:TrackPointExtension>
        </extensions>
      </trkpt>
      <trkpt lat="31.2161612324416637420654296875" lon="121.38618336059153079986572265625">
        <ele>14.80000019073486328125</ele>
        <time>2026-08-25T11:05:58.000Z</time>
        <extensions>
          <ns3:TrackPointExtension>
            <ns3:hr>139</ns3:hr>
            <ns3:cad>88</ns3:cad>
          </ns3:TrackPointExtension>
        </extensions>
      </trkpt>
      <trkpt lat="31.216157376766204833984375" lon="121.38620850630104541778564453125">
        <ele>14.80000019073486328125</ele>
        <time>2026-08-25T11:05:59.000Z</time>
        <extensions>
          <ns3:TrackPointExtension>
            <ns3:hr>140</ns3:hr>
            <ns3:cad>88</ns3:cad>
          </ns3:TrackPointExtension>
        </extensions>
      </trkpt>
      <trkpt lat="31.216151006519794464111328125" lon="121.3862401060760021209716796875">
        <ele>14.80000019073486328125</ele>
        <time>2026-08-25T11:06:00.000Z</time>
        <extensions>
          <ns3:TrackPointExtension>
            <ns3:hr>139</ns3:hr>
            <ns3:cad>88</ns3:cad>
          </ns3:TrackPointExtension>
        </extensions>
      </trkpt>
      <trkpt lat="31.216146647930145263671875" lon="121.38626768253743648529052734375">
        <ele>14.80000019073486328125</ele>
        <time>2026-08-25T11:06:01.000Z</time>
        <extensions>
          <ns3:TrackPointExtension>
            <ns3:hr>139</ns3:hr>
            <ns3:cad>87</ns3:cad>
          </ns3:TrackPointExtension>
        </extensions>
      </trkpt>
      <trkpt lat="31.21614170260727405548095703125" lon="121.38629735447466373443603515625">
        <ele>14.80000019073486328125</ele>
        <time>2026-08-25T11:06:02.000Z</time>
        <extensions>
          <ns3:TrackPointExtension>
            <ns3:hr>139</ns3:hr>
            <ns3:cad>87</ns3:cad>
          </ns3:TrackPointExtension>
        </extensions>
      </trkpt>
      <trkpt lat="31.2161330692470073699951171875" lon="121.38632233254611492156982421875">
        <ele>14.80000019073486328125</ele>
        <time>2026-08-25T11:06:03.000Z</time>
        <extensions>
          <ns3:TrackPointExtension>
            <ns3:hr>139</ns3:hr>
            <ns3:cad>88</ns3:cad>
          </ns3:TrackPointExtension>
        </extensions>
      </trkpt>
      <trkpt lat="31.21613097377121448516845703125" lon="121.3863473944365978240966796875">
        <ele>15</ele>
        <time>2026-08-25T11:06:04.000Z</time>
        <extensions>
          <ns3:TrackPointExtension>
            <ns3:hr>138</ns3:hr>
            <ns3:cad>89</ns3:cad>
          </ns3:TrackPointExtension>
        </extensions>
      </trkpt>
      <trkpt lat="31.216125190258026123046875" lon="121.38637371361255645751953125">
        <ele>15</ele>
        <time>2026-08-25T11:06:05.000Z</time>
        <extensions>
          <ns3:TrackPointExtension>
            <ns3:hr>138</ns3:hr>
            <ns3:cad>89</ns3:cad>
          </ns3:TrackPointExtension>
        </extensions>
      </trkpt>
      <trkpt lat="31.21612125076353549957275390625" lon="121.3864053972065448760986328125">
        <ele>15</ele>
        <time>2026-08-25T11:06:06.000Z</time>
        <extensions>
          <ns3:TrackPointExtension>
            <ns3:hr>137</ns3:hr>
            <ns3:cad>88</ns3:cad>
          </ns3:TrackPointExtension>
        </extensions>
      </trkpt>
      <trkpt lat="31.2161142937839031219482421875" lon="121.38643347658216953277587890625">
        <ele>14.80000019073486328125</ele>
        <time>2026-08-25T11:06:07.000Z</time>
        <extensions>
          <ns3:TrackPointExtension>
            <ns3:hr>137</ns3:hr>
            <ns3:cad>87</ns3:cad>
          </ns3:TrackPointExtension>
        </extensions>
      </trkpt>
      <trkpt lat="31.21610851027071475982666015625" lon="121.3864573650062084197998046875">
        <ele>14.80000019073486328125</ele>
        <time>2026-08-25T11:06:08.000Z</time>
        <extensions>
          <ns3:TrackPointExtension>
            <ns3:hr>137</ns3:hr>
            <ns3:cad>87</ns3:cad>
          </ns3:TrackPointExtension>
        </extensions>
      </trkpt>
      <trkpt lat="31.216105408966541290283203125" lon="121.38648846186697483062744140625">
        <ele>14.80000019073486328125</ele>
        <time>2026-08-25T11:06:09.000Z</time>
        <extensions>
          <ns3:TrackPointExtension>
            <ns3:hr>137</ns3:hr>
            <ns3:cad>88</ns3:cad>
          </ns3:TrackPointExtension>
        </extensions>
      </trkpt>
      <trkpt lat="31.2160988710820674896240234375" lon="121.38651461340487003326416015625">
        <ele>14.80000019073486328125</ele>
        <time>2026-08-25T11:06:10.000Z</time>
        <extensions>
          <ns3:TrackPointExtension>
            <ns3:hr>137</ns3:hr>
            <ns3:cad>88</ns3:cad>
          </ns3:TrackPointExtension>
        </extensions>
      </trkpt>
      <trkpt lat="31.216087974607944488525390625" lon="121.38654797337949275970458984375">
        <ele>14.80000019073486328125</ele>
        <time>2026-08-25T11:06:11.000Z</time>
        <extensions>
          <ns3:TrackPointExtension>
            <ns3:hr>137</ns3:hr>
            <ns3:cad>88</ns3:cad>
          </ns3:TrackPointExtension>
        </extensions>
      </trkpt>
      <trkpt lat="31.21608219109475612640380859375" lon="121.386568509042263031005859375">
        <ele>14.80000019073486328125</ele>
        <time>2026-08-25T11:06:12.000Z</time>
        <extensions>
          <ns3:TrackPointExtension>
            <ns3:hr>137</ns3:hr>
            <ns3:cad>87</ns3:cad>
          </ns3:TrackPointExtension>
        </extensions>
      </trkpt>
      <trkpt lat="31.2160717137157917022705078125" lon="121.3865961693227291107177734375">
        <ele>14.80000019073486328125</ele>
        <time>2026-08-25T11:06:13.000Z</time>
        <extensions>
          <ns3:TrackPointExtension>
            <ns3:hr>137</ns3:hr>
            <ns3:cad>87</ns3:cad>
          </ns3:TrackPointExtension>
        </extensions>
      </trkpt>
      <trkpt lat="31.21606308035552501678466796875" lon="121.38662223704159259796142578125">
        <ele>14.80000019073486328125</ele>
        <time>2026-08-25T11:06:14.000Z</time>
        <extensions>
          <ns3:TrackPointExtension>
            <ns3:hr>137</ns3:hr>
            <ns3:cad>87</ns3:cad>
          </ns3:TrackPointExtension>
        </extensions>
      </trkpt>
      <trkpt lat="31.21605536900460720062255859375" lon="121.3866504840552806854248046875">
        <ele>14.80000019073486328125</ele>
        <time>2026-08-25T11:06:15.000Z</time>
        <extensions>
          <ns3:TrackPointExtension>
            <ns3:hr>137</ns3:hr>
            <ns3:cad>88</ns3:cad>
          </ns3:TrackPointExtension>
        </extensions>
      </trkpt>
      <trkpt lat="31.21604983694851398468017578125" lon="121.38666816987097263336181640625">
        <ele>14.80000019073486328125</ele>
        <time>2026-08-25T11:06:16.000Z</time>
        <extensions>
          <ns3:TrackPointExtension>
            <ns3:hr>136</ns3:hr>
            <ns3:cad>88</ns3:cad>
          </ns3:TrackPointExtension>
        </extensions>
      </trkpt>
      <trkpt lat="31.2160418741405010223388671875" lon="121.38669013045728206634521484375">
        <ele>14.80000019073486328125</ele>
        <time>2026-08-25T11:06:17.000Z</time>
        <extensions>
          <ns3:TrackPointExtension>
            <ns3:hr>137</ns3:hr>
            <ns3:cad>88</ns3:cad>
          </ns3:TrackPointExtension>
        </extensions>
      </trkpt>
      <trkpt lat="31.216033995151519775390625" lon="121.38671142049133777618408203125">
        <ele>14.80000019073486328125</ele>
        <time>2026-08-25T11:06:18.000Z</time>
        <extensions>
          <ns3:TrackPointExtension>
            <ns3:hr>136</ns3:hr>
            <ns3:cad>88</ns3:cad>
          </ns3:TrackPointExtension>
        </extensions>
      </trkpt>
      <trkpt lat="31.2160281278192996978759765625" lon="121.3867391645908355712890625">
        <ele>14.6000003814697265625</ele>
        <time>2026-08-25T11:06:19.000Z</time>
        <extensions>
          <ns3:TrackPointExtension>
            <ns3:hr>136</ns3:hr>
            <ns3:cad>87</ns3:cad>
          </ns3:TrackPointExtension>
        </extensions>
      </trkpt>
      <trkpt lat="31.21602150611579418182373046875" lon="121.38676322065293788909912109375">
        <ele>14.6000003814697265625</ele>
        <time>2026-08-25T11:06:20.000Z</time>
        <extensions>
          <ns3:TrackPointExtension>
            <ns3:hr>136</ns3:hr>
            <ns3:cad>87</ns3:cad>
          </ns3:TrackPointExtension>
        </extensions>
      </trkpt>
      <trkpt lat="31.21601966209709644317626953125" lon="121.3867896236479282379150390625">
        <ele>14.6000003814697265625</ele>
        <time>2026-08-25T11:06:21.000Z</time>
        <extensions>
          <ns3:TrackPointExtension>
            <ns3:hr>136</ns3:hr>
            <ns3:cad>87</ns3:cad>
          </ns3:TrackPointExtension>
        </extensions>
      </trkpt>
      <trkpt lat="31.21601010672748088836669921875" lon="121.38681493699550628662109375">
        <ele>14.6000003814697265625</ele>
        <time>2026-08-25T11:06:22.000Z</time>
        <extensions>
          <ns3:TrackPointExtension>
            <ns3:hr>137</ns3:hr>
            <ns3:cad>88</ns3:cad>
          </ns3:TrackPointExtension>
        </extensions>
      </trkpt>
      <trkpt lat="31.21600541286170482635498046875" lon="121.38683907687664031982421875">
        <ele>14.6000003814697265625</ele>
        <time>2026-08-25T11:06:23.000Z</time>
        <extensions>
          <ns3:TrackPointExtension>
            <ns3:hr>137</ns3:hr>
            <ns3:cad>88</ns3:cad>
          </ns3:TrackPointExtension>
        </extensions>
      </trkpt>
      <trkpt lat="31.216000132262706756591796875" lon="121.38686832971870899200439453125">
        <ele>14.6000003814697265625</ele>
        <time>2026-08-25T11:06:24.000Z</time>
        <extensions>
          <ns3:TrackPointExtension>
            <ns3:hr>137</ns3:hr>
            <ns3:cad>88</ns3:cad>
          </ns3:TrackPointExtension>
        </extensions>
      </trkpt>
      <trkpt lat="31.21599887497723102569580078125" lon="121.38689003884792327880859375">
        <ele>14.6000003814697265625</ele>
        <time>2026-08-25T11:06:25.000Z</time>
        <extensions>
          <ns3:TrackPointExtension>
            <ns3:hr>137</ns3:hr>
            <ns3:cad>87</ns3:cad>
          </ns3:TrackPointExtension>
        </extensions>
      </trkpt>
      <trkpt lat="31.21599652804434299468994140625" lon="121.38691359199583530426025390625">
        <ele>14.6000003814697265625</ele>
        <time>2026-08-25T11:06:26.000Z</time>
        <extensions>
          <ns3:TrackPointExtension>
            <ns3:hr>137</ns3:hr>
            <ns3:cad>87</ns3:cad>
          </ns3:TrackPointExtension>
        </extensions>
      </trkpt>
      <trkpt lat="31.2159868888556957244873046875" lon="121.3869404979050159454345703125">
        <ele>14.6000003814697265625</ele>
        <time>2026-08-25T11:06:27.000Z</time>
        <extensions>
          <ns3:TrackPointExtension>
            <ns3:hr>137</ns3:hr>
            <ns3:cad>87</ns3:cad>
          </ns3:TrackPointExtension>
        </extensions>
      </trkpt>
      <trkpt lat="31.21598278172314167022705078125" lon="121.38696505688130855560302734375">
        <ele>14.6000003814697265625</ele>
        <time>2026-08-25T11:06:28.000Z</time>
        <extensions>
          <ns3:TrackPointExtension>
            <ns3:hr>137</ns3:hr>
            <ns3:cad>88</ns3:cad>
          </ns3:TrackPointExtension>
        </extensions>
      </trkpt>
      <trkpt lat="31.21597741730511188507080078125" lon="121.38699556700885295867919921875">
        <ele>14.6000003814697265625</ele>
        <time>2026-08-25T11:06:29.000Z</time>
        <extensions>
          <ns3:TrackPointExtension>
            <ns3:hr>137</ns3:hr>
            <ns3:cad>88</ns3:cad>
          </ns3:TrackPointExtension>
        </extensions>
      </trkpt>
      <trkpt lat="31.21598102152347564697265625" lon="121.3870400749146938323974609375">
        <ele>14.6000003814697265625</ele>
        <time>2026-08-25T11:06:30.000Z</time>
        <extensions>
          <ns3:TrackPointExtension>
            <ns3:hr>137</ns3:hr>
            <ns3:cad>88</ns3:cad>
          </ns3:TrackPointExtension>
        </extensions>
      </trkpt>
      <trkpt lat="31.21598043479025363922119140625" lon="121.38707150705158710479736328125">
        <ele>14.6000003814697265625</ele>
        <time>2026-08-25T11:06:31.000Z</time>
        <extensions>
          <ns3:TrackPointExtension>
            <ns3:hr>138</ns3:hr>
            <ns3:cad>86</ns3:cad>
          </ns3:TrackPointExtension>
        </extensions>
      </trkpt>
      <trkpt lat="31.2159816920757293701171875" lon="121.387092210352420806884765625">
        <ele>14.6000003814697265625</ele>
        <time>2026-08-25T11:06:32.000Z</time>
        <extensions>
          <ns3:TrackPointExtension>
            <ns3:hr>137</ns3:hr>
            <ns3:cad>86</ns3:cad>
          </ns3:TrackPointExtension>
        </extensions>
      </trkpt>
      <trkpt lat="31.21597825549542903900146484375" lon="121.38711492531001567840576171875">
        <ele>14.6000003814697265625</ele>
        <time>2026-08-25T11:06:33.000Z</time>
        <extensions>
          <ns3:TrackPointExtension>
            <ns3:hr>137</ns3:hr>
            <ns3:cad>86</ns3:cad>
          </ns3:TrackPointExtension>
        </extensions>
      </trkpt>
      <trkpt lat="31.21598077006638050079345703125" lon="121.38713856227695941925048828125">
        <ele>14.80000019073486328125</ele>
        <time>2026-08-25T11:06:34.000Z</time>
        <extensions>
          <ns3:TrackPointExtension>
            <ns3:hr>137</ns3:hr>
            <ns3:cad>88</ns3:cad>
          </ns3:TrackPointExtension>
        </extensions>
      </trkpt>
      <trkpt lat="31.21597691439092159271240234375" lon="121.3871684856712818145751953125">
        <ele>14.80000019073486328125</ele>
        <time>2026-08-25T11:06:35.000Z</time>
        <extensions>
          <ns3:TrackPointExtension>
            <ns3:hr>137</ns3:hr>
            <ns3:cad>88</ns3:cad>
          </ns3:TrackPointExtension>
        </extensions>
      </trkpt>
      <trkpt lat="31.215965934097766876220703125" lon="121.387197487056255340576171875">
        <ele>14.80000019073486328125</ele>
        <time>2026-08-25T11:06:36.000Z</time>
        <extensions>
          <ns3:TrackPointExtension>
            <ns3:hr>137</ns3:hr>
            <ns3:cad>87</ns3:cad>
          </ns3:TrackPointExtension>
        </extensions>
      </trkpt>
      <trkpt lat="31.215965263545513153076171875" lon="121.38722724281251430511474609375">
        <ele>14.80000019073486328125</ele>
        <time>2026-08-25T11:06:37.000Z</time>
        <extensions>
          <ns3:TrackPointExtension>
            <ns3:hr>137</ns3:hr>
            <ns3:cad>85</ns3:cad>
          </ns3:TrackPointExtension>
        </extensions>
      </trkpt>
      <trkpt lat="31.21595629490911960601806640625" lon="121.38726110570132732391357421875">
        <ele>14.80000019073486328125</ele>
        <time>2026-08-25T11:06:38.000Z</time>
        <extensions>
          <ns3:TrackPointExtension>
            <ns3:hr>137</ns3:hr>
            <ns3:cad>85</ns3:cad>
          </ns3:TrackPointExtension>
        </extensions>
      </trkpt>
      <trkpt lat="31.2159553728997707366943359375" lon="121.3872848264873027801513671875">
        <ele>15</ele>
        <time>2026-08-25T11:06:39.000Z</time>
        <extensions>
          <ns3:TrackPointExtension>
            <ns3:hr>138</ns3:hr>
            <ns3:cad>86</ns3:cad>
          </ns3:TrackPointExtension>
        </extensions>
      </trkpt>
      <trkpt lat="31.215944476425647735595703125" lon="121.38731181621551513671875">
        <ele>15</ele>
        <time>2026-08-25T11:06:40.000Z</time>
        <extensions>
          <ns3:TrackPointExtension>
            <ns3:hr>137</ns3:hr>
            <ns3:cad>86</ns3:cad>
          </ns3:TrackPointExtension>
        </extensions>
      </trkpt>
      <trkpt lat="31.2159396149218082427978515625" lon="121.3873367942869663238525390625">
        <ele>15</ele>
        <time>2026-08-25T11:06:41.000Z</time>
        <extensions>
          <ns3:TrackPointExtension>
            <ns3:hr>137</ns3:hr>
            <ns3:cad>86</ns3:cad>
          </ns3:TrackPointExtension>
        </extensions>
      </trkpt>
      <trkpt lat="31.21592612005770206451416015625" lon="121.3873609341681003570556640625">
        <ele>15.19999980926513671875</ele>
        <time>2026-08-25T11:06:42.000Z</time>
        <extensions>
          <ns3:TrackPointExtension>
            <ns3:hr>137</ns3:hr>
            <ns3:cad>86</ns3:cad>
          </ns3:TrackPointExtension>
        </extensions>
      </trkpt>
      <trkpt lat="31.2159184925258159637451171875" lon="121.38738616369664669036865234375">
        <ele>15.19999980926513671875</ele>
        <time>2026-08-25T11:06:43.000Z</time>
        <extensions>
          <ns3:TrackPointExtension>
            <ns3:hr>137</ns3:hr>
            <ns3:cad>86</ns3:cad>
          </ns3:TrackPointExtension>
        </extensions>
      </trkpt>
      <trkpt lat="31.21590323746204376220703125" lon="121.387416757643222808837890625">
        <ele>15</ele>
        <time>2026-08-25T11:06:44.000Z</time>
        <extensions>
          <ns3:TrackPointExtension>
            <ns3:hr>137</ns3:hr>
            <ns3:cad>86</ns3:cad>
          </ns3:TrackPointExtension>
        </extensions>
      </trkpt>
      <trkpt lat="31.21589292772114276885986328125" lon="121.387438215315341949462890625">
        <ele>15</ele>
        <time>2026-08-25T11:06:45.000Z</time>
        <extensions>
          <ns3:TrackPointExtension>
            <ns3:hr>137</ns3:hr>
            <ns3:cad>86</ns3:cad>
          </ns3:TrackPointExtension>
        </extensions>
      </trkpt>
      <trkpt lat="31.215889155864715576171875" lon="121.3874641992151737213134765625">
        <ele>15</ele>
        <time>2026-08-25T11:06:46.000Z</time>
        <extensions>
          <ns3:TrackPointExtension>
            <ns3:hr>137</ns3:hr>
            <ns3:cad>86</ns3:cad>
          </ns3:TrackPointExtension>
        </extensions>
      </trkpt>
      <trkpt lat="31.21588504873216152191162109375" lon="121.3874875009059906005859375">
        <ele>15</ele>
        <time>2026-08-25T11:06:47.000Z</time>
        <extensions>
          <ns3:TrackPointExtension>
            <ns3:hr>136</ns3:hr>
            <ns3:cad>88</ns3:cad>
          </ns3:TrackPointExtension>
        </extensions>
      </trkpt>
      <trkpt lat="31.2158859707415103912353515625" lon="121.3875143229961395263671875">
        <ele>15</ele>
        <time>2026-08-25T11:06:48.000Z</time>
        <extensions>
          <ns3:TrackPointExtension>
            <ns3:hr>137</ns3:hr>
            <ns3:cad>88</ns3:cad>
          </ns3:TrackPointExtension>
        </extensions>
      </trkpt>
      <trkpt lat="31.21587867848575115203857421875" lon="121.38754491694271564483642578125">
        <ele>15</ele>
        <time>2026-08-25T11:06:49.000Z</time>
        <extensions>
          <ns3:TrackPointExtension>
            <ns3:hr>137</ns3:hr>
            <ns3:cad>87</ns3:cad>
          </ns3:TrackPointExtension>
        </extensions>
      </trkpt>
      <trkpt lat="31.2158759124577045440673828125" lon="121.38756453059613704681396484375">
        <ele>15</ele>
        <time>2026-08-25T11:06:50.000Z</time>
        <extensions>
          <ns3:TrackPointExtension>
            <ns3:hr>136</ns3:hr>
            <ns3:cad>87</ns3:cad>
          </ns3:TrackPointExtension>
        </extensions>
      </trkpt>
      <trkpt lat="31.2158688716590404510498046875" lon="121.38759411871433258056640625">
        <ele>15</ele>
        <time>2026-08-25T11:06:51.000Z</time>
        <extensions>
          <ns3:TrackPointExtension>
            <ns3:hr>136</ns3:hr>
            <ns3:cad>86</ns3:cad>
          </ns3:TrackPointExtension>
        </extensions>
      </trkpt>
      <trkpt lat="31.2158635072410106658935546875" lon="121.38762068934738636016845703125">
        <ele>14.80000019073486328125</ele>
        <time>2026-08-25T11:06:52.000Z</time>
        <extensions>
          <ns3:TrackPointExtension>
            <ns3:hr>136</ns3:hr>
            <ns3:cad>86</ns3:cad>
          </ns3:TrackPointExtension>
        </extensions>
      </trkpt>
      <trkpt lat="31.21585085056722164154052734375" lon="121.3876469247043132781982421875">
        <ele>14.80000019073486328125</ele>
        <time>2026-08-25T11:06:53.000Z</time>
        <extensions>
          <ns3:TrackPointExtension>
            <ns3:hr>136</ns3:hr>
            <ns3:cad>87</ns3:cad>
          </ns3:TrackPointExtension>
        </extensions>
      </trkpt>
      <trkpt lat="31.21584280394017696380615234375" lon="121.387668885290622711181640625">
        <ele>14.6000003814697265625</ele>
        <time>2026-08-25T11:06:54.000Z</time>
        <extensions>
          <ns3:TrackPointExtension>
            <ns3:hr>136</ns3:hr>
            <ns3:cad>88</ns3:cad>
          </ns3:TrackPointExtension>
        </extensions>
      </trkpt>
      <trkpt lat="31.21583391912281513214111328125" lon="121.38770350255072116851806640625">
        <ele>14.6000003814697265625</ele>
        <time>2026-08-25T11:06:55.000Z</time>
        <extensions>
          <ns3:TrackPointExtension>
            <ns3:hr>136</ns3:hr>
            <ns3:cad>88</ns3:cad>
          </ns3:TrackPointExtension>
        </extensions>
      </trkpt>
      <trkpt lat="31.21583090163767337799072265625" lon="121.3877263851463794708251953125">
        <ele>14.6000003814697265625</ele>
        <time>2026-08-25T11:06:56.000Z</time>
        <extensions>
          <ns3:TrackPointExtension>
            <ns3:hr>136</ns3:hr>
            <ns3:cad>87</ns3:cad>
          </ns3:TrackPointExtension>
        </extensions>
      </trkpt>
      <trkpt lat="31.2158276326954364776611328125" lon="121.38775102794170379638671875">
        <ele>14.3999996185302734375</ele>
        <time>2026-08-25T11:06:57.000Z</time>
        <extensions>
          <ns3:TrackPointExtension>
            <ns3:hr>135</ns3:hr>
            <ns3:cad>86</ns3:cad>
          </ns3:TrackPointExtension>
        </extensions>
      </trkpt>
      <trkpt lat="31.215821765363216400146484375" lon="121.38777977786958217620849609375">
        <ele>14.6000003814697265625</ele>
        <time>2026-08-25T11:06:58.000Z</time>
        <extensions>
          <ns3:TrackPointExtension>
            <ns3:hr>135</ns3:hr>
            <ns3:cad>86</ns3:cad>
          </ns3:TrackPointExtension>
        </extensions>
      </trkpt>
      <trkpt lat="31.21581598185002803802490234375" lon="121.38780592940747737884521484375">
        <ele>14.6000003814697265625</ele>
        <time>2026-08-25T11:06:59.000Z</time>
        <extensions>
          <ns3:TrackPointExtension>
            <ns3:hr>135</ns3:hr>
            <ns3:cad>88</ns3:cad>
          </ns3:TrackPointExtension>
        </extensions>
      </trkpt>
      <trkpt lat="31.21581472456455230712890625" lon="121.38783208094537258148193359375">
        <ele>14.6000003814697265625</ele>
        <time>2026-08-25T11:07:00.000Z</time>
        <extensions>
          <ns3:TrackPointExtension>
            <ns3:hr>135</ns3:hr>
            <ns3:cad>88</ns3:cad>
          </ns3:TrackPointExtension>
        </extensions>
      </trkpt>
      <trkpt lat="31.2158127129077911376953125" lon="121.3878494314849376678466796875">
        <ele>14.6000003814697265625</ele>
        <time>2026-08-25T11:07:01.000Z</time>
        <extensions>
          <ns3:TrackPointExtension>
            <ns3:hr>135</ns3:hr>
            <ns3:cad>88</ns3:cad>
          </ns3:TrackPointExtension>
        </extensions>
      </trkpt>
      <trkpt lat="31.2157991342246532440185546875" lon="121.38787172734737396240234375">
        <ele>14.6000003814697265625</ele>
        <time>2026-08-25T11:07:02.000Z</time>
        <extensions>
          <ns3:TrackPointExtension>
            <ns3:hr>135</ns3:hr>
            <ns3:cad>87</ns3:cad>
          </ns3:TrackPointExtension>
        </extensions>
      </trkpt>
      <trkpt lat="31.21579502709209918975830078125" lon="121.38789243064820766448974609375">
        <ele>14.6000003814697265625</ele>
        <time>2026-08-25T11:07:03.000Z</time>
        <extensions>
          <ns3:TrackPointExtension>
            <ns3:hr>135</ns3:hr>
            <ns3:cad>87</ns3:cad>
          </ns3:TrackPointExtension>
        </extensions>
      </trkpt>
      <trkpt lat="31.21578513644635677337646484375" lon="121.38792377896606922149658203125">
        <ele>14.6000003814697265625</ele>
        <time>2026-08-25T11:07:04.000Z</time>
        <extensions>
          <ns3:TrackPointExtension>
            <ns3:hr>135</ns3:hr>
            <ns3:cad>87</ns3:cad>
          </ns3:TrackPointExtension>
        </extensions>
      </trkpt>
      <trkpt lat="31.21578161604702472686767578125" lon="121.38795009814202785491943359375">
        <ele>14.6000003814697265625</ele>
        <time>2026-08-25T11:07:05.000Z</time>
        <extensions>
          <ns3:TrackPointExtension>
            <ns3:hr>135</ns3:hr>
            <ns3:cad>88</ns3:cad>
          </ns3:TrackPointExtension>
        </extensions>
      </trkpt>
      <trkpt lat="31.21577323414385318756103515625" lon="121.387980021536350250244140625">
        <ele>14.6000003814697265625</ele>
        <time>2026-08-25T11:07:06.000Z</time>
        <extensions>
          <ns3:TrackPointExtension>
            <ns3:hr>136</ns3:hr>
            <ns3:cad>88</ns3:cad>
          </ns3:TrackPointExtension>
        </extensions>
      </trkpt>
      <trkpt lat="31.2157676182687282562255859375" lon="121.38800240121781826019287109375">
        <ele>14.6000003814697265625</ele>
        <time>2026-08-25T11:07:07.000Z</time>
        <extensions>
          <ns3:TrackPointExtension>
            <ns3:hr>136</ns3:hr>
            <ns3:cad>88</ns3:cad>
          </ns3:TrackPointExtension>
        </extensions>
      </trkpt>
      <trkpt lat="31.21576233766973018646240234375" lon="121.38802872039377689361572265625">
        <ele>14.6000003814697265625</ele>
        <time>2026-08-25T11:07:08.000Z</time>
        <extensions>
          <ns3:TrackPointExtension>
            <ns3:hr>136</ns3:hr>
            <ns3:cad>88</ns3:cad>
          </ns3:TrackPointExtension>
        </extensions>
      </trkpt>
      <trkpt lat="31.2157538719475269317626953125" lon="121.38805520720779895782470703125">
        <ele>14.6000003814697265625</ele>
        <time>2026-08-25T11:07:09.000Z</time>
        <extensions>
          <ns3:TrackPointExtension>
            <ns3:hr>137</ns3:hr>
            <ns3:cad>87</ns3:cad>
          </ns3:TrackPointExtension>
        </extensions>
      </trkpt>
      <trkpt lat="31.2157532013952732086181640625" lon="121.3880775868892669677734375">
        <ele>14.6000003814697265625</ele>
        <time>2026-08-25T11:07:10.000Z</time>
        <extensions>
          <ns3:TrackPointExtension>
            <ns3:hr>137</ns3:hr>
            <ns3:cad>86</ns3:cad>
          </ns3:TrackPointExtension>
        </extensions>
      </trkpt>
      <trkpt lat="31.215745322406291961669921875" lon="121.38810633681714534759521484375">
        <ele>14.6000003814697265625</ele>
        <time>2026-08-25T11:07:11.000Z</time>
        <extensions>
          <ns3:TrackPointExtension>
            <ns3:hr>137</ns3:hr>
            <ns3:cad>86</ns3:cad>
          </ns3:TrackPointExtension>
        </extensions>
      </trkpt>
      <trkpt lat="31.21575144119560718536376953125" lon="121.38812947086989879608154296875">
        <ele>14.6000003814697265625</ele>
        <time>2026-08-25T11:07:12.000Z</time>
        <extensions>
          <ns3:TrackPointExtension>
            <ns3:hr>137</ns3:hr>
            <ns3:cad>87</ns3:cad>
          </ns3:TrackPointExtension>
        </extensions>
      </trkpt>
      <trkpt lat="31.21574574150145053863525390625" lon="121.38815939426422119140625">
        <ele>14.6000003814697265625</ele>
        <time>2026-08-25T11:07:13.000Z</time>
        <extensions>
          <ns3:TrackPointExtension>
            <ns3:hr>137</ns3:hr>
            <ns3:cad>87</ns3:cad>
          </ns3:TrackPointExtension>
        </extensions>
      </trkpt>
      <trkpt lat="31.2157461605966091156005859375" lon="121.38817925937473773956298828125">
        <ele>14.3999996185302734375</ele>
        <time>2026-08-25T11:07:14.000Z</time>
        <extensions>
          <ns3:TrackPointExtension>
            <ns3:hr>138</ns3:hr>
            <ns3:cad>87</ns3:cad>
          </ns3:TrackPointExtension>
        </extensions>
      </trkpt>
      <trkpt lat="31.21573518030345439910888671875" lon="121.3882076740264892578125">
        <ele>14.3999996185302734375</ele>
        <time>2026-08-25T11:07:15.000Z</time>
        <extensions>
          <ns3:TrackPointExtension>
            <ns3:hr>138</ns3:hr>
            <ns3:cad>87</ns3:cad>
          </ns3:TrackPointExtension>
        </extensions>
      </trkpt>
      <trkpt lat="31.21573165990412235260009765625" lon="121.388229466974735260009765625">
        <ele>14.3999996185302734375</ele>
        <time>2026-08-25T11:07:16.000Z</time>
        <extensions>
          <ns3:TrackPointExtension>
            <ns3:hr>138</ns3:hr>
            <ns3:cad>86</ns3:cad>
          </ns3:TrackPointExtension>
        </extensions>
      </trkpt>
      <trkpt lat="31.2157277204096317291259765625" lon="121.38825595378875732421875">
        <ele>14.3999996185302734375</ele>
        <time>2026-08-25T11:07:17.000Z</time>
        <extensions>
          <ns3:TrackPointExtension>
            <ns3:hr>138</ns3:hr>
            <ns3:cad>86</ns3:cad>
          </ns3:TrackPointExtension>
        </extensions>
      </trkpt>
      <trkpt lat="31.2157226912677288055419921875" lon="121.38828101567924022674560546875">
        <ele>14.6000003814697265625</ele>
        <time>2026-08-25T11:07:18.000Z</time>
        <extensions>
          <ns3:TrackPointExtension>
            <ns3:hr>138</ns3:hr>
            <ns3:cad>88</ns3:cad>
          </ns3:TrackPointExtension>
        </extensions>
      </trkpt>
      <trkpt lat="31.21571950614452362060546875" lon="121.3883033953607082366943359375">
        <ele>14.6000003814697265625</ele>
        <time>2026-08-25T11:07:19.000Z</time>
        <extensions>
          <ns3:TrackPointExtension>
            <ns3:hr>139</ns3:hr>
            <ns3:cad>88</ns3:cad>
          </ns3:TrackPointExtension>
        </extensions>
      </trkpt>
      <trkpt lat="31.21570819057524204254150390625" lon="121.38833214528858661651611328125">
        <ele>14.3999996185302734375</ele>
        <time>2026-08-25T11:07:20.000Z</time>
        <extensions>
          <ns3:TrackPointExtension>
            <ns3:hr>139</ns3:hr>
            <ns3:cad>87</ns3:cad>
          </ns3:TrackPointExtension>
        </extensions>
      </trkpt>
      <trkpt lat="31.21570282615721225738525390625" lon="121.3883634097874164581298828125">
        <ele>14.6000003814697265625</ele>
        <time>2026-08-25T11:07:21.000Z</time>
        <extensions>
          <ns3:TrackPointExtension>
            <ns3:hr>140</ns3:hr>
            <ns3:cad>87</ns3:cad>
          </ns3:TrackPointExtension>
        </extensions>
      </trkpt>
      <trkpt lat="31.21569695882499217987060546875" lon="121.388392746448516845703125">
        <ele>14.6000003814697265625</ele>
        <time>2026-08-25T11:07:22.000Z</time>
        <extensions>
          <ns3:TrackPointExtension>
            <ns3:hr>139</ns3:hr>
            <ns3:cad>86</ns3:cad>
          </ns3:TrackPointExtension>
        </extensions>
      </trkpt>
      <trkpt lat="31.2156985513865947723388671875" lon="121.3884147070348262786865234375">
        <ele>14.3999996185302734375</ele>
        <time>2026-08-25T11:07:23.000Z</time>
        <extensions>
          <ns3:TrackPointExtension>
            <ns3:hr>139</ns3:hr>
            <ns3:cad>86</ns3:cad>
          </ns3:TrackPointExtension>
        </extensions>
      </trkpt>
      <trkpt lat="31.21569293551146984100341796875" lon="121.388441026210784912109375">
        <ele>14.6000003814697265625</ele>
        <time>2026-08-25T11:07:24.000Z</time>
        <extensions>
          <ns3:TrackPointExtension>
            <ns3:hr>139</ns3:hr>
            <ns3:cad>88</ns3:cad>
          </ns3:TrackPointExtension>
        </extensions>
      </trkpt>
      <trkpt lat="31.2156915105879306793212890625" lon="121.3884592987596988677978515625">
        <ele>14.6000003814697265625</ele>
        <time>2026-08-25T11:07:25.000Z</time>
        <extensions>
          <ns3:TrackPointExtension>
            <ns3:hr>140</ns3:hr>
            <ns3:cad>88</ns3:cad>
          </ns3:TrackPointExtension>
        </extensions>
      </trkpt>
      <trkpt lat="31.215682290494441986083984375" lon="121.38848804868757724761962890625">
        <ele>14.3999996185302734375</ele>
        <time>2026-08-25T11:07:26.000Z</time>
        <extensions>
          <ns3:TrackPointExtension>
            <ns3:hr>140</ns3:hr>
            <ns3:cad>87</ns3:cad>
          </ns3:TrackPointExtension>
        </extensions>
      </trkpt>
      <trkpt lat="31.21567918919026851654052734375" lon="121.38850900344550609588623046875">
        <ele>14.6000003814697265625</ele>
        <time>2026-08-25T11:07:27.000Z</time>
        <extensions>
          <ns3:TrackPointExtension>
            <ns3:hr>140</ns3:hr>
            <ns3:cad>87</ns3:cad>
          </ns3:TrackPointExtension>
        </extensions>
      </trkpt>
      <trkpt lat="31.21566795744001865386962890625" lon="121.388535909354686737060546875">
        <ele>14.6000003814697265625</ele>
        <time>2026-08-25T11:07:28.000Z</time>
        <extensions>
          <ns3:TrackPointExtension>
            <ns3:hr>140</ns3:hr>
            <ns3:cad>87</ns3:cad>
          </ns3:TrackPointExtension>
        </extensions>
      </trkpt>
      <trkpt lat="31.2156625092029571533203125" lon="121.38855678029358386993408203125">
        <ele>14.6000003814697265625</ele>
        <time>2026-08-25T11:07:29.000Z</time>
        <extensions>
          <ns3:TrackPointExtension>
            <ns3:hr>140</ns3:hr>
            <ns3:cad>87</ns3:cad>
          </ns3:TrackPointExtension>
        </extensions>
      </trkpt>
      <trkpt lat="31.2156512774527072906494140625" lon="121.3885813392698764801025390625">
        <ele>14.6000003814697265625</ele>
        <time>2026-08-25T11:07:30.000Z</time>
        <extensions>
          <ns3:TrackPointExtension>
            <ns3:hr>141</ns3:hr>
            <ns3:cad>89</ns3:cad>
          </ns3:TrackPointExtension>
        </extensions>
      </trkpt>
      <trkpt lat="31.21564130298793315887451171875" lon="121.38860656879842281341552734375">
        <ele>14.6000003814697265625</ele>
        <time>2026-08-25T11:07:31.000Z</time>
        <extensions>
          <ns3:TrackPointExtension>
            <ns3:hr>141</ns3:hr>
            <ns3:cad>89</ns3:cad>
          </ns3:TrackPointExtension>
        </extensions>
      </trkpt>
      <trkpt lat="31.21563241817057132720947265625" lon="121.388631127774715423583984375">
        <ele>14.3999996185302734375</ele>
        <time>2026-08-25T11:07:32.000Z</time>
        <extensions>
          <ns3:TrackPointExtension>
            <ns3:hr>142</ns3:hr>
            <ns3:cad>88</ns3:cad>
          </ns3:TrackPointExtension>
        </extensions>
      </trkpt>
      <trkpt lat="31.21562722139060497283935546875" lon="121.38866675086319446563720703125">
        <ele>14.3999996185302734375</ele>
        <time>2026-08-25T11:07:33.000Z</time>
        <extensions>
          <ns3:TrackPointExtension>
            <ns3:hr>142</ns3:hr>
            <ns3:cad>87</ns3:cad>
          </ns3:TrackPointExtension>
        </extensions>
      </trkpt>
      <trkpt lat="31.2156190909445285797119140625" lon="121.38869591988623142242431640625">
        <ele>14.3999996185302734375</ele>
        <time>2026-08-25T11:07:34.000Z</time>
        <extensions>
          <ns3:TrackPointExtension>
            <ns3:hr>142</ns3:hr>
            <ns3:cad>87</ns3:cad>
          </ns3:TrackPointExtension>
        </extensions>
      </trkpt>
      <trkpt lat="31.21560861356556415557861328125" lon="121.38872609473764896392822265625">
        <ele>14.3999996185302734375</ele>
        <time>2026-08-25T11:07:35.000Z</time>
        <extensions>
          <ns3:TrackPointExtension>
            <ns3:hr>143</ns3:hr>
            <ns3:cad>86</ns3:cad>
          </ns3:TrackPointExtension>
        </extensions>
      </trkpt>
      <trkpt lat="31.21560676954686641693115234375" lon="121.388749144971370697021484375">
        <ele>14.3999996185302734375</ele>
        <time>2026-08-25T11:07:36.000Z</time>
        <extensions>
          <ns3:TrackPointExtension>
            <ns3:hr>143</ns3:hr>
            <ns3:cad>86</ns3:cad>
          </ns3:TrackPointExtension>
        </extensions>
      </trkpt>
      <trkpt lat="31.2156009860336780548095703125" lon="121.38877688907086849212646484375">
        <ele>14.3999996185302734375</ele>
        <time>2026-08-25T11:07:37.000Z</time>
        <extensions>
          <ns3:TrackPointExtension>
            <ns3:hr>143</ns3:hr>
            <ns3:cad>88</ns3:cad>
          </ns3:TrackPointExtension>
        </extensions>
      </trkpt>
      <trkpt lat="31.21560442261397838592529296875" lon="121.38879247941076755523681640625">
        <ele>14.3999996185302734375</ele>
        <time>2026-08-25T11:07:38.000Z</time>
        <extensions>
          <ns3:TrackPointExtension>
            <ns3:hr>143</ns3:hr>
            <ns3:cad>88</ns3:cad>
          </ns3:TrackPointExtension>
        </extensions>
      </trkpt>
      <trkpt lat="31.21560073457658290863037109375" lon="121.38881728984415531158447265625">
        <ele>14.3999996185302734375</ele>
        <time>2026-08-25T11:07:39.000Z</time>
        <extensions>
          <ns3:TrackPointExtension>
            <ns3:hr>142</ns3:hr>
            <ns3:cad>87</ns3:cad>
          </ns3:TrackPointExtension>
        </extensions>
      </trkpt>
      <trkpt lat="31.2155926041305065155029296875" lon="121.38883304782211780548095703125">
        <ele>14.3999996185302734375</ele>
        <time>2026-08-25T11:07:40.000Z</time>
        <extensions>
          <ns3:TrackPointExtension>
            <ns3:hr>143</ns3:hr>
            <ns3:cad>87</ns3:cad>
          </ns3:TrackPointExtension>
        </extensions>
      </trkpt>
      <trkpt lat="31.21558271348476409912109375" lon="121.3888602890074253082275390625">
        <ele>14.3999996185302734375</ele>
        <time>2026-08-25T11:07:41.000Z</time>
        <extensions>
          <ns3:TrackPointExtension>
            <ns3:hr>142</ns3:hr>
            <ns3:cad>87</ns3:cad>
          </ns3:TrackPointExtension>
        </extensions>
      </trkpt>
      <trkpt lat="31.21557860635221004486083984375" lon="121.3888777233660221099853515625">
        <ele>14.3999996185302734375</ele>
        <time>2026-08-25T11:07:42.000Z</time>
        <extensions>
          <ns3:TrackPointExtension>
            <ns3:hr>142</ns3:hr>
            <ns3:cad>87</ns3:cad>
          </ns3:TrackPointExtension>
        </extensions>
      </trkpt>
      <trkpt lat="31.21557206846773624420166015625" lon="121.38889926485717296600341796875">
        <ele>14.3999996185302734375</ele>
        <time>2026-08-25T11:07:43.000Z</time>
        <extensions>
          <ns3:TrackPointExtension>
            <ns3:hr>142</ns3:hr>
            <ns3:cad>88</ns3:cad>
          </ns3:TrackPointExtension>
        </extensions>
      </trkpt>
      <trkpt lat="31.2155661173164844512939453125" lon="121.3889229856431484222412109375">
        <ele>14.3999996185302734375</ele>
        <time>2026-08-25T11:07:44.000Z</time>
        <extensions>
          <ns3:TrackPointExtension>
            <ns3:hr>143</ns3:hr>
            <ns3:cad>88</ns3:cad>
          </ns3:TrackPointExtension>
        </extensions>
      </trkpt>
      <trkpt lat="31.2155617587268352508544921875" lon="121.38895173557102680206298828125">
        <ele>14.3999996185302734375</ele>
        <time>2026-08-25T11:07:45.000Z</time>
        <extensions>
          <ns3:TrackPointExtension>
            <ns3:hr>142</ns3:hr>
            <ns3:cad>87</ns3:cad>
          </ns3:TrackPointExtension>
        </extensions>
      </trkpt>
      <trkpt lat="31.2155520357191562652587890625" lon="121.38897805474698543548583984375">
        <ele>14.3999996185302734375</ele>
        <time>2026-08-25T11:07:46.000Z</time>
        <extensions>
          <ns3:TrackPointExtension>
            <ns3:hr>142</ns3:hr>
            <ns3:cad>87</ns3:cad>
          </ns3:TrackPointExtension>
        </extensions>
      </trkpt>
      <trkpt lat="31.215546168386936187744140625" lon="121.38900571502745151519775390625">
        <ele>14.19999980926513671875</ele>
        <time>2026-08-25T11:07:47.000Z</time>
        <extensions>
          <ns3:TrackPointExtension>
            <ns3:hr>143</ns3:hr>
            <ns3:cad>87</ns3:cad>
          </ns3:TrackPointExtension>
        </extensions>
      </trkpt>
      <trkpt lat="31.2155439890921115875244140625" lon="121.38902901671826839447021484375">
        <ele>14.19999980926513671875</ele>
        <time>2026-08-25T11:07:48.000Z</time>
        <extensions>
          <ns3:TrackPointExtension>
            <ns3:hr>142</ns3:hr>
            <ns3:cad>88</ns3:cad>
          </ns3:TrackPointExtension>
        </extensions>
      </trkpt>
      <trkpt lat="31.2155449949204921722412109375" lon="121.38906489126384258270263671875">
        <ele>14.19999980926513671875</ele>
        <time>2026-08-25T11:07:49.000Z</time>
        <extensions>
          <ns3:TrackPointExtension>
            <ns3:hr>142</ns3:hr>
            <ns3:cad>88</ns3:cad>
          </ns3:TrackPointExtension>
        </extensions>
      </trkpt>
      <trkpt lat="31.21554113924503326416015625" lon="121.38909473083913326263427734375">
        <ele>14.3999996185302734375</ele>
        <time>2026-08-25T11:07:50.000Z</time>
        <extensions>
          <ns3:TrackPointExtension>
            <ns3:hr>142</ns3:hr>
            <ns3:cad>88</ns3:cad>
          </ns3:TrackPointExtension>
        </extensions>
      </trkpt>
      <trkpt lat="31.2155396305024623870849609375" lon="121.38911635614931583404541015625">
        <ele>14.19999980926513671875</ele>
        <time>2026-08-25T11:07:51.000Z</time>
        <extensions>
          <ns3:TrackPointExtension>
            <ns3:hr>142</ns3:hr>
            <ns3:cad>87</ns3:cad>
          </ns3:TrackPointExtension>
        </extensions>
      </trkpt>
      <trkpt lat="31.21553250588476657867431640625" lon="121.38915156014263629913330078125">
        <ele>14.19999980926513671875</ele>
        <time>2026-08-25T11:07:52.000Z</time>
        <extensions>
          <ns3:TrackPointExtension>
            <ns3:hr>142</ns3:hr>
            <ns3:cad>87</ns3:cad>
          </ns3:TrackPointExtension>
        </extensions>
      </trkpt>
      <trkpt lat="31.21552848257124423980712890625" lon="121.3891747780144214630126953125">
        <ele>14.19999980926513671875</ele>
        <time>2026-08-25T11:07:53.000Z</time>
        <extensions>
          <ns3:TrackPointExtension>
            <ns3:hr>142</ns3:hr>
            <ns3:cad>87</ns3:cad>
          </ns3:TrackPointExtension>
        </extensions>
      </trkpt>
      <trkpt lat="31.2155205197632312774658203125" lon="121.38920621015131473541259765625">
        <ele>14.19999980926513671875</ele>
        <time>2026-08-25T11:07:54.000Z</time>
        <extensions>
          <ns3:TrackPointExtension>
            <ns3:hr>142</ns3:hr>
            <ns3:cad>88</ns3:cad>
          </ns3:TrackPointExtension>
        </extensions>
      </trkpt>
      <trkpt lat="31.21551456861197948455810546875" lon="121.38923051767051219940185546875">
        <ele>14.19999980926513671875</ele>
        <time>2026-08-25T11:07:55.000Z</time>
        <extensions>
          <ns3:TrackPointExtension>
            <ns3:hr>143</ns3:hr>
            <ns3:cad>88</ns3:cad>
          </ns3:TrackPointExtension>
        </extensions>
      </trkpt>
      <trkpt lat="31.215505264699459075927734375" lon="121.38925750739872455596923828125">
        <ele>14.19999980926513671875</ele>
        <time>2026-08-25T11:07:56.000Z</time>
        <extensions>
          <ns3:TrackPointExtension>
            <ns3:hr>142</ns3:hr>
            <ns3:cad>88</ns3:cad>
          </ns3:TrackPointExtension>
        </extensions>
      </trkpt>
      <trkpt lat="31.21549176983535289764404296875" lon="121.3892797194421291351318359375">
        <ele>14</ele>
        <time>2026-08-25T11:07:57.000Z</time>
        <extensions>
          <ns3:TrackPointExtension>
            <ns3:hr>142</ns3:hr>
            <ns3:cad>87</ns3:cad>
          </ns3:TrackPointExtension>
        </extensions>
      </trkpt>
      <trkpt lat="31.215473078191280364990234375" lon="121.38931475579738616943359375">
        <ele>14</ele>
        <time>2026-08-25T11:07:58.000Z</time>
        <extensions>
          <ns3:TrackPointExtension>
            <ns3:hr>143</ns3:hr>
            <ns3:cad>87</ns3:cad>
          </ns3:TrackPointExtension>
        </extensions>
      </trkpt>
      <trkpt lat="31.21546226553618907928466796875" lon="121.38934082351624965667724609375">
        <ele>14</ele>
        <time>2026-08-25T11:07:59.000Z</time>
        <extensions>
          <ns3:TrackPointExtension>
            <ns3:hr>142</ns3:hr>
            <ns3:cad>88</ns3:cad>
          </ns3:TrackPointExtension>
        </extensions>
      </trkpt>
      <trkpt lat="31.21545153670012950897216796875" lon="121.38936571776866912841796875">
        <ele>14</ele>
        <time>2026-08-25T11:08:00.000Z</time>
        <extensions>
          <ns3:TrackPointExtension>
            <ns3:hr>142</ns3:hr>
            <ns3:cad>88</ns3:cad>
          </ns3:TrackPointExtension>
        </extensions>
      </trkpt>
      <trkpt lat="31.2154424004256725311279296875" lon="121.38939253985881805419921875">
        <ele>14</ele>
        <time>2026-08-25T11:08:01.000Z</time>
        <extensions>
          <ns3:TrackPointExtension>
            <ns3:hr>143</ns3:hr>
            <ns3:cad>89</ns3:cad>
          </ns3:TrackPointExtension>
        </extensions>
      </trkpt>
      <trkpt lat="31.21543644927442073822021484375" lon="121.38942933641374111175537109375">
        <ele>14</ele>
        <time>2026-08-25T11:08:02.000Z</time>
        <extensions>
          <ns3:TrackPointExtension>
            <ns3:hr>143</ns3:hr>
            <ns3:cad>89</ns3:cad>
          </ns3:TrackPointExtension>
        </extensions>
      </trkpt>
      <trkpt lat="31.21542605571448802947998046875" lon="121.3894594274461269378662109375">
        <ele>14</ele>
        <time>2026-08-25T11:08:03.000Z</time>
        <extensions>
          <ns3:TrackPointExtension>
            <ns3:hr>143</ns3:hr>
            <ns3:cad>88</ns3:cad>
          </ns3:TrackPointExtension>
        </extensions>
      </trkpt>
      <trkpt lat="31.21542513370513916015625" lon="121.38948641717433929443359375">
        <ele>14.19999980926513671875</ele>
        <time>2026-08-25T11:08:04.000Z</time>
        <extensions>
          <ns3:TrackPointExtension>
            <ns3:hr>144</ns3:hr>
            <ns3:cad>87</ns3:cad>
          </ns3:TrackPointExtension>
        </extensions>
      </trkpt>
      <trkpt lat="31.2154259718954563140869140625" lon="121.3895124010741710662841796875">
        <ele>14.19999980926513671875</ele>
        <time>2026-08-25T11:08:05.000Z</time>
        <extensions>
          <ns3:TrackPointExtension>
            <ns3:hr>144</ns3:hr>
            <ns3:cad>87</ns3:cad>
          </ns3:TrackPointExtension>
        </extensions>
      </trkpt>
      <trkpt lat="31.2154209427535533905029296875" lon="121.38953276909887790679931640625">
        <ele>14.19999980926513671875</ele>
        <time>2026-08-25T11:08:06.000Z</time>
        <extensions>
          <ns3:TrackPointExtension>
            <ns3:hr>144</ns3:hr>
            <ns3:cad>87</ns3:cad>
          </ns3:TrackPointExtension>
        </extensions>
      </trkpt>
      <trkpt lat="31.215418763458728790283203125" lon="121.38955925591289997100830078125">
        <ele>14.19999980926513671875</ele>
        <time>2026-08-25T11:08:07.000Z</time>
        <extensions>
          <ns3:TrackPointExtension>
            <ns3:hr>144</ns3:hr>
            <ns3:cad>89</ns3:cad>
          </ns3:TrackPointExtension>
        </extensions>
      </trkpt>
      <trkpt lat="31.215420104563236236572265625" lon="121.38958054594695568084716796875">
        <ele>14.19999980926513671875</ele>
        <time>2026-08-25T11:08:08.000Z</time>
        <extensions>
          <ns3:TrackPointExtension>
            <ns3:hr>144</ns3:hr>
            <ns3:cad>89</ns3:cad>
          </ns3:TrackPointExtension>
        </extensions>
      </trkpt>
      <trkpt lat="31.2154130637645721435546875" lon="121.389607451856136322021484375">
        <ele>14.19999980926513671875</ele>
        <time>2026-08-25T11:08:09.000Z</time>
        <extensions>
          <ns3:TrackPointExtension>
            <ns3:hr>144</ns3:hr>
            <ns3:cad>88</ns3:cad>
          </ns3:TrackPointExtension>
        </extensions>
      </trkpt>
      <trkpt lat="31.215408034622669219970703125" lon="121.38963066972792148590087890625">
        <ele>14.19999980926513671875</ele>
        <time>2026-08-25T11:08:10.000Z</time>
        <extensions>
          <ns3:TrackPointExtension>
            <ns3:hr>144</ns3:hr>
            <ns3:cad>88</ns3:cad>
          </ns3:TrackPointExtension>
        </extensions>
      </trkpt>
      <trkpt lat="31.2154021672904491424560546875" lon="121.38966470025479793548583984375">
        <ele>14.19999980926513671875</ele>
        <time>2026-08-25T11:08:11.000Z</time>
        <extensions>
          <ns3:TrackPointExtension>
            <ns3:hr>144</ns3:hr>
            <ns3:cad>88</ns3:cad>
          </ns3:TrackPointExtension>
        </extensions>
      </trkpt>
      <trkpt lat="31.21539621613919734954833984375" lon="121.3896927796304225921630859375">
        <ele>14.19999980926513671875</ele>
        <time>2026-08-25T11:08:12.000Z</time>
        <extensions>
          <ns3:TrackPointExtension>
            <ns3:hr>144</ns3:hr>
            <ns3:cad>88</ns3:cad>
          </ns3:TrackPointExtension>
        </extensions>
      </trkpt>
      <trkpt lat="31.21539093554019927978515625" lon="121.38972236774861812591552734375">
        <ele>14.19999980926513671875</ele>
        <time>2026-08-25T11:08:13.000Z</time>
        <extensions>
          <ns3:TrackPointExtension>
            <ns3:hr>144</ns3:hr>
            <ns3:cad>88</ns3:cad>
          </ns3:TrackPointExtension>
        </extensions>
      </trkpt>
      <trkpt lat="31.2153904326260089874267578125" lon="121.38974868692457675933837890625">
        <ele>14.19999980926513671875</ele>
        <time>2026-08-25T11:08:14.000Z</time>
        <extensions>
          <ns3:TrackPointExtension>
            <ns3:hr>145</ns3:hr>
            <ns3:cad>88</ns3:cad>
          </ns3:TrackPointExtension>
        </extensions>
      </trkpt>
      <trkpt lat="31.2153808772563934326171875" lon="121.38977475464344024658203125">
        <ele>14.19999980926513671875</ele>
        <time>2026-08-25T11:08:15.000Z</time>
        <extensions>
          <ns3:TrackPointExtension>
            <ns3:hr>145</ns3:hr>
            <ns3:cad>88</ns3:cad>
          </ns3:TrackPointExtension>
        </extensions>
      </trkpt>
      <trkpt lat="31.2153743393719196319580078125" lon="121.3897968828678131103515625">
        <ele>14.19999980926513671875</ele>
        <time>2026-08-25T11:08:16.000Z</time>
        <extensions>
          <ns3:TrackPointExtension>
            <ns3:hr>145</ns3:hr>
            <ns3:cad>87</ns3:cad>
          </ns3:TrackPointExtension>
        </extensions>
      </trkpt>
      <trkpt lat="31.2153661251068115234375" lon="121.38982395641505718231201171875">
        <ele>14.19999980926513671875</ele>
        <time>2026-08-25T11:08:17.000Z</time>
        <extensions>
          <ns3:TrackPointExtension>
            <ns3:hr>145</ns3:hr>
            <ns3:cad>87</ns3:cad>
          </ns3:TrackPointExtension>
        </extensions>
      </trkpt>
      <trkpt lat="31.21536277234554290771484375" lon="121.389849185943603515625">
        <ele>14.19999980926513671875</ele>
        <time>2026-08-25T11:08:18.000Z</time>
        <extensions>
          <ns3:TrackPointExtension>
            <ns3:hr>145</ns3:hr>
            <ns3:cad>87</ns3:cad>
          </ns3:TrackPointExtension>
        </extensions>
      </trkpt>
      <trkpt lat="31.2153569050133228302001953125" lon="121.38988070189952850341796875">
        <ele>14.19999980926513671875</ele>
        <time>2026-08-25T11:08:19.000Z</time>
        <extensions>
          <ns3:TrackPointExtension>
            <ns3:hr>145</ns3:hr>
            <ns3:cad>89</ns3:cad>
          </ns3:TrackPointExtension>
        </extensions>
      </trkpt>
      <trkpt lat="31.21534793637692928314208984375" lon="121.3899043388664722442626953125">
        <ele>14.19999980926513671875</ele>
        <time>2026-08-25T11:08:20.000Z</time>
        <extensions>
          <ns3:TrackPointExtension>
            <ns3:hr>144</ns3:hr>
            <ns3:cad>89</ns3:cad>
          </ns3:TrackPointExtension>
        </extensions>
      </trkpt>
      <trkpt lat="31.2153468467295169830322265625" lon="121.38992671854794025421142578125">
        <ele>14.19999980926513671875</ele>
        <time>2026-08-25T11:08:21.000Z</time>
        <extensions>
          <ns3:TrackPointExtension>
            <ns3:hr>144</ns3:hr>
            <ns3:cad>88</ns3:cad>
          </ns3:TrackPointExtension>
        </extensions>
      </trkpt>
      <trkpt lat="31.21533804573118686676025390625" lon="121.389952786266803741455078125">
        <ele>14.19999980926513671875</ele>
        <time>2026-08-25T11:08:22.000Z</time>
        <extensions>
          <ns3:TrackPointExtension>
            <ns3:hr>144</ns3:hr>
            <ns3:cad>88</ns3:cad>
          </ns3:TrackPointExtension>
        </extensions>
      </trkpt>
      <trkpt lat="31.2153381295502185821533203125" lon="121.38997550122439861297607421875">
        <ele>14.19999980926513671875</ele>
        <time>2026-08-25T11:08:23.000Z</time>
        <extensions>
          <ns3:TrackPointExtension>
            <ns3:hr>144</ns3:hr>
            <ns3:cad>87</ns3:cad>
          </ns3:TrackPointExtension>
        </extensions>
      </trkpt>
      <trkpt lat="31.21533192694187164306640625" lon="121.39000232331454753875732421875">
        <ele>14.19999980926513671875</ele>
        <time>2026-08-25T11:08:24.000Z</time>
        <extensions>
          <ns3:TrackPointExtension>
            <ns3:hr>144</ns3:hr>
            <ns3:cad>87</ns3:cad>
          </ns3:TrackPointExtension>
        </extensions>
      </trkpt>
      <trkpt lat="31.2153272330760955810546875" lon="121.3900273852050304412841796875">
        <ele>14.19999980926513671875</ele>
        <time>2026-08-25T11:08:25.000Z</time>
        <extensions>
          <ns3:TrackPointExtension>
            <ns3:hr>145</ns3:hr>
            <ns3:cad>88</ns3:cad>
          </ns3:TrackPointExtension>
        </extensions>
      </trkpt>
      <trkpt lat="31.21531943790614604949951171875" lon="121.390055716037750244140625">
        <ele>14.19999980926513671875</ele>
        <time>2026-08-25T11:08:26.000Z</time>
        <extensions>
          <ns3:TrackPointExtension>
            <ns3:hr>145</ns3:hr>
            <ns3:cad>88</ns3:cad>
          </ns3:TrackPointExtension>
        </extensions>
      </trkpt>
      <trkpt lat="31.21531859971582889556884765625" lon="121.39007918536663055419921875">
        <ele>14</ele>
        <time>2026-08-25T11:08:27.000Z</time>
        <extensions>
          <ns3:TrackPointExtension>
            <ns3:hr>145</ns3:hr>
            <ns3:cad>88</ns3:cad>
          </ns3:TrackPointExtension>
        </extensions>
      </trkpt>
      <trkpt lat="31.21531046926975250244140625" lon="121.39010877348482608795166015625">
        <ele>14</ele>
        <time>2026-08-25T11:08:28.000Z</time>
        <extensions>
          <ns3:TrackPointExtension>
            <ns3:hr>146</ns3:hr>
            <ns3:cad>88</ns3:cad>
          </ns3:TrackPointExtension>
        </extensions>
      </trkpt>
      <trkpt lat="31.21530736796557903289794921875" lon="121.390130482614040374755859375">
        <ele>14</ele>
        <time>2026-08-25T11:08:29.000Z</time>
        <extensions>
          <ns3:TrackPointExtension>
            <ns3:hr>146</ns3:hr>
            <ns3:cad>87</ns3:cad>
          </ns3:TrackPointExtension>
        </extensions>
      </trkpt>
      <trkpt lat="31.215300075709819793701171875" lon="121.39015822671353816986083984375">
        <ele>14</ele>
        <time>2026-08-25T11:08:30.000Z</time>
        <extensions>
          <ns3:TrackPointExtension>
            <ns3:hr>146</ns3:hr>
            <ns3:cad>87</ns3:cad>
          </ns3:TrackPointExtension>
        </extensions>
      </trkpt>
      <trkpt lat="31.2152968905866146087646484375" lon="121.39017968438565731048583984375">
        <ele>14</ele>
        <time>2026-08-25T11:08:31.000Z</time>
        <extensions>
          <ns3:TrackPointExtension>
            <ns3:hr>146</ns3:hr>
            <ns3:cad>89</ns3:cad>
          </ns3:TrackPointExtension>
        </extensions>
      </trkpt>
      <trkpt lat="31.2152871675789356231689453125" lon="121.3902101106941699981689453125">
        <ele>14</ele>
        <time>2026-08-25T11:08:32.000Z</time>
        <extensions>
          <ns3:TrackPointExtension>
            <ns3:hr>146</ns3:hr>
            <ns3:cad>89</ns3:cad>
          </ns3:TrackPointExtension>
        </extensions>
      </trkpt>
      <trkpt lat="31.2152818031609058380126953125" lon="121.39023433439433574676513671875">
        <ele>14</ele>
        <time>2026-08-25T11:08:33.000Z</time>
        <extensions>
          <ns3:TrackPointExtension>
            <ns3:hr>145</ns3:hr>
            <ns3:cad>89</ns3:cad>
          </ns3:TrackPointExtension>
        </extensions>
      </trkpt>
      <trkpt lat="31.21527467854321002960205078125" lon="121.3902640901505947113037109375">
        <ele>14</ele>
        <time>2026-08-25T11:08:34.000Z</time>
        <extensions>
          <ns3:TrackPointExtension>
            <ns3:hr>145</ns3:hr>
            <ns3:cad>88</ns3:cad>
          </ns3:TrackPointExtension>
        </extensions>
      </trkpt>
      <trkpt lat="31.21526948176324367523193359375" lon="121.3902890682220458984375">
        <ele>14</ele>
        <time>2026-08-25T11:08:35.000Z</time>
        <extensions>
          <ns3:TrackPointExtension>
            <ns3:hr>145</ns3:hr>
            <ns3:cad>88</ns3:cad>
          </ns3:TrackPointExtension>
        </extensions>
      </trkpt>
      <trkpt lat="31.2152647040784358978271484375" lon="121.39031387865543365478515625">
        <ele>14</ele>
        <time>2026-08-25T11:08:36.000Z</time>
        <extensions>
          <ns3:TrackPointExtension>
            <ns3:hr>145</ns3:hr>
            <ns3:cad>88</ns3:cad>
          </ns3:TrackPointExtension>
        </extensions>
      </trkpt>
      <trkpt lat="31.21526160277426242828369140625" lon="121.3903385214507579803466796875">
        <ele>14</ele>
        <time>2026-08-25T11:08:37.000Z</time>
        <extensions>
          <ns3:TrackPointExtension>
            <ns3:hr>145</ns3:hr>
            <ns3:cad>88</ns3:cad>
          </ns3:TrackPointExtension>
        </extensions>
      </trkpt>
      <trkpt lat="31.21526042930781841278076171875" lon="121.39036643318831920623779296875">
        <ele>14</ele>
        <time>2026-08-25T11:08:38.000Z</time>
        <extensions>
          <ns3:TrackPointExtension>
            <ns3:hr>144</ns3:hr>
            <ns3:cad>89</ns3:cad>
          </ns3:TrackPointExtension>
        </extensions>
      </trkpt>
      <trkpt lat="31.215255148708820343017578125" lon="121.3903911598026752471923828125">
        <ele>14</ele>
        <time>2026-08-25T11:08:39.000Z</time>
        <extensions>
          <ns3:TrackPointExtension>
            <ns3:hr>144</ns3:hr>
            <ns3:cad>89</ns3:cad>
          </ns3:TrackPointExtension>
        </extensions>
      </trkpt>
      <trkpt lat="31.2152553163468837738037109375" lon="121.39041312038898468017578125">
        <ele>14</ele>
        <time>2026-08-25T11:08:40.000Z</time>
        <extensions>
          <ns3:TrackPointExtension>
            <ns3:hr>144</ns3:hr>
            <ns3:cad>88</ns3:cad>
          </ns3:TrackPointExtension>
        </extensions>
      </trkpt>
      <trkpt lat="31.21524651534855365753173828125" lon="121.39043617062270641326904296875">
        <ele>14</ele>
        <time>2026-08-25T11:08:41.000Z</time>
        <extensions>
          <ns3:TrackPointExtension>
            <ns3:hr>144</ns3:hr>
            <ns3:cad>87</ns3:cad>
          </ns3:TrackPointExtension>
        </extensions>
      </trkpt>
      <trkpt lat="31.215247102081775665283203125" lon="121.39046265743672847747802734375">
        <ele>14</ele>
        <time>2026-08-25T11:08:42.000Z</time>
        <extensions>
          <ns3:TrackPointExtension>
            <ns3:hr>144</ns3:hr>
            <ns3:cad>87</ns3:cad>
          </ns3:TrackPointExtension>
        </extensions>
      </trkpt>
      <trkpt lat="31.21524333022534847259521484375" lon="121.390486545860767364501953125">
        <ele>14</ele>
        <time>2026-08-25T11:08:43.000Z</time>
        <extensions>
          <ns3:TrackPointExtension>
            <ns3:hr>144</ns3:hr>
            <ns3:cad>88</ns3:cad>
          </ns3:TrackPointExtension>
        </extensions>
      </trkpt>
      <trkpt lat="31.21524207293987274169921875" lon="121.3905101828277111053466796875">
        <ele>14</ele>
        <time>2026-08-25T11:08:44.000Z</time>
        <extensions>
          <ns3:TrackPointExtension>
            <ns3:hr>144</ns3:hr>
            <ns3:cad>88</ns3:cad>
          </ns3:TrackPointExtension>
        </extensions>
      </trkpt>
      <trkpt lat="31.21523134410381317138671875" lon="121.390540190041065216064453125">
        <ele>14</ele>
        <time>2026-08-25T11:08:45.000Z</time>
        <extensions>
          <ns3:TrackPointExtension>
            <ns3:hr>144</ns3:hr>
            <ns3:cad>88</ns3:cad>
          </ns3:TrackPointExtension>
        </extensions>
      </trkpt>
      <trkpt lat="31.21522489003837108612060546875" lon="121.39056290499866008758544921875">
        <ele>14</ele>
        <time>2026-08-25T11:08:46.000Z</time>
        <extensions>
          <ns3:TrackPointExtension>
            <ns3:hr>144</ns3:hr>
            <ns3:cad>87</ns3:cad>
          </ns3:TrackPointExtension>
        </extensions>
      </trkpt>
      <trkpt lat="31.21521902270615100860595703125" lon="121.39058880507946014404296875">
        <ele>14</ele>
        <time>2026-08-25T11:08:47.000Z</time>
        <extensions>
          <ns3:TrackPointExtension>
            <ns3:hr>144</ns3:hr>
            <ns3:cad>87</ns3:cad>
          </ns3:TrackPointExtension>
        </extensions>
      </trkpt>
      <trkpt lat="31.21520929969847202301025390625" lon="121.39061520807445049285888671875">
        <ele>14</ele>
        <time>2026-08-25T11:08:48.000Z</time>
        <extensions>
          <ns3:TrackPointExtension>
            <ns3:hr>144</ns3:hr>
            <ns3:cad>87</ns3:cad>
          </ns3:TrackPointExtension>
        </extensions>
      </trkpt>
      <trkpt lat="31.21520343236625194549560546875" lon="121.390645802021026611328125">
        <ele>14</ele>
        <time>2026-08-25T11:08:49.000Z</time>
        <extensions>
          <ns3:TrackPointExtension>
            <ns3:hr>144</ns3:hr>
            <ns3:cad>88</ns3:cad>
          </ns3:TrackPointExtension>
        </extensions>
      </trkpt>
      <trkpt lat="31.215197481215000152587890625" lon="121.3906711153686046600341796875">
        <ele>14</ele>
        <time>2026-08-25T11:08:50.000Z</time>
        <extensions>
          <ns3:TrackPointExtension>
            <ns3:hr>144</ns3:hr>
            <ns3:cad>88</ns3:cad>
          </ns3:TrackPointExtension>
        </extensions>
      </trkpt>
      <trkpt lat="31.215197145938873291015625" lon="121.390697769820690155029296875">
        <ele>14.19999980926513671875</ele>
        <time>2026-08-25T11:08:51.000Z</time>
        <extensions>
          <ns3:TrackPointExtension>
            <ns3:hr>144</ns3:hr>
            <ns3:cad>88</ns3:cad>
          </ns3:TrackPointExtension>
        </extensions>
      </trkpt>
      <trkpt lat="31.21519454754889011383056640625" lon="121.39072635211050510406494140625">
        <ele>14.19999980926513671875</ele>
        <time>2026-08-25T11:08:52.000Z</time>
        <extensions>
          <ns3:TrackPointExtension>
            <ns3:hr>144</ns3:hr>
            <ns3:cad>86</ns3:cad>
          </ns3:TrackPointExtension>
        </extensions>
      </trkpt>
      <trkpt lat="31.21519605629146099090576171875" lon="121.39075434766709804534912109375">
        <ele>14.3999996185302734375</ele>
        <time>2026-08-25T11:08:53.000Z</time>
        <extensions>
          <ns3:TrackPointExtension>
            <ns3:hr>145</ns3:hr>
            <ns3:cad>86</ns3:cad>
          </ns3:TrackPointExtension>
        </extensions>
      </trkpt>
      <trkpt lat="31.21519572101533412933349609375" lon="121.39078871347010135650634765625">
        <ele>14.3999996185302734375</ele>
        <time>2026-08-25T11:08:54.000Z</time>
        <extensions>
          <ns3:TrackPointExtension>
            <ns3:hr>145</ns3:hr>
            <ns3:cad>86</ns3:cad>
          </ns3:TrackPointExtension>
        </extensions>
      </trkpt>
      <trkpt lat="31.21520158834755420684814453125" lon="121.39081318862736225128173828125">
        <ele>14.3999996185302734375</ele>
        <time>2026-08-25T11:08:55.000Z</time>
        <extensions>
          <ns3:TrackPointExtension>
            <ns3:hr>145</ns3:hr>
            <ns3:cad>86</ns3:cad>
          </ns3:TrackPointExtension>
        </extensions>
      </trkpt>
      <trkpt lat="31.215214915573596954345703125" lon="121.3908347301185131072998046875">
        <ele>14.3999996185302734375</ele>
        <time>2026-08-25T11:08:56.000Z</time>
        <extensions>
          <ns3:TrackPointExtension>
            <ns3:hr>145</ns3:hr>
            <ns3:cad>86</ns3:cad>
          </ns3:TrackPointExtension>
        </extensions>
      </trkpt>
      <trkpt lat="31.2152244709432125091552734375" lon="121.39085560105741024017333984375">
        <ele>14.19999980926513671875</ele>
        <time>2026-08-25T11:08:57.000Z</time>
        <extensions>
          <ns3:TrackPointExtension>
            <ns3:hr>144</ns3:hr>
            <ns3:cad>86</ns3:cad>
          </ns3:TrackPointExtension>
        </extensions>
      </trkpt>
      <trkpt lat="31.21524215675890445709228515625" lon="121.39086783863604068756103515625">
        <ele>14.19999980926513671875</ele>
        <time>2026-08-25T11:08:58.000Z</time>
        <extensions>
          <ns3:TrackPointExtension>
            <ns3:hr>145</ns3:hr>
            <ns3:cad>86</ns3:cad>
          </ns3:TrackPointExtension>
        </extensions>
      </trkpt>
      <trkpt lat="31.2152647040784358978271484375" lon="121.39087940566241741180419921875">
        <ele>14.19999980926513671875</ele>
        <time>2026-08-25T11:08:59.000Z</time>
        <extensions>
          <ns3:TrackPointExtension>
            <ns3:hr>145</ns3:hr>
            <ns3:cad>84</ns3:cad>
          </ns3:TrackPointExtension>
        </extensions>
      </trkpt>
      <trkpt lat="31.2152816355228424072265625" lon="121.390887200832366943359375">
        <ele>14.3999996185302734375</ele>
        <time>2026-08-25T11:09:00.000Z</time>
        <extensions>
          <ns3:TrackPointExtension>
            <ns3:hr>144</ns3:hr>
            <ns3:cad>84</ns3:cad>
          </ns3:TrackPointExtension>
        </extensions>
      </trkpt>
      <trkpt lat="31.21530636213719844818115234375" lon="121.3908991031348705291748046875">
        <ele>14.3999996185302734375</ele>
        <time>2026-08-25T11:09:01.000Z</time>
        <extensions>
          <ns3:TrackPointExtension>
            <ns3:hr>145</ns3:hr>
            <ns3:cad>84</ns3:cad>
          </ns3:TrackPointExtension>
        </extensions>
      </trkpt>
      <trkpt lat="31.21531960554420948028564453125" lon="121.39090907759964466094970703125">
        <ele>14.3999996185302734375</ele>
        <time>2026-08-25T11:09:02.000Z</time>
        <extensions>
          <ns3:TrackPointExtension>
            <ns3:hr>145</ns3:hr>
            <ns3:cad>86</ns3:cad>
          </ns3:TrackPointExtension>
        </extensions>
      </trkpt>
      <trkpt lat="31.2153414823114871978759765625" lon="121.39092114754021167755126953125">
        <ele>14.3999996185302734375</ele>
        <time>2026-08-25T11:09:03.000Z</time>
        <extensions>
          <ns3:TrackPointExtension>
            <ns3:hr>144</ns3:hr>
            <ns3:cad>87</ns3:cad>
          </ns3:TrackPointExtension>
        </extensions>
      </trkpt>
      <trkpt lat="31.21535933576524257659912109375" lon="121.390931122004985809326171875">
        <ele>14.3999996185302734375</ele>
        <time>2026-08-25T11:09:04.000Z</time>
        <extensions>
          <ns3:TrackPointExtension>
            <ns3:hr>144</ns3:hr>
            <ns3:cad>87</ns3:cad>
          </ns3:TrackPointExtension>
        </extensions>
      </trkpt>
      <trkpt lat="31.21537693776190280914306640625" lon="121.390946544706821441650390625">
        <ele>14.3999996185302734375</ele>
        <time>2026-08-25T11:09:05.000Z</time>
        <extensions>
          <ns3:TrackPointExtension>
            <ns3:hr>144</ns3:hr>
            <ns3:cad>87</ns3:cad>
          </ns3:TrackPointExtension>
        </extensions>
      </trkpt>
      <trkpt lat="31.21539294719696044921875" lon="121.39096071012318134307861328125">
        <ele>14.3999996185302734375</ele>
        <time>2026-08-25T11:09:06.000Z</time>
        <extensions>
          <ns3:TrackPointExtension>
            <ns3:hr>144</ns3:hr>
            <ns3:cad>87</ns3:cad>
          </ns3:TrackPointExtension>
        </extensions>
      </trkpt>
      <trkpt lat="31.21540996246039867401123046875" lon="121.39096976257860660552978515625">
        <ele>14.3999996185302734375</ele>
        <time>2026-08-25T11:09:07.000Z</time>
        <extensions>
          <ns3:TrackPointExtension>
            <ns3:hr>144</ns3:hr>
            <ns3:cad>87</ns3:cad>
          </ns3:TrackPointExtension>
        </extensions>
      </trkpt>
      <trkpt lat="31.21543292887508869171142578125" lon="121.3909805752336978912353515625">
        <ele>14.3999996185302734375</ele>
        <time>2026-08-25T11:09:08.000Z</time>
        <extensions>
          <ns3:TrackPointExtension>
            <ns3:hr>144</ns3:hr>
            <ns3:cad>87</ns3:cad>
          </ns3:TrackPointExtension>
        </extensions>
      </trkpt>
      <trkpt lat="31.2154517881572246551513671875" lon="121.39098669402301311492919921875">
        <ele>14.19999980926513671875</ele>
        <time>2026-08-25T11:09:09.000Z</time>
        <extensions>
          <ns3:TrackPointExtension>
            <ns3:hr>144</ns3:hr>
            <ns3:cad>86</ns3:cad>
          </ns3:TrackPointExtension>
        </extensions>
      </trkpt>
      <trkpt lat="31.21548171155154705047607421875" lon="121.39099323190748691558837890625">
        <ele>14.19999980926513671875</ele>
        <time>2026-08-25T11:09:10.000Z</time>
        <extensions>
          <ns3:TrackPointExtension>
            <ns3:hr>144</ns3:hr>
            <ns3:cad>86</ns3:cad>
          </ns3:TrackPointExtension>
        </extensions>
      </trkpt>
      <trkpt lat="31.21550023555755615234375" lon="121.39100329019129276275634765625">
        <ele>14</ele>
        <time>2026-08-25T11:09:11.000Z</time>
        <extensions>
          <ns3:TrackPointExtension>
            <ns3:hr>144</ns3:hr>
            <ns3:cad>84</ns3:cad>
          </ns3:TrackPointExtension>
        </extensions>
      </trkpt>
      <trkpt lat="31.21552906930446624755859375" lon="121.3910077325999736785888671875">
        <ele>14</ele>
        <time>2026-08-25T11:09:12.000Z</time>
        <extensions>
          <ns3:TrackPointExtension>
            <ns3:hr>144</ns3:hr>
            <ns3:cad>84</ns3:cad>
          </ns3:TrackPointExtension>
        </extensions>
      </trkpt>
      <trkpt lat="31.21555245481431484222412109375" lon="121.3910104148089885711669921875">
        <ele>14</ele>
        <time>2026-08-25T11:09:13.000Z</time>
        <extensions>
          <ns3:TrackPointExtension>
            <ns3:hr>143</ns3:hr>
            <ns3:cad>84</ns3:cad>
          </ns3:TrackPointExtension>
        </extensions>
      </trkpt>
      <trkpt lat="31.21557642705738544464111328125" lon="121.3910090737044811248779296875">
        <ele>14</ele>
        <time>2026-08-25T11:09:14.000Z</time>
        <extensions>
          <ns3:TrackPointExtension>
            <ns3:hr>143</ns3:hr>
            <ns3:cad>85</ns3:cad>
          </ns3:TrackPointExtension>
        </extensions>
      </trkpt>
      <trkpt lat="31.21560417115688323974609375" lon="121.39100999571382999420166015625">
        <ele>14</ele>
        <time>2026-08-25T11:09:15.000Z</time>
        <extensions>
          <ns3:TrackPointExtension>
            <ns3:hr>143</ns3:hr>
            <ns3:cad>87</ns3:cad>
          </ns3:TrackPointExtension>
        </extensions>
      </trkpt>
      <trkpt lat="31.21562898159027099609375" lon="121.391010917723178863525390625">
        <ele>13.80000019073486328125</ele>
        <time>2026-08-25T11:09:16.000Z</time>
        <extensions>
          <ns3:TrackPointExtension>
            <ns3:hr>143</ns3:hr>
            <ns3:cad>87</ns3:cad>
          </ns3:TrackPointExtension>
        </extensions>
      </trkpt>
      <trkpt lat="31.21565689332783222198486328125" lon="121.391008906066417694091796875">
        <ele>13.80000019073486328125</ele>
        <time>2026-08-25T11:09:17.000Z</time>
        <extensions>
          <ns3:TrackPointExtension>
            <ns3:hr>143</ns3:hr>
            <ns3:cad>87</ns3:cad>
          </ns3:TrackPointExtension>
        </extensions>
      </trkpt>
      <trkpt lat="31.2156777642667293548583984375" lon="121.391007564961910247802734375">
        <ele>13.80000019073486328125</ele>
        <time>2026-08-25T11:09:18.000Z</time>
        <extensions>
          <ns3:TrackPointExtension>
            <ns3:hr>143</ns3:hr>
            <ns3:cad>87</ns3:cad>
          </ns3:TrackPointExtension>
        </extensions>
      </trkpt>
      <trkpt lat="31.2157035805284976959228515625" lon="121.39100932516157627105712890625">
        <ele>13.80000019073486328125</ele>
        <time>2026-08-25T11:09:19.000Z</time>
        <extensions>
          <ns3:TrackPointExtension>
            <ns3:hr>143</ns3:hr>
            <ns3:cad>86</ns3:cad>
          </ns3:TrackPointExtension>
        </extensions>
      </trkpt>
      <trkpt lat="31.21572545729577541351318359375" lon="121.39100798405706882476806640625">
        <ele>13.80000019073486328125</ele>
        <time>2026-08-25T11:09:20.000Z</time>
        <extensions>
          <ns3:TrackPointExtension>
            <ns3:hr>142</ns3:hr>
            <ns3:cad>86</ns3:cad>
          </ns3:TrackPointExtension>
        </extensions>
      </trkpt>
      <trkpt lat="31.21575127355754375457763671875" lon="121.39101267792284488677978515625">
        <ele>13.80000019073486328125</ele>
        <time>2026-08-25T11:09:21.000Z</time>
        <extensions>
          <ns3:TrackPointExtension>
            <ns3:hr>142</ns3:hr>
            <ns3:cad>88</ns3:cad>
          </ns3:TrackPointExtension>
        </extensions>
      </trkpt>
      <trkpt lat="31.21577407233417034149169921875" lon="121.39101150445640087127685546875">
        <ele>14</ele>
        <time>2026-08-25T11:09:22.000Z</time>
        <extensions>
          <ns3:TrackPointExtension>
            <ns3:hr>142</ns3:hr>
            <ns3:cad>88</ns3:cad>
          </ns3:TrackPointExtension>
        </extensions>
      </trkpt>
      <trkpt lat="31.21579787693917751312255859375" lon="121.39100798405706882476806640625">
        <ele>14</ele>
        <time>2026-08-25T11:09:23.000Z</time>
        <extensions>
          <ns3:TrackPointExtension>
            <ns3:hr>143</ns3:hr>
            <ns3:cad>88</ns3:cad>
          </ns3:TrackPointExtension>
        </extensions>
      </trkpt>
      <trkpt lat="31.21582008898258209228515625" lon="121.39101183973252773284912109375">
        <ele>14</ele>
        <time>2026-08-25T11:09:24.000Z</time>
        <extensions>
          <ns3:TrackPointExtension>
            <ns3:hr>142</ns3:hr>
            <ns3:cad>87</ns3:cad>
          </ns3:TrackPointExtension>
        </extensions>
      </trkpt>
      <trkpt lat="31.215838529169559478759765625" lon="121.3910141028463840484619140625">
        <ele>13.80000019073486328125</ele>
        <time>2026-08-25T11:09:25.000Z</time>
        <extensions>
          <ns3:TrackPointExtension>
            <ns3:hr>142</ns3:hr>
            <ns3:cad>87</ns3:cad>
          </ns3:TrackPointExtension>
        </extensions>
      </trkpt>
      <trkpt lat="31.21586476452648639678955078125" lon="121.39101753942668437957763671875">
        <ele>13.80000019073486328125</ele>
        <time>2026-08-25T11:09:26.000Z</time>
        <extensions>
          <ns3:TrackPointExtension>
            <ns3:hr>143</ns3:hr>
            <ns3:cad>87</ns3:cad>
          </ns3:TrackPointExtension>
        </extensions>
      </trkpt>
      <trkpt lat="31.215890832245349884033203125" lon="121.39101351611316204071044921875">
        <ele>13.6000003814697265625</ele>
        <time>2026-08-25T11:09:27.000Z</time>
        <extensions>
          <ns3:TrackPointExtension>
            <ns3:hr>142</ns3:hr>
            <ns3:cad>87</ns3:cad>
          </ns3:TrackPointExtension>
        </extensions>
      </trkpt>
      <trkpt lat="31.21591371484100818634033203125" lon="121.391021646559238433837890625">
        <ele>13.6000003814697265625</ele>
        <time>2026-08-25T11:09:28.000Z</time>
        <extensions>
          <ns3:TrackPointExtension>
            <ns3:hr>142</ns3:hr>
            <ns3:cad>87</ns3:cad>
          </ns3:TrackPointExtension>
        </extensions>
      </trkpt>
      <trkpt lat="31.2159329093992710113525390625" lon="121.39101955108344554901123046875">
        <ele>13.80000019073486328125</ele>
        <time>2026-08-25T11:09:29.000Z</time>
        <extensions>
          <ns3:TrackPointExtension>
            <ns3:hr>143</ns3:hr>
            <ns3:cad>87</ns3:cad>
          </ns3:TrackPointExtension>
        </extensions>
      </trkpt>
      <trkpt lat="31.215961240231990814208984375" lon="121.39102139510214328765869140625">
        <ele>13.80000019073486328125</ele>
        <time>2026-08-25T11:09:30.000Z</time>
        <extensions>
          <ns3:TrackPointExtension>
            <ns3:hr>142</ns3:hr>
            <ns3:cad>86</ns3:cad>
          </ns3:TrackPointExtension>
        </extensions>
      </trkpt>
      <trkpt lat="31.21598060242831707000732421875" lon="121.39103011228144168853759765625">
        <ele>13.80000019073486328125</ele>
        <time>2026-08-25T11:09:31.000Z</time>
        <extensions>
          <ns3:TrackPointExtension>
            <ns3:hr>142</ns3:hr>
            <ns3:cad>86</ns3:cad>
          </ns3:TrackPointExtension>
        </extensions>
      </trkpt>
      <trkpt lat="31.2160039879381656646728515625" lon="121.391034387052059173583984375">
        <ele>14</ele>
        <time>2026-08-25T11:09:32.000Z</time>
        <extensions>
          <ns3:TrackPointExtension>
            <ns3:hr>143</ns3:hr>
            <ns3:cad>86</ns3:cad>
          </ns3:TrackPointExtension>
        </extensions>
      </trkpt>
      <trkpt lat="31.216026954352855682373046875" lon="121.39104201458394527435302734375">
        <ele>14</ele>
        <time>2026-08-25T11:09:33.000Z</time>
        <extensions>
          <ns3:TrackPointExtension>
            <ns3:hr>142</ns3:hr>
            <ns3:cad>88</ns3:cad>
          </ns3:TrackPointExtension>
        </extensions>
      </trkpt>
      <trkpt lat="31.2160482443869113922119140625" lon="121.391048468649387359619140625">
        <ele>14</ele>
        <time>2026-08-25T11:09:34.000Z</time>
        <extensions>
          <ns3:TrackPointExtension>
            <ns3:hr>142</ns3:hr>
            <ns3:cad>88</ns3:cad>
          </ns3:TrackPointExtension>
        </extensions>
      </trkpt>
      <trkpt lat="31.2160697020590305328369140625" lon="121.39105827547609806060791015625">
        <ele>13.80000019073486328125</ele>
        <time>2026-08-25T11:09:35.000Z</time>
        <extensions>
          <ns3:TrackPointExtension>
            <ns3:hr>143</ns3:hr>
            <ns3:cad>87</ns3:cad>
          </ns3:TrackPointExtension>
        </extensions>
      </trkpt>
      <trkpt lat="31.21609074063599109649658203125" lon="121.39106146059930324554443359375">
        <ele>14</ele>
        <time>2026-08-25T11:09:36.000Z</time>
        <extensions>
          <ns3:TrackPointExtension>
            <ns3:hr>143</ns3:hr>
            <ns3:cad>87</ns3:cad>
          </ns3:TrackPointExtension>
        </extensions>
      </trkpt>
      <trkpt lat="31.21611186303198337554931640625" lon="121.39106397517025470733642578125">
        <ele>14</ele>
        <time>2026-08-25T11:09:37.000Z</time>
        <extensions>
          <ns3:TrackPointExtension>
            <ns3:hr>142</ns3:hr>
            <ns3:cad>86</ns3:cad>
          </ns3:TrackPointExtension>
        </extensions>
      </trkpt>
      <trkpt lat="31.21612460352480411529541015625" lon="121.39107151888310909271240234375">
        <ele>14</ele>
        <time>2026-08-25T11:09:38.000Z</time>
        <extensions>
          <ns3:TrackPointExtension>
            <ns3:hr>142</ns3:hr>
            <ns3:cad>86</ns3:cad>
          </ns3:TrackPointExtension>
        </extensions>
      </trkpt>
      <trkpt lat="31.21614824049174785614013671875" lon="121.391075290739536285400390625">
        <ele>14</ele>
        <time>2026-08-25T11:09:39.000Z</time>
        <extensions>
          <ns3:TrackPointExtension>
            <ns3:hr>142</ns3:hr>
            <ns3:cad>87</ns3:cad>
          </ns3:TrackPointExtension>
        </extensions>
      </trkpt>
      <trkpt lat="31.2161667644977569580078125" lon="121.39107671566307544708251953125">
        <ele>14</ele>
        <time>2026-08-25T11:09:40.000Z</time>
        <extensions>
          <ns3:TrackPointExtension>
            <ns3:hr>141</ns3:hr>
            <ns3:cad>88</ns3:cad>
          </ns3:TrackPointExtension>
        </extensions>
      </trkpt>
      <trkpt lat="31.2161880545318126678466796875" lon="121.39107487164437770843505859375">
        <ele>14</ele>
        <time>2026-08-25T11:09:41.000Z</time>
        <extensions>
          <ns3:TrackPointExtension>
            <ns3:hr>141</ns3:hr>
            <ns3:cad>88</ns3:cad>
          </ns3:TrackPointExtension>
        </extensions>
      </trkpt>
      <trkpt lat="31.21621261350810527801513671875" lon="121.39107755385339260101318359375">
        <ele>14</ele>
        <time>2026-08-25T11:09:42.000Z</time>
        <extensions>
          <ns3:TrackPointExtension>
            <ns3:hr>141</ns3:hr>
            <ns3:cad>87</ns3:cad>
          </ns3:TrackPointExtension>
        </extensions>
      </trkpt>
      <trkpt lat="31.21623708866536617279052734375" lon="121.39107688330113887786865234375">
        <ele>14</ele>
        <time>2026-08-25T11:09:43.000Z</time>
        <extensions>
          <ns3:TrackPointExtension>
            <ns3:hr>141</ns3:hr>
            <ns3:cad>87</ns3:cad>
          </ns3:TrackPointExtension>
        </extensions>
      </trkpt>
      <trkpt lat="31.21626156382262706756591796875" lon="121.39108057133853435516357421875">
        <ele>14</ele>
        <time>2026-08-25T11:09:44.000Z</time>
        <extensions>
          <ns3:TrackPointExtension>
            <ns3:hr>141</ns3:hr>
            <ns3:cad>87</ns3:cad>
          </ns3:TrackPointExtension>
        </extensions>
      </trkpt>
      <trkpt lat="31.2162795849144458770751953125" lon="121.39108291827142238616943359375">
        <ele>14</ele>
        <time>2026-08-25T11:09:45.000Z</time>
        <extensions>
          <ns3:TrackPointExtension>
            <ns3:hr>141</ns3:hr>
            <ns3:cad>87</ns3:cad>
          </ns3:TrackPointExtension>
        </extensions>
      </trkpt>
      <trkpt lat="31.2163037247955799102783203125" lon="121.3910888694226741790771484375">
        <ele>14</ele>
        <time>2026-08-25T11:09:46.000Z</time>
        <extensions>
          <ns3:TrackPointExtension>
            <ns3:hr>141</ns3:hr>
            <ns3:cad>88</ns3:cad>
          </ns3:TrackPointExtension>
        </extensions>
      </trkpt>
      <trkpt lat="31.21631897985935211181640625" lon="121.39108425937592983245849609375">
        <ele>14.19999980926513671875</ele>
        <time>2026-08-25T11:09:47.000Z</time>
        <extensions>
          <ns3:TrackPointExtension>
            <ns3:hr>141</ns3:hr>
            <ns3:cad>88</ns3:cad>
          </ns3:TrackPointExtension>
        </extensions>
      </trkpt>
      <trkpt lat="31.2163437902927398681640625" lon="121.39108811505138874053955078125">
        <ele>14.19999980926513671875</ele>
        <time>2026-08-25T11:09:48.000Z</time>
        <extensions>
          <ns3:TrackPointExtension>
            <ns3:hr>141</ns3:hr>
            <ns3:cad>87</ns3:cad>
          </ns3:TrackPointExtension>
        </extensions>
      </trkpt>
      <trkpt lat="31.21636063791811466217041015625" lon="121.3910865224897861480712890625">
        <ele>14.19999980926513671875</ele>
        <time>2026-08-25T11:09:49.000Z</time>
        <extensions>
          <ns3:TrackPointExtension>
            <ns3:hr>141</ns3:hr>
            <ns3:cad>86</ns3:cad>
          </ns3:TrackPointExtension>
        </extensions>
      </trkpt>
      <trkpt lat="31.21637823991477489471435546875" lon="121.39108459465205669403076171875">
        <ele>14.3999996185302734375</ele>
        <time>2026-08-25T11:09:50.000Z</time>
        <extensions>
          <ns3:TrackPointExtension>
            <ns3:hr>141</ns3:hr>
            <ns3:cad>86</ns3:cad>
          </ns3:TrackPointExtension>
        </extensions>
      </trkpt>
      <trkpt lat="31.2163976021111011505126953125" lon="121.39108727686107158660888671875">
        <ele>14.3999996185302734375</ele>
        <time>2026-08-25T11:09:51.000Z</time>
        <extensions>
          <ns3:TrackPointExtension>
            <ns3:hr>141</ns3:hr>
            <ns3:cad>86</ns3:cad>
          </ns3:TrackPointExtension>
        </extensions>
      </trkpt>
      <trkpt lat="31.216419897973537445068359375" lon="121.391090713441371917724609375">
        <ele>14.3999996185302734375</ele>
        <time>2026-08-25T11:09:52.000Z</time>
        <extensions>
          <ns3:TrackPointExtension>
            <ns3:hr>141</ns3:hr>
            <ns3:cad>88</ns3:cad>
          </ns3:TrackPointExtension>
        </extensions>
      </trkpt>
      <trkpt lat="31.21644236147403717041015625" lon="121.39109280891716480255126953125">
        <ele>14.3999996185302734375</ele>
        <time>2026-08-25T11:09:53.000Z</time>
        <extensions>
          <ns3:TrackPointExtension>
            <ns3:hr>141</ns3:hr>
            <ns3:cad>88</ns3:cad>
          </ns3:TrackPointExtension>
        </extensions>
      </trkpt>
      <trkpt lat="31.2164656631648540496826171875" lon="121.39109683223068714141845703125">
        <ele>14.3999996185302734375</ele>
        <time>2026-08-25T11:09:54.000Z</time>
        <extensions>
          <ns3:TrackPointExtension>
            <ns3:hr>142</ns3:hr>
            <ns3:cad>87</ns3:cad>
          </ns3:TrackPointExtension>
        </extensions>
      </trkpt>
      <trkpt lat="31.216488964855670928955078125" lon="121.391107477247714996337890625">
        <ele>14.3999996185302734375</ele>
        <time>2026-08-25T11:09:55.000Z</time>
        <extensions>
          <ns3:TrackPointExtension>
            <ns3:hr>142</ns3:hr>
            <ns3:cad>87</ns3:cad>
          </ns3:TrackPointExtension>
        </extensions>
      </trkpt>
      <trkpt lat="31.21651318855583667755126953125" lon="121.39110856689512729644775390625">
        <ele>14.3999996185302734375</ele>
        <time>2026-08-25T11:09:56.000Z</time>
        <extensions>
          <ns3:TrackPointExtension>
            <ns3:hr>141</ns3:hr>
            <ns3:cad>87</ns3:cad>
          </ns3:TrackPointExtension>
        </extensions>
      </trkpt>
      <trkpt lat="31.2165360711514949798583984375" lon="121.39111912809312343597412109375">
        <ele>14.6000003814697265625</ele>
        <time>2026-08-25T11:09:57.000Z</time>
        <extensions>
          <ns3:TrackPointExtension>
            <ns3:hr>141</ns3:hr>
            <ns3:cad>87</ns3:cad>
          </ns3:TrackPointExtension>
        </extensions>
      </trkpt>
      <trkpt lat="31.21655710972845554351806640625" lon="121.39112415723502635955810546875">
        <ele>14.6000003814697265625</ele>
        <time>2026-08-25T11:09:58.000Z</time>
        <extensions>
          <ns3:TrackPointExtension>
            <ns3:hr>141</ns3:hr>
            <ns3:cad>88</ns3:cad>
          </ns3:TrackPointExtension>
        </extensions>
      </trkpt>
      <trkpt lat="31.21657781302928924560546875" lon="121.3911327905952930450439453125">
        <ele>14.6000003814697265625</ele>
        <time>2026-08-25T11:09:59.000Z</time>
        <extensions>
          <ns3:TrackPointExtension>
            <ns3:hr>141</ns3:hr>
            <ns3:cad>88</ns3:cad>
          </ns3:TrackPointExtension>
        </extensions>
      </trkpt>
      <trkpt lat="31.21659499593079090118408203125" lon="121.39113538898527622222900390625">
        <ele>14.6000003814697265625</ele>
        <time>2026-08-25T11:10:00.000Z</time>
        <extensions>
          <ns3:TrackPointExtension>
            <ns3:hr>141</ns3:hr>
            <ns3:cad>88</ns3:cad>
          </ns3:TrackPointExtension>
        </extensions>
      </trkpt>
      <trkpt lat="31.21661536395549774169921875" lon="121.3911487162113189697265625">
        <ele>14.6000003814697265625</ele>
        <time>2026-08-25T11:10:01.000Z</time>
        <extensions>
          <ns3:TrackPointExtension>
            <ns3:hr>141</ns3:hr>
            <ns3:cad>87</ns3:cad>
          </ns3:TrackPointExtension>
        </extensions>
      </trkpt>
      <trkpt lat="31.21662986464798450469970703125" lon="121.39116288162767887115478515625">
        <ele>14.6000003814697265625</ele>
        <time>2026-08-25T11:10:02.000Z</time>
        <extensions>
          <ns3:TrackPointExtension>
            <ns3:hr>142</ns3:hr>
            <ns3:cad>87</ns3:cad>
          </ns3:TrackPointExtension>
        </extensions>
      </trkpt>
      <trkpt lat="31.2166530825197696685791015625" lon="121.3911683298647403717041015625">
        <ele>14.6000003814697265625</ele>
        <time>2026-08-25T11:10:03.000Z</time>
        <extensions>
          <ns3:TrackPointExtension>
            <ns3:hr>141</ns3:hr>
            <ns3:cad>87</ns3:cad>
          </ns3:TrackPointExtension>
        </extensions>
      </trkpt>
      <trkpt lat="31.216672696173191070556640625" lon="121.391169838607311248779296875">
        <ele>14.6000003814697265625</ele>
        <time>2026-08-25T11:10:04.000Z</time>
        <extensions>
          <ns3:TrackPointExtension>
            <ns3:hr>142</ns3:hr>
            <ns3:cad>87</ns3:cad>
          </ns3:TrackPointExtension>
        </extensions>
      </trkpt>
      <trkpt lat="31.216688789427280426025390625" lon="121.39116439037024974822998046875">
        <ele>14.80000019073486328125</ele>
        <time>2026-08-25T11:10:05.000Z</time>
        <extensions>
          <ns3:TrackPointExtension>
            <ns3:hr>142</ns3:hr>
            <ns3:cad>87</ns3:cad>
          </ns3:TrackPointExtension>
        </extensions>
      </trkpt>
      <trkpt lat="31.21669859625399112701416015625" lon="121.39115475118160247802734375">
        <ele>14.80000019073486328125</ele>
        <time>2026-08-25T11:10:06.000Z</time>
        <extensions>
          <ns3:TrackPointExtension>
            <ns3:hr>142</ns3:hr>
            <ns3:cad>85</ns3:cad>
          </ns3:TrackPointExtension>
        </extensions>
      </trkpt>
      <trkpt lat="31.2167221494019031524658203125" lon="121.39115617610514163970947265625">
        <ele>14.6000003814697265625</ele>
        <time>2026-08-25T11:10:07.000Z</time>
        <extensions>
          <ns3:TrackPointExtension>
            <ns3:hr>141</ns3:hr>
            <ns3:cad>82</ns3:cad>
          </ns3:TrackPointExtension>
        </extensions>
      </trkpt>
      <trkpt lat="31.2167362309992313385009765625" lon="121.3911696709692478179931640625">
        <ele>14.6000003814697265625</ele>
        <time>2026-08-25T11:10:08.000Z</time>
        <extensions>
          <ns3:TrackPointExtension>
            <ns3:hr>141</ns3:hr>
            <ns3:cad>82</ns3:cad>
          </ns3:TrackPointExtension>
        </extensions>
      </trkpt>
      <trkpt lat="31.21675710193812847137451171875" lon="121.3911807350814342498779296875">
        <ele>14.6000003814697265625</ele>
        <time>2026-08-25T11:10:09.000Z</time>
        <extensions>
          <ns3:TrackPointExtension>
            <ns3:hr>141</ns3:hr>
            <ns3:cad>82</ns3:cad>
          </ns3:TrackPointExtension>
        </extensions>
      </trkpt>
      <trkpt lat="31.2167865224182605743408203125" lon="121.39118668623268604278564453125">
        <ele>14.3999996185302734375</ele>
        <time>2026-08-25T11:10:10.000Z</time>
        <extensions>
          <ns3:TrackPointExtension>
            <ns3:hr>141</ns3:hr>
            <ns3:cad>82</ns3:cad>
          </ns3:TrackPointExtension>
        </extensions>
      </trkpt>
      <trkpt lat="31.216815523803234100341796875" lon="121.39118819497525691986083984375">
        <ele>14.3999996185302734375</ele>
        <time>2026-08-25T11:10:11.000Z</time>
        <extensions>
          <ns3:TrackPointExtension>
            <ns3:hr>142</ns3:hr>
            <ns3:cad>82</ns3:cad>
          </ns3:TrackPointExtension>
        </extensions>
      </trkpt>
      <trkpt lat="31.21684201061725616455078125" lon="121.391191966831684112548828125">
        <ele>14.3999996185302734375</ele>
        <time>2026-08-25T11:10:12.000Z</time>
        <extensions>
          <ns3:TrackPointExtension>
            <ns3:hr>141</ns3:hr>
            <ns3:cad>82</ns3:cad>
          </ns3:TrackPointExtension>
        </extensions>
      </trkpt>
      <trkpt lat="31.21687293983995914459228515625" lon="121.39119573868811130523681640625">
        <ele>14.3999996185302734375</ele>
        <time>2026-08-25T11:10:13.000Z</time>
        <extensions>
          <ns3:TrackPointExtension>
            <ns3:hr>141</ns3:hr>
            <ns3:cad>82</ns3:cad>
          </ns3:TrackPointExtension>
        </extensions>
      </trkpt>
      <trkpt lat="31.216902025043964385986328125" lon="121.39120093546807765960693359375">
        <ele>14.6000003814697265625</ele>
        <time>2026-08-25T11:10:14.000Z</time>
        <extensions>
          <ns3:TrackPointExtension>
            <ns3:hr>141</ns3:hr>
            <ns3:cad>84</ns3:cad>
          </ns3:TrackPointExtension>
        </extensions>
      </trkpt>
      <trkpt lat="31.2169263325631618499755859375" lon="121.39120127074420452117919921875">
        <ele>14.6000003814697265625</ele>
        <time>2026-08-25T11:10:15.000Z</time>
        <extensions>
          <ns3:TrackPointExtension>
            <ns3:hr>141</ns3:hr>
            <ns3:cad>85</ns3:cad>
          </ns3:TrackPointExtension>
        </extensions>
      </trkpt>
      <trkpt lat="31.21695809997618198394775390625" lon="121.3912031985819339752197265625">
        <ele>14.3999996185302734375</ele>
        <time>2026-08-25T11:10:16.000Z</time>
        <extensions>
          <ns3:TrackPointExtension>
            <ns3:hr>141</ns3:hr>
            <ns3:cad>85</ns3:cad>
          </ns3:TrackPointExtension>
        </extensions>
      </trkpt>
      <trkpt lat="31.2169836647808551788330078125" lon="121.3912102393805980682373046875">
        <ele>14.3999996185302734375</ele>
        <time>2026-08-25T11:10:17.000Z</time>
        <extensions>
          <ns3:TrackPointExtension>
            <ns3:hr>141</ns3:hr>
            <ns3:cad>87</ns3:cad>
          </ns3:TrackPointExtension>
        </extensions>
      </trkpt>
      <trkpt lat="31.21701492927968502044677734375" lon="121.3912135921418666839599609375">
        <ele>14.19999980926513671875</ele>
        <time>2026-08-25T11:10:18.000Z</time>
        <extensions>
          <ns3:TrackPointExtension>
            <ns3:hr>141</ns3:hr>
            <ns3:cad>87</ns3:cad>
          </ns3:TrackPointExtension>
        </extensions>
      </trkpt>
      <trkpt lat="31.21703269891440868377685546875" lon="121.39122222550213336944580078125">
        <ele>14.19999980926513671875</ele>
        <time>2026-08-25T11:10:19.000Z</time>
        <extensions>
          <ns3:TrackPointExtension>
            <ns3:hr>140</ns3:hr>
            <ns3:cad>87</ns3:cad>
          </ns3:TrackPointExtension>
        </extensions>
      </trkpt>
      <trkpt lat="31.2170560844242572784423828125" lon="121.39122985303401947021484375">
        <ele>14.19999980926513671875</ele>
        <time>2026-08-25T11:10:20.000Z</time>
        <extensions>
          <ns3:TrackPointExtension>
            <ns3:hr>141</ns3:hr>
            <ns3:cad>86</ns3:cad>
          </ns3:TrackPointExtension>
        </extensions>
      </trkpt>
      <trkpt lat="31.2170751951634883880615234375" lon="121.39124250970780849456787109375">
        <ele>14.19999980926513671875</ele>
        <time>2026-08-25T11:10:21.000Z</time>
        <extensions>
          <ns3:TrackPointExtension>
            <ns3:hr>141</ns3:hr>
            <ns3:cad>86</ns3:cad>
          </ns3:TrackPointExtension>
        </extensions>
      </trkpt>
      <trkpt lat="31.21709489263594150543212890625" lon="121.39124519191682338714599609375">
        <ele>14.19999980926513671875</ele>
        <time>2026-08-25T11:10:22.000Z</time>
        <extensions>
          <ns3:TrackPointExtension>
            <ns3:hr>140</ns3:hr>
            <ns3:cad>87</ns3:cad>
          </ns3:TrackPointExtension>
        </extensions>
      </trkpt>
      <trkpt lat="31.21711936779320240020751953125" lon="121.39125424437224864959716796875">
        <ele>14.19999980926513671875</ele>
        <time>2026-08-25T11:10:23.000Z</time>
        <extensions>
          <ns3:TrackPointExtension>
            <ns3:hr>140</ns3:hr>
            <ns3:cad>88</ns3:cad>
          </ns3:TrackPointExtension>
        </extensions>
      </trkpt>
      <trkpt lat="31.217136718332767486572265625" lon="121.3912531547248363494873046875">
        <ele>14.19999980926513671875</ele>
        <time>2026-08-25T11:10:24.000Z</time>
        <extensions>
          <ns3:TrackPointExtension>
            <ns3:hr>140</ns3:hr>
            <ns3:cad>88</ns3:cad>
          </ns3:TrackPointExtension>
        </extensions>
      </trkpt>
      <trkpt lat="31.21716261841356754302978515625" lon="121.39126212336122989654541015625">
        <ele>14.19999980926513671875</ele>
        <time>2026-08-25T11:10:25.000Z</time>
        <extensions>
          <ns3:TrackPointExtension>
            <ns3:hr>140</ns3:hr>
            <ns3:cad>87</ns3:cad>
          </ns3:TrackPointExtension>
        </extensions>
      </trkpt>
      <trkpt lat="31.21718038804829120635986328125" lon="121.391265392303466796875">
        <ele>14.19999980926513671875</ele>
        <time>2026-08-25T11:10:26.000Z</time>
        <extensions>
          <ns3:TrackPointExtension>
            <ns3:hr>139</ns3:hr>
            <ns3:cad>87</ns3:cad>
          </ns3:TrackPointExtension>
        </extensions>
      </trkpt>
      <trkpt lat="31.21720771305263042449951171875" lon="121.3912694156169891357421875">
        <ele>14.19999980926513671875</ele>
        <time>2026-08-25T11:10:27.000Z</time>
        <extensions>
          <ns3:TrackPointExtension>
            <ns3:hr>139</ns3:hr>
            <ns3:cad>87</ns3:cad>
          </ns3:TrackPointExtension>
        </extensions>
      </trkpt>
      <trkpt lat="31.21722850017249584197998046875" lon="121.3912719301879405975341796875">
        <ele>14.19999980926513671875</ele>
        <time>2026-08-25T11:10:28.000Z</time>
        <extensions>
          <ns3:TrackPointExtension>
            <ns3:hr>139</ns3:hr>
            <ns3:cad>87</ns3:cad>
          </ns3:TrackPointExtension>
        </extensions>
      </trkpt>
      <trkpt lat="31.217254735529422760009765625" lon="121.391273103654384613037109375">
        <ele>14.19999980926513671875</ele>
        <time>2026-08-25T11:10:29.000Z</time>
        <extensions>
          <ns3:TrackPointExtension>
            <ns3:hr>140</ns3:hr>
            <ns3:cad>88</ns3:cad>
          </ns3:TrackPointExtension>
        </extensions>
      </trkpt>
      <trkpt lat="31.2172807194292545318603515625" lon="121.391271762549877166748046875">
        <ele>14</ele>
        <time>2026-08-25T11:10:30.000Z</time>
        <extensions>
          <ns3:TrackPointExtension>
            <ns3:hr>139</ns3:hr>
            <ns3:cad>88</ns3:cad>
          </ns3:TrackPointExtension>
        </extensions>
      </trkpt>
      <trkpt lat="31.2173062004148960113525390625" lon="121.391268409788608551025390625">
        <ele>14</ele>
        <time>2026-08-25T11:10:31.000Z</time>
        <extensions>
          <ns3:TrackPointExtension>
            <ns3:hr>139</ns3:hr>
            <ns3:cad>87</ns3:cad>
          </ns3:TrackPointExtension>
        </extensions>
      </trkpt>
      <trkpt lat="31.21733059175312519073486328125" lon="121.39126530848443508148193359375">
        <ele>14</ele>
        <time>2026-08-25T11:10:32.000Z</time>
        <extensions>
          <ns3:TrackPointExtension>
            <ns3:hr>140</ns3:hr>
            <ns3:cad>86</ns3:cad>
          </ns3:TrackPointExtension>
        </extensions>
      </trkpt>
      <trkpt lat="31.2173417396843433380126953125" lon="121.39125877059996128082275390625">
        <ele>14</ele>
        <time>2026-08-25T11:10:33.000Z</time>
        <extensions>
          <ns3:TrackPointExtension>
            <ns3:hr>139</ns3:hr>
            <ns3:cad>86</ns3:cad>
          </ns3:TrackPointExtension>
        </extensions>
      </trkpt>
      <trkpt lat="31.21736445464193820953369140625" lon="121.3912605307996273040771484375">
        <ele>14</ele>
        <time>2026-08-25T11:10:34.000Z</time>
        <extensions>
          <ns3:TrackPointExtension>
            <ns3:hr>139</ns3:hr>
            <ns3:cad>86</ns3:cad>
          </ns3:TrackPointExtension>
        </extensions>
      </trkpt>
      <trkpt lat="31.21737736277282238006591796875" lon="121.39125759713351726531982421875">
        <ele>14</ele>
        <time>2026-08-25T11:10:35.000Z</time>
        <extensions>
          <ns3:TrackPointExtension>
            <ns3:hr>140</ns3:hr>
            <ns3:cad>88</ns3:cad>
          </ns3:TrackPointExtension>
        </extensions>
      </trkpt>
      <trkpt lat="31.21740032918751239776611328125" lon="121.39125508256256580352783203125">
        <ele>14</ele>
        <time>2026-08-25T11:10:36.000Z</time>
        <extensions>
          <ns3:TrackPointExtension>
            <ns3:hr>140</ns3:hr>
            <ns3:cad>88</ns3:cad>
          </ns3:TrackPointExtension>
        </extensions>
      </trkpt>
      <trkpt lat="31.21742145158350467681884765625" lon="121.39125399291515350341796875">
        <ele>14</ele>
        <time>2026-08-25T11:10:37.000Z</time>
        <extensions>
          <ns3:TrackPointExtension>
            <ns3:hr>140</ns3:hr>
            <ns3:cad>87</ns3:cad>
          </ns3:TrackPointExtension>
        </extensions>
      </trkpt>
      <trkpt lat="31.217450536787509918212890625" lon="121.391259022057056427001953125">
        <ele>14</ele>
        <time>2026-08-25T11:10:38.000Z</time>
        <extensions>
          <ns3:TrackPointExtension>
            <ns3:hr>139</ns3:hr>
            <ns3:cad>87</ns3:cad>
          </ns3:TrackPointExtension>
        </extensions>
      </trkpt>
      <trkpt lat="31.2174748443067073822021484375" lon="121.391256339848041534423828125">
        <ele>14</ele>
        <time>2026-08-25T11:10:39.000Z</time>
        <extensions>
          <ns3:TrackPointExtension>
            <ns3:hr>139</ns3:hr>
            <ns3:cad>87</ns3:cad>
          </ns3:TrackPointExtension>
        </extensions>
      </trkpt>
      <trkpt lat="31.21750317513942718505859375" lon="121.39125457964837551116943359375">
        <ele>14</ele>
        <time>2026-08-25T11:10:40.000Z</time>
        <extensions>
          <ns3:TrackPointExtension>
            <ns3:hr>139</ns3:hr>
            <ns3:cad>87</ns3:cad>
          </ns3:TrackPointExtension>
        </extensions>
      </trkpt>
      <trkpt lat="31.21752505190670490264892578125" lon="121.3912514783442020416259765625">
        <ele>14</ele>
        <time>2026-08-25T11:10:41.000Z</time>
        <extensions>
          <ns3:TrackPointExtension>
            <ns3:hr>140</ns3:hr>
            <ns3:cad>89</ns3:cad>
          </ns3:TrackPointExtension>
        </extensions>
      </trkpt>
      <trkpt lat="31.2175479345023632049560546875" lon="121.3912479579448699951171875">
        <ele>14</ele>
        <time>2026-08-25T11:10:42.000Z</time>
        <extensions>
          <ns3:TrackPointExtension>
            <ns3:hr>140</ns3:hr>
            <ns3:cad>89</ns3:cad>
          </ns3:TrackPointExtension>
        </extensions>
      </trkpt>
      <trkpt lat="31.217570565640926361083984375" lon="121.3912452757358551025390625">
        <ele>14</ele>
        <time>2026-08-25T11:10:43.000Z</time>
        <extensions>
          <ns3:TrackPointExtension>
            <ns3:hr>141</ns3:hr>
            <ns3:cad>88</ns3:cad>
          </ns3:TrackPointExtension>
        </extensions>
      </trkpt>
      <trkpt lat="31.21759059838950634002685546875" lon="121.3912506401538848876953125">
        <ele>14</ele>
        <time>2026-08-25T11:10:44.000Z</time>
        <extensions>
          <ns3:TrackPointExtension>
            <ns3:hr>141</ns3:hr>
            <ns3:cad>87</ns3:cad>
          </ns3:TrackPointExtension>
        </extensions>
      </trkpt>
      <trkpt lat="31.21760870330035686492919921875" lon="121.39125340618193149566650390625">
        <ele>14</ele>
        <time>2026-08-25T11:10:45.000Z</time>
        <extensions>
          <ns3:TrackPointExtension>
            <ns3:hr>142</ns3:hr>
            <ns3:cad>87</ns3:cad>
          </ns3:TrackPointExtension>
        </extensions>
      </trkpt>
      <trkpt lat="31.2176304124295711517333984375" lon="121.391248293220996856689453125">
        <ele>13.80000019073486328125</ele>
        <time>2026-08-25T11:10:46.000Z</time>
        <extensions>
          <ns3:TrackPointExtension>
            <ns3:hr>142</ns3:hr>
            <ns3:cad>88</ns3:cad>
          </ns3:TrackPointExtension>
        </extensions>
      </trkpt>
      <trkpt lat="31.2176525406539440155029296875" lon="121.39124737121164798736572265625">
        <ele>13.80000019073486328125</ele>
        <time>2026-08-25T11:10:47.000Z</time>
        <extensions>
          <ns3:TrackPointExtension>
            <ns3:hr>142</ns3:hr>
            <ns3:cad>89</ns3:cad>
          </ns3:TrackPointExtension>
        </extensions>
      </trkpt>
      <trkpt lat="31.21767257340252399444580078125" lon="121.39123831875622272491455078125">
        <ele>13.80000019073486328125</ele>
        <time>2026-08-25T11:10:48.000Z</time>
        <extensions>
          <ns3:TrackPointExtension>
            <ns3:hr>142</ns3:hr>
            <ns3:cad>89</ns3:cad>
          </ns3:TrackPointExtension>
        </extensions>
      </trkpt>
      <trkpt lat="31.21769369579851627349853515625" lon="121.39123815111815929412841796875">
        <ele>13.80000019073486328125</ele>
        <time>2026-08-25T11:10:49.000Z</time>
        <extensions>
          <ns3:TrackPointExtension>
            <ns3:hr>142</ns3:hr>
            <ns3:cad>88</ns3:cad>
          </ns3:TrackPointExtension>
        </extensions>
      </trkpt>
      <trkpt lat="31.21770978905260562896728515625" lon="121.39123949222266674041748046875">
        <ele>13.80000019073486328125</ele>
        <time>2026-08-25T11:10:50.000Z</time>
        <extensions>
          <ns3:TrackPointExtension>
            <ns3:hr>142</ns3:hr>
            <ns3:cad>87</ns3:cad>
          </ns3:TrackPointExtension>
        </extensions>
      </trkpt>
      <trkpt lat="31.2177366949617862701416015625" lon="121.391245611011981964111328125">
        <ele>13.80000019073486328125</ele>
        <time>2026-08-25T11:10:51.000Z</time>
        <extensions>
          <ns3:TrackPointExtension>
            <ns3:hr>142</ns3:hr>
            <ns3:cad>87</ns3:cad>
          </ns3:TrackPointExtension>
        </extensions>
      </trkpt>
      <trkpt lat="31.21775303967297077178955078125" lon="121.39123924076557159423828125">
        <ele>13.80000019073486328125</ele>
        <time>2026-08-25T11:10:52.000Z</time>
        <extensions>
          <ns3:TrackPointExtension>
            <ns3:hr>143</ns3:hr>
            <ns3:cad>87</ns3:cad>
          </ns3:TrackPointExtension>
        </extensions>
      </trkpt>
      <trkpt lat="31.2177816219627857208251953125" lon="121.391232870519161224365234375">
        <ele>13.80000019073486328125</ele>
        <time>2026-08-25T11:10:53.000Z</time>
        <extensions>
          <ns3:TrackPointExtension>
            <ns3:hr>143</ns3:hr>
            <ns3:cad>88</ns3:cad>
          </ns3:TrackPointExtension>
        </extensions>
      </trkpt>
      <trkpt lat="31.21780450455844402313232421875" lon="121.391232199966907501220703125">
        <ele>13.80000019073486328125</ele>
        <time>2026-08-25T11:10:54.000Z</time>
        <extensions>
          <ns3:TrackPointExtension>
            <ns3:hr>143</ns3:hr>
            <ns3:cad>88</ns3:cad>
          </ns3:TrackPointExtension>
        </extensions>
      </trkpt>
      <trkpt lat="31.2178292311728000640869140625" lon="121.3912350498139858245849609375">
        <ele>13.80000019073486328125</ele>
        <time>2026-08-25T11:10:55.000Z</time>
        <extensions>
          <ns3:TrackPointExtension>
            <ns3:hr>143</ns3:hr>
            <ns3:cad>88</ns3:cad>
          </ns3:TrackPointExtension>
        </extensions>
      </trkpt>
      <trkpt lat="31.21784918010234832763671875" lon="121.391240246593952178955078125">
        <ele>13.80000019073486328125</ele>
        <time>2026-08-25T11:10:56.000Z</time>
        <extensions>
          <ns3:TrackPointExtension>
            <ns3:hr>143</ns3:hr>
            <ns3:cad>87</ns3:cad>
          </ns3:TrackPointExtension>
        </extensions>
      </trkpt>
      <trkpt lat="31.21787608601152896881103515625" lon="121.391233541071414947509765625">
        <ele>14</ele>
        <time>2026-08-25T11:10:57.000Z</time>
        <extensions>
          <ns3:TrackPointExtension>
            <ns3:hr>142</ns3:hr>
            <ns3:cad>87</ns3:cad>
          </ns3:TrackPointExtension>
        </extensions>
      </trkpt>
      <trkpt lat="31.2178976275026798248291015625" lon="121.391230858862400054931640625">
        <ele>14</ele>
        <time>2026-08-25T11:10:58.000Z</time>
        <extensions>
          <ns3:TrackPointExtension>
            <ns3:hr>143</ns3:hr>
            <ns3:cad>87</ns3:cad>
          </ns3:TrackPointExtension>
        </extensions>
      </trkpt>
      <trkpt lat="31.2179237790405750274658203125" lon="121.39123119413852691650390625">
        <ele>14</ele>
        <time>2026-08-25T11:10:59.000Z</time>
        <extensions>
          <ns3:TrackPointExtension>
            <ns3:hr>143</ns3:hr>
            <ns3:cad>89</ns3:cad>
          </ns3:TrackPointExtension>
        </extensions>
      </trkpt>
      <trkpt lat="31.21794716455042362213134765625" lon="121.391230188310146331787109375">
        <ele>14</ele>
        <time>2026-08-25T11:11:00.000Z</time>
        <extensions>
          <ns3:TrackPointExtension>
            <ns3:hr>143</ns3:hr>
            <ns3:cad>89</ns3:cad>
          </ns3:TrackPointExtension>
        </extensions>
      </trkpt>
      <trkpt lat="31.21797013096511363983154296875" lon="121.39122792519629001617431640625">
        <ele>14</ele>
        <time>2026-08-25T11:11:01.000Z</time>
        <extensions>
          <ns3:TrackPointExtension>
            <ns3:hr>143</ns3:hr>
            <ns3:cad>88</ns3:cad>
          </ns3:TrackPointExtension>
        </extensions>
      </trkpt>
      <trkpt lat="31.217992007732391357421875" lon="121.39122758992016315460205078125">
        <ele>13.80000019073486328125</ele>
        <time>2026-08-25T11:11:02.000Z</time>
        <extensions>
          <ns3:TrackPointExtension>
            <ns3:hr>142</ns3:hr>
            <ns3:cad>88</ns3:cad>
          </ns3:TrackPointExtension>
        </extensions>
      </trkpt>
      <trkpt lat="31.21801388449966907501220703125" lon="121.39122222550213336944580078125">
        <ele>13.80000019073486328125</ele>
        <time>2026-08-25T11:11:03.000Z</time>
        <extensions>
          <ns3:TrackPointExtension>
            <ns3:hr>142</ns3:hr>
            <ns3:cad>87</ns3:cad>
          </ns3:TrackPointExtension>
        </extensions>
      </trkpt>
      <trkpt lat="31.21804053895175457000732421875" lon="121.39122088439762592315673828125">
        <ele>13.80000019073486328125</ele>
        <time>2026-08-25T11:11:04.000Z</time>
        <extensions>
          <ns3:TrackPointExtension>
            <ns3:hr>142</ns3:hr>
            <ns3:cad>87</ns3:cad>
          </ns3:TrackPointExtension>
        </extensions>
      </trkpt>
      <trkpt lat="31.2180604040622711181640625" lon="121.39122155494987964630126953125">
        <ele>14</ele>
        <time>2026-08-25T11:11:05.000Z</time>
        <extensions>
          <ns3:TrackPointExtension>
            <ns3:hr>141</ns3:hr>
            <ns3:cad>87</ns3:cad>
          </ns3:TrackPointExtension>
        </extensions>
      </trkpt>
      <trkpt lat="31.21808730997145175933837890625" lon="121.39122121967375278472900390625">
        <ele>14</ele>
        <time>2026-08-25T11:11:06.000Z</time>
        <extensions>
          <ns3:TrackPointExtension>
            <ns3:hr>141</ns3:hr>
            <ns3:cad>88</ns3:cad>
          </ns3:TrackPointExtension>
        </extensions>
      </trkpt>
      <trkpt lat="31.21810591779649257659912109375" lon="121.3912196271121501922607421875">
        <ele>14</ele>
        <time>2026-08-25T11:11:07.000Z</time>
        <extensions>
          <ns3:TrackPointExtension>
            <ns3:hr>140</ns3:hr>
            <ns3:cad>88</ns3:cad>
          </ns3:TrackPointExtension>
        </extensions>
      </trkpt>
      <trkpt lat="31.2181328237056732177734375" lon="121.39121652580797672271728515625">
        <ele>14</ele>
        <time>2026-08-25T11:11:08.000Z</time>
        <extensions>
          <ns3:TrackPointExtension>
            <ns3:hr>140</ns3:hr>
            <ns3:cad>87</ns3:cad>
          </ns3:TrackPointExtension>
        </extensions>
      </trkpt>
      <trkpt lat="31.21815570630133152008056640625" lon="121.3912135921418666839599609375">
        <ele>13.80000019073486328125</ele>
        <time>2026-08-25T11:11:09.000Z</time>
        <extensions>
          <ns3:TrackPointExtension>
            <ns3:hr>140</ns3:hr>
            <ns3:cad>87</ns3:cad>
          </ns3:TrackPointExtension>
        </extensions>
      </trkpt>
      <trkpt lat="31.2181755714118480682373046875" lon="121.39121635816991329193115234375">
        <ele>13.80000019073486328125</ele>
        <time>2026-08-25T11:11:10.000Z</time>
        <extensions>
          <ns3:TrackPointExtension>
            <ns3:hr>140</ns3:hr>
            <ns3:cad>87</ns3:cad>
          </ns3:TrackPointExtension>
        </extensions>
      </trkpt>
      <trkpt lat="31.21820331551134586334228515625" lon="121.39122088439762592315673828125">
        <ele>13.80000019073486328125</ele>
        <time>2026-08-25T11:11:11.000Z</time>
        <extensions>
          <ns3:TrackPointExtension>
            <ns3:hr>140</ns3:hr>
            <ns3:cad>87</ns3:cad>
          </ns3:TrackPointExtension>
        </extensions>
      </trkpt>
      <trkpt lat="31.2182258628308773040771484375" lon="121.39122046530246734619140625">
        <ele>13.80000019073486328125</ele>
        <time>2026-08-25T11:11:12.000Z</time>
        <extensions>
          <ns3:TrackPointExtension>
            <ns3:hr>139</ns3:hr>
            <ns3:cad>88</ns3:cad>
          </ns3:TrackPointExtension>
        </extensions>
      </trkpt>
      <trkpt lat="31.21825226582586765289306640625" lon="121.39122088439762592315673828125">
        <ele>13.80000019073486328125</ele>
        <time>2026-08-25T11:11:13.000Z</time>
        <extensions>
          <ns3:TrackPointExtension>
            <ns3:hr>139</ns3:hr>
            <ns3:cad>88</ns3:cad>
          </ns3:TrackPointExtension>
        </extensions>
      </trkpt>
      <trkpt lat="31.2182711251080036163330078125" lon="121.3912306912243366241455078125">
        <ele>13.80000019073486328125</ele>
        <time>2026-08-25T11:11:14.000Z</time>
        <extensions>
          <ns3:TrackPointExtension>
            <ns3:hr>139</ns3:hr>
            <ns3:cad>87</ns3:cad>
          </ns3:TrackPointExtension>
        </extensions>
      </trkpt>
      <trkpt lat="31.2182989530265331268310546875" lon="121.3912363909184932708740234375">
        <ele>13.80000019073486328125</ele>
        <time>2026-08-25T11:11:15.000Z</time>
        <extensions>
          <ns3:TrackPointExtension>
            <ns3:hr>139</ns3:hr>
            <ns3:cad>87</ns3:cad>
          </ns3:TrackPointExtension>
        </extensions>
      </trkpt>
      <trkpt lat="31.21831596828997135162353515625" lon="121.3912286795675754547119140625">
        <ele>13.80000019073486328125</ele>
        <time>2026-08-25T11:11:16.000Z</time>
        <extensions>
          <ns3:TrackPointExtension>
            <ns3:hr>140</ns3:hr>
            <ns3:cad>87</ns3:cad>
          </ns3:TrackPointExtension>
        </extensions>
      </trkpt>
      <trkpt lat="31.2183458916842937469482421875" lon="121.391219794750213623046875">
        <ele>13.80000019073486328125</ele>
        <time>2026-08-25T11:11:17.000Z</time>
        <extensions>
          <ns3:TrackPointExtension>
            <ns3:hr>139</ns3:hr>
            <ns3:cad>87</ns3:cad>
          </ns3:TrackPointExtension>
        </extensions>
      </trkpt>
      <trkpt lat="31.2183646671473979949951171875" lon="121.3912142626941204071044921875">
        <ele>13.80000019073486328125</ele>
        <time>2026-08-25T11:11:18.000Z</time>
        <extensions>
          <ns3:TrackPointExtension>
            <ns3:hr>140</ns3:hr>
            <ns3:cad>88</ns3:cad>
          </ns3:TrackPointExtension>
        </extensions>
      </trkpt>
      <trkpt lat="31.2183888070285320281982421875" lon="121.39121510088443756103515625">
        <ele>13.80000019073486328125</ele>
        <time>2026-08-25T11:11:19.000Z</time>
        <extensions>
          <ns3:TrackPointExtension>
            <ns3:hr>140</ns3:hr>
            <ns3:cad>88</ns3:cad>
          </ns3:TrackPointExtension>
        </extensions>
      </trkpt>
      <trkpt lat="31.2184132821857929229736328125" lon="121.3912184536457061767578125">
        <ele>13.80000019073486328125</ele>
        <time>2026-08-25T11:11:20.000Z</time>
        <extensions>
          <ns3:TrackPointExtension>
            <ns3:hr>139</ns3:hr>
            <ns3:cad>88</ns3:cad>
          </ns3:TrackPointExtension>
        </extensions>
      </trkpt>
      <trkpt lat="31.2184461392462253570556640625" lon="121.39121384359896183013916015625">
        <ele>13.80000019073486328125</ele>
        <time>2026-08-25T11:11:21.000Z</time>
        <extensions>
          <ns3:TrackPointExtension>
            <ns3:hr>140</ns3:hr>
            <ns3:cad>87</ns3:cad>
          </ns3:TrackPointExtension>
        </extensions>
      </trkpt>
      <trkpt lat="31.21847136877477169036865234375" lon="121.3912135921418666839599609375">
        <ele>13.80000019073486328125</ele>
        <time>2026-08-25T11:11:22.000Z</time>
        <extensions>
          <ns3:TrackPointExtension>
            <ns3:hr>140</ns3:hr>
            <ns3:cad>87</ns3:cad>
          </ns3:TrackPointExtension>
        </extensions>
      </trkpt>
      <trkpt lat="31.218493916094303131103515625" lon="121.3912109099328517913818359375">
        <ele>13.80000019073486328125</ele>
        <time>2026-08-25T11:11:23.000Z</time>
        <extensions>
          <ns3:TrackPointExtension>
            <ns3:hr>140</ns3:hr>
            <ns3:cad>87</ns3:cad>
          </ns3:TrackPointExtension>
        </extensions>
      </trkpt>
      <trkpt lat="31.2185215763747692108154296875" lon="121.391209401190280914306640625">
        <ele>13.80000019073486328125</ele>
        <time>2026-08-25T11:11:24.000Z</time>
        <extensions>
          <ns3:TrackPointExtension>
            <ns3:hr>140</ns3:hr>
            <ns3:cad>88</ns3:cad>
          </ns3:TrackPointExtension>
        </extensions>
      </trkpt>
      <trkpt lat="31.2185423634946346282958984375" lon="121.39120445586740970611572265625">
        <ele>13.80000019073486328125</ele>
        <time>2026-08-25T11:11:25.000Z</time>
        <extensions>
          <ns3:TrackPointExtension>
            <ns3:hr>141</ns3:hr>
            <ns3:cad>88</ns3:cad>
          </ns3:TrackPointExtension>
        </extensions>
      </trkpt>
      <trkpt lat="31.2185668386518955230712890625" lon="121.39120697043836116790771484375">
        <ele>13.80000019073486328125</ele>
        <time>2026-08-25T11:11:26.000Z</time>
        <extensions>
          <ns3:TrackPointExtension>
            <ns3:hr>141</ns3:hr>
            <ns3:cad>88</ns3:cad>
          </ns3:TrackPointExtension>
        </extensions>
      </trkpt>
      <trkpt lat="31.218580417335033416748046875" lon="121.3912102393805980682373046875">
        <ele>13.80000019073486328125</ele>
        <time>2026-08-25T11:11:27.000Z</time>
        <extensions>
          <ns3:TrackPointExtension>
            <ns3:hr>142</ns3:hr>
            <ns3:cad>87</ns3:cad>
          </ns3:TrackPointExtension>
        </extensions>
      </trkpt>
      <trkpt lat="31.21860363520681858062744140625" lon="121.39121535234153270721435546875">
        <ele>13.80000019073486328125</ele>
        <time>2026-08-25T11:11:28.000Z</time>
        <extensions>
          <ns3:TrackPointExtension>
            <ns3:hr>142</ns3:hr>
            <ns3:cad>87</ns3:cad>
          </ns3:TrackPointExtension>
        </extensions>
      </trkpt>
      <trkpt lat="31.21862241066992282867431640625" lon="121.39121216721832752227783203125">
        <ele>13.80000019073486328125</ele>
        <time>2026-08-25T11:11:29.000Z</time>
        <extensions>
          <ns3:TrackPointExtension>
            <ns3:hr>143</ns3:hr>
            <ns3:cad>87</ns3:cad>
          </ns3:TrackPointExtension>
        </extensions>
      </trkpt>
      <trkpt lat="31.2186473049223423004150390625" lon="121.3912135921418666839599609375">
        <ele>13.80000019073486328125</ele>
        <time>2026-08-25T11:11:30.000Z</time>
        <extensions>
          <ns3:TrackPointExtension>
            <ns3:hr>143</ns3:hr>
            <ns3:cad>87</ns3:cad>
          </ns3:TrackPointExtension>
        </extensions>
      </trkpt>
      <trkpt lat="31.2186717800796031951904296875" lon="121.39121317304670810699462890625">
        <ele>13.80000019073486328125</ele>
        <time>2026-08-25T11:11:31.000Z</time>
        <extensions>
          <ns3:TrackPointExtension>
            <ns3:hr>143</ns3:hr>
            <ns3:cad>89</ns3:cad>
          </ns3:TrackPointExtension>
        </extensions>
      </trkpt>
      <trkpt lat="31.21869742870330810546875" lon="121.39121602289378643035888671875">
        <ele>13.80000019073486328125</ele>
        <time>2026-08-25T11:11:32.000Z</time>
        <extensions>
          <ns3:TrackPointExtension>
            <ns3:hr>144</ns3:hr>
            <ns3:cad>89</ns3:cad>
          </ns3:TrackPointExtension>
        </extensions>
      </trkpt>
      <trkpt lat="31.21871947310864925384521484375" lon="121.3912182860076427459716796875">
        <ele>13.80000019073486328125</ele>
        <time>2026-08-25T11:11:33.000Z</time>
        <extensions>
          <ns3:TrackPointExtension>
            <ns3:hr>144</ns3:hr>
            <ns3:cad>88</ns3:cad>
          </ns3:TrackPointExtension>
        </extensions>
      </trkpt>
      <trkpt lat="31.2187492288649082183837890625" lon="121.3912184536457061767578125">
        <ele>13.80000019073486328125</ele>
        <time>2026-08-25T11:11:34.000Z</time>
        <extensions>
          <ns3:TrackPointExtension>
            <ns3:hr>144</ns3:hr>
            <ns3:cad>87</ns3:cad>
          </ns3:TrackPointExtension>
        </extensions>
      </trkpt>
      <trkpt lat="31.2187706865370273590087890625" lon="121.3912219740450382232666015625">
        <ele>13.80000019073486328125</ele>
        <time>2026-08-25T11:11:35.000Z</time>
        <extensions>
          <ns3:TrackPointExtension>
            <ns3:hr>144</ns3:hr>
            <ns3:cad>87</ns3:cad>
          </ns3:TrackPointExtension>
        </extensions>
      </trkpt>
      <trkpt lat="31.21879038400948047637939453125" lon="121.39121510088443756103515625">
        <ele>13.80000019073486328125</ele>
        <time>2026-08-25T11:11:36.000Z</time>
        <extensions>
          <ns3:TrackPointExtension>
            <ns3:hr>144</ns3:hr>
            <ns3:cad>87</ns3:cad>
          </ns3:TrackPointExtension>
        </extensions>
      </trkpt>
      <trkpt lat="31.21881770901381969451904296875" lon="121.39121652580797672271728515625">
        <ele>13.80000019073486328125</ele>
        <time>2026-08-25T11:11:37.000Z</time>
        <extensions>
          <ns3:TrackPointExtension>
            <ns3:hr>144</ns3:hr>
            <ns3:cad>87</ns3:cad>
          </ns3:TrackPointExtension>
        </extensions>
      </trkpt>
      <trkpt lat="31.21883128769695758819580078125" lon="121.391215436160564422607421875">
        <ele>13.80000019073486328125</ele>
        <time>2026-08-25T11:11:38.000Z</time>
        <extensions>
          <ns3:TrackPointExtension>
            <ns3:hr>144</ns3:hr>
            <ns3:cad>87</ns3:cad>
          </ns3:TrackPointExtension>
        </extensions>
      </trkpt>
      <trkpt lat="31.218861378729343414306640625" lon="121.3912156037986278533935546875">
        <ele>14</ele>
        <time>2026-08-25T11:11:39.000Z</time>
        <extensions>
          <ns3:TrackPointExtension>
            <ns3:hr>144</ns3:hr>
            <ns3:cad>87</ns3:cad>
          </ns3:TrackPointExtension>
        </extensions>
      </trkpt>
      <trkpt lat="31.21888057328760623931884765625" lon="121.39120730571448802947998046875">
        <ele>13.80000019073486328125</ele>
        <time>2026-08-25T11:11:40.000Z</time>
        <extensions>
          <ns3:TrackPointExtension>
            <ns3:hr>143</ns3:hr>
            <ns3:cad>87</ns3:cad>
          </ns3:TrackPointExtension>
        </extensions>
      </trkpt>
      <trkpt lat="31.21890203095972537994384765625" lon="121.391199342906475067138671875">
        <ele>13.80000019073486328125</ele>
        <time>2026-08-25T11:11:41.000Z</time>
        <extensions>
          <ns3:TrackPointExtension>
            <ns3:hr>143</ns3:hr>
            <ns3:cad>87</ns3:cad>
          </ns3:TrackPointExtension>
        </extensions>
      </trkpt>
      <trkpt lat="31.21891477145254611968994140625" lon="121.391195990145206451416015625">
        <ele>13.80000019073486328125</ele>
        <time>2026-08-25T11:11:42.000Z</time>
        <extensions>
          <ns3:TrackPointExtension>
            <ns3:hr>143</ns3:hr>
            <ns3:cad>87</ns3:cad>
          </ns3:TrackPointExtension>
        </extensions>
      </trkpt>
      <trkpt lat="31.2189389951527118682861328125" lon="121.391191966831684112548828125">
        <ele>13.80000019073486328125</ele>
        <time>2026-08-25T11:11:43.000Z</time>
        <extensions>
          <ns3:TrackPointExtension>
            <ns3:hr>142</ns3:hr>
            <ns3:cad>88</ns3:cad>
          </ns3:TrackPointExtension>
        </extensions>
      </trkpt>
      <trkpt lat="31.2189594469964504241943359375" lon="121.3911907933652400970458984375">
        <ele>13.80000019073486328125</ele>
        <time>2026-08-25T11:11:44.000Z</time>
        <extensions>
          <ns3:TrackPointExtension>
            <ns3:hr>142</ns3:hr>
            <ns3:cad>88</ns3:cad>
          </ns3:TrackPointExtension>
        </extensions>
      </trkpt>
      <trkpt lat="31.21898350305855274200439453125" lon="121.39118819497525691986083984375">
        <ele>13.80000019073486328125</ele>
        <time>2026-08-25T11:11:45.000Z</time>
        <extensions>
          <ns3:TrackPointExtension>
            <ns3:hr>142</ns3:hr>
            <ns3:cad>88</ns3:cad>
          </ns3:TrackPointExtension>
        </extensions>
      </trkpt>
      <trkpt lat="31.2190063856542110443115234375" lon="121.39119238592684268951416015625">
        <ele>13.80000019073486328125</ele>
        <time>2026-08-25T11:11:46.000Z</time>
        <extensions>
          <ns3:TrackPointExtension>
            <ns3:hr>142</ns3:hr>
            <ns3:cad>88</ns3:cad>
          </ns3:TrackPointExtension>
        </extensions>
      </trkpt>
      <trkpt lat="31.21903077699244022369384765625" lon="121.39119573868811130523681640625">
        <ele>13.6000003814697265625</ele>
        <time>2026-08-25T11:11:47.000Z</time>
        <extensions>
          <ns3:TrackPointExtension>
            <ns3:hr>142</ns3:hr>
            <ns3:cad>88</ns3:cad>
          </ns3:TrackPointExtension>
        </extensions>
      </trkpt>
      <trkpt lat="31.2190519832074642181396484375" lon="121.3911998458206653594970703125">
        <ele>13.6000003814697265625</ele>
        <time>2026-08-25T11:11:48.000Z</time>
        <extensions>
          <ns3:TrackPointExtension>
            <ns3:hr>142</ns3:hr>
            <ns3:cad>88</ns3:cad>
          </ns3:TrackPointExtension>
        </extensions>
      </trkpt>
      <trkpt lat="31.2190734408795833587646484375" lon="121.3911981694400310516357421875">
        <ele>13.6000003814697265625</ele>
        <time>2026-08-25T11:11:49.000Z</time>
        <extensions>
          <ns3:TrackPointExtension>
            <ns3:hr>142</ns3:hr>
            <ns3:cad>88</ns3:cad>
          </ns3:TrackPointExtension>
        </extensions>
      </trkpt>
      <trkpt lat="31.21909699402749538421630859375" lon="121.39119590632617473602294921875">
        <ele>13.6000003814697265625</ele>
        <time>2026-08-25T11:11:50.000Z</time>
        <extensions>
          <ns3:TrackPointExtension>
            <ns3:hr>142</ns3:hr>
            <ns3:cad>88</ns3:cad>
          </ns3:TrackPointExtension>
        </extensions>
      </trkpt>
      <trkpt lat="31.21911878697574138641357421875" lon="121.391191966831684112548828125">
        <ele>13.80000019073486328125</ele>
        <time>2026-08-25T11:11:51.000Z</time>
        <extensions>
          <ns3:TrackPointExtension>
            <ns3:hr>142</ns3:hr>
            <ns3:cad>88</ns3:cad>
          </ns3:TrackPointExtension>
        </extensions>
      </trkpt>
      <trkpt lat="31.21914334595203399658203125" lon="121.39119389466941356658935546875">
        <ele>13.80000019073486328125</ele>
        <time>2026-08-25T11:11:52.000Z</time>
        <extensions>
          <ns3:TrackPointExtension>
            <ns3:hr>143</ns3:hr>
            <ns3:cad>87</ns3:cad>
          </ns3:TrackPointExtension>
        </extensions>
      </trkpt>
      <trkpt lat="31.219161450862884521484375" lon="121.3911934755742549896240234375">
        <ele>13.80000019073486328125</ele>
        <time>2026-08-25T11:11:53.000Z</time>
        <extensions>
          <ns3:TrackPointExtension>
            <ns3:hr>142</ns3:hr>
            <ns3:cad>87</ns3:cad>
          </ns3:TrackPointExtension>
        </extensions>
      </trkpt>
      <trkpt lat="31.21918064542114734649658203125" lon="121.39119724743068218231201171875">
        <ele>13.80000019073486328125</ele>
        <time>2026-08-25T11:11:54.000Z</time>
        <extensions>
          <ns3:TrackPointExtension>
            <ns3:hr>142</ns3:hr>
            <ns3:cad>87</ns3:cad>
          </ns3:TrackPointExtension>
        </extensions>
      </trkpt>
      <trkpt lat="31.2191995047032833099365234375" lon="121.391198337078094482421875">
        <ele>14</ele>
        <time>2026-08-25T11:11:55.000Z</time>
        <extensions>
          <ns3:TrackPointExtension>
            <ns3:hr>142</ns3:hr>
            <ns3:cad>88</ns3:cad>
          </ns3:TrackPointExtension>
        </extensions>
      </trkpt>
      <trkpt lat="31.2192219682037830352783203125" lon="121.39120009727776050567626953125">
        <ele>13.80000019073486328125</ele>
        <time>2026-08-25T11:11:56.000Z</time>
        <extensions>
          <ns3:TrackPointExtension>
            <ns3:hr>142</ns3:hr>
            <ns3:cad>88</ns3:cad>
          </ns3:TrackPointExtension>
        </extensions>
      </trkpt>
      <trkpt lat="31.219241917133331298828125" lon="121.39119900763034820556640625">
        <ele>13.80000019073486328125</ele>
        <time>2026-08-25T11:11:57.000Z</time>
        <extensions>
          <ns3:TrackPointExtension>
            <ns3:hr>142</ns3:hr>
            <ns3:cad>87</ns3:cad>
          </ns3:TrackPointExtension>
        </extensions>
      </trkpt>
      <trkpt lat="31.2192673981189727783203125" lon="121.39120277948677539825439453125">
        <ele>13.80000019073486328125</ele>
        <time>2026-08-25T11:11:58.000Z</time>
        <extensions>
          <ns3:TrackPointExtension>
            <ns3:hr>142</ns3:hr>
            <ns3:cad>87</ns3:cad>
          </ns3:TrackPointExtension>
        </extensions>
      </trkpt>
      <trkpt lat="31.21928826905786991119384765625" lon="121.39120713807642459869384765625">
        <ele>13.80000019073486328125</ele>
        <time>2026-08-25T11:11:59.000Z</time>
        <extensions>
          <ns3:TrackPointExtension>
            <ns3:hr>142</ns3:hr>
            <ns3:cad>87</ns3:cad>
          </ns3:TrackPointExtension>
        </extensions>
      </trkpt>
      <trkpt lat="31.2193111516535282135009765625" lon="121.39119565486907958984375">
        <ele>13.80000019073486328125</ele>
        <time>2026-08-25T11:12:00.000Z</time>
        <extensions>
          <ns3:TrackPointExtension>
            <ns3:hr>142</ns3:hr>
            <ns3:cad>87</ns3:cad>
          </ns3:TrackPointExtension>
        </extensions>
      </trkpt>
      <trkpt lat="31.21933436952531337738037109375" lon="121.391190625727176666259765625">
        <ele>13.80000019073486328125</ele>
        <time>2026-08-25T11:12:01.000Z</time>
        <extensions>
          <ns3:TrackPointExtension>
            <ns3:hr>142</ns3:hr>
            <ns3:cad>89</ns3:cad>
          </ns3:TrackPointExtension>
        </extensions>
      </trkpt>
      <trkpt lat="31.2193577550351619720458984375" lon="121.39118500985205173492431640625">
        <ele>14</ele>
        <time>2026-08-25T11:12:02.000Z</time>
        <extensions>
          <ns3:TrackPointExtension>
            <ns3:hr>142</ns3:hr>
            <ns3:cad>89</ns3:cad>
          </ns3:TrackPointExtension>
        </extensions>
      </trkpt>
      <trkpt lat="31.219386756420135498046875" lon="121.39118517749011516571044921875">
        <ele>13.80000019073486328125</ele>
        <time>2026-08-25T11:12:03.000Z</time>
        <extensions>
          <ns3:TrackPointExtension>
            <ns3:hr>142</ns3:hr>
            <ns3:cad>88</ns3:cad>
          </ns3:TrackPointExtension>
        </extensions>
      </trkpt>
      <trkpt lat="31.2194083817303180694580078125" lon="121.391179896891117095947265625">
        <ele>13.80000019073486328125</ele>
        <time>2026-08-25T11:12:04.000Z</time>
        <extensions>
          <ns3:TrackPointExtension>
            <ns3:hr>142</ns3:hr>
            <ns3:cad>87</ns3:cad>
          </ns3:TrackPointExtension>
        </extensions>
      </trkpt>
      <trkpt lat="31.21943327598273754119873046875" lon="121.3911810703575611114501953125">
        <ele>13.80000019073486328125</ele>
        <time>2026-08-25T11:12:05.000Z</time>
        <extensions>
          <ns3:TrackPointExtension>
            <ns3:hr>143</ns3:hr>
            <ns3:cad>87</ns3:cad>
          </ns3:TrackPointExtension>
        </extensions>
      </trkpt>
      <trkpt lat="31.21945657767355442047119140625" lon="121.39117931015789508819580078125">
        <ele>13.80000019073486328125</ele>
        <time>2026-08-25T11:12:06.000Z</time>
        <extensions>
          <ns3:TrackPointExtension>
            <ns3:hr>142</ns3:hr>
            <ns3:cad>87</ns3:cad>
          </ns3:TrackPointExtension>
        </extensions>
      </trkpt>
      <trkpt lat="31.21948105283081531524658203125" lon="121.39118551276624202728271484375">
        <ele>13.80000019073486328125</ele>
        <time>2026-08-25T11:12:07.000Z</time>
        <extensions>
          <ns3:TrackPointExtension>
            <ns3:hr>142</ns3:hr>
            <ns3:cad>88</ns3:cad>
          </ns3:TrackPointExtension>
        </extensions>
      </trkpt>
      <trkpt lat="31.21950150467455387115478515625" lon="121.3911850936710834503173828125">
        <ele>13.80000019073486328125</ele>
        <time>2026-08-25T11:12:08.000Z</time>
        <extensions>
          <ns3:TrackPointExtension>
            <ns3:hr>143</ns3:hr>
            <ns3:cad>88</ns3:cad>
          </ns3:TrackPointExtension>
        </extensions>
      </trkpt>
      <trkpt lat="31.2195274047553539276123046875" lon="121.39118819497525691986083984375">
        <ele>13.80000019073486328125</ele>
        <time>2026-08-25T11:12:09.000Z</time>
        <extensions>
          <ns3:TrackPointExtension>
            <ns3:hr>142</ns3:hr>
            <ns3:cad>88</ns3:cad>
          </ns3:TrackPointExtension>
        </extensions>
      </trkpt>
      <trkpt lat="31.2195502035319805145263671875" lon="121.39118433929979801177978515625">
        <ele>14</ele>
        <time>2026-08-25T11:12:10.000Z</time>
        <extensions>
          <ns3:TrackPointExtension>
            <ns3:hr>143</ns3:hr>
            <ns3:cad>87</ns3:cad>
          </ns3:TrackPointExtension>
        </extensions>
      </trkpt>
      <trkpt lat="31.21957518160343170166015625" lon="121.39118559658527374267578125">
        <ele>14</ele>
        <time>2026-08-25T11:12:11.000Z</time>
        <extensions>
          <ns3:TrackPointExtension>
            <ns3:hr>143</ns3:hr>
            <ns3:cad>87</ns3:cad>
          </ns3:TrackPointExtension>
        </extensions>
      </trkpt>
      <trkpt lat="31.21959865093231201171875" lon="121.39118702150881290435791015625">
        <ele>13.80000019073486328125</ele>
        <time>2026-08-25T11:12:12.000Z</time>
        <extensions>
          <ns3:TrackPointExtension>
            <ns3:hr>143</ns3:hr>
            <ns3:cad>87</ns3:cad>
          </ns3:TrackPointExtension>
        </extensions>
      </trkpt>
      <trkpt lat="31.21962480247020721435546875" lon="121.39118685387074947357177734375">
        <ele>13.80000019073486328125</ele>
        <time>2026-08-25T11:12:13.000Z</time>
        <extensions>
          <ns3:TrackPointExtension>
            <ns3:hr>142</ns3:hr>
            <ns3:cad>88</ns3:cad>
          </ns3:TrackPointExtension>
        </extensions>
      </trkpt>
      <trkpt lat="31.219646595418453216552734375" lon="121.39119037427008152008056640625">
        <ele>13.80000019073486328125</ele>
        <time>2026-08-25T11:12:14.000Z</time>
        <extensions>
          <ns3:TrackPointExtension>
            <ns3:hr>143</ns3:hr>
            <ns3:cad>88</ns3:cad>
          </ns3:TrackPointExtension>
        </extensions>
      </trkpt>
      <trkpt lat="31.21966998092830181121826171875" lon="121.3911871053278446197509765625">
        <ele>13.80000019073486328125</ele>
        <time>2026-08-25T11:12:15.000Z</time>
        <extensions>
          <ns3:TrackPointExtension>
            <ns3:hr>143</ns3:hr>
            <ns3:cad>88</ns3:cad>
          </ns3:TrackPointExtension>
        </extensions>
      </trkpt>
      <trkpt lat="31.21969512663781642913818359375" lon="121.39118752442300319671630859375">
        <ele>13.80000019073486328125</ele>
        <time>2026-08-25T11:12:16.000Z</time>
        <extensions>
          <ns3:TrackPointExtension>
            <ns3:hr>143</ns3:hr>
            <ns3:cad>87</ns3:cad>
          </ns3:TrackPointExtension>
        </extensions>
      </trkpt>
      <trkpt lat="31.21971993707120418548583984375" lon="121.3911864347755908966064453125">
        <ele>14</ele>
        <time>2026-08-25T11:12:17.000Z</time>
        <extensions>
          <ns3:TrackPointExtension>
            <ns3:hr>144</ns3:hr>
            <ns3:cad>87</ns3:cad>
          </ns3:TrackPointExtension>
        </extensions>
      </trkpt>
      <trkpt lat="31.219739802181720733642578125" lon="121.39119096100330352783203125">
        <ele>13.80000019073486328125</ele>
        <time>2026-08-25T11:12:18.000Z</time>
        <extensions>
          <ns3:TrackPointExtension>
            <ns3:hr>144</ns3:hr>
            <ns3:cad>87</ns3:cad>
          </ns3:TrackPointExtension>
        </extensions>
      </trkpt>
      <trkpt lat="31.21976586990058422088623046875" lon="121.391192637383937835693359375">
        <ele>13.80000019073486328125</ele>
        <time>2026-08-25T11:12:19.000Z</time>
        <extensions>
          <ns3:TrackPointExtension>
            <ns3:hr>144</ns3:hr>
            <ns3:cad>87</ns3:cad>
          </ns3:TrackPointExtension>
        </extensions>
      </trkpt>
      <trkpt lat="31.219788081943988800048828125" lon="121.3911958225071430206298828125">
        <ele>14</ele>
        <time>2026-08-25T11:12:20.000Z</time>
        <extensions>
          <ns3:TrackPointExtension>
            <ns3:hr>144</ns3:hr>
            <ns3:cad>88</ns3:cad>
          </ns3:TrackPointExtension>
        </extensions>
      </trkpt>
      <trkpt lat="31.21981230564415454864501953125" lon="121.3911904580891132354736328125">
        <ele>13.80000019073486328125</ele>
        <time>2026-08-25T11:12:21.000Z</time>
        <extensions>
          <ns3:TrackPointExtension>
            <ns3:hr>144</ns3:hr>
            <ns3:cad>88</ns3:cad>
          </ns3:TrackPointExtension>
        </extensions>
      </trkpt>
      <trkpt lat="31.219837367534637451171875" lon="121.39118987135589122772216796875">
        <ele>13.80000019073486328125</ele>
        <time>2026-08-25T11:12:22.000Z</time>
        <extensions>
          <ns3:TrackPointExtension>
            <ns3:hr>144</ns3:hr>
            <ns3:cad>88</ns3:cad>
          </ns3:TrackPointExtension>
        </extensions>
      </trkpt>
      <trkpt lat="31.2198630161583423614501953125" lon="121.39118785969913005828857421875">
        <ele>13.80000019073486328125</ele>
        <time>2026-08-25T11:12:23.000Z</time>
        <extensions>
          <ns3:TrackPointExtension>
            <ns3:hr>144</ns3:hr>
            <ns3:cad>87</ns3:cad>
          </ns3:TrackPointExtension>
        </extensions>
      </trkpt>
      <trkpt lat="31.219890005886554718017578125" lon="121.3911860994994640350341796875">
        <ele>13.80000019073486328125</ele>
        <time>2026-08-25T11:12:24.000Z</time>
        <extensions>
          <ns3:TrackPointExtension>
            <ns3:hr>144</ns3:hr>
            <ns3:cad>87</ns3:cad>
          </ns3:TrackPointExtension>
        </extensions>
      </trkpt>
      <trkpt lat="31.21991582214832305908203125" lon="121.39118031598627567291259765625">
        <ele>13.6000003814697265625</ele>
        <time>2026-08-25T11:12:25.000Z</time>
        <extensions>
          <ns3:TrackPointExtension>
            <ns3:hr>144</ns3:hr>
            <ns3:cad>87</ns3:cad>
          </ns3:TrackPointExtension>
        </extensions>
      </trkpt>
      <trkpt lat="31.21994356624782085418701171875" lon="121.39117578975856304168701171875">
        <ele>13.6000003814697265625</ele>
        <time>2026-08-25T11:12:26.000Z</time>
        <extensions>
          <ns3:TrackPointExtension>
            <ns3:hr>144</ns3:hr>
            <ns3:cad>89</ns3:cad>
          </ns3:TrackPointExtension>
        </extensions>
      </trkpt>
      <trkpt lat="31.21996770612895488739013671875" lon="121.3911656476557254791259765625">
        <ele>13.80000019073486328125</ele>
        <time>2026-08-25T11:12:27.000Z</time>
        <extensions>
          <ns3:TrackPointExtension>
            <ns3:hr>144</ns3:hr>
            <ns3:cad>89</ns3:cad>
          </ns3:TrackPointExtension>
        </extensions>
      </trkpt>
      <trkpt lat="31.2199969589710235595703125" lon="121.39114846475422382354736328125">
        <ele>13.80000019073486328125</ele>
        <time>2026-08-25T11:12:28.000Z</time>
        <extensions>
          <ns3:TrackPointExtension>
            <ns3:hr>144</ns3:hr>
            <ns3:cad>88</ns3:cad>
          </ns3:TrackPointExtension>
        </extensions>
      </trkpt>
      <trkpt lat="31.22001850046217441558837890625" lon="121.391133964061737060546875">
        <ele>13.80000019073486328125</ele>
        <time>2026-08-25T11:12:29.000Z</time>
        <extensions>
          <ns3:TrackPointExtension>
            <ns3:hr>144</ns3:hr>
            <ns3:cad>87</ns3:cad>
          </ns3:TrackPointExtension>
        </extensions>
      </trkpt>
      <trkpt lat="31.22003559954464435577392578125" lon="121.39111158438026905059814453125">
        <ele>13.80000019073486328125</ele>
        <time>2026-08-25T11:12:30.000Z</time>
        <extensions>
          <ns3:TrackPointExtension>
            <ns3:hr>144</ns3:hr>
            <ns3:cad>87</ns3:cad>
          </ns3:TrackPointExtension>
        </extensions>
      </trkpt>
      <trkpt lat="31.220051608979701995849609375" lon="121.39108526520431041717529296875">
        <ele>13.80000019073486328125</ele>
        <time>2026-08-25T11:12:31.000Z</time>
        <extensions>
          <ns3:TrackPointExtension>
            <ns3:hr>144</ns3:hr>
            <ns3:cad>87</ns3:cad>
          </ns3:TrackPointExtension>
        </extensions>
      </trkpt>
      <trkpt lat="31.2200534529983997344970703125" lon="121.3910615444183349609375">
        <ele>13.80000019073486328125</ele>
        <time>2026-08-25T11:12:32.000Z</time>
        <extensions>
          <ns3:TrackPointExtension>
            <ns3:hr>144</ns3:hr>
            <ns3:cad>88</ns3:cad>
          </ns3:TrackPointExtension>
        </extensions>
      </trkpt>
      <trkpt lat="31.220052950084209442138671875" lon="121.39102877117693424224853515625">
        <ele>13.80000019073486328125</ele>
        <time>2026-08-25T11:12:33.000Z</time>
        <extensions>
          <ns3:TrackPointExtension>
            <ns3:hr>144</ns3:hr>
            <ns3:cad>88</ns3:cad>
          </ns3:TrackPointExtension>
        </extensions>
      </trkpt>
      <trkpt lat="31.22005320154130458831787109375" lon="121.3910040445625782012939453125">
        <ele>13.80000019073486328125</ele>
        <time>2026-08-25T11:12:34.000Z</time>
        <extensions>
          <ns3:TrackPointExtension>
            <ns3:hr>144</ns3:hr>
            <ns3:cad>88</ns3:cad>
          </ns3:TrackPointExtension>
        </extensions>
      </trkpt>
      <trkpt lat="31.220045574009418487548828125" lon="121.3909698463976383209228515625">
        <ele>13.80000019073486328125</ele>
        <time>2026-08-25T11:12:35.000Z</time>
        <extensions>
          <ns3:TrackPointExtension>
            <ns3:hr>144</ns3:hr>
            <ns3:cad>88</ns3:cad>
          </ns3:TrackPointExtension>
        </extensions>
      </trkpt>
      <trkpt lat="31.220040209591388702392578125" lon="121.39094310812652111053466796875">
        <ele>14</ele>
        <time>2026-08-25T11:12:36.000Z</time>
        <extensions>
          <ns3:TrackPointExtension>
            <ns3:hr>144</ns3:hr>
            <ns3:cad>86</ns3:cad>
          </ns3:TrackPointExtension>
        </extensions>
      </trkpt>
      <trkpt lat="31.220030151307582855224609375" lon="121.3909128494560718536376953125">
        <ele>14</ele>
        <time>2026-08-25T11:12:37.000Z</time>
        <extensions>
          <ns3:TrackPointExtension>
            <ns3:hr>144</ns3:hr>
            <ns3:cad>86</ns3:cad>
          </ns3:TrackPointExtension>
        </extensions>
      </trkpt>
      <trkpt lat="31.22002839110791683197021484375" lon="121.39088477008044719696044921875">
        <ele>14</ele>
        <time>2026-08-25T11:12:38.000Z</time>
        <extensions>
          <ns3:TrackPointExtension>
            <ns3:hr>144</ns3:hr>
            <ns3:cad>86</ns3:cad>
          </ns3:TrackPointExtension>
        </extensions>
      </trkpt>
      <trkpt lat="31.2200259603559970855712890625" lon="121.39085593633353710174560546875">
        <ele>14</ele>
        <time>2026-08-25T11:12:39.000Z</time>
        <extensions>
          <ns3:TrackPointExtension>
            <ns3:hr>143</ns3:hr>
            <ns3:cad>86</ns3:cad>
          </ns3:TrackPointExtension>
        </extensions>
      </trkpt>
      <trkpt lat="31.22002621181309223175048828125" lon="121.39082676731050014495849609375">
        <ele>14</ele>
        <time>2026-08-25T11:12:40.000Z</time>
        <extensions>
          <ns3:TrackPointExtension>
            <ns3:hr>144</ns3:hr>
            <ns3:cad>86</ns3:cad>
          </ns3:TrackPointExtension>
        </extensions>
      </trkpt>
      <trkpt lat="31.22002621181309223175048828125" lon="121.39080916531383991241455078125">
        <ele>14</ele>
        <time>2026-08-25T11:12:41.000Z</time>
        <extensions>
          <ns3:TrackPointExtension>
            <ns3:hr>144</ns3:hr>
            <ns3:cad>86</ns3:cad>
          </ns3:TrackPointExtension>
        </extensions>
      </trkpt>
      <trkpt lat="31.2200291454792022705078125" lon="121.3907785713672637939453125">
        <ele>14</ele>
        <time>2026-08-25T11:12:42.000Z</time>
        <extensions>
          <ns3:TrackPointExtension>
            <ns3:hr>144</ns3:hr>
            <ns3:cad>86</ns3:cad>
          </ns3:TrackPointExtension>
        </extensions>
      </trkpt>
      <trkpt lat="31.22002738527953624725341796875" lon="121.3907559402287006378173828125">
        <ele>14</ele>
        <time>2026-08-25T11:12:43.000Z</time>
        <extensions>
          <ns3:TrackPointExtension>
            <ns3:hr>144</ns3:hr>
            <ns3:cad>86</ns3:cad>
          </ns3:TrackPointExtension>
        </extensions>
      </trkpt>
      <trkpt lat="31.22002654708921909332275390625" lon="121.390727274119853973388671875">
        <ele>14</ele>
        <time>2026-08-25T11:12:44.000Z</time>
        <extensions>
          <ns3:TrackPointExtension>
            <ns3:hr>144</ns3:hr>
            <ns3:cad>86</ns3:cad>
          </ns3:TrackPointExtension>
        </extensions>
      </trkpt>
      <trkpt lat="31.22002637945115566253662109375" lon="121.3907083310186862945556640625">
        <ele>14</ele>
        <time>2026-08-25T11:12:45.000Z</time>
        <extensions>
          <ns3:TrackPointExtension>
            <ns3:hr>144</ns3:hr>
            <ns3:cad>86</ns3:cad>
          </ns3:TrackPointExtension>
        </extensions>
      </trkpt>
      <trkpt lat="31.22002520598471164703369140625" lon="121.3906791619956493377685546875">
        <ele>14</ele>
        <time>2026-08-25T11:12:46.000Z</time>
        <extensions>
          <ns3:TrackPointExtension>
            <ns3:hr>144</ns3:hr>
            <ns3:cad>86</ns3:cad>
          </ns3:TrackPointExtension>
        </extensions>
      </trkpt>
      <trkpt lat="31.22002772055566310882568359375" lon="121.3906550221145153045654296875">
        <ele>14</ele>
        <time>2026-08-25T11:12:47.000Z</time>
        <extensions>
          <ns3:TrackPointExtension>
            <ns3:hr>144</ns3:hr>
            <ns3:cad>86</ns3:cad>
          </ns3:TrackPointExtension>
        </extensions>
      </trkpt>
      <trkpt lat="31.2200189195573329925537109375" lon="121.3906359113752841949462890625">
        <ele>14</ele>
        <time>2026-08-25T11:12:48.000Z</time>
        <extensions>
          <ns3:TrackPointExtension>
            <ns3:hr>144</ns3:hr>
            <ns3:cad>86</ns3:cad>
          </ns3:TrackPointExtension>
        </extensions>
      </trkpt>
      <trkpt lat="31.2200169079005718231201171875" lon="121.39061185531318187713623046875">
        <ele>14</ele>
        <time>2026-08-25T11:12:49.000Z</time>
        <extensions>
          <ns3:TrackPointExtension>
            <ns3:hr>145</ns3:hr>
            <ns3:cad>86</ns3:cad>
          </ns3:TrackPointExtension>
        </extensions>
      </trkpt>
      <trkpt lat="31.22001481242477893829345703125" lon="121.3905943371355533599853515625">
        <ele>14</ele>
        <time>2026-08-25T11:12:50.000Z</time>
        <extensions>
          <ns3:TrackPointExtension>
            <ns3:hr>144</ns3:hr>
            <ns3:cad>86</ns3:cad>
          </ns3:TrackPointExtension>
        </extensions>
      </trkpt>
      <trkpt lat="31.22001799754798412322998046875" lon="121.39056508429348468780517578125">
        <ele>14.19999980926513671875</ele>
        <time>2026-08-25T11:12:51.000Z</time>
        <extensions>
          <ns3:TrackPointExtension>
            <ns3:hr>144</ns3:hr>
            <ns3:cad>87</ns3:cad>
          </ns3:TrackPointExtension>
        </extensions>
      </trkpt>
      <trkpt lat="31.220019422471523284912109375" lon="121.3905416987836360931396484375">
        <ele>14</ele>
        <time>2026-08-25T11:12:52.000Z</time>
        <extensions>
          <ns3:TrackPointExtension>
            <ns3:hr>145</ns3:hr>
            <ns3:cad>87</ns3:cad>
          </ns3:TrackPointExtension>
        </extensions>
      </trkpt>
      <trkpt lat="31.22001749463379383087158203125" lon="121.3905125297605991363525390625">
        <ele>14</ele>
        <time>2026-08-25T11:12:53.000Z</time>
        <extensions>
          <ns3:TrackPointExtension>
            <ns3:hr>145</ns3:hr>
            <ns3:cad>87</ns3:cad>
          </ns3:TrackPointExtension>
        </extensions>
      </trkpt>
      <trkpt lat="31.22001481242477893829345703125" lon="121.3904893957078456878662109375">
        <ele>14</ele>
        <time>2026-08-25T11:12:54.000Z</time>
        <extensions>
          <ns3:TrackPointExtension>
            <ns3:hr>145</ns3:hr>
            <ns3:cad>87</ns3:cad>
          </ns3:TrackPointExtension>
        </extensions>
      </trkpt>
      <trkpt lat="31.2200078554451465606689453125" lon="121.3904659263789653778076171875">
        <ele>14</ele>
        <time>2026-08-25T11:12:55.000Z</time>
        <extensions>
          <ns3:TrackPointExtension>
            <ns3:hr>145</ns3:hr>
            <ns3:cad>86</ns3:cad>
          </ns3:TrackPointExtension>
        </extensions>
      </trkpt>
      <trkpt lat="31.22000609524548053741455078125" lon="121.39043994247913360595703125">
        <ele>14</ele>
        <time>2026-08-25T11:12:56.000Z</time>
        <extensions>
          <ns3:TrackPointExtension>
            <ns3:hr>145</ns3:hr>
            <ns3:cad>86</ns3:cad>
          </ns3:TrackPointExtension>
        </extensions>
      </trkpt>
      <trkpt lat="31.2200004793703556060791015625" lon="121.3904173113405704498291015625">
        <ele>14</ele>
        <time>2026-08-25T11:12:57.000Z</time>
        <extensions>
          <ns3:TrackPointExtension>
            <ns3:hr>146</ns3:hr>
            <ns3:cad>88</ns3:cad>
          </ns3:TrackPointExtension>
        </extensions>
      </trkpt>
      <trkpt lat="31.21999503113329410552978515625" lon="121.39039208181202411651611328125">
        <ele>14</ele>
        <time>2026-08-25T11:12:58.000Z</time>
        <extensions>
          <ns3:TrackPointExtension>
            <ns3:hr>145</ns3:hr>
            <ns3:cad>88</ns3:cad>
          </ns3:TrackPointExtension>
        </extensions>
      </trkpt>
      <trkpt lat="31.21998882852494716644287109375" lon="121.3903735578060150146484375">
        <ele>14</ele>
        <time>2026-08-25T11:12:59.000Z</time>
        <extensions>
          <ns3:TrackPointExtension>
            <ns3:hr>145</ns3:hr>
            <ns3:cad>88</ns3:cad>
          </ns3:TrackPointExtension>
        </extensions>
      </trkpt>
      <trkpt lat="31.2199863977730274200439453125" lon="121.39034547843039035797119140625">
        <ele>14</ele>
        <time>2026-08-25T11:13:00.000Z</time>
        <extensions>
          <ns3:TrackPointExtension>
            <ns3:hr>146</ns3:hr>
            <ns3:cad>87</ns3:cad>
          </ns3:TrackPointExtension>
        </extensions>
      </trkpt>
      <trkpt lat="31.219981200993061065673828125" lon="121.39032217673957347869873046875">
        <ele>14</ele>
        <time>2026-08-25T11:13:01.000Z</time>
        <extensions>
          <ns3:TrackPointExtension>
            <ns3:hr>145</ns3:hr>
            <ns3:cad>87</ns3:cad>
          </ns3:TrackPointExtension>
        </extensions>
      </trkpt>
      <trkpt lat="31.21998027898371219635009765625" lon="121.39029367826879024505615234375">
        <ele>14</ele>
        <time>2026-08-25T11:13:02.000Z</time>
        <extensions>
          <ns3:TrackPointExtension>
            <ns3:hr>145</ns3:hr>
            <ns3:cad>87</ns3:cad>
          </ns3:TrackPointExtension>
        </extensions>
      </trkpt>
      <trkpt lat="31.2199813686311244964599609375" lon="121.39026886783540248870849609375">
        <ele>14</ele>
        <time>2026-08-25T11:13:03.000Z</time>
        <extensions>
          <ns3:TrackPointExtension>
            <ns3:hr>146</ns3:hr>
            <ns3:cad>87</ns3:cad>
          </ns3:TrackPointExtension>
        </extensions>
      </trkpt>
      <trkpt lat="31.21998145245015621185302734375" lon="121.390239112079143524169921875">
        <ele>14</ele>
        <time>2026-08-25T11:13:04.000Z</time>
        <extensions>
          <ns3:TrackPointExtension>
            <ns3:hr>145</ns3:hr>
            <ns3:cad>87</ns3:cad>
          </ns3:TrackPointExtension>
        </extensions>
      </trkpt>
      <trkpt lat="31.2199813686311244964599609375" lon="121.39021589420735836029052734375">
        <ele>14</ele>
        <time>2026-08-25T11:13:05.000Z</time>
        <extensions>
          <ns3:TrackPointExtension>
            <ns3:hr>145</ns3:hr>
            <ns3:cad>87</ns3:cad>
          </ns3:TrackPointExtension>
        </extensions>
      </trkpt>
      <trkpt lat="31.2199760042130947113037109375" lon="121.39018571935594081878662109375">
        <ele>14</ele>
        <time>2026-08-25T11:13:06.000Z</time>
        <extensions>
          <ns3:TrackPointExtension>
            <ns3:hr>146</ns3:hr>
            <ns3:cad>87</ns3:cad>
          </ns3:TrackPointExtension>
        </extensions>
      </trkpt>
      <trkpt lat="31.21997558511793613433837890625" lon="121.3901588134467601776123046875">
        <ele>14</ele>
        <time>2026-08-25T11:13:07.000Z</time>
        <extensions>
          <ns3:TrackPointExtension>
            <ns3:hr>145</ns3:hr>
            <ns3:cad>87</ns3:cad>
          </ns3:TrackPointExtension>
        </extensions>
      </trkpt>
      <trkpt lat="31.219971477985382080078125" lon="121.390132494270801544189453125">
        <ele>14</ele>
        <time>2026-08-25T11:13:08.000Z</time>
        <extensions>
          <ns3:TrackPointExtension>
            <ns3:hr>145</ns3:hr>
            <ns3:cad>87</ns3:cad>
          </ns3:TrackPointExtension>
        </extensions>
      </trkpt>
      <trkpt lat="31.21996938250958919525146484375" lon="121.390105672180652618408203125">
        <ele>14</ele>
        <time>2026-08-25T11:13:09.000Z</time>
        <extensions>
          <ns3:TrackPointExtension>
            <ns3:hr>146</ns3:hr>
            <ns3:cad>88</ns3:cad>
          </ns3:TrackPointExtension>
        </extensions>
      </trkpt>
      <trkpt lat="31.219971477985382080078125" lon="121.39008144848048686981201171875">
        <ele>14</ele>
        <time>2026-08-25T11:13:10.000Z</time>
        <extensions>
          <ns3:TrackPointExtension>
            <ns3:hr>145</ns3:hr>
            <ns3:cad>88</ns3:cad>
          </ns3:TrackPointExtension>
        </extensions>
      </trkpt>
      <trkpt lat="31.219974495470523834228515625" lon="121.39005102217197418212890625">
        <ele>14</ele>
        <time>2026-08-25T11:13:11.000Z</time>
        <extensions>
          <ns3:TrackPointExtension>
            <ns3:hr>145</ns3:hr>
            <ns3:cad>88</ns3:cad>
          </ns3:TrackPointExtension>
        </extensions>
      </trkpt>
      <trkpt lat="31.219974495470523834228515625" lon="121.3900290615856647491455078125">
        <ele>14</ele>
        <time>2026-08-25T11:13:12.000Z</time>
        <extensions>
          <ns3:TrackPointExtension>
            <ns3:hr>146</ns3:hr>
            <ns3:cad>88</ns3:cad>
          </ns3:TrackPointExtension>
        </extensions>
      </trkpt>
      <trkpt lat="31.21997290290892124176025390625" lon="121.3900022394955158233642578125">
        <ele>14</ele>
        <time>2026-08-25T11:13:13.000Z</time>
        <extensions>
          <ns3:TrackPointExtension>
            <ns3:hr>145</ns3:hr>
            <ns3:cad>87</ns3:cad>
          </ns3:TrackPointExtension>
        </extensions>
      </trkpt>
      <trkpt lat="31.219962425529956817626953125" lon="121.38998103328049182891845703125">
        <ele>14</ele>
        <time>2026-08-25T11:13:14.000Z</time>
        <extensions>
          <ns3:TrackPointExtension>
            <ns3:hr>145</ns3:hr>
            <ns3:cad>87</ns3:cad>
          </ns3:TrackPointExtension>
        </extensions>
      </trkpt>
      <trkpt lat="31.2199555523693561553955078125" lon="121.38995110988616943359375">
        <ele>14</ele>
        <time>2026-08-25T11:13:15.000Z</time>
        <extensions>
          <ns3:TrackPointExtension>
            <ns3:hr>146</ns3:hr>
            <ns3:cad>88</ns3:cad>
          </ns3:TrackPointExtension>
        </extensions>
      </trkpt>
      <trkpt lat="31.2199528701603412628173828125" lon="121.3899304904043674468994140625">
        <ele>14</ele>
        <time>2026-08-25T11:13:16.000Z</time>
        <extensions>
          <ns3:TrackPointExtension>
            <ns3:hr>145</ns3:hr>
            <ns3:cad>89</ns3:cad>
          </ns3:TrackPointExtension>
        </extensions>
      </trkpt>
      <trkpt lat="31.2199568934738636016845703125" lon="121.38989620842039585113525390625">
        <ele>14</ele>
        <time>2026-08-25T11:13:17.000Z</time>
        <extensions>
          <ns3:TrackPointExtension>
            <ns3:hr>145</ns3:hr>
            <ns3:cad>89</ns3:cad>
          </ns3:TrackPointExtension>
        </extensions>
      </trkpt>
      <trkpt lat="31.2199622578918933868408203125" lon="121.38986754231154918670654296875">
        <ele>14.19999980926513671875</ele>
        <time>2026-08-25T11:13:18.000Z</time>
        <extensions>
          <ns3:TrackPointExtension>
            <ns3:hr>146</ns3:hr>
            <ns3:cad>87</ns3:cad>
          </ns3:TrackPointExtension>
        </extensions>
      </trkpt>
      <trkpt lat="31.21996150352060794830322265625" lon="121.38983904384076595306396484375">
        <ele>14.19999980926513671875</ele>
        <time>2026-08-25T11:13:19.000Z</time>
        <extensions>
          <ns3:TrackPointExtension>
            <ns3:hr>145</ns3:hr>
            <ns3:cad>87</ns3:cad>
          </ns3:TrackPointExtension>
        </extensions>
      </trkpt>
      <trkpt lat="31.2199635989964008331298828125" lon="121.3898076117038726806640625">
        <ele>14.19999980926513671875</ele>
        <time>2026-08-25T11:13:20.000Z</time>
        <extensions>
          <ns3:TrackPointExtension>
            <ns3:hr>145</ns3:hr>
            <ns3:cad>87</ns3:cad>
          </ns3:TrackPointExtension>
        </extensions>
      </trkpt>
      <trkpt lat="31.2199647724628448486328125" lon="121.38978070579469203948974609375">
        <ele>14.19999980926513671875</ele>
        <time>2026-08-25T11:13:21.000Z</time>
        <extensions>
          <ns3:TrackPointExtension>
            <ns3:hr>145</ns3:hr>
            <ns3:cad>88</ns3:cad>
          </ns3:TrackPointExtension>
        </extensions>
      </trkpt>
      <trkpt lat="31.219963766634464263916015625" lon="121.3897487707436084747314453125">
        <ele>14.19999980926513671875</ele>
        <time>2026-08-25T11:13:22.000Z</time>
        <extensions>
          <ns3:TrackPointExtension>
            <ns3:hr>145</ns3:hr>
            <ns3:cad>88</ns3:cad>
          </ns3:TrackPointExtension>
        </extensions>
      </trkpt>
      <trkpt lat="31.219967119395732879638671875" lon="121.38972672633826732635498046875">
        <ele>14</ele>
        <time>2026-08-25T11:13:23.000Z</time>
        <extensions>
          <ns3:TrackPointExtension>
            <ns3:hr>144</ns3:hr>
            <ns3:cad>88</ns3:cad>
          </ns3:TrackPointExtension>
        </extensions>
      </trkpt>
      <trkpt lat="31.2199716456234455108642578125" lon="121.38969152234494686126708984375">
        <ele>14.19999980926513671875</ele>
        <time>2026-08-25T11:13:24.000Z</time>
        <extensions>
          <ns3:TrackPointExtension>
            <ns3:hr>144</ns3:hr>
            <ns3:cad>87</ns3:cad>
          </ns3:TrackPointExtension>
        </extensions>
      </trkpt>
      <trkpt lat="31.219969801604747772216796875" lon="121.38967551290988922119140625">
        <ele>14.19999980926513671875</ele>
        <time>2026-08-25T11:13:25.000Z</time>
        <extensions>
          <ns3:TrackPointExtension>
            <ns3:hr>144</ns3:hr>
            <ns3:cad>86</ns3:cad>
          </ns3:TrackPointExtension>
        </extensions>
      </trkpt>
      <trkpt lat="31.21997172944247722625732421875" lon="121.38964894227683544158935546875">
        <ele>14.19999980926513671875</ele>
        <time>2026-08-25T11:13:26.000Z</time>
        <extensions>
          <ns3:TrackPointExtension>
            <ns3:hr>144</ns3:hr>
            <ns3:cad>86</ns3:cad>
          </ns3:TrackPointExtension>
        </extensions>
      </trkpt>
      <trkpt lat="31.21997072361409664154052734375" lon="121.3896314240992069244384765625">
        <ele>14.3999996185302734375</ele>
        <time>2026-08-25T11:13:27.000Z</time>
        <extensions>
          <ns3:TrackPointExtension>
            <ns3:hr>144</ns3:hr>
            <ns3:cad>87</ns3:cad>
          </ns3:TrackPointExtension>
        </extensions>
      </trkpt>
      <trkpt lat="31.219973824918270111083984375" lon="121.38960309326648712158203125">
        <ele>14.3999996185302734375</ele>
        <time>2026-08-25T11:13:28.000Z</time>
        <extensions>
          <ns3:TrackPointExtension>
            <ns3:hr>144</ns3:hr>
            <ns3:cad>88</ns3:cad>
          </ns3:TrackPointExtension>
        </extensions>
      </trkpt>
      <trkpt lat="31.2199766747653484344482421875" lon="121.38957903720438480377197265625">
        <ele>14.19999980926513671875</ele>
        <time>2026-08-25T11:13:29.000Z</time>
        <extensions>
          <ns3:TrackPointExtension>
            <ns3:hr>144</ns3:hr>
            <ns3:cad>88</ns3:cad>
          </ns3:TrackPointExtension>
        </extensions>
      </trkpt>
      <trkpt lat="31.21997944079339504241943359375" lon="121.38954274356365203857421875">
        <ele>14.19999980926513671875</ele>
        <time>2026-08-25T11:13:30.000Z</time>
        <extensions>
          <ns3:TrackPointExtension>
            <ns3:hr>144</ns3:hr>
            <ns3:cad>87</ns3:cad>
          </ns3:TrackPointExtension>
        </extensions>
      </trkpt>
      <trkpt lat="31.21998145245015621185302734375" lon="121.3895164243876934051513671875">
        <ele>14.19999980926513671875</ele>
        <time>2026-08-25T11:13:31.000Z</time>
        <extensions>
          <ns3:TrackPointExtension>
            <ns3:hr>144</ns3:hr>
            <ns3:cad>87</ns3:cad>
          </ns3:TrackPointExtension>
        </extensions>
      </trkpt>
      <trkpt lat="31.21997826732695102691650390625" lon="121.38948599807918071746826171875">
        <ele>14.19999980926513671875</ele>
        <time>2026-08-25T11:13:32.000Z</time>
        <extensions>
          <ns3:TrackPointExtension>
            <ns3:hr>144</ns3:hr>
            <ns3:cad>87</ns3:cad>
          </ns3:TrackPointExtension>
        </extensions>
      </trkpt>
      <trkpt lat="31.2199781835079193115234375" lon="121.38945749960839748382568359375">
        <ele>14.19999980926513671875</ele>
        <time>2026-08-25T11:13:33.000Z</time>
        <extensions>
          <ns3:TrackPointExtension>
            <ns3:hr>144</ns3:hr>
            <ns3:cad>88</ns3:cad>
          </ns3:TrackPointExtension>
        </extensions>
      </trkpt>
      <trkpt lat="31.2199746631085872650146484375" lon="121.3894332759082317352294921875">
        <ele>14.19999980926513671875</ele>
        <time>2026-08-25T11:13:34.000Z</time>
        <extensions>
          <ns3:TrackPointExtension>
            <ns3:hr>144</ns3:hr>
            <ns3:cad>89</ns3:cad>
          </ns3:TrackPointExtension>
        </extensions>
      </trkpt>
      <trkpt lat="31.2199755012989044189453125" lon="121.38940419070422649383544921875">
        <ele>14.3999996185302734375</ele>
        <time>2026-08-25T11:13:35.000Z</time>
        <extensions>
          <ns3:TrackPointExtension>
            <ns3:hr>144</ns3:hr>
            <ns3:cad>89</ns3:cad>
          </ns3:TrackPointExtension>
        </extensions>
      </trkpt>
      <trkpt lat="31.21997592039406299591064453125" lon="121.3893826492130756378173828125">
        <ele>14.19999980926513671875</ele>
        <time>2026-08-25T11:13:36.000Z</time>
        <extensions>
          <ns3:TrackPointExtension>
            <ns3:hr>144</ns3:hr>
            <ns3:cad>88</ns3:cad>
          </ns3:TrackPointExtension>
        </extensions>
      </trkpt>
      <trkpt lat="31.2199793569743633270263671875" lon="121.3893491216003894805908203125">
        <ele>14.3999996185302734375</ele>
        <time>2026-08-25T11:13:37.000Z</time>
        <extensions>
          <ns3:TrackPointExtension>
            <ns3:hr>144</ns3:hr>
            <ns3:cad>86</ns3:cad>
          </ns3:TrackPointExtension>
        </extensions>
      </trkpt>
      <trkpt lat="31.21997759677469730377197265625" lon="121.38932741247117519378662109375">
        <ele>14.3999996185302734375</ele>
        <time>2026-08-25T11:13:38.000Z</time>
        <extensions>
          <ns3:TrackPointExtension>
            <ns3:hr>145</ns3:hr>
            <ns3:cad>86</ns3:cad>
          </ns3:TrackPointExtension>
        </extensions>
      </trkpt>
      <trkpt lat="31.2199833802878856658935546875" lon="121.38928952626883983612060546875">
        <ele>14.3999996185302734375</ele>
        <time>2026-08-25T11:13:39.000Z</time>
        <extensions>
          <ns3:TrackPointExtension>
            <ns3:hr>144</ns3:hr>
            <ns3:cad>86</ns3:cad>
          </ns3:TrackPointExtension>
        </extensions>
      </trkpt>
      <trkpt lat="31.219987571239471435546875" lon="121.38926287181675434112548828125">
        <ele>14.19999980926513671875</ele>
        <time>2026-08-25T11:13:40.000Z</time>
        <extensions>
          <ns3:TrackPointExtension>
            <ns3:hr>144</ns3:hr>
            <ns3:cad>87</ns3:cad>
          </ns3:TrackPointExtension>
        </extensions>
      </trkpt>
      <trkpt lat="31.21998530812561511993408203125" lon="121.3892284221947193145751953125">
        <ele>14.19999980926513671875</ele>
        <time>2026-08-25T11:13:41.000Z</time>
        <extensions>
          <ns3:TrackPointExtension>
            <ns3:hr>144</ns3:hr>
            <ns3:cad>87</ns3:cad>
          </ns3:TrackPointExtension>
        </extensions>
      </trkpt>
      <trkpt lat="31.2199837155640125274658203125" lon="121.38920486904680728912353515625">
        <ele>14.19999980926513671875</ele>
        <time>2026-08-25T11:13:42.000Z</time>
        <extensions>
          <ns3:TrackPointExtension>
            <ns3:hr>144</ns3:hr>
            <ns3:cad>87</ns3:cad>
          </ns3:TrackPointExtension>
        </extensions>
      </trkpt>
      <trkpt lat="31.21997860260307788848876953125" lon="121.38917435891926288604736328125">
        <ele>14.19999980926513671875</ele>
        <time>2026-08-25T11:13:43.000Z</time>
        <extensions>
          <ns3:TrackPointExtension>
            <ns3:hr>144</ns3:hr>
            <ns3:cad>87</ns3:cad>
          </ns3:TrackPointExtension>
        </extensions>
      </trkpt>
      <trkpt lat="31.21997374109923839569091796875" lon="121.3891472853720188140869140625">
        <ele>14.19999980926513671875</ele>
        <time>2026-08-25T11:13:44.000Z</time>
        <extensions>
          <ns3:TrackPointExtension>
            <ns3:hr>144</ns3:hr>
            <ns3:cad>87</ns3:cad>
          </ns3:TrackPointExtension>
        </extensions>
      </trkpt>
      <trkpt lat="31.21997214853763580322265625" lon="121.3891278393566608428955078125">
        <ele>14.19999980926513671875</ele>
        <time>2026-08-25T11:13:45.000Z</time>
        <extensions>
          <ns3:TrackPointExtension>
            <ns3:hr>144</ns3:hr>
            <ns3:cad>87</ns3:cad>
          </ns3:TrackPointExtension>
        </extensions>
      </trkpt>
      <trkpt lat="31.2199716456234455108642578125" lon="121.3890993408858776092529296875">
        <ele>14.19999980926513671875</ele>
        <time>2026-08-25T11:13:46.000Z</time>
        <extensions>
          <ns3:TrackPointExtension>
            <ns3:hr>144</ns3:hr>
            <ns3:cad>88</ns3:cad>
          </ns3:TrackPointExtension>
        </extensions>
      </trkpt>
      <trkpt lat="31.21996435336768627166748046875" lon="121.38907964341342449188232421875">
        <ele>14.19999980926513671875</ele>
        <time>2026-08-25T11:13:47.000Z</time>
        <extensions>
          <ns3:TrackPointExtension>
            <ns3:hr>145</ns3:hr>
            <ns3:cad>88</ns3:cad>
          </ns3:TrackPointExtension>
        </extensions>
      </trkpt>
      <trkpt lat="31.21996787376701831817626953125" lon="121.3890443556010723114013671875">
        <ele>14.3999996185302734375</ele>
        <time>2026-08-25T11:13:48.000Z</time>
        <extensions>
          <ns3:TrackPointExtension>
            <ns3:hr>144</ns3:hr>
            <ns3:cad>88</ns3:cad>
          </ns3:TrackPointExtension>
        </extensions>
      </trkpt>
      <trkpt lat="31.21996234171092510223388671875" lon="121.38902398757636547088623046875">
        <ele>14.3999996185302734375</ele>
        <time>2026-08-25T11:13:49.000Z</time>
        <extensions>
          <ns3:TrackPointExtension>
            <ns3:hr>144</ns3:hr>
            <ns3:cad>87</ns3:cad>
          </ns3:TrackPointExtension>
        </extensions>
      </trkpt>
      <trkpt lat="31.21996485628187656402587890625" lon="121.3889868557453155517578125">
        <ele>14.19999980926513671875</ele>
        <time>2026-08-25T11:13:50.000Z</time>
        <extensions>
          <ns3:TrackPointExtension>
            <ns3:hr>144</ns3:hr>
            <ns3:cad>87</ns3:cad>
          </ns3:TrackPointExtension>
        </extensions>
      </trkpt>
      <trkpt lat="31.21996234171092510223388671875" lon="121.38896338641643524169921875">
        <ele>14.19999980926513671875</ele>
        <time>2026-08-25T11:13:51.000Z</time>
        <extensions>
          <ns3:TrackPointExtension>
            <ns3:hr>144</ns3:hr>
            <ns3:cad>87</ns3:cad>
          </ns3:TrackPointExtension>
        </extensions>
      </trkpt>
      <trkpt lat="31.21996066533029079437255859375" lon="121.38892675749957561492919921875">
        <ele>14.19999980926513671875</ele>
        <time>2026-08-25T11:13:52.000Z</time>
        <extensions>
          <ns3:TrackPointExtension>
            <ns3:hr>144</ns3:hr>
            <ns3:cad>88</ns3:cad>
          </ns3:TrackPointExtension>
        </extensions>
      </trkpt>
      <trkpt lat="31.2199552170932292938232421875" lon="121.3889063894748687744140625">
        <ele>14.3999996185302734375</ele>
        <time>2026-08-25T11:13:53.000Z</time>
        <extensions>
          <ns3:TrackPointExtension>
            <ns3:hr>144</ns3:hr>
            <ns3:cad>88</ns3:cad>
          </ns3:TrackPointExtension>
        </extensions>
      </trkpt>
      <trkpt lat="31.2199498526751995086669921875" lon="121.3888793997466564178466796875">
        <ele>14.3999996185302734375</ele>
        <time>2026-08-25T11:13:54.000Z</time>
        <extensions>
          <ns3:TrackPointExtension>
            <ns3:hr>144</ns3:hr>
            <ns3:cad>88</ns3:cad>
          </ns3:TrackPointExtension>
        </extensions>
      </trkpt>
      <trkpt lat="31.21994608081877231597900390625" lon="121.38886121101677417755126953125">
        <ele>14.3999996185302734375</ele>
        <time>2026-08-25T11:13:55.000Z</time>
        <extensions>
          <ns3:TrackPointExtension>
            <ns3:hr>144</ns3:hr>
            <ns3:cad>87</ns3:cad>
          </ns3:TrackPointExtension>
        </extensions>
      </trkpt>
      <trkpt lat="31.2199448235332965850830078125" lon="121.38883707113564014434814453125">
        <ele>14.6000003814697265625</ele>
        <time>2026-08-25T11:13:56.000Z</time>
        <extensions>
          <ns3:TrackPointExtension>
            <ns3:hr>144</ns3:hr>
            <ns3:cad>87</ns3:cad>
          </ns3:TrackPointExtension>
        </extensions>
      </trkpt>
      <trkpt lat="31.21994507499039173126220703125" lon="121.38881293125450611114501953125">
        <ele>14.6000003814697265625</ele>
        <time>2026-08-25T11:13:57.000Z</time>
        <extensions>
          <ns3:TrackPointExtension>
            <ns3:hr>145</ns3:hr>
            <ns3:cad>87</ns3:cad>
          </ns3:TrackPointExtension>
        </extensions>
      </trkpt>
      <trkpt lat="31.2199431471526622772216796875" lon="121.38878879137337207794189453125">
        <ele>14.6000003814697265625</ele>
        <time>2026-08-25T11:13:58.000Z</time>
        <extensions>
          <ns3:TrackPointExtension>
            <ns3:hr>145</ns3:hr>
            <ns3:cad>88</ns3:cad>
          </ns3:TrackPointExtension>
        </extensions>
      </trkpt>
      <trkpt lat="31.21994272805750370025634765625" lon="121.38875995762646198272705078125">
        <ele>14.3999996185302734375</ele>
        <time>2026-08-25T11:13:59.000Z</time>
        <extensions>
          <ns3:TrackPointExtension>
            <ns3:hr>145</ns3:hr>
            <ns3:cad>88</ns3:cad>
          </ns3:TrackPointExtension>
        </extensions>
      </trkpt>
      <trkpt lat="31.21993820182979106903076171875" lon="121.38873665593564510345458984375">
        <ele>14.3999996185302734375</ele>
        <time>2026-08-25T11:14:00.000Z</time>
        <extensions>
          <ns3:TrackPointExtension>
            <ns3:hr>145</ns3:hr>
            <ns3:cad>88</ns3:cad>
          </ns3:TrackPointExtension>
        </extensions>
      </trkpt>
      <trkpt lat="31.219932921230792999267578125" lon="121.38870966620743274688720703125">
        <ele>14.6000003814697265625</ele>
        <time>2026-08-25T11:14:01.000Z</time>
        <extensions>
          <ns3:TrackPointExtension>
            <ns3:hr>145</ns3:hr>
            <ns3:cad>88</ns3:cad>
          </ns3:TrackPointExtension>
        </extensions>
      </trkpt>
      <trkpt lat="31.2199216894805431365966796875" lon="121.388685442507266998291015625">
        <ele>14.6000003814697265625</ele>
        <time>2026-08-25T11:14:02.000Z</time>
        <extensions>
          <ns3:TrackPointExtension>
            <ns3:hr>145</ns3:hr>
            <ns3:cad>87</ns3:cad>
          </ns3:TrackPointExtension>
        </extensions>
      </trkpt>
      <trkpt lat="31.21991959400475025177001953125" lon="121.3886524178087711334228515625">
        <ele>14.6000003814697265625</ele>
        <time>2026-08-25T11:14:03.000Z</time>
        <extensions>
          <ns3:TrackPointExtension>
            <ns3:hr>145</ns3:hr>
            <ns3:cad>87</ns3:cad>
          </ns3:TrackPointExtension>
        </extensions>
      </trkpt>
      <trkpt lat="31.2199084460735321044921875" lon="121.388628445565700531005859375">
        <ele>14.6000003814697265625</ele>
        <time>2026-08-25T11:14:04.000Z</time>
        <extensions>
          <ns3:TrackPointExtension>
            <ns3:hr>146</ns3:hr>
            <ns3:cad>87</ns3:cad>
          </ns3:TrackPointExtension>
        </extensions>
      </trkpt>
      <trkpt lat="31.21989947743713855743408203125" lon="121.38859399594366550445556640625">
        <ele>14.3999996185302734375</ele>
        <time>2026-08-25T11:14:05.000Z</time>
        <extensions>
          <ns3:TrackPointExtension>
            <ns3:hr>145</ns3:hr>
            <ns3:cad>88</ns3:cad>
          </ns3:TrackPointExtension>
        </extensions>
      </trkpt>
      <trkpt lat="31.21989914216101169586181640625" lon="121.38855996541678905487060546875">
        <ele>14.19999980926513671875</ele>
        <time>2026-08-25T11:14:06.000Z</time>
        <extensions>
          <ns3:TrackPointExtension>
            <ns3:hr>145</ns3:hr>
            <ns3:cad>88</ns3:cad>
          </ns3:TrackPointExtension>
        </extensions>
      </trkpt>
      <trkpt lat="31.219894029200077056884765625" lon="121.3885307125747203826904296875">
        <ele>14.19999980926513671875</ele>
        <time>2026-08-25T11:14:07.000Z</time>
        <extensions>
          <ns3:TrackPointExtension>
            <ns3:hr>146</ns3:hr>
            <ns3:cad>88</ns3:cad>
          </ns3:TrackPointExtension>
        </extensions>
      </trkpt>
      <trkpt lat="31.21989964507520198822021484375" lon="121.38849978335201740264892578125">
        <ele>14</ele>
        <time>2026-08-25T11:14:08.000Z</time>
        <extensions>
          <ns3:TrackPointExtension>
            <ns3:hr>145</ns3:hr>
            <ns3:cad>87</ns3:cad>
          </ns3:TrackPointExtension>
        </extensions>
      </trkpt>
      <trkpt lat="31.21989578939974308013916015625" lon="121.38847388327121734619140625">
        <ele>14</ele>
        <time>2026-08-25T11:14:09.000Z</time>
        <extensions>
          <ns3:TrackPointExtension>
            <ns3:hr>145</ns3:hr>
            <ns3:cad>86</ns3:cad>
          </ns3:TrackPointExtension>
        </extensions>
      </trkpt>
      <trkpt lat="31.2198950350284576416015625" lon="121.38844479806721210479736328125">
        <ele>14</ele>
        <time>2026-08-25T11:14:10.000Z</time>
        <extensions>
          <ns3:TrackPointExtension>
            <ns3:hr>145</ns3:hr>
            <ns3:cad>86</ns3:cad>
          </ns3:TrackPointExtension>
        </extensions>
      </trkpt>
      <trkpt lat="31.21988975442945957183837890625" lon="121.38841914944350719451904296875">
        <ele>14.19999980926513671875</ele>
        <time>2026-08-25T11:14:11.000Z</time>
        <extensions>
          <ns3:TrackPointExtension>
            <ns3:hr>144</ns3:hr>
            <ns3:cad>86</ns3:cad>
          </ns3:TrackPointExtension>
        </extensions>
      </trkpt>
      <trkpt lat="31.21988958679139614105224609375" lon="121.388385035097599029541015625">
        <ele>14.19999980926513671875</ele>
        <time>2026-08-25T11:14:12.000Z</time>
        <extensions>
          <ns3:TrackPointExtension>
            <ns3:hr>144</ns3:hr>
            <ns3:cad>86</ns3:cad>
          </ns3:TrackPointExtension>
        </extensions>
      </trkpt>
      <trkpt lat="31.2198874913156032562255859375" lon="121.38836181722581386566162109375">
        <ele>14.19999980926513671875</ele>
        <time>2026-08-25T11:14:13.000Z</time>
        <extensions>
          <ns3:TrackPointExtension>
            <ns3:hr>143</ns3:hr>
            <ns3:cad>87</ns3:cad>
          </ns3:TrackPointExtension>
        </extensions>
      </trkpt>
      <trkpt lat="31.21988707222044467926025390625" lon="121.388325355947017669677734375">
        <ele>14.19999980926513671875</ele>
        <time>2026-08-25T11:14:14.000Z</time>
        <extensions>
          <ns3:TrackPointExtension>
            <ns3:hr>143</ns3:hr>
            <ns3:cad>87</ns3:cad>
          </ns3:TrackPointExtension>
        </extensions>
      </trkpt>
      <trkpt lat="31.2198878265917301177978515625" lon="121.388296522200107574462890625">
        <ele>14.19999980926513671875</ele>
        <time>2026-08-25T11:14:15.000Z</time>
        <extensions>
          <ns3:TrackPointExtension>
            <ns3:hr>143</ns3:hr>
            <ns3:cad>86</ns3:cad>
          </ns3:TrackPointExtension>
        </extensions>
      </trkpt>
      <trkpt lat="31.21989545412361621856689453125" lon="121.38826458714902400970458984375">
        <ele>14.19999980926513671875</ele>
        <time>2026-08-25T11:14:16.000Z</time>
        <extensions>
          <ns3:TrackPointExtension>
            <ns3:hr>143</ns3:hr>
            <ns3:cad>86</ns3:cad>
          </ns3:TrackPointExtension>
        </extensions>
      </trkpt>
      <trkpt lat="31.219907104969024658203125" lon="121.38824011199176311492919921875">
        <ele>14.19999980926513671875</ele>
        <time>2026-08-25T11:14:17.000Z</time>
        <extensions>
          <ns3:TrackPointExtension>
            <ns3:hr>144</ns3:hr>
            <ns3:cad>87</ns3:cad>
          </ns3:TrackPointExtension>
        </extensions>
      </trkpt>
      <trkpt lat="31.21991523541510105133056640625" lon="121.38821773231029510498046875">
        <ele>14.19999980926513671875</ele>
        <time>2026-08-25T11:14:18.000Z</time>
        <extensions>
          <ns3:TrackPointExtension>
            <ns3:hr>144</ns3:hr>
            <ns3:cad>87</ns3:cad>
          </ns3:TrackPointExtension>
        </extensions>
      </trkpt>
      <trkpt lat="31.21992981992661952972412109375" lon="121.38818898238241672515869140625">
        <ele>14.19999980926513671875</ele>
        <time>2026-08-25T11:14:19.000Z</time>
        <extensions>
          <ns3:TrackPointExtension>
            <ns3:hr>144</ns3:hr>
            <ns3:cad>87</ns3:cad>
          </ns3:TrackPointExtension>
        </extensions>
      </trkpt>
      <trkpt lat="31.2199337594211101531982421875" lon="121.3881692849099636077880859375">
        <ele>14.19999980926513671875</ele>
        <time>2026-08-25T11:14:20.000Z</time>
        <extensions>
          <ns3:TrackPointExtension>
            <ns3:hr>144</ns3:hr>
            <ns3:cad>87</ns3:cad>
          </ns3:TrackPointExtension>
        </extensions>
      </trkpt>
      <trkpt lat="31.21994054876267910003662109375" lon="121.388136930763721466064453125">
        <ele>14.19999980926513671875</ele>
        <time>2026-08-25T11:14:21.000Z</time>
        <extensions>
          <ns3:TrackPointExtension>
            <ns3:hr>144</ns3:hr>
            <ns3:cad>86</ns3:cad>
          </ns3:TrackPointExtension>
        </extensions>
      </trkpt>
      <trkpt lat="31.21994004584848880767822265625" lon="121.3881176523864269256591796875">
        <ele>14.19999980926513671875</ele>
        <time>2026-08-25T11:14:22.000Z</time>
        <extensions>
          <ns3:TrackPointExtension>
            <ns3:hr>144</ns3:hr>
            <ns3:cad>86</ns3:cad>
          </ns3:TrackPointExtension>
        </extensions>
      </trkpt>
      <trkpt lat="31.2199394591152667999267578125" lon="121.3880904950201511383056640625">
        <ele>14.19999980926513671875</ele>
        <time>2026-08-25T11:14:23.000Z</time>
        <extensions>
          <ns3:TrackPointExtension>
            <ns3:hr>144</ns3:hr>
            <ns3:cad>87</ns3:cad>
          </ns3:TrackPointExtension>
        </extensions>
      </trkpt>
      <trkpt lat="31.219937615096569061279296875" lon="121.38806375674903392791748046875">
        <ele>14.19999980926513671875</ele>
        <time>2026-08-25T11:14:24.000Z</time>
        <extensions>
          <ns3:TrackPointExtension>
            <ns3:hr>144</ns3:hr>
            <ns3:cad>88</ns3:cad>
          </ns3:TrackPointExtension>
        </extensions>
      </trkpt>
      <trkpt lat="31.21993233449757099151611328125" lon="121.3880368508398532867431640625">
        <ele>14.19999980926513671875</ele>
        <time>2026-08-25T11:14:25.000Z</time>
        <extensions>
          <ns3:TrackPointExtension>
            <ns3:hr>144</ns3:hr>
            <ns3:cad>88</ns3:cad>
          </ns3:TrackPointExtension>
        </extensions>
      </trkpt>
      <trkpt lat="31.21993032284080982208251953125" lon="121.38800910674035549163818359375">
        <ele>14.19999980926513671875</ele>
        <time>2026-08-25T11:14:26.000Z</time>
        <extensions>
          <ns3:TrackPointExtension>
            <ns3:hr>145</ns3:hr>
            <ns3:cad>88</ns3:cad>
          </ns3:TrackPointExtension>
        </extensions>
      </trkpt>
      <trkpt lat="31.21992780826985836029052734375" lon="121.38798295520246028900146484375">
        <ele>14.19999980926513671875</ele>
        <time>2026-08-25T11:14:27.000Z</time>
        <extensions>
          <ns3:TrackPointExtension>
            <ns3:hr>144</ns3:hr>
            <ns3:cad>87</ns3:cad>
          </ns3:TrackPointExtension>
        </extensions>
      </trkpt>
      <trkpt lat="31.21993116103112697601318359375" lon="121.38795361854135990142822265625">
        <ele>14.19999980926513671875</ele>
        <time>2026-08-25T11:14:28.000Z</time>
        <extensions>
          <ns3:TrackPointExtension>
            <ns3:hr>144</ns3:hr>
            <ns3:cad>86</ns3:cad>
          </ns3:TrackPointExtension>
        </extensions>
      </trkpt>
      <trkpt lat="31.2199307419359683990478515625" lon="121.3879262097179889678955078125">
        <ele>14.19999980926513671875</ele>
        <time>2026-08-25T11:14:29.000Z</time>
        <extensions>
          <ns3:TrackPointExtension>
            <ns3:hr>144</ns3:hr>
            <ns3:cad>86</ns3:cad>
          </ns3:TrackPointExtension>
        </extensions>
      </trkpt>
      <trkpt lat="31.21993116103112697601318359375" lon="121.3879000581800937652587890625">
        <ele>14.19999980926513671875</ele>
        <time>2026-08-25T11:14:30.000Z</time>
        <extensions>
          <ns3:TrackPointExtension>
            <ns3:hr>144</ns3:hr>
            <ns3:cad>88</ns3:cad>
          </ns3:TrackPointExtension>
        </extensions>
      </trkpt>
      <trkpt lat="31.21992386877536773681640625" lon="121.38787700794637203216552734375">
        <ele>14.19999980926513671875</ele>
        <time>2026-08-25T11:14:31.000Z</time>
        <extensions>
          <ns3:TrackPointExtension>
            <ns3:hr>144</ns3:hr>
            <ns3:cad>88</ns3:cad>
          </ns3:TrackPointExtension>
        </extensions>
      </trkpt>
      <trkpt lat="31.2199245393276214599609375" lon="121.38784415088593959808349609375">
        <ele>14.3999996185302734375</ele>
        <time>2026-08-25T11:14:32.000Z</time>
        <extensions>
          <ns3:TrackPointExtension>
            <ns3:hr>144</ns3:hr>
            <ns3:cad>88</ns3:cad>
          </ns3:TrackPointExtension>
        </extensions>
      </trkpt>
      <trkpt lat="31.21991607360541820526123046875" lon="121.3878182508051395416259765625">
        <ele>14.3999996185302734375</ele>
        <time>2026-08-25T11:14:33.000Z</time>
        <extensions>
          <ns3:TrackPointExtension>
            <ns3:hr>144</ns3:hr>
            <ns3:cad>87</ns3:cad>
          </ns3:TrackPointExtension>
        </extensions>
      </trkpt>
      <trkpt lat="31.21991557069122791290283203125" lon="121.3877904228866100311279296875">
        <ele>14.3999996185302734375</ele>
        <time>2026-08-25T11:14:34.000Z</time>
        <extensions>
          <ns3:TrackPointExtension>
            <ns3:hr>144</ns3:hr>
            <ns3:cad>86</ns3:cad>
          </ns3:TrackPointExtension>
        </extensions>
      </trkpt>
      <trkpt lat="31.2199196778237819671630859375" lon="121.38776284642517566680908203125">
        <ele>14.3999996185302734375</ele>
        <time>2026-08-25T11:14:35.000Z</time>
        <extensions>
          <ns3:TrackPointExtension>
            <ns3:hr>144</ns3:hr>
            <ns3:cad>86</ns3:cad>
          </ns3:TrackPointExtension>
        </extensions>
      </trkpt>
      <trkpt lat="31.21992160566151142120361328125" lon="121.38773619197309017181396484375">
        <ele>14.19999980926513671875</ele>
        <time>2026-08-25T11:14:36.000Z</time>
        <extensions>
          <ns3:TrackPointExtension>
            <ns3:hr>144</ns3:hr>
            <ns3:cad>88</ns3:cad>
          </ns3:TrackPointExtension>
        </extensions>
      </trkpt>
      <trkpt lat="31.2199226953089237213134765625" lon="121.3877119682729244232177734375">
        <ele>14.19999980926513671875</ele>
        <time>2026-08-25T11:14:37.000Z</time>
        <extensions>
          <ns3:TrackPointExtension>
            <ns3:hr>144</ns3:hr>
            <ns3:cad>88</ns3:cad>
          </ns3:TrackPointExtension>
        </extensions>
      </trkpt>
      <trkpt lat="31.219922192394733428955078125" lon="121.38768397271633148193359375">
        <ele>14.19999980926513671875</ele>
        <time>2026-08-25T11:14:38.000Z</time>
        <extensions>
          <ns3:TrackPointExtension>
            <ns3:hr>144</ns3:hr>
            <ns3:cad>87</ns3:cad>
          </ns3:TrackPointExtension>
        </extensions>
      </trkpt>
      <trkpt lat="31.21991791762411594390869140625" lon="121.38765983283519744873046875">
        <ele>14.19999980926513671875</ele>
        <time>2026-08-25T11:14:39.000Z</time>
        <extensions>
          <ns3:TrackPointExtension>
            <ns3:hr>144</ns3:hr>
            <ns3:cad>87</ns3:cad>
          </ns3:TrackPointExtension>
        </extensions>
      </trkpt>
      <trkpt lat="31.219914816319942474365234375" lon="121.38763477094471454620361328125">
        <ele>14.3999996185302734375</ele>
        <time>2026-08-25T11:14:40.000Z</time>
        <extensions>
          <ns3:TrackPointExtension>
            <ns3:hr>144</ns3:hr>
            <ns3:cad>87</ns3:cad>
          </ns3:TrackPointExtension>
        </extensions>
      </trkpt>
      <trkpt lat="31.21991959400475025177001953125" lon="121.3876070268452167510986328125">
        <ele>14.3999996185302734375</ele>
        <time>2026-08-25T11:14:41.000Z</time>
        <extensions>
          <ns3:TrackPointExtension>
            <ns3:hr>144</ns3:hr>
            <ns3:cad>87</ns3:cad>
          </ns3:TrackPointExtension>
        </extensions>
      </trkpt>
      <trkpt lat="31.2199151515960693359375" lon="121.38758196495473384857177734375">
        <ele>14.3999996185302734375</ele>
        <time>2026-08-25T11:14:42.000Z</time>
        <extensions>
          <ns3:TrackPointExtension>
            <ns3:hr>144</ns3:hr>
            <ns3:cad>88</ns3:cad>
          </ns3:TrackPointExtension>
        </extensions>
      </trkpt>
      <trkpt lat="31.219917833805084228515625" lon="121.38755447231233119964599609375">
        <ele>14.3999996185302734375</ele>
        <time>2026-08-25T11:14:43.000Z</time>
        <extensions>
          <ns3:TrackPointExtension>
            <ns3:hr>144</ns3:hr>
            <ns3:cad>88</ns3:cad>
          </ns3:TrackPointExtension>
        </extensions>
      </trkpt>
      <trkpt lat="31.21991288848221302032470703125" lon="121.387534104287624359130859375">
        <ele>14.19999980926513671875</ele>
        <time>2026-08-25T11:14:44.000Z</time>
        <extensions>
          <ns3:TrackPointExtension>
            <ns3:hr>144</ns3:hr>
            <ns3:cad>88</ns3:cad>
          </ns3:TrackPointExtension>
        </extensions>
      </trkpt>
      <trkpt lat="31.21991221792995929718017578125" lon="121.3875034265220165252685546875">
        <ele>14.3999996185302734375</ele>
        <time>2026-08-25T11:14:45.000Z</time>
        <extensions>
          <ns3:TrackPointExtension>
            <ns3:hr>144</ns3:hr>
            <ns3:cad>87</ns3:cad>
          </ns3:TrackPointExtension>
        </extensions>
      </trkpt>
      <trkpt lat="31.2199123017489910125732421875" lon="121.38748037628829479217529296875">
        <ele>14.3999996185302734375</ele>
        <time>2026-08-25T11:14:46.000Z</time>
        <extensions>
          <ns3:TrackPointExtension>
            <ns3:hr>144</ns3:hr>
            <ns3:cad>87</ns3:cad>
          </ns3:TrackPointExtension>
        </extensions>
      </trkpt>
      <trkpt lat="31.21991875581443309783935546875" lon="121.3874491117894649505615234375">
        <ele>14.19999980926513671875</ele>
        <time>2026-08-25T11:14:47.000Z</time>
        <extensions>
          <ns3:TrackPointExtension>
            <ns3:hr>144</ns3:hr>
            <ns3:cad>87</ns3:cad>
          </ns3:TrackPointExtension>
        </extensions>
      </trkpt>
      <trkpt lat="31.219914816319942474365234375" lon="121.387424804270267486572265625">
        <ele>14.19999980926513671875</ele>
        <time>2026-08-25T11:14:48.000Z</time>
        <extensions>
          <ns3:TrackPointExtension>
            <ns3:hr>144</ns3:hr>
            <ns3:cad>88</ns3:cad>
          </ns3:TrackPointExtension>
        </extensions>
      </trkpt>
      <trkpt lat="31.21991322375833988189697265625" lon="121.38739739544689655303955078125">
        <ele>14.19999980926513671875</ele>
        <time>2026-08-25T11:14:49.000Z</time>
        <extensions>
          <ns3:TrackPointExtension>
            <ns3:hr>144</ns3:hr>
            <ns3:cad>88</ns3:cad>
          </ns3:TrackPointExtension>
        </extensions>
      </trkpt>
      <trkpt lat="31.2199138104915618896484375" lon="121.38736956752836704254150390625">
        <ele>14.19999980926513671875</ele>
        <time>2026-08-25T11:14:50.000Z</time>
        <extensions>
          <ns3:TrackPointExtension>
            <ns3:hr>144</ns3:hr>
            <ns3:cad>87</ns3:cad>
          </ns3:TrackPointExtension>
        </extensions>
      </trkpt>
      <trkpt lat="31.219908110797405242919921875" lon="121.3873455114662647247314453125">
        <ele>14.19999980926513671875</ele>
        <time>2026-08-25T11:14:51.000Z</time>
        <extensions>
          <ns3:TrackPointExtension>
            <ns3:hr>144</ns3:hr>
            <ns3:cad>87</ns3:cad>
          </ns3:TrackPointExtension>
        </extensions>
      </trkpt>
      <trkpt lat="31.219906769692897796630859375" lon="121.387319527566432952880859375">
        <ele>14.19999980926513671875</ele>
        <time>2026-08-25T11:14:52.000Z</time>
        <extensions>
          <ns3:TrackPointExtension>
            <ns3:hr>144</ns3:hr>
            <ns3:cad>87</ns3:cad>
          </ns3:TrackPointExtension>
        </extensions>
      </trkpt>
      <trkpt lat="31.2199005670845508575439453125" lon="121.387295387685298919677734375">
        <ele>14.19999980926513671875</ele>
        <time>2026-08-25T11:14:53.000Z</time>
        <extensions>
          <ns3:TrackPointExtension>
            <ns3:hr>144</ns3:hr>
            <ns3:cad>87</ns3:cad>
          </ns3:TrackPointExtension>
        </extensions>
      </trkpt>
      <trkpt lat="31.2198985554277896881103515625" lon="121.38726395554840564727783203125">
        <ele>14.19999980926513671875</ele>
        <time>2026-08-25T11:14:54.000Z</time>
        <extensions>
          <ns3:TrackPointExtension>
            <ns3:hr>144</ns3:hr>
            <ns3:cad>87</ns3:cad>
          </ns3:TrackPointExtension>
        </extensions>
      </trkpt>
      <trkpt lat="31.21989562176167964935302734375" lon="121.38724048621952533721923828125">
        <ele>14.3999996185302734375</ele>
        <time>2026-08-25T11:14:55.000Z</time>
        <extensions>
          <ns3:TrackPointExtension>
            <ns3:hr>144</ns3:hr>
            <ns3:cad>88</ns3:cad>
          </ns3:TrackPointExtension>
        </extensions>
      </trkpt>
      <trkpt lat="31.2198928557336330413818359375" lon="121.38721198774874210357666015625">
        <ele>14.3999996185302734375</ele>
        <time>2026-08-25T11:14:56.000Z</time>
        <extensions>
          <ns3:TrackPointExtension>
            <ns3:hr>144</ns3:hr>
            <ns3:cad>88</ns3:cad>
          </ns3:TrackPointExtension>
        </extensions>
      </trkpt>
      <trkpt lat="31.21989042498171329498291015625" lon="121.38719053007662296295166015625">
        <ele>14.3999996185302734375</ele>
        <time>2026-08-25T11:14:57.000Z</time>
        <extensions>
          <ns3:TrackPointExtension>
            <ns3:hr>143</ns3:hr>
            <ns3:cad>88</ns3:cad>
          </ns3:TrackPointExtension>
        </extensions>
      </trkpt>
      <trkpt lat="31.21989310719072818756103515625" lon="121.38715784065425395965576171875">
        <ele>14.3999996185302734375</ele>
        <time>2026-08-25T11:14:58.000Z</time>
        <extensions>
          <ns3:TrackPointExtension>
            <ns3:hr>143</ns3:hr>
            <ns3:cad>87</ns3:cad>
          </ns3:TrackPointExtension>
        </extensions>
      </trkpt>
      <trkpt lat="31.2198921851813793182373046875" lon="121.38713303022086620330810546875">
        <ele>14.3999996185302734375</ele>
        <time>2026-08-25T11:14:59.000Z</time>
        <extensions>
          <ns3:TrackPointExtension>
            <ns3:hr>143</ns3:hr>
            <ns3:cad>87</ns3:cad>
          </ns3:TrackPointExtension>
        </extensions>
      </trkpt>
      <trkpt lat="31.2198888324201107025146484375" lon="121.38709883205592632293701171875">
        <ele>14.3999996185302734375</ele>
        <time>2026-08-25T11:15:00.000Z</time>
        <extensions>
          <ns3:TrackPointExtension>
            <ns3:hr>144</ns3:hr>
            <ns3:cad>88</ns3:cad>
          </ns3:TrackPointExtension>
        </extensions>
      </trkpt>
      <trkpt lat="31.219885647296905517578125" lon="121.387078464031219482421875">
        <ele>14.3999996185302734375</ele>
        <time>2026-08-25T11:15:01.000Z</time>
        <extensions>
          <ns3:TrackPointExtension>
            <ns3:hr>143</ns3:hr>
            <ns3:cad>89</ns3:cad>
          </ns3:TrackPointExtension>
        </extensions>
      </trkpt>
      <trkpt lat="31.21988723985850811004638671875" lon="121.3870461098849773406982421875">
        <ele>14.3999996185302734375</ele>
        <time>2026-08-25T11:15:02.000Z</time>
        <extensions>
          <ns3:TrackPointExtension>
            <ns3:hr>143</ns3:hr>
            <ns3:cad>89</ns3:cad>
          </ns3:TrackPointExtension>
        </extensions>
      </trkpt>
      <trkpt lat="31.2198854796588420867919921875" lon="121.3870212994515895843505859375">
        <ele>14.3999996185302734375</ele>
        <time>2026-08-25T11:15:03.000Z</time>
        <extensions>
          <ns3:TrackPointExtension>
            <ns3:hr>143</ns3:hr>
            <ns3:cad>88</ns3:cad>
          </ns3:TrackPointExtension>
        </extensions>
      </trkpt>
      <trkpt lat="31.219878606498241424560546875" lon="121.38699238188564777374267578125">
        <ele>14.3999996185302734375</ele>
        <time>2026-08-25T11:15:04.000Z</time>
        <extensions>
          <ns3:TrackPointExtension>
            <ns3:hr>143</ns3:hr>
            <ns3:cad>87</ns3:cad>
          </ns3:TrackPointExtension>
        </extensions>
      </trkpt>
      <trkpt lat="31.21988204307854175567626953125" lon="121.38696379959583282470703125">
        <ele>14.3999996185302734375</ele>
        <time>2026-08-25T11:15:05.000Z</time>
        <extensions>
          <ns3:TrackPointExtension>
            <ns3:hr>143</ns3:hr>
            <ns3:cad>87</ns3:cad>
          </ns3:TrackPointExtension>
        </extensions>
      </trkpt>
      <trkpt lat="31.21988070197403430938720703125" lon="121.38693689368665218353271484375">
        <ele>14.3999996185302734375</ele>
        <time>2026-08-25T11:15:06.000Z</time>
        <extensions>
          <ns3:TrackPointExtension>
            <ns3:hr>142</ns3:hr>
            <ns3:cad>87</ns3:cad>
          </ns3:TrackPointExtension>
        </extensions>
      </trkpt>
      <trkpt lat="31.21988137252628803253173828125" lon="121.38690805993974208831787109375">
        <ele>14.3999996185302734375</ele>
        <time>2026-08-25T11:15:07.000Z</time>
        <extensions>
          <ns3:TrackPointExtension>
            <ns3:hr>143</ns3:hr>
            <ns3:cad>89</ns3:cad>
          </ns3:TrackPointExtension>
        </extensions>
      </trkpt>
      <trkpt lat="31.21987952850759029388427734375" lon="121.38687972910702228546142578125">
        <ele>14.3999996185302734375</ele>
        <time>2026-08-25T11:15:08.000Z</time>
        <extensions>
          <ns3:TrackPointExtension>
            <ns3:hr>142</ns3:hr>
            <ns3:cad>89</ns3:cad>
          </ns3:TrackPointExtension>
        </extensions>
      </trkpt>
      <trkpt lat="31.21987961232662200927734375" lon="121.38684712350368499755859375">
        <ele>14.3999996185302734375</ele>
        <time>2026-08-25T11:15:09.000Z</time>
        <extensions>
          <ns3:TrackPointExtension>
            <ns3:hr>142</ns3:hr>
            <ns3:cad>88</ns3:cad>
          </ns3:TrackPointExtension>
        </extensions>
      </trkpt>
      <trkpt lat="31.21987869031727313995361328125" lon="121.38682340271770954132080078125">
        <ele>14.3999996185302734375</ele>
        <time>2026-08-25T11:15:10.000Z</time>
        <extensions>
          <ns3:TrackPointExtension>
            <ns3:hr>142</ns3:hr>
            <ns3:cad>87</ns3:cad>
          </ns3:TrackPointExtension>
        </extensions>
      </trkpt>
      <trkpt lat="31.2198804505169391632080078125" lon="121.38679004274308681488037109375">
        <ele>14.3999996185302734375</ele>
        <time>2026-08-25T11:15:11.000Z</time>
        <extensions>
          <ns3:TrackPointExtension>
            <ns3:hr>142</ns3:hr>
            <ns3:cad>87</ns3:cad>
          </ns3:TrackPointExtension>
        </extensions>
      </trkpt>
      <trkpt lat="31.21987734921276569366455078125" lon="121.38676875270903110504150390625">
        <ele>14.19999980926513671875</ele>
        <time>2026-08-25T11:15:12.000Z</time>
        <extensions>
          <ns3:TrackPointExtension>
            <ns3:hr>142</ns3:hr>
            <ns3:cad>87</ns3:cad>
          </ns3:TrackPointExtension>
        </extensions>
      </trkpt>
      <trkpt lat="31.21987651102244853973388671875" lon="121.3867373205721378326416015625">
        <ele>14.19999980926513671875</ele>
        <time>2026-08-25T11:15:13.000Z</time>
        <extensions>
          <ns3:TrackPointExtension>
            <ns3:hr>141</ns3:hr>
            <ns3:cad>88</ns3:cad>
          </ns3:TrackPointExtension>
        </extensions>
      </trkpt>
      <trkpt lat="31.21987449936568737030029296875" lon="121.386717371642589569091796875">
        <ele>14.19999980926513671875</ele>
        <time>2026-08-25T11:15:14.000Z</time>
        <extensions>
          <ns3:TrackPointExtension>
            <ns3:hr>141</ns3:hr>
            <ns3:cad>88</ns3:cad>
          </ns3:TrackPointExtension>
        </extensions>
      </trkpt>
      <trkpt lat="31.21987693011760711669921875" lon="121.3866856880486011505126953125">
        <ele>14.19999980926513671875</ele>
        <time>2026-08-25T11:15:15.000Z</time>
        <extensions>
          <ns3:TrackPointExtension>
            <ns3:hr>141</ns3:hr>
            <ns3:cad>88</ns3:cad>
          </ns3:TrackPointExtension>
        </extensions>
      </trkpt>
      <trkpt lat="31.21987533755600452423095703125" lon="121.38666448183357715606689453125">
        <ele>14.3999996185302734375</ele>
        <time>2026-08-25T11:15:16.000Z</time>
        <extensions>
          <ns3:TrackPointExtension>
            <ns3:hr>141</ns3:hr>
            <ns3:cad>87</ns3:cad>
          </ns3:TrackPointExtension>
        </extensions>
      </trkpt>
      <trkpt lat="31.2198727391660213470458984375" lon="121.38663522899150848388671875">
        <ele>14.3999996185302734375</ele>
        <time>2026-08-25T11:15:17.000Z</time>
        <extensions>
          <ns3:TrackPointExtension>
            <ns3:hr>141</ns3:hr>
            <ns3:cad>87</ns3:cad>
          </ns3:TrackPointExtension>
        </extensions>
      </trkpt>
      <trkpt lat="31.219869218766689300537109375" lon="121.3866092450916767120361328125">
        <ele>14.3999996185302734375</ele>
        <time>2026-08-25T11:15:18.000Z</time>
        <extensions>
          <ns3:TrackPointExtension>
            <ns3:hr>141</ns3:hr>
            <ns3:cad>87</ns3:cad>
          </ns3:TrackPointExtension>
        </extensions>
      </trkpt>
      <trkpt lat="31.21986377052962779998779296875" lon="121.38657630421221256256103515625">
        <ele>14.3999996185302734375</ele>
        <time>2026-08-25T11:15:19.000Z</time>
        <extensions>
          <ns3:TrackPointExtension>
            <ns3:hr>141</ns3:hr>
            <ns3:cad>87</ns3:cad>
          </ns3:TrackPointExtension>
        </extensions>
      </trkpt>
      <trkpt lat="31.21986645273864269256591796875" lon="121.386547386646270751953125">
        <ele>14.3999996185302734375</ele>
        <time>2026-08-25T11:15:20.000Z</time>
        <extensions>
          <ns3:TrackPointExtension>
            <ns3:hr>141</ns3:hr>
            <ns3:cad>88</ns3:cad>
          </ns3:TrackPointExtension>
        </extensions>
      </trkpt>
      <trkpt lat="31.2198646925389766693115234375" lon="121.38651989400386810302734375">
        <ele>14.3999996185302734375</ele>
        <time>2026-08-25T11:15:21.000Z</time>
        <extensions>
          <ns3:TrackPointExtension>
            <ns3:hr>141</ns3:hr>
            <ns3:cad>88</ns3:cad>
          </ns3:TrackPointExtension>
        </extensions>
      </trkpt>
      <trkpt lat="31.219865195453166961669921875" lon="121.386490724980831146240234375">
        <ele>14.3999996185302734375</ele>
        <time>2026-08-25T11:15:22.000Z</time>
        <extensions>
          <ns3:TrackPointExtension>
            <ns3:hr>140</ns3:hr>
            <ns3:cad>88</ns3:cad>
          </ns3:TrackPointExtension>
        </extensions>
      </trkpt>
      <trkpt lat="31.21985790319740772247314453125" lon="121.38646884821355342864990234375">
        <ele>14.3999996185302734375</ele>
        <time>2026-08-25T11:15:23.000Z</time>
        <extensions>
          <ns3:TrackPointExtension>
            <ns3:hr>141</ns3:hr>
            <ns3:cad>87</ns3:cad>
          </ns3:TrackPointExtension>
        </extensions>
      </trkpt>
      <trkpt lat="31.21985790319740772247314453125" lon="121.38643833808600902557373046875">
        <ele>14.3999996185302734375</ele>
        <time>2026-08-25T11:15:24.000Z</time>
        <extensions>
          <ns3:TrackPointExtension>
            <ns3:hr>141</ns3:hr>
            <ns3:cad>87</ns3:cad>
          </ns3:TrackPointExtension>
        </extensions>
      </trkpt>
      <trkpt lat="31.21985823847353458404541015625" lon="121.38641838915646076202392578125">
        <ele>14.3999996185302734375</ele>
        <time>2026-08-25T11:15:25.000Z</time>
        <extensions>
          <ns3:TrackPointExtension>
            <ns3:hr>140</ns3:hr>
            <ns3:cad>88</ns3:cad>
          </ns3:TrackPointExtension>
        </extensions>
      </trkpt>
      <trkpt lat="31.2198623456060886383056640625" lon="121.3863872922956943511962890625">
        <ele>14.19999980926513671875</ele>
        <time>2026-08-25T11:15:26.000Z</time>
        <extensions>
          <ns3:TrackPointExtension>
            <ns3:hr>140</ns3:hr>
            <ns3:cad>89</ns3:cad>
          </ns3:TrackPointExtension>
        </extensions>
      </trkpt>
      <trkpt lat="31.21986393816769123077392578125" lon="121.38636440970003604888916015625">
        <ele>14.19999980926513671875</ele>
        <time>2026-08-25T11:15:27.000Z</time>
        <extensions>
          <ns3:TrackPointExtension>
            <ns3:hr>141</ns3:hr>
            <ns3:cad>89</ns3:cad>
          </ns3:TrackPointExtension>
        </extensions>
      </trkpt>
      <trkpt lat="31.21986192651093006134033203125" lon="121.3863336481153964996337890625">
        <ele>14.19999980926513671875</ele>
        <time>2026-08-25T11:15:28.000Z</time>
        <extensions>
          <ns3:TrackPointExtension>
            <ns3:hr>141</ns3:hr>
            <ns3:cad>87</ns3:cad>
          </ns3:TrackPointExtension>
        </extensions>
      </trkpt>
      <trkpt lat="31.21985605917870998382568359375" lon="121.38631277717649936676025390625">
        <ele>14.19999980926513671875</ele>
        <time>2026-08-25T11:15:29.000Z</time>
        <extensions>
          <ns3:TrackPointExtension>
            <ns3:hr>141</ns3:hr>
            <ns3:cad>87</ns3:cad>
          </ns3:TrackPointExtension>
        </extensions>
      </trkpt>
      <trkpt lat="31.21985203586518764495849609375" lon="121.38628385961055755615234375">
        <ele>14.19999980926513671875</ele>
        <time>2026-08-25T11:15:30.000Z</time>
        <extensions>
          <ns3:TrackPointExtension>
            <ns3:hr>141</ns3:hr>
            <ns3:cad>87</ns3:cad>
          </ns3:TrackPointExtension>
        </extensions>
      </trkpt>
      <trkpt lat="31.2198494374752044677734375" lon="121.38625678606331348419189453125">
        <ele>14</ele>
        <time>2026-08-25T11:15:31.000Z</time>
        <extensions>
          <ns3:TrackPointExtension>
            <ns3:hr>141</ns3:hr>
            <ns3:cad>87</ns3:cad>
          </ns3:TrackPointExtension>
        </extensions>
      </trkpt>
      <trkpt lat="31.2198492698371410369873046875" lon="121.38623029924929141998291015625">
        <ele>14</ele>
        <time>2026-08-25T11:15:32.000Z</time>
        <extensions>
          <ns3:TrackPointExtension>
            <ns3:hr>141</ns3:hr>
            <ns3:cad>87</ns3:cad>
          </ns3:TrackPointExtension>
        </extensions>
      </trkpt>
      <trkpt lat="31.21985069476068019866943359375" lon="121.38620716519653797149658203125">
        <ele>14</ele>
        <time>2026-08-25T11:15:33.000Z</time>
        <extensions>
          <ns3:TrackPointExtension>
            <ns3:hr>141</ns3:hr>
            <ns3:cad>87</ns3:cad>
          </ns3:TrackPointExtension>
        </extensions>
      </trkpt>
      <trkpt lat="31.21985186822712421417236328125" lon="121.3861810974776744842529296875">
        <ele>14</ele>
        <time>2026-08-25T11:15:34.000Z</time>
        <extensions>
          <ns3:TrackPointExtension>
            <ns3:hr>141</ns3:hr>
            <ns3:cad>87</ns3:cad>
          </ns3:TrackPointExtension>
        </extensions>
      </trkpt>
      <trkpt lat="31.2198509462177753448486328125" lon="121.3861522637307643890380859375">
        <ele>14</ele>
        <time>2026-08-25T11:15:35.000Z</time>
        <extensions>
          <ns3:TrackPointExtension>
            <ns3:hr>141</ns3:hr>
            <ns3:cad>87</ns3:cad>
          </ns3:TrackPointExtension>
        </extensions>
      </trkpt>
      <trkpt lat="31.2198509462177753448486328125" lon="121.38612770475447177886962890625">
        <ele>14</ele>
        <time>2026-08-25T11:15:36.000Z</time>
        <extensions>
          <ns3:TrackPointExtension>
            <ns3:hr>140</ns3:hr>
            <ns3:cad>87</ns3:cad>
          </ns3:TrackPointExtension>
        </extensions>
      </trkpt>
      <trkpt lat="31.219855807721614837646484375" lon="121.386101134121417999267578125">
        <ele>14</ele>
        <time>2026-08-25T11:15:37.000Z</time>
        <extensions>
          <ns3:TrackPointExtension>
            <ns3:hr>141</ns3:hr>
            <ns3:cad>87</ns3:cad>
          </ns3:TrackPointExtension>
        </extensions>
      </trkpt>
      <trkpt lat="31.219855137169361114501953125" lon="121.3860778324306011199951171875">
        <ele>14</ele>
        <time>2026-08-25T11:15:38.000Z</time>
        <extensions>
          <ns3:TrackPointExtension>
            <ns3:hr>141</ns3:hr>
            <ns3:cad>88</ns3:cad>
          </ns3:TrackPointExtension>
        </extensions>
      </trkpt>
      <trkpt lat="31.21985706500709056854248046875" lon="121.38605025596916675567626953125">
        <ele>14</ele>
        <time>2026-08-25T11:15:39.000Z</time>
        <extensions>
          <ns3:TrackPointExtension>
            <ns3:hr>141</ns3:hr>
            <ns3:cad>88</ns3:cad>
          </ns3:TrackPointExtension>
        </extensions>
      </trkpt>
      <trkpt lat="31.2198556400835514068603515625" lon="121.38602896593511104583740234375">
        <ele>14.19999980926513671875</ele>
        <time>2026-08-25T11:15:40.000Z</time>
        <extensions>
          <ns3:TrackPointExtension>
            <ns3:hr>141</ns3:hr>
            <ns3:cad>88</ns3:cad>
          </ns3:TrackPointExtension>
        </extensions>
      </trkpt>
      <trkpt lat="31.21985589154064655303955078125" lon="121.38600164093077182769775390625">
        <ele>14.19999980926513671875</ele>
        <time>2026-08-25T11:15:41.000Z</time>
        <extensions>
          <ns3:TrackPointExtension>
            <ns3:hr>141</ns3:hr>
            <ns3:cad>87</ns3:cad>
          </ns3:TrackPointExtension>
        </extensions>
      </trkpt>
      <trkpt lat="31.21985354460775852203369140625" lon="121.38597917743027210235595703125">
        <ele>14.19999980926513671875</ele>
        <time>2026-08-25T11:15:42.000Z</time>
        <extensions>
          <ns3:TrackPointExtension>
            <ns3:hr>141</ns3:hr>
            <ns3:cad>87</ns3:cad>
          </ns3:TrackPointExtension>
        </extensions>
      </trkpt>
      <trkpt lat="31.219854466617107391357421875" lon="121.38595134951174259185791015625">
        <ele>14.19999980926513671875</ele>
        <time>2026-08-25T11:15:43.000Z</time>
        <extensions>
          <ns3:TrackPointExtension>
            <ns3:hr>141</ns3:hr>
            <ns3:cad>88</ns3:cad>
          </ns3:TrackPointExtension>
        </extensions>
      </trkpt>
      <trkpt lat="31.21985455043613910675048828125" lon="121.38593140058219432830810546875">
        <ele>14</ele>
        <time>2026-08-25T11:15:44.000Z</time>
        <extensions>
          <ns3:TrackPointExtension>
            <ns3:hr>141</ns3:hr>
            <ns3:cad>88</ns3:cad>
          </ns3:TrackPointExtension>
        </extensions>
      </trkpt>
      <trkpt lat="31.21985455043613910675048828125" lon="121.38590306974947452545166015625">
        <ele>14</ele>
        <time>2026-08-25T11:15:45.000Z</time>
        <extensions>
          <ns3:TrackPointExtension>
            <ns3:hr>141</ns3:hr>
            <ns3:cad>89</ns3:cad>
          </ns3:TrackPointExtension>
        </extensions>
      </trkpt>
      <trkpt lat="31.21985605917870998382568359375" lon="121.38588060624897480010986328125">
        <ele>14</ele>
        <time>2026-08-25T11:15:46.000Z</time>
        <extensions>
          <ns3:TrackPointExtension>
            <ns3:hr>141</ns3:hr>
            <ns3:cad>89</ns3:cad>
          </ns3:TrackPointExtension>
        </extensions>
      </trkpt>
      <trkpt lat="31.21985320933163166046142578125" lon="121.385855711996555328369140625">
        <ele>14</ele>
        <time>2026-08-25T11:15:47.000Z</time>
        <extensions>
          <ns3:TrackPointExtension>
            <ns3:hr>141</ns3:hr>
            <ns3:cad>88</ns3:cad>
          </ns3:TrackPointExtension>
        </extensions>
      </trkpt>
      <trkpt lat="31.2198539637029170989990234375" lon="121.3858327455818653106689453125">
        <ele>14.19999980926513671875</ele>
        <time>2026-08-25T11:15:48.000Z</time>
        <extensions>
          <ns3:TrackPointExtension>
            <ns3:hr>141</ns3:hr>
            <ns3:cad>88</ns3:cad>
          </ns3:TrackPointExtension>
        </extensions>
      </trkpt>
      <trkpt lat="31.21985471807420253753662109375" lon="121.385809443891048431396484375">
        <ele>14.19999980926513671875</ele>
        <time>2026-08-25T11:15:49.000Z</time>
        <extensions>
          <ns3:TrackPointExtension>
            <ns3:hr>141</ns3:hr>
            <ns3:cad>88</ns3:cad>
          </ns3:TrackPointExtension>
        </extensions>
      </trkpt>
      <trkpt lat="31.219857819378376007080078125" lon="121.38578270561993122100830078125">
        <ele>14.19999980926513671875</ele>
        <time>2026-08-25T11:15:50.000Z</time>
        <extensions>
          <ns3:TrackPointExtension>
            <ns3:hr>141</ns3:hr>
            <ns3:cad>89</ns3:cad>
          </ns3:TrackPointExtension>
        </extensions>
      </trkpt>
      <trkpt lat="31.21985706500709056854248046875" lon="121.38575688935816287994384765625">
        <ele>14.19999980926513671875</ele>
        <time>2026-08-25T11:15:51.000Z</time>
        <extensions>
          <ns3:TrackPointExtension>
            <ns3:hr>142</ns3:hr>
            <ns3:cad>89</ns3:cad>
          </ns3:TrackPointExtension>
        </extensions>
      </trkpt>
      <trkpt lat="31.21985874138772487640380859375" lon="121.38572772033512592315673828125">
        <ele>14.19999980926513671875</ele>
        <time>2026-08-25T11:15:52.000Z</time>
        <extensions>
          <ns3:TrackPointExtension>
            <ns3:hr>142</ns3:hr>
            <ns3:cad>88</ns3:cad>
          </ns3:TrackPointExtension>
        </extensions>
      </trkpt>
      <trkpt lat="31.21985538862645626068115234375" lon="121.38570358045399188995361328125">
        <ele>14</ele>
        <time>2026-08-25T11:15:53.000Z</time>
        <extensions>
          <ns3:TrackPointExtension>
            <ns3:hr>141</ns3:hr>
            <ns3:cad>87</ns3:cad>
          </ns3:TrackPointExtension>
        </extensions>
      </trkpt>
      <trkpt lat="31.21985002420842647552490234375" lon="121.38567491434514522552490234375">
        <ele>14</ele>
        <time>2026-08-25T11:15:54.000Z</time>
        <extensions>
          <ns3:TrackPointExtension>
            <ns3:hr>141</ns3:hr>
            <ns3:cad>87</ns3:cad>
          </ns3:TrackPointExtension>
        </extensions>
      </trkpt>
      <trkpt lat="31.21983611024916172027587890625" lon="121.38564993627369403839111328125">
        <ele>14</ele>
        <time>2026-08-25T11:15:55.000Z</time>
        <extensions>
          <ns3:TrackPointExtension>
            <ns3:hr>141</ns3:hr>
            <ns3:cad>87</ns3:cad>
          </ns3:TrackPointExtension>
        </extensions>
      </trkpt>
      <trkpt lat="31.21981934644281864166259765625" lon="121.38562001287937164306640625">
        <ele>14</ele>
        <time>2026-08-25T11:15:56.000Z</time>
        <extensions>
          <ns3:TrackPointExtension>
            <ns3:hr>141</ns3:hr>
            <ns3:cad>88</ns3:cad>
          </ns3:TrackPointExtension>
        </extensions>
      </trkpt>
      <trkpt lat="31.21980912052094936370849609375" lon="121.3855983875691890716552734375">
        <ele>14</ele>
        <time>2026-08-25T11:15:57.000Z</time>
        <extensions>
          <ns3:TrackPointExtension>
            <ns3:hr>141</ns3:hr>
            <ns3:cad>88</ns3:cad>
          </ns3:TrackPointExtension>
        </extensions>
      </trkpt>
      <trkpt lat="31.2197946198284626007080078125" lon="121.385565698146820068359375">
        <ele>14</ele>
        <time>2026-08-25T11:15:58.000Z</time>
        <extensions>
          <ns3:TrackPointExtension>
            <ns3:hr>141</ns3:hr>
            <ns3:cad>88</ns3:cad>
          </ns3:TrackPointExtension>
        </extensions>
      </trkpt>
      <trkpt lat="31.21979185380041599273681640625" lon="121.38553393073379993438720703125">
        <ele>14</ele>
        <time>2026-08-25T11:15:59.000Z</time>
        <extensions>
          <ns3:TrackPointExtension>
            <ns3:hr>141</ns3:hr>
            <ns3:cad>87</ns3:cad>
          </ns3:TrackPointExtension>
        </extensions>
      </trkpt>
      <trkpt lat="31.21977358125150203704833984375" lon="121.38551699928939342498779296875">
        <ele>14.19999980926513671875</ele>
        <time>2026-08-25T11:16:00.000Z</time>
        <extensions>
          <ns3:TrackPointExtension>
            <ns3:hr>141</ns3:hr>
            <ns3:cad>86</ns3:cad>
          </ns3:TrackPointExtension>
        </extensions>
      </trkpt>
      <trkpt lat="31.219748519361019134521484375" lon="121.3854988105595111846923828125">
        <ele>14.19999980926513671875</ele>
        <time>2026-08-25T11:16:01.000Z</time>
        <extensions>
          <ns3:TrackPointExtension>
            <ns3:hr>141</ns3:hr>
            <ns3:cad>86</ns3:cad>
          </ns3:TrackPointExtension>
        </extensions>
      </trkpt>
      <trkpt lat="31.2197260558605194091796875" lon="121.38548950664699077606201171875">
        <ele>14</ele>
        <time>2026-08-25T11:16:02.000Z</time>
        <extensions>
          <ns3:TrackPointExtension>
            <ns3:hr>141</ns3:hr>
            <ns3:cad>86</ns3:cad>
          </ns3:TrackPointExtension>
        </extensions>
      </trkpt>
      <trkpt lat="31.219697557389736175537109375" lon="121.3854843936860561370849609375">
        <ele>14</ele>
        <time>2026-08-25T11:16:03.000Z</time>
        <extensions>
          <ns3:TrackPointExtension>
            <ns3:hr>141</ns3:hr>
            <ns3:cad>86</ns3:cad>
          </ns3:TrackPointExtension>
        </extensions>
      </trkpt>
      <trkpt lat="31.2196796201169490814208984375" lon="121.38548263348639011383056640625">
        <ele>14</ele>
        <time>2026-08-25T11:16:04.000Z</time>
        <extensions>
          <ns3:TrackPointExtension>
            <ns3:hr>141</ns3:hr>
            <ns3:cad>86</ns3:cad>
          </ns3:TrackPointExtension>
        </extensions>
      </trkpt>
      <trkpt lat="31.2196538038551807403564453125" lon="121.3854776881635189056396484375">
        <ele>13.80000019073486328125</ele>
        <time>2026-08-25T11:16:05.000Z</time>
        <extensions>
          <ns3:TrackPointExtension>
            <ns3:hr>141</ns3:hr>
            <ns3:cad>86</ns3:cad>
          </ns3:TrackPointExtension>
        </extensions>
      </trkpt>
      <trkpt lat="31.21963293291628360748291015625" lon="121.38547861017286777496337890625">
        <ele>13.80000019073486328125</ele>
        <time>2026-08-25T11:16:06.000Z</time>
        <extensions>
          <ns3:TrackPointExtension>
            <ns3:hr>141</ns3:hr>
            <ns3:cad>86</ns3:cad>
          </ns3:TrackPointExtension>
        </extensions>
      </trkpt>
      <trkpt lat="31.2196078710258007049560546875" lon="121.3854763470590114593505859375">
        <ele>13.80000019073486328125</ele>
        <time>2026-08-25T11:16:07.000Z</time>
        <extensions>
          <ns3:TrackPointExtension>
            <ns3:hr>141</ns3:hr>
            <ns3:cad>86</ns3:cad>
          </ns3:TrackPointExtension>
        </extensions>
      </trkpt>
      <trkpt lat="31.2195860780775547027587890625" lon="121.38547726906836032867431640625">
        <ele>13.80000019073486328125</ele>
        <time>2026-08-25T11:16:08.000Z</time>
        <extensions>
          <ns3:TrackPointExtension>
            <ns3:hr>141</ns3:hr>
            <ns3:cad>89</ns3:cad>
          </ns3:TrackPointExtension>
        </extensions>
      </trkpt>
      <trkpt lat="31.21956001035869121551513671875" lon="121.385480202734470367431640625">
        <ele>13.80000019073486328125</ele>
        <time>2026-08-25T11:16:09.000Z</time>
        <extensions>
          <ns3:TrackPointExtension>
            <ns3:hr>142</ns3:hr>
            <ns3:cad>90</ns3:cad>
          </ns3:TrackPointExtension>
        </extensions>
      </trkpt>
      <trkpt lat="31.21953503228724002838134765625" lon="121.3854812085628509521484375">
        <ele>13.80000019073486328125</ele>
        <time>2026-08-25T11:16:10.000Z</time>
        <extensions>
          <ns3:TrackPointExtension>
            <ns3:hr>142</ns3:hr>
            <ns3:cad>90</ns3:cad>
          </ns3:TrackPointExtension>
        </extensions>
      </trkpt>
      <trkpt lat="31.21951709501445293426513671875" lon="121.38547743670642375946044921875">
        <ele>13.80000019073486328125</ele>
        <time>2026-08-25T11:16:11.000Z</time>
        <extensions>
          <ns3:TrackPointExtension>
            <ns3:hr>142</ns3:hr>
            <ns3:cad>88</ns3:cad>
          </ns3:TrackPointExtension>
        </extensions>
      </trkpt>
      <trkpt lat="31.21949471533298492431640625" lon="121.3854740001261234283447265625">
        <ele>13.80000019073486328125</ele>
        <time>2026-08-25T11:16:12.000Z</time>
        <extensions>
          <ns3:TrackPointExtension>
            <ns3:hr>143</ns3:hr>
            <ns3:cad>88</ns3:cad>
          </ns3:TrackPointExtension>
        </extensions>
      </trkpt>
      <trkpt lat="31.21947334147989749908447265625" lon="121.38547777198255062103271484375">
        <ele>13.80000019073486328125</ele>
        <time>2026-08-25T11:16:13.000Z</time>
        <extensions>
          <ns3:TrackPointExtension>
            <ns3:hr>143</ns3:hr>
            <ns3:cad>88</ns3:cad>
          </ns3:TrackPointExtension>
        </extensions>
      </trkpt>
      <trkpt lat="31.21944668702781200408935546875" lon="121.38548112474381923675537109375">
        <ele>14</ele>
        <time>2026-08-25T11:16:14.000Z</time>
        <extensions>
          <ns3:TrackPointExtension>
            <ns3:hr>144</ns3:hr>
            <ns3:cad>88</ns3:cad>
          </ns3:TrackPointExtension>
        </extensions>
      </trkpt>
      <trkpt lat="31.21942439116537570953369140625" lon="121.385484226047992706298828125">
        <ele>13.80000019073486328125</ele>
        <time>2026-08-25T11:16:15.000Z</time>
        <extensions>
          <ns3:TrackPointExtension>
            <ns3:hr>144</ns3:hr>
            <ns3:cad>88</ns3:cad>
          </ns3:TrackPointExtension>
        </extensions>
      </trkpt>
      <trkpt lat="31.21939815580844879150390625" lon="121.38548229821026325225830078125">
        <ele>13.80000019073486328125</ele>
        <time>2026-08-25T11:16:16.000Z</time>
        <extensions>
          <ns3:TrackPointExtension>
            <ns3:hr>144</ns3:hr>
            <ns3:cad>88</ns3:cad>
          </ns3:TrackPointExtension>
        </extensions>
      </trkpt>
      <trkpt lat="31.21937829069793224334716796875" lon="121.38548732735216617584228515625">
        <ele>13.80000019073486328125</ele>
        <time>2026-08-25T11:16:17.000Z</time>
        <extensions>
          <ns3:TrackPointExtension>
            <ns3:hr>144</ns3:hr>
            <ns3:cad>88</ns3:cad>
          </ns3:TrackPointExtension>
        </extensions>
      </trkpt>
      <trkpt lat="31.219348870217800140380859375" lon="121.38548900373280048370361328125">
        <ele>13.80000019073486328125</ele>
        <time>2026-08-25T11:16:18.000Z</time>
        <extensions>
          <ns3:TrackPointExtension>
            <ns3:hr>144</ns3:hr>
            <ns3:cad>87</ns3:cad>
          </ns3:TrackPointExtension>
        </extensions>
      </trkpt>
      <trkpt lat="31.2193262390792369842529296875" lon="121.38549218885600566864013671875">
        <ele>13.80000019073486328125</ele>
        <time>2026-08-25T11:16:19.000Z</time>
        <extensions>
          <ns3:TrackPointExtension>
            <ns3:hr>144</ns3:hr>
            <ns3:cad>87</ns3:cad>
          </ns3:TrackPointExtension>
        </extensions>
      </trkpt>
      <trkpt lat="31.21929983608424663543701171875" lon="121.38549252413213253021240234375">
        <ele>13.80000019073486328125</ele>
        <time>2026-08-25T11:16:20.000Z</time>
        <extensions>
          <ns3:TrackPointExtension>
            <ns3:hr>145</ns3:hr>
            <ns3:cad>87</ns3:cad>
          </ns3:TrackPointExtension>
        </extensions>
      </trkpt>
      <trkpt lat="31.21928013861179351806640625" lon="121.3854954577982425689697265625">
        <ele>13.80000019073486328125</ele>
        <time>2026-08-25T11:16:21.000Z</time>
        <extensions>
          <ns3:TrackPointExtension>
            <ns3:hr>145</ns3:hr>
            <ns3:cad>88</ns3:cad>
          </ns3:TrackPointExtension>
        </extensions>
      </trkpt>
      <trkpt lat="31.2192551605403423309326171875" lon="121.38549135066568851470947265625">
        <ele>13.80000019073486328125</ele>
        <time>2026-08-25T11:16:22.000Z</time>
        <extensions>
          <ns3:TrackPointExtension>
            <ns3:hr>145</ns3:hr>
            <ns3:cad>88</ns3:cad>
          </ns3:TrackPointExtension>
        </extensions>
      </trkpt>
      <trkpt lat="31.21923319995403289794921875" lon="121.38548992574214935302734375">
        <ele>13.80000019073486328125</ele>
        <time>2026-08-25T11:16:23.000Z</time>
        <extensions>
          <ns3:TrackPointExtension>
            <ns3:hr>145</ns3:hr>
            <ns3:cad>88</ns3:cad>
          </ns3:TrackPointExtension>
        </extensions>
      </trkpt>
      <trkpt lat="31.21921115554869174957275390625" lon="121.38548783026635646820068359375">
        <ele>13.80000019073486328125</ele>
        <time>2026-08-25T11:16:24.000Z</time>
        <extensions>
          <ns3:TrackPointExtension>
            <ns3:hr>145</ns3:hr>
            <ns3:cad>88</ns3:cad>
          </ns3:TrackPointExtension>
        </extensions>
      </trkpt>
      <trkpt lat="31.21918953023850917816162109375" lon="121.3854827173054218292236328125">
        <ele>13.80000019073486328125</ele>
        <time>2026-08-25T11:16:25.000Z</time>
        <extensions>
          <ns3:TrackPointExtension>
            <ns3:hr>146</ns3:hr>
            <ns3:cad>87</ns3:cad>
          </ns3:TrackPointExtension>
        </extensions>
      </trkpt>
      <trkpt lat="31.21916924603283405303955078125" lon="121.38547894544899463653564453125">
        <ele>13.80000019073486328125</ele>
        <time>2026-08-25T11:16:26.000Z</time>
        <extensions>
          <ns3:TrackPointExtension>
            <ns3:hr>146</ns3:hr>
            <ns3:cad>88</ns3:cad>
          </ns3:TrackPointExtension>
        </extensions>
      </trkpt>
      <trkpt lat="31.219149045646190643310546875" lon="121.38547006063163280487060546875">
        <ele>13.6000003814697265625</ele>
        <time>2026-08-25T11:16:27.000Z</time>
        <extensions>
          <ns3:TrackPointExtension>
            <ns3:hr>146</ns3:hr>
            <ns3:cad>89</ns3:cad>
          </ns3:TrackPointExtension>
        </extensions>
      </trkpt>
      <trkpt lat="31.21912901289761066436767578125" lon="121.38546637259423732757568359375">
        <ele>13.6000003814697265625</ele>
        <time>2026-08-25T11:16:28.000Z</time>
        <extensions>
          <ns3:TrackPointExtension>
            <ns3:hr>146</ns3:hr>
            <ns3:cad>89</ns3:cad>
          </ns3:TrackPointExtension>
        </extensions>
      </trkpt>
      <trkpt lat="31.219104789197444915771484375" lon="121.385461427271366119384765625">
        <ele>13.6000003814697265625</ele>
        <time>2026-08-25T11:16:29.000Z</time>
        <extensions>
          <ns3:TrackPointExtension>
            <ns3:hr>145</ns3:hr>
            <ns3:cad>88</ns3:cad>
          </ns3:TrackPointExtension>
        </extensions>
      </trkpt>
      <trkpt lat="31.21908567845821380615234375" lon="121.38545732013881206512451171875">
        <ele>13.6000003814697265625</ele>
        <time>2026-08-25T11:16:30.000Z</time>
        <extensions>
          <ns3:TrackPointExtension>
            <ns3:hr>146</ns3:hr>
            <ns3:cad>88</ns3:cad>
          </ns3:TrackPointExtension>
        </extensions>
      </trkpt>
      <trkpt lat="31.21906422078609466552734375" lon="121.38545162044465541839599609375">
        <ele>13.6000003814697265625</ele>
        <time>2026-08-25T11:16:31.000Z</time>
        <extensions>
          <ns3:TrackPointExtension>
            <ns3:hr>146</ns3:hr>
            <ns3:cad>87</ns3:cad>
          </ns3:TrackPointExtension>
        </extensions>
      </trkpt>
      <trkpt lat="31.2190442718565464019775390625" lon="121.385441981256008148193359375">
        <ele>13.6000003814697265625</ele>
        <time>2026-08-25T11:16:32.000Z</time>
        <extensions>
          <ns3:TrackPointExtension>
            <ns3:hr>146</ns3:hr>
            <ns3:cad>87</ns3:cad>
          </ns3:TrackPointExtension>
        </extensions>
      </trkpt>
      <trkpt lat="31.21902641840279102325439453125" lon="121.38543519191443920135498046875">
        <ele>13.6000003814697265625</ele>
        <time>2026-08-25T11:16:33.000Z</time>
        <extensions>
          <ns3:TrackPointExtension>
            <ns3:hr>146</ns3:hr>
            <ns3:cad>89</ns3:cad>
          </ns3:TrackPointExtension>
        </extensions>
      </trkpt>
      <trkpt lat="31.21900965459644794464111328125" lon="121.38542295433580875396728515625">
        <ele>13.6000003814697265625</ele>
        <time>2026-08-25T11:16:34.000Z</time>
        <extensions>
          <ns3:TrackPointExtension>
            <ns3:hr>146</ns3:hr>
            <ns3:cad>89</ns3:cad>
          </ns3:TrackPointExtension>
        </extensions>
      </trkpt>
      <trkpt lat="31.2189832516014575958251953125" lon="121.38541339896619319915771484375">
        <ele>13.6000003814697265625</ele>
        <time>2026-08-25T11:16:35.000Z</time>
        <extensions>
          <ns3:TrackPointExtension>
            <ns3:hr>146</ns3:hr>
            <ns3:cad>89</ns3:cad>
          </ns3:TrackPointExtension>
        </extensions>
      </trkpt>
      <trkpt lat="31.21896036900579929351806640625" lon="121.385412476956844329833984375">
        <ele>13.6000003814697265625</ele>
        <time>2026-08-25T11:16:36.000Z</time>
        <extensions>
          <ns3:TrackPointExtension>
            <ns3:hr>147</ns3:hr>
            <ns3:cad>88</ns3:cad>
          </ns3:TrackPointExtension>
        </extensions>
      </trkpt>
      <trkpt lat="31.21893656440079212188720703125" lon="121.3854002393782138824462890625">
        <ele>13.6000003814697265625</ele>
        <time>2026-08-25T11:16:37.000Z</time>
        <extensions>
          <ns3:TrackPointExtension>
            <ns3:hr>147</ns3:hr>
            <ns3:cad>87</ns3:cad>
          </ns3:TrackPointExtension>
        </extensions>
      </trkpt>
      <trkpt lat="31.218917034566402435302734375" lon="121.38539068400859832763671875">
        <ele>13.6000003814697265625</ele>
        <time>2026-08-25T11:16:38.000Z</time>
        <extensions>
          <ns3:TrackPointExtension>
            <ns3:hr>147</ns3:hr>
            <ns3:cad>87</ns3:cad>
          </ns3:TrackPointExtension>
        </extensions>
      </trkpt>
      <trkpt lat="31.21889012865722179412841796875" lon="121.38537886552512645721435546875">
        <ele>13.6000003814697265625</ele>
        <time>2026-08-25T11:16:39.000Z</time>
        <extensions>
          <ns3:TrackPointExtension>
            <ns3:hr>147</ns3:hr>
            <ns3:cad>88</ns3:cad>
          </ns3:TrackPointExtension>
        </extensions>
      </trkpt>
      <trkpt lat="31.218871772289276123046875" lon="121.38537417165935039520263671875">
        <ele>13.6000003814697265625</ele>
        <time>2026-08-25T11:16:40.000Z</time>
        <extensions>
          <ns3:TrackPointExtension>
            <ns3:hr>147</ns3:hr>
            <ns3:cad>89</ns3:cad>
          </ns3:TrackPointExtension>
        </extensions>
      </trkpt>
      <trkpt lat="31.21884637512266635894775390625" lon="121.38536159880459308624267578125">
        <ele>13.6000003814697265625</ele>
        <time>2026-08-25T11:16:41.000Z</time>
        <extensions>
          <ns3:TrackPointExtension>
            <ns3:hr>146</ns3:hr>
            <ns3:cad>89</ns3:cad>
          </ns3:TrackPointExtension>
        </extensions>
      </trkpt>
      <trkpt lat="31.2188300304114818572998046875" lon="121.38535489328205585479736328125">
        <ele>13.6000003814697265625</ele>
        <time>2026-08-25T11:16:42.000Z</time>
        <extensions>
          <ns3:TrackPointExtension>
            <ns3:hr>146</ns3:hr>
            <ns3:cad>88</ns3:cad>
          </ns3:TrackPointExtension>
        </extensions>
      </trkpt>
      <trkpt lat="31.21880614198744297027587890625" lon="121.385346762835979461669921875">
        <ele>13.6000003814697265625</ele>
        <time>2026-08-25T11:16:43.000Z</time>
        <extensions>
          <ns3:TrackPointExtension>
            <ns3:hr>146</ns3:hr>
            <ns3:cad>88</ns3:cad>
          </ns3:TrackPointExtension>
        </extensions>
      </trkpt>
      <trkpt lat="31.21878552250564098358154296875" lon="121.38534064404666423797607421875">
        <ele>13.6000003814697265625</ele>
        <time>2026-08-25T11:16:44.000Z</time>
        <extensions>
          <ns3:TrackPointExtension>
            <ns3:hr>146</ns3:hr>
            <ns3:cad>88</ns3:cad>
          </ns3:TrackPointExtension>
        </extensions>
      </trkpt>
      <trkpt lat="31.2187606282532215118408203125" lon="121.3853308372199535369873046875">
        <ele>13.6000003814697265625</ele>
        <time>2026-08-25T11:16:45.000Z</time>
        <extensions>
          <ns3:TrackPointExtension>
            <ns3:hr>145</ns3:hr>
            <ns3:cad>88</ns3:cad>
          </ns3:TrackPointExtension>
        </extensions>
      </trkpt>
      <trkpt lat="31.2187425233423709869384765625" lon="121.38532237149775028228759765625">
        <ele>13.6000003814697265625</ele>
        <time>2026-08-25T11:16:46.000Z</time>
        <extensions>
          <ns3:TrackPointExtension>
            <ns3:hr>145</ns3:hr>
            <ns3:cad>89</ns3:cad>
          </ns3:TrackPointExtension>
        </extensions>
      </trkpt>
      <trkpt lat="31.218717880547046661376953125" lon="121.3853134028613567352294921875">
        <ele>13.6000003814697265625</ele>
        <time>2026-08-25T11:16:47.000Z</time>
        <extensions>
          <ns3:TrackPointExtension>
            <ns3:hr>145</ns3:hr>
            <ns3:cad>89</ns3:cad>
          </ns3:TrackPointExtension>
        </extensions>
      </trkpt>
      <trkpt lat="31.21870002709329128265380859375" lon="121.38530351221561431884765625">
        <ele>13.6000003814697265625</ele>
        <time>2026-08-25T11:16:48.000Z</time>
        <extensions>
          <ns3:TrackPointExtension>
            <ns3:hr>145</ns3:hr>
            <ns3:cad>88</ns3:cad>
          </ns3:TrackPointExtension>
        </extensions>
      </trkpt>
      <trkpt lat="31.21867974288761615753173828125" lon="121.38529278337955474853515625">
        <ele>13.6000003814697265625</ele>
        <time>2026-08-25T11:16:49.000Z</time>
        <extensions>
          <ns3:TrackPointExtension>
            <ns3:hr>144</ns3:hr>
            <ns3:cad>87</ns3:cad>
          </ns3:TrackPointExtension>
        </extensions>
      </trkpt>
      <trkpt lat="31.218654178082942962646484375" lon="121.3852832280099391937255859375">
        <ele>13.6000003814697265625</ele>
        <time>2026-08-25T11:16:50.000Z</time>
        <extensions>
          <ns3:TrackPointExtension>
            <ns3:hr>144</ns3:hr>
            <ns3:cad>87</ns3:cad>
          </ns3:TrackPointExtension>
        </extensions>
      </trkpt>
      <trkpt lat="31.21863548643887042999267578125" lon="121.38527266681194305419921875">
        <ele>13.6000003814697265625</ele>
        <time>2026-08-25T11:16:51.000Z</time>
        <extensions>
          <ns3:TrackPointExtension>
            <ns3:hr>144</ns3:hr>
            <ns3:cad>87</ns3:cad>
          </ns3:TrackPointExtension>
        </extensions>
      </trkpt>
      <trkpt lat="31.218611262738704681396484375" lon="121.3852624408900737762451171875">
        <ele>13.6000003814697265625</ele>
        <time>2026-08-25T11:16:52.000Z</time>
        <extensions>
          <ns3:TrackPointExtension>
            <ns3:hr>144</ns3:hr>
            <ns3:cad>90</ns3:cad>
          </ns3:TrackPointExtension>
        </extensions>
      </trkpt>
      <trkpt lat="31.21859483420848846435546875" lon="121.3852440007030963897705078125">
        <ele>13.6000003814697265625</ele>
        <time>2026-08-25T11:16:53.000Z</time>
        <extensions>
          <ns3:TrackPointExtension>
            <ns3:hr>143</ns3:hr>
            <ns3:cad>90</ns3:cad>
          </ns3:TrackPointExtension>
        </extensions>
      </trkpt>
      <trkpt lat="31.21856801211833953857421875" lon="121.38523654080927371978759765625">
        <ele>13.6000003814697265625</ele>
        <time>2026-08-25T11:16:54.000Z</time>
        <extensions>
          <ns3:TrackPointExtension>
            <ns3:hr>143</ns3:hr>
            <ns3:cad>89</ns3:cad>
          </ns3:TrackPointExtension>
        </extensions>
      </trkpt>
      <trkpt lat="31.2185480631887912750244140625" lon="121.38522765599191188812255859375">
        <ele>13.6000003814697265625</ele>
        <time>2026-08-25T11:16:55.000Z</time>
        <extensions>
          <ns3:TrackPointExtension>
            <ns3:hr>143</ns3:hr>
            <ns3:cad>88</ns3:cad>
          </ns3:TrackPointExtension>
        </extensions>
      </trkpt>
      <trkpt lat="31.21852182783186435699462890625" lon="121.3852201960980892181396484375">
        <ele>13.6000003814697265625</ele>
        <time>2026-08-25T11:16:56.000Z</time>
        <extensions>
          <ns3:TrackPointExtension>
            <ns3:hr>143</ns3:hr>
            <ns3:cad>87</ns3:cad>
          </ns3:TrackPointExtension>
        </extensions>
      </trkpt>
      <trkpt lat="31.21850171126425266265869140625" lon="121.38521189801394939422607421875">
        <ele>13.6000003814697265625</ele>
        <time>2026-08-25T11:16:57.000Z</time>
        <extensions>
          <ns3:TrackPointExtension>
            <ns3:hr>142</ns3:hr>
            <ns3:cad>87</ns3:cad>
          </ns3:TrackPointExtension>
        </extensions>
      </trkpt>
      <trkpt lat="31.21847338043153285980224609375" lon="121.38520536012947559356689453125">
        <ele>13.6000003814697265625</ele>
        <time>2026-08-25T11:16:58.000Z</time>
        <extensions>
          <ns3:TrackPointExtension>
            <ns3:hr>143</ns3:hr>
            <ns3:cad>89</ns3:cad>
          </ns3:TrackPointExtension>
        </extensions>
      </trkpt>
      <trkpt lat="31.21845125220715999603271484375" lon="121.385195888578891754150390625">
        <ele>13.6000003814697265625</ele>
        <time>2026-08-25T11:16:59.000Z</time>
        <extensions>
          <ns3:TrackPointExtension>
            <ns3:hr>143</ns3:hr>
            <ns3:cad>89</ns3:cad>
          </ns3:TrackPointExtension>
        </extensions>
      </trkpt>
      <trkpt lat="31.21842443011701107025146484375" lon="121.385184824466705322265625">
        <ele>13.6000003814697265625</ele>
        <time>2026-08-25T11:17:00.000Z</time>
        <extensions>
          <ns3:TrackPointExtension>
            <ns3:hr>143</ns3:hr>
            <ns3:cad>89</ns3:cad>
          </ns3:TrackPointExtension>
        </extensions>
      </trkpt>
      <trkpt lat="31.2184109352529048919677734375" lon="121.385171413421630859375">
        <ele>13.6000003814697265625</ele>
        <time>2026-08-25T11:17:01.000Z</time>
        <extensions>
          <ns3:TrackPointExtension>
            <ns3:hr>142</ns3:hr>
            <ns3:cad>88</ns3:cad>
          </ns3:TrackPointExtension>
        </extensions>
      </trkpt>
      <trkpt lat="31.21838687919080257415771484375" lon="121.385157667100429534912109375">
        <ele>13.6000003814697265625</ele>
        <time>2026-08-25T11:17:02.000Z</time>
        <extensions>
          <ns3:TrackPointExtension>
            <ns3:hr>142</ns3:hr>
            <ns3:cad>87</ns3:cad>
          </ns3:TrackPointExtension>
        </extensions>
      </trkpt>
      <trkpt lat="31.21836793608963489532470703125" lon="121.38514903374016284942626953125">
        <ele>13.3999996185302734375</ele>
        <time>2026-08-25T11:17:03.000Z</time>
        <extensions>
          <ns3:TrackPointExtension>
            <ns3:hr>142</ns3:hr>
            <ns3:cad>87</ns3:cad>
          </ns3:TrackPointExtension>
        </extensions>
      </trkpt>
      <trkpt lat="31.2183442153036594390869140625" lon="121.38513386249542236328125">
        <ele>13.3999996185302734375</ele>
        <time>2026-08-25T11:17:04.000Z</time>
        <extensions>
          <ns3:TrackPointExtension>
            <ns3:hr>142</ns3:hr>
            <ns3:cad>87</ns3:cad>
          </ns3:TrackPointExtension>
        </extensions>
      </trkpt>
      <trkpt lat="31.21832535602152347564697265625" lon="121.38512087054550647735595703125">
        <ele>13.3999996185302734375</ele>
        <time>2026-08-25T11:17:05.000Z</time>
        <extensions>
          <ns3:TrackPointExtension>
            <ns3:hr>142</ns3:hr>
            <ns3:cad>88</ns3:cad>
          </ns3:TrackPointExtension>
        </extensions>
      </trkpt>
      <trkpt lat="31.21830591000616550445556640625" lon="121.38510796241462230682373046875">
        <ele>13.3999996185302734375</ele>
        <time>2026-08-25T11:17:06.000Z</time>
        <extensions>
          <ns3:TrackPointExtension>
            <ns3:hr>141</ns3:hr>
            <ns3:cad>88</ns3:cad>
          </ns3:TrackPointExtension>
        </extensions>
      </trkpt>
      <trkpt lat="31.2182857096195220947265625" lon="121.38508893549442291259765625">
        <ele>13.3999996185302734375</ele>
        <time>2026-08-25T11:17:07.000Z</time>
        <extensions>
          <ns3:TrackPointExtension>
            <ns3:hr>141</ns3:hr>
            <ns3:cad>88</ns3:cad>
          </ns3:TrackPointExtension>
        </extensions>
      </trkpt>
      <trkpt lat="31.218269281089305877685546875" lon="121.3850770331919193267822265625">
        <ele>13.3999996185302734375</ele>
        <time>2026-08-25T11:17:08.000Z</time>
        <extensions>
          <ns3:TrackPointExtension>
            <ns3:hr>141</ns3:hr>
            <ns3:cad>87</ns3:cad>
          </ns3:TrackPointExtension>
        </extensions>
      </trkpt>
      <trkpt lat="31.21824706904590129852294921875" lon="121.3850654661655426025390625">
        <ele>13.3999996185302734375</ele>
        <time>2026-08-25T11:17:09.000Z</time>
        <extensions>
          <ns3:TrackPointExtension>
            <ns3:hr>141</ns3:hr>
            <ns3:cad>87</ns3:cad>
          </ns3:TrackPointExtension>
        </extensions>
      </trkpt>
      <trkpt lat="31.2182258628308773040771484375" lon="121.385050378739833831787109375">
        <ele>13.3999996185302734375</ele>
        <time>2026-08-25T11:17:10.000Z</time>
        <extensions>
          <ns3:TrackPointExtension>
            <ns3:hr>142</ns3:hr>
            <ns3:cad>87</ns3:cad>
          </ns3:TrackPointExtension>
        </extensions>
      </trkpt>
      <trkpt lat="31.21820859611034393310546875" lon="121.3850354589521884918212890625">
        <ele>13.3999996185302734375</ele>
        <time>2026-08-25T11:17:11.000Z</time>
        <extensions>
          <ns3:TrackPointExtension>
            <ns3:hr>141</ns3:hr>
            <ns3:cad>88</ns3:cad>
          </ns3:TrackPointExtension>
        </extensions>
      </trkpt>
      <trkpt lat="31.21819292195141315460205078125" lon="121.3850233890116214752197265625">
        <ele>13.3999996185302734375</ele>
        <time>2026-08-25T11:17:12.000Z</time>
        <extensions>
          <ns3:TrackPointExtension>
            <ns3:hr>141</ns3:hr>
            <ns3:cad>88</ns3:cad>
          </ns3:TrackPointExtension>
        </extensions>
      </trkpt>
      <trkpt lat="31.218174733221530914306640625" lon="121.38500704430043697357177734375">
        <ele>13.3999996185302734375</ele>
        <time>2026-08-25T11:17:13.000Z</time>
        <extensions>
          <ns3:TrackPointExtension>
            <ns3:hr>141</ns3:hr>
            <ns3:cad>88</ns3:cad>
          </ns3:TrackPointExtension>
        </extensions>
      </trkpt>
      <trkpt lat="31.21815889142453670501708984375" lon="121.3849908672273159027099609375">
        <ele>13.3999996185302734375</ele>
        <time>2026-08-25T11:17:14.000Z</time>
        <extensions>
          <ns3:TrackPointExtension>
            <ns3:hr>141</ns3:hr>
            <ns3:cad>87</ns3:cad>
          </ns3:TrackPointExtension>
        </extensions>
      </trkpt>
      <trkpt lat="31.21813911013305187225341796875" lon="121.3849675655364990234375">
        <ele>13.3999996185302734375</ele>
        <time>2026-08-25T11:17:15.000Z</time>
        <extensions>
          <ns3:TrackPointExtension>
            <ns3:hr>142</ns3:hr>
            <ns3:cad>87</ns3:cad>
          </ns3:TrackPointExtension>
        </extensions>
      </trkpt>
      <trkpt lat="31.21812083758413791656494140625" lon="121.38495147228240966796875">
        <ele>13.3999996185302734375</ele>
        <time>2026-08-25T11:17:16.000Z</time>
        <extensions>
          <ns3:TrackPointExtension>
            <ns3:hr>141</ns3:hr>
            <ns3:cad>88</ns3:cad>
          </ns3:TrackPointExtension>
        </extensions>
      </trkpt>
      <trkpt lat="31.218098960816860198974609375" lon="121.3849335350096225738525390625">
        <ele>13.3999996185302734375</ele>
        <time>2026-08-25T11:17:17.000Z</time>
        <extensions>
          <ns3:TrackPointExtension>
            <ns3:hr>141</ns3:hr>
            <ns3:cad>90</ns3:cad>
          </ns3:TrackPointExtension>
        </extensions>
      </trkpt>
      <trkpt lat="31.2180820293724536895751953125" lon="121.3849194534122943878173828125">
        <ele>13.3999996185302734375</ele>
        <time>2026-08-25T11:17:18.000Z</time>
        <extensions>
          <ns3:TrackPointExtension>
            <ns3:hr>142</ns3:hr>
            <ns3:cad>90</ns3:cad>
          </ns3:TrackPointExtension>
        </extensions>
      </trkpt>
      <trkpt lat="31.2180562131106853485107421875" lon="121.38490059413015842437744140625">
        <ele>13.3999996185302734375</ele>
        <time>2026-08-25T11:17:19.000Z</time>
        <extensions>
          <ns3:TrackPointExtension>
            <ns3:hr>142</ns3:hr>
            <ns3:cad>89</ns3:cad>
          </ns3:TrackPointExtension>
        </extensions>
      </trkpt>
      <trkpt lat="31.2180362641811370849609375" lon="121.38489254750311374664306640625">
        <ele>13.19999980926513671875</ele>
        <time>2026-08-25T11:17:20.000Z</time>
        <extensions>
          <ns3:TrackPointExtension>
            <ns3:hr>142</ns3:hr>
            <ns3:cad>88</ns3:cad>
          </ns3:TrackPointExtension>
        </extensions>
      </trkpt>
      <trkpt lat="31.2180102802813053131103515625" lon="121.38488433323800563812255859375">
        <ele>13.19999980926513671875</ele>
        <time>2026-08-25T11:17:21.000Z</time>
        <extensions>
          <ns3:TrackPointExtension>
            <ns3:hr>142</ns3:hr>
            <ns3:cad>88</ns3:cad>
          </ns3:TrackPointExtension>
        </extensions>
      </trkpt>
      <trkpt lat="31.2179906666278839111328125" lon="121.3848701678216457366943359375">
        <ele>13.19999980926513671875</ele>
        <time>2026-08-25T11:17:22.000Z</time>
        <extensions>
          <ns3:TrackPointExtension>
            <ns3:hr>142</ns3:hr>
            <ns3:cad>88</ns3:cad>
          </ns3:TrackPointExtension>
        </extensions>
      </trkpt>
      <trkpt lat="31.21796795167028903961181640625" lon="121.38485935516655445098876953125">
        <ele>13</ele>
        <time>2026-08-25T11:17:23.000Z</time>
        <extensions>
          <ns3:TrackPointExtension>
            <ns3:hr>143</ns3:hr>
            <ns3:cad>89</ns3:cad>
          </ns3:TrackPointExtension>
        </extensions>
      </trkpt>
      <trkpt lat="31.2179459072649478912353515625" lon="121.38485047034919261932373046875">
        <ele>13</ele>
        <time>2026-08-25T11:17:24.000Z</time>
        <extensions>
          <ns3:TrackPointExtension>
            <ns3:hr>143</ns3:hr>
            <ns3:cad>89</ns3:cad>
          </ns3:TrackPointExtension>
        </extensions>
      </trkpt>
      <trkpt lat="31.21792185120284557342529296875" lon="121.3848388195037841796875">
        <ele>13</ele>
        <time>2026-08-25T11:17:25.000Z</time>
        <extensions>
          <ns3:TrackPointExtension>
            <ns3:hr>143</ns3:hr>
            <ns3:cad>89</ns3:cad>
          </ns3:TrackPointExtension>
        </extensions>
      </trkpt>
      <trkpt lat="31.2179026566445827484130859375" lon="121.38483303599059581756591796875">
        <ele>13</ele>
        <time>2026-08-25T11:17:26.000Z</time>
        <extensions>
          <ns3:TrackPointExtension>
            <ns3:hr>142</ns3:hr>
            <ns3:cad>88</ns3:cad>
          </ns3:TrackPointExtension>
        </extensions>
      </trkpt>
      <trkpt lat="31.217878349125385284423828125" lon="121.384823061525821685791015625">
        <ele>13.19999980926513671875</ele>
        <time>2026-08-25T11:17:27.000Z</time>
        <extensions>
          <ns3:TrackPointExtension>
            <ns3:hr>143</ns3:hr>
            <ns3:cad>88</ns3:cad>
          </ns3:TrackPointExtension>
        </extensions>
      </trkpt>
      <trkpt lat="31.217858232557773590087890625" lon="121.38480939902365207672119140625">
        <ele>13.19999980926513671875</ele>
        <time>2026-08-25T11:17:28.000Z</time>
        <extensions>
          <ns3:TrackPointExtension>
            <ns3:hr>143</ns3:hr>
            <ns3:cad>88</ns3:cad>
          </ns3:TrackPointExtension>
        </extensions>
      </trkpt>
      <trkpt lat="31.217832081019878387451171875" lon="121.3847927190363407135009765625">
        <ele>13.19999980926513671875</ele>
        <time>2026-08-25T11:17:29.000Z</time>
        <extensions>
          <ns3:TrackPointExtension>
            <ns3:hr>143</ns3:hr>
            <ns3:cad>89</ns3:cad>
          </ns3:TrackPointExtension>
        </extensions>
      </trkpt>
      <trkpt lat="31.2178114615380764007568359375" lon="121.38478207401931285858154296875">
        <ele>13.19999980926513671875</ele>
        <time>2026-08-25T11:17:30.000Z</time>
        <extensions>
          <ns3:TrackPointExtension>
            <ns3:hr>143</ns3:hr>
            <ns3:cad>89</ns3:cad>
          </ns3:TrackPointExtension>
        </extensions>
      </trkpt>
      <trkpt lat="31.21778371743857860565185546875" lon="121.384766064584255218505859375">
        <ele>13.19999980926513671875</ele>
        <time>2026-08-25T11:17:31.000Z</time>
        <extensions>
          <ns3:TrackPointExtension>
            <ns3:hr>143</ns3:hr>
            <ns3:cad>89</ns3:cad>
          </ns3:TrackPointExtension>
        </extensions>
      </trkpt>
      <trkpt lat="31.21776410378515720367431640625" lon="121.38475231826305389404296875">
        <ele>13.19999980926513671875</ele>
        <time>2026-08-25T11:17:32.000Z</time>
        <extensions>
          <ns3:TrackPointExtension>
            <ns3:hr>144</ns3:hr>
            <ns3:cad>88</ns3:cad>
          </ns3:TrackPointExtension>
        </extensions>
      </trkpt>
      <trkpt lat="31.21773459948599338531494140625" lon="121.38473882339894771575927734375">
        <ele>13.19999980926513671875</ele>
        <time>2026-08-25T11:17:33.000Z</time>
        <extensions>
          <ns3:TrackPointExtension>
            <ns3:hr>144</ns3:hr>
            <ns3:cad>88</ns3:cad>
          </ns3:TrackPointExtension>
        </extensions>
      </trkpt>
      <trkpt lat="31.2177135609090328216552734375" lon="121.38472742401063442230224609375">
        <ele>13.19999980926513671875</ele>
        <time>2026-08-25T11:17:34.000Z</time>
        <extensions>
          <ns3:TrackPointExtension>
            <ns3:hr>144</ns3:hr>
            <ns3:cad>88</ns3:cad>
          </ns3:TrackPointExtension>
        </extensions>
      </trkpt>
      <trkpt lat="31.2176870740950107574462890625" lon="121.38472155667841434478759765625">
        <ele>13.19999980926513671875</ele>
        <time>2026-08-25T11:17:35.000Z</time>
        <extensions>
          <ns3:TrackPointExtension>
            <ns3:hr>143</ns3:hr>
            <ns3:cad>88</ns3:cad>
          </ns3:TrackPointExtension>
        </extensions>
      </trkpt>
      <trkpt lat="31.2176622636616230010986328125" lon="121.384716443717479705810546875">
        <ele>13.19999980926513671875</ele>
        <time>2026-08-25T11:17:36.000Z</time>
        <extensions>
          <ns3:TrackPointExtension>
            <ns3:hr>143</ns3:hr>
            <ns3:cad>90</ns3:cad>
          </ns3:TrackPointExtension>
        </extensions>
      </trkpt>
      <trkpt lat="31.21763552539050579071044921875" lon="121.3847042061388492584228515625">
        <ele>13</ele>
        <time>2026-08-25T11:17:37.000Z</time>
        <extensions>
          <ns3:TrackPointExtension>
            <ns3:hr>143</ns3:hr>
            <ns3:cad>90</ns3:cad>
          </ns3:TrackPointExtension>
        </extensions>
      </trkpt>
      <trkpt lat="31.21761490590870380401611328125" lon="121.3846931420266628265380859375">
        <ele>13</ele>
        <time>2026-08-25T11:17:38.000Z</time>
        <extensions>
          <ns3:TrackPointExtension>
            <ns3:hr>144</ns3:hr>
            <ns3:cad>88</ns3:cad>
          </ns3:TrackPointExtension>
        </extensions>
      </trkpt>
      <trkpt lat="31.2175928615033626556396484375" lon="121.38468618504703044891357421875">
        <ele>13</ele>
        <time>2026-08-25T11:17:39.000Z</time>
        <extensions>
          <ns3:TrackPointExtension>
            <ns3:hr>144</ns3:hr>
            <ns3:cad>88</ns3:cad>
          </ns3:TrackPointExtension>
        </extensions>
      </trkpt>
      <trkpt lat="31.21756888926029205322265625" lon="121.38467377983033657073974609375">
        <ele>13</ele>
        <time>2026-08-25T11:17:40.000Z</time>
        <extensions>
          <ns3:TrackPointExtension>
            <ns3:hr>144</ns3:hr>
            <ns3:cad>88</ns3:cad>
          </ns3:TrackPointExtension>
        </extensions>
      </trkpt>
      <trkpt lat="31.217546761035919189453125" lon="121.38466673903167247772216796875">
        <ele>13</ele>
        <time>2026-08-25T11:17:41.000Z</time>
        <extensions>
          <ns3:TrackPointExtension>
            <ns3:hr>144</ns3:hr>
            <ns3:cad>88</ns3:cad>
          </ns3:TrackPointExtension>
        </extensions>
      </trkpt>
      <trkpt lat="31.2175244651734828948974609375" lon="121.38465852476656436920166015625">
        <ele>13</ele>
        <time>2026-08-25T11:17:42.000Z</time>
        <extensions>
          <ns3:TrackPointExtension>
            <ns3:hr>144</ns3:hr>
            <ns3:cad>90</ns3:cad>
          </ns3:TrackPointExtension>
        </extensions>
      </trkpt>
      <trkpt lat="31.2175050191581249237060546875" lon="121.38464947231113910675048828125">
        <ele>13</ele>
        <time>2026-08-25T11:17:43.000Z</time>
        <extensions>
          <ns3:TrackPointExtension>
            <ns3:hr>144</ns3:hr>
            <ns3:cad>90</ns3:cad>
          </ns3:TrackPointExtension>
        </extensions>
      </trkpt>
      <trkpt lat="31.2174837291240692138671875" lon="121.38463924638926982879638671875">
        <ele>13</ele>
        <time>2026-08-25T11:17:44.000Z</time>
        <extensions>
          <ns3:TrackPointExtension>
            <ns3:hr>144</ns3:hr>
            <ns3:cad>89</ns3:cad>
          </ns3:TrackPointExtension>
        </extensions>
      </trkpt>
      <trkpt lat="31.217467300593852996826171875" lon="121.38463639654219150543212890625">
        <ele>13</ele>
        <time>2026-08-25T11:17:45.000Z</time>
        <extensions>
          <ns3:TrackPointExtension>
            <ns3:hr>144</ns3:hr>
            <ns3:cad>88</ns3:cad>
          </ns3:TrackPointExtension>
        </extensions>
      </trkpt>
      <trkpt lat="31.217440478503704071044921875" lon="121.38462491333484649658203125">
        <ele>13</ele>
        <time>2026-08-25T11:17:46.000Z</time>
        <extensions>
          <ns3:TrackPointExtension>
            <ns3:hr>144</ns3:hr>
            <ns3:cad>88</ns3:cad>
          </ns3:TrackPointExtension>
        </extensions>
      </trkpt>
      <trkpt lat="31.217423044145107269287109375" lon="121.38461644761264324188232421875">
        <ele>13</ele>
        <time>2026-08-25T11:17:47.000Z</time>
        <extensions>
          <ns3:TrackPointExtension>
            <ns3:hr>144</ns3:hr>
            <ns3:cad>89</ns3:cad>
          </ns3:TrackPointExtension>
        </extensions>
      </trkpt>
      <trkpt lat="31.217398233711719512939453125" lon="121.3846056349575519561767578125">
        <ele>13</ele>
        <time>2026-08-25T11:17:48.000Z</time>
        <extensions>
          <ns3:TrackPointExtension>
            <ns3:hr>144</ns3:hr>
            <ns3:cad>89</ns3:cad>
          </ns3:TrackPointExtension>
        </extensions>
      </trkpt>
      <trkpt lat="31.21737711131572723388671875" lon="121.3845982588827610015869140625">
        <ele>13</ele>
        <time>2026-08-25T11:17:49.000Z</time>
        <extensions>
          <ns3:TrackPointExtension>
            <ns3:hr>144</ns3:hr>
            <ns3:cad>89</ns3:cad>
          </ns3:TrackPointExtension>
        </extensions>
      </trkpt>
      <trkpt lat="31.2173440866172313690185546875" lon="121.3845942355692386627197265625">
        <ele>13</ele>
        <time>2026-08-25T11:17:50.000Z</time>
        <extensions>
          <ns3:TrackPointExtension>
            <ns3:hr>143</ns3:hr>
            <ns3:cad>88</ns3:cad>
          </ns3:TrackPointExtension>
        </extensions>
      </trkpt>
      <trkpt lat="31.217320449650287628173828125" lon="121.38459406793117523193359375">
        <ele>12.80000019073486328125</ele>
        <time>2026-08-25T11:17:51.000Z</time>
        <extensions>
          <ns3:TrackPointExtension>
            <ns3:hr>143</ns3:hr>
            <ns3:cad>87</ns3:cad>
          </ns3:TrackPointExtension>
        </extensions>
      </trkpt>
      <trkpt lat="31.21729237027466297149658203125" lon="121.38459297828376293182373046875">
        <ele>12.6000003814697265625</ele>
        <time>2026-08-25T11:17:52.000Z</time>
        <extensions>
          <ns3:TrackPointExtension>
            <ns3:hr>143</ns3:hr>
            <ns3:cad>87</ns3:cad>
          </ns3:TrackPointExtension>
        </extensions>
      </trkpt>
      <trkpt lat="31.21727158315479755401611328125" lon="121.3845882005989551544189453125">
        <ele>12.6000003814697265625</ele>
        <time>2026-08-25T11:17:53.000Z</time>
        <extensions>
          <ns3:TrackPointExtension>
            <ns3:hr>143</ns3:hr>
            <ns3:cad>87</ns3:cad>
          </ns3:TrackPointExtension>
        </extensions>
      </trkpt>
      <trkpt lat="31.21724459342658519744873046875" lon="121.3845851831138134002685546875">
        <ele>12.6000003814697265625</ele>
        <time>2026-08-25T11:17:54.000Z</time>
        <extensions>
          <ns3:TrackPointExtension>
            <ns3:hr>143</ns3:hr>
            <ns3:cad>89</ns3:cad>
          </ns3:TrackPointExtension>
        </extensions>
      </trkpt>
      <trkpt lat="31.217223219573497772216796875" lon="121.3845813274383544921875">
        <ele>12.6000003814697265625</ele>
        <time>2026-08-25T11:17:55.000Z</time>
        <extensions>
          <ns3:TrackPointExtension>
            <ns3:hr>143</ns3:hr>
            <ns3:cad>89</ns3:cad>
          </ns3:TrackPointExtension>
        </extensions>
      </trkpt>
      <trkpt lat="31.21719581075012683868408203125" lon="121.38457554392516613006591796875">
        <ele>12.6000003814697265625</ele>
        <time>2026-08-25T11:17:56.000Z</time>
        <extensions>
          <ns3:TrackPointExtension>
            <ns3:hr>142</ns3:hr>
            <ns3:cad>88</ns3:cad>
          </ns3:TrackPointExtension>
        </extensions>
      </trkpt>
      <trkpt lat="31.2171761132776737213134765625" lon="121.38456313870847225189208984375">
        <ele>12.80000019073486328125</ele>
        <time>2026-08-25T11:17:57.000Z</time>
        <extensions>
          <ns3:TrackPointExtension>
            <ns3:hr>143</ns3:hr>
            <ns3:cad>87</ns3:cad>
          </ns3:TrackPointExtension>
        </extensions>
      </trkpt>
      <trkpt lat="31.2171546556055545806884765625" lon="121.384564898908138275146484375">
        <ele>12.80000019073486328125</ele>
        <time>2026-08-25T11:17:58.000Z</time>
        <extensions>
          <ns3:TrackPointExtension>
            <ns3:hr>143</ns3:hr>
            <ns3:cad>87</ns3:cad>
          </ns3:TrackPointExtension>
        </extensions>
      </trkpt>
      <trkpt lat="31.2171311862766742706298828125" lon="121.38455961830914020538330078125">
        <ele>12.80000019073486328125</ele>
        <time>2026-08-25T11:17:59.000Z</time>
        <extensions>
          <ns3:TrackPointExtension>
            <ns3:hr>142</ns3:hr>
            <ns3:cad>87</ns3:cad>
          </ns3:TrackPointExtension>
        </extensions>
      </trkpt>
      <trkpt lat="31.21711425483226776123046875" lon="121.38456699438393115997314453125">
        <ele>12.80000019073486328125</ele>
        <time>2026-08-25T11:18:00.000Z</time>
        <extensions>
          <ns3:TrackPointExtension>
            <ns3:hr>142</ns3:hr>
            <ns3:cad>88</ns3:cad>
          </ns3:TrackPointExtension>
        </extensions>
      </trkpt>
      <trkpt lat="31.21708801947534084320068359375" lon="121.38456632383167743682861328125">
        <ele>12.80000019073486328125</ele>
        <time>2026-08-25T11:18:01.000Z</time>
        <extensions>
          <ns3:TrackPointExtension>
            <ns3:hr>142</ns3:hr>
            <ns3:cad>88</ns3:cad>
          </ns3:TrackPointExtension>
        </extensions>
      </trkpt>
      <trkpt lat="31.2170688249170780181884765625" lon="121.3845654018223285675048828125">
        <ele>12.80000019073486328125</ele>
        <time>2026-08-25T11:18:02.000Z</time>
        <extensions>
          <ns3:TrackPointExtension>
            <ns3:hr>143</ns3:hr>
            <ns3:cad>88</ns3:cad>
          </ns3:TrackPointExtension>
        </extensions>
      </trkpt>
      <trkpt lat="31.2170473672449588775634765625" lon="121.384564898908138275146484375">
        <ele>12.6000003814697265625</ele>
        <time>2026-08-25T11:18:03.000Z</time>
        <extensions>
          <ns3:TrackPointExtension>
            <ns3:hr>142</ns3:hr>
            <ns3:cad>87</ns3:cad>
          </ns3:TrackPointExtension>
        </extensions>
      </trkpt>
      <trkpt lat="31.21702968142926692962646484375" lon="121.3845597021281719207763671875">
        <ele>12.6000003814697265625</ele>
        <time>2026-08-25T11:18:04.000Z</time>
        <extensions>
          <ns3:TrackPointExtension>
            <ns3:hr>142</ns3:hr>
            <ns3:cad>87</ns3:cad>
          </ns3:TrackPointExtension>
        </extensions>
      </trkpt>
      <trkpt lat="31.21700520627200603485107421875" lon="121.38455056585371494293212890625">
        <ele>12.6000003814697265625</ele>
        <time>2026-08-25T11:18:05.000Z</time>
        <extensions>
          <ns3:TrackPointExtension>
            <ns3:hr>141</ns3:hr>
            <ns3:cad>87</ns3:cad>
          </ns3:TrackPointExtension>
        </extensions>
      </trkpt>
      <trkpt lat="31.21698508970439434051513671875" lon="121.38454905711114406585693359375">
        <ele>12.6000003814697265625</ele>
        <time>2026-08-25T11:18:06.000Z</time>
        <extensions>
          <ns3:TrackPointExtension>
            <ns3:hr>141</ns3:hr>
            <ns3:cad>88</ns3:cad>
          </ns3:TrackPointExtension>
        </extensions>
      </trkpt>
      <trkpt lat="31.2169601954519748687744140625" lon="121.384545452892780303955078125">
        <ele>12.6000003814697265625</ele>
        <time>2026-08-25T11:18:07.000Z</time>
        <extensions>
          <ns3:TrackPointExtension>
            <ns3:hr>141</ns3:hr>
            <ns3:cad>88</ns3:cad>
          </ns3:TrackPointExtension>
        </extensions>
      </trkpt>
      <trkpt lat="31.216940917074680328369140625" lon="121.38453681953251361846923828125">
        <ele>12.80000019073486328125</ele>
        <time>2026-08-25T11:18:08.000Z</time>
        <extensions>
          <ns3:TrackPointExtension>
            <ns3:hr>141</ns3:hr>
            <ns3:cad>88</ns3:cad>
          </ns3:TrackPointExtension>
        </extensions>
      </trkpt>
      <trkpt lat="31.21691635809838771820068359375" lon="121.3845258392393589019775390625">
        <ele>12.80000019073486328125</ele>
        <time>2026-08-25T11:18:09.000Z</time>
        <extensions>
          <ns3:TrackPointExtension>
            <ns3:hr>141</ns3:hr>
            <ns3:cad>87</ns3:cad>
          </ns3:TrackPointExtension>
        </extensions>
      </trkpt>
      <trkpt lat="31.21689221821725368499755859375" lon="121.38451670296490192413330078125">
        <ele>12.80000019073486328125</ele>
        <time>2026-08-25T11:18:10.000Z</time>
        <extensions>
          <ns3:TrackPointExtension>
            <ns3:hr>142</ns3:hr>
            <ns3:cad>87</ns3:cad>
          </ns3:TrackPointExtension>
        </extensions>
      </trkpt>
      <trkpt lat="31.2168710120022296905517578125" lon="121.38451050035655498504638671875">
        <ele>12.80000019073486328125</ele>
        <time>2026-08-25T11:18:11.000Z</time>
        <extensions>
          <ns3:TrackPointExtension>
            <ns3:hr>142</ns3:hr>
            <ns3:cad>87</ns3:cad>
          </ns3:TrackPointExtension>
        </extensions>
      </trkpt>
      <trkpt lat="31.2168488837778568267822265625" lon="121.384500525891780853271484375">
        <ele>12.80000019073486328125</ele>
        <time>2026-08-25T11:18:12.000Z</time>
        <extensions>
          <ns3:TrackPointExtension>
            <ns3:hr>142</ns3:hr>
            <ns3:cad>89</ns3:cad>
          </ns3:TrackPointExtension>
        </extensions>
      </trkpt>
      <trkpt lat="31.2168317846953868865966796875" lon="121.38449591584503650665283203125">
        <ele>12.6000003814697265625</ele>
        <time>2026-08-25T11:18:13.000Z</time>
        <extensions>
          <ns3:TrackPointExtension>
            <ns3:hr>142</ns3:hr>
            <ns3:cad>89</ns3:cad>
          </ns3:TrackPointExtension>
        </extensions>
      </trkpt>
      <trkpt lat="31.21681007556617259979248046875" lon="121.38448988087475299835205078125">
        <ele>12.6000003814697265625</ele>
        <time>2026-08-25T11:18:14.000Z</time>
        <extensions>
          <ns3:TrackPointExtension>
            <ns3:hr>143</ns3:hr>
            <ns3:cad>88</ns3:cad>
          </ns3:TrackPointExtension>
        </extensions>
      </trkpt>
      <trkpt lat="31.21679163537919521331787109375" lon="121.38448669575154781341552734375">
        <ele>12.6000003814697265625</ele>
        <time>2026-08-25T11:18:15.000Z</time>
        <extensions>
          <ns3:TrackPointExtension>
            <ns3:hr>143</ns3:hr>
            <ns3:cad>88</ns3:cad>
          </ns3:TrackPointExtension>
        </extensions>
      </trkpt>
      <trkpt lat="31.21677361428737640380859375" lon="121.3844822533428668975830078125">
        <ele>12.6000003814697265625</ele>
        <time>2026-08-25T11:18:16.000Z</time>
        <extensions>
          <ns3:TrackPointExtension>
            <ns3:hr>144</ns3:hr>
            <ns3:cad>88</ns3:cad>
          </ns3:TrackPointExtension>
        </extensions>
      </trkpt>
      <trkpt lat="31.2167553417384624481201171875" lon="121.38448216952383518218994140625">
        <ele>12.6000003814697265625</ele>
        <time>2026-08-25T11:18:17.000Z</time>
        <extensions>
          <ns3:TrackPointExtension>
            <ns3:hr>144</ns3:hr>
            <ns3:cad>87</ns3:cad>
          </ns3:TrackPointExtension>
        </extensions>
      </trkpt>
      <trkpt lat="31.21672223322093486785888671875" lon="121.3844742067158222198486328125">
        <ele>12.6000003814697265625</ele>
        <time>2026-08-25T11:18:18.000Z</time>
        <extensions>
          <ns3:TrackPointExtension>
            <ns3:hr>145</ns3:hr>
            <ns3:cad>88</ns3:cad>
          </ns3:TrackPointExtension>
        </extensions>
      </trkpt>
      <trkpt lat="31.2166978418827056884765625" lon="121.384492814540863037109375">
        <ele>12.80000019073486328125</ele>
        <time>2026-08-25T11:18:19.000Z</time>
        <extensions>
          <ns3:TrackPointExtension>
            <ns3:hr>145</ns3:hr>
            <ns3:cad>89</ns3:cad>
          </ns3:TrackPointExtension>
        </extensions>
      </trkpt>
      <trkpt lat="31.216668002307415008544921875" lon="121.38449373655021190643310546875">
        <ele>12.80000019073486328125</ele>
        <time>2026-08-25T11:18:20.000Z</time>
        <extensions>
          <ns3:TrackPointExtension>
            <ns3:hr>145</ns3:hr>
            <ns3:cad>89</ns3:cad>
          </ns3:TrackPointExtension>
        </extensions>
      </trkpt>
      <trkpt lat="31.21663807891309261322021484375" lon="121.384495161473751068115234375">
        <ele>12.80000019073486328125</ele>
        <time>2026-08-25T11:18:21.000Z</time>
        <extensions>
          <ns3:TrackPointExtension>
            <ns3:hr>145</ns3:hr>
            <ns3:cad>88</ns3:cad>
          </ns3:TrackPointExtension>
        </extensions>
      </trkpt>
      <trkpt lat="31.2166138552129268646240234375" lon="121.38449591584503650665283203125">
        <ele>12.80000019073486328125</ele>
        <time>2026-08-25T11:18:22.000Z</time>
        <extensions>
          <ns3:TrackPointExtension>
            <ns3:hr>145</ns3:hr>
            <ns3:cad>88</ns3:cad>
          </ns3:TrackPointExtension>
        </extensions>
      </trkpt>
      <trkpt lat="31.21659801341593265533447265625" lon="121.38449884951114654541015625">
        <ele>12.80000019073486328125</ele>
        <time>2026-08-25T11:18:23.000Z</time>
        <extensions>
          <ns3:TrackPointExtension>
            <ns3:hr>145</ns3:hr>
            <ns3:cad>88</ns3:cad>
          </ns3:TrackPointExtension>
        </extensions>
      </trkpt>
      <trkpt lat="31.216573454439640045166015625" lon="121.3844953291118144989013671875">
        <ele>12.80000019073486328125</ele>
        <time>2026-08-25T11:18:24.000Z</time>
        <extensions>
          <ns3:TrackPointExtension>
            <ns3:hr>145</ns3:hr>
            <ns3:cad>88</ns3:cad>
          </ns3:TrackPointExtension>
        </extensions>
      </trkpt>
      <trkpt lat="31.21655023656785488128662109375" lon="121.384498178958892822265625">
        <ele>12.80000019073486328125</ele>
        <time>2026-08-25T11:18:25.000Z</time>
        <extensions>
          <ns3:TrackPointExtension>
            <ns3:hr>144</ns3:hr>
            <ns3:cad>89</ns3:cad>
          </ns3:TrackPointExtension>
        </extensions>
      </trkpt>
      <trkpt lat="31.21653179638087749481201171875" lon="121.38450966216623783111572265625">
        <ele>12.80000019073486328125</ele>
        <time>2026-08-25T11:18:26.000Z</time>
        <extensions>
          <ns3:TrackPointExtension>
            <ns3:hr>145</ns3:hr>
            <ns3:cad>89</ns3:cad>
          </ns3:TrackPointExtension>
        </extensions>
      </trkpt>
      <trkpt lat="31.21651251800358295440673828125" lon="121.38453061692416667938232421875">
        <ele>12.80000019073486328125</ele>
        <time>2026-08-25T11:18:27.000Z</time>
        <extensions>
          <ns3:TrackPointExtension>
            <ns3:hr>144</ns3:hr>
            <ns3:cad>88</ns3:cad>
          </ns3:TrackPointExtension>
        </extensions>
      </trkpt>
      <trkpt lat="31.21650815941393375396728515625" lon="121.38454972766339778900146484375">
        <ele>12.6000003814697265625</ele>
        <time>2026-08-25T11:18:28.000Z</time>
        <extensions>
          <ns3:TrackPointExtension>
            <ns3:hr>144</ns3:hr>
            <ns3:cad>87</ns3:cad>
          </ns3:TrackPointExtension>
        </extensions>
      </trkpt>
      <trkpt lat="31.21649541892111301422119140625" lon="121.38457269407808780670166015625">
        <ele>12.6000003814697265625</ele>
        <time>2026-08-25T11:18:29.000Z</time>
        <extensions>
          <ns3:TrackPointExtension>
            <ns3:hr>144</ns3:hr>
            <ns3:cad>86</ns3:cad>
          </ns3:TrackPointExtension>
        </extensions>
      </trkpt>
      <trkpt lat="31.21648703701794147491455078125" lon="121.3845907151699066162109375">
        <ele>12.6000003814697265625</ele>
        <time>2026-08-25T11:18:30.000Z</time>
        <extensions>
          <ns3:TrackPointExtension>
            <ns3:hr>145</ns3:hr>
            <ns3:cad>86</ns3:cad>
          </ns3:TrackPointExtension>
        </extensions>
      </trkpt>
      <trkpt lat="31.21647396124899387359619140625" lon="121.38461862690746784210205078125">
        <ele>12.80000019073486328125</ele>
        <time>2026-08-25T11:18:31.000Z</time>
        <extensions>
          <ns3:TrackPointExtension>
            <ns3:hr>144</ns3:hr>
            <ns3:cad>86</ns3:cad>
          </ns3:TrackPointExtension>
        </extensions>
      </trkpt>
      <trkpt lat="31.21646675281226634979248046875" lon="121.38464326970279216766357421875">
        <ele>12.80000019073486328125</ele>
        <time>2026-08-25T11:18:32.000Z</time>
        <extensions>
          <ns3:TrackPointExtension>
            <ns3:hr>144</ns3:hr>
            <ns3:cad>86</ns3:cad>
          </ns3:TrackPointExtension>
        </extensions>
      </trkpt>
      <trkpt lat="31.2164542637765407562255859375" lon="121.38467243872582912445068359375">
        <ele>12.80000019073486328125</ele>
        <time>2026-08-25T11:18:33.000Z</time>
        <extensions>
          <ns3:TrackPointExtension>
            <ns3:hr>145</ns3:hr>
            <ns3:cad>86</ns3:cad>
          </ns3:TrackPointExtension>
        </extensions>
      </trkpt>
      <trkpt lat="31.2164482288062572479248046875" lon="121.384690292179584503173828125">
        <ele>12.80000019073486328125</ele>
        <time>2026-08-25T11:18:34.000Z</time>
        <extensions>
          <ns3:TrackPointExtension>
            <ns3:hr>145</ns3:hr>
            <ns3:cad>86</ns3:cad>
          </ns3:TrackPointExtension>
        </extensions>
      </trkpt>
      <trkpt lat="31.2164418585598468780517578125" lon="121.3847209699451923370361328125">
        <ele>12.80000019073486328125</ele>
        <time>2026-08-25T11:18:35.000Z</time>
        <extensions>
          <ns3:TrackPointExtension>
            <ns3:hr>145</ns3:hr>
            <ns3:cad>86</ns3:cad>
          </ns3:TrackPointExtension>
        </extensions>
      </trkpt>
      <trkpt lat="31.21643557213246822357177734375" lon="121.3847447745501995086669921875">
        <ele>12.6000003814697265625</ele>
        <time>2026-08-25T11:18:36.000Z</time>
        <extensions>
          <ns3:TrackPointExtension>
            <ns3:hr>145</ns3:hr>
            <ns3:cad>86</ns3:cad>
          </ns3:TrackPointExtension>
        </extensions>
      </trkpt>
      <trkpt lat="31.21643205173313617706298828125" lon="121.38477738015353679656982421875">
        <ele>12.6000003814697265625</ele>
        <time>2026-08-25T11:18:37.000Z</time>
        <extensions>
          <ns3:TrackPointExtension>
            <ns3:hr>146</ns3:hr>
            <ns3:cad>89</ns3:cad>
          </ns3:TrackPointExtension>
        </extensions>
      </trkpt>
      <trkpt lat="31.2164250947535037994384765625" lon="121.3848021067678928375244140625">
        <ele>12.6000003814697265625</ele>
        <time>2026-08-25T11:18:38.000Z</time>
        <extensions>
          <ns3:TrackPointExtension>
            <ns3:hr>146</ns3:hr>
            <ns3:cad>89</ns3:cad>
          </ns3:TrackPointExtension>
        </extensions>
      </trkpt>
      <trkpt lat="31.2164214067161083221435546875" lon="121.384833119809627532958984375">
        <ele>12.6000003814697265625</ele>
        <time>2026-08-25T11:18:39.000Z</time>
        <extensions>
          <ns3:TrackPointExtension>
            <ns3:hr>147</ns3:hr>
            <ns3:cad>88</ns3:cad>
          </ns3:TrackPointExtension>
        </extensions>
      </trkpt>
      <trkpt lat="31.2164143659174442291259765625" lon="121.38485558331012725830078125">
        <ele>12.6000003814697265625</ele>
        <time>2026-08-25T11:18:40.000Z</time>
        <extensions>
          <ns3:TrackPointExtension>
            <ns3:hr>147</ns3:hr>
            <ns3:cad>88</ns3:cad>
          </ns3:TrackPointExtension>
        </extensions>
      </trkpt>
      <trkpt lat="31.21641193516552448272705078125" lon="121.38487779535353183746337890625">
        <ele>12.6000003814697265625</ele>
        <time>2026-08-25T11:18:41.000Z</time>
        <extensions>
          <ns3:TrackPointExtension>
            <ns3:hr>147</ns3:hr>
            <ns3:cad>88</ns3:cad>
          </ns3:TrackPointExtension>
        </extensions>
      </trkpt>
      <trkpt lat="31.21640791185200214385986328125" lon="121.3849013485014438629150390625">
        <ele>12.6000003814697265625</ele>
        <time>2026-08-25T11:18:42.000Z</time>
        <extensions>
          <ns3:TrackPointExtension>
            <ns3:hr>148</ns3:hr>
            <ns3:cad>89</ns3:cad>
          </ns3:TrackPointExtension>
        </extensions>
      </trkpt>
      <trkpt lat="31.2164019607007503509521484375" lon="121.38492674566805362701416015625">
        <ele>12.80000019073486328125</ele>
        <time>2026-08-25T11:18:43.000Z</time>
        <extensions>
          <ns3:TrackPointExtension>
            <ns3:hr>148</ns3:hr>
            <ns3:cad>90</ns3:cad>
          </ns3:TrackPointExtension>
        </extensions>
      </trkpt>
      <trkpt lat="31.21639852412045001983642578125" lon="121.38495021499693393707275390625">
        <ele>12.80000019073486328125</ele>
        <time>2026-08-25T11:18:44.000Z</time>
        <extensions>
          <ns3:TrackPointExtension>
            <ns3:hr>148</ns3:hr>
            <ns3:cad>90</ns3:cad>
          </ns3:TrackPointExtension>
        </extensions>
      </trkpt>
      <trkpt lat="31.2163929082453250885009765625" lon="121.3849798031151294708251953125">
        <ele>12.80000019073486328125</ele>
        <time>2026-08-25T11:18:45.000Z</time>
        <extensions>
          <ns3:TrackPointExtension>
            <ns3:hr>148</ns3:hr>
            <ns3:cad>90</ns3:cad>
          </ns3:TrackPointExtension>
        </extensions>
      </trkpt>
      <trkpt lat="31.2163868732750415802001953125" lon="121.38500670902431011199951171875">
        <ele>13</ele>
        <time>2026-08-25T11:18:46.000Z</time>
        <extensions>
          <ns3:TrackPointExtension>
            <ns3:hr>148</ns3:hr>
            <ns3:cad>88</ns3:cad>
          </ns3:TrackPointExtension>
        </extensions>
      </trkpt>
      <trkpt lat="31.21638176031410694122314453125" lon="121.38502866961061954498291015625">
        <ele>13</ele>
        <time>2026-08-25T11:18:47.000Z</time>
        <extensions>
          <ns3:TrackPointExtension>
            <ns3:hr>148</ns3:hr>
            <ns3:cad>88</ns3:cad>
          </ns3:TrackPointExtension>
        </extensions>
      </trkpt>
      <trkpt lat="31.216373629868030548095703125" lon="121.385058425366878509521484375">
        <ele>13</ele>
        <time>2026-08-25T11:18:48.000Z</time>
        <extensions>
          <ns3:TrackPointExtension>
            <ns3:hr>147</ns3:hr>
            <ns3:cad>88</ns3:cad>
          </ns3:TrackPointExtension>
        </extensions>
      </trkpt>
      <trkpt lat="31.2163677625358104705810546875" lon="121.38508759438991546630859375">
        <ele>13</ele>
        <time>2026-08-25T11:18:49.000Z</time>
        <extensions>
          <ns3:TrackPointExtension>
            <ns3:hr>147</ns3:hr>
            <ns3:cad>88</ns3:cad>
          </ns3:TrackPointExtension>
        </extensions>
      </trkpt>
      <trkpt lat="31.21636583469808101654052734375" lon="121.385114751756191253662109375">
        <ele>13.19999980926513671875</ele>
        <time>2026-08-25T11:18:50.000Z</time>
        <extensions>
          <ns3:TrackPointExtension>
            <ns3:hr>147</ns3:hr>
            <ns3:cad>90</ns3:cad>
          </ns3:TrackPointExtension>
        </extensions>
      </trkpt>
      <trkpt lat="31.216360218822956085205078125" lon="121.38514702208340167999267578125">
        <ele>13.19999980926513671875</ele>
        <time>2026-08-25T11:18:51.000Z</time>
        <extensions>
          <ns3:TrackPointExtension>
            <ns3:hr>147</ns3:hr>
            <ns3:cad>90</ns3:cad>
          </ns3:TrackPointExtension>
        </extensions>
      </trkpt>
      <trkpt lat="31.21635292656719684600830078125" lon="121.385169737040996551513671875">
        <ele>13.19999980926513671875</ele>
        <time>2026-08-25T11:18:52.000Z</time>
        <extensions>
          <ns3:TrackPointExtension>
            <ns3:hr>147</ns3:hr>
            <ns3:cad>89</ns3:cad>
          </ns3:TrackPointExtension>
        </extensions>
      </trkpt>
      <trkpt lat="31.21634689159691333770751953125" lon="121.3851930387318134307861328125">
        <ele>13.19999980926513671875</ele>
        <time>2026-08-25T11:18:53.000Z</time>
        <extensions>
          <ns3:TrackPointExtension>
            <ns3:hr>147</ns3:hr>
            <ns3:cad>88</ns3:cad>
          </ns3:TrackPointExtension>
        </extensions>
      </trkpt>
      <trkpt lat="31.2163411080837249755859375" lon="121.38522078283131122589111328125">
        <ele>13.19999980926513671875</ele>
        <time>2026-08-25T11:18:54.000Z</time>
        <extensions>
          <ns3:TrackPointExtension>
            <ns3:hr>147</ns3:hr>
            <ns3:cad>88</ns3:cad>
          </ns3:TrackPointExtension>
        </extensions>
      </trkpt>
      <trkpt lat="31.21633985079824924468994140625" lon="121.38524048030376434326171875">
        <ele>13.19999980926513671875</ele>
        <time>2026-08-25T11:18:55.000Z</time>
        <extensions>
          <ns3:TrackPointExtension>
            <ns3:hr>146</ns3:hr>
            <ns3:cad>88</ns3:cad>
          </ns3:TrackPointExtension>
        </extensions>
      </trkpt>
      <trkpt lat="31.216334737837314605712890625" lon="121.38527040369808673858642578125">
        <ele>13</ele>
        <time>2026-08-25T11:18:56.000Z</time>
        <extensions>
          <ns3:TrackPointExtension>
            <ns3:hr>146</ns3:hr>
            <ns3:cad>90</ns3:cad>
          </ns3:TrackPointExtension>
        </extensions>
      </trkpt>
      <trkpt lat="31.21633180417120456695556640625" lon="121.38529546558856964111328125">
        <ele>13</ele>
        <time>2026-08-25T11:18:57.000Z</time>
        <extensions>
          <ns3:TrackPointExtension>
            <ns3:hr>145</ns3:hr>
            <ns3:cad>90</ns3:cad>
          </ns3:TrackPointExtension>
        </extensions>
      </trkpt>
      <trkpt lat="31.216326020658016204833984375" lon="121.38532404787838459014892578125">
        <ele>12.80000019073486328125</ele>
        <time>2026-08-25T11:18:58.000Z</time>
        <extensions>
          <ns3:TrackPointExtension>
            <ns3:hr>145</ns3:hr>
            <ns3:cad>89</ns3:cad>
          </ns3:TrackPointExtension>
        </extensions>
      </trkpt>
      <trkpt lat="31.21632023714482784271240234375" lon="121.38534584082663059234619140625">
        <ele>12.80000019073486328125</ele>
        <time>2026-08-25T11:18:59.000Z</time>
        <extensions>
          <ns3:TrackPointExtension>
            <ns3:hr>145</ns3:hr>
            <ns3:cad>88</ns3:cad>
          </ns3:TrackPointExtension>
        </extensions>
      </trkpt>
      <trkpt lat="31.216313280165195465087890625" lon="121.38537484221160411834716796875">
        <ele>12.80000019073486328125</ele>
        <time>2026-08-25T11:19:00.000Z</time>
        <extensions>
          <ns3:TrackPointExtension>
            <ns3:hr>145</ns3:hr>
            <ns3:cad>88</ns3:cad>
          </ns3:TrackPointExtension>
        </extensions>
      </trkpt>
      <trkpt lat="31.21631319634616374969482421875" lon="121.3853982277214527130126953125">
        <ele>12.80000019073486328125</ele>
        <time>2026-08-25T11:19:01.000Z</time>
        <extensions>
          <ns3:TrackPointExtension>
            <ns3:hr>145</ns3:hr>
            <ns3:cad>88</ns3:cad>
          </ns3:TrackPointExtension>
        </extensions>
      </trkpt>
      <trkpt lat="31.21630816720426082611083984375" lon="121.38542530126869678497314453125">
        <ele>12.80000019073486328125</ele>
        <time>2026-08-25T11:19:02.000Z</time>
        <extensions>
          <ns3:TrackPointExtension>
            <ns3:hr>145</ns3:hr>
            <ns3:cad>89</ns3:cad>
          </ns3:TrackPointExtension>
        </extensions>
      </trkpt>
      <trkpt lat="31.21630397625267505645751953125" lon="121.385446675121784210205078125">
        <ele>12.80000019073486328125</ele>
        <time>2026-08-25T11:19:03.000Z</time>
        <extensions>
          <ns3:TrackPointExtension>
            <ns3:hr>145</ns3:hr>
            <ns3:cad>89</ns3:cad>
          </ns3:TrackPointExtension>
        </extensions>
      </trkpt>
      <trkpt lat="31.21629743836820125579833984375" lon="121.38547919690608978271484375">
        <ele>13</ele>
        <time>2026-08-25T11:19:04.000Z</time>
        <extensions>
          <ns3:TrackPointExtension>
            <ns3:hr>144</ns3:hr>
            <ns3:cad>88</ns3:cad>
          </ns3:TrackPointExtension>
        </extensions>
      </trkpt>
      <trkpt lat="31.2162889726459980010986328125" lon="121.385503672063350677490234375">
        <ele>13</ele>
        <time>2026-08-25T11:19:05.000Z</time>
        <extensions>
          <ns3:TrackPointExtension>
            <ns3:hr>144</ns3:hr>
            <ns3:cad>87</ns3:cad>
          </ns3:TrackPointExtension>
        </extensions>
      </trkpt>
      <trkpt lat="31.21628545224666595458984375" lon="121.3855330087244510650634765625">
        <ele>13</ele>
        <time>2026-08-25T11:19:06.000Z</time>
        <extensions>
          <ns3:TrackPointExtension>
            <ns3:hr>144</ns3:hr>
            <ns3:cad>87</ns3:cad>
          </ns3:TrackPointExtension>
        </extensions>
      </trkpt>
      <trkpt lat="31.21627933345735073089599609375" lon="121.3855588249862194061279296875">
        <ele>13.19999980926513671875</ele>
        <time>2026-08-25T11:19:07.000Z</time>
        <extensions>
          <ns3:TrackPointExtension>
            <ns3:hr>144</ns3:hr>
            <ns3:cad>87</ns3:cad>
          </ns3:TrackPointExtension>
        </extensions>
      </trkpt>
      <trkpt lat="31.216275729238986968994140625" lon="121.38559109531342983245849609375">
        <ele>13.19999980926513671875</ele>
        <time>2026-08-25T11:19:08.000Z</time>
        <extensions>
          <ns3:TrackPointExtension>
            <ns3:hr>144</ns3:hr>
            <ns3:cad>88</ns3:cad>
          </ns3:TrackPointExtension>
        </extensions>
      </trkpt>
      <trkpt lat="31.21627111919224262237548828125" lon="121.38561657629907131195068359375">
        <ele>13.19999980926513671875</ele>
        <time>2026-08-25T11:19:09.000Z</time>
        <extensions>
          <ns3:TrackPointExtension>
            <ns3:hr>143</ns3:hr>
            <ns3:cad>88</ns3:cad>
          </ns3:TrackPointExtension>
        </extensions>
      </trkpt>
      <trkpt lat="31.21626609005033969879150390625" lon="121.38564557768404483795166015625">
        <ele>13.19999980926513671875</ele>
        <time>2026-08-25T11:19:10.000Z</time>
        <extensions>
          <ns3:TrackPointExtension>
            <ns3:hr>143</ns3:hr>
            <ns3:cad>88</ns3:cad>
          </ns3:TrackPointExtension>
        </extensions>
      </trkpt>
      <trkpt lat="31.21625837869942188262939453125" lon="121.38566904701292514801025390625">
        <ele>13.19999980926513671875</ele>
        <time>2026-08-25T11:19:11.000Z</time>
        <extensions>
          <ns3:TrackPointExtension>
            <ns3:hr>143</ns3:hr>
            <ns3:cad>88</ns3:cad>
          </ns3:TrackPointExtension>
        </extensions>
      </trkpt>
      <trkpt lat="31.2162554450333118438720703125" lon="121.38568975031375885009765625">
        <ele>13.19999980926513671875</ele>
        <time>2026-08-25T11:19:12.000Z</time>
        <extensions>
          <ns3:TrackPointExtension>
            <ns3:hr>143</ns3:hr>
            <ns3:cad>88</ns3:cad>
          </ns3:TrackPointExtension>
        </extensions>
      </trkpt>
      <trkpt lat="31.21624362654983997344970703125" lon="121.3857221044600009918212890625">
        <ele>13</ele>
        <time>2026-08-25T11:19:13.000Z</time>
        <extensions>
          <ns3:TrackPointExtension>
            <ns3:hr>143</ns3:hr>
            <ns3:cad>88</ns3:cad>
          </ns3:TrackPointExtension>
        </extensions>
      </trkpt>
      <trkpt lat="31.2162383459508419036865234375" lon="121.38574884273111820220947265625">
        <ele>13</ele>
        <time>2026-08-25T11:19:14.000Z</time>
        <extensions>
          <ns3:TrackPointExtension>
            <ns3:hr>143</ns3:hr>
            <ns3:cad>88</ns3:cad>
          </ns3:TrackPointExtension>
        </extensions>
      </trkpt>
      <trkpt lat="31.21623306535184383392333984375" lon="121.38578094542026519775390625">
        <ele>13</ele>
        <time>2026-08-25T11:19:15.000Z</time>
        <extensions>
          <ns3:TrackPointExtension>
            <ns3:hr>142</ns3:hr>
            <ns3:cad>89</ns3:cad>
          </ns3:TrackPointExtension>
        </extensions>
      </trkpt>
      <trkpt lat="31.216230131685733795166015625" lon="121.38580298982560634613037109375">
        <ele>12.80000019073486328125</ele>
        <time>2026-08-25T11:19:16.000Z</time>
        <extensions>
          <ns3:TrackPointExtension>
            <ns3:hr>143</ns3:hr>
            <ns3:cad>89</ns3:cad>
          </ns3:TrackPointExtension>
        </extensions>
      </trkpt>
      <trkpt lat="31.2162257730960845947265625" lon="121.38582595624029636383056640625">
        <ele>12.80000019073486328125</ele>
        <time>2026-08-25T11:19:17.000Z</time>
        <extensions>
          <ns3:TrackPointExtension>
            <ns3:hr>142</ns3:hr>
            <ns3:cad>88</ns3:cad>
          </ns3:TrackPointExtension>
        </extensions>
      </trkpt>
      <trkpt lat="31.21622485108673572540283203125" lon="121.3858511857688426971435546875">
        <ele>12.6000003814697265625</ele>
        <time>2026-08-25T11:19:18.000Z</time>
        <extensions>
          <ns3:TrackPointExtension>
            <ns3:hr>142</ns3:hr>
            <ns3:cad>88</ns3:cad>
          </ns3:TrackPointExtension>
        </extensions>
      </trkpt>
      <trkpt lat="31.21621512807905673980712890625" lon="121.385886557400226593017578125">
        <ele>12.6000003814697265625</ele>
        <time>2026-08-25T11:19:19.000Z</time>
        <extensions>
          <ns3:TrackPointExtension>
            <ns3:hr>142</ns3:hr>
            <ns3:cad>88</ns3:cad>
          </ns3:TrackPointExtension>
        </extensions>
      </trkpt>
      <trkpt lat="31.21621144004166126251220703125" lon="121.3859138824045658111572265625">
        <ele>12.80000019073486328125</ele>
        <time>2026-08-25T11:19:20.000Z</time>
        <extensions>
          <ns3:TrackPointExtension>
            <ns3:hr>142</ns3:hr>
            <ns3:cad>88</ns3:cad>
          </ns3:TrackPointExtension>
        </extensions>
      </trkpt>
      <trkpt lat="31.21620574034750461578369140625" lon="121.38595369644463062286376953125">
        <ele>13</ele>
        <time>2026-08-25T11:19:21.000Z</time>
        <extensions>
          <ns3:TrackPointExtension>
            <ns3:hr>143</ns3:hr>
            <ns3:cad>89</ns3:cad>
          </ns3:TrackPointExtension>
        </extensions>
      </trkpt>
      <trkpt lat="31.21620221994817256927490234375" lon="121.385979764163494110107421875">
        <ele>12.80000019073486328125</ele>
        <time>2026-08-25T11:19:22.000Z</time>
        <extensions>
          <ns3:TrackPointExtension>
            <ns3:hr>142</ns3:hr>
            <ns3:cad>89</ns3:cad>
          </ns3:TrackPointExtension>
        </extensions>
      </trkpt>
      <trkpt lat="31.21619693934917449951171875" lon="121.38601697981357574462890625">
        <ele>12.80000019073486328125</ele>
        <time>2026-08-25T11:19:23.000Z</time>
        <extensions>
          <ns3:TrackPointExtension>
            <ns3:hr>142</ns3:hr>
            <ns3:cad>88</ns3:cad>
          </ns3:TrackPointExtension>
        </extensions>
      </trkpt>
      <trkpt lat="31.21619383804500102996826171875" lon="121.3860389403998851776123046875">
        <ele>12.6000003814697265625</ele>
        <time>2026-08-25T11:19:24.000Z</time>
        <extensions>
          <ns3:TrackPointExtension>
            <ns3:hr>143</ns3:hr>
            <ns3:cad>87</ns3:cad>
          </ns3:TrackPointExtension>
        </extensions>
      </trkpt>
      <trkpt lat="31.21619082055985927581787109375" lon="121.38606316410005092620849609375">
        <ele>12.3999996185302734375</ele>
        <time>2026-08-25T11:19:25.000Z</time>
        <extensions>
          <ns3:TrackPointExtension>
            <ns3:hr>142</ns3:hr>
            <ns3:cad>87</ns3:cad>
          </ns3:TrackPointExtension>
        </extensions>
      </trkpt>
      <trkpt lat="31.21618361212313175201416015625" lon="121.38608445413410663604736328125">
        <ele>12.3999996185302734375</ele>
        <time>2026-08-25T11:19:26.000Z</time>
        <extensions>
          <ns3:TrackPointExtension>
            <ns3:hr>142</ns3:hr>
            <ns3:cad>88</ns3:cad>
          </ns3:TrackPointExtension>
        </extensions>
      </trkpt>
      <trkpt lat="31.2161739729344844818115234375" lon="121.386114545166492462158203125">
        <ele>12.6000003814697265625</ele>
        <time>2026-08-25T11:19:27.000Z</time>
        <extensions>
          <ns3:TrackPointExtension>
            <ns3:hr>143</ns3:hr>
            <ns3:cad>89</ns3:cad>
          </ns3:TrackPointExtension>
        </extensions>
      </trkpt>
      <trkpt lat="31.216165758669376373291015625" lon="121.38613357208669185638427734375">
        <ele>12.6000003814697265625</ele>
        <time>2026-08-25T11:19:28.000Z</time>
        <extensions>
          <ns3:TrackPointExtension>
            <ns3:hr>143</ns3:hr>
            <ns3:cad>89</ns3:cad>
          </ns3:TrackPointExtension>
        </extensions>
      </trkpt>
      <trkpt lat="31.2161595560610294342041015625" lon="121.38616190291941165924072265625">
        <ele>12.6000003814697265625</ele>
        <time>2026-08-25T11:19:29.000Z</time>
        <extensions>
          <ns3:TrackPointExtension>
            <ns3:hr>143</ns3:hr>
            <ns3:cad>88</ns3:cad>
          </ns3:TrackPointExtension>
        </extensions>
      </trkpt>
      <trkpt lat="31.2161518447101116180419921875" lon="121.38618185184895992279052734375">
        <ele>12.6000003814697265625</ele>
        <time>2026-08-25T11:19:30.000Z</time>
        <extensions>
          <ns3:TrackPointExtension>
            <ns3:hr>144</ns3:hr>
            <ns3:cad>88</ns3:cad>
          </ns3:TrackPointExtension>
        </extensions>
      </trkpt>
      <trkpt lat="31.216146312654018402099609375" lon="121.38621143996715545654296875">
        <ele>12.6000003814697265625</ele>
        <time>2026-08-25T11:19:31.000Z</time>
        <extensions>
          <ns3:TrackPointExtension>
            <ns3:hr>144</ns3:hr>
            <ns3:cad>88</ns3:cad>
          </ns3:TrackPointExtension>
        </extensions>
      </trkpt>
      <trkpt lat="31.2161421217024326324462890625" lon="121.3862350769340991973876953125">
        <ele>12.3999996185302734375</ele>
        <time>2026-08-25T11:19:32.000Z</time>
        <extensions>
          <ns3:TrackPointExtension>
            <ns3:hr>144</ns3:hr>
            <ns3:cad>88</ns3:cad>
          </ns3:TrackPointExtension>
        </extensions>
      </trkpt>
      <trkpt lat="31.21614002622663974761962890625" lon="121.38626399450004100799560546875">
        <ele>12.3999996185302734375</ele>
        <time>2026-08-25T11:19:33.000Z</time>
        <extensions>
          <ns3:TrackPointExtension>
            <ns3:hr>145</ns3:hr>
            <ns3:cad>88</ns3:cad>
          </ns3:TrackPointExtension>
        </extensions>
      </trkpt>
      <trkpt lat="31.21612946502864360809326171875" lon="121.38628779910504817962646484375">
        <ele>12.3999996185302734375</ele>
        <time>2026-08-25T11:19:34.000Z</time>
        <extensions>
          <ns3:TrackPointExtension>
            <ns3:hr>145</ns3:hr>
            <ns3:cad>88</ns3:cad>
          </ns3:TrackPointExtension>
        </extensions>
      </trkpt>
      <trkpt lat="31.21612343005836009979248046875" lon="121.3863135315477848052978515625">
        <ele>12.6000003814697265625</ele>
        <time>2026-08-25T11:19:35.000Z</time>
        <extensions>
          <ns3:TrackPointExtension>
            <ns3:hr>145</ns3:hr>
            <ns3:cad>88</ns3:cad>
          </ns3:TrackPointExtension>
        </extensions>
      </trkpt>
      <trkpt lat="31.21611773036420345306396484375" lon="121.38634420931339263916015625">
        <ele>12.6000003814697265625</ele>
        <time>2026-08-25T11:19:36.000Z</time>
        <extensions>
          <ns3:TrackPointExtension>
            <ns3:hr>145</ns3:hr>
            <ns3:cad>88</ns3:cad>
          </ns3:TrackPointExtension>
        </extensions>
      </trkpt>
      <trkpt lat="31.216118149459362030029296875" lon="121.3863738812506198883056640625">
        <ele>12.6000003814697265625</ele>
        <time>2026-08-25T11:19:37.000Z</time>
        <extensions>
          <ns3:TrackPointExtension>
            <ns3:hr>145</ns3:hr>
            <ns3:cad>88</ns3:cad>
          </ns3:TrackPointExtension>
        </extensions>
      </trkpt>
      <trkpt lat="31.21611370705068111419677734375" lon="121.38640866614878177642822265625">
        <ele>12.6000003814697265625</ele>
        <time>2026-08-25T11:19:38.000Z</time>
        <extensions>
          <ns3:TrackPointExtension>
            <ns3:hr>146</ns3:hr>
            <ns3:cad>88</ns3:cad>
          </ns3:TrackPointExtension>
        </extensions>
      </trkpt>
      <trkpt lat="31.216115467250347137451171875" lon="121.3864389248192310333251953125">
        <ele>12.6000003814697265625</ele>
        <time>2026-08-25T11:19:39.000Z</time>
        <extensions>
          <ns3:TrackPointExtension>
            <ns3:hr>145</ns3:hr>
            <ns3:cad>88</ns3:cad>
          </ns3:TrackPointExtension>
        </extensions>
      </trkpt>
      <trkpt lat="31.216107420623302459716796875" lon="121.386462561786174774169921875">
        <ele>12.6000003814697265625</ele>
        <time>2026-08-25T11:19:40.000Z</time>
        <extensions>
          <ns3:TrackPointExtension>
            <ns3:hr>145</ns3:hr>
            <ns3:cad>89</ns3:cad>
          </ns3:TrackPointExtension>
        </extensions>
      </trkpt>
      <trkpt lat="31.21610348112881183624267578125" lon="121.38648326508700847625732421875">
        <ele>12.6000003814697265625</ele>
        <time>2026-08-25T11:19:41.000Z</time>
        <extensions>
          <ns3:TrackPointExtension>
            <ns3:hr>146</ns3:hr>
            <ns3:cad>89</ns3:cad>
          </ns3:TrackPointExtension>
        </extensions>
      </trkpt>
      <trkpt lat="31.2160958535969257354736328125" lon="121.3865096680819988250732421875">
        <ele>12.80000019073486328125</ele>
        <time>2026-08-25T11:19:42.000Z</time>
        <extensions>
          <ns3:TrackPointExtension>
            <ns3:hr>146</ns3:hr>
            <ns3:cad>88</ns3:cad>
          </ns3:TrackPointExtension>
        </extensions>
      </trkpt>
      <trkpt lat="31.2160925008356571197509765625" lon="121.386532299220561981201171875">
        <ele>12.80000019073486328125</ele>
        <time>2026-08-25T11:19:43.000Z</time>
        <extensions>
          <ns3:TrackPointExtension>
            <ns3:hr>146</ns3:hr>
            <ns3:cad>88</ns3:cad>
          </ns3:TrackPointExtension>
        </extensions>
      </trkpt>
      <trkpt lat="31.21608135290443897247314453125" lon="121.3865626417100429534912109375">
        <ele>12.80000019073486328125</ele>
        <time>2026-08-25T11:19:44.000Z</time>
        <extensions>
          <ns3:TrackPointExtension>
            <ns3:hr>146</ns3:hr>
            <ns3:cad>88</ns3:cad>
          </ns3:TrackPointExtension>
        </extensions>
      </trkpt>
      <trkpt lat="31.21607447974383831024169921875" lon="121.38658200390636920928955078125">
        <ele>12.80000019073486328125</ele>
        <time>2026-08-25T11:19:45.000Z</time>
        <extensions>
          <ns3:TrackPointExtension>
            <ns3:hr>145</ns3:hr>
            <ns3:cad>88</ns3:cad>
          </ns3:TrackPointExtension>
        </extensions>
      </trkpt>
      <trkpt lat="31.21606542728841304779052734375" lon="121.38661435805261135101318359375">
        <ele>12.80000019073486328125</ele>
        <time>2026-08-25T11:19:46.000Z</time>
        <extensions>
          <ns3:TrackPointExtension>
            <ns3:hr>145</ns3:hr>
            <ns3:cad>89</ns3:cad>
          </ns3:TrackPointExtension>
        </extensions>
      </trkpt>
      <trkpt lat="31.2160593084990978240966796875" lon="121.38663682155311107635498046875">
        <ele>12.80000019073486328125</ele>
        <time>2026-08-25T11:19:47.000Z</time>
        <extensions>
          <ns3:TrackPointExtension>
            <ns3:hr>145</ns3:hr>
            <ns3:cad>89</ns3:cad>
          </ns3:TrackPointExtension>
        </extensions>
      </trkpt>
      <trkpt lat="31.2160502560436725616455078125" lon="121.38666875660419464111328125">
        <ele>12.80000019073486328125</ele>
        <time>2026-08-25T11:19:48.000Z</time>
        <extensions>
          <ns3:TrackPointExtension>
            <ns3:hr>145</ns3:hr>
            <ns3:cad>88</ns3:cad>
          </ns3:TrackPointExtension>
        </extensions>
      </trkpt>
      <trkpt lat="31.21604514308273792266845703125" lon="121.38668954372406005859375">
        <ele>12.80000019073486328125</ele>
        <time>2026-08-25T11:19:49.000Z</time>
        <extensions>
          <ns3:TrackPointExtension>
            <ns3:hr>146</ns3:hr>
            <ns3:cad>87</ns3:cad>
          </ns3:TrackPointExtension>
        </extensions>
      </trkpt>
      <trkpt lat="31.21603709645569324493408203125" lon="121.38671946711838245391845703125">
        <ele>12.6000003814697265625</ele>
        <time>2026-08-25T11:19:50.000Z</time>
        <extensions>
          <ns3:TrackPointExtension>
            <ns3:hr>145</ns3:hr>
            <ns3:cad>87</ns3:cad>
          </ns3:TrackPointExtension>
        </extensions>
      </trkpt>
      <trkpt lat="31.21603466570377349853515625" lon="121.38674444518983364105224609375">
        <ele>12.6000003814697265625</ele>
        <time>2026-08-25T11:19:51.000Z</time>
        <extensions>
          <ns3:TrackPointExtension>
            <ns3:hr>146</ns3:hr>
            <ns3:cad>90</ns3:cad>
          </ns3:TrackPointExtension>
        </extensions>
      </trkpt>
      <trkpt lat="31.21602930128574371337890625" lon="121.38677529059350490570068359375">
        <ele>12.6000003814697265625</ele>
        <time>2026-08-25T11:19:52.000Z</time>
        <extensions>
          <ns3:TrackPointExtension>
            <ns3:hr>146</ns3:hr>
            <ns3:cad>90</ns3:cad>
          </ns3:TrackPointExtension>
        </extensions>
      </trkpt>
      <trkpt lat="31.2160246074199676513671875" lon="121.3868010230362415313720703125">
        <ele>12.80000019073486328125</ele>
        <time>2026-08-25T11:19:53.000Z</time>
        <extensions>
          <ns3:TrackPointExtension>
            <ns3:hr>146</ns3:hr>
            <ns3:cad>89</ns3:cad>
          </ns3:TrackPointExtension>
        </extensions>
      </trkpt>
      <trkpt lat="31.2160261161625385284423828125" lon="121.38682432472705841064453125">
        <ele>12.6000003814697265625</ele>
        <time>2026-08-25T11:19:54.000Z</time>
        <extensions>
          <ns3:TrackPointExtension>
            <ns3:hr>145</ns3:hr>
            <ns3:cad>88</ns3:cad>
          </ns3:TrackPointExtension>
        </extensions>
      </trkpt>
      <trkpt lat="31.2160230986773967742919921875" lon="121.386849470436573028564453125">
        <ele>12.6000003814697265625</ele>
        <time>2026-08-25T11:19:55.000Z</time>
        <extensions>
          <ns3:TrackPointExtension>
            <ns3:hr>146</ns3:hr>
            <ns3:cad>87</ns3:cad>
          </ns3:TrackPointExtension>
        </extensions>
      </trkpt>
      <trkpt lat="31.21601714752614498138427734375" lon="121.38687117956578731536865234375">
        <ele>12.6000003814697265625</ele>
        <time>2026-08-25T11:19:56.000Z</time>
        <extensions>
          <ns3:TrackPointExtension>
            <ns3:hr>146</ns3:hr>
            <ns3:cad>87</ns3:cad>
          </ns3:TrackPointExtension>
        </extensions>
      </trkpt>
      <trkpt lat="31.2160093523561954498291015625" lon="121.38689984567463397979736328125">
        <ele>12.6000003814697265625</ele>
        <time>2026-08-25T11:19:57.000Z</time>
        <extensions>
          <ns3:TrackPointExtension>
            <ns3:hr>145</ns3:hr>
            <ns3:cad>89</ns3:cad>
          </ns3:TrackPointExtension>
        </extensions>
      </trkpt>
      <trkpt lat="31.21600105427205562591552734375" lon="121.3869202136993408203125">
        <ele>12.6000003814697265625</ele>
        <time>2026-08-25T11:19:58.000Z</time>
        <extensions>
          <ns3:TrackPointExtension>
            <ns3:hr>146</ns3:hr>
            <ns3:cad>89</ns3:cad>
          </ns3:TrackPointExtension>
        </extensions>
      </trkpt>
      <trkpt lat="31.2159932591021060943603515625" lon="121.386949717998504638671875">
        <ele>12.6000003814697265625</ele>
        <time>2026-08-25T11:19:59.000Z</time>
        <extensions>
          <ns3:TrackPointExtension>
            <ns3:hr>146</ns3:hr>
            <ns3:cad>88</ns3:cad>
          </ns3:TrackPointExtension>
        </extensions>
      </trkpt>
      <trkpt lat="31.2159912474453449249267578125" lon="121.38697209767997264862060546875">
        <ele>12.6000003814697265625</ele>
        <time>2026-08-25T11:20:00.000Z</time>
        <extensions>
          <ns3:TrackPointExtension>
            <ns3:hr>146</ns3:hr>
            <ns3:cad>88</ns3:cad>
          </ns3:TrackPointExtension>
        </extensions>
      </trkpt>
      <trkpt lat="31.2159825302660465240478515625" lon="121.387003026902675628662109375">
        <ele>12.6000003814697265625</ele>
        <time>2026-08-25T11:20:01.000Z</time>
        <extensions>
          <ns3:TrackPointExtension>
            <ns3:hr>146</ns3:hr>
            <ns3:cad>87</ns3:cad>
          </ns3:TrackPointExtension>
        </extensions>
      </trkpt>
      <trkpt lat="31.2159758247435092926025390625" lon="121.38702155090868473052978515625">
        <ele>12.6000003814697265625</ele>
        <time>2026-08-25T11:20:02.000Z</time>
        <extensions>
          <ns3:TrackPointExtension>
            <ns3:hr>147</ns3:hr>
            <ns3:cad>87</ns3:cad>
          </ns3:TrackPointExtension>
        </extensions>
      </trkpt>
      <trkpt lat="31.2159669399261474609375" lon="121.3870471157133579254150390625">
        <ele>12.6000003814697265625</ele>
        <time>2026-08-25T11:20:03.000Z</time>
        <extensions>
          <ns3:TrackPointExtension>
            <ns3:hr>147</ns3:hr>
            <ns3:cad>88</ns3:cad>
          </ns3:TrackPointExtension>
        </extensions>
      </trkpt>
      <trkpt lat="31.2159650959074497222900390625" lon="121.3870715908706188201904296875">
        <ele>12.80000019073486328125</ele>
        <time>2026-08-25T11:20:04.000Z</time>
        <extensions>
          <ns3:TrackPointExtension>
            <ns3:hr>147</ns3:hr>
            <ns3:cad>89</ns3:cad>
          </ns3:TrackPointExtension>
        </extensions>
      </trkpt>
      <trkpt lat="31.21596534736454486846923828125" lon="121.38710503466427326202392578125">
        <ele>12.80000019073486328125</ele>
        <time>2026-08-25T11:20:05.000Z</time>
        <extensions>
          <ns3:TrackPointExtension>
            <ns3:hr>147</ns3:hr>
            <ns3:cad>89</ns3:cad>
          </ns3:TrackPointExtension>
        </extensions>
      </trkpt>
      <trkpt lat="31.21596702374517917633056640625" lon="121.38713546097278594970703125">
        <ele>12.80000019073486328125</ele>
        <time>2026-08-25T11:20:06.000Z</time>
        <extensions>
          <ns3:TrackPointExtension>
            <ns3:hr>147</ns3:hr>
            <ns3:cad>88</ns3:cad>
          </ns3:TrackPointExtension>
        </extensions>
      </trkpt>
      <trkpt lat="31.21598077006638050079345703125" lon="121.38716706074774265289306640625">
        <ele>12.80000019073486328125</ele>
        <time>2026-08-25T11:20:07.000Z</time>
        <extensions>
          <ns3:TrackPointExtension>
            <ns3:hr>147</ns3:hr>
            <ns3:cad>87</ns3:cad>
          </ns3:TrackPointExtension>
        </extensions>
      </trkpt>
      <trkpt lat="31.21599401347339153289794921875" lon="121.3871939666569232940673828125">
        <ele>12.80000019073486328125</ele>
        <time>2026-08-25T11:20:08.000Z</time>
        <extensions>
          <ns3:TrackPointExtension>
            <ns3:hr>147</ns3:hr>
            <ns3:cad>87</ns3:cad>
          </ns3:TrackPointExtension>
        </extensions>
      </trkpt>
      <trkpt lat="31.21600943617522716522216796875" lon="121.38721316121518611907958984375">
        <ele>12.80000019073486328125</ele>
        <time>2026-08-25T11:20:09.000Z</time>
        <extensions>
          <ns3:TrackPointExtension>
            <ns3:hr>147</ns3:hr>
            <ns3:cad>87</ns3:cad>
          </ns3:TrackPointExtension>
        </extensions>
      </trkpt>
      <trkpt lat="31.21603039093315601348876953125" lon="121.38722875155508518218994140625">
        <ele>12.80000019073486328125</ele>
        <time>2026-08-25T11:20:10.000Z</time>
        <extensions>
          <ns3:TrackPointExtension>
            <ns3:hr>147</ns3:hr>
            <ns3:cad>87</ns3:cad>
          </ns3:TrackPointExtension>
        </extensions>
      </trkpt>
      <trkpt lat="31.216049082577228546142578125" lon="121.387240402400493621826171875">
        <ele>12.6000003814697265625</ele>
        <time>2026-08-25T11:20:11.000Z</time>
        <extensions>
          <ns3:TrackPointExtension>
            <ns3:hr>148</ns3:hr>
            <ns3:cad>88</ns3:cad>
          </ns3:TrackPointExtension>
        </extensions>
      </trkpt>
      <trkpt lat="31.21607397682964801788330078125" lon="121.3872492872178554534912109375">
        <ele>12.6000003814697265625</ele>
        <time>2026-08-25T11:20:12.000Z</time>
        <extensions>
          <ns3:TrackPointExtension>
            <ns3:hr>147</ns3:hr>
            <ns3:cad>88</ns3:cad>
          </ns3:TrackPointExtension>
        </extensions>
      </trkpt>
      <trkpt lat="31.21608939953148365020751953125" lon="121.3872595131397247314453125">
        <ele>12.3999996185302734375</ele>
        <time>2026-08-25T11:20:13.000Z</time>
        <extensions>
          <ns3:TrackPointExtension>
            <ns3:hr>147</ns3:hr>
            <ns3:cad>86</ns3:cad>
          </ns3:TrackPointExtension>
        </extensions>
      </trkpt>
      <trkpt lat="31.2161129526793956756591796875" lon="121.38727300800383090972900390625">
        <ele>12.3999996185302734375</ele>
        <time>2026-08-25T11:20:14.000Z</time>
        <extensions>
          <ns3:TrackPointExtension>
            <ns3:hr>147</ns3:hr>
            <ns3:cad>86</ns3:cad>
          </ns3:TrackPointExtension>
        </extensions>
      </trkpt>
      <trkpt lat="31.21613147668540477752685546875" lon="121.38728725723922252655029296875">
        <ele>12.3999996185302734375</ele>
        <time>2026-08-25T11:20:15.000Z</time>
        <extensions>
          <ns3:TrackPointExtension>
            <ns3:hr>147</ns3:hr>
            <ns3:cad>86</ns3:cad>
          </ns3:TrackPointExtension>
        </extensions>
      </trkpt>
      <trkpt lat="31.21614689938724040985107421875" lon="121.38730444014072418212890625">
        <ele>12.6000003814697265625</ele>
        <time>2026-08-25T11:20:16.000Z</time>
        <extensions>
          <ns3:TrackPointExtension>
            <ns3:hr>147</ns3:hr>
            <ns3:cad>87</ns3:cad>
          </ns3:TrackPointExtension>
        </extensions>
      </trkpt>
      <trkpt lat="31.2161605618894100189208984375" lon="121.387324221432209014892578125">
        <ele>12.6000003814697265625</ele>
        <time>2026-08-25T11:20:17.000Z</time>
        <extensions>
          <ns3:TrackPointExtension>
            <ns3:hr>147</ns3:hr>
            <ns3:cad>87</ns3:cad>
          </ns3:TrackPointExtension>
        </extensions>
      </trkpt>
      <trkpt lat="31.21617548167705535888671875" lon="121.38734023086726665496826171875">
        <ele>12.6000003814697265625</ele>
        <time>2026-08-25T11:20:18.000Z</time>
        <extensions>
          <ns3:TrackPointExtension>
            <ns3:hr>147</ns3:hr>
            <ns3:cad>87</ns3:cad>
          </ns3:TrackPointExtension>
        </extensions>
      </trkpt>
      <trkpt lat="31.21619182638823986053466796875" lon="121.3873532228171825408935546875">
        <ele>12.3999996185302734375</ele>
        <time>2026-08-25T11:20:19.000Z</time>
        <extensions>
          <ns3:TrackPointExtension>
            <ns3:hr>146</ns3:hr>
            <ns3:cad>87</ns3:cad>
          </ns3:TrackPointExtension>
        </extensions>
      </trkpt>
      <trkpt lat="31.21621839702129364013671875" lon="121.38736051507294178009033203125">
        <ele>12.3999996185302734375</ele>
        <time>2026-08-25T11:20:20.000Z</time>
        <extensions>
          <ns3:TrackPointExtension>
            <ns3:hr>146</ns3:hr>
            <ns3:cad>86</ns3:cad>
          </ns3:TrackPointExtension>
        </extensions>
      </trkpt>
      <trkpt lat="31.21624463237822055816650390625" lon="121.38736638240516185760498046875">
        <ele>12.3999996185302734375</ele>
        <time>2026-08-25T11:20:21.000Z</time>
        <extensions>
          <ns3:TrackPointExtension>
            <ns3:hr>146</ns3:hr>
            <ns3:cad>86</ns3:cad>
          </ns3:TrackPointExtension>
        </extensions>
      </trkpt>
      <trkpt lat="31.2162681855261325836181640625" lon="121.387367807328701019287109375">
        <ele>12.3999996185302734375</ele>
        <time>2026-08-25T11:20:22.000Z</time>
        <extensions>
          <ns3:TrackPointExtension>
            <ns3:hr>146</ns3:hr>
            <ns3:cad>87</ns3:cad>
          </ns3:TrackPointExtension>
        </extensions>
      </trkpt>
      <trkpt lat="31.21629224158823490142822265625" lon="121.3873760215938091278076171875">
        <ele>12.3999996185302734375</ele>
        <time>2026-08-25T11:20:23.000Z</time>
        <extensions>
          <ns3:TrackPointExtension>
            <ns3:hr>146</ns3:hr>
            <ns3:cad>88</ns3:cad>
          </ns3:TrackPointExtension>
        </extensions>
      </trkpt>
      <trkpt lat="31.21631093323230743408203125" lon="121.38738146983087062835693359375">
        <ele>12.3999996185302734375</ele>
        <time>2026-08-25T11:20:24.000Z</time>
        <extensions>
          <ns3:TrackPointExtension>
            <ns3:hr>146</ns3:hr>
            <ns3:cad>88</ns3:cad>
          </ns3:TrackPointExtension>
        </extensions>
      </trkpt>
      <trkpt lat="31.21633348055183887481689453125" lon="121.3873882591724395751953125">
        <ele>12.3999996185302734375</ele>
        <time>2026-08-25T11:20:25.000Z</time>
        <extensions>
          <ns3:TrackPointExtension>
            <ns3:hr>146</ns3:hr>
            <ns3:cad>88</ns3:cad>
          </ns3:TrackPointExtension>
        </extensions>
      </trkpt>
      <trkpt lat="31.2163516692817211151123046875" lon="121.38738851062953472137451171875">
        <ele>12.3999996185302734375</ele>
        <time>2026-08-25T11:20:26.000Z</time>
        <extensions>
          <ns3:TrackPointExtension>
            <ns3:hr>146</ns3:hr>
            <ns3:cad>88</ns3:cad>
          </ns3:TrackPointExtension>
        </extensions>
      </trkpt>
      <trkpt lat="31.216381676495075225830078125" lon="121.38739773072302341461181640625">
        <ele>12.6000003814697265625</ele>
        <time>2026-08-25T11:20:27.000Z</time>
        <extensions>
          <ns3:TrackPointExtension>
            <ns3:hr>146</ns3:hr>
            <ns3:cad>88</ns3:cad>
          </ns3:TrackPointExtension>
        </extensions>
      </trkpt>
      <trkpt lat="31.21640003286302089691162109375" lon="121.38740560971200466156005859375">
        <ele>12.6000003814697265625</ele>
        <time>2026-08-25T11:20:28.000Z</time>
        <extensions>
          <ns3:TrackPointExtension>
            <ns3:hr>146</ns3:hr>
            <ns3:cad>89</ns3:cad>
          </ns3:TrackPointExtension>
        </extensions>
      </trkpt>
      <trkpt lat="31.21642224490642547607421875" lon="121.38742220588028430938720703125">
        <ele>12.6000003814697265625</ele>
        <time>2026-08-25T11:20:29.000Z</time>
        <extensions>
          <ns3:TrackPointExtension>
            <ns3:hr>147</ns3:hr>
            <ns3:cad>90</ns3:cad>
          </ns3:TrackPointExtension>
        </extensions>
      </trkpt>
      <trkpt lat="31.21643364429473876953125" lon="121.38743461109697818756103515625">
        <ele>12.6000003814697265625</ele>
        <time>2026-08-25T11:20:30.000Z</time>
        <extensions>
          <ns3:TrackPointExtension>
            <ns3:hr>147</ns3:hr>
            <ns3:cad>90</ns3:cad>
          </ns3:TrackPointExtension>
        </extensions>
      </trkpt>
      <trkpt lat="31.216453425586223602294921875" lon="121.38745036907494068145751953125">
        <ele>12.6000003814697265625</ele>
        <time>2026-08-25T11:20:31.000Z</time>
        <extensions>
          <ns3:TrackPointExtension>
            <ns3:hr>147</ns3:hr>
            <ns3:cad>88</ns3:cad>
          </ns3:TrackPointExtension>
        </extensions>
      </trkpt>
      <trkpt lat="31.21646775864064693450927734375" lon="121.387463025748729705810546875">
        <ele>12.6000003814697265625</ele>
        <time>2026-08-25T11:20:32.000Z</time>
        <extensions>
          <ns3:TrackPointExtension>
            <ns3:hr>147</ns3:hr>
            <ns3:cad>87</ns3:cad>
          </ns3:TrackPointExtension>
        </extensions>
      </trkpt>
      <trkpt lat="31.21648636646568775177001953125" lon="121.38747216202318668365478515625">
        <ele>12.6000003814697265625</ele>
        <time>2026-08-25T11:20:33.000Z</time>
        <extensions>
          <ns3:TrackPointExtension>
            <ns3:hr>147</ns3:hr>
            <ns3:cad>87</ns3:cad>
          </ns3:TrackPointExtension>
        </extensions>
      </trkpt>
      <trkpt lat="31.21650245971977710723876953125" lon="121.38748280704021453857421875">
        <ele>12.80000019073486328125</ele>
        <time>2026-08-25T11:20:34.000Z</time>
        <extensions>
          <ns3:TrackPointExtension>
            <ns3:hr>147</ns3:hr>
            <ns3:cad>87</ns3:cad>
          </ns3:TrackPointExtension>
        </extensions>
      </trkpt>
      <trkpt lat="31.21653481386601924896240234375" lon="121.38749563135206699371337890625">
        <ele>12.80000019073486328125</ele>
        <time>2026-08-25T11:20:35.000Z</time>
        <extensions>
          <ns3:TrackPointExtension>
            <ns3:hr>147</ns3:hr>
            <ns3:cad>89</ns3:cad>
          </ns3:TrackPointExtension>
        </extensions>
      </trkpt>
      <trkpt lat="31.21655677445232868194580078125" lon="121.38750954531133174896240234375">
        <ele>12.80000019073486328125</ele>
        <time>2026-08-25T11:20:36.000Z</time>
        <extensions>
          <ns3:TrackPointExtension>
            <ns3:hr>147</ns3:hr>
            <ns3:cad>89</ns3:cad>
          </ns3:TrackPointExtension>
        </extensions>
      </trkpt>
      <trkpt lat="31.2165825068950653076171875" lon="121.38751876540482044219970703125">
        <ele>12.80000019073486328125</ele>
        <time>2026-08-25T11:20:37.000Z</time>
        <extensions>
          <ns3:TrackPointExtension>
            <ns3:hr>147</ns3:hr>
            <ns3:cad>88</ns3:cad>
          </ns3:TrackPointExtension>
        </extensions>
      </trkpt>
      <trkpt lat="31.21660354547202587127685546875" lon="121.38752614147961139678955078125">
        <ele>12.80000019073486328125</ele>
        <time>2026-08-25T11:20:38.000Z</time>
        <extensions>
          <ns3:TrackPointExtension>
            <ns3:hr>147</ns3:hr>
            <ns3:cad>88</ns3:cad>
          </ns3:TrackPointExtension>
        </extensions>
      </trkpt>
      <trkpt lat="31.2166252546012401580810546875" lon="121.387533433735370635986328125">
        <ele>12.80000019073486328125</ele>
        <time>2026-08-25T11:20:39.000Z</time>
        <extensions>
          <ns3:TrackPointExtension>
            <ns3:hr>147</ns3:hr>
            <ns3:cad>88</ns3:cad>
          </ns3:TrackPointExtension>
        </extensions>
      </trkpt>
      <trkpt lat="31.21665132232010364532470703125" lon="121.38754324056208133697509765625">
        <ele>12.80000019073486328125</ele>
        <time>2026-08-25T11:20:40.000Z</time>
        <extensions>
          <ns3:TrackPointExtension>
            <ns3:hr>147</ns3:hr>
            <ns3:cad>88</ns3:cad>
          </ns3:TrackPointExtension>
        </extensions>
      </trkpt>
      <trkpt lat="31.21667395345866680145263671875" lon="121.387550197541713714599609375">
        <ele>12.80000019073486328125</ele>
        <time>2026-08-25T11:20:41.000Z</time>
        <extensions>
          <ns3:TrackPointExtension>
            <ns3:hr>147</ns3:hr>
            <ns3:cad>89</ns3:cad>
          </ns3:TrackPointExtension>
        </extensions>
      </trkpt>
      <trkpt lat="31.21669976972043514251708984375" lon="121.3875572383403778076171875">
        <ele>12.80000019073486328125</ele>
        <time>2026-08-25T11:20:42.000Z</time>
        <extensions>
          <ns3:TrackPointExtension>
            <ns3:hr>147</ns3:hr>
            <ns3:cad>89</ns3:cad>
          </ns3:TrackPointExtension>
        </extensions>
      </trkpt>
      <trkpt lat="31.2167228199541568756103515625" lon="121.38756000436842441558837890625">
        <ele>12.80000019073486328125</ele>
        <time>2026-08-25T11:20:43.000Z</time>
        <extensions>
          <ns3:TrackPointExtension>
            <ns3:hr>147</ns3:hr>
            <ns3:cad>88</ns3:cad>
          </ns3:TrackPointExtension>
        </extensions>
      </trkpt>
      <trkpt lat="31.2167479656636714935302734375" lon="121.38756587170064449310302734375">
        <ele>12.80000019073486328125</ele>
        <time>2026-08-25T11:20:44.000Z</time>
        <extensions>
          <ns3:TrackPointExtension>
            <ns3:hr>147</ns3:hr>
            <ns3:cad>87</ns3:cad>
          </ns3:TrackPointExtension>
        </extensions>
      </trkpt>
      <trkpt lat="31.2167729437351226806640625" lon="121.3875708170235157012939453125">
        <ele>12.80000019073486328125</ele>
        <time>2026-08-25T11:20:45.000Z</time>
        <extensions>
          <ns3:TrackPointExtension>
            <ns3:hr>147</ns3:hr>
            <ns3:cad>87</ns3:cad>
          </ns3:TrackPointExtension>
        </extensions>
      </trkpt>
      <trkpt lat="31.2167982570827007293701171875" lon="121.3875760138034820556640625">
        <ele>12.80000019073486328125</ele>
        <time>2026-08-25T11:20:46.000Z</time>
        <extensions>
          <ns3:TrackPointExtension>
            <ns3:hr>147</ns3:hr>
            <ns3:cad>88</ns3:cad>
          </ns3:TrackPointExtension>
        </extensions>
      </trkpt>
      <trkpt lat="31.2168166972696781158447265625" lon="121.38758079148828983306884765625">
        <ele>12.80000019073486328125</ele>
        <time>2026-08-25T11:20:47.000Z</time>
        <extensions>
          <ns3:TrackPointExtension>
            <ns3:hr>146</ns3:hr>
            <ns3:cad>89</ns3:cad>
          </ns3:TrackPointExtension>
        </extensions>
      </trkpt>
      <trkpt lat="31.21683488599956035614013671875" lon="121.3875899277627468109130859375">
        <ele>12.80000019073486328125</ele>
        <time>2026-08-25T11:20:48.000Z</time>
        <extensions>
          <ns3:TrackPointExtension>
            <ns3:hr>146</ns3:hr>
            <ns3:cad>89</ns3:cad>
          </ns3:TrackPointExtension>
        </extensions>
      </trkpt>
      <trkpt lat="31.21685248799622058868408203125" lon="121.387597136199474334716796875">
        <ele>12.80000019073486328125</ele>
        <time>2026-08-25T11:20:49.000Z</time>
        <extensions>
          <ns3:TrackPointExtension>
            <ns3:hr>146</ns3:hr>
            <ns3:cad>88</ns3:cad>
          </ns3:TrackPointExtension>
        </extensions>
      </trkpt>
      <trkpt lat="31.216877885162830352783203125" lon="121.38760426081717014312744140625">
        <ele>12.80000019073486328125</ele>
        <time>2026-08-25T11:20:50.000Z</time>
        <extensions>
          <ns3:TrackPointExtension>
            <ns3:hr>145</ns3:hr>
            <ns3:cad>87</ns3:cad>
          </ns3:TrackPointExtension>
        </extensions>
      </trkpt>
      <trkpt lat="31.21689699590206146240234375" lon="121.38761163689196109771728515625">
        <ele>12.80000019073486328125</ele>
        <time>2026-08-25T11:20:51.000Z</time>
        <extensions>
          <ns3:TrackPointExtension>
            <ns3:hr>145</ns3:hr>
            <ns3:cad>87</ns3:cad>
          </ns3:TrackPointExtension>
        </extensions>
      </trkpt>
      <trkpt lat="31.21692591346800327301025390625" lon="121.3876201026141643524169921875">
        <ele>13</ele>
        <time>2026-08-25T11:20:52.000Z</time>
        <extensions>
          <ns3:TrackPointExtension>
            <ns3:hr>145</ns3:hr>
            <ns3:cad>87</ns3:cad>
          </ns3:TrackPointExtension>
        </extensions>
      </trkpt>
      <trkpt lat="31.2169430963695049285888671875" lon="121.38762630522251129150390625">
        <ele>13</ele>
        <time>2026-08-25T11:20:53.000Z</time>
        <extensions>
          <ns3:TrackPointExtension>
            <ns3:hr>145</ns3:hr>
            <ns3:cad>87</ns3:cad>
          </ns3:TrackPointExtension>
        </extensions>
      </trkpt>
      <trkpt lat="31.21696765534579753875732421875" lon="121.38764164410531520843505859375">
        <ele>13</ele>
        <time>2026-08-25T11:20:54.000Z</time>
        <extensions>
          <ns3:TrackPointExtension>
            <ns3:hr>145</ns3:hr>
            <ns3:cad>89</ns3:cad>
          </ns3:TrackPointExtension>
        </extensions>
      </trkpt>
      <trkpt lat="31.21698441915214061737060546875" lon="121.3876559771597385406494140625">
        <ele>13</ele>
        <time>2026-08-25T11:20:55.000Z</time>
        <extensions>
          <ns3:TrackPointExtension>
            <ns3:hr>144</ns3:hr>
            <ns3:cad>89</ns3:cad>
          </ns3:TrackPointExtension>
        </extensions>
      </trkpt>
      <trkpt lat="31.21700671501457691192626953125" lon="121.3876633532345294952392578125">
        <ele>13</ele>
        <time>2026-08-25T11:20:56.000Z</time>
        <extensions>
          <ns3:TrackPointExtension>
            <ns3:hr>144</ns3:hr>
            <ns3:cad>88</ns3:cad>
          </ns3:TrackPointExtension>
        </extensions>
      </trkpt>
      <trkpt lat="31.2170249037444591522216796875" lon="121.387678273022174835205078125">
        <ele>13</ele>
        <time>2026-08-25T11:20:57.000Z</time>
        <extensions>
          <ns3:TrackPointExtension>
            <ns3:hr>144</ns3:hr>
            <ns3:cad>87</ns3:cad>
          </ns3:TrackPointExtension>
        </extensions>
      </trkpt>
      <trkpt lat="31.21704409830272197723388671875" lon="121.387686990201473236083984375">
        <ele>13</ele>
        <time>2026-08-25T11:20:58.000Z</time>
        <extensions>
          <ns3:TrackPointExtension>
            <ns3:hr>144</ns3:hr>
            <ns3:cad>87</ns3:cad>
          </ns3:TrackPointExtension>
        </extensions>
      </trkpt>
      <trkpt lat="31.2170694954693317413330078125" lon="121.38770274817943572998046875">
        <ele>13</ele>
        <time>2026-08-25T11:20:59.000Z</time>
        <extensions>
          <ns3:TrackPointExtension>
            <ns3:hr>144</ns3:hr>
            <ns3:cad>88</ns3:cad>
          </ns3:TrackPointExtension>
        </extensions>
      </trkpt>
      <trkpt lat="31.21708810329437255859375" lon="121.387706100940704345703125">
        <ele>13</ele>
        <time>2026-08-25T11:21:00.000Z</time>
        <extensions>
          <ns3:TrackPointExtension>
            <ns3:hr>144</ns3:hr>
            <ns3:cad>89</ns3:cad>
          </ns3:TrackPointExtension>
        </extensions>
      </trkpt>
      <trkpt lat="31.2171134166419506072998046875" lon="121.38771557249128818511962890625">
        <ele>13</ele>
        <time>2026-08-25T11:21:01.000Z</time>
        <extensions>
          <ns3:TrackPointExtension>
            <ns3:hr>144</ns3:hr>
            <ns3:cad>89</ns3:cad>
          </ns3:TrackPointExtension>
        </extensions>
      </trkpt>
      <trkpt lat="31.21713009662926197052001953125" lon="121.3877210207283496856689453125">
        <ele>13</ele>
        <time>2026-08-25T11:21:02.000Z</time>
        <extensions>
          <ns3:TrackPointExtension>
            <ns3:hr>144</ns3:hr>
            <ns3:cad>88</ns3:cad>
          </ns3:TrackPointExtension>
        </extensions>
      </trkpt>
      <trkpt lat="31.21715406887233257293701171875" lon="121.3877371139824390411376953125">
        <ele>13</ele>
        <time>2026-08-25T11:21:03.000Z</time>
        <extensions>
          <ns3:TrackPointExtension>
            <ns3:hr>144</ns3:hr>
            <ns3:cad>87</ns3:cad>
          </ns3:TrackPointExtension>
        </extensions>
      </trkpt>
      <trkpt lat="31.2171757780015468597412109375" lon="121.38774071820080280303955078125">
        <ele>13</ele>
        <time>2026-08-25T11:21:04.000Z</time>
        <extensions>
          <ns3:TrackPointExtension>
            <ns3:hr>143</ns3:hr>
            <ns3:cad>87</ns3:cad>
          </ns3:TrackPointExtension>
        </extensions>
      </trkpt>
      <trkpt lat="31.21719731949269771575927734375" lon="121.3877538777887821197509765625">
        <ele>13</ele>
        <time>2026-08-25T11:21:05.000Z</time>
        <extensions>
          <ns3:TrackPointExtension>
            <ns3:hr>143</ns3:hr>
            <ns3:cad>88</ns3:cad>
          </ns3:TrackPointExtension>
        </extensions>
      </trkpt>
      <trkpt lat="31.21721358038485050201416015625" lon="121.3877612538635730743408203125">
        <ele>13</ele>
        <time>2026-08-25T11:21:06.000Z</time>
        <extensions>
          <ns3:TrackPointExtension>
            <ns3:hr>143</ns3:hr>
            <ns3:cad>89</ns3:cad>
          </ns3:TrackPointExtension>
        </extensions>
      </trkpt>
      <trkpt lat="31.21722816489636898040771484375" lon="121.3877780176699161529541015625">
        <ele>13</ele>
        <time>2026-08-25T11:21:07.000Z</time>
        <extensions>
          <ns3:TrackPointExtension>
            <ns3:hr>142</ns3:hr>
            <ns3:cad>89</ns3:cad>
          </ns3:TrackPointExtension>
        </extensions>
      </trkpt>
      <trkpt lat="31.21724593453109264373779296875" lon="121.3877897523343563079833984375">
        <ele>13</ele>
        <time>2026-08-25T11:21:08.000Z</time>
        <extensions>
          <ns3:TrackPointExtension>
            <ns3:hr>142</ns3:hr>
            <ns3:cad>88</ns3:cad>
          </ns3:TrackPointExtension>
        </extensions>
      </trkpt>
      <trkpt lat="31.217265464365482330322265625" lon="121.3878041692078113555908203125">
        <ele>13</ele>
        <time>2026-08-25T11:21:09.000Z</time>
        <extensions>
          <ns3:TrackPointExtension>
            <ns3:hr>142</ns3:hr>
            <ns3:cad>87</ns3:cad>
          </ns3:TrackPointExtension>
        </extensions>
      </trkpt>
      <trkpt lat="31.21728591620922088623046875" lon="121.38781447894871234893798828125">
        <ele>13.19999980926513671875</ele>
        <time>2026-08-25T11:21:10.000Z</time>
        <extensions>
          <ns3:TrackPointExtension>
            <ns3:hr>142</ns3:hr>
            <ns3:cad>87</ns3:cad>
          </ns3:TrackPointExtension>
        </extensions>
      </trkpt>
      <trkpt lat="31.21730812825262546539306640625" lon="121.3878276385366916656494140625">
        <ele>13.19999980926513671875</ele>
        <time>2026-08-25T11:21:11.000Z</time>
        <extensions>
          <ns3:TrackPointExtension>
            <ns3:hr>142</ns3:hr>
            <ns3:cad>87</ns3:cad>
          </ns3:TrackPointExtension>
        </extensions>
      </trkpt>
      <trkpt lat="31.21732707135379314422607421875" lon="121.38783551752567291259765625">
        <ele>13.19999980926513671875</ele>
        <time>2026-08-25T11:21:12.000Z</time>
        <extensions>
          <ns3:TrackPointExtension>
            <ns3:hr>142</ns3:hr>
            <ns3:cad>89</ns3:cad>
          </ns3:TrackPointExtension>
        </extensions>
      </trkpt>
      <trkpt lat="31.21735422872006893157958984375" lon="121.38784834183752536773681640625">
        <ele>13.19999980926513671875</ele>
        <time>2026-08-25T11:21:13.000Z</time>
        <extensions>
          <ns3:TrackPointExtension>
            <ns3:hr>142</ns3:hr>
            <ns3:cad>89</ns3:cad>
          </ns3:TrackPointExtension>
        </extensions>
      </trkpt>
      <trkpt lat="31.2173791229724884033203125" lon="121.387859322130680084228515625">
        <ele>13.19999980926513671875</ele>
        <time>2026-08-25T11:21:14.000Z</time>
        <extensions>
          <ns3:TrackPointExtension>
            <ns3:hr>141</ns3:hr>
            <ns3:cad>88</ns3:cad>
          </ns3:TrackPointExtension>
        </extensions>
      </trkpt>
      <trkpt lat="31.21740502305328845977783203125" lon="121.3878658600151538848876953125">
        <ele>13.19999980926513671875</ele>
        <time>2026-08-25T11:21:15.000Z</time>
        <extensions>
          <ns3:TrackPointExtension>
            <ns3:hr>142</ns3:hr>
            <ns3:cad>88</ns3:cad>
          </ns3:TrackPointExtension>
        </extensions>
      </trkpt>
      <trkpt lat="31.21743100695312023162841796875" lon="121.3878749124705791473388671875">
        <ele>13.3999996185302734375</ele>
        <time>2026-08-25T11:21:16.000Z</time>
        <extensions>
          <ns3:TrackPointExtension>
            <ns3:hr>142</ns3:hr>
            <ns3:cad>88</ns3:cad>
          </ns3:TrackPointExtension>
        </extensions>
      </trkpt>
      <trkpt lat="31.21745464392006397247314453125" lon="121.3878791034221649169921875">
        <ele>13.3999996185302734375</ele>
        <time>2026-08-25T11:21:17.000Z</time>
        <extensions>
          <ns3:TrackPointExtension>
            <ns3:hr>142</ns3:hr>
            <ns3:cad>88</ns3:cad>
          </ns3:TrackPointExtension>
        </extensions>
      </trkpt>
      <trkpt lat="31.2174765206873416900634765625" lon="121.38789259828627109527587890625">
        <ele>13.3999996185302734375</ele>
        <time>2026-08-25T11:21:18.000Z</time>
        <extensions>
          <ns3:TrackPointExtension>
            <ns3:hr>143</ns3:hr>
            <ns3:cad>89</ns3:cad>
          </ns3:TrackPointExtension>
        </extensions>
      </trkpt>
      <trkpt lat="31.2174963019788265228271484375" lon="121.38790081255137920379638671875">
        <ele>13.3999996185302734375</ele>
        <time>2026-08-25T11:21:19.000Z</time>
        <extensions>
          <ns3:TrackPointExtension>
            <ns3:hr>143</ns3:hr>
            <ns3:cad>89</ns3:cad>
          </ns3:TrackPointExtension>
        </extensions>
      </trkpt>
      <trkpt lat="31.2175191007554531097412109375" lon="121.38791254721581935882568359375">
        <ele>13.19999980926513671875</ele>
        <time>2026-08-25T11:21:20.000Z</time>
        <extensions>
          <ns3:TrackPointExtension>
            <ns3:hr>143</ns3:hr>
            <ns3:cad>89</ns3:cad>
          </ns3:TrackPointExtension>
        </extensions>
      </trkpt>
      <trkpt lat="31.2175432406365871429443359375" lon="121.38791355304419994354248046875">
        <ele>13.19999980926513671875</ele>
        <time>2026-08-25T11:21:21.000Z</time>
        <extensions>
          <ns3:TrackPointExtension>
            <ns3:hr>142</ns3:hr>
            <ns3:cad>88</ns3:cad>
          </ns3:TrackPointExtension>
        </extensions>
      </trkpt>
      <trkpt lat="31.2175680510699748992919921875" lon="121.38792495243251323699951171875">
        <ele>13.19999980926513671875</ele>
        <time>2026-08-25T11:21:22.000Z</time>
        <extensions>
          <ns3:TrackPointExtension>
            <ns3:hr>143</ns3:hr>
            <ns3:cad>88</ns3:cad>
          </ns3:TrackPointExtension>
        </extensions>
      </trkpt>
      <trkpt lat="31.2175871618092060089111328125" lon="121.3879300653934478759765625">
        <ele>13.19999980926513671875</ele>
        <time>2026-08-25T11:21:23.000Z</time>
        <extensions>
          <ns3:TrackPointExtension>
            <ns3:hr>143</ns3:hr>
            <ns3:cad>88</ns3:cad>
          </ns3:TrackPointExtension>
        </extensions>
      </trkpt>
      <trkpt lat="31.21761473827064037322998046875" lon="121.3879382796585559844970703125">
        <ele>13.19999980926513671875</ele>
        <time>2026-08-25T11:21:24.000Z</time>
        <extensions>
          <ns3:TrackPointExtension>
            <ns3:hr>143</ns3:hr>
            <ns3:cad>88</ns3:cad>
          </ns3:TrackPointExtension>
        </extensions>
      </trkpt>
      <trkpt lat="31.21763703413307666778564453125" lon="121.38794238679111003875732421875">
        <ele>13.3999996185302734375</ele>
        <time>2026-08-25T11:21:25.000Z</time>
        <extensions>
          <ns3:TrackPointExtension>
            <ns3:hr>143</ns3:hr>
            <ns3:cad>88</ns3:cad>
          </ns3:TrackPointExtension>
        </extensions>
      </trkpt>
      <trkpt lat="31.21766905300319194793701171875" lon="121.38795353472232818603515625">
        <ele>13.3999996185302734375</ele>
        <time>2026-08-25T11:21:26.000Z</time>
        <extensions>
          <ns3:TrackPointExtension>
            <ns3:hr>143</ns3:hr>
            <ns3:cad>88</ns3:cad>
          </ns3:TrackPointExtension>
        </extensions>
      </trkpt>
      <trkpt lat="31.21769654564559459686279296875" lon="121.387962587177753448486328125">
        <ele>13.3999996185302734375</ele>
        <time>2026-08-25T11:21:27.000Z</time>
        <extensions>
          <ns3:TrackPointExtension>
            <ns3:hr>143</ns3:hr>
            <ns3:cad>87</ns3:cad>
          </ns3:TrackPointExtension>
        </extensions>
      </trkpt>
      <trkpt lat="31.21772940270602703094482421875" lon="121.387977339327335357666015625">
        <ele>13.3999996185302734375</ele>
        <time>2026-08-25T11:21:28.000Z</time>
        <extensions>
          <ns3:TrackPointExtension>
            <ns3:hr>143</ns3:hr>
            <ns3:cad>87</ns3:cad>
          </ns3:TrackPointExtension>
        </extensions>
      </trkpt>
      <trkpt lat="31.2177554704248905181884765625" lon="121.38798840343952178955078125">
        <ele>13.3999996185302734375</ele>
        <time>2026-08-25T11:21:29.000Z</time>
        <extensions>
          <ns3:TrackPointExtension>
            <ns3:hr>143</ns3:hr>
            <ns3:cad>87</ns3:cad>
          </ns3:TrackPointExtension>
        </extensions>
      </trkpt>
      <trkpt lat="31.217782795429229736328125" lon="121.38799913227558135986328125">
        <ele>13.19999980926513671875</ele>
        <time>2026-08-25T11:21:30.000Z</time>
        <extensions>
          <ns3:TrackPointExtension>
            <ns3:hr>143</ns3:hr>
            <ns3:cad>87</ns3:cad>
          </ns3:TrackPointExtension>
        </extensions>
      </trkpt>
      <trkpt lat="31.217801906168460845947265625" lon="121.38801128603518009185791015625">
        <ele>13.19999980926513671875</ele>
        <time>2026-08-25T11:21:31.000Z</time>
        <extensions>
          <ns3:TrackPointExtension>
            <ns3:hr>143</ns3:hr>
            <ns3:cad>89</ns3:cad>
          </ns3:TrackPointExtension>
        </extensions>
      </trkpt>
      <trkpt lat="31.21782839298248291015625" lon="121.3880105316638946533203125">
        <ele>13.19999980926513671875</ele>
        <time>2026-08-25T11:21:32.000Z</time>
        <extensions>
          <ns3:TrackPointExtension>
            <ns3:hr>143</ns3:hr>
            <ns3:cad>89</ns3:cad>
          </ns3:TrackPointExtension>
        </extensions>
      </trkpt>
      <trkpt lat="31.2178496830165386199951171875" lon="121.3880174048244953155517578125">
        <ele>13.19999980926513671875</ele>
        <time>2026-08-25T11:21:33.000Z</time>
        <extensions>
          <ns3:TrackPointExtension>
            <ns3:hr>142</ns3:hr>
            <ns3:cad>88</ns3:cad>
          </ns3:TrackPointExtension>
        </extensions>
      </trkpt>
      <trkpt lat="31.217866279184818267822265625" lon="121.3880277983844280242919921875">
        <ele>13.3999996185302734375</ele>
        <time>2026-08-25T11:21:34.000Z</time>
        <extensions>
          <ns3:TrackPointExtension>
            <ns3:hr>143</ns3:hr>
            <ns3:cad>87</ns3:cad>
          </ns3:TrackPointExtension>
        </extensions>
      </trkpt>
      <trkpt lat="31.2178875692188739776611328125" lon="121.3880418799817562103271484375">
        <ele>13.3999996185302734375</ele>
        <time>2026-08-25T11:21:35.000Z</time>
        <extensions>
          <ns3:TrackPointExtension>
            <ns3:hr>143</ns3:hr>
            <ns3:cad>87</ns3:cad>
          </ns3:TrackPointExtension>
        </extensions>
      </trkpt>
      <trkpt lat="31.2179096974432468414306640625" lon="121.3880454003810882568359375">
        <ele>13.3999996185302734375</ele>
        <time>2026-08-25T11:21:36.000Z</time>
        <extensions>
          <ns3:TrackPointExtension>
            <ns3:hr>142</ns3:hr>
            <ns3:cad>88</ns3:cad>
          </ns3:TrackPointExtension>
        </extensions>
      </trkpt>
      <trkpt lat="31.2179298140108585357666015625" lon="121.38805386610329151153564453125">
        <ele>13.3999996185302734375</ele>
        <time>2026-08-25T11:21:37.000Z</time>
        <extensions>
          <ns3:TrackPointExtension>
            <ns3:hr>142</ns3:hr>
            <ns3:cad>89</ns3:cad>
          </ns3:TrackPointExtension>
        </extensions>
      </trkpt>
      <trkpt lat="31.21795118786394596099853515625" lon="121.3880586437880992889404296875">
        <ele>13.3999996185302734375</ele>
        <time>2026-08-25T11:21:38.000Z</time>
        <extensions>
          <ns3:TrackPointExtension>
            <ns3:hr>142</ns3:hr>
            <ns3:cad>89</ns3:cad>
          </ns3:TrackPointExtension>
        </extensions>
      </trkpt>
      <trkpt lat="31.2179797701537609100341796875" lon="121.38807415030896663665771484375">
        <ele>13.3999996185302734375</ele>
        <time>2026-08-25T11:21:39.000Z</time>
        <extensions>
          <ns3:TrackPointExtension>
            <ns3:hr>143</ns3:hr>
            <ns3:cad>88</ns3:cad>
          </ns3:TrackPointExtension>
        </extensions>
      </trkpt>
      <trkpt lat="31.21800474822521209716796875" lon="121.3880787603557109832763671875">
        <ele>13.3999996185302734375</ele>
        <time>2026-08-25T11:21:40.000Z</time>
        <extensions>
          <ns3:TrackPointExtension>
            <ns3:hr>143</ns3:hr>
            <ns3:cad>88</ns3:cad>
          </ns3:TrackPointExtension>
        </extensions>
      </trkpt>
      <trkpt lat="31.21802754700183868408203125" lon="121.3880955241620540618896484375">
        <ele>13.3999996185302734375</ele>
        <time>2026-08-25T11:21:41.000Z</time>
        <extensions>
          <ns3:TrackPointExtension>
            <ns3:hr>143</ns3:hr>
            <ns3:cad>88</ns3:cad>
          </ns3:TrackPointExtension>
        </extensions>
      </trkpt>
      <trkpt lat="31.21804372407495975494384765625" lon="121.3881065882742404937744140625">
        <ele>13.3999996185302734375</ele>
        <time>2026-08-25T11:21:42.000Z</time>
        <extensions>
          <ns3:TrackPointExtension>
            <ns3:hr>143</ns3:hr>
            <ns3:cad>88</ns3:cad>
          </ns3:TrackPointExtension>
        </extensions>
      </trkpt>
      <trkpt lat="31.218070797622203826904296875" lon="121.388117484748363494873046875">
        <ele>13.3999996185302734375</ele>
        <time>2026-08-25T11:21:43.000Z</time>
        <extensions>
          <ns3:TrackPointExtension>
            <ns3:hr>142</ns3:hr>
            <ns3:cad>88</ns3:cad>
          </ns3:TrackPointExtension>
        </extensions>
      </trkpt>
      <trkpt lat="31.2180907465517520904541015625" lon="121.388127543032169342041015625">
        <ele>13.3999996185302734375</ele>
        <time>2026-08-25T11:21:44.000Z</time>
        <extensions>
          <ns3:TrackPointExtension>
            <ns3:hr>143</ns3:hr>
            <ns3:cad>89</ns3:cad>
          </ns3:TrackPointExtension>
        </extensions>
      </trkpt>
      <trkpt lat="31.2181145511567592620849609375" lon="121.38813751749694347381591796875">
        <ele>13.19999980926513671875</ele>
        <time>2026-08-25T11:21:45.000Z</time>
        <extensions>
          <ns3:TrackPointExtension>
            <ns3:hr>143</ns3:hr>
            <ns3:cad>88</ns3:cad>
          </ns3:TrackPointExtension>
        </extensions>
      </trkpt>
      <trkpt lat="31.21813273988664150238037109375" lon="121.38814338482916355133056640625">
        <ele>13.19999980926513671875</ele>
        <time>2026-08-25T11:21:46.000Z</time>
        <extensions>
          <ns3:TrackPointExtension>
            <ns3:hr>144</ns3:hr>
            <ns3:cad>88</ns3:cad>
          </ns3:TrackPointExtension>
        </extensions>
      </trkpt>
      <trkpt lat="31.21815084479749202728271484375" lon="121.38815470039844512939453125">
        <ele>13.19999980926513671875</ele>
        <time>2026-08-25T11:21:47.000Z</time>
        <extensions>
          <ns3:TrackPointExtension>
            <ns3:hr>144</ns3:hr>
            <ns3:cad>88</ns3:cad>
          </ns3:TrackPointExtension>
        </extensions>
      </trkpt>
      <trkpt lat="31.218170709908008575439453125" lon="121.38815981335937976837158203125">
        <ele>13.3999996185302734375</ele>
        <time>2026-08-25T11:21:48.000Z</time>
        <extensions>
          <ns3:TrackPointExtension>
            <ns3:hr>144</ns3:hr>
            <ns3:cad>88</ns3:cad>
          </ns3:TrackPointExtension>
        </extensions>
      </trkpt>
      <trkpt lat="31.21819510124623775482177734375" lon="121.3881716318428516387939453125">
        <ele>13.3999996185302734375</ele>
        <time>2026-08-25T11:21:49.000Z</time>
        <extensions>
          <ns3:TrackPointExtension>
            <ns3:hr>145</ns3:hr>
            <ns3:cad>89</ns3:cad>
          </ns3:TrackPointExtension>
        </extensions>
      </trkpt>
      <trkpt lat="31.218216978013515472412109375" lon="121.38818428851664066314697265625">
        <ele>13.3999996185302734375</ele>
        <time>2026-08-25T11:21:50.000Z</time>
        <extensions>
          <ns3:TrackPointExtension>
            <ns3:hr>145</ns3:hr>
            <ns3:cad>90</ns3:cad>
          </ns3:TrackPointExtension>
        </extensions>
      </trkpt>
      <trkpt lat="31.21824287809431552886962890625" lon="121.38819468207657337188720703125">
        <ele>13.3999996185302734375</ele>
        <time>2026-08-25T11:21:51.000Z</time>
        <extensions>
          <ns3:TrackPointExtension>
            <ns3:hr>146</ns3:hr>
            <ns3:cad>90</ns3:cad>
          </ns3:TrackPointExtension>
        </extensions>
      </trkpt>
      <trkpt lat="31.21826492249965667724609375" lon="121.388207338750362396240234375">
        <ele>13.3999996185302734375</ele>
        <time>2026-08-25T11:21:52.000Z</time>
        <extensions>
          <ns3:TrackPointExtension>
            <ns3:hr>146</ns3:hr>
            <ns3:cad>88</ns3:cad>
          </ns3:TrackPointExtension>
        </extensions>
      </trkpt>
      <trkpt lat="31.21828973293304443359375" lon="121.388215720653533935546875">
        <ele>13.3999996185302734375</ele>
        <time>2026-08-25T11:21:53.000Z</time>
        <extensions>
          <ns3:TrackPointExtension>
            <ns3:hr>146</ns3:hr>
            <ns3:cad>88</ns3:cad>
          </ns3:TrackPointExtension>
        </extensions>
      </trkpt>
      <trkpt lat="31.21831077151000499725341796875" lon="121.388226114213466644287109375">
        <ele>13.3999996185302734375</ele>
        <time>2026-08-25T11:21:54.000Z</time>
        <extensions>
          <ns3:TrackPointExtension>
            <ns3:hr>145</ns3:hr>
            <ns3:cad>88</ns3:cad>
          </ns3:TrackPointExtension>
        </extensions>
      </trkpt>
      <trkpt lat="31.21833507902920246124267578125" lon="121.3882323168218135833740234375">
        <ele>13.19999980926513671875</ele>
        <time>2026-08-25T11:21:55.000Z</time>
        <extensions>
          <ns3:TrackPointExtension>
            <ns3:hr>145</ns3:hr>
            <ns3:cad>88</ns3:cad>
          </ns3:TrackPointExtension>
        </extensions>
      </trkpt>
      <trkpt lat="31.2183572910726070404052734375" lon="121.38824597932398319244384765625">
        <ele>13.19999980926513671875</ele>
        <time>2026-08-25T11:21:56.000Z</time>
        <extensions>
          <ns3:TrackPointExtension>
            <ns3:hr>145</ns3:hr>
            <ns3:cad>90</ns3:cad>
          </ns3:TrackPointExtension>
        </extensions>
      </trkpt>
      <trkpt lat="31.2183750607073307037353515625" lon="121.38825251720845699310302734375">
        <ele>13.19999980926513671875</ele>
        <time>2026-08-25T11:21:57.000Z</time>
        <extensions>
          <ns3:TrackPointExtension>
            <ns3:hr>144</ns3:hr>
            <ns3:cad>90</ns3:cad>
          </ns3:TrackPointExtension>
        </extensions>
      </trkpt>
      <trkpt lat="31.218400038778781890869140625" lon="121.38826140202581882476806640625">
        <ele>13.19999980926513671875</ele>
        <time>2026-08-25T11:21:58.000Z</time>
        <extensions>
          <ns3:TrackPointExtension>
            <ns3:hr>144</ns3:hr>
            <ns3:cad>88</ns3:cad>
          </ns3:TrackPointExtension>
        </extensions>
      </trkpt>
      <trkpt lat="31.21842141263186931610107421875" lon="121.38826668262481689453125">
        <ele>13.3999996185302734375</ele>
        <time>2026-08-25T11:21:59.000Z</time>
        <extensions>
          <ns3:TrackPointExtension>
            <ns3:hr>144</ns3:hr>
            <ns3:cad>87</ns3:cad>
          </ns3:TrackPointExtension>
        </extensions>
      </trkpt>
      <trkpt lat="31.2184431217610836029052734375" lon="121.3882787525653839111328125">
        <ele>13.3999996185302734375</ele>
        <time>2026-08-25T11:22:00.000Z</time>
        <extensions>
          <ns3:TrackPointExtension>
            <ns3:hr>143</ns3:hr>
            <ns3:cad>87</ns3:cad>
          </ns3:TrackPointExtension>
        </extensions>
      </trkpt>
      <trkpt lat="31.21846818365156650543212890625" lon="121.38827900402247905731201171875">
        <ele>13.3999996185302734375</ele>
        <time>2026-08-25T11:22:01.000Z</time>
        <extensions>
          <ns3:TrackPointExtension>
            <ns3:hr>143</ns3:hr>
            <ns3:cad>88</ns3:cad>
          </ns3:TrackPointExtension>
        </extensions>
      </trkpt>
      <trkpt lat="31.21849467046558856964111328125" lon="121.38828822411596775054931640625">
        <ele>13.3999996185302734375</ele>
        <time>2026-08-25T11:22:02.000Z</time>
        <extensions>
          <ns3:TrackPointExtension>
            <ns3:hr>143</ns3:hr>
            <ns3:cad>89</ns3:cad>
          </ns3:TrackPointExtension>
        </extensions>
      </trkpt>
      <trkpt lat="31.21851545758545398712158203125" lon="121.38828587718307971954345703125">
        <ele>13.3999996185302734375</ele>
        <time>2026-08-25T11:22:03.000Z</time>
        <extensions>
          <ns3:TrackPointExtension>
            <ns3:hr>143</ns3:hr>
            <ns3:cad>89</ns3:cad>
          </ns3:TrackPointExtension>
        </extensions>
      </trkpt>
      <trkpt lat="31.2185443751513957977294921875" lon="121.388295851647853851318359375">
        <ele>13.3999996185302734375</ele>
        <time>2026-08-25T11:22:04.000Z</time>
        <extensions>
          <ns3:TrackPointExtension>
            <ns3:hr>143</ns3:hr>
            <ns3:cad>88</ns3:cad>
          </ns3:TrackPointExtension>
        </extensions>
      </trkpt>
      <trkpt lat="31.21856306679546833038330078125" lon="121.38829761184751987457275390625">
        <ele>13.3999996185302734375</ele>
        <time>2026-08-25T11:22:05.000Z</time>
        <extensions>
          <ns3:TrackPointExtension>
            <ns3:hr>144</ns3:hr>
            <ns3:cad>87</ns3:cad>
          </ns3:TrackPointExtension>
        </extensions>
      </trkpt>
      <trkpt lat="31.21858452446758747100830078125" lon="121.38830783776938915252685546875">
        <ele>13.3999996185302734375</ele>
        <time>2026-08-25T11:22:06.000Z</time>
        <extensions>
          <ns3:TrackPointExtension>
            <ns3:hr>143</ns3:hr>
            <ns3:cad>87</ns3:cad>
          </ns3:TrackPointExtension>
        </extensions>
      </trkpt>
      <trkpt lat="31.21860212646424770355224609375" lon="121.38831286691129207611083984375">
        <ele>13.3999996185302734375</ele>
        <time>2026-08-25T11:22:07.000Z</time>
        <extensions>
          <ns3:TrackPointExtension>
            <ns3:hr>143</ns3:hr>
            <ns3:cad>87</ns3:cad>
          </ns3:TrackPointExtension>
        </extensions>
      </trkpt>
      <trkpt lat="31.21862727217376232147216796875" lon="121.38831831514835357666015625">
        <ele>13.3999996185302734375</ele>
        <time>2026-08-25T11:22:08.000Z</time>
        <extensions>
          <ns3:TrackPointExtension>
            <ns3:hr>144</ns3:hr>
            <ns3:cad>89</ns3:cad>
          </ns3:TrackPointExtension>
        </extensions>
      </trkpt>
      <trkpt lat="31.21864353306591510772705078125" lon="121.3883255235850811004638671875">
        <ele>13.19999980926513671875</ele>
        <time>2026-08-25T11:22:09.000Z</time>
        <extensions>
          <ns3:TrackPointExtension>
            <ns3:hr>144</ns3:hr>
            <ns3:cad>89</ns3:cad>
          </ns3:TrackPointExtension>
        </extensions>
      </trkpt>
      <trkpt lat="31.2186701036989688873291015625" lon="121.38833750970661640167236328125">
        <ele>13.19999980926513671875</ele>
        <time>2026-08-25T11:22:10.000Z</time>
        <extensions>
          <ns3:TrackPointExtension>
            <ns3:hr>144</ns3:hr>
            <ns3:cad>88</ns3:cad>
          </ns3:TrackPointExtension>
        </extensions>
      </trkpt>
      <trkpt lat="31.2186925671994686126708984375" lon="121.388339437544345855712890625">
        <ele>13.19999980926513671875</ele>
        <time>2026-08-25T11:22:11.000Z</time>
        <extensions>
          <ns3:TrackPointExtension>
            <ns3:hr>144</ns3:hr>
            <ns3:cad>88</ns3:cad>
          </ns3:TrackPointExtension>
        </extensions>
      </trkpt>
      <trkpt lat="31.2187177129089832305908203125" lon="121.38834605924785137176513671875">
        <ele>13.19999980926513671875</ele>
        <time>2026-08-25T11:22:12.000Z</time>
        <extensions>
          <ns3:TrackPointExtension>
            <ns3:hr>144</ns3:hr>
            <ns3:cad>88</ns3:cad>
          </ns3:TrackPointExtension>
        </extensions>
      </trkpt>
      <trkpt lat="31.21873489581048488616943359375" lon="121.38835393823683261871337890625">
        <ele>13.19999980926513671875</ele>
        <time>2026-08-25T11:22:13.000Z</time>
        <extensions>
          <ns3:TrackPointExtension>
            <ns3:hr>144</ns3:hr>
            <ns3:cad>88</ns3:cad>
          </ns3:TrackPointExtension>
        </extensions>
      </trkpt>
      <trkpt lat="31.2187579460442066192626953125" lon="121.38835628516972064971923828125">
        <ele>13.19999980926513671875</ele>
        <time>2026-08-25T11:22:14.000Z</time>
        <extensions>
          <ns3:TrackPointExtension>
            <ns3:hr>144</ns3:hr>
            <ns3:cad>88</ns3:cad>
          </ns3:TrackPointExtension>
        </extensions>
      </trkpt>
      <trkpt lat="31.218782924115657806396484375" lon="121.388362236320972442626953125">
        <ele>13.19999980926513671875</ele>
        <time>2026-08-25T11:22:15.000Z</time>
        <extensions>
          <ns3:TrackPointExtension>
            <ns3:hr>144</ns3:hr>
            <ns3:cad>89</ns3:cad>
          </ns3:TrackPointExtension>
        </extensions>
      </trkpt>
      <trkpt lat="31.2188079021871089935302734375" lon="121.38836885802447795867919921875">
        <ele>13.19999980926513671875</ele>
        <time>2026-08-25T11:22:16.000Z</time>
        <extensions>
          <ns3:TrackPointExtension>
            <ns3:hr>144</ns3:hr>
            <ns3:cad>89</ns3:cad>
          </ns3:TrackPointExtension>
        </extensions>
      </trkpt>
      <trkpt lat="31.21883195824921131134033203125" lon="121.3883731327950954437255859375">
        <ele>13.19999980926513671875</ele>
        <time>2026-08-25T11:22:17.000Z</time>
        <extensions>
          <ns3:TrackPointExtension>
            <ns3:hr>144</ns3:hr>
            <ns3:cad>88</ns3:cad>
          </ns3:TrackPointExtension>
        </extensions>
      </trkpt>
      <trkpt lat="31.2188524939119815826416015625" lon="121.3883751444518566131591796875">
        <ele>13.19999980926513671875</ele>
        <time>2026-08-25T11:22:18.000Z</time>
        <extensions>
          <ns3:TrackPointExtension>
            <ns3:hr>144</ns3:hr>
            <ns3:cad>88</ns3:cad>
          </ns3:TrackPointExtension>
        </extensions>
      </trkpt>
      <trkpt lat="31.2188783101737499237060546875" lon="121.3883848674595355987548828125">
        <ele>13.3999996185302734375</ele>
        <time>2026-08-25T11:22:19.000Z</time>
        <extensions>
          <ns3:TrackPointExtension>
            <ns3:hr>145</ns3:hr>
            <ns3:cad>88</ns3:cad>
          </ns3:TrackPointExtension>
        </extensions>
      </trkpt>
      <trkpt lat="31.2188990972936153411865234375" lon="121.38838662765920162200927734375">
        <ele>13.19999980926513671875</ele>
        <time>2026-08-25T11:22:20.000Z</time>
        <extensions>
          <ns3:TrackPointExtension>
            <ns3:hr>145</ns3:hr>
            <ns3:cad>88</ns3:cad>
          </ns3:TrackPointExtension>
        </extensions>
      </trkpt>
      <trkpt lat="31.21892365626990795135498046875" lon="121.38838646002113819122314453125">
        <ele>13.19999980926513671875</ele>
        <time>2026-08-25T11:22:21.000Z</time>
        <extensions>
          <ns3:TrackPointExtension>
            <ns3:hr>144</ns3:hr>
            <ns3:cad>89</ns3:cad>
          </ns3:TrackPointExtension>
        </extensions>
      </trkpt>
      <trkpt lat="31.21894326992332935333251953125" lon="121.38838495127856731414794921875">
        <ele>13.19999980926513671875</ele>
        <time>2026-08-25T11:22:22.000Z</time>
        <extensions>
          <ns3:TrackPointExtension>
            <ns3:hr>144</ns3:hr>
            <ns3:cad>89</ns3:cad>
          </ns3:TrackPointExtension>
        </extensions>
      </trkpt>
      <trkpt lat="31.21897227130830287933349609375" lon="121.3883878849446773529052734375">
        <ele>13.19999980926513671875</ele>
        <time>2026-08-25T11:22:23.000Z</time>
        <extensions>
          <ns3:TrackPointExtension>
            <ns3:hr>144</ns3:hr>
            <ns3:cad>87</ns3:cad>
          </ns3:TrackPointExtension>
        </extensions>
      </trkpt>
      <trkpt lat="31.218989789485931396484375" lon="121.3883855380117893218994140625">
        <ele>13.19999980926513671875</ele>
        <time>2026-08-25T11:22:24.000Z</time>
        <extensions>
          <ns3:TrackPointExtension>
            <ns3:hr>144</ns3:hr>
            <ns3:cad>86</ns3:cad>
          </ns3:TrackPointExtension>
        </extensions>
      </trkpt>
      <trkpt lat="31.21901853941380977630615234375" lon="121.38838629238307476043701171875">
        <ele>13.19999980926513671875</ele>
        <time>2026-08-25T11:22:25.000Z</time>
        <extensions>
          <ns3:TrackPointExtension>
            <ns3:hr>144</ns3:hr>
            <ns3:cad>86</ns3:cad>
          </ns3:TrackPointExtension>
        </extensions>
      </trkpt>
      <trkpt lat="31.2190367281436920166015625" lon="121.38839165680110454559326171875">
        <ele>13.3999996185302734375</ele>
        <time>2026-08-25T11:22:26.000Z</time>
        <extensions>
          <ns3:TrackPointExtension>
            <ns3:hr>144</ns3:hr>
            <ns3:cad>88</ns3:cad>
          </ns3:TrackPointExtension>
        </extensions>
      </trkpt>
      <trkpt lat="31.21906195767223834991455078125" lon="121.388392746448516845703125">
        <ele>13.3999996185302734375</ele>
        <time>2026-08-25T11:22:27.000Z</time>
        <extensions>
          <ns3:TrackPointExtension>
            <ns3:hr>144</ns3:hr>
            <ns3:cad>89</ns3:cad>
          </ns3:TrackPointExtension>
        </extensions>
      </trkpt>
      <trkpt lat="31.21908274479210376739501953125" lon="121.38839450664818286895751953125">
        <ele>13.3999996185302734375</ele>
        <time>2026-08-25T11:22:28.000Z</time>
        <extensions>
          <ns3:TrackPointExtension>
            <ns3:hr>144</ns3:hr>
            <ns3:cad>89</ns3:cad>
          </ns3:TrackPointExtension>
        </extensions>
      </trkpt>
      <trkpt lat="31.2191091477870941162109375" lon="121.388399787247180938720703125">
        <ele>13.3999996185302734375</ele>
        <time>2026-08-25T11:22:29.000Z</time>
        <extensions>
          <ns3:TrackPointExtension>
            <ns3:hr>144</ns3:hr>
            <ns3:cad>88</ns3:cad>
          </ns3:TrackPointExtension>
        </extensions>
      </trkpt>
      <trkpt lat="31.2191317789256572723388671875" lon="121.38840188272297382354736328125">
        <ele>13.3999996185302734375</ele>
        <time>2026-08-25T11:22:30.000Z</time>
        <extensions>
          <ns3:TrackPointExtension>
            <ns3:hr>144</ns3:hr>
            <ns3:cad>87</ns3:cad>
          </ns3:TrackPointExtension>
        </extensions>
      </trkpt>
      <trkpt lat="31.21915834955871105194091796875" lon="121.388398110866546630859375">
        <ele>13.3999996185302734375</ele>
        <time>2026-08-25T11:22:31.000Z</time>
        <extensions>
          <ns3:TrackPointExtension>
            <ns3:hr>144</ns3:hr>
            <ns3:cad>87</ns3:cad>
          </ns3:TrackPointExtension>
        </extensions>
      </trkpt>
      <trkpt lat="31.2191830761730670928955078125" lon="121.388394422829151153564453125">
        <ele>13.3999996185302734375</ele>
        <time>2026-08-25T11:22:32.000Z</time>
        <extensions>
          <ns3:TrackPointExtension>
            <ns3:hr>144</ns3:hr>
            <ns3:cad>89</ns3:cad>
          </ns3:TrackPointExtension>
        </extensions>
      </trkpt>
      <trkpt lat="31.21920964680612087249755859375" lon="121.388389728963375091552734375">
        <ele>13.3999996185302734375</ele>
        <time>2026-08-25T11:22:33.000Z</time>
        <extensions>
          <ns3:TrackPointExtension>
            <ns3:hr>144</ns3:hr>
            <ns3:cad>89</ns3:cad>
          </ns3:TrackPointExtension>
        </extensions>
      </trkpt>
      <trkpt lat="31.219232194125652313232421875" lon="121.388384364545345306396484375">
        <ele>13.3999996185302734375</ele>
        <time>2026-08-25T11:22:34.000Z</time>
        <extensions>
          <ns3:TrackPointExtension>
            <ns3:hr>144</ns3:hr>
            <ns3:cad>89</ns3:cad>
          </ns3:TrackPointExtension>
        </extensions>
      </trkpt>
      <trkpt lat="31.2192558310925960540771484375" lon="121.3883793354034423828125">
        <ele>13.3999996185302734375</ele>
        <time>2026-08-25T11:22:35.000Z</time>
        <extensions>
          <ns3:TrackPointExtension>
            <ns3:hr>144</ns3:hr>
            <ns3:cad>88</ns3:cad>
          </ns3:TrackPointExtension>
        </extensions>
      </trkpt>
      <trkpt lat="31.21927686966955661773681640625" lon="121.3883795030415058135986328125">
        <ele>13.3999996185302734375</ele>
        <time>2026-08-25T11:22:36.000Z</time>
        <extensions>
          <ns3:TrackPointExtension>
            <ns3:hr>144</ns3:hr>
            <ns3:cad>88</ns3:cad>
          </ns3:TrackPointExtension>
        </extensions>
      </trkpt>
      <trkpt lat="31.219301261007785797119140625" lon="121.38837439008057117462158203125">
        <ele>13.3999996185302734375</ele>
        <time>2026-08-25T11:22:37.000Z</time>
        <extensions>
          <ns3:TrackPointExtension>
            <ns3:hr>144</ns3:hr>
            <ns3:cad>87</ns3:cad>
          </ns3:TrackPointExtension>
        </extensions>
      </trkpt>
      <trkpt lat="31.21932850219309329986572265625" lon="121.38837556354701519012451171875">
        <ele>13.3999996185302734375</ele>
        <time>2026-08-25T11:22:38.000Z</time>
        <extensions>
          <ns3:TrackPointExtension>
            <ns3:hr>144</ns3:hr>
            <ns3:cad>87</ns3:cad>
          </ns3:TrackPointExtension>
        </extensions>
      </trkpt>
      <trkpt lat="31.219349205493927001953125" lon="121.38836952857673168182373046875">
        <ele>13.3999996185302734375</ele>
        <time>2026-08-25T11:22:39.000Z</time>
        <extensions>
          <ns3:TrackPointExtension>
            <ns3:hr>144</ns3:hr>
            <ns3:cad>89</ns3:cad>
          </ns3:TrackPointExtension>
        </extensions>
      </trkpt>
      <trkpt lat="31.2193678133189678192138671875" lon="121.38837288133800029754638671875">
        <ele>13.3999996185302734375</ele>
        <time>2026-08-25T11:22:40.000Z</time>
        <extensions>
          <ns3:TrackPointExtension>
            <ns3:hr>144</ns3:hr>
            <ns3:cad>89</ns3:cad>
          </ns3:TrackPointExtension>
        </extensions>
      </trkpt>
      <trkpt lat="31.2193872593343257904052734375" lon="121.38837070204317569732666015625">
        <ele>13.3999996185302734375</ele>
        <time>2026-08-25T11:22:41.000Z</time>
        <extensions>
          <ns3:TrackPointExtension>
            <ns3:hr>143</ns3:hr>
            <ns3:cad>88</ns3:cad>
          </ns3:TrackPointExtension>
        </extensions>
      </trkpt>
      <trkpt lat="31.2194140814244747161865234375" lon="121.3883691094815731048583984375">
        <ele>13.3999996185302734375</ele>
        <time>2026-08-25T11:22:42.000Z</time>
        <extensions>
          <ns3:TrackPointExtension>
            <ns3:hr>144</ns3:hr>
            <ns3:cad>87</ns3:cad>
          </ns3:TrackPointExtension>
        </extensions>
      </trkpt>
      <trkpt lat="31.219433359801769256591796875" lon="121.38836466707289218902587890625">
        <ele>13.6000003814697265625</ele>
        <time>2026-08-25T11:22:43.000Z</time>
        <extensions>
          <ns3:TrackPointExtension>
            <ns3:hr>144</ns3:hr>
            <ns3:cad>87</ns3:cad>
          </ns3:TrackPointExtension>
        </extensions>
      </trkpt>
      <trkpt lat="31.21946009807288646697998046875" lon="121.3883634097874164581298828125">
        <ele>13.6000003814697265625</ele>
        <time>2026-08-25T11:22:44.000Z</time>
        <extensions>
          <ns3:TrackPointExtension>
            <ns3:hr>144</ns3:hr>
            <ns3:cad>88</ns3:cad>
          </ns3:TrackPointExtension>
        </extensions>
      </trkpt>
      <trkpt lat="31.21948038227856159210205078125" lon="121.388360559940338134765625">
        <ele>13.80000019073486328125</ele>
        <time>2026-08-25T11:22:45.000Z</time>
        <extensions>
          <ns3:TrackPointExtension>
            <ns3:hr>144</ns3:hr>
            <ns3:cad>89</ns3:cad>
          </ns3:TrackPointExtension>
        </extensions>
      </trkpt>
      <trkpt lat="31.2195025943219661712646484375" lon="121.38835645280778408050537109375">
        <ele>13.80000019073486328125</ele>
        <time>2026-08-25T11:22:46.000Z</time>
        <extensions>
          <ns3:TrackPointExtension>
            <ns3:hr>144</ns3:hr>
            <ns3:cad>89</ns3:cad>
          </ns3:TrackPointExtension>
        </extensions>
      </trkpt>
      <trkpt lat="31.21952556073665618896484375" lon="121.38835075311362743377685546875">
        <ele>13.80000019073486328125</ele>
        <time>2026-08-25T11:22:47.000Z</time>
        <extensions>
          <ns3:TrackPointExtension>
            <ns3:hr>144</ns3:hr>
            <ns3:cad>90</ns3:cad>
          </ns3:TrackPointExtension>
        </extensions>
      </trkpt>
      <trkpt lat="31.21955514885485172271728515625" lon="121.3883543573319911956787109375">
        <ele>13.6000003814697265625</ele>
        <time>2026-08-25T11:22:48.000Z</time>
        <extensions>
          <ns3:TrackPointExtension>
            <ns3:hr>144</ns3:hr>
            <ns3:cad>90</ns3:cad>
          </ns3:TrackPointExtension>
        </extensions>
      </trkpt>
      <trkpt lat="31.21957157738506793975830078125" lon="121.388359554111957550048828125">
        <ele>13.3999996185302734375</ele>
        <time>2026-08-25T11:22:49.000Z</time>
        <extensions>
          <ns3:TrackPointExtension>
            <ns3:hr>144</ns3:hr>
            <ns3:cad>90</ns3:cad>
          </ns3:TrackPointExtension>
        </extensions>
      </trkpt>
      <trkpt lat="31.21959395706653594970703125" lon="121.38836131431162357330322265625">
        <ele>13.3999996185302734375</ele>
        <time>2026-08-25T11:22:50.000Z</time>
        <extensions>
          <ns3:TrackPointExtension>
            <ns3:hr>145</ns3:hr>
            <ns3:cad>90</ns3:cad>
          </ns3:TrackPointExtension>
        </extensions>
      </trkpt>
      <trkpt lat="31.21961365453898906707763671875" lon="121.388359554111957550048828125">
        <ele>13.19999980926513671875</ele>
        <time>2026-08-25T11:22:51.000Z</time>
        <extensions>
          <ns3:TrackPointExtension>
            <ns3:hr>145</ns3:hr>
            <ns3:cad>89</ns3:cad>
          </ns3:TrackPointExtension>
        </extensions>
      </trkpt>
      <trkpt lat="31.2196346931159496307373046875" lon="121.38835779391229152679443359375">
        <ele>13.19999980926513671875</ele>
        <time>2026-08-25T11:22:52.000Z</time>
        <extensions>
          <ns3:TrackPointExtension>
            <ns3:hr>145</ns3:hr>
            <ns3:cad>89</ns3:cad>
          </ns3:TrackPointExtension>
        </extensions>
      </trkpt>
      <trkpt lat="31.21965573169291019439697265625" lon="121.3883550278842449188232421875">
        <ele>13.19999980926513671875</ele>
        <time>2026-08-25T11:22:53.000Z</time>
        <extensions>
          <ns3:TrackPointExtension>
            <ns3:hr>146</ns3:hr>
            <ns3:cad>88</ns3:cad>
          </ns3:TrackPointExtension>
        </extensions>
      </trkpt>
      <trkpt lat="31.219678781926631927490234375" lon="121.388347484171390533447265625">
        <ele>13.19999980926513671875</ele>
        <time>2026-08-25T11:22:54.000Z</time>
        <extensions>
          <ns3:TrackPointExtension>
            <ns3:hr>146</ns3:hr>
            <ns3:cad>88</ns3:cad>
          </ns3:TrackPointExtension>
        </extensions>
      </trkpt>
      <trkpt lat="31.2197027541697025299072265625" lon="121.388344801962375640869140625">
        <ele>13.19999980926513671875</ele>
        <time>2026-08-25T11:22:55.000Z</time>
        <extensions>
          <ns3:TrackPointExtension>
            <ns3:hr>146</ns3:hr>
            <ns3:cad>87</ns3:cad>
          </ns3:TrackPointExtension>
        </extensions>
      </trkpt>
      <trkpt lat="31.219719685614109039306640625" lon="121.38833918608725070953369140625">
        <ele>13.3999996185302734375</ele>
        <time>2026-08-25T11:22:56.000Z</time>
        <extensions>
          <ns3:TrackPointExtension>
            <ns3:hr>146</ns3:hr>
            <ns3:cad>87</ns3:cad>
          </ns3:TrackPointExtension>
        </extensions>
      </trkpt>
      <trkpt lat="31.21974390931427478790283203125" lon="121.38833650387823581695556640625">
        <ele>13.3999996185302734375</ele>
        <time>2026-08-25T11:22:57.000Z</time>
        <extensions>
          <ns3:TrackPointExtension>
            <ns3:hr>146</ns3:hr>
            <ns3:cad>88</ns3:cad>
          </ns3:TrackPointExtension>
        </extensions>
      </trkpt>
      <trkpt lat="31.2197674624621868133544921875" lon="121.38833231292665004730224609375">
        <ele>13.6000003814697265625</ele>
        <time>2026-08-25T11:22:58.000Z</time>
        <extensions>
          <ns3:TrackPointExtension>
            <ns3:hr>147</ns3:hr>
            <ns3:cad>88</ns3:cad>
          </ns3:TrackPointExtension>
        </extensions>
      </trkpt>
      <trkpt lat="31.21979353018105030059814453125" lon="121.388332061469554901123046875">
        <ele>13.6000003814697265625</ele>
        <time>2026-08-25T11:22:59.000Z</time>
        <extensions>
          <ns3:TrackPointExtension>
            <ns3:hr>147</ns3:hr>
            <ns3:cad>88</ns3:cad>
          </ns3:TrackPointExtension>
        </extensions>
      </trkpt>
      <trkpt lat="31.21981867589056491851806640625" lon="121.38832728378474712371826171875">
        <ele>13.6000003814697265625</ele>
        <time>2026-08-25T11:23:00.000Z</time>
        <extensions>
          <ns3:TrackPointExtension>
            <ns3:hr>148</ns3:hr>
            <ns3:cad>88</ns3:cad>
          </ns3:TrackPointExtension>
        </extensions>
      </trkpt>
      <trkpt lat="31.2198445759713649749755859375" lon="121.38832359574735164642333984375">
        <ele>13.80000019073486328125</ele>
        <time>2026-08-25T11:23:01.000Z</time>
        <extensions>
          <ns3:TrackPointExtension>
            <ns3:hr>148</ns3:hr>
            <ns3:cad>87</ns3:cad>
          </ns3:TrackPointExtension>
        </extensions>
      </trkpt>
      <trkpt lat="31.2198680453002452850341796875" lon="121.38830917887389659881591796875">
        <ele>13.80000019073486328125</ele>
        <time>2026-08-25T11:23:02.000Z</time>
        <extensions>
          <ns3:TrackPointExtension>
            <ns3:hr>148</ns3:hr>
            <ns3:cad>87</ns3:cad>
          </ns3:TrackPointExtension>
        </extensions>
      </trkpt>
      <trkpt lat="31.2198843061923980712890625" lon="121.38828922994434833526611328125">
        <ele>13.80000019073486328125</ele>
        <time>2026-08-25T11:23:03.000Z</time>
        <extensions>
          <ns3:TrackPointExtension>
            <ns3:hr>148</ns3:hr>
            <ns3:cad>87</ns3:cad>
          </ns3:TrackPointExtension>
        </extensions>
      </trkpt>
      <trkpt lat="31.2198998965322971343994140625" lon="121.38825804926455020904541015625">
        <ele>13.80000019073486328125</ele>
        <time>2026-08-25T11:23:04.000Z</time>
        <extensions>
          <ns3:TrackPointExtension>
            <ns3:hr>148</ns3:hr>
            <ns3:cad>87</ns3:cad>
          </ns3:TrackPointExtension>
        </extensions>
      </trkpt>
      <trkpt lat="31.21990869753062725067138671875" lon="121.38823290355503559112548828125">
        <ele>14</ele>
        <time>2026-08-25T11:23:05.000Z</time>
        <extensions>
          <ns3:TrackPointExtension>
            <ns3:hr>148</ns3:hr>
            <ns3:cad>87</ns3:cad>
          </ns3:TrackPointExtension>
        </extensions>
      </trkpt>
      <trkpt lat="31.21991573832929134368896484375" lon="121.38820163905620574951171875">
        <ele>14</ele>
        <time>2026-08-25T11:23:06.000Z</time>
        <extensions>
          <ns3:TrackPointExtension>
            <ns3:hr>148</ns3:hr>
            <ns3:cad>85</ns3:cad>
          </ns3:TrackPointExtension>
        </extensions>
      </trkpt>
      <trkpt lat="31.219916157424449920654296875" lon="121.38817791827023029327392578125">
        <ele>14</ele>
        <time>2026-08-25T11:23:07.000Z</time>
        <extensions>
          <ns3:TrackPointExtension>
            <ns3:hr>148</ns3:hr>
            <ns3:cad>85</ns3:cad>
          </ns3:TrackPointExtension>
        </extensions>
      </trkpt>
      <trkpt lat="31.21992051601409912109375" lon="121.3881444744765758514404296875">
        <ele>14</ele>
        <time>2026-08-25T11:23:08.000Z</time>
        <extensions>
          <ns3:TrackPointExtension>
            <ns3:hr>148</ns3:hr>
            <ns3:cad>85</ns3:cad>
          </ns3:TrackPointExtension>
        </extensions>
      </trkpt>
      <trkpt lat="31.2199245393276214599609375" lon="121.3881258666515350341796875">
        <ele>14.19999980926513671875</ele>
        <time>2026-08-25T11:23:09.000Z</time>
        <extensions>
          <ns3:TrackPointExtension>
            <ns3:hr>147</ns3:hr>
            <ns3:cad>85</ns3:cad>
          </ns3:TrackPointExtension>
        </extensions>
      </trkpt>
      <trkpt lat="31.21992713771760463714599609375" lon="121.38809795491397380828857421875">
        <ele>14.19999980926513671875</ele>
        <time>2026-08-25T11:23:10.000Z</time>
        <extensions>
          <ns3:TrackPointExtension>
            <ns3:hr>147</ns3:hr>
            <ns3:cad>86</ns3:cad>
          </ns3:TrackPointExtension>
        </extensions>
      </trkpt>
      <trkpt lat="31.21992981992661952972412109375" lon="121.38807230629026889801025390625">
        <ele>14.19999980926513671875</ele>
        <time>2026-08-25T11:23:11.000Z</time>
        <extensions>
          <ns3:TrackPointExtension>
            <ns3:hr>147</ns3:hr>
            <ns3:cad>88</ns3:cad>
          </ns3:TrackPointExtension>
        </extensions>
      </trkpt>
      <trkpt lat="31.21993082575500011444091796875" lon="121.38804615475237369537353515625">
        <ele>14.19999980926513671875</ele>
        <time>2026-08-25T11:23:12.000Z</time>
        <extensions>
          <ns3:TrackPointExtension>
            <ns3:hr>147</ns3:hr>
            <ns3:cad>88</ns3:cad>
          </ns3:TrackPointExtension>
        </extensions>
      </trkpt>
      <trkpt lat="31.219925545156002044677734375" lon="121.3880224339663982391357421875">
        <ele>14.19999980926513671875</ele>
        <time>2026-08-25T11:23:13.000Z</time>
        <extensions>
          <ns3:TrackPointExtension>
            <ns3:hr>147</ns3:hr>
            <ns3:cad>88</ns3:cad>
          </ns3:TrackPointExtension>
        </extensions>
      </trkpt>
      <trkpt lat="31.2199193425476551055908203125" lon="121.38799586333334445953369140625">
        <ele>14.19999980926513671875</ele>
        <time>2026-08-25T11:23:14.000Z</time>
        <extensions>
          <ns3:TrackPointExtension>
            <ns3:hr>147</ns3:hr>
            <ns3:cad>87</ns3:cad>
          </ns3:TrackPointExtension>
        </extensions>
      </trkpt>
      <trkpt lat="31.21991758234798908233642578125" lon="121.38796627521514892578125">
        <ele>14.19999980926513671875</ele>
        <time>2026-08-25T11:23:15.000Z</time>
        <extensions>
          <ns3:TrackPointExtension>
            <ns3:hr>147</ns3:hr>
            <ns3:cad>87</ns3:cad>
          </ns3:TrackPointExtension>
        </extensions>
      </trkpt>
      <trkpt lat="31.21991188265383243560791015625" lon="121.38794423080980777740478515625">
        <ele>14.19999980926513671875</ele>
        <time>2026-08-25T11:23:16.000Z</time>
        <extensions>
          <ns3:TrackPointExtension>
            <ns3:hr>148</ns3:hr>
            <ns3:cad>89</ns3:cad>
          </ns3:TrackPointExtension>
        </extensions>
      </trkpt>
      <trkpt lat="31.2199109606444835662841796875" lon="121.38791305013000965118408203125">
        <ele>14.19999980926513671875</ele>
        <time>2026-08-25T11:23:17.000Z</time>
        <extensions>
          <ns3:TrackPointExtension>
            <ns3:hr>147</ns3:hr>
            <ns3:cad>89</ns3:cad>
          </ns3:TrackPointExtension>
        </extensions>
      </trkpt>
      <trkpt lat="31.219912469387054443359375" lon="121.38789544813334941864013671875">
        <ele>14.19999980926513671875</ele>
        <time>2026-08-25T11:23:18.000Z</time>
        <extensions>
          <ns3:TrackPointExtension>
            <ns3:hr>147</ns3:hr>
            <ns3:cad>88</ns3:cad>
          </ns3:TrackPointExtension>
        </extensions>
      </trkpt>
      <trkpt lat="31.21991221792995929718017578125" lon="121.38786594383418560028076171875">
        <ele>14.19999980926513671875</ele>
        <time>2026-08-25T11:23:19.000Z</time>
        <extensions>
          <ns3:TrackPointExtension>
            <ns3:hr>147</ns3:hr>
            <ns3:cad>88</ns3:cad>
          </ns3:TrackPointExtension>
        </extensions>
      </trkpt>
      <trkpt lat="31.21990886516869068145751953125" lon="121.3878407143056392669677734375">
        <ele>14.19999980926513671875</ele>
        <time>2026-08-25T11:23:20.000Z</time>
        <extensions>
          <ns3:TrackPointExtension>
            <ns3:hr>148</ns3:hr>
            <ns3:cad>88</ns3:cad>
          </ns3:TrackPointExtension>
        </extensions>
      </trkpt>
      <trkpt lat="31.219911463558673858642578125" lon="121.38780693523585796356201171875">
        <ele>14</ele>
        <time>2026-08-25T11:23:21.000Z</time>
        <extensions>
          <ns3:TrackPointExtension>
            <ns3:hr>148</ns3:hr>
            <ns3:cad>88</ns3:cad>
          </ns3:TrackPointExtension>
        </extensions>
      </trkpt>
      <trkpt lat="31.219907440245151519775390625" lon="121.38778346590697765350341796875">
        <ele>14</ele>
        <time>2026-08-25T11:23:22.000Z</time>
        <extensions>
          <ns3:TrackPointExtension>
            <ns3:hr>148</ns3:hr>
            <ns3:cad>89</ns3:cad>
          </ns3:TrackPointExtension>
        </extensions>
      </trkpt>
      <trkpt lat="31.21990802697837352752685546875" lon="121.38775362633168697357177734375">
        <ele>14</ele>
        <time>2026-08-25T11:23:23.000Z</time>
        <extensions>
          <ns3:TrackPointExtension>
            <ns3:hr>149</ns3:hr>
            <ns3:cad>89</ns3:cad>
          </ns3:TrackPointExtension>
        </extensions>
      </trkpt>
      <trkpt lat="31.21990735642611980438232421875" lon="121.3877307437360286712646484375">
        <ele>13.80000019073486328125</ele>
        <time>2026-08-25T11:23:24.000Z</time>
        <extensions>
          <ns3:TrackPointExtension>
            <ns3:hr>149</ns3:hr>
            <ns3:cad>89</ns3:cad>
          </ns3:TrackPointExtension>
        </extensions>
      </trkpt>
      <trkpt lat="31.21991020627319812774658203125" lon="121.38769847340881824493408203125">
        <ele>13.80000019073486328125</ele>
        <time>2026-08-25T11:23:25.000Z</time>
        <extensions>
          <ns3:TrackPointExtension>
            <ns3:hr>149</ns3:hr>
            <ns3:cad>89</ns3:cad>
          </ns3:TrackPointExtension>
        </extensions>
      </trkpt>
      <trkpt lat="31.2199111282825469970703125" lon="121.3876740820705890655517578125">
        <ele>13.80000019073486328125</ele>
        <time>2026-08-25T11:23:26.000Z</time>
        <extensions>
          <ns3:TrackPointExtension>
            <ns3:hr>149</ns3:hr>
            <ns3:cad>88</ns3:cad>
          </ns3:TrackPointExtension>
        </extensions>
      </trkpt>
      <trkpt lat="31.2199112959206104278564453125" lon="121.38763627968728542327880859375">
        <ele>13.80000019073486328125</ele>
        <time>2026-08-25T11:23:27.000Z</time>
        <extensions>
          <ns3:TrackPointExtension>
            <ns3:hr>150</ns3:hr>
            <ns3:cad>88</ns3:cad>
          </ns3:TrackPointExtension>
        </extensions>
      </trkpt>
      <trkpt lat="31.2199102900922298431396484375" lon="121.38761155307292938232421875">
        <ele>13.80000019073486328125</ele>
        <time>2026-08-25T11:23:28.000Z</time>
        <extensions>
          <ns3:TrackPointExtension>
            <ns3:hr>150</ns3:hr>
            <ns3:cad>88</ns3:cad>
          </ns3:TrackPointExtension>
        </extensions>
      </trkpt>
      <trkpt lat="31.2199049256742000579833984375" lon="121.38757777400314807891845703125">
        <ele>13.80000019073486328125</ele>
        <time>2026-08-25T11:23:29.000Z</time>
        <extensions>
          <ns3:TrackPointExtension>
            <ns3:hr>150</ns3:hr>
            <ns3:cad>88</ns3:cad>
          </ns3:TrackPointExtension>
        </extensions>
      </trkpt>
      <trkpt lat="31.21990232728421688079833984375" lon="121.3875507004559040069580078125">
        <ele>13.80000019073486328125</ele>
        <time>2026-08-25T11:23:30.000Z</time>
        <extensions>
          <ns3:TrackPointExtension>
            <ns3:hr>150</ns3:hr>
            <ns3:cad>88</ns3:cad>
          </ns3:TrackPointExtension>
        </extensions>
      </trkpt>
      <trkpt lat="31.2198958732187747955322265625" lon="121.387522704899311065673828125">
        <ele>13.80000019073486328125</ele>
        <time>2026-08-25T11:23:31.000Z</time>
        <extensions>
          <ns3:TrackPointExtension>
            <ns3:hr>150</ns3:hr>
            <ns3:cad>88</ns3:cad>
          </ns3:TrackPointExtension>
        </extensions>
      </trkpt>
      <trkpt lat="31.21989411301910877227783203125" lon="121.38749831356108188629150390625">
        <ele>13.80000019073486328125</ele>
        <time>2026-08-25T11:23:32.000Z</time>
        <extensions>
          <ns3:TrackPointExtension>
            <ns3:hr>150</ns3:hr>
            <ns3:cad>87</ns3:cad>
          </ns3:TrackPointExtension>
        </extensions>
      </trkpt>
      <trkpt lat="31.21989126317203044891357421875" lon="121.38747232966125011444091796875">
        <ele>13.80000019073486328125</ele>
        <time>2026-08-25T11:23:33.000Z</time>
        <extensions>
          <ns3:TrackPointExtension>
            <ns3:hr>149</ns3:hr>
            <ns3:cad>87</ns3:cad>
          </ns3:TrackPointExtension>
        </extensions>
      </trkpt>
      <trkpt lat="31.21989226900041103363037109375" lon="121.38744584284722805023193359375">
        <ele>13.80000019073486328125</ele>
        <time>2026-08-25T11:23:34.000Z</time>
        <extensions>
          <ns3:TrackPointExtension>
            <ns3:hr>149</ns3:hr>
            <ns3:cad>87</ns3:cad>
          </ns3:TrackPointExtension>
        </extensions>
      </trkpt>
      <trkpt lat="31.219891011714935302734375" lon="121.387419439852237701416015625">
        <ele>13.80000019073486328125</ele>
        <time>2026-08-25T11:23:35.000Z</time>
        <extensions>
          <ns3:TrackPointExtension>
            <ns3:hr>149</ns3:hr>
            <ns3:cad>89</ns3:cad>
          </ns3:TrackPointExtension>
        </extensions>
      </trkpt>
      <trkpt lat="31.2198958732187747955322265625" lon="121.38739764690399169921875">
        <ele>13.80000019073486328125</ele>
        <time>2026-08-25T11:23:36.000Z</time>
        <extensions>
          <ns3:TrackPointExtension>
            <ns3:hr>149</ns3:hr>
            <ns3:cad>89</ns3:cad>
          </ns3:TrackPointExtension>
        </extensions>
      </trkpt>
      <trkpt lat="31.21989034116268157958984375" lon="121.38736705295741558074951171875">
        <ele>13.80000019073486328125</ele>
        <time>2026-08-25T11:23:37.000Z</time>
        <extensions>
          <ns3:TrackPointExtension>
            <ns3:hr>149</ns3:hr>
            <ns3:cad>88</ns3:cad>
          </ns3:TrackPointExtension>
        </extensions>
      </trkpt>
      <trkpt lat="31.2198923528194427490234375" lon="121.38734073378145694732666015625">
        <ele>13.80000019073486328125</ele>
        <time>2026-08-25T11:23:38.000Z</time>
        <extensions>
          <ns3:TrackPointExtension>
            <ns3:hr>149</ns3:hr>
            <ns3:cad>88</ns3:cad>
          </ns3:TrackPointExtension>
        </extensions>
      </trkpt>
      <trkpt lat="31.2198898382484912872314453125" lon="121.387314498424530029296875">
        <ele>13.80000019073486328125</ele>
        <time>2026-08-25T11:23:39.000Z</time>
        <extensions>
          <ns3:TrackPointExtension>
            <ns3:hr>148</ns3:hr>
            <ns3:cad>88</ns3:cad>
          </ns3:TrackPointExtension>
        </extensions>
      </trkpt>
      <trkpt lat="31.21989159844815731048583984375" lon="121.3872844912111759185791015625">
        <ele>13.6000003814697265625</ele>
        <time>2026-08-25T11:23:40.000Z</time>
        <extensions>
          <ns3:TrackPointExtension>
            <ns3:hr>148</ns3:hr>
            <ns3:cad>88</ns3:cad>
          </ns3:TrackPointExtension>
        </extensions>
      </trkpt>
      <trkpt lat="31.219889335334300994873046875" lon="121.387261860072612762451171875">
        <ele>13.80000019073486328125</ele>
        <time>2026-08-25T11:23:41.000Z</time>
        <extensions>
          <ns3:TrackPointExtension>
            <ns3:hr>148</ns3:hr>
            <ns3:cad>90</ns3:cad>
          </ns3:TrackPointExtension>
        </extensions>
      </trkpt>
      <trkpt lat="31.219887994229793548583984375" lon="121.3872298412024974822998046875">
        <ele>13.80000019073486328125</ele>
        <time>2026-08-25T11:23:42.000Z</time>
        <extensions>
          <ns3:TrackPointExtension>
            <ns3:hr>147</ns3:hr>
            <ns3:cad>90</ns3:cad>
          </ns3:TrackPointExtension>
        </extensions>
      </trkpt>
      <trkpt lat="31.219880282878875732421875" lon="121.387209556996822357177734375">
        <ele>13.80000019073486328125</ele>
        <time>2026-08-25T11:23:43.000Z</time>
        <extensions>
          <ns3:TrackPointExtension>
            <ns3:hr>147</ns3:hr>
            <ns3:cad>88</ns3:cad>
          </ns3:TrackPointExtension>
        </extensions>
      </trkpt>
      <trkpt lat="31.21987651102244853973388671875" lon="121.38717561028897762298583984375">
        <ele>13.80000019073486328125</ele>
        <time>2026-08-25T11:23:44.000Z</time>
        <extensions>
          <ns3:TrackPointExtension>
            <ns3:hr>146</ns3:hr>
            <ns3:cad>87</ns3:cad>
          </ns3:TrackPointExtension>
        </extensions>
      </trkpt>
      <trkpt lat="31.21987382881343364715576171875" lon="121.3871517218649387359619140625">
        <ele>13.80000019073486328125</ele>
        <time>2026-08-25T11:23:45.000Z</time>
        <extensions>
          <ns3:TrackPointExtension>
            <ns3:hr>146</ns3:hr>
            <ns3:cad>87</ns3:cad>
          </ns3:TrackPointExtension>
        </extensions>
      </trkpt>
      <trkpt lat="31.21987047605216503143310546875" lon="121.38711442239582538604736328125">
        <ele>14</ele>
        <time>2026-08-25T11:23:46.000Z</time>
        <extensions>
          <ns3:TrackPointExtension>
            <ns3:hr>146</ns3:hr>
            <ns3:cad>87</ns3:cad>
          </ns3:TrackPointExtension>
        </extensions>
      </trkpt>
      <trkpt lat="31.2198663689196109771728515625" lon="121.3870943896472454071044921875">
        <ele>13.80000019073486328125</ele>
        <time>2026-08-25T11:23:47.000Z</time>
        <extensions>
          <ns3:TrackPointExtension>
            <ns3:hr>145</ns3:hr>
            <ns3:cad>88</ns3:cad>
          </ns3:TrackPointExtension>
        </extensions>
      </trkpt>
      <trkpt lat="31.21986494399607181549072265625" lon="121.3870642147958278656005859375">
        <ele>13.80000019073486328125</ele>
        <time>2026-08-25T11:23:48.000Z</time>
        <extensions>
          <ns3:TrackPointExtension>
            <ns3:hr>145</ns3:hr>
            <ns3:cad>88</ns3:cad>
          </ns3:TrackPointExtension>
        </extensions>
      </trkpt>
      <trkpt lat="31.219861842691898345947265625" lon="121.38703848235309123992919921875">
        <ele>13.80000019073486328125</ele>
        <time>2026-08-25T11:23:49.000Z</time>
        <extensions>
          <ns3:TrackPointExtension>
            <ns3:hr>145</ns3:hr>
            <ns3:cad>88</ns3:cad>
          </ns3:TrackPointExtension>
        </extensions>
      </trkpt>
      <trkpt lat="31.21985907666385173797607421875" lon="121.3870127499103546142578125">
        <ele>14</ele>
        <time>2026-08-25T11:23:50.000Z</time>
        <extensions>
          <ns3:TrackPointExtension>
            <ns3:hr>144</ns3:hr>
            <ns3:cad>87</ns3:cad>
          </ns3:TrackPointExtension>
        </extensions>
      </trkpt>
      <trkpt lat="31.21986092068254947662353515625" lon="121.3869850896298885345458984375">
        <ele>13.80000019073486328125</ele>
        <time>2026-08-25T11:23:51.000Z</time>
        <extensions>
          <ns3:TrackPointExtension>
            <ns3:hr>144</ns3:hr>
            <ns3:cad>87</ns3:cad>
          </ns3:TrackPointExtension>
        </extensions>
      </trkpt>
      <trkpt lat="31.219858489930629730224609375" lon="121.386958770453929901123046875">
        <ele>13.80000019073486328125</ele>
        <time>2026-08-25T11:23:52.000Z</time>
        <extensions>
          <ns3:TrackPointExtension>
            <ns3:hr>144</ns3:hr>
            <ns3:cad>87</ns3:cad>
          </ns3:TrackPointExtension>
        </extensions>
      </trkpt>
      <trkpt lat="31.21985681354999542236328125" lon="121.3869304396212100982666015625">
        <ele>13.80000019073486328125</ele>
        <time>2026-08-25T11:23:53.000Z</time>
        <extensions>
          <ns3:TrackPointExtension>
            <ns3:hr>144</ns3:hr>
            <ns3:cad>87</ns3:cad>
          </ns3:TrackPointExtension>
        </extensions>
      </trkpt>
      <trkpt lat="31.219853125512599945068359375" lon="121.3869046233594417572021484375">
        <ele>13.80000019073486328125</ele>
        <time>2026-08-25T11:23:54.000Z</time>
        <extensions>
          <ns3:TrackPointExtension>
            <ns3:hr>144</ns3:hr>
            <ns3:cad>89</ns3:cad>
          </ns3:TrackPointExtension>
        </extensions>
      </trkpt>
      <trkpt lat="31.2198569811880588531494140625" lon="121.3868705928325653076171875">
        <ele>13.80000019073486328125</ele>
        <time>2026-08-25T11:23:55.000Z</time>
        <extensions>
          <ns3:TrackPointExtension>
            <ns3:hr>144</ns3:hr>
            <ns3:cad>89</ns3:cad>
          </ns3:TrackPointExtension>
        </extensions>
      </trkpt>
      <trkpt lat="31.21985270641744136810302734375" lon="121.38684519566595554351806640625">
        <ele>13.80000019073486328125</ele>
        <time>2026-08-25T11:23:56.000Z</time>
        <extensions>
          <ns3:TrackPointExtension>
            <ns3:hr>143</ns3:hr>
            <ns3:cad>88</ns3:cad>
          </ns3:TrackPointExtension>
        </extensions>
      </trkpt>
      <trkpt lat="31.21985555626451969146728515625" lon="121.3868129253387451171875">
        <ele>13.80000019073486328125</ele>
        <time>2026-08-25T11:23:57.000Z</time>
        <extensions>
          <ns3:TrackPointExtension>
            <ns3:hr>144</ns3:hr>
            <ns3:cad>88</ns3:cad>
          </ns3:TrackPointExtension>
        </extensions>
      </trkpt>
      <trkpt lat="31.21985505335032939910888671875" lon="121.38678769581019878387451171875">
        <ele>13.80000019073486328125</ele>
        <time>2026-08-25T11:23:58.000Z</time>
        <extensions>
          <ns3:TrackPointExtension>
            <ns3:hr>143</ns3:hr>
            <ns3:cad>87</ns3:cad>
          </ns3:TrackPointExtension>
        </extensions>
      </trkpt>
      <trkpt lat="31.219855807721614837646484375" lon="121.3867607899010181427001953125">
        <ele>13.80000019073486328125</ele>
        <time>2026-08-25T11:23:59.000Z</time>
        <extensions>
          <ns3:TrackPointExtension>
            <ns3:hr>143</ns3:hr>
            <ns3:cad>87</ns3:cad>
          </ns3:TrackPointExtension>
        </extensions>
      </trkpt>
      <trkpt lat="31.21985740028321743011474609375" lon="121.38673556037247180938720703125">
        <ele>13.80000019073486328125</ele>
        <time>2026-08-25T11:24:00.000Z</time>
        <extensions>
          <ns3:TrackPointExtension>
            <ns3:hr>143</ns3:hr>
            <ns3:cad>89</ns3:cad>
          </ns3:TrackPointExtension>
        </extensions>
      </trkpt>
      <trkpt lat="31.21985740028321743011474609375" lon="121.3867007754743099212646484375">
        <ele>13.80000019073486328125</ele>
        <time>2026-08-25T11:24:01.000Z</time>
        <extensions>
          <ns3:TrackPointExtension>
            <ns3:hr>143</ns3:hr>
            <ns3:cad>89</ns3:cad>
          </ns3:TrackPointExtension>
        </extensions>
      </trkpt>
      <trkpt lat="31.21985438279807567596435546875" lon="121.38667889870703220367431640625">
        <ele>13.80000019073486328125</ele>
        <time>2026-08-25T11:24:02.000Z</time>
        <extensions>
          <ns3:TrackPointExtension>
            <ns3:hr>142</ns3:hr>
            <ns3:cad>88</ns3:cad>
          </ns3:TrackPointExtension>
        </extensions>
      </trkpt>
      <trkpt lat="31.2198601663112640380859375" lon="121.3866390846669673919677734375">
        <ele>14</ele>
        <time>2026-08-25T11:24:03.000Z</time>
        <extensions>
          <ns3:TrackPointExtension>
            <ns3:hr>142</ns3:hr>
            <ns3:cad>88</ns3:cad>
          </ns3:TrackPointExtension>
        </extensions>
      </trkpt>
      <trkpt lat="31.21985857374966144561767578125" lon="121.38661167584359645843505859375">
        <ele>14</ele>
        <time>2026-08-25T11:24:04.000Z</time>
        <extensions>
          <ns3:TrackPointExtension>
            <ns3:hr>142</ns3:hr>
            <ns3:cad>88</ns3:cad>
          </ns3:TrackPointExtension>
        </extensions>
      </trkpt>
      <trkpt lat="31.21985505335032939910888671875" lon="121.38657622039318084716796875">
        <ele>14</ele>
        <time>2026-08-25T11:24:05.000Z</time>
        <extensions>
          <ns3:TrackPointExtension>
            <ns3:hr>142</ns3:hr>
            <ns3:cad>88</ns3:cad>
          </ns3:TrackPointExtension>
        </extensions>
      </trkpt>
      <trkpt lat="31.21985505335032939910888671875" lon="121.38654696755111217498779296875">
        <ele>14</ele>
        <time>2026-08-25T11:24:06.000Z</time>
        <extensions>
          <ns3:TrackPointExtension>
            <ns3:hr>142</ns3:hr>
            <ns3:cad>88</ns3:cad>
          </ns3:TrackPointExtension>
        </extensions>
      </trkpt>
      <trkpt lat="31.21985371224582195281982421875" lon="121.3865190558135509490966796875">
        <ele>14</ele>
        <time>2026-08-25T11:24:07.000Z</time>
        <extensions>
          <ns3:TrackPointExtension>
            <ns3:hr>142</ns3:hr>
            <ns3:cad>88</ns3:cad>
          </ns3:TrackPointExtension>
        </extensions>
      </trkpt>
      <trkpt lat="31.2198586575686931610107421875" lon="121.38648913241922855377197265625">
        <ele>14</ele>
        <time>2026-08-25T11:24:08.000Z</time>
        <extensions>
          <ns3:TrackPointExtension>
            <ns3:hr>142</ns3:hr>
            <ns3:cad>87</ns3:cad>
          </ns3:TrackPointExtension>
        </extensions>
      </trkpt>
      <trkpt lat="31.21985421516001224517822265625" lon="121.3864630647003650665283203125">
        <ele>14</ele>
        <time>2026-08-25T11:24:09.000Z</time>
        <extensions>
          <ns3:TrackPointExtension>
            <ns3:hr>142</ns3:hr>
            <ns3:cad>87</ns3:cad>
          </ns3:TrackPointExtension>
        </extensions>
      </trkpt>
      <trkpt lat="31.21985614299774169921875" lon="121.38643431477248668670654296875">
        <ele>14</ele>
        <time>2026-08-25T11:24:10.000Z</time>
        <extensions>
          <ns3:TrackPointExtension>
            <ns3:hr>142</ns3:hr>
            <ns3:cad>87</ns3:cad>
          </ns3:TrackPointExtension>
        </extensions>
      </trkpt>
      <trkpt lat="31.21985605917870998382568359375" lon="121.38640724122524261474609375">
        <ele>13.80000019073486328125</ele>
        <time>2026-08-25T11:24:11.000Z</time>
        <extensions>
          <ns3:TrackPointExtension>
            <ns3:hr>142</ns3:hr>
            <ns3:cad>87</ns3:cad>
          </ns3:TrackPointExtension>
        </extensions>
      </trkpt>
      <trkpt lat="31.2198579870164394378662109375" lon="121.38637949712574481964111328125">
        <ele>13.80000019073486328125</ele>
        <time>2026-08-25T11:24:12.000Z</time>
        <extensions>
          <ns3:TrackPointExtension>
            <ns3:hr>143</ns3:hr>
            <ns3:cad>88</ns3:cad>
          </ns3:TrackPointExtension>
        </extensions>
      </trkpt>
      <trkpt lat="31.21985823847353458404541015625" lon="121.38635627925395965576171875">
        <ele>13.80000019073486328125</ele>
        <time>2026-08-25T11:24:13.000Z</time>
        <extensions>
          <ns3:TrackPointExtension>
            <ns3:hr>143</ns3:hr>
            <ns3:cad>88</ns3:cad>
          </ns3:TrackPointExtension>
        </extensions>
      </trkpt>
      <trkpt lat="31.2198579870164394378662109375" lon="121.38633239082992076873779296875">
        <ele>13.80000019073486328125</ele>
        <time>2026-08-25T11:24:14.000Z</time>
        <extensions>
          <ns3:TrackPointExtension>
            <ns3:hr>143</ns3:hr>
            <ns3:cad>88</ns3:cad>
          </ns3:TrackPointExtension>
        </extensions>
      </trkpt>
      <trkpt lat="31.21985639445483684539794921875" lon="121.38630758039653301239013671875">
        <ele>13.6000003814697265625</ele>
        <time>2026-08-25T11:24:15.000Z</time>
        <extensions>
          <ns3:TrackPointExtension>
            <ns3:hr>144</ns3:hr>
            <ns3:cad>87</ns3:cad>
          </ns3:TrackPointExtension>
        </extensions>
      </trkpt>
      <trkpt lat="31.219859160482883453369140625" lon="121.38627656735479831695556640625">
        <ele>13.6000003814697265625</ele>
        <time>2026-08-25T11:24:16.000Z</time>
        <extensions>
          <ns3:TrackPointExtension>
            <ns3:hr>144</ns3:hr>
            <ns3:cad>87</ns3:cad>
          </ns3:TrackPointExtension>
        </extensions>
      </trkpt>
      <trkpt lat="31.21985404752194881439208984375" lon="121.38625158928334712982177734375">
        <ele>13.6000003814697265625</ele>
        <time>2026-08-25T11:24:17.000Z</time>
        <extensions>
          <ns3:TrackPointExtension>
            <ns3:hr>145</ns3:hr>
            <ns3:cad>87</ns3:cad>
          </ns3:TrackPointExtension>
        </extensions>
      </trkpt>
      <trkpt lat="31.2198556400835514068603515625" lon="121.38621814548969268798828125">
        <ele>13.6000003814697265625</ele>
        <time>2026-08-25T11:24:18.000Z</time>
        <extensions>
          <ns3:TrackPointExtension>
            <ns3:hr>145</ns3:hr>
            <ns3:cad>88</ns3:cad>
          </ns3:TrackPointExtension>
        </extensions>
      </trkpt>
      <trkpt lat="31.219855137169361114501953125" lon="121.3861965201795101165771484375">
        <ele>13.6000003814697265625</ele>
        <time>2026-08-25T11:24:19.000Z</time>
        <extensions>
          <ns3:TrackPointExtension>
            <ns3:hr>145</ns3:hr>
            <ns3:cad>88</ns3:cad>
          </ns3:TrackPointExtension>
        </extensions>
      </trkpt>
      <trkpt lat="31.219857819378376007080078125" lon="121.3861666806042194366455078125">
        <ele>13.6000003814697265625</ele>
        <time>2026-08-25T11:24:20.000Z</time>
        <extensions>
          <ns3:TrackPointExtension>
            <ns3:hr>145</ns3:hr>
            <ns3:cad>88</ns3:cad>
          </ns3:TrackPointExtension>
        </extensions>
      </trkpt>
      <trkpt lat="31.21985740028321743011474609375" lon="121.3861437141895294189453125">
        <ele>13.6000003814697265625</ele>
        <time>2026-08-25T11:24:21.000Z</time>
        <extensions>
          <ns3:TrackPointExtension>
            <ns3:hr>145</ns3:hr>
            <ns3:cad>88</ns3:cad>
          </ns3:TrackPointExtension>
        </extensions>
      </trkpt>
      <trkpt lat="31.21985413134098052978515625" lon="121.38611714355647563934326171875">
        <ele>13.6000003814697265625</ele>
        <time>2026-08-25T11:24:22.000Z</time>
        <extensions>
          <ns3:TrackPointExtension>
            <ns3:hr>145</ns3:hr>
            <ns3:cad>88</ns3:cad>
          </ns3:TrackPointExtension>
        </extensions>
      </trkpt>
      <trkpt lat="31.2198529578745365142822265625" lon="121.38608998619019985198974609375">
        <ele>13.6000003814697265625</ele>
        <time>2026-08-25T11:24:23.000Z</time>
        <extensions>
          <ns3:TrackPointExtension>
            <ns3:hr>145</ns3:hr>
            <ns3:cad>88</ns3:cad>
          </ns3:TrackPointExtension>
        </extensions>
      </trkpt>
      <trkpt lat="31.21985304169356822967529296875" lon="121.386060230433940887451171875">
        <ele>13.6000003814697265625</ele>
        <time>2026-08-25T11:24:24.000Z</time>
        <extensions>
          <ns3:TrackPointExtension>
            <ns3:hr>145</ns3:hr>
            <ns3:cad>88</ns3:cad>
          </ns3:TrackPointExtension>
        </extensions>
      </trkpt>
      <trkpt lat="31.2198506109416484832763671875" lon="121.38603265397250652313232421875">
        <ele>13.80000019073486328125</ele>
        <time>2026-08-25T11:24:25.000Z</time>
        <extensions>
          <ns3:TrackPointExtension>
            <ns3:hr>146</ns3:hr>
            <ns3:cad>89</ns3:cad>
          </ns3:TrackPointExtension>
        </extensions>
      </trkpt>
      <trkpt lat="31.2198432348668575286865234375" lon="121.3860069215297698974609375">
        <ele>13.80000019073486328125</ele>
        <time>2026-08-25T11:24:26.000Z</time>
        <extensions>
          <ns3:TrackPointExtension>
            <ns3:hr>145</ns3:hr>
            <ns3:cad>89</ns3:cad>
          </ns3:TrackPointExtension>
        </extensions>
      </trkpt>
      <trkpt lat="31.21984264813363552093505859375" lon="121.38598001562058925628662109375">
        <ele>13.80000019073486328125</ele>
        <time>2026-08-25T11:24:27.000Z</time>
        <extensions>
          <ns3:TrackPointExtension>
            <ns3:hr>145</ns3:hr>
            <ns3:cad>88</ns3:cad>
          </ns3:TrackPointExtension>
        </extensions>
      </trkpt>
      <trkpt lat="31.21984398923814296722412109375" lon="121.385961659252643585205078125">
        <ele>13.6000003814697265625</ele>
        <time>2026-08-25T11:24:28.000Z</time>
        <extensions>
          <ns3:TrackPointExtension>
            <ns3:hr>146</ns3:hr>
            <ns3:cad>87</ns3:cad>
          </ns3:TrackPointExtension>
        </extensions>
      </trkpt>
      <trkpt lat="31.21984818018972873687744140625" lon="121.3859303109347820281982421875">
        <ele>13.6000003814697265625</ele>
        <time>2026-08-25T11:24:29.000Z</time>
        <extensions>
          <ns3:TrackPointExtension>
            <ns3:hr>145</ns3:hr>
            <ns3:cad>87</ns3:cad>
          </ns3:TrackPointExtension>
        </extensions>
      </trkpt>
      <trkpt lat="31.21984968893229961395263671875" lon="121.3859095238149166107177734375">
        <ele>13.6000003814697265625</ele>
        <time>2026-08-25T11:24:30.000Z</time>
        <extensions>
          <ns3:TrackPointExtension>
            <ns3:hr>145</ns3:hr>
            <ns3:cad>87</ns3:cad>
          </ns3:TrackPointExtension>
        </extensions>
      </trkpt>
      <trkpt lat="31.2198506109416484832763671875" lon="121.3858746550977230072021484375">
        <ele>13.6000003814697265625</ele>
        <time>2026-08-25T11:24:31.000Z</time>
        <extensions>
          <ns3:TrackPointExtension>
            <ns3:hr>145</ns3:hr>
            <ns3:cad>89</ns3:cad>
          </ns3:TrackPointExtension>
        </extensions>
      </trkpt>
      <trkpt lat="31.21985010802745819091796875" lon="121.3858545385301113128662109375">
        <ele>13.6000003814697265625</ele>
        <time>2026-08-25T11:24:32.000Z</time>
        <extensions>
          <ns3:TrackPointExtension>
            <ns3:hr>144</ns3:hr>
            <ns3:cad>89</ns3:cad>
          </ns3:TrackPointExtension>
        </extensions>
      </trkpt>
      <trkpt lat="31.2198506109416484832763671875" lon="121.38582176528871059417724609375">
        <ele>13.80000019073486328125</ele>
        <time>2026-08-25T11:24:33.000Z</time>
        <extensions>
          <ns3:TrackPointExtension>
            <ns3:hr>144</ns3:hr>
            <ns3:cad>88</ns3:cad>
          </ns3:TrackPointExtension>
        </extensions>
      </trkpt>
      <trkpt lat="31.2198507785797119140625" lon="121.38579611666500568389892578125">
        <ele>13.80000019073486328125</ele>
        <time>2026-08-25T11:24:34.000Z</time>
        <extensions>
          <ns3:TrackPointExtension>
            <ns3:hr>144</ns3:hr>
            <ns3:cad>87</ns3:cad>
          </ns3:TrackPointExtension>
        </extensions>
      </trkpt>
      <trkpt lat="31.219848431646823883056640625" lon="121.38576426543295383453369140625">
        <ele>13.80000019073486328125</ele>
        <time>2026-08-25T11:24:35.000Z</time>
        <extensions>
          <ns3:TrackPointExtension>
            <ns3:hr>144</ns3:hr>
            <ns3:cad>87</ns3:cad>
          </ns3:TrackPointExtension>
        </extensions>
      </trkpt>
      <trkpt lat="31.2198506109416484832763671875" lon="121.38574113138020038604736328125">
        <ele>13.80000019073486328125</ele>
        <time>2026-08-25T11:24:36.000Z</time>
        <extensions>
          <ns3:TrackPointExtension>
            <ns3:hr>144</ns3:hr>
            <ns3:cad>87</ns3:cad>
          </ns3:TrackPointExtension>
        </extensions>
      </trkpt>
      <trkpt lat="31.2198499403893947601318359375" lon="121.385713554918766021728515625">
        <ele>13.80000019073486328125</ele>
        <time>2026-08-25T11:24:37.000Z</time>
        <extensions>
          <ns3:TrackPointExtension>
            <ns3:hr>144</ns3:hr>
            <ns3:cad>88</ns3:cad>
          </ns3:TrackPointExtension>
        </extensions>
      </trkpt>
      <trkpt lat="31.219850443303585052490234375" lon="121.3856885768473148345947265625">
        <ele>13.80000019073486328125</ele>
        <time>2026-08-25T11:24:38.000Z</time>
        <extensions>
          <ns3:TrackPointExtension>
            <ns3:hr>144</ns3:hr>
            <ns3:cad>88</ns3:cad>
          </ns3:TrackPointExtension>
        </extensions>
      </trkpt>
      <trkpt lat="31.21985010802745819091796875" lon="121.38566561043262481689453125">
        <ele>13.80000019073486328125</ele>
        <time>2026-08-25T11:24:39.000Z</time>
        <extensions>
          <ns3:TrackPointExtension>
            <ns3:hr>144</ns3:hr>
            <ns3:cad>88</ns3:cad>
          </ns3:TrackPointExtension>
        </extensions>
      </trkpt>
      <trkpt lat="31.21984968893229961395263671875" lon="121.38563736341893672943115234375">
        <ele>13.80000019073486328125</ele>
        <time>2026-08-25T11:24:40.000Z</time>
        <extensions>
          <ns3:TrackPointExtension>
            <ns3:hr>144</ns3:hr>
            <ns3:cad>87</ns3:cad>
          </ns3:TrackPointExtension>
        </extensions>
      </trkpt>
      <trkpt lat="31.21983208693563938140869140625" lon="121.385619342327117919921875">
        <ele>13.80000019073486328125</ele>
        <time>2026-08-25T11:24:41.000Z</time>
        <extensions>
          <ns3:TrackPointExtension>
            <ns3:hr>144</ns3:hr>
            <ns3:cad>87</ns3:cad>
          </ns3:TrackPointExtension>
        </extensions>
      </trkpt>
      <trkpt lat="31.219822950661182403564453125" lon="121.38559176586568355560302734375">
        <ele>13.80000019073486328125</ele>
        <time>2026-08-25T11:24:42.000Z</time>
        <extensions>
          <ns3:TrackPointExtension>
            <ns3:hr>144</ns3:hr>
            <ns3:cad>87</ns3:cad>
          </ns3:TrackPointExtension>
        </extensions>
      </trkpt>
      <trkpt lat="31.2198117189109325408935546875" lon="121.38557064346969127655029296875">
        <ele>13.80000019073486328125</ele>
        <time>2026-08-25T11:24:43.000Z</time>
        <extensions>
          <ns3:TrackPointExtension>
            <ns3:hr>144</ns3:hr>
            <ns3:cad>88</ns3:cad>
          </ns3:TrackPointExtension>
        </extensions>
      </trkpt>
      <trkpt lat="31.2197984755039215087890625" lon="121.385539881885051727294921875">
        <ele>13.80000019073486328125</ele>
        <time>2026-08-25T11:24:44.000Z</time>
        <extensions>
          <ns3:TrackPointExtension>
            <ns3:hr>143</ns3:hr>
            <ns3:cad>88</ns3:cad>
          </ns3:TrackPointExtension>
        </extensions>
      </trkpt>
      <trkpt lat="31.219792105257511138916015625" lon="121.385513059794902801513671875">
        <ele>14</ele>
        <time>2026-08-25T11:24:45.000Z</time>
        <extensions>
          <ns3:TrackPointExtension>
            <ns3:hr>143</ns3:hr>
            <ns3:cad>88</ns3:cad>
          </ns3:TrackPointExtension>
        </extensions>
      </trkpt>
      <trkpt lat="31.21977978385984897613525390625" lon="121.38549101538956165313720703125">
        <ele>14</ele>
        <time>2026-08-25T11:24:46.000Z</time>
        <extensions>
          <ns3:TrackPointExtension>
            <ns3:hr>143</ns3:hr>
            <ns3:cad>87</ns3:cad>
          </ns3:TrackPointExtension>
        </extensions>
      </trkpt>
      <trkpt lat="31.2197691388428211212158203125" lon="121.385468803346157073974609375">
        <ele>14</ele>
        <time>2026-08-25T11:24:47.000Z</time>
        <extensions>
          <ns3:TrackPointExtension>
            <ns3:hr>143</ns3:hr>
            <ns3:cad>87</ns3:cad>
          </ns3:TrackPointExtension>
        </extensions>
      </trkpt>
      <trkpt lat="31.21974223293364048004150390625" lon="121.38546586968004703521728515625">
        <ele>14</ele>
        <time>2026-08-25T11:24:48.000Z</time>
        <extensions>
          <ns3:TrackPointExtension>
            <ns3:hr>143</ns3:hr>
            <ns3:cad>86</ns3:cad>
          </ns3:TrackPointExtension>
        </extensions>
      </trkpt>
      <trkpt lat="31.21971038170158863067626953125" lon="121.38546318747103214263916015625">
        <ele>13.80000019073486328125</ele>
        <time>2026-08-25T11:24:49.000Z</time>
        <extensions>
          <ns3:TrackPointExtension>
            <ns3:hr>143</ns3:hr>
            <ns3:cad>86</ns3:cad>
          </ns3:TrackPointExtension>
        </extensions>
      </trkpt>
      <trkpt lat="31.21968959458172321319580078125" lon="121.38546603731811046600341796875">
        <ele>13.80000019073486328125</ele>
        <time>2026-08-25T11:24:50.000Z</time>
        <extensions>
          <ns3:TrackPointExtension>
            <ns3:hr>142</ns3:hr>
            <ns3:cad>86</ns3:cad>
          </ns3:TrackPointExtension>
        </extensions>
      </trkpt>
      <trkpt lat="31.21966394595801830291748046875" lon="121.38546335510909557342529296875">
        <ele>13.6000003814697265625</ele>
        <time>2026-08-25T11:24:51.000Z</time>
        <extensions>
          <ns3:TrackPointExtension>
            <ns3:hr>142</ns3:hr>
            <ns3:cad>86</ns3:cad>
          </ns3:TrackPointExtension>
        </extensions>
      </trkpt>
      <trkpt lat="31.21964081190526485443115234375" lon="121.3854686357080936431884765625">
        <ele>13.6000003814697265625</ele>
        <time>2026-08-25T11:24:52.000Z</time>
        <extensions>
          <ns3:TrackPointExtension>
            <ns3:hr>142</ns3:hr>
            <ns3:cad>86</ns3:cad>
          </ns3:TrackPointExtension>
        </extensions>
      </trkpt>
      <trkpt lat="31.2196212820708751678466796875" lon="121.38546385802328586578369140625">
        <ele>13.80000019073486328125</ele>
        <time>2026-08-25T11:24:53.000Z</time>
        <extensions>
          <ns3:TrackPointExtension>
            <ns3:hr>142</ns3:hr>
            <ns3:cad>87</ns3:cad>
          </ns3:TrackPointExtension>
        </extensions>
      </trkpt>
      <trkpt lat="31.2196031771600246429443359375" lon="121.3854686357080936431884765625">
        <ele>13.80000019073486328125</ele>
        <time>2026-08-25T11:24:54.000Z</time>
        <extensions>
          <ns3:TrackPointExtension>
            <ns3:hr>142</ns3:hr>
            <ns3:cad>87</ns3:cad>
          </ns3:TrackPointExtension>
        </extensions>
      </trkpt>
      <trkpt lat="31.219569481909275054931640625" lon="121.38547140173614025115966796875">
        <ele>13.80000019073486328125</ele>
        <time>2026-08-25T11:24:55.000Z</time>
        <extensions>
          <ns3:TrackPointExtension>
            <ns3:hr>142</ns3:hr>
            <ns3:cad>87</ns3:cad>
          </ns3:TrackPointExtension>
        </extensions>
      </trkpt>
      <trkpt lat="31.219552047550678253173828125" lon="121.3854776881635189056396484375">
        <ele>13.80000019073486328125</ele>
        <time>2026-08-25T11:24:56.000Z</time>
        <extensions>
          <ns3:TrackPointExtension>
            <ns3:hr>142</ns3:hr>
            <ns3:cad>88</ns3:cad>
          </ns3:TrackPointExtension>
        </extensions>
      </trkpt>
      <trkpt lat="31.21952287852764129638671875" lon="121.38547475449740886688232421875">
        <ele>13.80000019073486328125</ele>
        <time>2026-08-25T11:24:57.000Z</time>
        <extensions>
          <ns3:TrackPointExtension>
            <ns3:hr>141</ns3:hr>
            <ns3:cad>88</ns3:cad>
          </ns3:TrackPointExtension>
        </extensions>
      </trkpt>
      <trkpt lat="31.21950787492096424102783203125" lon="121.38547944836318492889404296875">
        <ele>13.80000019073486328125</ele>
        <time>2026-08-25T11:24:58.000Z</time>
        <extensions>
          <ns3:TrackPointExtension>
            <ns3:hr>141</ns3:hr>
            <ns3:cad>88</ns3:cad>
          </ns3:TrackPointExtension>
        </extensions>
      </trkpt>
      <trkpt lat="31.21948339976370334625244140625" lon="121.38548179529607295989990234375">
        <ele>13.6000003814697265625</ele>
        <time>2026-08-25T11:24:59.000Z</time>
        <extensions>
          <ns3:TrackPointExtension>
            <ns3:hr>141</ns3:hr>
            <ns3:cad>88</ns3:cad>
          </ns3:TrackPointExtension>
        </extensions>
      </trkpt>
      <trkpt lat="31.2194653786718845367431640625" lon="121.3854825496673583984375">
        <ele>13.6000003814697265625</ele>
        <time>2026-08-25T11:25:00.000Z</time>
        <extensions>
          <ns3:TrackPointExtension>
            <ns3:hr>142</ns3:hr>
            <ns3:cad>88</ns3:cad>
          </ns3:TrackPointExtension>
        </extensions>
      </trkpt>
      <trkpt lat="31.21944375336170196533203125" lon="121.38548213057219982147216796875">
        <ele>13.6000003814697265625</ele>
        <time>2026-08-25T11:25:01.000Z</time>
        <extensions>
          <ns3:TrackPointExtension>
            <ns3:hr>142</ns3:hr>
            <ns3:cad>89</ns3:cad>
          </ns3:TrackPointExtension>
        </extensions>
      </trkpt>
      <trkpt lat="31.219424307346343994140625" lon="121.3854793645441532135009765625">
        <ele>13.6000003814697265625</ele>
        <time>2026-08-25T11:25:02.000Z</time>
        <extensions>
          <ns3:TrackPointExtension>
            <ns3:hr>142</ns3:hr>
            <ns3:cad>90</ns3:cad>
          </ns3:TrackPointExtension>
        </extensions>
      </trkpt>
      <trkpt lat="31.21939388103783130645751953125" lon="121.38547341339290142059326171875">
        <ele>13.3999996185302734375</ele>
        <time>2026-08-25T11:25:03.000Z</time>
        <extensions>
          <ns3:TrackPointExtension>
            <ns3:hr>143</ns3:hr>
            <ns3:cad>90</ns3:cad>
          </ns3:TrackPointExtension>
        </extensions>
      </trkpt>
      <trkpt lat="31.21937443502247333526611328125" lon="121.38546972535550594329833984375">
        <ele>13.3999996185302734375</ele>
        <time>2026-08-25T11:25:04.000Z</time>
        <extensions>
          <ns3:TrackPointExtension>
            <ns3:hr>143</ns3:hr>
            <ns3:cad>88</ns3:cad>
          </ns3:TrackPointExtension>
        </extensions>
      </trkpt>
      <trkpt lat="31.21934677474200725555419921875" lon="121.385468803346157073974609375">
        <ele>13.3999996185302734375</ele>
        <time>2026-08-25T11:25:05.000Z</time>
        <extensions>
          <ns3:TrackPointExtension>
            <ns3:hr>143</ns3:hr>
            <ns3:cad>88</ns3:cad>
          </ns3:TrackPointExtension>
        </extensions>
      </trkpt>
      <trkpt lat="31.21932565234601497650146484375" lon="121.38546503148972988128662109375">
        <ele>13.3999996185302734375</ele>
        <time>2026-08-25T11:25:06.000Z</time>
        <extensions>
          <ns3:TrackPointExtension>
            <ns3:hr>143</ns3:hr>
            <ns3:cad>88</ns3:cad>
          </ns3:TrackPointExtension>
        </extensions>
      </trkpt>
      <trkpt lat="31.21930436231195926666259765625" lon="121.385466121137142181396484375">
        <ele>13.3999996185302734375</ele>
        <time>2026-08-25T11:25:07.000Z</time>
        <extensions>
          <ns3:TrackPointExtension>
            <ns3:hr>143</ns3:hr>
            <ns3:cad>88</ns3:cad>
          </ns3:TrackPointExtension>
        </extensions>
      </trkpt>
      <trkpt lat="31.2192803062498569488525390625" lon="121.3854575715959072113037109375">
        <ele>13.19999980926513671875</ele>
        <time>2026-08-25T11:25:08.000Z</time>
        <extensions>
          <ns3:TrackPointExtension>
            <ns3:hr>144</ns3:hr>
            <ns3:cad>89</ns3:cad>
          </ns3:TrackPointExtension>
        </extensions>
      </trkpt>
      <trkpt lat="31.21925675310194492340087890625" lon="121.38545933179557323455810546875">
        <ele>13.19999980926513671875</ele>
        <time>2026-08-25T11:25:09.000Z</time>
        <extensions>
          <ns3:TrackPointExtension>
            <ns3:hr>144</ns3:hr>
            <ns3:cad>89</ns3:cad>
          </ns3:TrackPointExtension>
        </extensions>
      </trkpt>
      <trkpt lat="31.21923160739243030548095703125" lon="121.3854575715959072113037109375">
        <ele>13.19999980926513671875</ele>
        <time>2026-08-25T11:25:10.000Z</time>
        <extensions>
          <ns3:TrackPointExtension>
            <ns3:hr>144</ns3:hr>
            <ns3:cad>88</ns3:cad>
          </ns3:TrackPointExtension>
        </extensions>
      </trkpt>
      <trkpt lat="31.21921014972031116485595703125" lon="121.38545396737754344940185546875">
        <ele>13.3999996185302734375</ele>
        <time>2026-08-25T11:25:11.000Z</time>
        <extensions>
          <ns3:TrackPointExtension>
            <ns3:hr>143</ns3:hr>
            <ns3:cad>88</ns3:cad>
          </ns3:TrackPointExtension>
        </extensions>
      </trkpt>
      <trkpt lat="31.219183914363384246826171875" lon="121.38545178808271884918212890625">
        <ele>13.3999996185302734375</ele>
        <time>2026-08-25T11:25:12.000Z</time>
        <extensions>
          <ns3:TrackPointExtension>
            <ns3:hr>144</ns3:hr>
            <ns3:cad>88</ns3:cad>
          </ns3:TrackPointExtension>
        </extensions>
      </trkpt>
      <trkpt lat="31.2191569246351718902587890625" lon="121.385453045368194580078125">
        <ele>13.3999996185302734375</ele>
        <time>2026-08-25T11:25:13.000Z</time>
        <extensions>
          <ns3:TrackPointExtension>
            <ns3:hr>144</ns3:hr>
            <ns3:cad>88</ns3:cad>
          </ns3:TrackPointExtension>
        </extensions>
      </trkpt>
      <trkpt lat="31.2191307730972766876220703125" lon="121.3854498602449893951416015625">
        <ele>13.3999996185302734375</ele>
        <time>2026-08-25T11:25:14.000Z</time>
        <extensions>
          <ns3:TrackPointExtension>
            <ns3:hr>144</ns3:hr>
            <ns3:cad>90</ns3:cad>
          </ns3:TrackPointExtension>
        </extensions>
      </trkpt>
      <trkpt lat="31.21910956688225269317626953125" lon="121.385448016226291656494140625">
        <ele>13.3999996185302734375</ele>
        <time>2026-08-25T11:25:15.000Z</time>
        <extensions>
          <ns3:TrackPointExtension>
            <ns3:hr>144</ns3:hr>
            <ns3:cad>90</ns3:cad>
          </ns3:TrackPointExtension>
        </extensions>
      </trkpt>
      <trkpt lat="31.21908090077340602874755859375" lon="121.38543787412345409393310546875">
        <ele>13.3999996185302734375</ele>
        <time>2026-08-25T11:25:16.000Z</time>
        <extensions>
          <ns3:TrackPointExtension>
            <ns3:hr>144</ns3:hr>
            <ns3:cad>89</ns3:cad>
          </ns3:TrackPointExtension>
        </extensions>
      </trkpt>
      <trkpt lat="31.2190600298345088958740234375" lon="121.38543569482862949371337890625">
        <ele>13.3999996185302734375</ele>
        <time>2026-08-25T11:25:17.000Z</time>
        <extensions>
          <ns3:TrackPointExtension>
            <ns3:hr>144</ns3:hr>
            <ns3:cad>88</ns3:cad>
          </ns3:TrackPointExtension>
        </extensions>
      </trkpt>
      <trkpt lat="31.2190325371921062469482421875" lon="121.3854300789535045623779296875">
        <ele>13.3999996185302734375</ele>
        <time>2026-08-25T11:25:18.000Z</time>
        <extensions>
          <ns3:TrackPointExtension>
            <ns3:hr>144</ns3:hr>
            <ns3:cad>88</ns3:cad>
          </ns3:TrackPointExtension>
        </extensions>
      </trkpt>
      <trkpt lat="31.2190073914825916290283203125" lon="121.3854248821735382080078125">
        <ele>13.6000003814697265625</ele>
        <time>2026-08-25T11:25:19.000Z</time>
        <extensions>
          <ns3:TrackPointExtension>
            <ns3:hr>145</ns3:hr>
            <ns3:cad>88</ns3:cad>
          </ns3:TrackPointExtension>
        </extensions>
      </trkpt>
      <trkpt lat="31.21898241341114044189453125" lon="121.38541373424232006072998046875">
        <ele>13.3999996185302734375</ele>
        <time>2026-08-25T11:25:20.000Z</time>
        <extensions>
          <ns3:TrackPointExtension>
            <ns3:hr>145</ns3:hr>
            <ns3:cad>90</ns3:cad>
          </ns3:TrackPointExtension>
        </extensions>
      </trkpt>
      <trkpt lat="31.21896137483417987823486328125" lon="121.3854102976620197296142578125">
        <ele>13.3999996185302734375</ele>
        <time>2026-08-25T11:25:21.000Z</time>
        <extensions>
          <ns3:TrackPointExtension>
            <ns3:hr>145</ns3:hr>
            <ns3:cad>90</ns3:cad>
          </ns3:TrackPointExtension>
        </extensions>
      </trkpt>
      <trkpt lat="31.21893270872533321380615234375" lon="121.38540719635784626007080078125">
        <ele>13.3999996185302734375</ele>
        <time>2026-08-25T11:25:22.000Z</time>
        <extensions>
          <ns3:TrackPointExtension>
            <ns3:hr>145</ns3:hr>
            <ns3:cad>89</ns3:cad>
          </ns3:TrackPointExtension>
        </extensions>
      </trkpt>
      <trkpt lat="31.218908987939357757568359375" lon="121.38540334068238735198974609375">
        <ele>13.19999980926513671875</ele>
        <time>2026-08-25T11:25:23.000Z</time>
        <extensions>
          <ns3:TrackPointExtension>
            <ns3:hr>144</ns3:hr>
            <ns3:cad>89</ns3:cad>
          </ns3:TrackPointExtension>
        </extensions>
      </trkpt>
      <trkpt lat="31.2188846804201602935791015625" lon="121.3853925280272960662841796875">
        <ele>13.19999980926513671875</ele>
        <time>2026-08-25T11:25:24.000Z</time>
        <extensions>
          <ns3:TrackPointExtension>
            <ns3:hr>144</ns3:hr>
            <ns3:cad>88</ns3:cad>
          </ns3:TrackPointExtension>
        </extensions>
      </trkpt>
      <trkpt lat="31.2188659049570560455322265625" lon="121.38537920080125331878662109375">
        <ele>13.19999980926513671875</ele>
        <time>2026-08-25T11:25:25.000Z</time>
        <extensions>
          <ns3:TrackPointExtension>
            <ns3:hr>144</ns3:hr>
            <ns3:cad>88</ns3:cad>
          </ns3:TrackPointExtension>
        </extensions>
      </trkpt>
      <trkpt lat="31.218839250504970550537109375" lon="121.3853677175939083099365234375">
        <ele>13.19999980926513671875</ele>
        <time>2026-08-25T11:25:26.000Z</time>
        <extensions>
          <ns3:TrackPointExtension>
            <ns3:hr>144</ns3:hr>
            <ns3:cad>89</ns3:cad>
          </ns3:TrackPointExtension>
        </extensions>
      </trkpt>
      <trkpt lat="31.21882122941315174102783203125" lon="121.38535874895751476287841796875">
        <ele>13.19999980926513671875</ele>
        <time>2026-08-25T11:25:27.000Z</time>
        <extensions>
          <ns3:TrackPointExtension>
            <ns3:hr>144</ns3:hr>
            <ns3:cad>89</ns3:cad>
          </ns3:TrackPointExtension>
        </extensions>
      </trkpt>
      <trkpt lat="31.21880010701715946197509765625" lon="121.385350786149501800537109375">
        <ele>13.19999980926513671875</ele>
        <time>2026-08-25T11:25:28.000Z</time>
        <extensions>
          <ns3:TrackPointExtension>
            <ns3:hr>144</ns3:hr>
            <ns3:cad>88</ns3:cad>
          </ns3:TrackPointExtension>
        </extensions>
      </trkpt>
      <trkpt lat="31.218778230249881744384765625" lon="121.385340727865695953369140625">
        <ele>13.19999980926513671875</ele>
        <time>2026-08-25T11:25:29.000Z</time>
        <extensions>
          <ns3:TrackPointExtension>
            <ns3:hr>144</ns3:hr>
            <ns3:cad>87</ns3:cad>
          </ns3:TrackPointExtension>
        </extensions>
      </trkpt>
      <trkpt lat="31.2187596224248409271240234375" lon="121.38532991521060466766357421875">
        <ele>13.19999980926513671875</ele>
        <time>2026-08-25T11:25:30.000Z</time>
        <extensions>
          <ns3:TrackPointExtension>
            <ns3:hr>144</ns3:hr>
            <ns3:cad>87</ns3:cad>
          </ns3:TrackPointExtension>
        </extensions>
      </trkpt>
      <trkpt lat="31.21873833239078521728515625" lon="121.38531700707972049713134765625">
        <ele>13.19999980926513671875</ele>
        <time>2026-08-25T11:25:31.000Z</time>
        <extensions>
          <ns3:TrackPointExtension>
            <ns3:hr>144</ns3:hr>
            <ns3:cad>87</ns3:cad>
          </ns3:TrackPointExtension>
        </extensions>
      </trkpt>
      <trkpt lat="31.2187200598418712615966796875" lon="121.3853107206523418426513671875">
        <ele>13.19999980926513671875</ele>
        <time>2026-08-25T11:25:32.000Z</time>
        <extensions>
          <ns3:TrackPointExtension>
            <ns3:hr>144</ns3:hr>
            <ns3:cad>88</ns3:cad>
          </ns3:TrackPointExtension>
        </extensions>
      </trkpt>
      <trkpt lat="31.21869818307459354400634765625" lon="121.38529655523598194122314453125">
        <ele>13.19999980926513671875</ele>
        <time>2026-08-25T11:25:33.000Z</time>
        <extensions>
          <ns3:TrackPointExtension>
            <ns3:hr>144</ns3:hr>
            <ns3:cad>88</ns3:cad>
          </ns3:TrackPointExtension>
        </extensions>
      </trkpt>
      <trkpt lat="31.2186855264008045196533203125" lon="121.38528683222830295562744140625">
        <ele>13.19999980926513671875</ele>
        <time>2026-08-25T11:25:34.000Z</time>
        <extensions>
          <ns3:TrackPointExtension>
            <ns3:hr>144</ns3:hr>
            <ns3:cad>88</ns3:cad>
          </ns3:TrackPointExtension>
        </extensions>
      </trkpt>
      <trkpt lat="31.21865794993937015533447265625" lon="121.3852768577635288238525390625">
        <ele>13.19999980926513671875</ele>
        <time>2026-08-25T11:25:35.000Z</time>
        <extensions>
          <ns3:TrackPointExtension>
            <ns3:hr>144</ns3:hr>
            <ns3:cad>87</ns3:cad>
          </ns3:TrackPointExtension>
        </extensions>
      </trkpt>
      <trkpt lat="31.21864034794270992279052734375" lon="121.38526487164199352264404296875">
        <ele>13.19999980926513671875</ele>
        <time>2026-08-25T11:25:36.000Z</time>
        <extensions>
          <ns3:TrackPointExtension>
            <ns3:hr>143</ns3:hr>
            <ns3:cad>87</ns3:cad>
          </ns3:TrackPointExtension>
        </extensions>
      </trkpt>
      <trkpt lat="31.2186147831380367279052734375" lon="121.38525129295885562896728515625">
        <ele>13.19999980926513671875</ele>
        <time>2026-08-25T11:25:37.000Z</time>
        <extensions>
          <ns3:TrackPointExtension>
            <ns3:hr>144</ns3:hr>
            <ns3:cad>87</ns3:cad>
          </ns3:TrackPointExtension>
        </extensions>
      </trkpt>
      <trkpt lat="31.21859022416174411773681640625" lon="121.38524425216019153594970703125">
        <ele>13.19999980926513671875</ele>
        <time>2026-08-25T11:25:38.000Z</time>
        <extensions>
          <ns3:TrackPointExtension>
            <ns3:hr>144</ns3:hr>
            <ns3:cad>87</ns3:cad>
          </ns3:TrackPointExtension>
        </extensions>
      </trkpt>
      <trkpt lat="31.21856055222451686859130859375" lon="121.385228745639324188232421875">
        <ele>13.19999980926513671875</ele>
        <time>2026-08-25T11:25:39.000Z</time>
        <extensions>
          <ns3:TrackPointExtension>
            <ns3:hr>144</ns3:hr>
            <ns3:cad>89</ns3:cad>
          </ns3:TrackPointExtension>
        </extensions>
      </trkpt>
      <trkpt lat="31.218543536961078643798828125" lon="121.38521424494683742523193359375">
        <ele>13.19999980926513671875</ele>
        <time>2026-08-25T11:25:40.000Z</time>
        <extensions>
          <ns3:TrackPointExtension>
            <ns3:hr>144</ns3:hr>
            <ns3:cad>89</ns3:cad>
          </ns3:TrackPointExtension>
        </extensions>
      </trkpt>
      <trkpt lat="31.21851596049964427947998046875" lon="121.385196559131145477294921875">
        <ele>13.19999980926513671875</ele>
        <time>2026-08-25T11:25:41.000Z</time>
        <extensions>
          <ns3:TrackPointExtension>
            <ns3:hr>144</ns3:hr>
            <ns3:cad>88</ns3:cad>
          </ns3:TrackPointExtension>
        </extensions>
      </trkpt>
      <trkpt lat="31.21849869377911090850830078125" lon="121.385183818638324737548828125">
        <ele>13.19999980926513671875</ele>
        <time>2026-08-25T11:25:42.000Z</time>
        <extensions>
          <ns3:TrackPointExtension>
            <ns3:hr>144</ns3:hr>
            <ns3:cad>88</ns3:cad>
          </ns3:TrackPointExtension>
        </extensions>
      </trkpt>
      <trkpt lat="31.21847405098378658294677734375" lon="121.38516512699425220489501953125">
        <ele>13.19999980926513671875</ele>
        <time>2026-08-25T11:25:43.000Z</time>
        <extensions>
          <ns3:TrackPointExtension>
            <ns3:hr>144</ns3:hr>
            <ns3:cad>87</ns3:cad>
          </ns3:TrackPointExtension>
        </extensions>
      </trkpt>
      <trkpt lat="31.21845577843487262725830078125" lon="121.38515322469174861907958984375">
        <ele>13.19999980926513671875</ele>
        <time>2026-08-25T11:25:44.000Z</time>
        <extensions>
          <ns3:TrackPointExtension>
            <ns3:hr>144</ns3:hr>
            <ns3:cad>87</ns3:cad>
          </ns3:TrackPointExtension>
        </extensions>
      </trkpt>
      <trkpt lat="31.2184305489063262939453125" lon="121.38514501042664051055908203125">
        <ele>13.3999996185302734375</ele>
        <time>2026-08-25T11:25:45.000Z</time>
        <extensions>
          <ns3:TrackPointExtension>
            <ns3:hr>145</ns3:hr>
            <ns3:cad>89</ns3:cad>
          </ns3:TrackPointExtension>
        </extensions>
      </trkpt>
      <trkpt lat="31.218408755958080291748046875" lon="121.38513528741896152496337890625">
        <ele>13.3999996185302734375</ele>
        <time>2026-08-25T11:25:46.000Z</time>
        <extensions>
          <ns3:TrackPointExtension>
            <ns3:hr>145</ns3:hr>
            <ns3:cad>89</ns3:cad>
          </ns3:TrackPointExtension>
        </extensions>
      </trkpt>
      <trkpt lat="31.21839023195207118988037109375" lon="121.3851209543645381927490234375">
        <ele>13.19999980926513671875</ele>
        <time>2026-08-25T11:25:47.000Z</time>
        <extensions>
          <ns3:TrackPointExtension>
            <ns3:hr>145</ns3:hr>
            <ns3:cad>89</ns3:cad>
          </ns3:TrackPointExtension>
        </extensions>
      </trkpt>
      <trkpt lat="31.21837086975574493408203125" lon="121.38510771095752716064453125">
        <ele>13.19999980926513671875</ele>
        <time>2026-08-25T11:25:48.000Z</time>
        <extensions>
          <ns3:TrackPointExtension>
            <ns3:hr>145</ns3:hr>
            <ns3:cad>88</ns3:cad>
          </ns3:TrackPointExtension>
        </extensions>
      </trkpt>
      <trkpt lat="31.21835016645491123199462890625" lon="121.385094635188579559326171875">
        <ele>13.19999980926513671875</ele>
        <time>2026-08-25T11:25:49.000Z</time>
        <extensions>
          <ns3:TrackPointExtension>
            <ns3:hr>145</ns3:hr>
            <ns3:cad>88</ns3:cad>
          </ns3:TrackPointExtension>
        </extensions>
      </trkpt>
      <trkpt lat="31.21832787059247493743896484375" lon="121.38508667238056659698486328125">
        <ele>13.19999980926513671875</ele>
        <time>2026-08-25T11:25:50.000Z</time>
        <extensions>
          <ns3:TrackPointExtension>
            <ns3:hr>145</ns3:hr>
            <ns3:cad>88</ns3:cad>
          </ns3:TrackPointExtension>
        </extensions>
      </trkpt>
      <trkpt lat="31.21830515563488006591796875" lon="121.3850766979157924652099609375">
        <ele>13.19999980926513671875</ele>
        <time>2026-08-25T11:25:51.000Z</time>
        <extensions>
          <ns3:TrackPointExtension>
            <ns3:hr>145</ns3:hr>
            <ns3:cad>90</ns3:cad>
          </ns3:TrackPointExtension>
        </extensions>
      </trkpt>
      <trkpt lat="31.218285374343395233154296875" lon="121.3850663043558597564697265625">
        <ele>13.19999980926513671875</ele>
        <time>2026-08-25T11:25:52.000Z</time>
        <extensions>
          <ns3:TrackPointExtension>
            <ns3:hr>145</ns3:hr>
            <ns3:cad>90</ns3:cad>
          </ns3:TrackPointExtension>
        </extensions>
      </trkpt>
      <trkpt lat="31.21826617978513240814208984375" lon="121.385056078433990478515625">
        <ele>13.19999980926513671875</ele>
        <time>2026-08-25T11:25:53.000Z</time>
        <extensions>
          <ns3:TrackPointExtension>
            <ns3:hr>145</ns3:hr>
            <ns3:cad>89</ns3:cad>
          </ns3:TrackPointExtension>
        </extensions>
      </trkpt>
      <trkpt lat="31.2182483263313770294189453125" lon="121.38504333794116973876953125">
        <ele>13</ele>
        <time>2026-08-25T11:25:54.000Z</time>
        <extensions>
          <ns3:TrackPointExtension>
            <ns3:hr>145</ns3:hr>
            <ns3:cad>89</ns3:cad>
          </ns3:TrackPointExtension>
        </extensions>
      </trkpt>
      <trkpt lat="31.2182302214205265045166015625" lon="121.3850332796573638916015625">
        <ele>13</ele>
        <time>2026-08-25T11:25:55.000Z</time>
        <extensions>
          <ns3:TrackPointExtension>
            <ns3:hr>144</ns3:hr>
            <ns3:cad>89</ns3:cad>
          </ns3:TrackPointExtension>
        </extensions>
      </trkpt>
      <trkpt lat="31.21821018867194652557373046875" lon="121.38501911424100399017333984375">
        <ele>13</ele>
        <time>2026-08-25T11:25:56.000Z</time>
        <extensions>
          <ns3:TrackPointExtension>
            <ns3:hr>144</ns3:hr>
            <ns3:cad>89</ns3:cad>
          </ns3:TrackPointExtension>
        </extensions>
      </trkpt>
      <trkpt lat="31.21819208376109600067138671875" lon="121.385007463395595550537109375">
        <ele>13</ele>
        <time>2026-08-25T11:25:57.000Z</time>
        <extensions>
          <ns3:TrackPointExtension>
            <ns3:hr>145</ns3:hr>
            <ns3:cad>90</ns3:cad>
          </ns3:TrackPointExtension>
        </extensions>
      </trkpt>
      <trkpt lat="31.218173392117023468017578125" lon="121.38499178923666477203369140625">
        <ele>13.19999980926513671875</ele>
        <time>2026-08-25T11:25:58.000Z</time>
        <extensions>
          <ns3:TrackPointExtension>
            <ns3:hr>145</ns3:hr>
            <ns3:cad>90</ns3:cad>
          </ns3:TrackPointExtension>
        </extensions>
      </trkpt>
      <trkpt lat="31.21814690530300140380859375" lon="121.38497603125870227813720703125">
        <ele>13.19999980926513671875</ele>
        <time>2026-08-25T11:25:59.000Z</time>
        <extensions>
          <ns3:TrackPointExtension>
            <ns3:hr>144</ns3:hr>
            <ns3:cad>89</ns3:cad>
          </ns3:TrackPointExtension>
        </extensions>
      </trkpt>
      <trkpt lat="31.21812519617378711700439453125" lon="121.38496220111846923828125">
        <ele>13.3999996185302734375</ele>
        <time>2026-08-25T11:26:00.000Z</time>
        <extensions>
          <ns3:TrackPointExtension>
            <ns3:hr>144</ns3:hr>
            <ns3:cad>89</ns3:cad>
          </ns3:TrackPointExtension>
        </extensions>
      </trkpt>
      <trkpt lat="31.2181044928729534149169921875" lon="121.38494719751179218292236328125">
        <ele>13.3999996185302734375</ele>
        <time>2026-08-25T11:26:01.000Z</time>
        <extensions>
          <ns3:TrackPointExtension>
            <ns3:hr>144</ns3:hr>
            <ns3:cad>89</ns3:cad>
          </ns3:TrackPointExtension>
        </extensions>
      </trkpt>
      <trkpt lat="31.2180810235440731048583984375" lon="121.38493361882865428924560546875">
        <ele>13.3999996185302734375</ele>
        <time>2026-08-25T11:26:02.000Z</time>
        <extensions>
          <ns3:TrackPointExtension>
            <ns3:hr>144</ns3:hr>
            <ns3:cad>89</ns3:cad>
          </ns3:TrackPointExtension>
        </extensions>
      </trkpt>
      <trkpt lat="31.21805864386260509490966796875" lon="121.3849218003451824188232421875">
        <ele>13.3999996185302734375</ele>
        <time>2026-08-25T11:26:03.000Z</time>
        <extensions>
          <ns3:TrackPointExtension>
            <ns3:hr>144</ns3:hr>
            <ns3:cad>89</ns3:cad>
          </ns3:TrackPointExtension>
        </extensions>
      </trkpt>
      <trkpt lat="31.218039952218532562255859375" lon="121.3849013485014438629150390625">
        <ele>13.3999996185302734375</ele>
        <time>2026-08-25T11:26:04.000Z</time>
        <extensions>
          <ns3:TrackPointExtension>
            <ns3:hr>144</ns3:hr>
            <ns3:cad>90</ns3:cad>
          </ns3:TrackPointExtension>
        </extensions>
      </trkpt>
      <trkpt lat="31.2180226854979991912841796875" lon="121.38489103876054286956787109375">
        <ele>13.3999996185302734375</ele>
        <time>2026-08-25T11:26:05.000Z</time>
        <extensions>
          <ns3:TrackPointExtension>
            <ns3:hr>144</ns3:hr>
            <ns3:cad>90</ns3:cad>
          </ns3:TrackPointExtension>
        </extensions>
      </trkpt>
      <trkpt lat="31.21799670159816741943359375" lon="121.384874694049358367919921875">
        <ele>13.3999996185302734375</ele>
        <time>2026-08-25T11:26:06.000Z</time>
        <extensions>
          <ns3:TrackPointExtension>
            <ns3:hr>144</ns3:hr>
            <ns3:cad>88</ns3:cad>
          </ns3:TrackPointExtension>
        </extensions>
      </trkpt>
      <trkpt lat="31.217976249754428863525390625" lon="121.38485952280461788177490234375">
        <ele>13.19999980926513671875</ele>
        <time>2026-08-25T11:26:07.000Z</time>
        <extensions>
          <ns3:TrackPointExtension>
            <ns3:hr>143</ns3:hr>
            <ns3:cad>88</ns3:cad>
          </ns3:TrackPointExtension>
        </extensions>
      </trkpt>
      <trkpt lat="31.21795512735843658447265625" lon="121.38484493829309940338134765625">
        <ele>13.19999980926513671875</ele>
        <time>2026-08-25T11:26:08.000Z</time>
        <extensions>
          <ns3:TrackPointExtension>
            <ns3:hr>143</ns3:hr>
            <ns3:cad>88</ns3:cad>
          </ns3:TrackPointExtension>
        </extensions>
      </trkpt>
      <trkpt lat="31.2179335020482540130615234375" lon="121.38482934795320034027099609375">
        <ele>13.19999980926513671875</ele>
        <time>2026-08-25T11:26:09.000Z</time>
        <extensions>
          <ns3:TrackPointExtension>
            <ns3:hr>143</ns3:hr>
            <ns3:cad>88</ns3:cad>
          </ns3:TrackPointExtension>
        </extensions>
      </trkpt>
      <trkpt lat="31.21791112236678600311279296875" lon="121.3848135061562061309814453125">
        <ele>13.19999980926513671875</ele>
        <time>2026-08-25T11:26:10.000Z</time>
        <extensions>
          <ns3:TrackPointExtension>
            <ns3:hr>144</ns3:hr>
            <ns3:cad>90</ns3:cad>
          </ns3:TrackPointExtension>
        </extensions>
      </trkpt>
      <trkpt lat="31.2178902514278888702392578125" lon="121.38479917310178279876708984375">
        <ele>13.19999980926513671875</ele>
        <time>2026-08-25T11:26:11.000Z</time>
        <extensions>
          <ns3:TrackPointExtension>
            <ns3:hr>144</ns3:hr>
            <ns3:cad>90</ns3:cad>
          </ns3:TrackPointExtension>
        </extensions>
      </trkpt>
      <trkpt lat="31.21786183677613735198974609375" lon="121.3847943954169750213623046875">
        <ele>13.19999980926513671875</ele>
        <time>2026-08-25T11:26:12.000Z</time>
        <extensions>
          <ns3:TrackPointExtension>
            <ns3:hr>144</ns3:hr>
            <ns3:cad>89</ns3:cad>
          </ns3:TrackPointExtension>
        </extensions>
      </trkpt>
      <trkpt lat="31.2178404629230499267578125" lon="121.38479045592248439788818359375">
        <ele>13.3999996185302734375</ele>
        <time>2026-08-25T11:26:13.000Z</time>
        <extensions>
          <ns3:TrackPointExtension>
            <ns3:hr>144</ns3:hr>
            <ns3:cad>89</ns3:cad>
          </ns3:TrackPointExtension>
        </extensions>
      </trkpt>
      <trkpt lat="31.21781707741320133209228515625" lon="121.3847766257822513580322265625">
        <ele>13.3999996185302734375</ele>
        <time>2026-08-25T11:26:14.000Z</time>
        <extensions>
          <ns3:TrackPointExtension>
            <ns3:hr>143</ns3:hr>
            <ns3:cad>89</ns3:cad>
          </ns3:TrackPointExtension>
        </extensions>
      </trkpt>
      <trkpt lat="31.2177921831607818603515625" lon="121.38476438820362091064453125">
        <ele>13.3999996185302734375</ele>
        <time>2026-08-25T11:26:15.000Z</time>
        <extensions>
          <ns3:TrackPointExtension>
            <ns3:hr>144</ns3:hr>
            <ns3:cad>89</ns3:cad>
          </ns3:TrackPointExtension>
        </extensions>
      </trkpt>
      <trkpt lat="31.21776812709867954254150390625" lon="121.384753324091434478759765625">
        <ele>13.3999996185302734375</ele>
        <time>2026-08-25T11:26:16.000Z</time>
        <extensions>
          <ns3:TrackPointExtension>
            <ns3:hr>144</ns3:hr>
            <ns3:cad>90</ns3:cad>
          </ns3:TrackPointExtension>
        </extensions>
      </trkpt>
      <trkpt lat="31.21774331666529178619384765625" lon="121.38474284671247005462646484375">
        <ele>13.3999996185302734375</ele>
        <time>2026-08-25T11:26:17.000Z</time>
        <extensions>
          <ns3:TrackPointExtension>
            <ns3:hr>144</ns3:hr>
            <ns3:cad>90</ns3:cad>
          </ns3:TrackPointExtension>
        </extensions>
      </trkpt>
      <trkpt lat="31.2177189253270626068115234375" lon="121.3847290165722370147705078125">
        <ele>13.19999980926513671875</ele>
        <time>2026-08-25T11:26:18.000Z</time>
        <extensions>
          <ns3:TrackPointExtension>
            <ns3:hr>144</ns3:hr>
            <ns3:cad>90</ns3:cad>
          </ns3:TrackPointExtension>
        </extensions>
      </trkpt>
      <trkpt lat="31.21769939549267292022705078125" lon="121.38471476733684539794921875">
        <ele>13.19999980926513671875</ele>
        <time>2026-08-25T11:26:19.000Z</time>
        <extensions>
          <ns3:TrackPointExtension>
            <ns3:hr>144</ns3:hr>
            <ns3:cad>89</ns3:cad>
          </ns3:TrackPointExtension>
        </extensions>
      </trkpt>
      <trkpt lat="31.21767341159284114837646484375" lon="121.3847058825194835662841796875">
        <ele>13.19999980926513671875</ele>
        <time>2026-08-25T11:26:20.000Z</time>
        <extensions>
          <ns3:TrackPointExtension>
            <ns3:hr>144</ns3:hr>
            <ns3:cad>89</ns3:cad>
          </ns3:TrackPointExtension>
        </extensions>
      </trkpt>
      <trkpt lat="31.2176475115120410919189453125" lon="121.384699009358882904052734375">
        <ele>13.19999980926513671875</ele>
        <time>2026-08-25T11:26:21.000Z</time>
        <extensions>
          <ns3:TrackPointExtension>
            <ns3:hr>144</ns3:hr>
            <ns3:cad>89</ns3:cad>
          </ns3:TrackPointExtension>
        </extensions>
      </trkpt>
      <trkpt lat="31.21761993505060672760009765625" lon="121.38468652032315731048583984375">
        <ele>13.19999980926513671875</ele>
        <time>2026-08-25T11:26:22.000Z</time>
        <extensions>
          <ns3:TrackPointExtension>
            <ns3:hr>144</ns3:hr>
            <ns3:cad>90</ns3:cad>
          </ns3:TrackPointExtension>
        </extensions>
      </trkpt>
      <trkpt lat="31.2175975553691387176513671875" lon="121.38467931188642978668212890625">
        <ele>13.19999980926513671875</ele>
        <time>2026-08-25T11:26:23.000Z</time>
        <extensions>
          <ns3:TrackPointExtension>
            <ns3:hr>144</ns3:hr>
            <ns3:cad>90</ns3:cad>
          </ns3:TrackPointExtension>
        </extensions>
      </trkpt>
      <trkpt lat="31.21756997890770435333251953125" lon="121.38467185199260711669921875">
        <ele>13.19999980926513671875</ele>
        <time>2026-08-25T11:26:24.000Z</time>
        <extensions>
          <ns3:TrackPointExtension>
            <ns3:hr>144</ns3:hr>
            <ns3:cad>90</ns3:cad>
          </ns3:TrackPointExtension>
        </extensions>
      </trkpt>
      <trkpt lat="31.21755011379718780517578125" lon="121.3846643082797527313232421875">
        <ele>13.19999980926513671875</ele>
        <time>2026-08-25T11:26:25.000Z</time>
        <extensions>
          <ns3:TrackPointExtension>
            <ns3:hr>144</ns3:hr>
            <ns3:cad>89</ns3:cad>
          </ns3:TrackPointExtension>
        </extensions>
      </trkpt>
      <trkpt lat="31.21752639301121234893798828125" lon="121.38465550728142261505126953125">
        <ele>13.19999980926513671875</ele>
        <time>2026-08-25T11:26:26.000Z</time>
        <extensions>
          <ns3:TrackPointExtension>
            <ns3:hr>144</ns3:hr>
            <ns3:cad>88</ns3:cad>
          </ns3:TrackPointExtension>
        </extensions>
      </trkpt>
      <trkpt lat="31.2175066955387592315673828125" lon="121.38465039432048797607421875">
        <ele>13.19999980926513671875</ele>
        <time>2026-08-25T11:26:27.000Z</time>
        <extensions>
          <ns3:TrackPointExtension>
            <ns3:hr>144</ns3:hr>
            <ns3:cad>88</ns3:cad>
          </ns3:TrackPointExtension>
        </extensions>
      </trkpt>
      <trkpt lat="31.21748414821922779083251953125" lon="121.384644024074077606201171875">
        <ele>13.19999980926513671875</ele>
        <time>2026-08-25T11:26:28.000Z</time>
        <extensions>
          <ns3:TrackPointExtension>
            <ns3:hr>144</ns3:hr>
            <ns3:cad>90</ns3:cad>
          </ns3:TrackPointExtension>
        </extensions>
      </trkpt>
      <trkpt lat="31.2174644507467746734619140625" lon="121.384641341865062713623046875">
        <ele>13.19999980926513671875</ele>
        <time>2026-08-25T11:26:29.000Z</time>
        <extensions>
          <ns3:TrackPointExtension>
            <ns3:hr>144</ns3:hr>
            <ns3:cad>90</ns3:cad>
          </ns3:TrackPointExtension>
        </extensions>
      </trkpt>
      <trkpt lat="31.21744072996079921722412109375" lon="121.38463388197124004364013671875">
        <ele>13</ele>
        <time>2026-08-25T11:26:30.000Z</time>
        <extensions>
          <ns3:TrackPointExtension>
            <ns3:hr>144</ns3:hr>
            <ns3:cad>90</ns3:cad>
          </ns3:TrackPointExtension>
        </extensions>
      </trkpt>
      <trkpt lat="31.2174139916896820068359375" lon="121.38463430106639862060546875">
        <ele>13</ele>
        <time>2026-08-25T11:26:31.000Z</time>
        <extensions>
          <ns3:TrackPointExtension>
            <ns3:hr>143</ns3:hr>
            <ns3:cad>89</ns3:cad>
          </ns3:TrackPointExtension>
        </extensions>
      </trkpt>
      <trkpt lat="31.2173876725137233734130859375" lon="121.38462834991514682769775390625">
        <ele>13</ele>
        <time>2026-08-25T11:26:32.000Z</time>
        <extensions>
          <ns3:TrackPointExtension>
            <ns3:hr>143</ns3:hr>
            <ns3:cad>89</ns3:cad>
          </ns3:TrackPointExtension>
        </extensions>
      </trkpt>
      <trkpt lat="31.217362694442272186279296875" lon="121.3846314512193202972412109375">
        <ele>13</ele>
        <time>2026-08-25T11:26:33.000Z</time>
        <extensions>
          <ns3:TrackPointExtension>
            <ns3:hr>143</ns3:hr>
            <ns3:cad>89</ns3:cad>
          </ns3:TrackPointExtension>
        </extensions>
      </trkpt>
      <trkpt lat="31.2173293344676494598388671875" lon="121.3846229016780853271484375">
        <ele>13</ele>
        <time>2026-08-25T11:26:34.000Z</time>
        <extensions>
          <ns3:TrackPointExtension>
            <ns3:hr>142</ns3:hr>
            <ns3:cad>89</ns3:cad>
          </ns3:TrackPointExtension>
        </extensions>
      </trkpt>
      <trkpt lat="31.21730494312942028045654296875" lon="121.3846210576593875885009765625">
        <ele>13</ele>
        <time>2026-08-25T11:26:35.000Z</time>
        <extensions>
          <ns3:TrackPointExtension>
            <ns3:hr>142</ns3:hr>
            <ns3:cad>90</ns3:cad>
          </ns3:TrackPointExtension>
        </extensions>
      </trkpt>
      <trkpt lat="31.2172783724963665008544921875" lon="121.38461309485137462615966796875">
        <ele>13</ele>
        <time>2026-08-25T11:26:36.000Z</time>
        <extensions>
          <ns3:TrackPointExtension>
            <ns3:hr>142</ns3:hr>
            <ns3:cad>90</ns3:cad>
          </ns3:TrackPointExtension>
        </extensions>
      </trkpt>
      <trkpt lat="31.217258758842945098876953125" lon="121.38461058028042316436767578125">
        <ele>13</ele>
        <time>2026-08-25T11:26:37.000Z</time>
        <extensions>
          <ns3:TrackPointExtension>
            <ns3:hr>141</ns3:hr>
            <ns3:cad>89</ns3:cad>
          </ns3:TrackPointExtension>
        </extensions>
      </trkpt>
      <trkpt lat="31.2172321043908596038818359375" lon="121.38460555113852024078369140625">
        <ele>13</ele>
        <time>2026-08-25T11:26:38.000Z</time>
        <extensions>
          <ns3:TrackPointExtension>
            <ns3:hr>141</ns3:hr>
            <ns3:cad>89</ns3:cad>
          </ns3:TrackPointExtension>
        </extensions>
      </trkpt>
      <trkpt lat="31.21720989234745502471923828125" lon="121.3846012763679027557373046875">
        <ele>13</ele>
        <time>2026-08-25T11:26:39.000Z</time>
        <extensions>
          <ns3:TrackPointExtension>
            <ns3:hr>141</ns3:hr>
            <ns3:cad>88</ns3:cad>
          </ns3:TrackPointExtension>
        </extensions>
      </trkpt>
      <trkpt lat="31.2171855010092258453369140625" lon="121.3845959119498729705810546875">
        <ele>13</ele>
        <time>2026-08-25T11:26:40.000Z</time>
        <extensions>
          <ns3:TrackPointExtension>
            <ns3:hr>141</ns3:hr>
            <ns3:cad>88</ns3:cad>
          </ns3:TrackPointExtension>
        </extensions>
      </trkpt>
      <trkpt lat="31.217164210975170135498046875" lon="121.384591720998287200927734375">
        <ele>13.19999980926513671875</ele>
        <time>2026-08-25T11:26:41.000Z</time>
        <extensions>
          <ns3:TrackPointExtension>
            <ns3:hr>141</ns3:hr>
            <ns3:cad>88</ns3:cad>
          </ns3:TrackPointExtension>
        </extensions>
      </trkpt>
      <trkpt lat="31.217144094407558441162109375" lon="121.3845835067331790924072265625">
        <ele>13.19999980926513671875</ele>
        <time>2026-08-25T11:26:42.000Z</time>
        <extensions>
          <ns3:TrackPointExtension>
            <ns3:hr>141</ns3:hr>
            <ns3:cad>88</ns3:cad>
          </ns3:TrackPointExtension>
        </extensions>
      </trkpt>
      <trkpt lat="31.2171251513063907623291015625" lon="121.3845808245241641998291015625">
        <ele>13.19999980926513671875</ele>
        <time>2026-08-25T11:26:43.000Z</time>
        <extensions>
          <ns3:TrackPointExtension>
            <ns3:hr>141</ns3:hr>
            <ns3:cad>88</ns3:cad>
          </ns3:TrackPointExtension>
        </extensions>
      </trkpt>
      <trkpt lat="31.217104531824588775634765625" lon="121.38457386754453182220458984375">
        <ele>13.19999980926513671875</ele>
        <time>2026-08-25T11:26:44.000Z</time>
        <extensions>
          <ns3:TrackPointExtension>
            <ns3:hr>141</ns3:hr>
            <ns3:cad>87</ns3:cad>
          </ns3:TrackPointExtension>
        </extensions>
      </trkpt>
      <trkpt lat="31.2170813977718353271484375" lon="121.38456883840262889862060546875">
        <ele>13.19999980926513671875</ele>
        <time>2026-08-25T11:26:45.000Z</time>
        <extensions>
          <ns3:TrackPointExtension>
            <ns3:hr>141</ns3:hr>
            <ns3:cad>87</ns3:cad>
          </ns3:TrackPointExtension>
        </extensions>
      </trkpt>
      <trkpt lat="31.2170587666332721710205078125" lon="121.3845603726804256439208984375">
        <ele>13.19999980926513671875</ele>
        <time>2026-08-25T11:26:46.000Z</time>
        <extensions>
          <ns3:TrackPointExtension>
            <ns3:hr>141</ns3:hr>
            <ns3:cad>88</ns3:cad>
          </ns3:TrackPointExtension>
        </extensions>
      </trkpt>
      <trkpt lat="31.21703353710472583770751953125" lon="121.38455450534820556640625">
        <ele>13.19999980926513671875</ele>
        <time>2026-08-25T11:26:47.000Z</time>
        <extensions>
          <ns3:TrackPointExtension>
            <ns3:hr>141</ns3:hr>
            <ns3:cad>89</ns3:cad>
          </ns3:TrackPointExtension>
        </extensions>
      </trkpt>
      <trkpt lat="31.21700855903327465057373046875" lon="121.384549476206302642822265625">
        <ele>13.19999980926513671875</ele>
        <time>2026-08-25T11:26:48.000Z</time>
        <extensions>
          <ns3:TrackPointExtension>
            <ns3:hr>141</ns3:hr>
            <ns3:cad>89</ns3:cad>
          </ns3:TrackPointExtension>
        </extensions>
      </trkpt>
      <trkpt lat="31.21698425151407718658447265625" lon="121.3845412619411945343017578125">
        <ele>13.19999980926513671875</ele>
        <time>2026-08-25T11:26:49.000Z</time>
        <extensions>
          <ns3:TrackPointExtension>
            <ns3:hr>142</ns3:hr>
            <ns3:cad>89</ns3:cad>
          </ns3:TrackPointExtension>
        </extensions>
      </trkpt>
      <trkpt lat="31.2169591896235942840576171875" lon="121.38453547842800617218017578125">
        <ele>13.19999980926513671875</ele>
        <time>2026-08-25T11:26:50.000Z</time>
        <extensions>
          <ns3:TrackPointExtension>
            <ns3:hr>141</ns3:hr>
            <ns3:cad>89</ns3:cad>
          </ns3:TrackPointExtension>
        </extensions>
      </trkpt>
      <trkpt lat="31.21693530119955539703369140625" lon="121.384531371295452117919921875">
        <ele>13.19999980926513671875</ele>
        <time>2026-08-25T11:26:51.000Z</time>
        <extensions>
          <ns3:TrackPointExtension>
            <ns3:hr>142</ns3:hr>
            <ns3:cad>88</ns3:cad>
          </ns3:TrackPointExtension>
        </extensions>
      </trkpt>
      <trkpt lat="31.21691317297518253326416015625" lon="121.38453799299895763397216796875">
        <ele>13.19999980926513671875</ele>
        <time>2026-08-25T11:26:52.000Z</time>
        <extensions>
          <ns3:TrackPointExtension>
            <ns3:hr>142</ns3:hr>
            <ns3:cad>88</ns3:cad>
          </ns3:TrackPointExtension>
        </extensions>
      </trkpt>
      <trkpt lat="31.21688920073211193084716796875" lon="121.38453531078994274139404296875">
        <ele>13.3999996185302734375</ele>
        <time>2026-08-25T11:26:53.000Z</time>
        <extensions>
          <ns3:TrackPointExtension>
            <ns3:hr>142</ns3:hr>
            <ns3:cad>89</ns3:cad>
          </ns3:TrackPointExtension>
        </extensions>
      </trkpt>
      <trkpt lat="31.2168716825544834136962890625" lon="121.38452826999127864837646484375">
        <ele>13.3999996185302734375</ele>
        <time>2026-08-25T11:26:54.000Z</time>
        <extensions>
          <ns3:TrackPointExtension>
            <ns3:hr>142</ns3:hr>
            <ns3:cad>89</ns3:cad>
          </ns3:TrackPointExtension>
        </extensions>
      </trkpt>
      <trkpt lat="31.21685533784329891204833984375" lon="121.38452164828777313232421875">
        <ele>13.19999980926513671875</ele>
        <time>2026-08-25T11:26:55.000Z</time>
        <extensions>
          <ns3:TrackPointExtension>
            <ns3:hr>142</ns3:hr>
            <ns3:cad>89</ns3:cad>
          </ns3:TrackPointExtension>
        </extensions>
      </trkpt>
      <trkpt lat="31.21683689765632152557373046875" lon="121.38451988808810710906982421875">
        <ele>13.19999980926513671875</ele>
        <time>2026-08-25T11:26:56.000Z</time>
        <extensions>
          <ns3:TrackPointExtension>
            <ns3:hr>143</ns3:hr>
            <ns3:cad>88</ns3:cad>
          </ns3:TrackPointExtension>
        </extensions>
      </trkpt>
      <trkpt lat="31.2168096564710140228271484375" lon="121.38451670296490192413330078125">
        <ele>13.19999980926513671875</ele>
        <time>2026-08-25T11:26:57.000Z</time>
        <extensions>
          <ns3:TrackPointExtension>
            <ns3:hr>143</ns3:hr>
            <ns3:cad>88</ns3:cad>
          </ns3:TrackPointExtension>
        </extensions>
      </trkpt>
      <trkpt lat="31.216794736683368682861328125" lon="121.38451301492750644683837890625">
        <ele>13.19999980926513671875</ele>
        <time>2026-08-25T11:26:58.000Z</time>
        <extensions>
          <ns3:TrackPointExtension>
            <ns3:hr>143</ns3:hr>
            <ns3:cad>88</ns3:cad>
          </ns3:TrackPointExtension>
        </extensions>
      </trkpt>
      <trkpt lat="31.21676690876483917236328125" lon="121.3845087401568889617919921875">
        <ele>13.3999996185302734375</ele>
        <time>2026-08-25T11:26:59.000Z</time>
        <extensions>
          <ns3:TrackPointExtension>
            <ns3:hr>144</ns3:hr>
            <ns3:cad>89</ns3:cad>
          </ns3:TrackPointExtension>
        </extensions>
      </trkpt>
      <trkpt lat="31.2167469598352909088134765625" lon="121.3845100812613964080810546875">
        <ele>13.3999996185302734375</ele>
        <time>2026-08-25T11:27:00.000Z</time>
        <extensions>
          <ns3:TrackPointExtension>
            <ns3:hr>144</ns3:hr>
            <ns3:cad>90</ns3:cad>
          </ns3:TrackPointExtension>
        </extensions>
      </trkpt>
      <trkpt lat="31.21672357432544231414794921875" lon="121.3844986818730831146240234375">
        <ele>13.3999996185302734375</ele>
        <time>2026-08-25T11:27:01.000Z</time>
        <extensions>
          <ns3:TrackPointExtension>
            <ns3:hr>144</ns3:hr>
            <ns3:cad>90</ns3:cad>
          </ns3:TrackPointExtension>
        </extensions>
      </trkpt>
      <trkpt lat="31.21670094318687915802001953125" lon="121.384498178958892822265625">
        <ele>13.3999996185302734375</ele>
        <time>2026-08-25T11:27:02.000Z</time>
        <extensions>
          <ns3:TrackPointExtension>
            <ns3:hr>144</ns3:hr>
            <ns3:cad>89</ns3:cad>
          </ns3:TrackPointExtension>
        </extensions>
      </trkpt>
      <trkpt lat="31.2166738696396350860595703125" lon="121.38449356891214847564697265625">
        <ele>13.3999996185302734375</ele>
        <time>2026-08-25T11:27:03.000Z</time>
        <extensions>
          <ns3:TrackPointExtension>
            <ns3:hr>143</ns3:hr>
            <ns3:cad>88</ns3:cad>
          </ns3:TrackPointExtension>
        </extensions>
      </trkpt>
      <trkpt lat="31.21665383689105510711669921875" lon="121.384488455951213836669921875">
        <ele>13.3999996185302734375</ele>
        <time>2026-08-25T11:27:04.000Z</time>
        <extensions>
          <ns3:TrackPointExtension>
            <ns3:hr>144</ns3:hr>
            <ns3:cad>88</ns3:cad>
          </ns3:TrackPointExtension>
        </extensions>
      </trkpt>
      <trkpt lat="31.216627098619937896728515625" lon="121.384476386010646820068359375">
        <ele>13.3999996185302734375</ele>
        <time>2026-08-25T11:27:05.000Z</time>
        <extensions>
          <ns3:TrackPointExtension>
            <ns3:hr>144</ns3:hr>
            <ns3:cad>88</ns3:cad>
          </ns3:TrackPointExtension>
        </extensions>
      </trkpt>
      <trkpt lat="31.2166066467761993408203125" lon="121.3844718597829341888427734375">
        <ele>13.3999996185302734375</ele>
        <time>2026-08-25T11:27:06.000Z</time>
        <extensions>
          <ns3:TrackPointExtension>
            <ns3:hr>144</ns3:hr>
            <ns3:cad>89</ns3:cad>
          </ns3:TrackPointExtension>
        </extensions>
      </trkpt>
      <trkpt lat="31.216578148305416107177734375" lon="121.384475715458393096923828125">
        <ele>13.3999996185302734375</ele>
        <time>2026-08-25T11:27:07.000Z</time>
        <extensions>
          <ns3:TrackPointExtension>
            <ns3:hr>144</ns3:hr>
            <ns3:cad>89</ns3:cad>
          </ns3:TrackPointExtension>
        </extensions>
      </trkpt>
      <trkpt lat="31.21655509807169437408447265625" lon="121.38447948731482028961181640625">
        <ele>13.3999996185302734375</ele>
        <time>2026-08-25T11:27:08.000Z</time>
        <extensions>
          <ns3:TrackPointExtension>
            <ns3:hr>144</ns3:hr>
            <ns3:cad>88</ns3:cad>
          </ns3:TrackPointExtension>
        </extensions>
      </trkpt>
      <trkpt lat="31.216533221304416656494140625" lon="121.3844936527311801910400390625">
        <ele>13.3999996185302734375</ele>
        <time>2026-08-25T11:27:09.000Z</time>
        <extensions>
          <ns3:TrackPointExtension>
            <ns3:hr>144</ns3:hr>
            <ns3:cad>88</ns3:cad>
          </ns3:TrackPointExtension>
        </extensions>
      </trkpt>
      <trkpt lat="31.21651419438421726226806640625" lon="121.38451494276523590087890625">
        <ele>13.3999996185302734375</ele>
        <time>2026-08-25T11:27:10.000Z</time>
        <extensions>
          <ns3:TrackPointExtension>
            <ns3:hr>144</ns3:hr>
            <ns3:cad>87</ns3:cad>
          </ns3:TrackPointExtension>
        </extensions>
      </trkpt>
      <trkpt lat="31.21651000343263149261474609375" lon="121.38453665189445018768310546875">
        <ele>13.3999996185302734375</ele>
        <time>2026-08-25T11:27:11.000Z</time>
        <extensions>
          <ns3:TrackPointExtension>
            <ns3:hr>144</ns3:hr>
            <ns3:cad>87</ns3:cad>
          </ns3:TrackPointExtension>
        </extensions>
      </trkpt>
      <trkpt lat="31.21649759821593761444091796875" lon="121.38456531800329685211181640625">
        <ele>13.3999996185302734375</ele>
        <time>2026-08-25T11:27:12.000Z</time>
        <extensions>
          <ns3:TrackPointExtension>
            <ns3:hr>145</ns3:hr>
            <ns3:cad>88</ns3:cad>
          </ns3:TrackPointExtension>
        </extensions>
      </trkpt>
      <trkpt lat="31.2164918147027492523193359375" lon="121.38458208180963993072509765625">
        <ele>13.3999996185302734375</ele>
        <time>2026-08-25T11:27:13.000Z</time>
        <extensions>
          <ns3:TrackPointExtension>
            <ns3:hr>145</ns3:hr>
            <ns3:cad>88</ns3:cad>
          </ns3:TrackPointExtension>
        </extensions>
      </trkpt>
      <trkpt lat="31.2164794094860553741455078125" lon="121.38460940681397914886474609375">
        <ele>13.6000003814697265625</ele>
        <time>2026-08-25T11:27:14.000Z</time>
        <extensions>
          <ns3:TrackPointExtension>
            <ns3:hr>145</ns3:hr>
            <ns3:cad>86</ns3:cad>
          </ns3:TrackPointExtension>
        </extensions>
      </trkpt>
      <trkpt lat="31.21647194959223270416259765625" lon="121.38462466187775135040283203125">
        <ele>13.6000003814697265625</ele>
        <time>2026-08-25T11:27:15.000Z</time>
        <extensions>
          <ns3:TrackPointExtension>
            <ns3:hr>145</ns3:hr>
            <ns3:cad>86</ns3:cad>
          </ns3:TrackPointExtension>
        </extensions>
      </trkpt>
      <trkpt lat="31.2164596281945705413818359375" lon="121.384652070701122283935546875">
        <ele>13.80000019073486328125</ele>
        <time>2026-08-25T11:27:16.000Z</time>
        <extensions>
          <ns3:TrackPointExtension>
            <ns3:hr>146</ns3:hr>
            <ns3:cad>86</ns3:cad>
          </ns3:TrackPointExtension>
        </extensions>
      </trkpt>
      <trkpt lat="31.21644680388271808624267578125" lon="121.38466858305037021636962890625">
        <ele>13.6000003814697265625</ele>
        <time>2026-08-25T11:27:17.000Z</time>
        <extensions>
          <ns3:TrackPointExtension>
            <ns3:hr>146</ns3:hr>
            <ns3:cad>86</ns3:cad>
          </ns3:TrackPointExtension>
        </extensions>
      </trkpt>
      <trkpt lat="31.21643758378922939300537109375" lon="121.384697668254375457763671875">
        <ele>13.6000003814697265625</ele>
        <time>2026-08-25T11:27:18.000Z</time>
        <extensions>
          <ns3:TrackPointExtension>
            <ns3:hr>147</ns3:hr>
            <ns3:cad>87</ns3:cad>
          </ns3:TrackPointExtension>
        </extensions>
      </trkpt>
      <trkpt lat="31.21643154881894588470458984375" lon="121.3847202993929386138916015625">
        <ele>13.3999996185302734375</ele>
        <time>2026-08-25T11:27:19.000Z</time>
        <extensions>
          <ns3:TrackPointExtension>
            <ns3:hr>147</ns3:hr>
            <ns3:cad>88</ns3:cad>
          </ns3:TrackPointExtension>
        </extensions>
      </trkpt>
      <trkpt lat="31.21642400510609149932861328125" lon="121.38474117033183574676513671875">
        <ele>13.19999980926513671875</ele>
        <time>2026-08-25T11:27:20.000Z</time>
        <extensions>
          <ns3:TrackPointExtension>
            <ns3:hr>147</ns3:hr>
            <ns3:cad>88</ns3:cad>
          </ns3:TrackPointExtension>
        </extensions>
      </trkpt>
      <trkpt lat="31.21641914360225200653076171875" lon="121.38476849533617496490478515625">
        <ele>13.19999980926513671875</ele>
        <time>2026-08-25T11:27:21.000Z</time>
        <extensions>
          <ns3:TrackPointExtension>
            <ns3:hr>147</ns3:hr>
            <ns3:cad>88</ns3:cad>
          </ns3:TrackPointExtension>
        </extensions>
      </trkpt>
      <trkpt lat="31.2164180539548397064208984375" lon="121.38478609733283519744873046875">
        <ele>13.19999980926513671875</ele>
        <time>2026-08-25T11:27:22.000Z</time>
        <extensions>
          <ns3:TrackPointExtension>
            <ns3:hr>147</ns3:hr>
            <ns3:cad>87</ns3:cad>
          </ns3:TrackPointExtension>
        </extensions>
      </trkpt>
      <trkpt lat="31.2164187245070934295654296875" lon="121.38482281006872653961181640625">
        <ele>13.3999996185302734375</ele>
        <time>2026-08-25T11:27:23.000Z</time>
        <extensions>
          <ns3:TrackPointExtension>
            <ns3:hr>148</ns3:hr>
            <ns3:cad>87</ns3:cad>
          </ns3:TrackPointExtension>
        </extensions>
      </trkpt>
      <trkpt lat="31.216419897973537445068359375" lon="121.38484711758792400360107421875">
        <ele>13.3999996185302734375</ele>
        <time>2026-08-25T11:27:24.000Z</time>
        <extensions>
          <ns3:TrackPointExtension>
            <ns3:hr>148</ns3:hr>
            <ns3:cad>87</ns3:cad>
          </ns3:TrackPointExtension>
        </extensions>
      </trkpt>
      <trkpt lat="31.21641444973647594451904296875" lon="121.3848758675158023834228515625">
        <ele>13.3999996185302734375</ele>
        <time>2026-08-25T11:27:25.000Z</time>
        <extensions>
          <ns3:TrackPointExtension>
            <ns3:hr>148</ns3:hr>
            <ns3:cad>88</ns3:cad>
          </ns3:TrackPointExtension>
        </extensions>
      </trkpt>
      <trkpt lat="31.216409504413604736328125" lon="121.38490109704434871673583984375">
        <ele>13.3999996185302734375</ele>
        <time>2026-08-25T11:27:26.000Z</time>
        <extensions>
          <ns3:TrackPointExtension>
            <ns3:hr>148</ns3:hr>
            <ns3:cad>88</ns3:cad>
          </ns3:TrackPointExtension>
        </extensions>
      </trkpt>
      <trkpt lat="31.21640791185200214385986328125" lon="121.3849308528006076812744140625">
        <ele>13.3999996185302734375</ele>
        <time>2026-08-25T11:27:27.000Z</time>
        <extensions>
          <ns3:TrackPointExtension>
            <ns3:hr>148</ns3:hr>
            <ns3:cad>87</ns3:cad>
          </ns3:TrackPointExtension>
        </extensions>
      </trkpt>
      <trkpt lat="31.2164026312530040740966796875" lon="121.38495708815753459930419921875">
        <ele>13.6000003814697265625</ele>
        <time>2026-08-25T11:27:28.000Z</time>
        <extensions>
          <ns3:TrackPointExtension>
            <ns3:hr>149</ns3:hr>
            <ns3:cad>87</ns3:cad>
          </ns3:TrackPointExtension>
        </extensions>
      </trkpt>
      <trkpt lat="31.21640154160559177398681640625" lon="121.3849855028092861175537109375">
        <ele>13.3999996185302734375</ele>
        <time>2026-08-25T11:27:29.000Z</time>
        <extensions>
          <ns3:TrackPointExtension>
            <ns3:hr>149</ns3:hr>
            <ns3:cad>87</ns3:cad>
          </ns3:TrackPointExtension>
        </extensions>
      </trkpt>
      <trkpt lat="31.21639651246368885040283203125" lon="121.38501039706170558929443359375">
        <ele>13.3999996185302734375</ele>
        <time>2026-08-25T11:27:30.000Z</time>
        <extensions>
          <ns3:TrackPointExtension>
            <ns3:hr>149</ns3:hr>
            <ns3:cad>87</ns3:cad>
          </ns3:TrackPointExtension>
        </extensions>
      </trkpt>
      <trkpt lat="31.2163885496556758880615234375" lon="121.385043002665042877197265625">
        <ele>13.3999996185302734375</ele>
        <time>2026-08-25T11:27:31.000Z</time>
        <extensions>
          <ns3:TrackPointExtension>
            <ns3:hr>149</ns3:hr>
            <ns3:cad>89</ns3:cad>
          </ns3:TrackPointExtension>
        </extensions>
      </trkpt>
      <trkpt lat="31.21638108976185321807861328125" lon="121.3850652985274791717529296875">
        <ele>13.3999996185302734375</ele>
        <time>2026-08-25T11:27:32.000Z</time>
        <extensions>
          <ns3:TrackPointExtension>
            <ns3:hr>149</ns3:hr>
            <ns3:cad>89</ns3:cad>
          </ns3:TrackPointExtension>
        </extensions>
      </trkpt>
      <trkpt lat="31.2163734622299671173095703125" lon="121.38509438373148441314697265625">
        <ele>13.19999980926513671875</ele>
        <time>2026-08-25T11:27:33.000Z</time>
        <extensions>
          <ns3:TrackPointExtension>
            <ns3:hr>148</ns3:hr>
            <ns3:cad>89</ns3:cad>
          </ns3:TrackPointExtension>
        </extensions>
      </trkpt>
      <trkpt lat="31.21636935509741306304931640625" lon="121.385115422308444976806640625">
        <ele>13.19999980926513671875</ele>
        <time>2026-08-25T11:27:34.000Z</time>
        <extensions>
          <ns3:TrackPointExtension>
            <ns3:hr>149</ns3:hr>
            <ns3:cad>89</ns3:cad>
          </ns3:TrackPointExtension>
        </extensions>
      </trkpt>
      <trkpt lat="31.216361224651336669921875" lon="121.38514257967472076416015625">
        <ele>13.19999980926513671875</ele>
        <time>2026-08-25T11:27:35.000Z</time>
        <extensions>
          <ns3:TrackPointExtension>
            <ns3:hr>149</ns3:hr>
            <ns3:cad>89</ns3:cad>
          </ns3:TrackPointExtension>
        </extensions>
      </trkpt>
      <trkpt lat="31.21636055409908294677734375" lon="121.385165043175220489501953125">
        <ele>13.19999980926513671875</ele>
        <time>2026-08-25T11:27:36.000Z</time>
        <extensions>
          <ns3:TrackPointExtension>
            <ns3:hr>148</ns3:hr>
            <ns3:cad>89</ns3:cad>
          </ns3:TrackPointExtension>
        </extensions>
      </trkpt>
      <trkpt lat="31.2163556925952434539794921875" lon="121.3851920329034328460693359375">
        <ele>13.3999996185302734375</ele>
        <time>2026-08-25T11:27:37.000Z</time>
        <extensions>
          <ns3:TrackPointExtension>
            <ns3:hr>148</ns3:hr>
            <ns3:cad>90</ns3:cad>
          </ns3:TrackPointExtension>
        </extensions>
      </trkpt>
      <trkpt lat="31.21635250747203826904296875" lon="121.385216005146503448486328125">
        <ele>13.3999996185302734375</ele>
        <time>2026-08-25T11:27:38.000Z</time>
        <extensions>
          <ns3:TrackPointExtension>
            <ns3:hr>148</ns3:hr>
            <ns3:cad>90</ns3:cad>
          </ns3:TrackPointExtension>
        </extensions>
      </trkpt>
      <trkpt lat="31.21635192073881626129150390625" lon="121.38524777255952358245849609375">
        <ele>13.3999996185302734375</ele>
        <time>2026-08-25T11:27:39.000Z</time>
        <extensions>
          <ns3:TrackPointExtension>
            <ns3:hr>149</ns3:hr>
            <ns3:cad>89</ns3:cad>
          </ns3:TrackPointExtension>
        </extensions>
      </trkpt>
      <trkpt lat="31.216346137225627899169921875" lon="121.3852775283157825469970703125">
        <ele>13.3999996185302734375</ele>
        <time>2026-08-25T11:27:40.000Z</time>
        <extensions>
          <ns3:TrackPointExtension>
            <ns3:hr>148</ns3:hr>
            <ns3:cad>89</ns3:cad>
          </ns3:TrackPointExtension>
        </extensions>
      </trkpt>
      <trkpt lat="31.2163411080837249755859375" lon="121.38530753552913665771484375">
        <ele>13.3999996185302734375</ele>
        <time>2026-08-25T11:27:41.000Z</time>
        <extensions>
          <ns3:TrackPointExtension>
            <ns3:hr>148</ns3:hr>
            <ns3:cad>89</ns3:cad>
          </ns3:TrackPointExtension>
        </extensions>
      </trkpt>
      <trkpt lat="31.2163357436656951904296875" lon="121.38533242978155612945556640625">
        <ele>13.19999980926513671875</ele>
        <time>2026-08-25T11:27:42.000Z</time>
        <extensions>
          <ns3:TrackPointExtension>
            <ns3:hr>149</ns3:hr>
            <ns3:cad>89</ns3:cad>
          </ns3:TrackPointExtension>
        </extensions>
      </trkpt>
      <trkpt lat="31.21633130125701427459716796875" lon="121.38536377809941768646240234375">
        <ele>13.19999980926513671875</ele>
        <time>2026-08-25T11:27:43.000Z</time>
        <extensions>
          <ns3:TrackPointExtension>
            <ns3:hr>148</ns3:hr>
            <ns3:cad>90</ns3:cad>
          </ns3:TrackPointExtension>
        </extensions>
      </trkpt>
      <trkpt lat="31.21632325462996959686279296875" lon="121.385388337075710296630859375">
        <ele>13.19999980926513671875</ele>
        <time>2026-08-25T11:27:44.000Z</time>
        <extensions>
          <ns3:TrackPointExtension>
            <ns3:hr>148</ns3:hr>
            <ns3:cad>90</ns3:cad>
          </ns3:TrackPointExtension>
        </extensions>
      </trkpt>
      <trkpt lat="31.21631629765033721923828125" lon="121.38541750609874725341796875">
        <ele>13.19999980926513671875</ele>
        <time>2026-08-25T11:27:45.000Z</time>
        <extensions>
          <ns3:TrackPointExtension>
            <ns3:hr>149</ns3:hr>
            <ns3:cad>88</ns3:cad>
          </ns3:TrackPointExtension>
        </extensions>
      </trkpt>
      <trkpt lat="31.21630984358489513397216796875" lon="121.38544298708438873291015625">
        <ele>13.3999996185302734375</ele>
        <time>2026-08-25T11:27:46.000Z</time>
        <extensions>
          <ns3:TrackPointExtension>
            <ns3:hr>148</ns3:hr>
            <ns3:cad>87</ns3:cad>
          </ns3:TrackPointExtension>
        </extensions>
      </trkpt>
      <trkpt lat="31.21630649082362651824951171875" lon="121.38546939007937908172607421875">
        <ele>13.3999996185302734375</ele>
        <time>2026-08-25T11:27:47.000Z</time>
        <extensions>
          <ns3:TrackPointExtension>
            <ns3:hr>149</ns3:hr>
            <ns3:cad>87</ns3:cad>
          </ns3:TrackPointExtension>
        </extensions>
      </trkpt>
      <trkpt lat="31.2162983603775501251220703125" lon="121.38549721799790859222412109375">
        <ele>13.3999996185302734375</ele>
        <time>2026-08-25T11:27:48.000Z</time>
        <extensions>
          <ns3:TrackPointExtension>
            <ns3:hr>149</ns3:hr>
            <ns3:cad>87</ns3:cad>
          </ns3:TrackPointExtension>
        </extensions>
      </trkpt>
      <trkpt lat="31.21629341505467891693115234375" lon="121.38552471064031124114990234375">
        <ele>13.3999996185302734375</ele>
        <time>2026-08-25T11:27:49.000Z</time>
        <extensions>
          <ns3:TrackPointExtension>
            <ns3:hr>149</ns3:hr>
            <ns3:cad>88</ns3:cad>
          </ns3:TrackPointExtension>
        </extensions>
      </trkpt>
      <trkpt lat="31.21629022993147373199462890625" lon="121.3855501078069210052490234375">
        <ele>13.3999996185302734375</ele>
        <time>2026-08-25T11:27:50.000Z</time>
        <extensions>
          <ns3:TrackPointExtension>
            <ns3:hr>149</ns3:hr>
            <ns3:cad>89</ns3:cad>
          </ns3:TrackPointExtension>
        </extensions>
      </trkpt>
      <trkpt lat="31.2162819318473339080810546875" lon="121.38558086939156055450439453125">
        <ele>13.3999996185302734375</ele>
        <time>2026-08-25T11:27:51.000Z</time>
        <extensions>
          <ns3:TrackPointExtension>
            <ns3:hr>149</ns3:hr>
            <ns3:cad>89</ns3:cad>
          </ns3:TrackPointExtension>
        </extensions>
      </trkpt>
      <trkpt lat="31.2162767350673675537109375" lon="121.38560601510107517242431640625">
        <ele>13.19999980926513671875</ele>
        <time>2026-08-25T11:27:52.000Z</time>
        <extensions>
          <ns3:TrackPointExtension>
            <ns3:hr>150</ns3:hr>
            <ns3:cad>88</ns3:cad>
          </ns3:TrackPointExtension>
        </extensions>
      </trkpt>
      <trkpt lat="31.21627178974449634552001953125" lon="121.38563769869506359100341796875">
        <ele>13.19999980926513671875</ele>
        <time>2026-08-25T11:27:53.000Z</time>
        <extensions>
          <ns3:TrackPointExtension>
            <ns3:hr>150</ns3:hr>
            <ns3:cad>87</ns3:cad>
          </ns3:TrackPointExtension>
        </extensions>
      </trkpt>
      <trkpt lat="31.216264665126800537109375" lon="121.38566787354648113250732421875">
        <ele>13.19999980926513671875</ele>
        <time>2026-08-25T11:27:54.000Z</time>
        <extensions>
          <ns3:TrackPointExtension>
            <ns3:hr>150</ns3:hr>
            <ns3:cad>87</ns3:cad>
          </ns3:TrackPointExtension>
        </extensions>
      </trkpt>
      <trkpt lat="31.21626206673681735992431640625" lon="121.38569486327469348907470703125">
        <ele>13.19999980926513671875</ele>
        <time>2026-08-25T11:27:55.000Z</time>
        <extensions>
          <ns3:TrackPointExtension>
            <ns3:hr>150</ns3:hr>
            <ns3:cad>88</ns3:cad>
          </ns3:TrackPointExtension>
        </extensions>
      </trkpt>
      <trkpt lat="31.21625100262463092803955078125" lon="121.38572596013545989990234375">
        <ele>13.19999980926513671875</ele>
        <time>2026-08-25T11:27:56.000Z</time>
        <extensions>
          <ns3:TrackPointExtension>
            <ns3:hr>149</ns3:hr>
            <ns3:cad>90</ns3:cad>
          </ns3:TrackPointExtension>
        </extensions>
      </trkpt>
      <trkpt lat="31.21624580584466457366943359375" lon="121.38575420714914798736572265625">
        <ele>13.19999980926513671875</ele>
        <time>2026-08-25T11:27:57.000Z</time>
        <extensions>
          <ns3:TrackPointExtension>
            <ns3:hr>150</ns3:hr>
            <ns3:cad>90</ns3:cad>
          </ns3:TrackPointExtension>
        </extensions>
      </trkpt>
      <trkpt lat="31.21624060906469821929931640625" lon="121.38580047525465488433837890625">
        <ele>13</ele>
        <time>2026-08-25T11:27:58.000Z</time>
        <extensions>
          <ns3:TrackPointExtension>
            <ns3:hr>150</ns3:hr>
            <ns3:cad>89</ns3:cad>
          </ns3:TrackPointExtension>
        </extensions>
      </trkpt>
      <trkpt lat="31.21623859740793704986572265625" lon="121.3858287222683429718017578125">
        <ele>13</ele>
        <time>2026-08-25T11:27:59.000Z</time>
        <extensions>
          <ns3:TrackPointExtension>
            <ns3:hr>150</ns3:hr>
            <ns3:cad>89</ns3:cad>
          </ns3:TrackPointExtension>
        </extensions>
      </trkpt>
      <trkpt lat="31.2162284553050994873046875" lon="121.38585445471107959747314453125">
        <ele>13</ele>
        <time>2026-08-25T11:28:00.000Z</time>
        <extensions>
          <ns3:TrackPointExtension>
            <ns3:hr>150</ns3:hr>
            <ns3:cad>89</ns3:cad>
          </ns3:TrackPointExtension>
        </extensions>
      </trkpt>
      <trkpt lat="31.2162232585251331329345703125" lon="121.38587691821157932281494140625">
        <ele>13.19999980926513671875</ele>
        <time>2026-08-25T11:28:01.000Z</time>
        <extensions>
          <ns3:TrackPointExtension>
            <ns3:hr>150</ns3:hr>
            <ns3:cad>89</ns3:cad>
          </ns3:TrackPointExtension>
        </extensions>
      </trkpt>
      <trkpt lat="31.21621361933648586273193359375" lon="121.3859078474342823028564453125">
        <ele>13.19999980926513671875</ele>
        <time>2026-08-25T11:28:02.000Z</time>
        <extensions>
          <ns3:TrackPointExtension>
            <ns3:hr>150</ns3:hr>
            <ns3:cad>91</ns3:cad>
          </ns3:TrackPointExtension>
        </extensions>
      </trkpt>
      <trkpt lat="31.2162121944129467010498046875" lon="121.385928131639957427978515625">
        <ele>13.19999980926513671875</ele>
        <time>2026-08-25T11:28:03.000Z</time>
        <extensions>
          <ns3:TrackPointExtension>
            <ns3:hr>150</ns3:hr>
            <ns3:cad>91</ns3:cad>
          </ns3:TrackPointExtension>
        </extensions>
      </trkpt>
      <trkpt lat="31.21620104648172855377197265625" lon="121.385960988700389862060546875">
        <ele>13.19999980926513671875</ele>
        <time>2026-08-25T11:28:04.000Z</time>
        <extensions>
          <ns3:TrackPointExtension>
            <ns3:hr>150</ns3:hr>
            <ns3:cad>89</ns3:cad>
          </ns3:TrackPointExtension>
        </extensions>
      </trkpt>
      <trkpt lat="31.21619551442563533782958984375" lon="121.38598822988569736480712890625">
        <ele>13.19999980926513671875</ele>
        <time>2026-08-25T11:28:05.000Z</time>
        <extensions>
          <ns3:TrackPointExtension>
            <ns3:hr>150</ns3:hr>
            <ns3:cad>88</ns3:cad>
          </ns3:TrackPointExtension>
        </extensions>
      </trkpt>
      <trkpt lat="31.21618461795151233673095703125" lon="121.3860228471457958221435546875">
        <ele>13.3999996185302734375</ele>
        <time>2026-08-25T11:28:06.000Z</time>
        <extensions>
          <ns3:TrackPointExtension>
            <ns3:hr>149</ns3:hr>
            <ns3:cad>88</ns3:cad>
          </ns3:TrackPointExtension>
        </extensions>
      </trkpt>
      <trkpt lat="31.21618092991411685943603515625" lon="121.38604690320789813995361328125">
        <ele>13.3999996185302734375</ele>
        <time>2026-08-25T11:28:07.000Z</time>
        <extensions>
          <ns3:TrackPointExtension>
            <ns3:hr>150</ns3:hr>
            <ns3:cad>89</ns3:cad>
          </ns3:TrackPointExtension>
        </extensions>
      </trkpt>
      <trkpt lat="31.21617422439157962799072265625" lon="121.38607573695480823516845703125">
        <ele>13.3999996185302734375</ele>
        <time>2026-08-25T11:28:08.000Z</time>
        <extensions>
          <ns3:TrackPointExtension>
            <ns3:hr>150</ns3:hr>
            <ns3:cad>90</ns3:cad>
          </ns3:TrackPointExtension>
        </extensions>
      </trkpt>
      <trkpt lat="31.21617145836353302001953125" lon="121.3860932551324367523193359375">
        <ele>13.3999996185302734375</ele>
        <time>2026-08-25T11:28:09.000Z</time>
        <extensions>
          <ns3:TrackPointExtension>
            <ns3:hr>150</ns3:hr>
            <ns3:cad>90</ns3:cad>
          </ns3:TrackPointExtension>
        </extensions>
      </trkpt>
      <trkpt lat="31.21616483666002750396728515625" lon="121.38611781410872936248779296875">
        <ele>13.3999996185302734375</ele>
        <time>2026-08-25T11:28:10.000Z</time>
        <extensions>
          <ns3:TrackPointExtension>
            <ns3:hr>149</ns3:hr>
            <ns3:cad>89</ns3:cad>
          </ns3:TrackPointExtension>
        </extensions>
      </trkpt>
      <trkpt lat="31.2161588855087757110595703125" lon="121.38613709248602390289306640625">
        <ele>13.3999996185302734375</ele>
        <time>2026-08-25T11:28:11.000Z</time>
        <extensions>
          <ns3:TrackPointExtension>
            <ns3:hr>150</ns3:hr>
            <ns3:cad>89</ns3:cad>
          </ns3:TrackPointExtension>
        </extensions>
      </trkpt>
      <trkpt lat="31.21614756993949413299560546875" lon="121.38616927899420261383056640625">
        <ele>13.3999996185302734375</ele>
        <time>2026-08-25T11:28:12.000Z</time>
        <extensions>
          <ns3:TrackPointExtension>
            <ns3:hr>150</ns3:hr>
            <ns3:cad>89</ns3:cad>
          </ns3:TrackPointExtension>
        </extensions>
      </trkpt>
      <trkpt lat="31.2161417864263057708740234375" lon="121.38619710691273212432861328125">
        <ele>13.3999996185302734375</ele>
        <time>2026-08-25T11:28:13.000Z</time>
        <extensions>
          <ns3:TrackPointExtension>
            <ns3:hr>150</ns3:hr>
            <ns3:cad>89</ns3:cad>
          </ns3:TrackPointExtension>
        </extensions>
      </trkpt>
      <trkpt lat="31.216136254370212554931640625" lon="121.3862266950309276580810546875">
        <ele>13.19999980926513671875</ele>
        <time>2026-08-25T11:28:14.000Z</time>
        <extensions>
          <ns3:TrackPointExtension>
            <ns3:hr>150</ns3:hr>
            <ns3:cad>89</ns3:cad>
          </ns3:TrackPointExtension>
        </extensions>
      </trkpt>
      <trkpt lat="31.216130219399929046630859375" lon="121.38625091873109340667724609375">
        <ele>13.19999980926513671875</ele>
        <time>2026-08-25T11:28:15.000Z</time>
        <extensions>
          <ns3:TrackPointExtension>
            <ns3:hr>150</ns3:hr>
            <ns3:cad>90</ns3:cad>
          </ns3:TrackPointExtension>
        </extensions>
      </trkpt>
      <trkpt lat="31.2161209993064403533935546875" lon="121.38628008775413036346435546875">
        <ele>13.19999980926513671875</ele>
        <time>2026-08-25T11:28:16.000Z</time>
        <extensions>
          <ns3:TrackPointExtension>
            <ns3:hr>150</ns3:hr>
            <ns3:cad>90</ns3:cad>
          </ns3:TrackPointExtension>
        </extensions>
      </trkpt>
      <trkpt lat="31.216116808354854583740234375" lon="121.3863019645214080810546875">
        <ele>13.19999980926513671875</ele>
        <time>2026-08-25T11:28:17.000Z</time>
        <extensions>
          <ns3:TrackPointExtension>
            <ns3:hr>150</ns3:hr>
            <ns3:cad>89</ns3:cad>
          </ns3:TrackPointExtension>
        </extensions>
      </trkpt>
      <trkpt lat="31.216107420623302459716796875" lon="121.386331133544445037841796875">
        <ele>13.19999980926513671875</ele>
        <time>2026-08-25T11:28:18.000Z</time>
        <extensions>
          <ns3:TrackPointExtension>
            <ns3:hr>150</ns3:hr>
            <ns3:cad>89</ns3:cad>
          </ns3:TrackPointExtension>
        </extensions>
      </trkpt>
      <trkpt lat="31.21610549278557300567626953125" lon="121.38635720126330852508544921875">
        <ele>13.19999980926513671875</ele>
        <time>2026-08-25T11:28:19.000Z</time>
        <extensions>
          <ns3:TrackPointExtension>
            <ns3:hr>151</ns3:hr>
            <ns3:cad>90</ns3:cad>
          </ns3:TrackPointExtension>
        </extensions>
      </trkpt>
      <trkpt lat="31.21609576977789402008056640625" lon="121.3863916508853435516357421875">
        <ele>13.19999980926513671875</ele>
        <time>2026-08-25T11:28:20.000Z</time>
        <extensions>
          <ns3:TrackPointExtension>
            <ns3:hr>151</ns3:hr>
            <ns3:cad>90</ns3:cad>
          </ns3:TrackPointExtension>
        </extensions>
      </trkpt>
      <trkpt lat="31.2160898186266422271728515625" lon="121.38641503639519214630126953125">
        <ele>13.19999980926513671875</ele>
        <time>2026-08-25T11:28:21.000Z</time>
        <extensions>
          <ns3:TrackPointExtension>
            <ns3:hr>151</ns3:hr>
            <ns3:cad>90</ns3:cad>
          </ns3:TrackPointExtension>
        </extensions>
      </trkpt>
      <trkpt lat="31.21607489883899688720703125" lon="121.38644135557115077972412109375">
        <ele>13.19999980926513671875</ele>
        <time>2026-08-25T11:28:22.000Z</time>
        <extensions>
          <ns3:TrackPointExtension>
            <ns3:hr>151</ns3:hr>
            <ns3:cad>90</ns3:cad>
          </ns3:TrackPointExtension>
        </extensions>
      </trkpt>
      <trkpt lat="31.21606676839292049407958984375" lon="121.38646348379552364349365234375">
        <ele>13.19999980926513671875</ele>
        <time>2026-08-25T11:28:23.000Z</time>
        <extensions>
          <ns3:TrackPointExtension>
            <ns3:hr>151</ns3:hr>
            <ns3:cad>89</ns3:cad>
          </ns3:TrackPointExtension>
        </extensions>
      </trkpt>
      <trkpt lat="31.216058470308780670166015625" lon="121.386492066085338592529296875">
        <ele>13.19999980926513671875</ele>
        <time>2026-08-25T11:28:24.000Z</time>
        <extensions>
          <ns3:TrackPointExtension>
            <ns3:hr>151</ns3:hr>
            <ns3:cad>89</ns3:cad>
          </ns3:TrackPointExtension>
        </extensions>
      </trkpt>
      <trkpt lat="31.21605352498590946197509765625" lon="121.38651025481522083282470703125">
        <ele>13.19999980926513671875</ele>
        <time>2026-08-25T11:28:25.000Z</time>
        <extensions>
          <ns3:TrackPointExtension>
            <ns3:hr>151</ns3:hr>
            <ns3:cad>89</ns3:cad>
          </ns3:TrackPointExtension>
        </extensions>
      </trkpt>
      <trkpt lat="31.21604396961629390716552734375" lon="121.38653841800987720489501953125">
        <ele>13.19999980926513671875</ele>
        <time>2026-08-25T11:28:26.000Z</time>
        <extensions>
          <ns3:TrackPointExtension>
            <ns3:hr>151</ns3:hr>
            <ns3:cad>89</ns3:cad>
          </ns3:TrackPointExtension>
        </extensions>
      </trkpt>
      <trkpt lat="31.21604028157889842987060546875" lon="121.3865696825087070465087890625">
        <ele>13.19999980926513671875</ele>
        <time>2026-08-25T11:28:27.000Z</time>
        <extensions>
          <ns3:TrackPointExtension>
            <ns3:hr>150</ns3:hr>
            <ns3:cad>90</ns3:cad>
          </ns3:TrackPointExtension>
        </extensions>
      </trkpt>
      <trkpt lat="31.216035000979900360107421875" lon="121.3866018690168857574462890625">
        <ele>13.19999980926513671875</ele>
        <time>2026-08-25T11:28:28.000Z</time>
        <extensions>
          <ns3:TrackPointExtension>
            <ns3:hr>150</ns3:hr>
            <ns3:cad>90</ns3:cad>
          </ns3:TrackPointExtension>
        </extensions>
      </trkpt>
      <trkpt lat="31.21602821163833141326904296875" lon="121.3866246677935123443603515625">
        <ele>13.19999980926513671875</ele>
        <time>2026-08-25T11:28:29.000Z</time>
        <extensions>
          <ns3:TrackPointExtension>
            <ns3:hr>150</ns3:hr>
            <ns3:cad>89</ns3:cad>
          </ns3:TrackPointExtension>
        </extensions>
      </trkpt>
      <trkpt lat="31.21602653525769710540771484375" lon="121.38665090315043926239013671875">
        <ele>13.19999980926513671875</ele>
        <time>2026-08-25T11:28:30.000Z</time>
        <extensions>
          <ns3:TrackPointExtension>
            <ns3:hr>149</ns3:hr>
            <ns3:cad>89</ns3:cad>
          </ns3:TrackPointExtension>
        </extensions>
      </trkpt>
      <trkpt lat="31.21601748280227184295654296875" lon="121.386676132678985595703125">
        <ele>13.19999980926513671875</ele>
        <time>2026-08-25T11:28:31.000Z</time>
        <extensions>
          <ns3:TrackPointExtension>
            <ns3:hr>149</ns3:hr>
            <ns3:cad>88</ns3:cad>
          </ns3:TrackPointExtension>
        </extensions>
      </trkpt>
      <trkpt lat="31.2160140462219715118408203125" lon="121.3866987638175487518310546875">
        <ele>13.19999980926513671875</ele>
        <time>2026-08-25T11:28:32.000Z</time>
        <extensions>
          <ns3:TrackPointExtension>
            <ns3:hr>148</ns3:hr>
            <ns3:cad>88</ns3:cad>
          </ns3:TrackPointExtension>
        </extensions>
      </trkpt>
      <trkpt lat="31.2160043232142925262451171875" lon="121.38672952540218830108642578125">
        <ele>13.19999980926513671875</ele>
        <time>2026-08-25T11:28:33.000Z</time>
        <extensions>
          <ns3:TrackPointExtension>
            <ns3:hr>148</ns3:hr>
            <ns3:cad>89</ns3:cad>
          </ns3:TrackPointExtension>
        </extensions>
      </trkpt>
      <trkpt lat="31.21599845588207244873046875" lon="121.38675592839717864990234375">
        <ele>13.19999980926513671875</ele>
        <time>2026-08-25T11:28:34.000Z</time>
        <extensions>
          <ns3:TrackPointExtension>
            <ns3:hr>148</ns3:hr>
            <ns3:cad>89</ns3:cad>
          </ns3:TrackPointExtension>
        </extensions>
      </trkpt>
      <trkpt lat="31.21598714031279087066650390625" lon="121.3867847621440887451171875">
        <ele>13.19999980926513671875</ele>
        <time>2026-08-25T11:28:35.000Z</time>
        <extensions>
          <ns3:TrackPointExtension>
            <ns3:hr>148</ns3:hr>
            <ns3:cad>88</ns3:cad>
          </ns3:TrackPointExtension>
        </extensions>
      </trkpt>
      <trkpt lat="31.21599082835018634796142578125" lon="121.3868077285587787628173828125">
        <ele>13.19999980926513671875</ele>
        <time>2026-08-25T11:28:36.000Z</time>
        <extensions>
          <ns3:TrackPointExtension>
            <ns3:hr>148</ns3:hr>
            <ns3:cad>88</ns3:cad>
          </ns3:TrackPointExtension>
        </extensions>
      </trkpt>
      <trkpt lat="31.21598378755152225494384765625" lon="121.38684150762856006622314453125">
        <ele>13.19999980926513671875</ele>
        <time>2026-08-25T11:28:37.000Z</time>
        <extensions>
          <ns3:TrackPointExtension>
            <ns3:hr>148</ns3:hr>
            <ns3:cad>88</ns3:cad>
          </ns3:TrackPointExtension>
        </extensions>
      </trkpt>
      <trkpt lat="31.21598261408507823944091796875" lon="121.3868664018809795379638671875">
        <ele>13.19999980926513671875</ele>
        <time>2026-08-25T11:28:38.000Z</time>
        <extensions>
          <ns3:TrackPointExtension>
            <ns3:hr>148</ns3:hr>
            <ns3:cad>88</ns3:cad>
          </ns3:TrackPointExtension>
        </extensions>
      </trkpt>
      <trkpt lat="31.2159788422286510467529296875" lon="121.386897750198841094970703125">
        <ele>13.19999980926513671875</ele>
        <time>2026-08-25T11:28:39.000Z</time>
        <extensions>
          <ns3:TrackPointExtension>
            <ns3:hr>148</ns3:hr>
            <ns3:cad>88</ns3:cad>
          </ns3:TrackPointExtension>
        </extensions>
      </trkpt>
      <trkpt lat="31.21597808785736560821533203125" lon="121.3869190402328968048095703125">
        <ele>13.19999980926513671875</ele>
        <time>2026-08-25T11:28:40.000Z</time>
        <extensions>
          <ns3:TrackPointExtension>
            <ns3:hr>148</ns3:hr>
            <ns3:cad>89</ns3:cad>
          </ns3:TrackPointExtension>
        </extensions>
      </trkpt>
      <trkpt lat="31.21596886776387691497802734375" lon="121.38695131056010723114013671875">
        <ele>13.19999980926513671875</ele>
        <time>2026-08-25T11:28:41.000Z</time>
        <extensions>
          <ns3:TrackPointExtension>
            <ns3:hr>148</ns3:hr>
            <ns3:cad>89</ns3:cad>
          </ns3:TrackPointExtension>
        </extensions>
      </trkpt>
      <trkpt lat="31.2159664370119571685791015625" lon="121.3869746960699558258056640625">
        <ele>13.19999980926513671875</ele>
        <time>2026-08-25T11:28:42.000Z</time>
        <extensions>
          <ns3:TrackPointExtension>
            <ns3:hr>148</ns3:hr>
            <ns3:cad>88</ns3:cad>
          </ns3:TrackPointExtension>
        </extensions>
      </trkpt>
      <trkpt lat="31.2159600667655467987060546875" lon="121.3870073854923248291015625">
        <ele>13.19999980926513671875</ele>
        <time>2026-08-25T11:28:43.000Z</time>
        <extensions>
          <ns3:TrackPointExtension>
            <ns3:hr>148</ns3:hr>
            <ns3:cad>87</ns3:cad>
          </ns3:TrackPointExtension>
        </extensions>
      </trkpt>
      <trkpt lat="31.21595914475619792938232421875" lon="121.3870310224592685699462890625">
        <ele>13.3999996185302734375</ele>
        <time>2026-08-25T11:28:44.000Z</time>
        <extensions>
          <ns3:TrackPointExtension>
            <ns3:hr>148</ns3:hr>
            <ns3:cad>87</ns3:cad>
          </ns3:TrackPointExtension>
        </extensions>
      </trkpt>
      <trkpt lat="31.2159577198326587677001953125" lon="121.38706077821552753448486328125">
        <ele>13.3999996185302734375</ele>
        <time>2026-08-25T11:28:45.000Z</time>
        <extensions>
          <ns3:TrackPointExtension>
            <ns3:hr>147</ns3:hr>
            <ns3:cad>89</ns3:cad>
          </ns3:TrackPointExtension>
        </extensions>
      </trkpt>
      <trkpt lat="31.21595679782330989837646484375" lon="121.38708709739148616790771484375">
        <ele>13.3999996185302734375</ele>
        <time>2026-08-25T11:28:46.000Z</time>
        <extensions>
          <ns3:TrackPointExtension>
            <ns3:hr>147</ns3:hr>
            <ns3:cad>89</ns3:cad>
          </ns3:TrackPointExtension>
        </extensions>
      </trkpt>
      <trkpt lat="31.215958558022975921630859375" lon="121.387121044099330902099609375">
        <ele>13.3999996185302734375</ele>
        <time>2026-08-25T11:28:47.000Z</time>
        <extensions>
          <ns3:TrackPointExtension>
            <ns3:hr>147</ns3:hr>
            <ns3:cad>89</ns3:cad>
          </ns3:TrackPointExtension>
        </extensions>
      </trkpt>
      <trkpt lat="31.21595956385135650634765625" lon="121.3871547393500804901123046875">
        <ele>13.3999996185302734375</ele>
        <time>2026-08-25T11:28:48.000Z</time>
        <extensions>
          <ns3:TrackPointExtension>
            <ns3:hr>147</ns3:hr>
            <ns3:cad>88</ns3:cad>
          </ns3:TrackPointExtension>
        </extensions>
      </trkpt>
      <trkpt lat="31.2159655988216400146484375" lon="121.3871825672686100006103515625">
        <ele>13.6000003814697265625</ele>
        <time>2026-08-25T11:28:49.000Z</time>
        <extensions>
          <ns3:TrackPointExtension>
            <ns3:hr>147</ns3:hr>
            <ns3:cad>87</ns3:cad>
          </ns3:TrackPointExtension>
        </extensions>
      </trkpt>
      <trkpt lat="31.215983368456363677978515625" lon="121.3872127421200275421142578125">
        <ele>13.3999996185302734375</ele>
        <time>2026-08-25T11:28:50.000Z</time>
        <extensions>
          <ns3:TrackPointExtension>
            <ns3:hr>147</ns3:hr>
            <ns3:cad>86</ns3:cad>
          </ns3:TrackPointExtension>
        </extensions>
      </trkpt>
      <trkpt lat="31.2160004675388336181640625" lon="121.3872278295457363128662109375">
        <ele>13.3999996185302734375</ele>
        <time>2026-08-25T11:28:51.000Z</time>
        <extensions>
          <ns3:TrackPointExtension>
            <ns3:hr>147</ns3:hr>
            <ns3:cad>86</ns3:cad>
          </ns3:TrackPointExtension>
        </extensions>
      </trkpt>
      <trkpt lat="31.21602888219058513641357421875" lon="121.38724140822887420654296875">
        <ele>13.3999996185302734375</ele>
        <time>2026-08-25T11:28:52.000Z</time>
        <extensions>
          <ns3:TrackPointExtension>
            <ns3:hr>147</ns3:hr>
            <ns3:cad>86</ns3:cad>
          </ns3:TrackPointExtension>
        </extensions>
      </trkpt>
      <trkpt lat="31.21605075895786285400390625" lon="121.38724752701818943023681640625">
        <ele>13.19999980926513671875</ele>
        <time>2026-08-25T11:28:53.000Z</time>
        <extensions>
          <ns3:TrackPointExtension>
            <ns3:hr>147</ns3:hr>
            <ns3:cad>87</ns3:cad>
          </ns3:TrackPointExtension>
        </extensions>
      </trkpt>
      <trkpt lat="31.2160787545144557952880859375" lon="121.38726043514907360076904296875">
        <ele>13.19999980926513671875</ele>
        <time>2026-08-25T11:28:54.000Z</time>
        <extensions>
          <ns3:TrackPointExtension>
            <ns3:hr>147</ns3:hr>
            <ns3:cad>87</ns3:cad>
          </ns3:TrackPointExtension>
        </extensions>
      </trkpt>
      <trkpt lat="31.21610029600560665130615234375" lon="121.3872670568525791168212890625">
        <ele>13.19999980926513671875</ele>
        <time>2026-08-25T11:28:55.000Z</time>
        <extensions>
          <ns3:TrackPointExtension>
            <ns3:hr>147</ns3:hr>
            <ns3:cad>87</ns3:cad>
          </ns3:TrackPointExtension>
        </extensions>
      </trkpt>
      <trkpt lat="31.21612762100994586944580078125" lon="121.3872777856886386871337890625">
        <ele>13.19999980926513671875</ele>
        <time>2026-08-25T11:28:56.000Z</time>
        <extensions>
          <ns3:TrackPointExtension>
            <ns3:hr>147</ns3:hr>
            <ns3:cad>87</ns3:cad>
          </ns3:TrackPointExtension>
        </extensions>
      </trkpt>
      <trkpt lat="31.21614555828273296356201171875" lon="121.38728725723922252655029296875">
        <ele>13.19999980926513671875</ele>
        <time>2026-08-25T11:28:57.000Z</time>
        <extensions>
          <ns3:TrackPointExtension>
            <ns3:hr>147</ns3:hr>
            <ns3:cad>88</ns3:cad>
          </ns3:TrackPointExtension>
        </extensions>
      </trkpt>
      <trkpt lat="31.21617288328707218170166015625" lon="121.38729966245591640472412109375">
        <ele>13.19999980926513671875</ele>
        <time>2026-08-25T11:28:58.000Z</time>
        <extensions>
          <ns3:TrackPointExtension>
            <ns3:hr>147</ns3:hr>
            <ns3:cad>89</ns3:cad>
          </ns3:TrackPointExtension>
        </extensions>
      </trkpt>
      <trkpt lat="31.21619249694049358367919921875" lon="121.38731651008129119873046875">
        <ele>13.19999980926513671875</ele>
        <time>2026-08-25T11:28:59.000Z</time>
        <extensions>
          <ns3:TrackPointExtension>
            <ns3:hr>147</ns3:hr>
            <ns3:cad>89</ns3:cad>
          </ns3:TrackPointExtension>
        </extensions>
      </trkpt>
      <trkpt lat="31.21621931903064250946044921875" lon="121.38732966966927051544189453125">
        <ele>13.19999980926513671875</ele>
        <time>2026-08-25T11:29:00.000Z</time>
        <extensions>
          <ns3:TrackPointExtension>
            <ns3:hr>146</ns3:hr>
            <ns3:cad>88</ns3:cad>
          </ns3:TrackPointExtension>
        </extensions>
      </trkpt>
      <trkpt lat="31.21623851358890533447265625" lon="121.3873448409140110015869140625">
        <ele>13.19999980926513671875</ele>
        <time>2026-08-25T11:29:01.000Z</time>
        <extensions>
          <ns3:TrackPointExtension>
            <ns3:hr>146</ns3:hr>
            <ns3:cad>87</ns3:cad>
          </ns3:TrackPointExtension>
        </extensions>
      </trkpt>
      <trkpt lat="31.21626122854650020599365234375" lon="121.387346684932708740234375">
        <ele>13.3999996185302734375</ele>
        <time>2026-08-25T11:29:02.000Z</time>
        <extensions>
          <ns3:TrackPointExtension>
            <ns3:hr>146</ns3:hr>
            <ns3:cad>87</ns3:cad>
          </ns3:TrackPointExtension>
        </extensions>
      </trkpt>
      <trkpt lat="31.21628411114215850830078125" lon="121.387351043522357940673828125">
        <ele>13.3999996185302734375</ele>
        <time>2026-08-25T11:29:03.000Z</time>
        <extensions>
          <ns3:TrackPointExtension>
            <ns3:hr>146</ns3:hr>
            <ns3:cad>88</ns3:cad>
          </ns3:TrackPointExtension>
        </extensions>
      </trkpt>
      <trkpt lat="31.216307915747165679931640625" lon="121.38736068271100521087646484375">
        <ele>13.19999980926513671875</ele>
        <time>2026-08-25T11:29:04.000Z</time>
        <extensions>
          <ns3:TrackPointExtension>
            <ns3:hr>146</ns3:hr>
            <ns3:cad>90</ns3:cad>
          </ns3:TrackPointExtension>
        </extensions>
      </trkpt>
      <trkpt lat="31.21632794849574565887451171875" lon="121.3873686455190181732177734375">
        <ele>13.19999980926513671875</ele>
        <time>2026-08-25T11:29:05.000Z</time>
        <extensions>
          <ns3:TrackPointExtension>
            <ns3:hr>145</ns3:hr>
            <ns3:cad>90</ns3:cad>
          </ns3:TrackPointExtension>
        </extensions>
      </trkpt>
      <trkpt lat="31.21634990908205509185791015625" lon="121.387368142604827880859375">
        <ele>13.19999980926513671875</ele>
        <time>2026-08-25T11:29:06.000Z</time>
        <extensions>
          <ns3:TrackPointExtension>
            <ns3:hr>146</ns3:hr>
            <ns3:cad>89</ns3:cad>
          </ns3:TrackPointExtension>
        </extensions>
      </trkpt>
      <trkpt lat="31.21637237258255481719970703125" lon="121.38737283647060394287109375">
        <ele>13.19999980926513671875</ele>
        <time>2026-08-25T11:29:07.000Z</time>
        <extensions>
          <ns3:TrackPointExtension>
            <ns3:hr>146</ns3:hr>
            <ns3:cad>88</ns3:cad>
          </ns3:TrackPointExtension>
        </extensions>
      </trkpt>
      <trkpt lat="31.21639466844499111175537109375" lon="121.3873790390789508819580078125">
        <ele>13.19999980926513671875</ele>
        <time>2026-08-25T11:29:08.000Z</time>
        <extensions>
          <ns3:TrackPointExtension>
            <ns3:hr>145</ns3:hr>
            <ns3:cad>88</ns3:cad>
          </ns3:TrackPointExtension>
        </extensions>
      </trkpt>
      <trkpt lat="31.21641562320291996002197265625" lon="121.3874011673033237457275390625">
        <ele>13.19999980926513671875</ele>
        <time>2026-08-25T11:29:09.000Z</time>
        <extensions>
          <ns3:TrackPointExtension>
            <ns3:hr>146</ns3:hr>
            <ns3:cad>88</ns3:cad>
          </ns3:TrackPointExtension>
        </extensions>
      </trkpt>
      <trkpt lat="31.21643540449440479278564453125" lon="121.38740980066359043121337890625">
        <ele>13.19999980926513671875</ele>
        <time>2026-08-25T11:29:10.000Z</time>
        <extensions>
          <ns3:TrackPointExtension>
            <ns3:hr>146</ns3:hr>
            <ns3:cad>89</ns3:cad>
          </ns3:TrackPointExtension>
        </extensions>
      </trkpt>
      <trkpt lat="31.2164472229778766632080078125" lon="121.3874313421547412872314453125">
        <ele>13.19999980926513671875</ele>
        <time>2026-08-25T11:29:11.000Z</time>
        <extensions>
          <ns3:TrackPointExtension>
            <ns3:hr>145</ns3:hr>
            <ns3:cad>89</ns3:cad>
          </ns3:TrackPointExtension>
        </extensions>
      </trkpt>
      <trkpt lat="31.21646038256585597991943359375" lon="121.38744148425757884979248046875">
        <ele>13.19999980926513671875</ele>
        <time>2026-08-25T11:29:12.000Z</time>
        <extensions>
          <ns3:TrackPointExtension>
            <ns3:hr>145</ns3:hr>
            <ns3:cad>88</ns3:cad>
          </ns3:TrackPointExtension>
        </extensions>
      </trkpt>
      <trkpt lat="31.21648418717086315155029296875" lon="121.387454308569431304931640625">
        <ele>13.19999980926513671875</ele>
        <time>2026-08-25T11:29:13.000Z</time>
        <extensions>
          <ns3:TrackPointExtension>
            <ns3:hr>145</ns3:hr>
            <ns3:cad>87</ns3:cad>
          </ns3:TrackPointExtension>
        </extensions>
      </trkpt>
      <trkpt lat="31.2165047228336334228515625" lon="121.38746327720582485198974609375">
        <ele>13.19999980926513671875</ele>
        <time>2026-08-25T11:29:14.000Z</time>
        <extensions>
          <ns3:TrackPointExtension>
            <ns3:hr>146</ns3:hr>
            <ns3:cad>87</ns3:cad>
          </ns3:TrackPointExtension>
        </extensions>
      </trkpt>
      <trkpt lat="31.216527856886386871337890625" lon="121.3874735869467258453369140625">
        <ele>13.19999980926513671875</ele>
        <time>2026-08-25T11:29:15.000Z</time>
        <extensions>
          <ns3:TrackPointExtension>
            <ns3:hr>145</ns3:hr>
            <ns3:cad>87</ns3:cad>
          </ns3:TrackPointExtension>
        </extensions>
      </trkpt>
      <trkpt lat="31.21654964983463287353515625" lon="121.38748456723988056182861328125">
        <ele>13.19999980926513671875</ele>
        <time>2026-08-25T11:29:16.000Z</time>
        <extensions>
          <ns3:TrackPointExtension>
            <ns3:hr>146</ns3:hr>
            <ns3:cad>88</ns3:cad>
          </ns3:TrackPointExtension>
        </extensions>
      </trkpt>
      <trkpt lat="31.21657571755349636077880859375" lon="121.38749127276241779327392578125">
        <ele>13.19999980926513671875</ele>
        <time>2026-08-25T11:29:17.000Z</time>
        <extensions>
          <ns3:TrackPointExtension>
            <ns3:hr>146</ns3:hr>
            <ns3:cad>88</ns3:cad>
          </ns3:TrackPointExtension>
        </extensions>
      </trkpt>
      <trkpt lat="31.2165923975408077239990234375" lon="121.38750133104622364044189453125">
        <ele>13.19999980926513671875</ele>
        <time>2026-08-25T11:29:18.000Z</time>
        <extensions>
          <ns3:TrackPointExtension>
            <ns3:hr>146</ns3:hr>
            <ns3:cad>88</ns3:cad>
          </ns3:TrackPointExtension>
        </extensions>
      </trkpt>
      <trkpt lat="31.2166185490787029266357421875" lon="121.3875101320445537567138671875">
        <ele>13.19999980926513671875</ele>
        <time>2026-08-25T11:29:19.000Z</time>
        <extensions>
          <ns3:TrackPointExtension>
            <ns3:hr>145</ns3:hr>
            <ns3:cad>87</ns3:cad>
          </ns3:TrackPointExtension>
        </extensions>
      </trkpt>
      <trkpt lat="31.21664294041693210601806640625" lon="121.3875242136418819427490234375">
        <ele>13.3999996185302734375</ele>
        <time>2026-08-25T11:29:20.000Z</time>
        <extensions>
          <ns3:TrackPointExtension>
            <ns3:hr>145</ns3:hr>
            <ns3:cad>87</ns3:cad>
          </ns3:TrackPointExtension>
        </extensions>
      </trkpt>
      <trkpt lat="31.216668002307415008544921875" lon="121.38753334991633892059326171875">
        <ele>13.3999996185302734375</ele>
        <time>2026-08-25T11:29:21.000Z</time>
        <extensions>
          <ns3:TrackPointExtension>
            <ns3:hr>145</ns3:hr>
            <ns3:cad>87</ns3:cad>
          </ns3:TrackPointExtension>
        </extensions>
      </trkpt>
      <trkpt lat="31.216700188815593719482421875" lon="121.38754508458077907562255859375">
        <ele>13.3999996185302734375</ele>
        <time>2026-08-25T11:29:22.000Z</time>
        <extensions>
          <ns3:TrackPointExtension>
            <ns3:hr>145</ns3:hr>
            <ns3:cad>89</ns3:cad>
          </ns3:TrackPointExtension>
        </extensions>
      </trkpt>
      <trkpt lat="31.21672273613512516021728515625" lon="121.3875540532171726226806640625">
        <ele>13.3999996185302734375</ele>
        <time>2026-08-25T11:29:23.000Z</time>
        <extensions>
          <ns3:TrackPointExtension>
            <ns3:hr>146</ns3:hr>
            <ns3:cad>89</ns3:cad>
          </ns3:TrackPointExtension>
        </extensions>
      </trkpt>
      <trkpt lat="31.2167540006339550018310546875" lon="121.38756687752902507781982421875">
        <ele>13.3999996185302734375</ele>
        <time>2026-08-25T11:29:24.000Z</time>
        <extensions>
          <ns3:TrackPointExtension>
            <ns3:hr>145</ns3:hr>
            <ns3:cad>88</ns3:cad>
          </ns3:TrackPointExtension>
        </extensions>
      </trkpt>
      <trkpt lat="31.21677570976316928863525390625" lon="121.3875738345086574554443359375">
        <ele>13.3999996185302734375</ele>
        <time>2026-08-25T11:29:25.000Z</time>
        <extensions>
          <ns3:TrackPointExtension>
            <ns3:hr>145</ns3:hr>
            <ns3:cad>87</ns3:cad>
          </ns3:TrackPointExtension>
        </extensions>
      </trkpt>
      <trkpt lat="31.21680119074881076812744140625" lon="121.3875828869640827178955078125">
        <ele>13.3999996185302734375</ele>
        <time>2026-08-25T11:29:26.000Z</time>
        <extensions>
          <ns3:TrackPointExtension>
            <ns3:hr>146</ns3:hr>
            <ns3:cad>87</ns3:cad>
          </ns3:TrackPointExtension>
        </extensions>
      </trkpt>
      <trkpt lat="31.21682013384997844696044921875" lon="121.38758649118244647979736328125">
        <ele>13.6000003814697265625</ele>
        <time>2026-08-25T11:29:27.000Z</time>
        <extensions>
          <ns3:TrackPointExtension>
            <ns3:hr>145</ns3:hr>
            <ns3:cad>87</ns3:cad>
          </ns3:TrackPointExtension>
        </extensions>
      </trkpt>
      <trkpt lat="31.2168495543301105499267578125" lon="121.38759520836174488067626953125">
        <ele>13.6000003814697265625</ele>
        <time>2026-08-25T11:29:28.000Z</time>
        <extensions>
          <ns3:TrackPointExtension>
            <ns3:hr>145</ns3:hr>
            <ns3:cad>87</ns3:cad>
          </ns3:TrackPointExtension>
        </extensions>
      </trkpt>
      <trkpt lat="31.21686623431742191314697265625" lon="121.3876097090542316436767578125">
        <ele>13.6000003814697265625</ele>
        <time>2026-08-25T11:29:29.000Z</time>
        <extensions>
          <ns3:TrackPointExtension>
            <ns3:hr>146</ns3:hr>
            <ns3:cad>87</ns3:cad>
          </ns3:TrackPointExtension>
        </extensions>
      </trkpt>
      <trkpt lat="31.21689406223595142364501953125" lon="121.38762404210865497589111328125">
        <ele>13.6000003814697265625</ele>
        <time>2026-08-25T11:29:30.000Z</time>
        <extensions>
          <ns3:TrackPointExtension>
            <ns3:hr>146</ns3:hr>
            <ns3:cad>87</ns3:cad>
          </ns3:TrackPointExtension>
        </extensions>
      </trkpt>
      <trkpt lat="31.2169152684509754180908203125" lon="121.387634016573429107666015625">
        <ele>13.6000003814697265625</ele>
        <time>2026-08-25T11:29:31.000Z</time>
        <extensions>
          <ns3:TrackPointExtension>
            <ns3:hr>146</ns3:hr>
            <ns3:cad>87</ns3:cad>
          </ns3:TrackPointExtension>
        </extensions>
      </trkpt>
      <trkpt lat="31.2169325351715087890625" lon="121.3876402191817760467529296875">
        <ele>13.6000003814697265625</ele>
        <time>2026-08-25T11:29:32.000Z</time>
        <extensions>
          <ns3:TrackPointExtension>
            <ns3:hr>145</ns3:hr>
            <ns3:cad>86</ns3:cad>
          </ns3:TrackPointExtension>
        </extensions>
      </trkpt>
      <trkpt lat="31.21695734560489654541015625" lon="121.3876499421894550323486328125">
        <ele>13.6000003814697265625</ele>
        <time>2026-08-25T11:29:33.000Z</time>
        <extensions>
          <ns3:TrackPointExtension>
            <ns3:hr>146</ns3:hr>
            <ns3:cad>87</ns3:cad>
          </ns3:TrackPointExtension>
        </extensions>
      </trkpt>
      <trkpt lat="31.21698684990406036376953125" lon="121.38766192831099033355712890625">
        <ele>13.80000019073486328125</ele>
        <time>2026-08-25T11:29:34.000Z</time>
        <extensions>
          <ns3:TrackPointExtension>
            <ns3:hr>146</ns3:hr>
            <ns3:cad>87</ns3:cad>
          </ns3:TrackPointExtension>
        </extensions>
      </trkpt>
      <trkpt lat="31.21700939722359180450439453125" lon="121.38767701573669910430908203125">
        <ele>13.80000019073486328125</ele>
        <time>2026-08-25T11:29:35.000Z</time>
        <extensions>
          <ns3:TrackPointExtension>
            <ns3:hr>146</ns3:hr>
            <ns3:cad>88</ns3:cad>
          </ns3:TrackPointExtension>
        </extensions>
      </trkpt>
      <trkpt lat="31.21703102253377437591552734375" lon="121.3876817934215068817138671875">
        <ele>13.80000019073486328125</ele>
        <time>2026-08-25T11:29:36.000Z</time>
        <extensions>
          <ns3:TrackPointExtension>
            <ns3:hr>146</ns3:hr>
            <ns3:cad>88</ns3:cad>
          </ns3:TrackPointExtension>
        </extensions>
      </trkpt>
      <trkpt lat="31.21705465950071811676025390625" lon="121.3876941986382007598876953125">
        <ele>13.80000019073486328125</ele>
        <time>2026-08-25T11:29:37.000Z</time>
        <extensions>
          <ns3:TrackPointExtension>
            <ns3:hr>146</ns3:hr>
            <ns3:cad>88</ns3:cad>
          </ns3:TrackPointExtension>
        </extensions>
      </trkpt>
      <trkpt lat="31.21707427315413951873779296875" lon="121.38770031742751598358154296875">
        <ele>13.80000019073486328125</ele>
        <time>2026-08-25T11:29:38.000Z</time>
        <extensions>
          <ns3:TrackPointExtension>
            <ns3:hr>146</ns3:hr>
            <ns3:cad>88</ns3:cad>
          </ns3:TrackPointExtension>
        </extensions>
      </trkpt>
      <trkpt lat="31.21709975413978099822998046875" lon="121.38771641068160533905029296875">
        <ele>14</ele>
        <time>2026-08-25T11:29:39.000Z</time>
        <extensions>
          <ns3:TrackPointExtension>
            <ns3:hr>146</ns3:hr>
            <ns3:cad>88</ns3:cad>
          </ns3:TrackPointExtension>
        </extensions>
      </trkpt>
      <trkpt lat="31.2171177752315998077392578125" lon="121.387727558612823486328125">
        <ele>14</ele>
        <time>2026-08-25T11:29:40.000Z</time>
        <extensions>
          <ns3:TrackPointExtension>
            <ns3:hr>147</ns3:hr>
            <ns3:cad>88</ns3:cad>
          </ns3:TrackPointExtension>
        </extensions>
      </trkpt>
      <trkpt lat="31.2171385623514652252197265625" lon="121.38773853890597820281982421875">
        <ele>14</ele>
        <time>2026-08-25T11:29:41.000Z</time>
        <extensions>
          <ns3:TrackPointExtension>
            <ns3:hr>147</ns3:hr>
            <ns3:cad>89</ns3:cad>
          </ns3:TrackPointExtension>
        </extensions>
      </trkpt>
      <trkpt lat="31.2171563319861888885498046875" lon="121.38774373568594455718994140625">
        <ele>14</ele>
        <time>2026-08-25T11:29:42.000Z</time>
        <extensions>
          <ns3:TrackPointExtension>
            <ns3:hr>147</ns3:hr>
            <ns3:cad>89</ns3:cad>
          </ns3:TrackPointExtension>
        </extensions>
      </trkpt>
      <trkpt lat="31.21717753820121288299560546875" lon="121.38775379396975040435791015625">
        <ele>14</ele>
        <time>2026-08-25T11:29:43.000Z</time>
        <extensions>
          <ns3:TrackPointExtension>
            <ns3:hr>147</ns3:hr>
            <ns3:cad>88</ns3:cad>
          </ns3:TrackPointExtension>
        </extensions>
      </trkpt>
      <trkpt lat="31.2171972356736660003662109375" lon="121.38775907456874847412109375">
        <ele>13.80000019073486328125</ele>
        <time>2026-08-25T11:29:44.000Z</time>
        <extensions>
          <ns3:TrackPointExtension>
            <ns3:hr>147</ns3:hr>
            <ns3:cad>88</ns3:cad>
          </ns3:TrackPointExtension>
        </extensions>
      </trkpt>
      <trkpt lat="31.21721877716481685638427734375" lon="121.3877622596919536590576171875">
        <ele>13.80000019073486328125</ele>
        <time>2026-08-25T11:29:45.000Z</time>
        <extensions>
          <ns3:TrackPointExtension>
            <ns3:hr>147</ns3:hr>
            <ns3:cad>88</ns3:cad>
          </ns3:TrackPointExtension>
        </extensions>
      </trkpt>
      <trkpt lat="31.217236630618572235107421875" lon="121.38776921667158603668212890625">
        <ele>13.80000019073486328125</ele>
        <time>2026-08-25T11:29:46.000Z</time>
        <extensions>
          <ns3:TrackPointExtension>
            <ns3:hr>147</ns3:hr>
            <ns3:cad>88</ns3:cad>
          </ns3:TrackPointExtension>
        </extensions>
      </trkpt>
      <trkpt lat="31.21726454235613346099853515625" lon="121.38777860440313816070556640625">
        <ele>13.80000019073486328125</ele>
        <time>2026-08-25T11:29:47.000Z</time>
        <extensions>
          <ns3:TrackPointExtension>
            <ns3:hr>148</ns3:hr>
            <ns3:cad>89</ns3:cad>
          </ns3:TrackPointExtension>
        </extensions>
      </trkpt>
      <trkpt lat="31.2172840721905231475830078125" lon="121.38778723776340484619140625">
        <ele>13.80000019073486328125</ele>
        <time>2026-08-25T11:29:48.000Z</time>
        <extensions>
          <ns3:TrackPointExtension>
            <ns3:hr>148</ns3:hr>
            <ns3:cad>89</ns3:cad>
          </ns3:TrackPointExtension>
        </extensions>
      </trkpt>
      <trkpt lat="31.2173067033290863037109375" lon="121.3877977989614009857177734375">
        <ele>13.80000019073486328125</ele>
        <time>2026-08-25T11:29:49.000Z</time>
        <extensions>
          <ns3:TrackPointExtension>
            <ns3:hr>148</ns3:hr>
            <ns3:cad>89</ns3:cad>
          </ns3:TrackPointExtension>
        </extensions>
      </trkpt>
      <trkpt lat="31.21733025647699832916259765625" lon="121.38781196437776088714599609375">
        <ele>13.80000019073486328125</ele>
        <time>2026-08-25T11:29:50.000Z</time>
        <extensions>
          <ns3:TrackPointExtension>
            <ns3:hr>148</ns3:hr>
            <ns3:cad>88</ns3:cad>
          </ns3:TrackPointExtension>
        </extensions>
      </trkpt>
      <trkpt lat="31.2173524685204029083251953125" lon="121.38782504014670848846435546875">
        <ele>13.6000003814697265625</ele>
        <time>2026-08-25T11:29:51.000Z</time>
        <extensions>
          <ns3:TrackPointExtension>
            <ns3:hr>148</ns3:hr>
            <ns3:cad>88</ns3:cad>
          </ns3:TrackPointExtension>
        </extensions>
      </trkpt>
      <trkpt lat="31.21737300418317317962646484375" lon="121.387837864458560943603515625">
        <ele>13.6000003814697265625</ele>
        <time>2026-08-25T11:29:52.000Z</time>
        <extensions>
          <ns3:TrackPointExtension>
            <ns3:hr>148</ns3:hr>
            <ns3:cad>88</ns3:cad>
          </ns3:TrackPointExtension>
        </extensions>
      </trkpt>
      <trkpt lat="31.21739312075078487396240234375" lon="121.3878467492759227752685546875">
        <ele>13.80000019073486328125</ele>
        <time>2026-08-25T11:29:53.000Z</time>
        <extensions>
          <ns3:TrackPointExtension>
            <ns3:hr>148</ns3:hr>
            <ns3:cad>90</ns3:cad>
          </ns3:TrackPointExtension>
        </extensions>
      </trkpt>
      <trkpt lat="31.21741524897515773773193359375" lon="121.3878594897687435150146484375">
        <ele>13.80000019073486328125</ele>
        <time>2026-08-25T11:29:54.000Z</time>
        <extensions>
          <ns3:TrackPointExtension>
            <ns3:hr>148</ns3:hr>
            <ns3:cad>90</ns3:cad>
          </ns3:TrackPointExtension>
        </extensions>
      </trkpt>
      <trkpt lat="31.21743905358016490936279296875" lon="121.38786326162517070770263671875">
        <ele>13.80000019073486328125</ele>
        <time>2026-08-25T11:29:55.000Z</time>
        <extensions>
          <ns3:TrackPointExtension>
            <ns3:hr>148</ns3:hr>
            <ns3:cad>88</ns3:cad>
          </ns3:TrackPointExtension>
        </extensions>
      </trkpt>
      <trkpt lat="31.21746637858450412750244140625" lon="121.38787583447992801666259765625">
        <ele>13.80000019073486328125</ele>
        <time>2026-08-25T11:29:56.000Z</time>
        <extensions>
          <ns3:TrackPointExtension>
            <ns3:hr>149</ns3:hr>
            <ns3:cad>87</ns3:cad>
          </ns3:TrackPointExtension>
        </extensions>
      </trkpt>
      <trkpt lat="31.21748968027532100677490234375" lon="121.3878779299557209014892578125">
        <ele>13.80000019073486328125</ele>
        <time>2026-08-25T11:29:57.000Z</time>
        <extensions>
          <ns3:TrackPointExtension>
            <ns3:hr>149</ns3:hr>
            <ns3:cad>87</ns3:cad>
          </ns3:TrackPointExtension>
        </extensions>
      </trkpt>
      <trkpt lat="31.21751449070870876312255859375" lon="121.38788907788693904876708984375">
        <ele>13.80000019073486328125</ele>
        <time>2026-08-25T11:29:58.000Z</time>
        <extensions>
          <ns3:TrackPointExtension>
            <ns3:hr>148</ns3:hr>
            <ns3:cad>87</ns3:cad>
          </ns3:TrackPointExtension>
        </extensions>
      </trkpt>
      <trkpt lat="31.21753578074276447296142578125" lon="121.38789393939077854156494140625">
        <ele>13.80000019073486328125</ele>
        <time>2026-08-25T11:29:59.000Z</time>
        <extensions>
          <ns3:TrackPointExtension>
            <ns3:hr>148</ns3:hr>
            <ns3:cad>87</ns3:cad>
          </ns3:TrackPointExtension>
        </extensions>
      </trkpt>
      <trkpt lat="31.2175586633384227752685546875" lon="121.38790198601782321929931640625">
        <ele>13.80000019073486328125</ele>
        <time>2026-08-25T11:30:00.000Z</time>
        <extensions>
          <ns3:TrackPointExtension>
            <ns3:hr>148</ns3:hr>
            <ns3:cad>89</ns3:cad>
          </ns3:TrackPointExtension>
        </extensions>
      </trkpt>
      <trkpt lat="31.21758221648633480072021484375" lon="121.38791263103485107421875">
        <ele>14</ele>
        <time>2026-08-25T11:30:01.000Z</time>
        <extensions>
          <ns3:TrackPointExtension>
            <ns3:hr>149</ns3:hr>
            <ns3:cad>89</ns3:cad>
          </ns3:TrackPointExtension>
        </extensions>
      </trkpt>
      <trkpt lat="31.21761473827064037322998046875" lon="121.38793065212666988372802734375">
        <ele>14</ele>
        <time>2026-08-25T11:30:02.000Z</time>
        <extensions>
          <ns3:TrackPointExtension>
            <ns3:hr>148</ns3:hr>
            <ns3:cad>88</ns3:cad>
          </ns3:TrackPointExtension>
        </extensions>
      </trkpt>
      <trkpt lat="31.2176387943327426910400390625" lon="121.38794188387691974639892578125">
        <ele>14</ele>
        <time>2026-08-25T11:30:03.000Z</time>
        <extensions>
          <ns3:TrackPointExtension>
            <ns3:hr>148</ns3:hr>
            <ns3:cad>87</ns3:cad>
          </ns3:TrackPointExtension>
        </extensions>
      </trkpt>
      <trkpt lat="31.21767642907798290252685546875" lon="121.38795487582683563232421875">
        <ele>14</ele>
        <time>2026-08-25T11:30:04.000Z</time>
        <extensions>
          <ns3:TrackPointExtension>
            <ns3:hr>149</ns3:hr>
            <ns3:cad>87</ns3:cad>
          </ns3:TrackPointExtension>
        </extensions>
      </trkpt>
      <trkpt lat="31.21770107187330722808837890625" lon="121.3879630900919437408447265625">
        <ele>14</ele>
        <time>2026-08-25T11:30:05.000Z</time>
        <extensions>
          <ns3:TrackPointExtension>
            <ns3:hr>149</ns3:hr>
            <ns3:cad>87</ns3:cad>
          </ns3:TrackPointExtension>
        </extensions>
      </trkpt>
      <trkpt lat="31.2177224457263946533203125" lon="121.38796820305287837982177734375">
        <ele>14</ele>
        <time>2026-08-25T11:30:06.000Z</time>
        <extensions>
          <ns3:TrackPointExtension>
            <ns3:hr>149</ns3:hr>
            <ns3:cad>88</ns3:cad>
          </ns3:TrackPointExtension>
        </extensions>
      </trkpt>
      <trkpt lat="31.2177439033985137939453125" lon="121.38797901570796966552734375">
        <ele>14</ele>
        <time>2026-08-25T11:30:07.000Z</time>
        <extensions>
          <ns3:TrackPointExtension>
            <ns3:hr>149</ns3:hr>
            <ns3:cad>88</ns3:cad>
          </ns3:TrackPointExtension>
        </extensions>
      </trkpt>
      <trkpt lat="31.21777382679283618927001953125" lon="121.38797708787024021148681640625">
        <ele>14</ele>
        <time>2026-08-25T11:30:08.000Z</time>
        <extensions>
          <ns3:TrackPointExtension>
            <ns3:hr>148</ns3:hr>
            <ns3:cad>88</ns3:cad>
          </ns3:TrackPointExtension>
        </extensions>
      </trkpt>
      <trkpt lat="31.2177950330078601837158203125" lon="121.3879855535924434661865234375">
        <ele>14</ele>
        <time>2026-08-25T11:30:09.000Z</time>
        <extensions>
          <ns3:TrackPointExtension>
            <ns3:hr>149</ns3:hr>
            <ns3:cad>87</ns3:cad>
          </ns3:TrackPointExtension>
        </extensions>
      </trkpt>
      <trkpt lat="31.21781439520418643951416015625" lon="121.38799217529594898223876953125">
        <ele>14</ele>
        <time>2026-08-25T11:30:10.000Z</time>
        <extensions>
          <ns3:TrackPointExtension>
            <ns3:hr>149</ns3:hr>
            <ns3:cad>87</ns3:cad>
          </ns3:TrackPointExtension>
        </extensions>
      </trkpt>
      <trkpt lat="31.21783937327563762664794921875" lon="121.38799804262816905975341796875">
        <ele>14</ele>
        <time>2026-08-25T11:30:11.000Z</time>
        <extensions>
          <ns3:TrackPointExtension>
            <ns3:hr>148</ns3:hr>
            <ns3:cad>87</ns3:cad>
          </ns3:TrackPointExtension>
        </extensions>
      </trkpt>
      <trkpt lat="31.21785647235810756683349609375" lon="121.388006173074245452880859375">
        <ele>14</ele>
        <time>2026-08-25T11:30:12.000Z</time>
        <extensions>
          <ns3:TrackPointExtension>
            <ns3:hr>149</ns3:hr>
            <ns3:cad>88</ns3:cad>
          </ns3:TrackPointExtension>
        </extensions>
      </trkpt>
      <trkpt lat="31.2178791873157024383544921875" lon="121.38801966793835163116455078125">
        <ele>14</ele>
        <time>2026-08-25T11:30:13.000Z</time>
        <extensions>
          <ns3:TrackPointExtension>
            <ns3:hr>149</ns3:hr>
            <ns3:cad>88</ns3:cad>
          </ns3:TrackPointExtension>
        </extensions>
      </trkpt>
      <trkpt lat="31.21790022589266300201416015625" lon="121.38802595436573028564453125">
        <ele>14</ele>
        <time>2026-08-25T11:30:14.000Z</time>
        <extensions>
          <ns3:TrackPointExtension>
            <ns3:hr>149</ns3:hr>
            <ns3:cad>88</ns3:cad>
          </ns3:TrackPointExtension>
        </extensions>
      </trkpt>
      <trkpt lat="31.217919923365116119384765625" lon="121.3880371861159801483154296875">
        <ele>14</ele>
        <time>2026-08-25T11:30:15.000Z</time>
        <extensions>
          <ns3:TrackPointExtension>
            <ns3:hr>148</ns3:hr>
            <ns3:cad>87</ns3:cad>
          </ns3:TrackPointExtension>
        </extensions>
      </trkpt>
      <trkpt lat="31.21793190948665142059326171875" lon="121.38804338872432708740234375">
        <ele>14</ele>
        <time>2026-08-25T11:30:16.000Z</time>
        <extensions>
          <ns3:TrackPointExtension>
            <ns3:hr>149</ns3:hr>
            <ns3:cad>87</ns3:cad>
          </ns3:TrackPointExtension>
        </extensions>
      </trkpt>
      <trkpt lat="31.21794951148331165313720703125" lon="121.38805772177875041961669921875">
        <ele>14</ele>
        <time>2026-08-25T11:30:17.000Z</time>
        <extensions>
          <ns3:TrackPointExtension>
            <ns3:hr>149</ns3:hr>
            <ns3:cad>87</ns3:cad>
          </ns3:TrackPointExtension>
        </extensions>
      </trkpt>
      <trkpt lat="31.217967532575130462646484375" lon="121.38807012699544429779052734375">
        <ele>14</ele>
        <time>2026-08-25T11:30:18.000Z</time>
        <extensions>
          <ns3:TrackPointExtension>
            <ns3:hr>149</ns3:hr>
            <ns3:cad>89</ns3:cad>
          </ns3:TrackPointExtension>
        </extensions>
      </trkpt>
      <trkpt lat="31.2179879844188690185546875" lon="121.3880802690982818603515625">
        <ele>14</ele>
        <time>2026-08-25T11:30:19.000Z</time>
        <extensions>
          <ns3:TrackPointExtension>
            <ns3:hr>149</ns3:hr>
            <ns3:cad>89</ns3:cad>
          </ns3:TrackPointExtension>
        </extensions>
      </trkpt>
      <trkpt lat="31.21800919063389301300048828125" lon="121.3880935125052928924560546875">
        <ele>14</ele>
        <time>2026-08-25T11:30:20.000Z</time>
        <extensions>
          <ns3:TrackPointExtension>
            <ns3:hr>148</ns3:hr>
            <ns3:cad>88</ns3:cad>
          </ns3:TrackPointExtension>
        </extensions>
      </trkpt>
      <trkpt lat="31.2180283851921558380126953125" lon="121.38810365460813045501708984375">
        <ele>14</ele>
        <time>2026-08-25T11:30:21.000Z</time>
        <extensions>
          <ns3:TrackPointExtension>
            <ns3:hr>149</ns3:hr>
            <ns3:cad>87</ns3:cad>
          </ns3:TrackPointExtension>
        </extensions>
      </trkpt>
      <trkpt lat="31.2180443108081817626953125" lon="121.388115473091602325439453125">
        <ele>14</ele>
        <time>2026-08-25T11:30:22.000Z</time>
        <extensions>
          <ns3:TrackPointExtension>
            <ns3:hr>149</ns3:hr>
            <ns3:cad>87</ns3:cad>
          </ns3:TrackPointExtension>
        </extensions>
      </trkpt>
      <trkpt lat="31.21806199662387371063232421875" lon="121.3881283812224864959716796875">
        <ele>14</ele>
        <time>2026-08-25T11:30:23.000Z</time>
        <extensions>
          <ns3:TrackPointExtension>
            <ns3:hr>148</ns3:hr>
            <ns3:cad>87</ns3:cad>
          </ns3:TrackPointExtension>
        </extensions>
      </trkpt>
      <trkpt lat="31.2180837057530879974365234375" lon="121.38813835568726062774658203125">
        <ele>14</ele>
        <time>2026-08-25T11:30:24.000Z</time>
        <extensions>
          <ns3:TrackPointExtension>
            <ns3:hr>149</ns3:hr>
            <ns3:cad>87</ns3:cad>
          </ns3:TrackPointExtension>
        </extensions>
      </trkpt>
      <trkpt lat="31.2181044928729534149169921875" lon="121.388144306838512420654296875">
        <ele>14</ele>
        <time>2026-08-25T11:30:25.000Z</time>
        <extensions>
          <ns3:TrackPointExtension>
            <ns3:hr>149</ns3:hr>
            <ns3:cad>88</ns3:cad>
          </ns3:TrackPointExtension>
        </extensions>
      </trkpt>
      <trkpt lat="31.21812821365892887115478515625" lon="121.38816098682582378387451171875">
        <ele>14</ele>
        <time>2026-08-25T11:30:26.000Z</time>
        <extensions>
          <ns3:TrackPointExtension>
            <ns3:hr>148</ns3:hr>
            <ns3:cad>88</ns3:cad>
          </ns3:TrackPointExtension>
        </extensions>
      </trkpt>
      <trkpt lat="31.2181484140455722808837890625" lon="121.38817003928124904632568359375">
        <ele>13.80000019073486328125</ele>
        <time>2026-08-25T11:30:27.000Z</time>
        <extensions>
          <ns3:TrackPointExtension>
            <ns3:hr>148</ns3:hr>
            <ns3:cad>87</ns3:cad>
          </ns3:TrackPointExtension>
        </extensions>
      </trkpt>
      <trkpt lat="31.21817733161151409149169921875" lon="121.38818529434502124786376953125">
        <ele>13.80000019073486328125</ele>
        <time>2026-08-25T11:30:28.000Z</time>
        <extensions>
          <ns3:TrackPointExtension>
            <ns3:hr>148</ns3:hr>
            <ns3:cad>87</ns3:cad>
          </ns3:TrackPointExtension>
        </extensions>
      </trkpt>
      <trkpt lat="31.21820147149264812469482421875" lon="121.38819552026689052581787109375">
        <ele>13.80000019073486328125</ele>
        <time>2026-08-25T11:30:29.000Z</time>
        <extensions>
          <ns3:TrackPointExtension>
            <ns3:hr>149</ns3:hr>
            <ns3:cad>87</ns3:cad>
          </ns3:TrackPointExtension>
        </extensions>
      </trkpt>
      <trkpt lat="31.218223012983798980712890625" lon="121.38821077533066272735595703125">
        <ele>14</ele>
        <time>2026-08-25T11:30:30.000Z</time>
        <extensions>
          <ns3:TrackPointExtension>
            <ns3:hr>149</ns3:hr>
            <ns3:cad>87</ns3:cad>
          </ns3:TrackPointExtension>
        </extensions>
      </trkpt>
      <trkpt lat="31.2182422913610935211181640625" lon="121.3882209174335002899169921875">
        <ele>14</ele>
        <time>2026-08-25T11:30:31.000Z</time>
        <extensions>
          <ns3:TrackPointExtension>
            <ns3:hr>149</ns3:hr>
            <ns3:cad>88</ns3:cad>
          </ns3:TrackPointExtension>
        </extensions>
      </trkpt>
      <trkpt lat="31.21826902963221073150634765625" lon="121.38822988606989383697509765625">
        <ele>14</ele>
        <time>2026-08-25T11:30:32.000Z</time>
        <extensions>
          <ns3:TrackPointExtension>
            <ns3:hr>148</ns3:hr>
            <ns3:cad>88</ns3:cad>
          </ns3:TrackPointExtension>
        </extensions>
      </trkpt>
      <trkpt lat="31.2182925827801227569580078125" lon="121.38823424465954303741455078125">
        <ele>14</ele>
        <time>2026-08-25T11:30:33.000Z</time>
        <extensions>
          <ns3:TrackPointExtension>
            <ns3:hr>148</ns3:hr>
            <ns3:cad>86</ns3:cad>
          </ns3:TrackPointExtension>
        </extensions>
      </trkpt>
      <trkpt lat="31.21831454336643218994140625" lon="121.38823994435369968414306640625">
        <ele>14</ele>
        <time>2026-08-25T11:30:34.000Z</time>
        <extensions>
          <ns3:TrackPointExtension>
            <ns3:hr>148</ns3:hr>
            <ns3:cad>86</ns3:cad>
          </ns3:TrackPointExtension>
        </extensions>
      </trkpt>
      <trkpt lat="31.21833675540983676910400390625" lon="121.3882517628371715545654296875">
        <ele>13.80000019073486328125</ele>
        <time>2026-08-25T11:30:35.000Z</time>
        <extensions>
          <ns3:TrackPointExtension>
            <ns3:hr>149</ns3:hr>
            <ns3:cad>86</ns3:cad>
          </ns3:TrackPointExtension>
        </extensions>
      </trkpt>
      <trkpt lat="31.218359805643558502197265625" lon="121.38825771398842334747314453125">
        <ele>13.80000019073486328125</ele>
        <time>2026-08-25T11:30:36.000Z</time>
        <extensions>
          <ns3:TrackPointExtension>
            <ns3:hr>148</ns3:hr>
            <ns3:cad>86</ns3:cad>
          </ns3:TrackPointExtension>
        </extensions>
      </trkpt>
      <trkpt lat="31.2183817662298679351806640625" lon="121.38827498070895671844482421875">
        <ele>14</ele>
        <time>2026-08-25T11:30:37.000Z</time>
        <extensions>
          <ns3:TrackPointExtension>
            <ns3:hr>148</ns3:hr>
            <ns3:cad>86</ns3:cad>
          </ns3:TrackPointExtension>
        </extensions>
      </trkpt>
      <trkpt lat="31.21840531937777996063232421875" lon="121.38828034512698650360107421875">
        <ele>14</ele>
        <time>2026-08-25T11:30:38.000Z</time>
        <extensions>
          <ns3:TrackPointExtension>
            <ns3:hr>149</ns3:hr>
            <ns3:cad>89</ns3:cad>
          </ns3:TrackPointExtension>
        </extensions>
      </trkpt>
      <trkpt lat="31.2184303812682628631591796875" lon="121.3882903195917606353759765625">
        <ele>14</ele>
        <time>2026-08-25T11:30:39.000Z</time>
        <extensions>
          <ns3:TrackPointExtension>
            <ns3:hr>149</ns3:hr>
            <ns3:cad>89</ns3:cad>
          </ns3:TrackPointExtension>
        </extensions>
      </trkpt>
      <trkpt lat="31.2184578739106655120849609375" lon="121.3882935047149658203125">
        <ele>14</ele>
        <time>2026-08-25T11:30:40.000Z</time>
        <extensions>
          <ns3:TrackPointExtension>
            <ns3:hr>149</ns3:hr>
            <ns3:cad>88</ns3:cad>
          </ns3:TrackPointExtension>
        </extensions>
      </trkpt>
      <trkpt lat="31.21848729439079761505126953125" lon="121.3883023895323276519775390625">
        <ele>13.80000019073486328125</ele>
        <time>2026-08-25T11:30:41.000Z</time>
        <extensions>
          <ns3:TrackPointExtension>
            <ns3:hr>149</ns3:hr>
            <ns3:cad>88</ns3:cad>
          </ns3:TrackPointExtension>
        </extensions>
      </trkpt>
      <trkpt lat="31.21851495467126369476318359375" lon="121.38830280862748622894287109375">
        <ele>13.80000019073486328125</ele>
        <time>2026-08-25T11:30:42.000Z</time>
        <extensions>
          <ns3:TrackPointExtension>
            <ns3:hr>149</ns3:hr>
            <ns3:cad>89</ns3:cad>
          </ns3:TrackPointExtension>
        </extensions>
      </trkpt>
      <trkpt lat="31.218544542789459228515625" lon="121.38830758631229400634765625">
        <ele>13.80000019073486328125</ele>
        <time>2026-08-25T11:30:43.000Z</time>
        <extensions>
          <ns3:TrackPointExtension>
            <ns3:hr>149</ns3:hr>
            <ns3:cad>89</ns3:cad>
          </ns3:TrackPointExtension>
        </extensions>
      </trkpt>
      <trkpt lat="31.21856532990932464599609375" lon="121.38831169344484806060791015625">
        <ele>13.80000019073486328125</ele>
        <time>2026-08-25T11:30:44.000Z</time>
        <extensions>
          <ns3:TrackPointExtension>
            <ns3:hr>150</ns3:hr>
            <ns3:cad>88</ns3:cad>
          </ns3:TrackPointExtension>
        </extensions>
      </trkpt>
      <trkpt lat="31.218591816723346710205078125" lon="121.38831873424351215362548828125">
        <ele>13.80000019073486328125</ele>
        <time>2026-08-25T11:30:45.000Z</time>
        <extensions>
          <ns3:TrackPointExtension>
            <ns3:hr>150</ns3:hr>
            <ns3:cad>87</ns3:cad>
          </ns3:TrackPointExtension>
        </extensions>
      </trkpt>
      <trkpt lat="31.2186141125857830047607421875" lon="121.3883251883089542388916015625">
        <ele>13.80000019073486328125</ele>
        <time>2026-08-25T11:30:46.000Z</time>
        <extensions>
          <ns3:TrackPointExtension>
            <ns3:hr>150</ns3:hr>
            <ns3:cad>87</ns3:cad>
          </ns3:TrackPointExtension>
        </extensions>
      </trkpt>
      <trkpt lat="31.21864152140915393829345703125" lon="121.388330049812793731689453125">
        <ele>13.80000019073486328125</ele>
        <time>2026-08-25T11:30:47.000Z</time>
        <extensions>
          <ns3:TrackPointExtension>
            <ns3:hr>150</ns3:hr>
            <ns3:cad>87</ns3:cad>
          </ns3:TrackPointExtension>
        </extensions>
      </trkpt>
      <trkpt lat="31.218662895262241363525390625" lon="121.38833365403115749359130859375">
        <ele>13.80000019073486328125</ele>
        <time>2026-08-25T11:30:48.000Z</time>
        <extensions>
          <ns3:TrackPointExtension>
            <ns3:hr>150</ns3:hr>
            <ns3:cad>87</ns3:cad>
          </ns3:TrackPointExtension>
        </extensions>
      </trkpt>
      <trkpt lat="31.21868778951466083526611328125" lon="121.3883459754288196563720703125">
        <ele>13.80000019073486328125</ele>
        <time>2026-08-25T11:30:49.000Z</time>
        <extensions>
          <ns3:TrackPointExtension>
            <ns3:hr>150</ns3:hr>
            <ns3:cad>88</ns3:cad>
          </ns3:TrackPointExtension>
        </extensions>
      </trkpt>
      <trkpt lat="31.21870991773903369903564453125" lon="121.3883526809513568878173828125">
        <ele>13.80000019073486328125</ele>
        <time>2026-08-25T11:30:50.000Z</time>
        <extensions>
          <ns3:TrackPointExtension>
            <ns3:hr>150</ns3:hr>
            <ns3:cad>88</ns3:cad>
          </ns3:TrackPointExtension>
        </extensions>
      </trkpt>
      <trkpt lat="31.2187317945063114166259765625" lon="121.38834974728524684906005859375">
        <ele>13.80000019073486328125</ele>
        <time>2026-08-25T11:30:51.000Z</time>
        <extensions>
          <ns3:TrackPointExtension>
            <ns3:hr>150</ns3:hr>
            <ns3:cad>88</ns3:cad>
          </ns3:TrackPointExtension>
        </extensions>
      </trkpt>
      <trkpt lat="31.2187636457383632659912109375" lon="121.38835159130394458770751953125">
        <ele>13.80000019073486328125</ele>
        <time>2026-08-25T11:30:52.000Z</time>
        <extensions>
          <ns3:TrackPointExtension>
            <ns3:hr>150</ns3:hr>
            <ns3:cad>87</ns3:cad>
          </ns3:TrackPointExtension>
        </extensions>
      </trkpt>
      <trkpt lat="31.21878183446824550628662109375" lon="121.3883458077907562255859375">
        <ele>13.80000019073486328125</ele>
        <time>2026-08-25T11:30:53.000Z</time>
        <extensions>
          <ns3:TrackPointExtension>
            <ns3:hr>150</ns3:hr>
            <ns3:cad>87</ns3:cad>
          </ns3:TrackPointExtension>
        </extensions>
      </trkpt>
      <trkpt lat="31.21880714781582355499267578125" lon="121.38834455050528049468994140625">
        <ele>13.80000019073486328125</ele>
        <time>2026-08-25T11:30:54.000Z</time>
        <extensions>
          <ns3:TrackPointExtension>
            <ns3:hr>150</ns3:hr>
            <ns3:cad>86</ns3:cad>
          </ns3:TrackPointExtension>
        </extensions>
      </trkpt>
      <trkpt lat="31.2188310362398624420166015625" lon="121.3883469812572002410888671875">
        <ele>14</ele>
        <time>2026-08-25T11:30:55.000Z</time>
        <extensions>
          <ns3:TrackPointExtension>
            <ns3:hr>150</ns3:hr>
            <ns3:cad>86</ns3:cad>
          </ns3:TrackPointExtension>
        </extensions>
      </trkpt>
      <trkpt lat="31.21885475702583789825439453125" lon="121.388350166380405426025390625">
        <ele>14</ele>
        <time>2026-08-25T11:30:56.000Z</time>
        <extensions>
          <ns3:TrackPointExtension>
            <ns3:hr>149</ns3:hr>
            <ns3:cad>85</ns3:cad>
          </ns3:TrackPointExtension>
        </extensions>
      </trkpt>
      <trkpt lat="31.218879483640193939208984375" lon="121.38835477642714977264404296875">
        <ele>14</ele>
        <time>2026-08-25T11:30:57.000Z</time>
        <extensions>
          <ns3:TrackPointExtension>
            <ns3:hr>150</ns3:hr>
            <ns3:cad>85</ns3:cad>
          </ns3:TrackPointExtension>
        </extensions>
      </trkpt>
      <trkpt lat="31.2188987620174884796142578125" lon="121.38835796155035495758056640625">
        <ele>14.19999980926513671875</ele>
        <time>2026-08-25T11:30:58.000Z</time>
        <extensions>
          <ns3:TrackPointExtension>
            <ns3:hr>150</ns3:hr>
            <ns3:cad>84</ns3:cad>
          </ns3:TrackPointExtension>
        </extensions>
      </trkpt>
      <trkpt lat="31.2189232371747493743896484375" lon="121.38836416415870189666748046875">
        <ele>14.19999980926513671875</ele>
        <time>2026-08-25T11:30:59.000Z</time>
        <extensions>
          <ns3:TrackPointExtension>
            <ns3:hr>150</ns3:hr>
            <ns3:cad>84</ns3:cad>
          </ns3:TrackPointExtension>
        </extensions>
      </trkpt>
      <trkpt lat="31.218948550522327423095703125" lon="121.38836399652063846588134765625">
        <ele>14</ele>
        <time>2026-08-25T11:31:00.000Z</time>
        <extensions>
          <ns3:TrackPointExtension>
            <ns3:hr>150</ns3:hr>
            <ns3:cad>86</ns3:cad>
          </ns3:TrackPointExtension>
        </extensions>
      </trkpt>
      <trkpt lat="31.21896942146122455596923828125" lon="121.38836324214935302734375">
        <ele>14.19999980926513671875</ele>
        <time>2026-08-25T11:31:01.000Z</time>
        <extensions>
          <ns3:TrackPointExtension>
            <ns3:hr>149</ns3:hr>
            <ns3:cad>86</ns3:cad>
          </ns3:TrackPointExtension>
        </extensions>
      </trkpt>
      <trkpt lat="31.21898333542048931121826171875" lon="121.38835092075169086456298828125">
        <ele>14.3999996185302734375</ele>
        <time>2026-08-25T11:31:02.000Z</time>
        <extensions>
          <ns3:TrackPointExtension>
            <ns3:hr>150</ns3:hr>
            <ns3:cad>86</ns3:cad>
          </ns3:TrackPointExtension>
        </extensions>
      </trkpt>
    </trkseg>
  </trk>
</gpx>
