<gpx xmlns:ns3="http://www.garmin.com/xmlschemas/TrackPointExtension/v1" xmlns="http://www.topografix.com/GPX/1/1" xmlns:xsi="http://www.w3.org/2001/XMLSchema-instance" xmlns:ns2="http://www.garmin.com/xmlschemas/GpxExtensions/v3" creator="Garmin Connect" version="1.1" xsi:schemaLocation="http://www.topografix.com/GPX/1/1 http://www.topografix.com/GPX/11.xsd">
  <extensions>
<distance>5498.71</distance>
<average_hr>145.0</average_hr>
<average_speed>2.556999921798706</average_speed>
<start_time>2026-08-31T10:43:00+00:00</start_time>
<end_time>2026-08-31T11:18:50.129000+00:00</end_time>
<moving_time>2148.77</moving_time>
<elapsed_time>2150.129</elapsed_time>
</extensions>
<metadata>
    <link href="connect.garmin.com">
      <text>Garmin Connect</text>
    </link>
    <time>2026-08-31T10:43:00.000Z</time>
  </metadata>
  <trk>
    <name>Changning Running</name>
    <type>running</type>
    <trkseg>
      <trkpt lat="31.21763535775244235992431640625" lon="121.387920677661895751953125">
        <ele>13</ele>
        <time>2026-08-31T10:43:00.000Z</time>
        <extensions>
          <ns3:TrackPointExtension>
            <ns3:hr>89</ns3:hr>
            <ns3:cad>53</ns3:cad>
          </ns3:TrackPointExtension>
        </extensions>
      </trkpt>
      <trkpt lat="31.2176159955561161041259765625" lon="121.38792092911899089813232421875">
        <ele>13</ele>
        <time>2026-08-31T10:43:01.000Z</time>
        <extensions>
          <ns3:TrackPointExtension>
            <ns3:hr>89</ns3:hr>
            <ns3:cad>0</ns3:cad>
          </ns3:TrackPointExtension>
        </extensions>
      </trkpt>
      <trkpt lat="31.217637956142425537109375" lon="121.38792562298476696014404296875">
        <ele>12.80000019073486328125</ele>
        <time>2026-08-31T10:43:02.000Z</time>
        <extensions>
          <ns3:TrackPointExtension>
            <ns3:hr>89</ns3:hr>
            <ns3:cad>0</ns3:cad>
          </ns3:TrackPointExtension>
        </extensions>
      </trkpt>
      <trkpt lat="31.21766100637614727020263671875" lon="121.387931406497955322265625">
        <ele>12.6000003814697265625</ele>
        <time>2026-08-31T10:43:03.000Z</time>
        <extensions>
          <ns3:TrackPointExtension>
            <ns3:hr>88</ns3:hr>
            <ns3:cad>0</ns3:cad>
          </ns3:TrackPointExtension>
        </extensions>
      </trkpt>
      <trkpt lat="31.21767676435410976409912109375" lon="121.38794121332466602325439453125">
        <ele>12.3999996185302734375</ele>
        <time>2026-08-31T10:43:04.000Z</time>
        <extensions>
          <ns3:TrackPointExtension>
            <ns3:hr>89</ns3:hr>
            <ns3:cad>0</ns3:cad>
          </ns3:TrackPointExtension>
        </extensions>
      </trkpt>
      <trkpt lat="31.21769872494041919708251953125" lon="121.387947835028171539306640625">
        <ele>12.19999980926513671875</ele>
        <time>2026-08-31T10:43:05.000Z</time>
        <extensions>
          <ns3:TrackPointExtension>
            <ns3:hr>89</ns3:hr>
            <ns3:cad>0</ns3:cad>
          </ns3:TrackPointExtension>
        </extensions>
      </trkpt>
      <trkpt lat="31.21772470884025096893310546875" lon="121.387955881655216217041015625">
        <ele>12.19999980926513671875</ele>
        <time>2026-08-31T10:43:06.000Z</time>
        <extensions>
          <ns3:TrackPointExtension>
            <ns3:hr>89</ns3:hr>
            <ns3:cad>83</ns3:cad>
          </ns3:TrackPointExtension>
        </extensions>
      </trkpt>
      <trkpt lat="31.21774348430335521697998046875" lon="121.38796384446322917938232421875">
        <ele>12.19999980926513671875</ele>
        <time>2026-08-31T10:43:07.000Z</time>
        <extensions>
          <ns3:TrackPointExtension>
            <ns3:hr>90</ns3:hr>
            <ns3:cad>83</ns3:cad>
          </ns3:TrackPointExtension>
        </extensions>
      </trkpt>
      <trkpt lat="31.2177658639848232269287109375" lon="121.387967281043529510498046875">
        <ele>12.19999980926513671875</ele>
        <time>2026-08-31T10:43:08.000Z</time>
        <extensions>
          <ns3:TrackPointExtension>
            <ns3:hr>91</ns3:hr>
            <ns3:cad>83</ns3:cad>
          </ns3:TrackPointExtension>
        </extensions>
      </trkpt>
      <trkpt lat="31.21778924949467182159423828125" lon="121.38798463158309459686279296875">
        <ele>12.3999996185302734375</ele>
        <time>2026-08-31T10:43:09.000Z</time>
        <extensions>
          <ns3:TrackPointExtension>
            <ns3:hr>93</ns3:hr>
            <ns3:cad>84</ns3:cad>
          </ns3:TrackPointExtension>
        </extensions>
      </trkpt>
      <trkpt lat="31.21780224144458770751953125" lon="121.387993432581424713134765625">
        <ele>12.3999996185302734375</ele>
        <time>2026-08-31T10:43:10.000Z</time>
        <extensions>
          <ns3:TrackPointExtension>
            <ns3:hr>95</ns3:hr>
            <ns3:cad>84</ns3:cad>
          </ns3:TrackPointExtension>
        </extensions>
      </trkpt>
      <trkpt lat="31.2178297340869903564453125" lon="121.38800256885588169097900390625">
        <ele>12.3999996185302734375</ele>
        <time>2026-08-31T10:43:11.000Z</time>
        <extensions>
          <ns3:TrackPointExtension>
            <ns3:hr>97</ns3:hr>
            <ns3:cad>84</ns3:cad>
          </ns3:TrackPointExtension>
        </extensions>
      </trkpt>
      <trkpt lat="31.2178480066359043121337890625" lon="121.38800717890262603759765625">
        <ele>12.3999996185302734375</ele>
        <time>2026-08-31T10:43:12.000Z</time>
        <extensions>
          <ns3:TrackPointExtension>
            <ns3:hr>98</ns3:hr>
            <ns3:cad>84</ns3:cad>
          </ns3:TrackPointExtension>
        </extensions>
      </trkpt>
      <trkpt lat="31.217869631946086883544921875" lon="121.38801329769194126129150390625">
        <ele>12.3999996185302734375</ele>
        <time>2026-08-31T10:43:13.000Z</time>
        <extensions>
          <ns3:TrackPointExtension>
            <ns3:hr>99</ns3:hr>
            <ns3:cad>85</ns3:cad>
          </ns3:TrackPointExtension>
        </extensions>
      </trkpt>
      <trkpt lat="31.21788715012371540069580078125" lon="121.388018913567066192626953125">
        <ele>12.3999996185302734375</ele>
        <time>2026-08-31T10:43:14.000Z</time>
        <extensions>
          <ns3:TrackPointExtension>
            <ns3:hr>101</ns3:hr>
            <ns3:cad>86</ns3:cad>
          </ns3:TrackPointExtension>
        </extensions>
      </trkpt>
      <trkpt lat="31.21790257282555103302001953125" lon="121.38802335597574710845947265625">
        <ele>12.3999996185302734375</ele>
        <time>2026-08-31T10:43:15.000Z</time>
        <extensions>
          <ns3:TrackPointExtension>
            <ns3:hr>102</ns3:hr>
            <ns3:cad>86</ns3:cad>
          </ns3:TrackPointExtension>
        </extensions>
      </trkpt>
      <trkpt lat="31.21792671270668506622314453125" lon="121.38803207315504550933837890625">
        <ele>12.3999996185302734375</ele>
        <time>2026-08-31T10:43:16.000Z</time>
        <extensions>
          <ns3:TrackPointExtension>
            <ns3:hr>103</ns3:hr>
            <ns3:cad>85</ns3:cad>
          </ns3:TrackPointExtension>
        </extensions>
      </trkpt>
      <trkpt lat="31.21794397942721843719482421875" lon="121.3880432210862636566162109375">
        <ele>12.3999996185302734375</ele>
        <time>2026-08-31T10:43:17.000Z</time>
        <extensions>
          <ns3:TrackPointExtension>
            <ns3:hr>105</ns3:hr>
            <ns3:cad>83</ns3:cad>
          </ns3:TrackPointExtension>
        </extensions>
      </trkpt>
      <trkpt lat="31.217968873679637908935546875" lon="121.388043724000453948974609375">
        <ele>12.3999996185302734375</ele>
        <time>2026-08-31T10:43:18.000Z</time>
        <extensions>
          <ns3:TrackPointExtension>
            <ns3:hr>106</ns3:hr>
            <ns3:cad>83</ns3:cad>
          </ns3:TrackPointExtension>
        </extensions>
      </trkpt>
      <trkpt lat="31.21798731386661529541015625" lon="121.388051770627498626708984375">
        <ele>12.3999996185302734375</ele>
        <time>2026-08-31T10:43:19.000Z</time>
        <extensions>
          <ns3:TrackPointExtension>
            <ns3:hr>106</ns3:hr>
            <ns3:cad>83</ns3:cad>
          </ns3:TrackPointExtension>
        </extensions>
      </trkpt>
      <trkpt lat="31.2180055864155292510986328125" lon="121.38806082308292388916015625">
        <ele>12.3999996185302734375</ele>
        <time>2026-08-31T10:43:20.000Z</time>
        <extensions>
          <ns3:TrackPointExtension>
            <ns3:hr>107</ns3:hr>
            <ns3:cad>84</ns3:cad>
          </ns3:TrackPointExtension>
        </extensions>
      </trkpt>
      <trkpt lat="31.2180263735353946685791015625" lon="121.38807431794703006744384765625">
        <ele>12.3999996185302734375</ele>
        <time>2026-08-31T10:43:21.000Z</time>
        <extensions>
          <ns3:TrackPointExtension>
            <ns3:hr>107</ns3:hr>
            <ns3:cad>84</ns3:cad>
          </ns3:TrackPointExtension>
        </extensions>
      </trkpt>
      <trkpt lat="31.2180394493043422698974609375" lon="121.38808471150696277618408203125">
        <ele>12.3999996185302734375</ele>
        <time>2026-08-31T10:43:22.000Z</time>
        <extensions>
          <ns3:TrackPointExtension>
            <ns3:hr>108</ns3:hr>
            <ns3:cad>85</ns3:cad>
          </ns3:TrackPointExtension>
        </extensions>
      </trkpt>
      <trkpt lat="31.21806317009031772613525390625" lon="121.38809409923851490020751953125">
        <ele>12.3999996185302734375</ele>
        <time>2026-08-31T10:43:23.000Z</time>
        <extensions>
          <ns3:TrackPointExtension>
            <ns3:hr>109</ns3:hr>
            <ns3:cad>85</ns3:cad>
          </ns3:TrackPointExtension>
        </extensions>
      </trkpt>
      <trkpt lat="31.2180813588201999664306640625" lon="121.38810415752232074737548828125">
        <ele>12.6000003814697265625</ele>
        <time>2026-08-31T10:43:24.000Z</time>
        <extensions>
          <ns3:TrackPointExtension>
            <ns3:hr>109</ns3:hr>
            <ns3:cad>84</ns3:cad>
          </ns3:TrackPointExtension>
        </extensions>
      </trkpt>
      <trkpt lat="31.2181001342833042144775390625" lon="121.388110779225826263427734375">
        <ele>12.6000003814697265625</ele>
        <time>2026-08-31T10:43:25.000Z</time>
        <extensions>
          <ns3:TrackPointExtension>
            <ns3:hr>110</ns3:hr>
            <ns3:cad>84</ns3:cad>
          </ns3:TrackPointExtension>
        </extensions>
      </trkpt>
      <trkpt lat="31.21812402270734310150146484375" lon="121.38812444172799587249755859375">
        <ele>12.6000003814697265625</ele>
        <time>2026-08-31T10:43:26.000Z</time>
        <extensions>
          <ns3:TrackPointExtension>
            <ns3:hr>111</ns3:hr>
            <ns3:cad>85</ns3:cad>
          </ns3:TrackPointExtension>
        </extensions>
      </trkpt>
      <trkpt lat="31.218144893646240234375" lon="121.388129554688930511474609375">
        <ele>12.6000003814697265625</ele>
        <time>2026-08-31T10:43:27.000Z</time>
        <extensions>
          <ns3:TrackPointExtension>
            <ns3:hr>111</ns3:hr>
            <ns3:cad>85</ns3:cad>
          </ns3:TrackPointExtension>
        </extensions>
      </trkpt>
      <trkpt lat="31.21816559694707393646240234375" lon="121.3881394453346729278564453125">
        <ele>12.6000003814697265625</ele>
        <time>2026-08-31T10:43:28.000Z</time>
        <extensions>
          <ns3:TrackPointExtension>
            <ns3:hr>111</ns3:hr>
            <ns3:cad>85</ns3:cad>
          </ns3:TrackPointExtension>
        </extensions>
      </trkpt>
      <trkpt lat="31.21818873099982738494873046875" lon="121.3881501741707324981689453125">
        <ele>12.6000003814697265625</ele>
        <time>2026-08-31T10:43:29.000Z</time>
        <extensions>
          <ns3:TrackPointExtension>
            <ns3:hr>112</ns3:hr>
            <ns3:cad>85</ns3:cad>
          </ns3:TrackPointExtension>
        </extensions>
      </trkpt>
      <trkpt lat="31.21821337379515171051025390625" lon="121.38815830461680889129638671875">
        <ele>12.6000003814697265625</ele>
        <time>2026-08-31T10:43:30.000Z</time>
        <extensions>
          <ns3:TrackPointExtension>
            <ns3:hr>112</ns3:hr>
            <ns3:cad>85</ns3:cad>
          </ns3:TrackPointExtension>
        </extensions>
      </trkpt>
      <trkpt lat="31.2182365916669368743896484375" lon="121.38816936872899532318115234375">
        <ele>12.6000003814697265625</ele>
        <time>2026-08-31T10:43:31.000Z</time>
        <extensions>
          <ns3:TrackPointExtension>
            <ns3:hr>112</ns3:hr>
            <ns3:cad>85</ns3:cad>
          </ns3:TrackPointExtension>
        </extensions>
      </trkpt>
      <trkpt lat="31.21825779788196086883544921875" lon="121.3881793431937694549560546875">
        <ele>12.6000003814697265625</ele>
        <time>2026-08-31T10:43:32.000Z</time>
        <extensions>
          <ns3:TrackPointExtension>
            <ns3:hr>113</ns3:hr>
            <ns3:cad>86</ns3:cad>
          </ns3:TrackPointExtension>
        </extensions>
      </trkpt>
      <trkpt lat="31.21828009374439716339111328125" lon="121.3881902396678924560546875">
        <ele>12.6000003814697265625</ele>
        <time>2026-08-31T10:43:33.000Z</time>
        <extensions>
          <ns3:TrackPointExtension>
            <ns3:hr>113</ns3:hr>
            <ns3:cad>86</ns3:cad>
          </ns3:TrackPointExtension>
        </extensions>
      </trkpt>
      <trkpt lat="31.21829300187528133392333984375" lon="121.38819627463817596435546875">
        <ele>12.6000003814697265625</ele>
        <time>2026-08-31T10:43:34.000Z</time>
        <extensions>
          <ns3:TrackPointExtension>
            <ns3:hr>114</ns3:hr>
            <ns3:cad>86</ns3:cad>
          </ns3:TrackPointExtension>
        </extensions>
      </trkpt>
      <trkpt lat="31.21832015924155712127685546875" lon="121.38820742256939411163330078125">
        <ele>12.6000003814697265625</ele>
        <time>2026-08-31T10:43:35.000Z</time>
        <extensions>
          <ns3:TrackPointExtension>
            <ns3:hr>115</ns3:hr>
            <ns3:cad>86</ns3:cad>
          </ns3:TrackPointExtension>
        </extensions>
      </trkpt>
      <trkpt lat="31.2183381803333759307861328125" lon="121.38821748085319995880126953125">
        <ele>12.6000003814697265625</ele>
        <time>2026-08-31T10:43:36.000Z</time>
        <extensions>
          <ns3:TrackPointExtension>
            <ns3:hr>115</ns3:hr>
            <ns3:cad>86</ns3:cad>
          </ns3:TrackPointExtension>
        </extensions>
      </trkpt>
      <trkpt lat="31.21835821308195590972900390625" lon="121.38822250999510288238525390625">
        <ele>12.6000003814697265625</ele>
        <time>2026-08-31T10:43:37.000Z</time>
        <extensions>
          <ns3:TrackPointExtension>
            <ns3:hr>116</ns3:hr>
            <ns3:cad>85</ns3:cad>
          </ns3:TrackPointExtension>
        </extensions>
      </trkpt>
      <trkpt lat="31.21838117949664592742919921875" lon="121.388234831392765045166015625">
        <ele>12.6000003814697265625</ele>
        <time>2026-08-31T10:43:38.000Z</time>
        <extensions>
          <ns3:TrackPointExtension>
            <ns3:hr>117</ns3:hr>
            <ns3:cad>85</ns3:cad>
          </ns3:TrackPointExtension>
        </extensions>
      </trkpt>
      <trkpt lat="31.21840548701584339141845703125" lon="121.38823826797306537628173828125">
        <ele>12.6000003814697265625</ele>
        <time>2026-08-31T10:43:39.000Z</time>
        <extensions>
          <ns3:TrackPointExtension>
            <ns3:hr>117</ns3:hr>
            <ns3:cad>85</ns3:cad>
          </ns3:TrackPointExtension>
        </extensions>
      </trkpt>
      <trkpt lat="31.21842660941183567047119140625" lon="121.38824648223817348480224609375">
        <ele>12.6000003814697265625</ele>
        <time>2026-08-31T10:43:40.000Z</time>
        <extensions>
          <ns3:TrackPointExtension>
            <ns3:hr>118</ns3:hr>
            <ns3:cad>87</ns3:cad>
          </ns3:TrackPointExtension>
        </extensions>
      </trkpt>
      <trkpt lat="31.21844555251300334930419921875" lon="121.38825268484652042388916015625">
        <ele>12.6000003814697265625</ele>
        <time>2026-08-31T10:43:41.000Z</time>
        <extensions>
          <ns3:TrackPointExtension>
            <ns3:hr>118</ns3:hr>
            <ns3:cad>87</ns3:cad>
          </ns3:TrackPointExtension>
        </extensions>
      </trkpt>
      <trkpt lat="31.218470446765422821044921875" lon="121.3882631622254848480224609375">
        <ele>12.6000003814697265625</ele>
        <time>2026-08-31T10:43:42.000Z</time>
        <extensions>
          <ns3:TrackPointExtension>
            <ns3:hr>119</ns3:hr>
            <ns3:cad>86</ns3:cad>
          </ns3:TrackPointExtension>
        </extensions>
      </trkpt>
      <trkpt lat="31.2184937484562397003173828125" lon="121.38827213086187839508056640625">
        <ele>12.6000003814697265625</ele>
        <time>2026-08-31T10:43:43.000Z</time>
        <extensions>
          <ns3:TrackPointExtension>
            <ns3:hr>120</ns3:hr>
            <ns3:cad>85</ns3:cad>
          </ns3:TrackPointExtension>
        </extensions>
      </trkpt>
      <trkpt lat="31.21851948089897632598876953125" lon="121.38827363960444927215576171875">
        <ele>12.6000003814697265625</ele>
        <time>2026-08-31T10:43:44.000Z</time>
        <extensions>
          <ns3:TrackPointExtension>
            <ns3:hr>120</ns3:hr>
            <ns3:cad>85</ns3:cad>
          </ns3:TrackPointExtension>
        </extensions>
      </trkpt>
      <trkpt lat="31.21854697354137897491455078125" lon="121.38828185386955738067626953125">
        <ele>12.6000003814697265625</ele>
        <time>2026-08-31T10:43:45.000Z</time>
        <extensions>
          <ns3:TrackPointExtension>
            <ns3:hr>121</ns3:hr>
            <ns3:cad>85</ns3:cad>
          </ns3:TrackPointExtension>
        </extensions>
      </trkpt>
      <trkpt lat="31.21857027523219585418701171875" lon="121.38828503899276256561279296875">
        <ele>12.6000003814697265625</ele>
        <time>2026-08-31T10:43:46.000Z</time>
        <extensions>
          <ns3:TrackPointExtension>
            <ns3:hr>123</ns3:hr>
            <ns3:cad>86</ns3:cad>
          </ns3:TrackPointExtension>
        </extensions>
      </trkpt>
      <trkpt lat="31.218596510589122772216796875" lon="121.38829560019075870513916015625">
        <ele>12.6000003814697265625</ele>
        <time>2026-08-31T10:43:47.000Z</time>
        <extensions>
          <ns3:TrackPointExtension>
            <ns3:hr>123</ns3:hr>
            <ns3:cad>86</ns3:cad>
          </ns3:TrackPointExtension>
        </extensions>
      </trkpt>
      <trkpt lat="31.218614280223846435546875" lon="121.388305239379405975341796875">
        <ele>12.3999996185302734375</ele>
        <time>2026-08-31T10:43:48.000Z</time>
        <extensions>
          <ns3:TrackPointExtension>
            <ns3:hr>123</ns3:hr>
            <ns3:cad>86</ns3:cad>
          </ns3:TrackPointExtension>
        </extensions>
      </trkpt>
      <trkpt lat="31.21864001266658306121826171875" lon="121.388313956558704376220703125">
        <ele>12.6000003814697265625</ele>
        <time>2026-08-31T10:43:49.000Z</time>
        <extensions>
          <ns3:TrackPointExtension>
            <ns3:hr>124</ns3:hr>
            <ns3:cad>86</ns3:cad>
          </ns3:TrackPointExtension>
        </extensions>
      </trkpt>
      <trkpt lat="31.21865627355873584747314453125" lon="121.3883198238909244537353515625">
        <ele>12.6000003814697265625</ele>
        <time>2026-08-31T10:43:50.000Z</time>
        <extensions>
          <ns3:TrackPointExtension>
            <ns3:hr>124</ns3:hr>
            <ns3:cad>86</ns3:cad>
          </ns3:TrackPointExtension>
        </extensions>
      </trkpt>
      <trkpt lat="31.21867672540247440338134765625" lon="121.3883245177567005157470703125">
        <ele>12.6000003814697265625</ele>
        <time>2026-08-31T10:43:51.000Z</time>
        <extensions>
          <ns3:TrackPointExtension>
            <ns3:hr>124</ns3:hr>
            <ns3:cad>86</ns3:cad>
          </ns3:TrackPointExtension>
        </extensions>
      </trkpt>
      <trkpt lat="31.21869768016040325164794921875" lon="121.3883345760405063629150390625">
        <ele>12.3999996185302734375</ele>
        <time>2026-08-31T10:43:52.000Z</time>
        <extensions>
          <ns3:TrackPointExtension>
            <ns3:hr>125</ns3:hr>
            <ns3:cad>86</ns3:cad>
          </ns3:TrackPointExtension>
        </extensions>
      </trkpt>
      <trkpt lat="31.21872131712734699249267578125" lon="121.3883431255817413330078125">
        <ele>12.6000003814697265625</ele>
        <time>2026-08-31T10:43:53.000Z</time>
        <extensions>
          <ns3:TrackPointExtension>
            <ns3:hr>125</ns3:hr>
            <ns3:cad>87</ns3:cad>
          </ns3:TrackPointExtension>
        </extensions>
      </trkpt>
      <trkpt lat="31.2187452055513858795166015625" lon="121.38835544697940349578857421875">
        <ele>12.3999996185302734375</ele>
        <time>2026-08-31T10:43:54.000Z</time>
        <extensions>
          <ns3:TrackPointExtension>
            <ns3:hr>125</ns3:hr>
            <ns3:cad>87</ns3:cad>
          </ns3:TrackPointExtension>
        </extensions>
      </trkpt>
      <trkpt lat="31.21876238845288753509521484375" lon="121.38835645280778408050537109375">
        <ele>12.3999996185302734375</ele>
        <time>2026-08-31T10:43:55.000Z</time>
        <extensions>
          <ns3:TrackPointExtension>
            <ns3:hr>125</ns3:hr>
            <ns3:cad>86</ns3:cad>
          </ns3:TrackPointExtension>
        </extensions>
      </trkpt>
      <trkpt lat="31.2187861092388629913330078125" lon="121.38836751691997051239013671875">
        <ele>12.3999996185302734375</ele>
        <time>2026-08-31T10:43:56.000Z</time>
        <extensions>
          <ns3:TrackPointExtension>
            <ns3:hr>126</ns3:hr>
            <ns3:cad>86</ns3:cad>
          </ns3:TrackPointExtension>
        </extensions>
      </trkpt>
      <trkpt lat="31.21880463324487209320068359375" lon="121.3883674331009387969970703125">
        <ele>12.3999996185302734375</ele>
        <time>2026-08-31T10:43:57.000Z</time>
        <extensions>
          <ns3:TrackPointExtension>
            <ns3:hr>126</ns3:hr>
            <ns3:cad>86</ns3:cad>
          </ns3:TrackPointExtension>
        </extensions>
      </trkpt>
      <trkpt lat="31.2188276834785938262939453125" lon="121.38837204314768314361572265625">
        <ele>12.3999996185302734375</ele>
        <time>2026-08-31T10:43:58.000Z</time>
        <extensions>
          <ns3:TrackPointExtension>
            <ns3:hr>126</ns3:hr>
            <ns3:cad>86</ns3:cad>
          </ns3:TrackPointExtension>
        </extensions>
      </trkpt>
      <trkpt lat="31.21884838677942752838134765625" lon="121.38837841339409351348876953125">
        <ele>12.3999996185302734375</ele>
        <time>2026-08-31T10:43:59.000Z</time>
        <extensions>
          <ns3:TrackPointExtension>
            <ns3:hr>127</ns3:hr>
            <ns3:cad>87</ns3:cad>
          </ns3:TrackPointExtension>
        </extensions>
      </trkpt>
      <trkpt lat="31.21886816807091236114501953125" lon="121.38837841339409351348876953125">
        <ele>12.3999996185302734375</ele>
        <time>2026-08-31T10:44:00.000Z</time>
        <extensions>
          <ns3:TrackPointExtension>
            <ns3:hr>127</ns3:hr>
            <ns3:cad>87</ns3:cad>
          </ns3:TrackPointExtension>
        </extensions>
      </trkpt>
      <trkpt lat="31.21888979338109493255615234375" lon="121.388383693993091583251953125">
        <ele>12.3999996185302734375</ele>
        <time>2026-08-31T10:44:01.000Z</time>
        <extensions>
          <ns3:TrackPointExtension>
            <ns3:hr>128</ns3:hr>
            <ns3:cad>86</ns3:cad>
          </ns3:TrackPointExtension>
        </extensions>
      </trkpt>
      <trkpt lat="31.21891259215772151947021484375" lon="121.38838880695402622222900390625">
        <ele>12.3999996185302734375</ele>
        <time>2026-08-31T10:44:02.000Z</time>
        <extensions>
          <ns3:TrackPointExtension>
            <ns3:hr>128</ns3:hr>
            <ns3:cad>86</ns3:cad>
          </ns3:TrackPointExtension>
        </extensions>
      </trkpt>
      <trkpt lat="31.21893472038209438323974609375" lon="121.38839400373399257659912109375">
        <ele>12.3999996185302734375</ele>
        <time>2026-08-31T10:44:03.000Z</time>
        <extensions>
          <ns3:TrackPointExtension>
            <ns3:hr>129</ns3:hr>
            <ns3:cad>86</ns3:cad>
          </ns3:TrackPointExtension>
        </extensions>
      </trkpt>
      <trkpt lat="31.21895433403551578521728515625" lon="121.38838939368724822998046875">
        <ele>12.3999996185302734375</ele>
        <time>2026-08-31T10:44:04.000Z</time>
        <extensions>
          <ns3:TrackPointExtension>
            <ns3:hr>129</ns3:hr>
            <ns3:cad>86</ns3:cad>
          </ns3:TrackPointExtension>
        </extensions>
      </trkpt>
      <trkpt lat="31.21898266486823558807373046875" lon="121.38838578946888446807861328125">
        <ele>12.3999996185302734375</ele>
        <time>2026-08-31T10:44:05.000Z</time>
        <extensions>
          <ns3:TrackPointExtension>
            <ns3:hr>129</ns3:hr>
            <ns3:cad>87</ns3:cad>
          </ns3:TrackPointExtension>
        </extensions>
      </trkpt>
      <trkpt lat="31.21900797821581363677978515625" lon="121.38838260434567928314208984375">
        <ele>12.6000003814697265625</ele>
        <time>2026-08-31T10:44:06.000Z</time>
        <extensions>
          <ns3:TrackPointExtension>
            <ns3:hr>129</ns3:hr>
            <ns3:cad>87</ns3:cad>
          </ns3:TrackPointExtension>
        </extensions>
      </trkpt>
      <trkpt lat="31.2190355546772480010986328125" lon="121.38838646002113819122314453125">
        <ele>12.6000003814697265625</ele>
        <time>2026-08-31T10:44:07.000Z</time>
        <extensions>
          <ns3:TrackPointExtension>
            <ns3:hr>129</ns3:hr>
            <ns3:cad>87</ns3:cad>
          </ns3:TrackPointExtension>
        </extensions>
      </trkpt>
      <trkpt lat="31.21906095184385776519775390625" lon="121.38839065097272396087646484375">
        <ele>12.6000003814697265625</ele>
        <time>2026-08-31T10:44:08.000Z</time>
        <extensions>
          <ns3:TrackPointExtension>
            <ns3:hr>130</ns3:hr>
            <ns3:cad>85</ns3:cad>
          </ns3:TrackPointExtension>
        </extensions>
      </trkpt>
      <trkpt lat="31.2190814875066280364990234375" lon="121.38838528655469417572021484375">
        <ele>12.6000003814697265625</ele>
        <time>2026-08-31T10:44:09.000Z</time>
        <extensions>
          <ns3:TrackPointExtension>
            <ns3:hr>130</ns3:hr>
            <ns3:cad>85</ns3:cad>
          </ns3:TrackPointExtension>
        </extensions>
      </trkpt>
      <trkpt lat="31.2191059626638889312744140625" lon="121.38838511891663074493408203125">
        <ele>12.6000003814697265625</ele>
        <time>2026-08-31T10:44:10.000Z</time>
        <extensions>
          <ns3:TrackPointExtension>
            <ns3:hr>130</ns3:hr>
            <ns3:cad>85</ns3:cad>
          </ns3:TrackPointExtension>
        </extensions>
      </trkpt>
      <trkpt lat="31.2191244028508663177490234375" lon="121.38837606646120548248291015625">
        <ele>12.6000003814697265625</ele>
        <time>2026-08-31T10:44:11.000Z</time>
        <extensions>
          <ns3:TrackPointExtension>
            <ns3:hr>130</ns3:hr>
            <ns3:cad>86</ns3:cad>
          </ns3:TrackPointExtension>
        </extensions>
      </trkpt>
      <trkpt lat="31.2191532365977764129638671875" lon="121.3883741386234760284423828125">
        <ele>12.3999996185302734375</ele>
        <time>2026-08-31T10:44:12.000Z</time>
        <extensions>
          <ns3:TrackPointExtension>
            <ns3:hr>131</ns3:hr>
            <ns3:cad>86</ns3:cad>
          </ns3:TrackPointExtension>
        </extensions>
      </trkpt>
      <trkpt lat="31.21917310170829296112060546875" lon="121.38837472535669803619384765625">
        <ele>12.3999996185302734375</ele>
        <time>2026-08-31T10:44:13.000Z</time>
        <extensions>
          <ns3:TrackPointExtension>
            <ns3:hr>131</ns3:hr>
            <ns3:cad>86</ns3:cad>
          </ns3:TrackPointExtension>
        </extensions>
      </trkpt>
      <trkpt lat="31.2191968224942684173583984375" lon="121.38836986385285854339599609375">
        <ele>12.3999996185302734375</ele>
        <time>2026-08-31T10:44:14.000Z</time>
        <extensions>
          <ns3:TrackPointExtension>
            <ns3:hr>131</ns3:hr>
            <ns3:cad>86</ns3:cad>
          </ns3:TrackPointExtension>
        </extensions>
      </trkpt>
      <trkpt lat="31.21921869926154613494873046875" lon="121.38836751691997051239013671875">
        <ele>12.3999996185302734375</ele>
        <time>2026-08-31T10:44:15.000Z</time>
        <extensions>
          <ns3:TrackPointExtension>
            <ns3:hr>131</ns3:hr>
            <ns3:cad>86</ns3:cad>
          </ns3:TrackPointExtension>
        </extensions>
      </trkpt>
      <trkpt lat="31.21924133040010929107666015625" lon="121.3883553631603717803955078125">
        <ele>12.6000003814697265625</ele>
        <time>2026-08-31T10:44:16.000Z</time>
        <extensions>
          <ns3:TrackPointExtension>
            <ns3:hr>131</ns3:hr>
            <ns3:cad>86</ns3:cad>
          </ns3:TrackPointExtension>
        </extensions>
      </trkpt>
      <trkpt lat="31.21926362626254558563232421875" lon="121.3883503340184688568115234375">
        <ele>12.6000003814697265625</ele>
        <time>2026-08-31T10:44:17.000Z</time>
        <extensions>
          <ns3:TrackPointExtension>
            <ns3:hr>132</ns3:hr>
            <ns3:cad>86</ns3:cad>
          </ns3:TrackPointExtension>
        </extensions>
      </trkpt>
      <trkpt lat="31.21928223408758640289306640625" lon="121.388351507484912872314453125">
        <ele>12.6000003814697265625</ele>
        <time>2026-08-31T10:44:18.000Z</time>
        <extensions>
          <ns3:TrackPointExtension>
            <ns3:hr>132</ns3:hr>
            <ns3:cad>86</ns3:cad>
          </ns3:TrackPointExtension>
        </extensions>
      </trkpt>
      <trkpt lat="31.219312660396099090576171875" lon="121.38835226185619831085205078125">
        <ele>12.6000003814697265625</ele>
        <time>2026-08-31T10:44:19.000Z</time>
        <extensions>
          <ns3:TrackPointExtension>
            <ns3:hr>132</ns3:hr>
            <ns3:cad>86</ns3:cad>
          </ns3:TrackPointExtension>
        </extensions>
      </trkpt>
      <trkpt lat="31.2193326093256473541259765625" lon="121.3883489929139614105224609375">
        <ele>12.6000003814697265625</ele>
        <time>2026-08-31T10:44:20.000Z</time>
        <extensions>
          <ns3:TrackPointExtension>
            <ns3:hr>132</ns3:hr>
            <ns3:cad>86</ns3:cad>
          </ns3:TrackPointExtension>
        </extensions>
      </trkpt>
      <trkpt lat="31.2193559110164642333984375" lon="121.3883453048765659332275390625">
        <ele>12.6000003814697265625</ele>
        <time>2026-08-31T10:44:21.000Z</time>
        <extensions>
          <ns3:TrackPointExtension>
            <ns3:hr>132</ns3:hr>
            <ns3:cad>85</ns3:cad>
          </ns3:TrackPointExtension>
        </extensions>
      </trkpt>
      <trkpt lat="31.2193798832595348358154296875" lon="121.3883431255817413330078125">
        <ele>12.6000003814697265625</ele>
        <time>2026-08-31T10:44:22.000Z</time>
        <extensions>
          <ns3:TrackPointExtension>
            <ns3:hr>133</ns3:hr>
            <ns3:cad>85</ns3:cad>
          </ns3:TrackPointExtension>
        </extensions>
      </trkpt>
      <trkpt lat="31.21939924545586109161376953125" lon="121.38833683915436267852783203125">
        <ele>12.3999996185302734375</ele>
        <time>2026-08-31T10:44:23.000Z</time>
        <extensions>
          <ns3:TrackPointExtension>
            <ns3:hr>133</ns3:hr>
            <ns3:cad>85</ns3:cad>
          </ns3:TrackPointExtension>
        </extensions>
      </trkpt>
      <trkpt lat="31.21942791156470775604248046875" lon="121.3883342407643795013427734375">
        <ele>12.6000003814697265625</ele>
        <time>2026-08-31T10:44:24.000Z</time>
        <extensions>
          <ns3:TrackPointExtension>
            <ns3:hr>133</ns3:hr>
            <ns3:cad>85</ns3:cad>
          </ns3:TrackPointExtension>
        </extensions>
      </trkpt>
      <trkpt lat="31.21944735758006572723388671875" lon="121.38832761906087398529052734375">
        <ele>12.3999996185302734375</ele>
        <time>2026-08-31T10:44:25.000Z</time>
        <extensions>
          <ns3:TrackPointExtension>
            <ns3:hr>133</ns3:hr>
            <ns3:cad>85</ns3:cad>
          </ns3:TrackPointExtension>
        </extensions>
      </trkpt>
      <trkpt lat="31.219473592936992645263671875" lon="121.38833130709826946258544921875">
        <ele>12.3999996185302734375</ele>
        <time>2026-08-31T10:44:26.000Z</time>
        <extensions>
          <ns3:TrackPointExtension>
            <ns3:hr>133</ns3:hr>
            <ns3:cad>85</ns3:cad>
          </ns3:TrackPointExtension>
        </extensions>
      </trkpt>
      <trkpt lat="31.21949831955134868621826171875" lon="121.38833038508892059326171875">
        <ele>12.3999996185302734375</ele>
        <time>2026-08-31T10:44:27.000Z</time>
        <extensions>
          <ns3:TrackPointExtension>
            <ns3:hr>133</ns3:hr>
            <ns3:cad>85</ns3:cad>
          </ns3:TrackPointExtension>
        </extensions>
      </trkpt>
      <trkpt lat="31.219518519937992095947265625" lon="121.38833398930728435516357421875">
        <ele>12.6000003814697265625</ele>
        <time>2026-08-31T10:44:28.000Z</time>
        <extensions>
          <ns3:TrackPointExtension>
            <ns3:hr>133</ns3:hr>
            <ns3:cad>85</ns3:cad>
          </ns3:TrackPointExtension>
        </extensions>
      </trkpt>
      <trkpt lat="31.21954442001879215240478515625" lon="121.3883342407643795013427734375">
        <ele>12.3999996185302734375</ele>
        <time>2026-08-31T10:44:29.000Z</time>
        <extensions>
          <ns3:TrackPointExtension>
            <ns3:hr>134</ns3:hr>
            <ns3:cad>85</ns3:cad>
          </ns3:TrackPointExtension>
        </extensions>
      </trkpt>
      <trkpt lat="31.21956646442413330078125" lon="121.388338096439838409423828125">
        <ele>12.3999996185302734375</ele>
        <time>2026-08-31T10:44:30.000Z</time>
        <extensions>
          <ns3:TrackPointExtension>
            <ns3:hr>134</ns3:hr>
            <ns3:cad>86</ns3:cad>
          </ns3:TrackPointExtension>
        </extensions>
      </trkpt>
      <trkpt lat="31.21958247385919094085693359375" lon="121.38833952136337757110595703125">
        <ele>12.3999996185302734375</ele>
        <time>2026-08-31T10:44:31.000Z</time>
        <extensions>
          <ns3:TrackPointExtension>
            <ns3:hr>134</ns3:hr>
            <ns3:cad>86</ns3:cad>
          </ns3:TrackPointExtension>
        </extensions>
      </trkpt>
      <trkpt lat="31.21960091404616832733154296875" lon="121.388339102268218994140625">
        <ele>12.3999996185302734375</ele>
        <time>2026-08-31T10:44:32.000Z</time>
        <extensions>
          <ns3:TrackPointExtension>
            <ns3:hr>134</ns3:hr>
            <ns3:cad>86</ns3:cad>
          </ns3:TrackPointExtension>
        </extensions>
      </trkpt>
      <trkpt lat="31.2196279875934123992919921875" lon="121.3883365876972675323486328125">
        <ele>12.3999996185302734375</ele>
        <time>2026-08-31T10:44:33.000Z</time>
        <extensions>
          <ns3:TrackPointExtension>
            <ns3:hr>134</ns3:hr>
            <ns3:cad>85</ns3:cad>
          </ns3:TrackPointExtension>
        </extensions>
      </trkpt>
      <trkpt lat="31.21964718215167522430419921875" lon="121.38833499513566493988037109375">
        <ele>12.3999996185302734375</ele>
        <time>2026-08-31T10:44:34.000Z</time>
        <extensions>
          <ns3:TrackPointExtension>
            <ns3:hr>134</ns3:hr>
            <ns3:cad>84</ns3:cad>
          </ns3:TrackPointExtension>
        </extensions>
      </trkpt>
      <trkpt lat="31.21966595761477947235107421875" lon="121.388332061469554901123046875">
        <ele>12.6000003814697265625</ele>
        <time>2026-08-31T10:44:35.000Z</time>
        <extensions>
          <ns3:TrackPointExtension>
            <ns3:hr>134</ns3:hr>
            <ns3:cad>84</ns3:cad>
          </ns3:TrackPointExtension>
        </extensions>
      </trkpt>
      <trkpt lat="31.21968624182045459747314453125" lon="121.38833449222147464752197265625">
        <ele>12.6000003814697265625</ele>
        <time>2026-08-31T10:44:36.000Z</time>
        <extensions>
          <ns3:TrackPointExtension>
            <ns3:hr>134</ns3:hr>
            <ns3:cad>85</ns3:cad>
          </ns3:TrackPointExtension>
        </extensions>
      </trkpt>
      <trkpt lat="31.2197037599980831146240234375" lon="121.388336755335330963134765625">
        <ele>12.6000003814697265625</ele>
        <time>2026-08-31T10:44:37.000Z</time>
        <extensions>
          <ns3:TrackPointExtension>
            <ns3:hr>134</ns3:hr>
            <ns3:cad>85</ns3:cad>
          </ns3:TrackPointExtension>
        </extensions>
      </trkpt>
      <trkpt lat="31.219729073345661163330078125" lon="121.38833818025887012481689453125">
        <ele>12.6000003814697265625</ele>
        <time>2026-08-31T10:44:38.000Z</time>
        <extensions>
          <ns3:TrackPointExtension>
            <ns3:hr>134</ns3:hr>
            <ns3:cad>85</ns3:cad>
          </ns3:TrackPointExtension>
        </extensions>
      </trkpt>
      <trkpt lat="31.2197493575513362884521484375" lon="121.388335414230823516845703125">
        <ele>12.6000003814697265625</ele>
        <time>2026-08-31T10:44:39.000Z</time>
        <extensions>
          <ns3:TrackPointExtension>
            <ns3:hr>133</ns3:hr>
            <ns3:cad>85</ns3:cad>
          </ns3:TrackPointExtension>
        </extensions>
      </trkpt>
      <trkpt lat="31.21977408416569232940673828125" lon="121.38833298347890377044677734375">
        <ele>12.6000003814697265625</ele>
        <time>2026-08-31T10:44:40.000Z</time>
        <extensions>
          <ns3:TrackPointExtension>
            <ns3:hr>134</ns3:hr>
            <ns3:cad>85</ns3:cad>
          </ns3:TrackPointExtension>
        </extensions>
      </trkpt>
      <trkpt lat="31.21980023570358753204345703125" lon="121.388335414230823516845703125">
        <ele>12.3999996185302734375</ele>
        <time>2026-08-31T10:44:41.000Z</time>
        <extensions>
          <ns3:TrackPointExtension>
            <ns3:hr>134</ns3:hr>
            <ns3:cad>84</ns3:cad>
          </ns3:TrackPointExtension>
        </extensions>
      </trkpt>
      <trkpt lat="31.219822950661182403564453125" lon="121.388324014842510223388671875">
        <ele>12.6000003814697265625</ele>
        <time>2026-08-31T10:44:42.000Z</time>
        <extensions>
          <ns3:TrackPointExtension>
            <ns3:hr>134</ns3:hr>
            <ns3:cad>84</ns3:cad>
          </ns3:TrackPointExtension>
        </extensions>
      </trkpt>
      <trkpt lat="31.2198506109416484832763671875" lon="121.38832141645252704620361328125">
        <ele>12.6000003814697265625</ele>
        <time>2026-08-31T10:44:43.000Z</time>
        <extensions>
          <ns3:TrackPointExtension>
            <ns3:hr>133</ns3:hr>
            <ns3:cad>85</ns3:cad>
          </ns3:TrackPointExtension>
        </extensions>
      </trkpt>
      <trkpt lat="31.21986913494765758514404296875" lon="121.38831471092998981475830078125">
        <ele>12.6000003814697265625</ele>
        <time>2026-08-31T10:44:44.000Z</time>
        <extensions>
          <ns3:TrackPointExtension>
            <ns3:hr>134</ns3:hr>
            <ns3:cad>85</ns3:cad>
          </ns3:TrackPointExtension>
        </extensions>
      </trkpt>
      <trkpt lat="31.2198905088007450103759765625" lon="121.38829459436237812042236328125">
        <ele>12.80000019073486328125</ele>
        <time>2026-08-31T10:44:45.000Z</time>
        <extensions>
          <ns3:TrackPointExtension>
            <ns3:hr>134</ns3:hr>
            <ns3:cad>85</ns3:cad>
          </ns3:TrackPointExtension>
        </extensions>
      </trkpt>
      <trkpt lat="31.2199082784354686737060546875" lon="121.388273052871227264404296875">
        <ele>12.80000019073486328125</ele>
        <time>2026-08-31T10:44:46.000Z</time>
        <extensions>
          <ns3:TrackPointExtension>
            <ns3:hr>133</ns3:hr>
            <ns3:cad>85</ns3:cad>
          </ns3:TrackPointExtension>
        </extensions>
      </trkpt>
      <trkpt lat="31.2199196778237819671630859375" lon="121.38825788162648677825927734375">
        <ele>12.80000019073486328125</ele>
        <time>2026-08-31T10:44:47.000Z</time>
        <extensions>
          <ns3:TrackPointExtension>
            <ns3:hr>133</ns3:hr>
            <ns3:cad>85</ns3:cad>
          </ns3:TrackPointExtension>
        </extensions>
      </trkpt>
      <trkpt lat="31.219930909574031829833984375" lon="121.38823223300278186798095703125">
        <ele>13</ele>
        <time>2026-08-31T10:44:48.000Z</time>
        <extensions>
          <ns3:TrackPointExtension>
            <ns3:hr>133</ns3:hr>
            <ns3:cad>85</ns3:cad>
          </ns3:TrackPointExtension>
        </extensions>
      </trkpt>
      <trkpt lat="31.21993954293429851531982421875" lon="121.38821479864418506622314453125">
        <ele>13</ele>
        <time>2026-08-31T10:44:49.000Z</time>
        <extensions>
          <ns3:TrackPointExtension>
            <ns3:hr>133</ns3:hr>
            <ns3:cad>85</ns3:cad>
          </ns3:TrackPointExtension>
        </extensions>
      </trkpt>
      <trkpt lat="31.21994306333363056182861328125" lon="121.3881890662014484405517578125">
        <ele>13</ele>
        <time>2026-08-31T10:44:50.000Z</time>
        <extensions>
          <ns3:TrackPointExtension>
            <ns3:hr>133</ns3:hr>
            <ns3:cad>84</ns3:cad>
          </ns3:TrackPointExtension>
        </extensions>
      </trkpt>
      <trkpt lat="31.21994205750524997711181640625" lon="121.3881655968725681304931640625">
        <ele>13.19999980926513671875</ele>
        <time>2026-08-31T10:44:51.000Z</time>
        <extensions>
          <ns3:TrackPointExtension>
            <ns3:hr>134</ns3:hr>
            <ns3:cad>83</ns3:cad>
          </ns3:TrackPointExtension>
        </extensions>
      </trkpt>
      <trkpt lat="31.219939291477203369140625" lon="121.38813726603984832763671875">
        <ele>13.19999980926513671875</ele>
        <time>2026-08-31T10:44:52.000Z</time>
        <extensions>
          <ns3:TrackPointExtension>
            <ns3:hr>133</ns3:hr>
            <ns3:cad>83</ns3:cad>
          </ns3:TrackPointExtension>
        </extensions>
      </trkpt>
      <trkpt lat="31.2199367769062519073486328125" lon="121.3881062529981136322021484375">
        <ele>13.3999996185302734375</ele>
        <time>2026-08-31T10:44:53.000Z</time>
        <extensions>
          <ns3:TrackPointExtension>
            <ns3:hr>133</ns3:hr>
            <ns3:cad>83</ns3:cad>
          </ns3:TrackPointExtension>
        </extensions>
      </trkpt>
      <trkpt lat="31.21993350796401500701904296875" lon="121.38808655552566051483154296875">
        <ele>13.3999996185302734375</ele>
        <time>2026-08-31T10:44:54.000Z</time>
        <extensions>
          <ns3:TrackPointExtension>
            <ns3:hr>134</ns3:hr>
            <ns3:cad>84</ns3:cad>
          </ns3:TrackPointExtension>
        </extensions>
      </trkpt>
      <trkpt lat="31.21992981992661952972412109375" lon="121.388057805597782135009765625">
        <ele>13.3999996185302734375</ele>
        <time>2026-08-31T10:44:55.000Z</time>
        <extensions>
          <ns3:TrackPointExtension>
            <ns3:hr>134</ns3:hr>
            <ns3:cad>85</ns3:cad>
          </ns3:TrackPointExtension>
        </extensions>
      </trkpt>
      <trkpt lat="31.2199314124882221221923828125" lon="121.38803559355437755584716796875">
        <ele>13.3999996185302734375</ele>
        <time>2026-08-31T10:44:56.000Z</time>
        <extensions>
          <ns3:TrackPointExtension>
            <ns3:hr>134</ns3:hr>
            <ns3:cad>85</ns3:cad>
          </ns3:TrackPointExtension>
        </extensions>
      </trkpt>
      <trkpt lat="31.21992831118404865264892578125" lon="121.3880076818168163299560546875">
        <ele>13.3999996185302734375</ele>
        <time>2026-08-31T10:44:57.000Z</time>
        <extensions>
          <ns3:TrackPointExtension>
            <ns3:hr>134</ns3:hr>
            <ns3:cad>85</ns3:cad>
          </ns3:TrackPointExtension>
        </extensions>
      </trkpt>
      <trkpt lat="31.21992462314665317535400390625" lon="121.38798379339277744293212890625">
        <ele>13.3999996185302734375</ele>
        <time>2026-08-31T10:44:58.000Z</time>
        <extensions>
          <ns3:TrackPointExtension>
            <ns3:hr>133</ns3:hr>
            <ns3:cad>85</ns3:cad>
          </ns3:TrackPointExtension>
        </extensions>
      </trkpt>
      <trkpt lat="31.21992261148989200592041015625" lon="121.38796552084386348724365234375">
        <ele>13.19999980926513671875</ele>
        <time>2026-08-31T10:44:59.000Z</time>
        <extensions>
          <ns3:TrackPointExtension>
            <ns3:hr>134</ns3:hr>
            <ns3:cad>85</ns3:cad>
          </ns3:TrackPointExtension>
        </extensions>
      </trkpt>
      <trkpt lat="31.21991590596735477447509765625" lon="121.387939117848873138427734375">
        <ele>13.3999996185302734375</ele>
        <time>2026-08-31T10:45:00.000Z</time>
        <extensions>
          <ns3:TrackPointExtension>
            <ns3:hr>134</ns3:hr>
            <ns3:cad>85</ns3:cad>
          </ns3:TrackPointExtension>
        </extensions>
      </trkpt>
      <trkpt lat="31.21991205029189586639404296875" lon="121.38791975565254688262939453125">
        <ele>13.19999980926513671875</ele>
        <time>2026-08-31T10:45:01.000Z</time>
        <extensions>
          <ns3:TrackPointExtension>
            <ns3:hr>134</ns3:hr>
            <ns3:cad>85</ns3:cad>
          </ns3:TrackPointExtension>
        </extensions>
      </trkpt>
      <trkpt lat="31.21991582214832305908203125" lon="121.3878863118588924407958984375">
        <ele>13.19999980926513671875</ele>
        <time>2026-08-31T10:45:02.000Z</time>
        <extensions>
          <ns3:TrackPointExtension>
            <ns3:hr>134</ns3:hr>
            <ns3:cad>85</ns3:cad>
          </ns3:TrackPointExtension>
        </extensions>
      </trkpt>
      <trkpt lat="31.2199151515960693359375" lon="121.3878621719777584075927734375">
        <ele>13.19999980926513671875</ele>
        <time>2026-08-31T10:45:03.000Z</time>
        <extensions>
          <ns3:TrackPointExtension>
            <ns3:hr>134</ns3:hr>
            <ns3:cad>85</ns3:cad>
          </ns3:TrackPointExtension>
        </extensions>
      </trkpt>
      <trkpt lat="31.21991121210157871246337890625" lon="121.3878336735069751739501953125">
        <ele>13.19999980926513671875</ele>
        <time>2026-08-31T10:45:04.000Z</time>
        <extensions>
          <ns3:TrackPointExtension>
            <ns3:hr>135</ns3:hr>
            <ns3:cad>85</ns3:cad>
          </ns3:TrackPointExtension>
        </extensions>
      </trkpt>
      <trkpt lat="31.2199084460735321044921875" lon="121.38780307956039905548095703125">
        <ele>13.19999980926513671875</ele>
        <time>2026-08-31T10:45:05.000Z</time>
        <extensions>
          <ns3:TrackPointExtension>
            <ns3:hr>135</ns3:hr>
            <ns3:cad>85</ns3:cad>
          </ns3:TrackPointExtension>
        </extensions>
      </trkpt>
      <trkpt lat="31.21990517713129520416259765625" lon="121.3877780176699161529541015625">
        <ele>13.19999980926513671875</ele>
        <time>2026-08-31T10:45:06.000Z</time>
        <extensions>
          <ns3:TrackPointExtension>
            <ns3:hr>135</ns3:hr>
            <ns3:cad>85</ns3:cad>
          </ns3:TrackPointExtension>
        </extensions>
      </trkpt>
      <trkpt lat="31.2199030816555023193359375" lon="121.38775077648460865020751953125">
        <ele>13.19999980926513671875</ele>
        <time>2026-08-31T10:45:07.000Z</time>
        <extensions>
          <ns3:TrackPointExtension>
            <ns3:hr>135</ns3:hr>
            <ns3:cad>85</ns3:cad>
          </ns3:TrackPointExtension>
        </extensions>
      </trkpt>
      <trkpt lat="31.21990148909389972686767578125" lon="121.3877294026315212249755859375">
        <ele>13.19999980926513671875</ele>
        <time>2026-08-31T10:45:08.000Z</time>
        <extensions>
          <ns3:TrackPointExtension>
            <ns3:hr>134</ns3:hr>
            <ns3:cad>86</ns3:cad>
          </ns3:TrackPointExtension>
        </extensions>
      </trkpt>
      <trkpt lat="31.21990366838872432708740234375" lon="121.38770601712167263031005859375">
        <ele>13.19999980926513671875</ele>
        <time>2026-08-31T10:45:09.000Z</time>
        <extensions>
          <ns3:TrackPointExtension>
            <ns3:hr>135</ns3:hr>
            <ns3:cad>85</ns3:cad>
          </ns3:TrackPointExtension>
        </extensions>
      </trkpt>
      <trkpt lat="31.219904758036136627197265625" lon="121.38768388889729976654052734375">
        <ele>13</ele>
        <time>2026-08-31T10:45:10.000Z</time>
        <extensions>
          <ns3:TrackPointExtension>
            <ns3:hr>135</ns3:hr>
            <ns3:cad>85</ns3:cad>
          </ns3:TrackPointExtension>
        </extensions>
      </trkpt>
      <trkpt lat="31.21990601532161235809326171875" lon="121.38765891082584857940673828125">
        <ele>13.19999980926513671875</ele>
        <time>2026-08-31T10:45:11.000Z</time>
        <extensions>
          <ns3:TrackPointExtension>
            <ns3:hr>135</ns3:hr>
            <ns3:cad>84</ns3:cad>
          </ns3:TrackPointExtension>
        </extensions>
      </trkpt>
      <trkpt lat="31.21990601532161235809326171875" lon="121.38763326220214366912841796875">
        <ele>13.19999980926513671875</ele>
        <time>2026-08-31T10:45:12.000Z</time>
        <extensions>
          <ns3:TrackPointExtension>
            <ns3:hr>135</ns3:hr>
            <ns3:cad>84</ns3:cad>
          </ns3:TrackPointExtension>
        </extensions>
      </trkpt>
      <trkpt lat="31.219903416931629180908203125" lon="121.387609206140041351318359375">
        <ele>13.19999980926513671875</ele>
        <time>2026-08-31T10:45:13.000Z</time>
        <extensions>
          <ns3:TrackPointExtension>
            <ns3:hr>135</ns3:hr>
            <ns3:cad>85</ns3:cad>
          </ns3:TrackPointExtension>
        </extensions>
      </trkpt>
      <trkpt lat="31.219905428588390350341796875" lon="121.38758012093603610992431640625">
        <ele>13.19999980926513671875</ele>
        <time>2026-08-31T10:45:14.000Z</time>
        <extensions>
          <ns3:TrackPointExtension>
            <ns3:hr>135</ns3:hr>
            <ns3:cad>86</ns3:cad>
          </ns3:TrackPointExtension>
        </extensions>
      </trkpt>
      <trkpt lat="31.21991037391126155853271484375" lon="121.3875530473887920379638671875">
        <ele>13.19999980926513671875</ele>
        <time>2026-08-31T10:45:15.000Z</time>
        <extensions>
          <ns3:TrackPointExtension>
            <ns3:hr>135</ns3:hr>
            <ns3:cad>86</ns3:cad>
          </ns3:TrackPointExtension>
        </extensions>
      </trkpt>
      <trkpt lat="31.21990702114999294281005859375" lon="121.387525387108325958251953125">
        <ele>13.19999980926513671875</ele>
        <time>2026-08-31T10:45:16.000Z</time>
        <extensions>
          <ns3:TrackPointExtension>
            <ns3:hr>135</ns3:hr>
            <ns3:cad>86</ns3:cad>
          </ns3:TrackPointExtension>
        </extensions>
      </trkpt>
      <trkpt lat="31.21990241110324859619140625" lon="121.38750133104622364044189453125">
        <ele>13</ele>
        <time>2026-08-31T10:45:17.000Z</time>
        <extensions>
          <ns3:TrackPointExtension>
            <ns3:hr>135</ns3:hr>
            <ns3:cad>84</ns3:cad>
          </ns3:TrackPointExtension>
        </extensions>
      </trkpt>
      <trkpt lat="31.21989947743713855743408203125" lon="121.3874762691557407379150390625">
        <ele>13</ele>
        <time>2026-08-31T10:45:18.000Z</time>
        <extensions>
          <ns3:TrackPointExtension>
            <ns3:hr>135</ns3:hr>
            <ns3:cad>84</ns3:cad>
          </ns3:TrackPointExtension>
        </extensions>
      </trkpt>
      <trkpt lat="31.2198978848755359649658203125" lon="121.38744835741817951202392578125">
        <ele>13</ele>
        <time>2026-08-31T10:45:19.000Z</time>
        <extensions>
          <ns3:TrackPointExtension>
            <ns3:hr>135</ns3:hr>
            <ns3:cad>85</ns3:cad>
          </ns3:TrackPointExtension>
        </extensions>
      </trkpt>
      <trkpt lat="31.2198985554277896881103515625" lon="121.3874239660799503326416015625">
        <ele>12.80000019073486328125</ele>
        <time>2026-08-31T10:45:20.000Z</time>
        <extensions>
          <ns3:TrackPointExtension>
            <ns3:hr>135</ns3:hr>
            <ns3:cad>86</ns3:cad>
          </ns3:TrackPointExtension>
        </extensions>
      </trkpt>
      <trkpt lat="31.21989495120942592620849609375" lon="121.3873947970569133758544921875">
        <ele>12.80000019073486328125</ele>
        <time>2026-08-31T10:45:21.000Z</time>
        <extensions>
          <ns3:TrackPointExtension>
            <ns3:hr>135</ns3:hr>
            <ns3:cad>86</ns3:cad>
          </ns3:TrackPointExtension>
        </extensions>
      </trkpt>
      <trkpt lat="31.21989109553396701812744140625" lon="121.38737283647060394287109375">
        <ele>12.80000019073486328125</ele>
        <time>2026-08-31T10:45:22.000Z</time>
        <extensions>
          <ns3:TrackPointExtension>
            <ns3:hr>134</ns3:hr>
            <ns3:cad>86</ns3:cad>
          </ns3:TrackPointExtension>
        </extensions>
      </trkpt>
      <trkpt lat="31.21988707222044467926025390625" lon="121.38734777458012104034423828125">
        <ele>12.80000019073486328125</ele>
        <time>2026-08-31T10:45:23.000Z</time>
        <extensions>
          <ns3:TrackPointExtension>
            <ns3:hr>134</ns3:hr>
            <ns3:cad>85</ns3:cad>
          </ns3:TrackPointExtension>
        </extensions>
      </trkpt>
      <trkpt lat="31.219886653125286102294921875" lon="121.38732195831835269927978515625">
        <ele>12.80000019073486328125</ele>
        <time>2026-08-31T10:45:24.000Z</time>
        <extensions>
          <ns3:TrackPointExtension>
            <ns3:hr>134</ns3:hr>
            <ns3:cad>85</ns3:cad>
          </ns3:TrackPointExtension>
        </extensions>
      </trkpt>
      <trkpt lat="31.2198848091065883636474609375" lon="121.38730108737945556640625">
        <ele>12.80000019073486328125</ele>
        <time>2026-08-31T10:45:25.000Z</time>
        <extensions>
          <ns3:TrackPointExtension>
            <ns3:hr>134</ns3:hr>
            <ns3:cad>85</ns3:cad>
          </ns3:TrackPointExtension>
        </extensions>
      </trkpt>
      <trkpt lat="31.219883970916271209716796875" lon="121.38726890087127685546875">
        <ele>13</ele>
        <time>2026-08-31T10:45:26.000Z</time>
        <extensions>
          <ns3:TrackPointExtension>
            <ns3:hr>134</ns3:hr>
            <ns3:cad>86</ns3:cad>
          </ns3:TrackPointExtension>
        </extensions>
      </trkpt>
      <trkpt lat="31.21988363564014434814453125" lon="121.38724534772336483001708984375">
        <ele>13</ele>
        <time>2026-08-31T10:45:27.000Z</time>
        <extensions>
          <ns3:TrackPointExtension>
            <ns3:hr>134</ns3:hr>
            <ns3:cad>85</ns3:cad>
          </ns3:TrackPointExtension>
        </extensions>
      </trkpt>
      <trkpt lat="31.21988405473530292510986328125" lon="121.3872207887470722198486328125">
        <ele>12.80000019073486328125</ele>
        <time>2026-08-31T10:45:28.000Z</time>
        <extensions>
          <ns3:TrackPointExtension>
            <ns3:hr>134</ns3:hr>
            <ns3:cad>85</ns3:cad>
          </ns3:TrackPointExtension>
        </extensions>
      </trkpt>
      <trkpt lat="31.21988003142178058624267578125" lon="121.3871956430375576019287109375">
        <ele>12.80000019073486328125</ele>
        <time>2026-08-31T10:45:29.000Z</time>
        <extensions>
          <ns3:TrackPointExtension>
            <ns3:hr>133</ns3:hr>
            <ns3:cad>84</ns3:cad>
          </ns3:TrackPointExtension>
        </extensions>
      </trkpt>
      <trkpt lat="31.2198754213750362396240234375" lon="121.38717041350901126861572265625">
        <ele>12.80000019073486328125</ele>
        <time>2026-08-31T10:45:30.000Z</time>
        <extensions>
          <ns3:TrackPointExtension>
            <ns3:hr>133</ns3:hr>
            <ns3:cad>84</ns3:cad>
          </ns3:TrackPointExtension>
        </extensions>
      </trkpt>
      <trkpt lat="31.21987299062311649322509765625" lon="121.387142501771450042724609375">
        <ele>12.80000019073486328125</ele>
        <time>2026-08-31T10:45:31.000Z</time>
        <extensions>
          <ns3:TrackPointExtension>
            <ns3:hr>133</ns3:hr>
            <ns3:cad>85</ns3:cad>
          </ns3:TrackPointExtension>
        </extensions>
      </trkpt>
      <trkpt lat="31.21987030841410160064697265625" lon="121.38711928389966487884521484375">
        <ele>12.6000003814697265625</ele>
        <time>2026-08-31T10:45:32.000Z</time>
        <extensions>
          <ns3:TrackPointExtension>
            <ns3:hr>133</ns3:hr>
            <ns3:cad>86</ns3:cad>
          </ns3:TrackPointExtension>
        </extensions>
      </trkpt>
      <trkpt lat="31.21986561454832553863525390625" lon="121.3870920427143573760986328125">
        <ele>12.6000003814697265625</ele>
        <time>2026-08-31T10:45:33.000Z</time>
        <extensions>
          <ns3:TrackPointExtension>
            <ns3:hr>133</ns3:hr>
            <ns3:cad>86</ns3:cad>
          </ns3:TrackPointExtension>
        </extensions>
      </trkpt>
      <trkpt lat="31.2198630161583423614501953125" lon="121.387066729366779327392578125">
        <ele>12.6000003814697265625</ele>
        <time>2026-08-31T10:45:34.000Z</time>
        <extensions>
          <ns3:TrackPointExtension>
            <ns3:hr>134</ns3:hr>
            <ns3:cad>86</ns3:cad>
          </ns3:TrackPointExtension>
        </extensions>
      </trkpt>
      <trkpt lat="31.21986309997737407684326171875" lon="121.38704200275242328643798828125">
        <ele>12.6000003814697265625</ele>
        <time>2026-08-31T10:45:35.000Z</time>
        <extensions>
          <ns3:TrackPointExtension>
            <ns3:hr>133</ns3:hr>
            <ns3:cad>85</ns3:cad>
          </ns3:TrackPointExtension>
        </extensions>
      </trkpt>
      <trkpt lat="31.21986427344381809234619140625" lon="121.387014091014862060546875">
        <ele>12.6000003814697265625</ele>
        <time>2026-08-31T10:45:36.000Z</time>
        <extensions>
          <ns3:TrackPointExtension>
            <ns3:hr>133</ns3:hr>
            <ns3:cad>85</ns3:cad>
          </ns3:TrackPointExtension>
        </extensions>
      </trkpt>
      <trkpt lat="31.2198640219867229461669921875" lon="121.3869891129434108734130859375">
        <ele>12.6000003814697265625</ele>
        <time>2026-08-31T10:45:37.000Z</time>
        <extensions>
          <ns3:TrackPointExtension>
            <ns3:hr>133</ns3:hr>
            <ns3:cad>85</ns3:cad>
          </ns3:TrackPointExtension>
        </extensions>
      </trkpt>
      <trkpt lat="31.21985941193997859954833984375" lon="121.38695416040718555450439453125">
        <ele>12.6000003814697265625</ele>
        <time>2026-08-31T10:45:38.000Z</time>
        <extensions>
          <ns3:TrackPointExtension>
            <ns3:hr>133</ns3:hr>
            <ns3:cad>85</ns3:cad>
          </ns3:TrackPointExtension>
        </extensions>
      </trkpt>
      <trkpt lat="31.21986058540642261505126953125" lon="121.38693169690668582916259765625">
        <ele>12.6000003814697265625</ele>
        <time>2026-08-31T10:45:39.000Z</time>
        <extensions>
          <ns3:TrackPointExtension>
            <ns3:hr>133</ns3:hr>
            <ns3:cad>85</ns3:cad>
          </ns3:TrackPointExtension>
        </extensions>
      </trkpt>
      <trkpt lat="31.2198655307292938232421875" lon="121.38690521009266376495361328125">
        <ele>12.6000003814697265625</ele>
        <time>2026-08-31T10:45:40.000Z</time>
        <extensions>
          <ns3:TrackPointExtension>
            <ns3:hr>133</ns3:hr>
            <ns3:cad>85</ns3:cad>
          </ns3:TrackPointExtension>
        </extensions>
      </trkpt>
      <trkpt lat="31.21986511163413524627685546875" lon="121.386881656944751739501953125">
        <ele>12.6000003814697265625</ele>
        <time>2026-08-31T10:45:41.000Z</time>
        <extensions>
          <ns3:TrackPointExtension>
            <ns3:hr>133</ns3:hr>
            <ns3:cad>85</ns3:cad>
          </ns3:TrackPointExtension>
        </extensions>
      </trkpt>
      <trkpt lat="31.2198650278151035308837890625" lon="121.3868526555597782135009765625">
        <ele>12.6000003814697265625</ele>
        <time>2026-08-31T10:45:42.000Z</time>
        <extensions>
          <ns3:TrackPointExtension>
            <ns3:hr>133</ns3:hr>
            <ns3:cad>85</ns3:cad>
          </ns3:TrackPointExtension>
        </extensions>
      </trkpt>
      <trkpt lat="31.219869554042816162109375" lon="121.3868248276412487030029296875">
        <ele>12.3999996185302734375</ele>
        <time>2026-08-31T10:45:43.000Z</time>
        <extensions>
          <ns3:TrackPointExtension>
            <ns3:hr>133</ns3:hr>
            <ns3:cad>85</ns3:cad>
          </ns3:TrackPointExtension>
        </extensions>
      </trkpt>
      <trkpt lat="31.21986611746251583099365234375" lon="121.3868060521781444549560546875">
        <ele>12.3999996185302734375</ele>
        <time>2026-08-31T10:45:44.000Z</time>
        <extensions>
          <ns3:TrackPointExtension>
            <ns3:hr>133</ns3:hr>
            <ns3:cad>85</ns3:cad>
          </ns3:TrackPointExtension>
        </extensions>
      </trkpt>
      <trkpt lat="31.219863183796405792236328125" lon="121.3867755420506000518798828125">
        <ele>12.3999996185302734375</ele>
        <time>2026-08-31T10:45:45.000Z</time>
        <extensions>
          <ns3:TrackPointExtension>
            <ns3:hr>134</ns3:hr>
            <ns3:cad>86</ns3:cad>
          </ns3:TrackPointExtension>
        </extensions>
      </trkpt>
      <trkpt lat="31.21985807083547115325927734375" lon="121.3867560960352420806884765625">
        <ele>12.3999996185302734375</ele>
        <time>2026-08-31T10:45:46.000Z</time>
        <extensions>
          <ns3:TrackPointExtension>
            <ns3:hr>134</ns3:hr>
            <ns3:cad>86</ns3:cad>
          </ns3:TrackPointExtension>
        </extensions>
      </trkpt>
      <trkpt lat="31.2198556400835514068603515625" lon="121.38672835193574428558349609375">
        <ele>12.3999996185302734375</ele>
        <time>2026-08-31T10:45:47.000Z</time>
        <extensions>
          <ns3:TrackPointExtension>
            <ns3:hr>135</ns3:hr>
            <ns3:cad>85</ns3:cad>
          </ns3:TrackPointExtension>
        </extensions>
      </trkpt>
      <trkpt lat="31.2198573164641857147216796875" lon="121.3867037929594516754150390625">
        <ele>12.3999996185302734375</ele>
        <time>2026-08-31T10:45:48.000Z</time>
        <extensions>
          <ns3:TrackPointExtension>
            <ns3:hr>135</ns3:hr>
            <ns3:cad>85</ns3:cad>
          </ns3:TrackPointExtension>
        </extensions>
      </trkpt>
      <trkpt lat="31.21985522098839282989501953125" lon="121.386679820716381072998046875">
        <ele>12.3999996185302734375</ele>
        <time>2026-08-31T10:45:49.000Z</time>
        <extensions>
          <ns3:TrackPointExtension>
            <ns3:hr>135</ns3:hr>
            <ns3:cad>85</ns3:cad>
          </ns3:TrackPointExtension>
        </extensions>
      </trkpt>
      <trkpt lat="31.219857148826122283935546875" lon="121.3866501487791538238525390625">
        <ele>12.3999996185302734375</ele>
        <time>2026-08-31T10:45:50.000Z</time>
        <extensions>
          <ns3:TrackPointExtension>
            <ns3:hr>136</ns3:hr>
            <ns3:cad>85</ns3:cad>
          </ns3:TrackPointExtension>
        </extensions>
      </trkpt>
      <trkpt lat="31.21985253877937793731689453125" lon="121.386626847088336944580078125">
        <ele>12.3999996185302734375</ele>
        <time>2026-08-31T10:45:51.000Z</time>
        <extensions>
          <ns3:TrackPointExtension>
            <ns3:hr>136</ns3:hr>
            <ns3:cad>86</ns3:cad>
          </ns3:TrackPointExtension>
        </extensions>
      </trkpt>
      <trkpt lat="31.2198599986732006072998046875" lon="121.38659591786563396453857421875">
        <ele>12.3999996185302734375</ele>
        <time>2026-08-31T10:45:52.000Z</time>
        <extensions>
          <ns3:TrackPointExtension>
            <ns3:hr>136</ns3:hr>
            <ns3:cad>86</ns3:cad>
          </ns3:TrackPointExtension>
        </extensions>
      </trkpt>
      <trkpt lat="31.219865195453166961669921875" lon="121.38656993396580219268798828125">
        <ele>12.3999996185302734375</ele>
        <time>2026-08-31T10:45:53.000Z</time>
        <extensions>
          <ns3:TrackPointExtension>
            <ns3:hr>136</ns3:hr>
            <ns3:cad>85</ns3:cad>
          </ns3:TrackPointExtension>
        </extensions>
      </trkpt>
      <trkpt lat="31.21986729092895984649658203125" lon="121.38654110021889209747314453125">
        <ele>12.19999980926513671875</ele>
        <time>2026-08-31T10:45:54.000Z</time>
        <extensions>
          <ns3:TrackPointExtension>
            <ns3:hr>137</ns3:hr>
            <ns3:cad>84</ns3:cad>
          </ns3:TrackPointExtension>
        </extensions>
      </trkpt>
      <trkpt lat="31.219871900975704193115234375" lon="121.3865170441567897796630859375">
        <ele>12.19999980926513671875</ele>
        <time>2026-08-31T10:45:55.000Z</time>
        <extensions>
          <ns3:TrackPointExtension>
            <ns3:hr>137</ns3:hr>
            <ns3:cad>84</ns3:cad>
          </ns3:TrackPointExtension>
        </extensions>
      </trkpt>
      <trkpt lat="31.2198707275092601776123046875" lon="121.38649315573275089263916015625">
        <ele>12.19999980926513671875</ele>
        <time>2026-08-31T10:45:56.000Z</time>
        <extensions>
          <ns3:TrackPointExtension>
            <ns3:hr>137</ns3:hr>
            <ns3:cad>85</ns3:cad>
          </ns3:TrackPointExtension>
        </extensions>
      </trkpt>
      <trkpt lat="31.21986963786184787750244140625" lon="121.38646583072841167449951171875">
        <ele>12.19999980926513671875</ele>
        <time>2026-08-31T10:45:57.000Z</time>
        <extensions>
          <ns3:TrackPointExtension>
            <ns3:hr>137</ns3:hr>
            <ns3:cad>85</ns3:cad>
          </ns3:TrackPointExtension>
        </extensions>
      </trkpt>
      <trkpt lat="31.2198708951473236083984375" lon="121.38644554652273654937744140625">
        <ele>12.19999980926513671875</ele>
        <time>2026-08-31T10:45:58.000Z</time>
        <extensions>
          <ns3:TrackPointExtension>
            <ns3:hr>136</ns3:hr>
            <ns3:cad>86</ns3:cad>
          </ns3:TrackPointExtension>
        </extensions>
      </trkpt>
      <trkpt lat="31.2198703922331333160400390625" lon="121.3864172995090484619140625">
        <ele>12.19999980926513671875</ele>
        <time>2026-08-31T10:45:59.000Z</time>
        <extensions>
          <ns3:TrackPointExtension>
            <ns3:hr>137</ns3:hr>
            <ns3:cad>85</ns3:cad>
          </ns3:TrackPointExtension>
        </extensions>
      </trkpt>
      <trkpt lat="31.21987558901309967041015625" lon="121.38639374636113643646240234375">
        <ele>12.19999980926513671875</ele>
        <time>2026-08-31T10:46:00.000Z</time>
        <extensions>
          <ns3:TrackPointExtension>
            <ns3:hr>136</ns3:hr>
            <ns3:cad>84</ns3:cad>
          </ns3:TrackPointExtension>
        </extensions>
      </trkpt>
      <trkpt lat="31.21987022459506988525390625" lon="121.38636893592774868011474609375">
        <ele>12.19999980926513671875</ele>
        <time>2026-08-31T10:46:01.000Z</time>
        <extensions>
          <ns3:TrackPointExtension>
            <ns3:hr>136</ns3:hr>
            <ns3:cad>84</ns3:cad>
          </ns3:TrackPointExtension>
        </extensions>
      </trkpt>
      <trkpt lat="31.2198673747479915618896484375" lon="121.3863390125334262847900390625">
        <ele>12.19999980926513671875</ele>
        <time>2026-08-31T10:46:02.000Z</time>
        <extensions>
          <ns3:TrackPointExtension>
            <ns3:hr>136</ns3:hr>
            <ns3:cad>84</ns3:cad>
          </ns3:TrackPointExtension>
        </extensions>
      </trkpt>
      <trkpt lat="31.21986486017704010009765625" lon="121.386322416365146636962890625">
        <ele>12.19999980926513671875</ele>
        <time>2026-08-31T10:46:03.000Z</time>
        <extensions>
          <ns3:TrackPointExtension>
            <ns3:hr>136</ns3:hr>
            <ns3:cad>85</ns3:cad>
          </ns3:TrackPointExtension>
        </extensions>
      </trkpt>
      <trkpt lat="31.21986687183380126953125" lon="121.38628846965730190277099609375">
        <ele>12.19999980926513671875</ele>
        <time>2026-08-31T10:46:04.000Z</time>
        <extensions>
          <ns3:TrackPointExtension>
            <ns3:hr>136</ns3:hr>
            <ns3:cad>85</ns3:cad>
          </ns3:TrackPointExtension>
        </extensions>
      </trkpt>
      <trkpt lat="31.2198623456060886383056640625" lon="121.3862665928900241851806640625">
        <ele>12</ele>
        <time>2026-08-31T10:46:05.000Z</time>
        <extensions>
          <ns3:TrackPointExtension>
            <ns3:hr>135</ns3:hr>
            <ns3:cad>85</ns3:cad>
          </ns3:TrackPointExtension>
        </extensions>
      </trkpt>
      <trkpt lat="31.21985907666385173797607421875" lon="121.3862377591431140899658203125">
        <ele>12</ele>
        <time>2026-08-31T10:46:06.000Z</time>
        <extensions>
          <ns3:TrackPointExtension>
            <ns3:hr>135</ns3:hr>
            <ns3:cad>85</ns3:cad>
          </ns3:TrackPointExtension>
        </extensions>
      </trkpt>
      <trkpt lat="31.219859160482883453369140625" lon="121.38621152378618717193603515625">
        <ele>12</ele>
        <time>2026-08-31T10:46:07.000Z</time>
        <extensions>
          <ns3:TrackPointExtension>
            <ns3:hr>135</ns3:hr>
            <ns3:cad>85</ns3:cad>
          </ns3:TrackPointExtension>
        </extensions>
      </trkpt>
      <trkpt lat="31.2198559753596782684326171875" lon="121.38618989847600460052490234375">
        <ele>12</ele>
        <time>2026-08-31T10:46:08.000Z</time>
        <extensions>
          <ns3:TrackPointExtension>
            <ns3:hr>135</ns3:hr>
            <ns3:cad>85</ns3:cad>
          </ns3:TrackPointExtension>
        </extensions>
      </trkpt>
      <trkpt lat="31.21984935365617275238037109375" lon="121.38616240583360195159912109375">
        <ele>12</ele>
        <time>2026-08-31T10:46:09.000Z</time>
        <extensions>
          <ns3:TrackPointExtension>
            <ns3:hr>135</ns3:hr>
            <ns3:cad>85</ns3:cad>
          </ns3:TrackPointExtension>
        </extensions>
      </trkpt>
      <trkpt lat="31.2198482640087604522705078125" lon="121.38614413328468799591064453125">
        <ele>12</ele>
        <time>2026-08-31T10:46:10.000Z</time>
        <extensions>
          <ns3:TrackPointExtension>
            <ns3:hr>134</ns3:hr>
            <ns3:cad>85</ns3:cad>
          </ns3:TrackPointExtension>
        </extensions>
      </trkpt>
      <trkpt lat="31.2198492698371410369873046875" lon="121.38611295260488986968994140625">
        <ele>12</ele>
        <time>2026-08-31T10:46:11.000Z</time>
        <extensions>
          <ns3:TrackPointExtension>
            <ns3:hr>134</ns3:hr>
            <ns3:cad>85</ns3:cad>
          </ns3:TrackPointExtension>
        </extensions>
      </trkpt>
      <trkpt lat="31.21984683908522129058837890625" lon="121.3860855437815189361572265625">
        <ele>12</ele>
        <time>2026-08-31T10:46:12.000Z</time>
        <extensions>
          <ns3:TrackPointExtension>
            <ns3:hr>134</ns3:hr>
            <ns3:cad>85</ns3:cad>
          </ns3:TrackPointExtension>
        </extensions>
      </trkpt>
      <trkpt lat="31.21984784491360187530517578125" lon="121.38605830259621143341064453125">
        <ele>12</ele>
        <time>2026-08-31T10:46:13.000Z</time>
        <extensions>
          <ns3:TrackPointExtension>
            <ns3:hr>134</ns3:hr>
            <ns3:cad>85</ns3:cad>
          </ns3:TrackPointExtension>
        </extensions>
      </trkpt>
      <trkpt lat="31.21984080411493778228759765625" lon="121.386030726134777069091796875">
        <ele>12</ele>
        <time>2026-08-31T10:46:14.000Z</time>
        <extensions>
          <ns3:TrackPointExtension>
            <ns3:hr>134</ns3:hr>
            <ns3:cad>85</ns3:cad>
          </ns3:TrackPointExtension>
        </extensions>
      </trkpt>
      <trkpt lat="31.2198395468294620513916015625" lon="121.386009268462657928466796875">
        <ele>12</ele>
        <time>2026-08-31T10:46:15.000Z</time>
        <extensions>
          <ns3:TrackPointExtension>
            <ns3:hr>134</ns3:hr>
            <ns3:cad>85</ns3:cad>
          </ns3:TrackPointExtension>
        </extensions>
      </trkpt>
      <trkpt lat="31.21983175165951251983642578125" lon="121.38598051853477954864501953125">
        <ele>12</ele>
        <time>2026-08-31T10:46:16.000Z</time>
        <extensions>
          <ns3:TrackPointExtension>
            <ns3:hr>134</ns3:hr>
            <ns3:cad>85</ns3:cad>
          </ns3:TrackPointExtension>
        </extensions>
      </trkpt>
      <trkpt lat="31.219832003116607666015625" lon="121.38595554046332836151123046875">
        <ele>12</ele>
        <time>2026-08-31T10:46:17.000Z</time>
        <extensions>
          <ns3:TrackPointExtension>
            <ns3:hr>134</ns3:hr>
            <ns3:cad>85</ns3:cad>
          </ns3:TrackPointExtension>
        </extensions>
      </trkpt>
      <trkpt lat="31.21982789598405361175537109375" lon="121.38592435978353023529052734375">
        <ele>12</ele>
        <time>2026-08-31T10:46:18.000Z</time>
        <extensions>
          <ns3:TrackPointExtension>
            <ns3:hr>134</ns3:hr>
            <ns3:cad>85</ns3:cad>
          </ns3:TrackPointExtension>
        </extensions>
      </trkpt>
      <trkpt lat="31.21982806362211704254150390625" lon="121.3859011419117450714111328125">
        <ele>12</ele>
        <time>2026-08-31T10:46:19.000Z</time>
        <extensions>
          <ns3:TrackPointExtension>
            <ns3:hr>134</ns3:hr>
            <ns3:cad>84</ns3:cad>
          </ns3:TrackPointExtension>
        </extensions>
      </trkpt>
      <trkpt lat="31.21982789598405361175537109375" lon="121.38588211499154567718505859375">
        <ele>12</ele>
        <time>2026-08-31T10:46:20.000Z</time>
        <extensions>
          <ns3:TrackPointExtension>
            <ns3:hr>134</ns3:hr>
            <ns3:cad>84</ns3:cad>
          </ns3:TrackPointExtension>
        </extensions>
      </trkpt>
      <trkpt lat="31.2198244594037532806396484375" lon="121.3858528621494770050048828125">
        <ele>12.19999980926513671875</ele>
        <time>2026-08-31T10:46:21.000Z</time>
        <extensions>
          <ns3:TrackPointExtension>
            <ns3:hr>134</ns3:hr>
            <ns3:cad>84</ns3:cad>
          </ns3:TrackPointExtension>
        </extensions>
      </trkpt>
      <trkpt lat="31.21982554905116558074951171875" lon="121.38583215884864330291748046875">
        <ele>12.19999980926513671875</ele>
        <time>2026-08-31T10:46:22.000Z</time>
        <extensions>
          <ns3:TrackPointExtension>
            <ns3:hr>134</ns3:hr>
            <ns3:cad>85</ns3:cad>
          </ns3:TrackPointExtension>
        </extensions>
      </trkpt>
      <trkpt lat="31.2198288179934024810791015625" lon="121.38579980470240116119384765625">
        <ele>12.19999980926513671875</ele>
        <time>2026-08-31T10:46:23.000Z</time>
        <extensions>
          <ns3:TrackPointExtension>
            <ns3:hr>134</ns3:hr>
            <ns3:cad>85</ns3:cad>
          </ns3:TrackPointExtension>
        </extensions>
      </trkpt>
      <trkpt lat="31.2198306620121002197265625" lon="121.38577734120190143585205078125">
        <ele>12.19999980926513671875</ele>
        <time>2026-08-31T10:46:24.000Z</time>
        <extensions>
          <ns3:TrackPointExtension>
            <ns3:hr>134</ns3:hr>
            <ns3:cad>85</ns3:cad>
          </ns3:TrackPointExtension>
        </extensions>
      </trkpt>
      <trkpt lat="31.2198331765830516815185546875" lon="121.385747753083705902099609375">
        <ele>12.19999980926513671875</ele>
        <time>2026-08-31T10:46:25.000Z</time>
        <extensions>
          <ns3:TrackPointExtension>
            <ns3:hr>134</ns3:hr>
            <ns3:cad>84</ns3:cad>
          </ns3:TrackPointExtension>
        </extensions>
      </trkpt>
      <trkpt lat="31.21983476914465427398681640625" lon="121.3857214339077472686767578125">
        <ele>12</ele>
        <time>2026-08-31T10:46:26.000Z</time>
        <extensions>
          <ns3:TrackPointExtension>
            <ns3:hr>134</ns3:hr>
            <ns3:cad>84</ns3:cad>
          </ns3:TrackPointExtension>
        </extensions>
      </trkpt>
      <trkpt lat="31.2198355235159397125244140625" lon="121.385694108903408050537109375">
        <ele>12</ele>
        <time>2026-08-31T10:46:27.000Z</time>
        <extensions>
          <ns3:TrackPointExtension>
            <ns3:hr>134</ns3:hr>
            <ns3:cad>84</ns3:cad>
          </ns3:TrackPointExtension>
        </extensions>
      </trkpt>
      <trkpt lat="31.21983795426785945892333984375" lon="121.38566871173679828643798828125">
        <ele>12</ele>
        <time>2026-08-31T10:46:28.000Z</time>
        <extensions>
          <ns3:TrackPointExtension>
            <ns3:hr>133</ns3:hr>
            <ns3:cad>84</ns3:cad>
          </ns3:TrackPointExtension>
        </extensions>
      </trkpt>
      <trkpt lat="31.21983979828655719757080078125" lon="121.385643482208251953125">
        <ele>12</ele>
        <time>2026-08-31T10:46:29.000Z</time>
        <extensions>
          <ns3:TrackPointExtension>
            <ns3:hr>134</ns3:hr>
            <ns3:cad>85</ns3:cad>
          </ns3:TrackPointExtension>
        </extensions>
      </trkpt>
      <trkpt lat="31.21983929537236690521240234375" lon="121.385612972080707550048828125">
        <ele>11.80000019073486328125</ele>
        <time>2026-08-31T10:46:30.000Z</time>
        <extensions>
          <ns3:TrackPointExtension>
            <ns3:hr>134</ns3:hr>
            <ns3:cad>85</ns3:cad>
          </ns3:TrackPointExtension>
        </extensions>
      </trkpt>
      <trkpt lat="31.21982873417437076568603515625" lon="121.3855786062777042388916015625">
        <ele>11.80000019073486328125</ele>
        <time>2026-08-31T10:46:31.000Z</time>
        <extensions>
          <ns3:TrackPointExtension>
            <ns3:hr>134</ns3:hr>
            <ns3:cad>84</ns3:cad>
          </ns3:TrackPointExtension>
        </extensions>
      </trkpt>
      <trkpt lat="31.21981968171894550323486328125" lon="121.38555974699556827545166015625">
        <ele>11.80000019073486328125</ele>
        <time>2026-08-31T10:46:32.000Z</time>
        <extensions>
          <ns3:TrackPointExtension>
            <ns3:hr>133</ns3:hr>
            <ns3:cad>84</ns3:cad>
          </ns3:TrackPointExtension>
        </extensions>
      </trkpt>
      <trkpt lat="31.21980987489223480224609375" lon="121.38553476892411708831787109375">
        <ele>11.80000019073486328125</ele>
        <time>2026-08-31T10:46:33.000Z</time>
        <extensions>
          <ns3:TrackPointExtension>
            <ns3:hr>134</ns3:hr>
            <ns3:cad>84</ns3:cad>
          </ns3:TrackPointExtension>
        </extensions>
      </trkpt>
      <trkpt lat="31.21980425901710987091064453125" lon="121.385517753660678863525390625">
        <ele>11.80000019073486328125</ele>
        <time>2026-08-31T10:46:34.000Z</time>
        <extensions>
          <ns3:TrackPointExtension>
            <ns3:hr>134</ns3:hr>
            <ns3:cad>84</ns3:cad>
          </ns3:TrackPointExtension>
        </extensions>
      </trkpt>
      <trkpt lat="31.21979235671460628509521484375" lon="121.38550040312111377716064453125">
        <ele>11.80000019073486328125</ele>
        <time>2026-08-31T10:46:35.000Z</time>
        <extensions>
          <ns3:TrackPointExtension>
            <ns3:hr>133</ns3:hr>
            <ns3:cad>85</ns3:cad>
          </ns3:TrackPointExtension>
        </extensions>
      </trkpt>
      <trkpt lat="31.21977492235600948333740234375" lon="121.38547861017286777496337890625">
        <ele>11.6000003814697265625</ele>
        <time>2026-08-31T10:46:36.000Z</time>
        <extensions>
          <ns3:TrackPointExtension>
            <ns3:hr>134</ns3:hr>
            <ns3:cad>85</ns3:cad>
          </ns3:TrackPointExtension>
        </extensions>
      </trkpt>
      <trkpt lat="31.2197560630738735198974609375" lon="121.38546100817620754241943359375">
        <ele>11.6000003814697265625</ele>
        <time>2026-08-31T10:46:37.000Z</time>
        <extensions>
          <ns3:TrackPointExtension>
            <ns3:hr>134</ns3:hr>
            <ns3:cad>85</ns3:cad>
          </ns3:TrackPointExtension>
        </extensions>
      </trkpt>
      <trkpt lat="31.21973385103046894073486328125" lon="121.3854589127004146575927734375">
        <ele>11.6000003814697265625</ele>
        <time>2026-08-31T10:46:38.000Z</time>
        <extensions>
          <ns3:TrackPointExtension>
            <ns3:hr>134</ns3:hr>
            <ns3:cad>84</ns3:cad>
          </ns3:TrackPointExtension>
        </extensions>
      </trkpt>
      <trkpt lat="31.219708956778049468994140625" lon="121.3854562304913997650146484375">
        <ele>11.6000003814697265625</ele>
        <time>2026-08-31T10:46:39.000Z</time>
        <extensions>
          <ns3:TrackPointExtension>
            <ns3:hr>135</ns3:hr>
            <ns3:cad>83</ns3:cad>
          </ns3:TrackPointExtension>
        </extensions>
      </trkpt>
      <trkpt lat="31.219692192971706390380859375" lon="121.38545262627303600311279296875">
        <ele>11.6000003814697265625</ele>
        <time>2026-08-31T10:46:40.000Z</time>
        <extensions>
          <ns3:TrackPointExtension>
            <ns3:hr>134</ns3:hr>
            <ns3:cad>82</ns3:cad>
          </ns3:TrackPointExtension>
        </extensions>
      </trkpt>
      <trkpt lat="31.21967098675668239593505859375" lon="121.38545011170208454132080078125">
        <ele>11.80000019073486328125</ele>
        <time>2026-08-31T10:46:41.000Z</time>
        <extensions>
          <ns3:TrackPointExtension>
            <ns3:hr>134</ns3:hr>
            <ns3:cad>82</ns3:cad>
          </ns3:TrackPointExtension>
        </extensions>
      </trkpt>
      <trkpt lat="31.2196511216461658477783203125" lon="121.3854518719017505645751953125">
        <ele>11.80000019073486328125</ele>
        <time>2026-08-31T10:46:42.000Z</time>
        <extensions>
          <ns3:TrackPointExtension>
            <ns3:hr>134</ns3:hr>
            <ns3:cad>83</ns3:cad>
          </ns3:TrackPointExtension>
        </extensions>
      </trkpt>
      <trkpt lat="31.21961834840476512908935546875" lon="121.385452039539813995361328125">
        <ele>11.80000019073486328125</ele>
        <time>2026-08-31T10:46:43.000Z</time>
        <extensions>
          <ns3:TrackPointExtension>
            <ns3:hr>134</ns3:hr>
            <ns3:cad>84</ns3:cad>
          </ns3:TrackPointExtension>
        </extensions>
      </trkpt>
      <trkpt lat="31.21960141696035861968994140625" lon="121.385460756719112396240234375">
        <ele>11.80000019073486328125</ele>
        <time>2026-08-31T10:46:44.000Z</time>
        <extensions>
          <ns3:TrackPointExtension>
            <ns3:hr>134</ns3:hr>
            <ns3:cad>84</ns3:cad>
          </ns3:TrackPointExtension>
        </extensions>
      </trkpt>
      <trkpt lat="31.21957593597471714019775390625" lon="121.38545849360525608062744140625">
        <ele>11.80000019073486328125</ele>
        <time>2026-08-31T10:46:45.000Z</time>
        <extensions>
          <ns3:TrackPointExtension>
            <ns3:hr>134</ns3:hr>
            <ns3:cad>84</ns3:cad>
          </ns3:TrackPointExtension>
        </extensions>
      </trkpt>
      <trkpt lat="31.2195569090545177459716796875" lon="121.38545664958655834197998046875">
        <ele>11.80000019073486328125</ele>
        <time>2026-08-31T10:46:46.000Z</time>
        <extensions>
          <ns3:TrackPointExtension>
            <ns3:hr>135</ns3:hr>
            <ns3:cad>84</ns3:cad>
          </ns3:TrackPointExtension>
        </extensions>
      </trkpt>
      <trkpt lat="31.2195351161062717437744140625" lon="121.38545849360525608062744140625">
        <ele>12</ele>
        <time>2026-08-31T10:46:47.000Z</time>
        <extensions>
          <ns3:TrackPointExtension>
            <ns3:hr>135</ns3:hr>
            <ns3:cad>85</ns3:cad>
          </ns3:TrackPointExtension>
        </extensions>
      </trkpt>
      <trkpt lat="31.2195141613483428955078125" lon="121.3854542188346385955810546875">
        <ele>11.80000019073486328125</ele>
        <time>2026-08-31T10:46:48.000Z</time>
        <extensions>
          <ns3:TrackPointExtension>
            <ns3:hr>134</ns3:hr>
            <ns3:cad>85</ns3:cad>
          </ns3:TrackPointExtension>
        </extensions>
      </trkpt>
      <trkpt lat="31.2194953858852386474609375" lon="121.38545564375817775726318359375">
        <ele>11.80000019073486328125</ele>
        <time>2026-08-31T10:46:49.000Z</time>
        <extensions>
          <ns3:TrackPointExtension>
            <ns3:hr>134</ns3:hr>
            <ns3:cad>86</ns3:cad>
          </ns3:TrackPointExtension>
        </extensions>
      </trkpt>
      <trkpt lat="31.2194739282131195068359375" lon="121.38546016998589038848876953125">
        <ele>12</ele>
        <time>2026-08-31T10:46:50.000Z</time>
        <extensions>
          <ns3:TrackPointExtension>
            <ns3:hr>134</ns3:hr>
            <ns3:cad>85</ns3:cad>
          </ns3:TrackPointExtension>
        </extensions>
      </trkpt>
      <trkpt lat="31.21945406310260295867919921875" lon="121.3854610919952392578125">
        <ele>12</ele>
        <time>2026-08-31T10:46:51.000Z</time>
        <extensions>
          <ns3:TrackPointExtension>
            <ns3:hr>134</ns3:hr>
            <ns3:cad>85</ns3:cad>
          </ns3:TrackPointExtension>
        </extensions>
      </trkpt>
      <trkpt lat="31.219429336488246917724609375" lon="121.3854626007378101348876953125">
        <ele>12</ele>
        <time>2026-08-31T10:46:52.000Z</time>
        <extensions>
          <ns3:TrackPointExtension>
            <ns3:hr>134</ns3:hr>
            <ns3:cad>85</ns3:cad>
          </ns3:TrackPointExtension>
        </extensions>
      </trkpt>
      <trkpt lat="31.2194083817303180694580078125" lon="121.38546536676585674285888671875">
        <ele>12</ele>
        <time>2026-08-31T10:46:53.000Z</time>
        <extensions>
          <ns3:TrackPointExtension>
            <ns3:hr>135</ns3:hr>
            <ns3:cad>85</ns3:cad>
          </ns3:TrackPointExtension>
        </extensions>
      </trkpt>
      <trkpt lat="31.2193827331066131591796875" lon="121.385461427271366119384765625">
        <ele>12</ele>
        <time>2026-08-31T10:46:54.000Z</time>
        <extensions>
          <ns3:TrackPointExtension>
            <ns3:hr>135</ns3:hr>
            <ns3:cad>85</ns3:cad>
          </ns3:TrackPointExtension>
        </extensions>
      </trkpt>
      <trkpt lat="31.21935599483549594879150390625" lon="121.38546042144298553466796875">
        <ele>12</ele>
        <time>2026-08-31T10:46:55.000Z</time>
        <extensions>
          <ns3:TrackPointExtension>
            <ns3:hr>135</ns3:hr>
            <ns3:cad>87</ns3:cad>
          </ns3:TrackPointExtension>
        </extensions>
      </trkpt>
      <trkpt lat="31.21933336369693279266357421875" lon="121.3854639418423175811767578125">
        <ele>12</ele>
        <time>2026-08-31T10:46:56.000Z</time>
        <extensions>
          <ns3:TrackPointExtension>
            <ns3:hr>135</ns3:hr>
            <ns3:cad>87</ns3:cad>
          </ns3:TrackPointExtension>
        </extensions>
      </trkpt>
      <trkpt lat="31.21930427849292755126953125" lon="121.385459415614604949951171875">
        <ele>12</ele>
        <time>2026-08-31T10:46:57.000Z</time>
        <extensions>
          <ns3:TrackPointExtension>
            <ns3:hr>135</ns3:hr>
            <ns3:cad>85</ns3:cad>
          </ns3:TrackPointExtension>
        </extensions>
      </trkpt>
      <trkpt lat="31.21928642503917217254638671875" lon="121.38545908033847808837890625">
        <ele>12</ele>
        <time>2026-08-31T10:46:58.000Z</time>
        <extensions>
          <ns3:TrackPointExtension>
            <ns3:hr>135</ns3:hr>
            <ns3:cad>85</ns3:cad>
          </ns3:TrackPointExtension>
        </extensions>
      </trkpt>
      <trkpt lat="31.2192618660628795623779296875" lon="121.3854548893868923187255859375">
        <ele>11.80000019073486328125</ele>
        <time>2026-08-31T10:46:59.000Z</time>
        <extensions>
          <ns3:TrackPointExtension>
            <ns3:hr>135</ns3:hr>
            <ns3:cad>85</ns3:cad>
          </ns3:TrackPointExtension>
        </extensions>
      </trkpt>
      <trkpt lat="31.21924216859042644500732421875" lon="121.38545371592044830322265625">
        <ele>11.80000019073486328125</ele>
        <time>2026-08-31T10:47:00.000Z</time>
        <extensions>
          <ns3:TrackPointExtension>
            <ns3:hr>135</ns3:hr>
            <ns3:cad>86</ns3:cad>
          </ns3:TrackPointExtension>
        </extensions>
      </trkpt>
      <trkpt lat="31.21921719051897525787353515625" lon="121.38545572757720947265625">
        <ele>11.80000019073486328125</ele>
        <time>2026-08-31T10:47:01.000Z</time>
        <extensions>
          <ns3:TrackPointExtension>
            <ns3:hr>135</ns3:hr>
            <ns3:cad>86</ns3:cad>
          </ns3:TrackPointExtension>
        </extensions>
      </trkpt>
      <trkpt lat="31.21919489465653896331787109375" lon="121.3854508660733699798583984375">
        <ele>11.6000003814697265625</ele>
        <time>2026-08-31T10:47:02.000Z</time>
        <extensions>
          <ns3:TrackPointExtension>
            <ns3:hr>135</ns3:hr>
            <ns3:cad>86</ns3:cad>
          </ns3:TrackPointExtension>
        </extensions>
      </trkpt>
      <trkpt lat="31.2191750295460224151611328125" lon="121.38545044697821140289306640625">
        <ele>11.6000003814697265625</ele>
        <time>2026-08-31T10:47:03.000Z</time>
        <extensions>
          <ns3:TrackPointExtension>
            <ns3:hr>135</ns3:hr>
            <ns3:cad>86</ns3:cad>
          </ns3:TrackPointExtension>
        </extensions>
      </trkpt>
      <trkpt lat="31.21914778836071491241455078125" lon="121.38544290326535701751708984375">
        <ele>11.80000019073486328125</ele>
        <time>2026-08-31T10:47:04.000Z</time>
        <extensions>
          <ns3:TrackPointExtension>
            <ns3:hr>134</ns3:hr>
            <ns3:cad>86</ns3:cad>
          </ns3:TrackPointExtension>
        </extensions>
      </trkpt>
      <trkpt lat="31.21913152746856212615966796875" lon="121.38543820939958095550537109375">
        <ele>11.80000019073486328125</ele>
        <time>2026-08-31T10:47:05.000Z</time>
        <extensions>
          <ns3:TrackPointExtension>
            <ns3:hr>134</ns3:hr>
            <ns3:cad>86</ns3:cad>
          </ns3:TrackPointExtension>
        </extensions>
      </trkpt>
      <trkpt lat="31.21910579502582550048828125" lon="121.38543535955250263214111328125">
        <ele>11.80000019073486328125</ele>
        <time>2026-08-31T10:47:06.000Z</time>
        <extensions>
          <ns3:TrackPointExtension>
            <ns3:hr>134</ns3:hr>
            <ns3:cad>86</ns3:cad>
          </ns3:TrackPointExtension>
        </extensions>
      </trkpt>
      <trkpt lat="31.219082660973072052001953125" lon="121.385426223278045654296875">
        <ele>11.80000019073486328125</ele>
        <time>2026-08-31T10:47:07.000Z</time>
        <extensions>
          <ns3:TrackPointExtension>
            <ns3:hr>135</ns3:hr>
            <ns3:cad>86</ns3:cad>
          </ns3:TrackPointExtension>
        </extensions>
      </trkpt>
      <trkpt lat="31.2190523184835910797119140625" lon="121.38542555272579193115234375">
        <ele>11.80000019073486328125</ele>
        <time>2026-08-31T10:47:08.000Z</time>
        <extensions>
          <ns3:TrackPointExtension>
            <ns3:hr>135</ns3:hr>
            <ns3:cad>86</ns3:cad>
          </ns3:TrackPointExtension>
        </extensions>
      </trkpt>
      <trkpt lat="31.219026334583759307861328125" lon="121.38542555272579193115234375">
        <ele>11.80000019073486328125</ele>
        <time>2026-08-31T10:47:09.000Z</time>
        <extensions>
          <ns3:TrackPointExtension>
            <ns3:hr>135</ns3:hr>
            <ns3:cad>86</ns3:cad>
          </ns3:TrackPointExtension>
        </extensions>
      </trkpt>
      <trkpt lat="31.2190003506839275360107421875" lon="121.38542295433580875396728515625">
        <ele>11.80000019073486328125</ele>
        <time>2026-08-31T10:47:10.000Z</time>
        <extensions>
          <ns3:TrackPointExtension>
            <ns3:hr>135</ns3:hr>
            <ns3:cad>85</ns3:cad>
          </ns3:TrackPointExtension>
        </extensions>
      </trkpt>
      <trkpt lat="31.21897428296506404876708984375" lon="121.38541021384298801422119140625">
        <ele>11.80000019073486328125</ele>
        <time>2026-08-31T10:47:11.000Z</time>
        <extensions>
          <ns3:TrackPointExtension>
            <ns3:hr>135</ns3:hr>
            <ns3:cad>85</ns3:cad>
          </ns3:TrackPointExtension>
        </extensions>
      </trkpt>
      <trkpt lat="31.2189544178545475006103515625" lon="121.38540535233914852142333984375">
        <ele>11.80000019073486328125</ele>
        <time>2026-08-31T10:47:12.000Z</time>
        <extensions>
          <ns3:TrackPointExtension>
            <ns3:hr>135</ns3:hr>
            <ns3:cad>85</ns3:cad>
          </ns3:TrackPointExtension>
        </extensions>
      </trkpt>
      <trkpt lat="31.2189312838017940521240234375" lon="121.38540082611143589019775390625">
        <ele>11.80000019073486328125</ele>
        <time>2026-08-31T10:47:13.000Z</time>
        <extensions>
          <ns3:TrackPointExtension>
            <ns3:hr>135</ns3:hr>
            <ns3:cad>86</ns3:cad>
          </ns3:TrackPointExtension>
        </extensions>
      </trkpt>
      <trkpt lat="31.21891208924353122711181640625" lon="121.3853978924453258514404296875">
        <ele>11.80000019073486328125</ele>
        <time>2026-08-31T10:47:14.000Z</time>
        <extensions>
          <ns3:TrackPointExtension>
            <ns3:hr>135</ns3:hr>
            <ns3:cad>86</ns3:cad>
          </ns3:TrackPointExtension>
        </extensions>
      </trkpt>
      <trkpt lat="31.21888157911598682403564453125" lon="121.385389678180217742919921875">
        <ele>11.80000019073486328125</ele>
        <time>2026-08-31T10:47:15.000Z</time>
        <extensions>
          <ns3:TrackPointExtension>
            <ns3:hr>135</ns3:hr>
            <ns3:cad>86</ns3:cad>
          </ns3:TrackPointExtension>
        </extensions>
      </trkpt>
      <trkpt lat="31.21886012144386768341064453125" lon="121.3853828050196170806884765625">
        <ele>11.80000019073486328125</ele>
        <time>2026-08-31T10:47:16.000Z</time>
        <extensions>
          <ns3:TrackPointExtension>
            <ns3:hr>135</ns3:hr>
            <ns3:cad>86</ns3:cad>
          </ns3:TrackPointExtension>
        </extensions>
      </trkpt>
      <trkpt lat="31.2188382446765899658203125" lon="121.3853838108479976654052734375">
        <ele>11.80000019073486328125</ele>
        <time>2026-08-31T10:47:17.000Z</time>
        <extensions>
          <ns3:TrackPointExtension>
            <ns3:hr>135</ns3:hr>
            <ns3:cad>86</ns3:cad>
          </ns3:TrackPointExtension>
        </extensions>
      </trkpt>
      <trkpt lat="31.21881335042417049407958984375" lon="121.3853737525641918182373046875">
        <ele>11.80000019073486328125</ele>
        <time>2026-08-31T10:47:18.000Z</time>
        <extensions>
          <ns3:TrackPointExtension>
            <ns3:hr>135</ns3:hr>
            <ns3:cad>86</ns3:cad>
          </ns3:TrackPointExtension>
        </extensions>
      </trkpt>
      <trkpt lat="31.21879692189395427703857421875" lon="121.38536788523197174072265625">
        <ele>11.80000019073486328125</ele>
        <time>2026-08-31T10:47:19.000Z</time>
        <extensions>
          <ns3:TrackPointExtension>
            <ns3:hr>136</ns3:hr>
            <ns3:cad>86</ns3:cad>
          </ns3:TrackPointExtension>
        </extensions>
      </trkpt>
      <trkpt lat="31.21876574121415615081787109375" lon="121.38535103760659694671630859375">
        <ele>11.80000019073486328125</ele>
        <time>2026-08-31T10:47:20.000Z</time>
        <extensions>
          <ns3:TrackPointExtension>
            <ns3:hr>136</ns3:hr>
            <ns3:cad>87</ns3:cad>
          </ns3:TrackPointExtension>
        </extensions>
      </trkpt>
      <trkpt lat="31.2187519110739231109619140625" lon="121.385347433388233184814453125">
        <ele>11.80000019073486328125</ele>
        <time>2026-08-31T10:47:21.000Z</time>
        <extensions>
          <ns3:TrackPointExtension>
            <ns3:hr>136</ns3:hr>
            <ns3:cad>87</ns3:cad>
          </ns3:TrackPointExtension>
        </extensions>
      </trkpt>
      <trkpt lat="31.2187317945063114166259765625" lon="121.3853415660560131072998046875">
        <ele>11.80000019073486328125</ele>
        <time>2026-08-31T10:47:22.000Z</time>
        <extensions>
          <ns3:TrackPointExtension>
            <ns3:hr>136</ns3:hr>
            <ns3:cad>86</ns3:cad>
          </ns3:TrackPointExtension>
        </extensions>
      </trkpt>
      <trkpt lat="31.218713186681270599365234375" lon="121.3853335194289684295654296875">
        <ele>11.80000019073486328125</ele>
        <time>2026-08-31T10:47:23.000Z</time>
        <extensions>
          <ns3:TrackPointExtension>
            <ns3:hr>136</ns3:hr>
            <ns3:cad>86</ns3:cad>
          </ns3:TrackPointExtension>
        </extensions>
      </trkpt>
      <trkpt lat="31.21869332157075405120849609375" lon="121.3853261433541774749755859375">
        <ele>11.80000019073486328125</ele>
        <time>2026-08-31T10:47:24.000Z</time>
        <extensions>
          <ns3:TrackPointExtension>
            <ns3:hr>135</ns3:hr>
            <ns3:cad>86</ns3:cad>
          </ns3:TrackPointExtension>
        </extensions>
      </trkpt>
      <trkpt lat="31.21867052279412746429443359375" lon="121.38531398959457874298095703125">
        <ele>11.6000003814697265625</ele>
        <time>2026-08-31T10:47:25.000Z</time>
        <extensions>
          <ns3:TrackPointExtension>
            <ns3:hr>135</ns3:hr>
            <ns3:cad>86</ns3:cad>
          </ns3:TrackPointExtension>
        </extensions>
      </trkpt>
      <trkpt lat="31.218649484217166900634765625" lon="121.385300494730472564697265625">
        <ele>11.6000003814697265625</ele>
        <time>2026-08-31T10:47:26.000Z</time>
        <extensions>
          <ns3:TrackPointExtension>
            <ns3:hr>134</ns3:hr>
            <ns3:cad>87</ns3:cad>
          </ns3:TrackPointExtension>
        </extensions>
      </trkpt>
      <trkpt lat="31.218628697097301483154296875" lon="121.38528951443731784820556640625">
        <ele>11.80000019073486328125</ele>
        <time>2026-08-31T10:47:27.000Z</time>
        <extensions>
          <ns3:TrackPointExtension>
            <ns3:hr>134</ns3:hr>
            <ns3:cad>87</ns3:cad>
          </ns3:TrackPointExtension>
        </extensions>
      </trkpt>
      <trkpt lat="31.2186070717871189117431640625" lon="121.38527811504900455474853515625">
        <ele>11.80000019073486328125</ele>
        <time>2026-08-31T10:47:28.000Z</time>
        <extensions>
          <ns3:TrackPointExtension>
            <ns3:hr>133</ns3:hr>
            <ns3:cad>86</ns3:cad>
          </ns3:TrackPointExtension>
        </extensions>
      </trkpt>
      <trkpt lat="31.2185802496969699859619140625" lon="121.38525179587304592132568359375">
        <ele>11.80000019073486328125</ele>
        <time>2026-08-31T10:47:29.000Z</time>
        <extensions>
          <ns3:TrackPointExtension>
            <ns3:hr>132</ns3:hr>
            <ns3:cad>86</ns3:cad>
          </ns3:TrackPointExtension>
        </extensions>
      </trkpt>
      <trkpt lat="31.21855921112000942230224609375" lon="121.38523251749575138092041015625">
        <ele>11.80000019073486328125</ele>
        <time>2026-08-31T10:47:30.000Z</time>
        <extensions>
          <ns3:TrackPointExtension>
            <ns3:hr>132</ns3:hr>
            <ns3:cad>86</ns3:cad>
          </ns3:TrackPointExtension>
        </extensions>
      </trkpt>
      <trkpt lat="31.21853314340114593505859375" lon="121.3852168433368206024169921875">
        <ele>12</ele>
        <time>2026-08-31T10:47:31.000Z</time>
        <extensions>
          <ns3:TrackPointExtension>
            <ns3:hr>132</ns3:hr>
            <ns3:cad>86</ns3:cad>
          </ns3:TrackPointExtension>
        </extensions>
      </trkpt>
      <trkpt lat="31.218509338796138763427734375" lon="121.38520167209208011627197265625">
        <ele>11.80000019073486328125</ele>
        <time>2026-08-31T10:47:32.000Z</time>
        <extensions>
          <ns3:TrackPointExtension>
            <ns3:hr>131</ns3:hr>
            <ns3:cad>87</ns3:cad>
          </ns3:TrackPointExtension>
        </extensions>
      </trkpt>
      <trkpt lat="31.2184890545904636383056640625" lon="121.38519546948373317718505859375">
        <ele>12</ele>
        <time>2026-08-31T10:47:33.000Z</time>
        <extensions>
          <ns3:TrackPointExtension>
            <ns3:hr>131</ns3:hr>
            <ns3:cad>87</ns3:cad>
          </ns3:TrackPointExtension>
        </extensions>
      </trkpt>
      <trkpt lat="31.218463741242885589599609375" lon="121.3851782865822315216064453125">
        <ele>12</ele>
        <time>2026-08-31T10:47:34.000Z</time>
        <extensions>
          <ns3:TrackPointExtension>
            <ns3:hr>131</ns3:hr>
            <ns3:cad>86</ns3:cad>
          </ns3:TrackPointExtension>
        </extensions>
      </trkpt>
      <trkpt lat="31.218448318541049957275390625" lon="121.38516663573682308197021484375">
        <ele>12</ele>
        <time>2026-08-31T10:47:35.000Z</time>
        <extensions>
          <ns3:TrackPointExtension>
            <ns3:hr>131</ns3:hr>
            <ns3:cad>85</ns3:cad>
          </ns3:TrackPointExtension>
        </extensions>
      </trkpt>
      <trkpt lat="31.21842225082218647003173828125" lon="121.38514685444533824920654296875">
        <ele>12</ele>
        <time>2026-08-31T10:47:36.000Z</time>
        <extensions>
          <ns3:TrackPointExtension>
            <ns3:hr>131</ns3:hr>
            <ns3:cad>85</ns3:cad>
          </ns3:TrackPointExtension>
        </extensions>
      </trkpt>
      <trkpt lat="31.218404062092304229736328125" lon="121.38513394631445407867431640625">
        <ele>12</ele>
        <time>2026-08-31T10:47:37.000Z</time>
        <extensions>
          <ns3:TrackPointExtension>
            <ns3:hr>132</ns3:hr>
            <ns3:cad>85</ns3:cad>
          </ns3:TrackPointExtension>
        </extensions>
      </trkpt>
      <trkpt lat="31.2183864600956439971923828125" lon="121.38512003235518932342529296875">
        <ele>12</ele>
        <time>2026-08-31T10:47:38.000Z</time>
        <extensions>
          <ns3:TrackPointExtension>
            <ns3:hr>132</ns3:hr>
            <ns3:cad>85</ns3:cad>
          </ns3:TrackPointExtension>
        </extensions>
      </trkpt>
      <trkpt lat="31.21836726553738117218017578125" lon="121.38510636985301971435546875">
        <ele>11.80000019073486328125</ele>
        <time>2026-08-31T10:47:39.000Z</time>
        <extensions>
          <ns3:TrackPointExtension>
            <ns3:hr>134</ns3:hr>
            <ns3:cad>86</ns3:cad>
          </ns3:TrackPointExtension>
        </extensions>
      </trkpt>
      <trkpt lat="31.21834681369364261627197265625" lon="121.38509639538824558258056640625">
        <ele>11.80000019073486328125</ele>
        <time>2026-08-31T10:47:40.000Z</time>
        <extensions>
          <ns3:TrackPointExtension>
            <ns3:hr>134</ns3:hr>
            <ns3:cad>86</ns3:cad>
          </ns3:TrackPointExtension>
        </extensions>
      </trkpt>
      <trkpt lat="31.218322254717350006103515625" lon="121.38509019277989864349365234375">
        <ele>11.80000019073486328125</ele>
        <time>2026-08-31T10:47:41.000Z</time>
        <extensions>
          <ns3:TrackPointExtension>
            <ns3:hr>135</ns3:hr>
            <ns3:cad>86</ns3:cad>
          </ns3:TrackPointExtension>
        </extensions>
      </trkpt>
      <trkpt lat="31.2183073349297046661376953125" lon="121.38508231379091739654541015625">
        <ele>11.80000019073486328125</ele>
        <time>2026-08-31T10:47:42.000Z</time>
        <extensions>
          <ns3:TrackPointExtension>
            <ns3:hr>135</ns3:hr>
            <ns3:cad>86</ns3:cad>
          </ns3:TrackPointExtension>
        </extensions>
      </trkpt>
      <trkpt lat="31.21828780509531497955322265625" lon="121.38506689108908176422119140625">
        <ele>11.80000019073486328125</ele>
        <time>2026-08-31T10:47:43.000Z</time>
        <extensions>
          <ns3:TrackPointExtension>
            <ns3:hr>136</ns3:hr>
            <ns3:cad>86</ns3:cad>
          </ns3:TrackPointExtension>
        </extensions>
      </trkpt>
      <trkpt lat="31.21827104128897190093994140625" lon="121.3850602693855762481689453125">
        <ele>11.80000019073486328125</ele>
        <time>2026-08-31T10:47:44.000Z</time>
        <extensions>
          <ns3:TrackPointExtension>
            <ns3:hr>136</ns3:hr>
            <ns3:cad>86</ns3:cad>
          </ns3:TrackPointExtension>
        </extensions>
      </trkpt>
      <trkpt lat="31.21824882924556732177734375" lon="121.38505297712981700897216796875">
        <ele>11.80000019073486328125</ele>
        <time>2026-08-31T10:47:45.000Z</time>
        <extensions>
          <ns3:TrackPointExtension>
            <ns3:hr>137</ns3:hr>
            <ns3:cad>86</ns3:cad>
          </ns3:TrackPointExtension>
        </extensions>
      </trkpt>
      <trkpt lat="31.21822946704924106597900390625" lon="121.3850398175418376922607421875">
        <ele>11.6000003814697265625</ele>
        <time>2026-08-31T10:47:46.000Z</time>
        <extensions>
          <ns3:TrackPointExtension>
            <ns3:hr>137</ns3:hr>
            <ns3:cad>86</ns3:cad>
          </ns3:TrackPointExtension>
        </extensions>
      </trkpt>
      <trkpt lat="31.21821102686226367950439453125" lon="121.3850287534296512603759765625">
        <ele>11.6000003814697265625</ele>
        <time>2026-08-31T10:47:47.000Z</time>
        <extensions>
          <ns3:TrackPointExtension>
            <ns3:hr>137</ns3:hr>
            <ns3:cad>86</ns3:cad>
          </ns3:TrackPointExtension>
        </extensions>
      </trkpt>
      <trkpt lat="31.2181916646659374237060546875" lon="121.38501559384167194366455078125">
        <ele>11.3999996185302734375</ele>
        <time>2026-08-31T10:47:48.000Z</time>
        <extensions>
          <ns3:TrackPointExtension>
            <ns3:hr>137</ns3:hr>
            <ns3:cad>86</ns3:cad>
          </ns3:TrackPointExtension>
        </extensions>
      </trkpt>
      <trkpt lat="31.218173392117023468017578125" lon="121.38500637374818325042724609375">
        <ele>11.3999996185302734375</ele>
        <time>2026-08-31T10:47:49.000Z</time>
        <extensions>
          <ns3:TrackPointExtension>
            <ns3:hr>136</ns3:hr>
            <ns3:cad>86</ns3:cad>
          </ns3:TrackPointExtension>
        </extensions>
      </trkpt>
      <trkpt lat="31.218150593340396881103515625" lon="121.38499447144567966461181640625">
        <ele>11.3999996185302734375</ele>
        <time>2026-08-31T10:47:50.000Z</time>
        <extensions>
          <ns3:TrackPointExtension>
            <ns3:hr>137</ns3:hr>
            <ns3:cad>86</ns3:cad>
          </ns3:TrackPointExtension>
        </extensions>
      </trkpt>
      <trkpt lat="31.2181355059146881103515625" lon="121.38498298823833465576171875">
        <ele>11.3999996185302734375</ele>
        <time>2026-08-31T10:47:51.000Z</time>
        <extensions>
          <ns3:TrackPointExtension>
            <ns3:hr>136</ns3:hr>
            <ns3:cad>86</ns3:cad>
          </ns3:TrackPointExtension>
        </extensions>
      </trkpt>
      <trkpt lat="31.21811362914741039276123046875" lon="121.3849677331745624542236328125">
        <ele>11.3999996185302734375</ele>
        <time>2026-08-31T10:47:52.000Z</time>
        <extensions>
          <ns3:TrackPointExtension>
            <ns3:hr>136</ns3:hr>
            <ns3:cad>86</ns3:cad>
          </ns3:TrackPointExtension>
        </extensions>
      </trkpt>
      <trkpt lat="31.2180947698652744293212890625" lon="121.3849600218236446380615234375">
        <ele>11.3999996185302734375</ele>
        <time>2026-08-31T10:47:53.000Z</time>
        <extensions>
          <ns3:TrackPointExtension>
            <ns3:hr>136</ns3:hr>
            <ns3:cad>86</ns3:cad>
          </ns3:TrackPointExtension>
        </extensions>
      </trkpt>
      <trkpt lat="31.2180736474692821502685546875" lon="121.38494803570210933685302734375">
        <ele>11.3999996185302734375</ele>
        <time>2026-08-31T10:47:54.000Z</time>
        <extensions>
          <ns3:TrackPointExtension>
            <ns3:hr>135</ns3:hr>
            <ns3:cad>86</ns3:cad>
          </ns3:TrackPointExtension>
        </extensions>
      </trkpt>
      <trkpt lat="31.21805126778781414031982421875" lon="121.38493093661963939666748046875">
        <ele>11.3999996185302734375</ele>
        <time>2026-08-31T10:47:55.000Z</time>
        <extensions>
          <ns3:TrackPointExtension>
            <ns3:hr>135</ns3:hr>
            <ns3:cad>86</ns3:cad>
          </ns3:TrackPointExtension>
        </extensions>
      </trkpt>
      <trkpt lat="31.21803014539182186126708984375" lon="121.38491584919393062591552734375">
        <ele>11.3999996185302734375</ele>
        <time>2026-08-31T10:47:56.000Z</time>
        <extensions>
          <ns3:TrackPointExtension>
            <ns3:hr>135</ns3:hr>
            <ns3:cad>86</ns3:cad>
          </ns3:TrackPointExtension>
        </extensions>
      </trkpt>
      <trkpt lat="31.2180055864155292510986328125" lon="121.3848996721208095550537109375">
        <ele>11.3999996185302734375</ele>
        <time>2026-08-31T10:47:57.000Z</time>
        <extensions>
          <ns3:TrackPointExtension>
            <ns3:hr>136</ns3:hr>
            <ns3:cad>87</ns3:cad>
          </ns3:TrackPointExtension>
        </extensions>
      </trkpt>
      <trkpt lat="31.21798840351402759552001953125" lon="121.38488433323800563812255859375">
        <ele>11.3999996185302734375</ele>
        <time>2026-08-31T10:47:58.000Z</time>
        <extensions>
          <ns3:TrackPointExtension>
            <ns3:hr>135</ns3:hr>
            <ns3:cad>87</ns3:cad>
          </ns3:TrackPointExtension>
        </extensions>
      </trkpt>
      <trkpt lat="31.2179677002131938934326171875" lon="121.38486421667039394378662109375">
        <ele>11.3999996185302734375</ele>
        <time>2026-08-31T10:47:59.000Z</time>
        <extensions>
          <ns3:TrackPointExtension>
            <ns3:hr>135</ns3:hr>
            <ns3:cad>87</ns3:cad>
          </ns3:TrackPointExtension>
        </extensions>
      </trkpt>
      <trkpt lat="31.21795202605426311492919921875" lon="121.38484611175954341888427734375">
        <ele>11.3999996185302734375</ele>
        <time>2026-08-31T10:48:00.000Z</time>
        <extensions>
          <ns3:TrackPointExtension>
            <ns3:hr>136</ns3:hr>
            <ns3:cad>87</ns3:cad>
          </ns3:TrackPointExtension>
        </extensions>
      </trkpt>
      <trkpt lat="31.21793241240084171295166015625" lon="121.38482901267707347869873046875">
        <ele>11.3999996185302734375</ele>
        <time>2026-08-31T10:48:01.000Z</time>
        <extensions>
          <ns3:TrackPointExtension>
            <ns3:hr>135</ns3:hr>
            <ns3:cad>87</ns3:cad>
          </ns3:TrackPointExtension>
        </extensions>
      </trkpt>
      <trkpt lat="31.217920593917369842529296875" lon="121.38481535017490386962890625">
        <ele>11.3999996185302734375</ele>
        <time>2026-08-31T10:48:02.000Z</time>
        <extensions>
          <ns3:TrackPointExtension>
            <ns3:hr>135</ns3:hr>
            <ns3:cad>87</ns3:cad>
          </ns3:TrackPointExtension>
        </extensions>
      </trkpt>
      <trkpt lat="31.2179046683013439178466796875" lon="121.38480864465236663818359375">
        <ele>11.6000003814697265625</ele>
        <time>2026-08-31T10:48:03.000Z</time>
        <extensions>
          <ns3:TrackPointExtension>
            <ns3:hr>135</ns3:hr>
            <ns3:cad>87</ns3:cad>
          </ns3:TrackPointExtension>
        </extensions>
      </trkpt>
      <trkpt lat="31.2178868986666202545166015625" lon="121.38479582034051418304443359375">
        <ele>11.6000003814697265625</ele>
        <time>2026-08-31T10:48:04.000Z</time>
        <extensions>
          <ns3:TrackPointExtension>
            <ns3:hr>135</ns3:hr>
            <ns3:cad>87</ns3:cad>
          </ns3:TrackPointExtension>
        </extensions>
      </trkpt>
      <trkpt lat="31.217872314155101776123046875" lon="121.3847870193421840667724609375">
        <ele>11.6000003814697265625</ele>
        <time>2026-08-31T10:48:05.000Z</time>
        <extensions>
          <ns3:TrackPointExtension>
            <ns3:hr>135</ns3:hr>
            <ns3:cad>88</ns3:cad>
          </ns3:TrackPointExtension>
        </extensions>
      </trkpt>
      <trkpt lat="31.2178485095500946044921875" lon="121.384772770106792449951171875">
        <ele>11.6000003814697265625</ele>
        <time>2026-08-31T10:48:06.000Z</time>
        <extensions>
          <ns3:TrackPointExtension>
            <ns3:hr>135</ns3:hr>
            <ns3:cad>87</ns3:cad>
          </ns3:TrackPointExtension>
        </extensions>
      </trkpt>
      <trkpt lat="31.21782881207764148712158203125" lon="121.384766399860382080078125">
        <ele>11.6000003814697265625</ele>
        <time>2026-08-31T10:48:07.000Z</time>
        <extensions>
          <ns3:TrackPointExtension>
            <ns3:hr>136</ns3:hr>
            <ns3:cad>87</ns3:cad>
          </ns3:TrackPointExtension>
        </extensions>
      </trkpt>
      <trkpt lat="31.21780333109200000762939453125" lon="121.384753994643688201904296875">
        <ele>11.6000003814697265625</ele>
        <time>2026-08-31T10:48:08.000Z</time>
        <extensions>
          <ns3:TrackPointExtension>
            <ns3:hr>135</ns3:hr>
            <ns3:cad>87</ns3:cad>
          </ns3:TrackPointExtension>
        </extensions>
      </trkpt>
      <trkpt lat="31.21778589673340320587158203125" lon="121.38474636711180210113525390625">
        <ele>11.6000003814697265625</ele>
        <time>2026-08-31T10:48:09.000Z</time>
        <extensions>
          <ns3:TrackPointExtension>
            <ns3:hr>135</ns3:hr>
            <ns3:cad>87</ns3:cad>
          </ns3:TrackPointExtension>
        </extensions>
      </trkpt>
      <trkpt lat="31.21776091866195201873779296875" lon="121.38473195023834705352783203125">
        <ele>11.6000003814697265625</ele>
        <time>2026-08-31T10:48:10.000Z</time>
        <extensions>
          <ns3:TrackPointExtension>
            <ns3:hr>135</ns3:hr>
            <ns3:cad>86</ns3:cad>
          </ns3:TrackPointExtension>
        </extensions>
      </trkpt>
      <trkpt lat="31.2177393771708011627197265625" lon="121.38472675345838069915771484375">
        <ele>11.6000003814697265625</ele>
        <time>2026-08-31T10:48:11.000Z</time>
        <extensions>
          <ns3:TrackPointExtension>
            <ns3:hr>135</ns3:hr>
            <ns3:cad>86</ns3:cad>
          </ns3:TrackPointExtension>
        </extensions>
      </trkpt>
      <trkpt lat="31.21771632693707942962646484375" lon="121.38472004793584346771240234375">
        <ele>11.6000003814697265625</ele>
        <time>2026-08-31T10:48:12.000Z</time>
        <extensions>
          <ns3:TrackPointExtension>
            <ns3:hr>135</ns3:hr>
            <ns3:cad>86</ns3:cad>
          </ns3:TrackPointExtension>
        </extensions>
      </trkpt>
      <trkpt lat="31.21768849901854991912841796875" lon="121.384707055985927581787109375">
        <ele>11.6000003814697265625</ele>
        <time>2026-08-31T10:48:13.000Z</time>
        <extensions>
          <ns3:TrackPointExtension>
            <ns3:hr>135</ns3:hr>
            <ns3:cad>85</ns3:cad>
          </ns3:TrackPointExtension>
        </extensions>
      </trkpt>
      <trkpt lat="31.21767257340252399444580078125" lon="121.3847055472433567047119140625">
        <ele>11.3999996185302734375</ele>
        <time>2026-08-31T10:48:14.000Z</time>
        <extensions>
          <ns3:TrackPointExtension>
            <ns3:hr>136</ns3:hr>
            <ns3:cad>85</ns3:cad>
          </ns3:TrackPointExtension>
        </extensions>
      </trkpt>
      <trkpt lat="31.2176438234746456146240234375" lon="121.3846968300640583038330078125">
        <ele>11.3999996185302734375</ele>
        <time>2026-08-31T10:48:15.000Z</time>
        <extensions>
          <ns3:TrackPointExtension>
            <ns3:hr>136</ns3:hr>
            <ns3:cad>85</ns3:cad>
          </ns3:TrackPointExtension>
        </extensions>
      </trkpt>
      <trkpt lat="31.21762764640152454376220703125" lon="121.3846918009221553802490234375">
        <ele>11.3999996185302734375</ele>
        <time>2026-08-31T10:48:16.000Z</time>
        <extensions>
          <ns3:TrackPointExtension>
            <ns3:hr>136</ns3:hr>
            <ns3:cad>86</ns3:cad>
          </ns3:TrackPointExtension>
        </extensions>
      </trkpt>
      <trkpt lat="31.21760300360620021820068359375" lon="121.38468660414218902587890625">
        <ele>11.3999996185302734375</ele>
        <time>2026-08-31T10:48:17.000Z</time>
        <extensions>
          <ns3:TrackPointExtension>
            <ns3:hr>136</ns3:hr>
            <ns3:cad>86</ns3:cad>
          </ns3:TrackPointExtension>
        </extensions>
      </trkpt>
      <trkpt lat="31.2175841443240642547607421875" lon="121.384680904448032379150390625">
        <ele>11.3999996185302734375</ele>
        <time>2026-08-31T10:48:18.000Z</time>
        <extensions>
          <ns3:TrackPointExtension>
            <ns3:hr>137</ns3:hr>
            <ns3:cad>86</ns3:cad>
          </ns3:TrackPointExtension>
        </extensions>
      </trkpt>
      <trkpt lat="31.2175626866519451141357421875" lon="121.38467160053551197052001953125">
        <ele>11.3999996185302734375</ele>
        <time>2026-08-31T10:48:19.000Z</time>
        <extensions>
          <ns3:TrackPointExtension>
            <ns3:hr>137</ns3:hr>
            <ns3:cad>86</ns3:cad>
          </ns3:TrackPointExtension>
        </extensions>
      </trkpt>
      <trkpt lat="31.21754583902657032012939453125" lon="121.38466070406138896942138671875">
        <ele>11.3999996185302734375</ele>
        <time>2026-08-31T10:48:20.000Z</time>
        <extensions>
          <ns3:TrackPointExtension>
            <ns3:hr>137</ns3:hr>
            <ns3:cad>86</ns3:cad>
          </ns3:TrackPointExtension>
        </extensions>
      </trkpt>
      <trkpt lat="31.21752798557281494140625" lon="121.3846552558243274688720703125">
        <ele>11.3999996185302734375</ele>
        <time>2026-08-31T10:48:21.000Z</time>
        <extensions>
          <ns3:TrackPointExtension>
            <ns3:hr>136</ns3:hr>
            <ns3:cad>86</ns3:cad>
          </ns3:TrackPointExtension>
        </extensions>
      </trkpt>
      <trkpt lat="31.217503510415554046630859375" lon="121.3846441917121410369873046875">
        <ele>11.3999996185302734375</ele>
        <time>2026-08-31T10:48:22.000Z</time>
        <extensions>
          <ns3:TrackPointExtension>
            <ns3:hr>137</ns3:hr>
            <ns3:cad>87</ns3:cad>
          </ns3:TrackPointExtension>
        </extensions>
      </trkpt>
      <trkpt lat="31.2174879200756549835205078125" lon="121.38463639654219150543212890625">
        <ele>11.19999980926513671875</ele>
        <time>2026-08-31T10:48:23.000Z</time>
        <extensions>
          <ns3:TrackPointExtension>
            <ns3:hr>136</ns3:hr>
            <ns3:cad>87</ns3:cad>
          </ns3:TrackPointExtension>
        </extensions>
      </trkpt>
      <trkpt lat="31.21746419928967952728271484375" lon="121.38462801463901996612548828125">
        <ele>11.19999980926513671875</ele>
        <time>2026-08-31T10:48:24.000Z</time>
        <extensions>
          <ns3:TrackPointExtension>
            <ns3:hr>136</ns3:hr>
            <ns3:cad>86</ns3:cad>
          </ns3:TrackPointExtension>
        </extensions>
      </trkpt>
      <trkpt lat="31.2174460105597972869873046875" lon="121.38462214730679988861083984375">
        <ele>11.19999980926513671875</ele>
        <time>2026-08-31T10:48:25.000Z</time>
        <extensions>
          <ns3:TrackPointExtension>
            <ns3:hr>136</ns3:hr>
            <ns3:cad>86</ns3:cad>
          </ns3:TrackPointExtension>
        </extensions>
      </trkpt>
      <trkpt lat="31.2174185179173946380615234375" lon="121.38462080620229244232177734375">
        <ele>11.19999980926513671875</ele>
        <time>2026-08-31T10:48:26.000Z</time>
        <extensions>
          <ns3:TrackPointExtension>
            <ns3:hr>136</ns3:hr>
            <ns3:cad>86</ns3:cad>
          </ns3:TrackPointExtension>
        </extensions>
      </trkpt>
      <trkpt lat="31.21739496476948261260986328125" lon="121.38461326248943805694580078125">
        <ele>11.19999980926513671875</ele>
        <time>2026-08-31T10:48:27.000Z</time>
        <extensions>
          <ns3:TrackPointExtension>
            <ns3:hr>136</ns3:hr>
            <ns3:cad>87</ns3:cad>
          </ns3:TrackPointExtension>
        </extensions>
      </trkpt>
      <trkpt lat="31.21736831031739711761474609375" lon="121.38461158610880374908447265625">
        <ele>11.19999980926513671875</ele>
        <time>2026-08-31T10:48:28.000Z</time>
        <extensions>
          <ns3:TrackPointExtension>
            <ns3:hr>137</ns3:hr>
            <ns3:cad>88</ns3:cad>
          </ns3:TrackPointExtension>
        </extensions>
      </trkpt>
      <trkpt lat="31.217339895665645599365234375" lon="121.38460622169077396392822265625">
        <ele>11</ele>
        <time>2026-08-31T10:48:29.000Z</time>
        <extensions>
          <ns3:TrackPointExtension>
            <ns3:hr>136</ns3:hr>
            <ns3:cad>88</ns3:cad>
          </ns3:TrackPointExtension>
        </extensions>
      </trkpt>
      <trkpt lat="31.217320449650287628173828125" lon="121.38460203073918819427490234375">
        <ele>11.19999980926513671875</ele>
        <time>2026-08-31T10:48:30.000Z</time>
        <extensions>
          <ns3:TrackPointExtension>
            <ns3:hr>136</ns3:hr>
            <ns3:cad>87</ns3:cad>
          </ns3:TrackPointExtension>
        </extensions>
      </trkpt>
      <trkpt lat="31.2172984890639781951904296875" lon="121.3845932297408580780029296875">
        <ele>11</ele>
        <time>2026-08-31T10:48:31.000Z</time>
        <extensions>
          <ns3:TrackPointExtension>
            <ns3:hr>137</ns3:hr>
            <ns3:cad>86</ns3:cad>
          </ns3:TrackPointExtension>
        </extensions>
      </trkpt>
      <trkpt lat="31.21727946214377880096435546875" lon="121.38459297828376293182373046875">
        <ele>11</ele>
        <time>2026-08-31T10:48:32.000Z</time>
        <extensions>
          <ns3:TrackPointExtension>
            <ns3:hr>136</ns3:hr>
            <ns3:cad>86</ns3:cad>
          </ns3:TrackPointExtension>
        </extensions>
      </trkpt>
      <trkpt lat="31.2172557413578033447265625" lon="121.3845885358750820159912109375">
        <ele>11</ele>
        <time>2026-08-31T10:48:33.000Z</time>
        <extensions>
          <ns3:TrackPointExtension>
            <ns3:hr>136</ns3:hr>
            <ns3:cad>86</ns3:cad>
          </ns3:TrackPointExtension>
        </extensions>
      </trkpt>
      <trkpt lat="31.2172354571521282196044921875" lon="121.3845912180840969085693359375">
        <ele>11</ele>
        <time>2026-08-31T10:48:34.000Z</time>
        <extensions>
          <ns3:TrackPointExtension>
            <ns3:hr>137</ns3:hr>
            <ns3:cad>86</ns3:cad>
          </ns3:TrackPointExtension>
        </extensions>
      </trkpt>
      <trkpt lat="31.21721341274678707122802734375" lon="121.38458912260830402374267578125">
        <ele>11</ele>
        <time>2026-08-31T10:48:35.000Z</time>
        <extensions>
          <ns3:TrackPointExtension>
            <ns3:hr>137</ns3:hr>
            <ns3:cad>87</ns3:cad>
          </ns3:TrackPointExtension>
        </extensions>
      </trkpt>
      <trkpt lat="31.21718524955213069915771484375" lon="121.384583674371242523193359375">
        <ele>11</ele>
        <time>2026-08-31T10:48:36.000Z</time>
        <extensions>
          <ns3:TrackPointExtension>
            <ns3:hr>137</ns3:hr>
            <ns3:cad>87</ns3:cad>
          </ns3:TrackPointExtension>
        </extensions>
      </trkpt>
      <trkpt lat="31.2171650491654872894287109375" lon="121.384578645229339599609375">
        <ele>11</ele>
        <time>2026-08-31T10:48:37.000Z</time>
        <extensions>
          <ns3:TrackPointExtension>
            <ns3:hr>137</ns3:hr>
            <ns3:cad>86</ns3:cad>
          </ns3:TrackPointExtension>
        </extensions>
      </trkpt>
      <trkpt lat="31.217140741646289825439453125" lon="121.3845704309642314910888671875">
        <ele>11</ele>
        <time>2026-08-31T10:48:38.000Z</time>
        <extensions>
          <ns3:TrackPointExtension>
            <ns3:hr>138</ns3:hr>
            <ns3:cad>86</ns3:cad>
          </ns3:TrackPointExtension>
        </extensions>
      </trkpt>
      <trkpt lat="31.21711987070739269256591796875" lon="121.384566910564899444580078125">
        <ele>10.80000019073486328125</ele>
        <time>2026-08-31T10:48:39.000Z</time>
        <extensions>
          <ns3:TrackPointExtension>
            <ns3:hr>138</ns3:hr>
            <ns3:cad>86</ns3:cad>
          </ns3:TrackPointExtension>
        </extensions>
      </trkpt>
      <trkpt lat="31.21709757484495639801025390625" lon="121.38456196524202823638916015625">
        <ele>10.80000019073486328125</ele>
        <time>2026-08-31T10:48:40.000Z</time>
        <extensions>
          <ns3:TrackPointExtension>
            <ns3:hr>138</ns3:hr>
            <ns3:cad>86</ns3:cad>
          </ns3:TrackPointExtension>
        </extensions>
      </trkpt>
      <trkpt lat="31.21707670390605926513671875" lon="121.384554840624332427978515625">
        <ele>10.80000019073486328125</ele>
        <time>2026-08-31T10:48:41.000Z</time>
        <extensions>
          <ns3:TrackPointExtension>
            <ns3:hr>139</ns3:hr>
            <ns3:cad>87</ns3:cad>
          </ns3:TrackPointExtension>
        </extensions>
      </trkpt>
      <trkpt lat="31.2170580960810184478759765625" lon="121.38455073349177837371826171875">
        <ele>10.80000019073486328125</ele>
        <time>2026-08-31T10:48:42.000Z</time>
        <extensions>
          <ns3:TrackPointExtension>
            <ns3:hr>139</ns3:hr>
            <ns3:cad>87</ns3:cad>
          </ns3:TrackPointExtension>
        </extensions>
      </trkpt>
      <trkpt lat="31.2170363031327724456787109375" lon="121.38454453088343143463134765625">
        <ele>10.80000019073486328125</ele>
        <time>2026-08-31T10:48:43.000Z</time>
        <extensions>
          <ns3:TrackPointExtension>
            <ns3:hr>139</ns3:hr>
            <ns3:cad>86</ns3:cad>
          </ns3:TrackPointExtension>
        </extensions>
      </trkpt>
      <trkpt lat="31.2170161865651607513427734375" lon="121.38454352505505084991455078125">
        <ele>10.6000003814697265625</ele>
        <time>2026-08-31T10:48:44.000Z</time>
        <extensions>
          <ns3:TrackPointExtension>
            <ns3:hr>139</ns3:hr>
            <ns3:cad>86</ns3:cad>
          </ns3:TrackPointExtension>
        </extensions>
      </trkpt>
      <trkpt lat="31.216992549598217010498046875" lon="121.38453665189445018768310546875">
        <ele>10.6000003814697265625</ele>
        <time>2026-08-31T10:48:45.000Z</time>
        <extensions>
          <ns3:TrackPointExtension>
            <ns3:hr>139</ns3:hr>
            <ns3:cad>86</ns3:cad>
          </ns3:TrackPointExtension>
        </extensions>
      </trkpt>
      <trkpt lat="31.21697234921157360076904296875" lon="121.38453581370413303375244140625">
        <ele>10.6000003814697265625</ele>
        <time>2026-08-31T10:48:46.000Z</time>
        <extensions>
          <ns3:TrackPointExtension>
            <ns3:hr>139</ns3:hr>
            <ns3:cad>86</ns3:cad>
          </ns3:TrackPointExtension>
        </extensions>
      </trkpt>
      <trkpt lat="31.2169474549591541290283203125" lon="121.384532712399959564208984375">
        <ele>10.6000003814697265625</ele>
        <time>2026-08-31T10:48:47.000Z</time>
        <extensions>
          <ns3:TrackPointExtension>
            <ns3:hr>139</ns3:hr>
            <ns3:cad>86</ns3:cad>
          </ns3:TrackPointExtension>
        </extensions>
      </trkpt>
      <trkpt lat="31.2169286794960498809814453125" lon="121.384528689086437225341796875">
        <ele>10.6000003814697265625</ele>
        <time>2026-08-31T10:48:48.000Z</time>
        <extensions>
          <ns3:TrackPointExtension>
            <ns3:hr>139</ns3:hr>
            <ns3:cad>86</ns3:cad>
          </ns3:TrackPointExtension>
        </extensions>
      </trkpt>
      <trkpt lat="31.2169072218239307403564453125" lon="121.38452223502099514007568359375">
        <ele>10.6000003814697265625</ele>
        <time>2026-08-31T10:48:49.000Z</time>
        <extensions>
          <ns3:TrackPointExtension>
            <ns3:hr>139</ns3:hr>
            <ns3:cad>86</ns3:cad>
          </ns3:TrackPointExtension>
        </extensions>
      </trkpt>
      <trkpt lat="31.2168860994279384613037109375" lon="121.3845201395452022552490234375">
        <ele>10.6000003814697265625</ele>
        <time>2026-08-31T10:48:50.000Z</time>
        <extensions>
          <ns3:TrackPointExtension>
            <ns3:hr>139</ns3:hr>
            <ns3:cad>86</ns3:cad>
          </ns3:TrackPointExtension>
        </extensions>
      </trkpt>
      <trkpt lat="31.21686346828937530517578125" lon="121.38451687060296535491943359375">
        <ele>10.6000003814697265625</ele>
        <time>2026-08-31T10:48:51.000Z</time>
        <extensions>
          <ns3:TrackPointExtension>
            <ns3:hr>139</ns3:hr>
            <ns3:cad>86</ns3:cad>
          </ns3:TrackPointExtension>
        </extensions>
      </trkpt>
      <trkpt lat="31.21684058569371700286865234375" lon="121.38450697995722293853759765625">
        <ele>10.6000003814697265625</ele>
        <time>2026-08-31T10:48:52.000Z</time>
        <extensions>
          <ns3:TrackPointExtension>
            <ns3:hr>139</ns3:hr>
            <ns3:cad>86</ns3:cad>
          </ns3:TrackPointExtension>
        </extensions>
      </trkpt>
      <trkpt lat="31.21682231314480304718017578125" lon="121.38450161553919315338134765625">
        <ele>10.80000019073486328125</ele>
        <time>2026-08-31T10:48:53.000Z</time>
        <extensions>
          <ns3:TrackPointExtension>
            <ns3:hr>139</ns3:hr>
            <ns3:cad>86</ns3:cad>
          </ns3:TrackPointExtension>
        </extensions>
      </trkpt>
      <trkpt lat="31.21680068783462047576904296875" lon="121.38449088670313358306884765625">
        <ele>10.80000019073486328125</ele>
        <time>2026-08-31T10:48:54.000Z</time>
        <extensions>
          <ns3:TrackPointExtension>
            <ns3:hr>139</ns3:hr>
            <ns3:cad>87</ns3:cad>
          </ns3:TrackPointExtension>
        </extensions>
      </trkpt>
      <trkpt lat="31.21678174473345279693603515625" lon="121.38448485173285007476806640625">
        <ele>10.80000019073486328125</ele>
        <time>2026-08-31T10:48:55.000Z</time>
        <extensions>
          <ns3:TrackPointExtension>
            <ns3:hr>139</ns3:hr>
            <ns3:cad>87</ns3:cad>
          </ns3:TrackPointExtension>
        </extensions>
      </trkpt>
      <trkpt lat="31.2167576886713504791259765625" lon="121.38447714038193225860595703125">
        <ele>10.80000019073486328125</ele>
        <time>2026-08-31T10:48:56.000Z</time>
        <extensions>
          <ns3:TrackPointExtension>
            <ns3:hr>139</ns3:hr>
            <ns3:cad>86</ns3:cad>
          </ns3:TrackPointExtension>
        </extensions>
      </trkpt>
      <trkpt lat="31.21674033813178539276123046875" lon="121.3844728656113147735595703125">
        <ele>10.80000019073486328125</ele>
        <time>2026-08-31T10:48:57.000Z</time>
        <extensions>
          <ns3:TrackPointExtension>
            <ns3:hr>139</ns3:hr>
            <ns3:cad>86</ns3:cad>
          </ns3:TrackPointExtension>
        </extensions>
      </trkpt>
      <trkpt lat="31.21671418659389019012451171875" lon="121.384458281099796295166015625">
        <ele>10.80000019073486328125</ele>
        <time>2026-08-31T10:48:58.000Z</time>
        <extensions>
          <ns3:TrackPointExtension>
            <ns3:hr>139</ns3:hr>
            <ns3:cad>86</ns3:cad>
          </ns3:TrackPointExtension>
        </extensions>
      </trkpt>
      <trkpt lat="31.21669574640691280364990234375" lon="121.3844520784914493560791015625">
        <ele>10.6000003814697265625</ele>
        <time>2026-08-31T10:48:59.000Z</time>
        <extensions>
          <ns3:TrackPointExtension>
            <ns3:hr>139</ns3:hr>
            <ns3:cad>86</ns3:cad>
          </ns3:TrackPointExtension>
        </extensions>
      </trkpt>
      <trkpt lat="31.21668317355215549468994140625" lon="121.38444663025438785552978515625">
        <ele>10.80000019073486328125</ele>
        <time>2026-08-31T10:49:00.000Z</time>
        <extensions>
          <ns3:TrackPointExtension>
            <ns3:hr>140</ns3:hr>
            <ns3:cad>87</ns3:cad>
          </ns3:TrackPointExtension>
        </extensions>
      </trkpt>
      <trkpt lat="31.21666121296584606170654296875" lon="121.384441852569580078125">
        <ele>10.80000019073486328125</ele>
        <time>2026-08-31T10:49:01.000Z</time>
        <extensions>
          <ns3:TrackPointExtension>
            <ns3:hr>140</ns3:hr>
            <ns3:cad>87</ns3:cad>
          </ns3:TrackPointExtension>
        </extensions>
      </trkpt>
      <trkpt lat="31.216636486351490020751953125" lon="121.384443528950214385986328125">
        <ele>10.80000019073486328125</ele>
        <time>2026-08-31T10:49:02.000Z</time>
        <extensions>
          <ns3:TrackPointExtension>
            <ns3:hr>140</ns3:hr>
            <ns3:cad>86</ns3:cad>
          </ns3:TrackPointExtension>
        </extensions>
      </trkpt>
      <trkpt lat="31.2166084907948970794677734375" lon="121.38444310985505580902099609375">
        <ele>11</ele>
        <time>2026-08-31T10:49:03.000Z</time>
        <extensions>
          <ns3:TrackPointExtension>
            <ns3:hr>140</ns3:hr>
            <ns3:cad>86</ns3:cad>
          </ns3:TrackPointExtension>
        </extensions>
      </trkpt>
      <trkpt lat="31.21658426709473133087158203125" lon="121.38444411568343639373779296875">
        <ele>11</ele>
        <time>2026-08-31T10:49:04.000Z</time>
        <extensions>
          <ns3:TrackPointExtension>
            <ns3:hr>140</ns3:hr>
            <ns3:cad>86</ns3:cad>
          </ns3:TrackPointExtension>
        </extensions>
      </trkpt>
      <trkpt lat="31.21655677445232868194580078125" lon="121.384449563920497894287109375">
        <ele>11</ele>
        <time>2026-08-31T10:49:05.000Z</time>
        <extensions>
          <ns3:TrackPointExtension>
            <ns3:hr>140</ns3:hr>
            <ns3:cad>86</ns3:cad>
          </ns3:TrackPointExtension>
        </extensions>
      </trkpt>
      <trkpt lat="31.21653623878955841064453125" lon="121.38446942903101444244384765625">
        <ele>11.19999980926513671875</ele>
        <time>2026-08-31T10:49:06.000Z</time>
        <extensions>
          <ns3:TrackPointExtension>
            <ns3:hr>140</ns3:hr>
            <ns3:cad>86</ns3:cad>
          </ns3:TrackPointExtension>
        </extensions>
      </trkpt>
      <trkpt lat="31.21653330512344837188720703125" lon="121.38448837213218212127685546875">
        <ele>11.19999980926513671875</ele>
        <time>2026-08-31T10:49:07.000Z</time>
        <extensions>
          <ns3:TrackPointExtension>
            <ns3:hr>141</ns3:hr>
            <ns3:cad>86</ns3:cad>
          </ns3:TrackPointExtension>
        </extensions>
      </trkpt>
      <trkpt lat="31.2165216542780399322509765625" lon="121.3845151104032993316650390625">
        <ele>11.19999980926513671875</ele>
        <time>2026-08-31T10:49:08.000Z</time>
        <extensions>
          <ns3:TrackPointExtension>
            <ns3:hr>141</ns3:hr>
            <ns3:cad>86</ns3:cad>
          </ns3:TrackPointExtension>
        </extensions>
      </trkpt>
      <trkpt lat="31.216509081423282623291015625" lon="121.3845332153141498565673828125">
        <ele>11.3999996185302734375</ele>
        <time>2026-08-31T10:49:09.000Z</time>
        <extensions>
          <ns3:TrackPointExtension>
            <ns3:hr>141</ns3:hr>
            <ns3:cad>86</ns3:cad>
          </ns3:TrackPointExtension>
        </extensions>
      </trkpt>
      <trkpt lat="31.2165028788149356842041015625" lon="121.3845573551952838897705078125">
        <ele>11.6000003814697265625</ele>
        <time>2026-08-31T10:49:10.000Z</time>
        <extensions>
          <ns3:TrackPointExtension>
            <ns3:hr>141</ns3:hr>
            <ns3:cad>84</ns3:cad>
          </ns3:TrackPointExtension>
        </extensions>
      </trkpt>
      <trkpt lat="31.2164968438446521759033203125" lon="121.384578980505466461181640625">
        <ele>11.6000003814697265625</ele>
        <time>2026-08-31T10:49:11.000Z</time>
        <extensions>
          <ns3:TrackPointExtension>
            <ns3:hr>141</ns3:hr>
            <ns3:cad>83</ns3:cad>
          </ns3:TrackPointExtension>
        </extensions>
      </trkpt>
      <trkpt lat="31.21648888103663921356201171875" lon="121.38460085727274417877197265625">
        <ele>11.6000003814697265625</ele>
        <time>2026-08-31T10:49:12.000Z</time>
        <extensions>
          <ns3:TrackPointExtension>
            <ns3:hr>141</ns3:hr>
            <ns3:cad>83</ns3:cad>
          </ns3:TrackPointExtension>
        </extensions>
      </trkpt>
      <trkpt lat="31.21647723019123077392578125" lon="121.38463036157190799713134765625">
        <ele>11.6000003814697265625</ele>
        <time>2026-08-31T10:49:13.000Z</time>
        <extensions>
          <ns3:TrackPointExtension>
            <ns3:hr>141</ns3:hr>
            <ns3:cad>83</ns3:cad>
          </ns3:TrackPointExtension>
        </extensions>
      </trkpt>
      <trkpt lat="31.21646993793547153472900390625" lon="121.38465173542499542236328125">
        <ele>11.6000003814697265625</ele>
        <time>2026-08-31T10:49:14.000Z</time>
        <extensions>
          <ns3:TrackPointExtension>
            <ns3:hr>142</ns3:hr>
            <ns3:cad>83</ns3:cad>
          </ns3:TrackPointExtension>
        </extensions>
      </trkpt>
      <trkpt lat="31.21645870618522167205810546875" lon="121.38468182645738124847412109375">
        <ele>11.6000003814697265625</ele>
        <time>2026-08-31T10:49:15.000Z</time>
        <extensions>
          <ns3:TrackPointExtension>
            <ns3:hr>142</ns3:hr>
            <ns3:cad>85</ns3:cad>
          </ns3:TrackPointExtension>
        </extensions>
      </trkpt>
      <trkpt lat="31.2164512462913990020751953125" lon="121.384699344635009765625">
        <ele>11.6000003814697265625</ele>
        <time>2026-08-31T10:49:16.000Z</time>
        <extensions>
          <ns3:TrackPointExtension>
            <ns3:hr>142</ns3:hr>
            <ns3:cad>86</ns3:cad>
          </ns3:TrackPointExtension>
        </extensions>
      </trkpt>
      <trkpt lat="31.21644764207303524017333984375" lon="121.38472943566739559173583984375">
        <ele>11.3999996185302734375</ele>
        <time>2026-08-31T10:49:17.000Z</time>
        <extensions>
          <ns3:TrackPointExtension>
            <ns3:hr>142</ns3:hr>
            <ns3:cad>87</ns3:cad>
          </ns3:TrackPointExtension>
        </extensions>
      </trkpt>
      <trkpt lat="31.2164457142353057861328125" lon="121.38475424610078334808349609375">
        <ele>11.6000003814697265625</ele>
        <time>2026-08-31T10:49:18.000Z</time>
        <extensions>
          <ns3:TrackPointExtension>
            <ns3:hr>143</ns3:hr>
            <ns3:cad>87</ns3:cad>
          </ns3:TrackPointExtension>
        </extensions>
      </trkpt>
      <trkpt lat="31.21644462458789348602294921875" lon="121.384784169495105743408203125">
        <ele>11.3999996185302734375</ele>
        <time>2026-08-31T10:49:19.000Z</time>
        <extensions>
          <ns3:TrackPointExtension>
            <ns3:hr>143</ns3:hr>
            <ns3:cad>87</ns3:cad>
          </ns3:TrackPointExtension>
        </extensions>
      </trkpt>
      <trkpt lat="31.2164408527314662933349609375" lon="121.3848114944994449615478515625">
        <ele>11.3999996185302734375</ele>
        <time>2026-08-31T10:49:20.000Z</time>
        <extensions>
          <ns3:TrackPointExtension>
            <ns3:hr>143</ns3:hr>
            <ns3:cad>87</ns3:cad>
          </ns3:TrackPointExtension>
        </extensions>
      </trkpt>
      <trkpt lat="31.2164385057985782623291015625" lon="121.38483454473316669464111328125">
        <ele>11.3999996185302734375</ele>
        <time>2026-08-31T10:49:21.000Z</time>
        <extensions>
          <ns3:TrackPointExtension>
            <ns3:hr>144</ns3:hr>
            <ns3:cad>86</ns3:cad>
          </ns3:TrackPointExtension>
        </extensions>
      </trkpt>
      <trkpt lat="31.2164364941418170928955078125" lon="121.3848648034036159515380859375">
        <ele>11.19999980926513671875</ele>
        <time>2026-08-31T10:49:22.000Z</time>
        <extensions>
          <ns3:TrackPointExtension>
            <ns3:hr>144</ns3:hr>
            <ns3:cad>86</ns3:cad>
          </ns3:TrackPointExtension>
        </extensions>
      </trkpt>
      <trkpt lat="31.21643439866602420806884765625" lon="121.3848872669041156768798828125">
        <ele>11.19999980926513671875</ele>
        <time>2026-08-31T10:49:23.000Z</time>
        <extensions>
          <ns3:TrackPointExtension>
            <ns3:hr>144</ns3:hr>
            <ns3:cad>86</ns3:cad>
          </ns3:TrackPointExtension>
        </extensions>
      </trkpt>
      <trkpt lat="31.2164204008877277374267578125" lon="121.384920962154865264892578125">
        <ele>11.19999980926513671875</ele>
        <time>2026-08-31T10:49:24.000Z</time>
        <extensions>
          <ns3:TrackPointExtension>
            <ns3:hr>144</ns3:hr>
            <ns3:cad>86</ns3:cad>
          </ns3:TrackPointExtension>
        </extensions>
      </trkpt>
      <trkpt lat="31.21641553938388824462890625" lon="121.38494543731212615966796875">
        <ele>11.19999980926513671875</ele>
        <time>2026-08-31T10:49:25.000Z</time>
        <extensions>
          <ns3:TrackPointExtension>
            <ns3:hr>143</ns3:hr>
            <ns3:cad>86</ns3:cad>
          </ns3:TrackPointExtension>
        </extensions>
      </trkpt>
      <trkpt lat="31.2164123542606830596923828125" lon="121.38497385196387767791748046875">
        <ele>11</ele>
        <time>2026-08-31T10:49:26.000Z</time>
        <extensions>
          <ns3:TrackPointExtension>
            <ns3:hr>144</ns3:hr>
            <ns3:cad>86</ns3:cad>
          </ns3:TrackPointExtension>
        </extensions>
      </trkpt>
      <trkpt lat="31.2164090014994144439697265625" lon="121.38500167988240718841552734375">
        <ele>11.19999980926513671875</ele>
        <time>2026-08-31T10:49:27.000Z</time>
        <extensions>
          <ns3:TrackPointExtension>
            <ns3:hr>144</ns3:hr>
            <ns3:cad>86</ns3:cad>
          </ns3:TrackPointExtension>
        </extensions>
      </trkpt>
      <trkpt lat="31.2164036370813846588134765625" lon="121.3850267417728900909423828125">
        <ele>11.19999980926513671875</ele>
        <time>2026-08-31T10:49:28.000Z</time>
        <extensions>
          <ns3:TrackPointExtension>
            <ns3:hr>143</ns3:hr>
            <ns3:cad>86</ns3:cad>
          </ns3:TrackPointExtension>
        </extensions>
      </trkpt>
      <trkpt lat="31.21639567427337169647216796875" lon="121.38505968265235424041748046875">
        <ele>11.19999980926513671875</ele>
        <time>2026-08-31T10:49:29.000Z</time>
        <extensions>
          <ns3:TrackPointExtension>
            <ns3:hr>144</ns3:hr>
            <ns3:cad>86</ns3:cad>
          </ns3:TrackPointExtension>
        </extensions>
      </trkpt>
      <trkpt lat="31.2163912318646907806396484375" lon="121.3850815594196319580078125">
        <ele>11.19999980926513671875</ele>
        <time>2026-08-31T10:49:30.000Z</time>
        <extensions>
          <ns3:TrackPointExtension>
            <ns3:hr>144</ns3:hr>
            <ns3:cad>87</ns3:cad>
          </ns3:TrackPointExtension>
        </extensions>
      </trkpt>
      <trkpt lat="31.2163862027227878570556640625" lon="121.38511097989976406097412109375">
        <ele>11.19999980926513671875</ele>
        <time>2026-08-31T10:49:31.000Z</time>
        <extensions>
          <ns3:TrackPointExtension>
            <ns3:hr>144</ns3:hr>
            <ns3:cad>87</ns3:cad>
          </ns3:TrackPointExtension>
        </extensions>
      </trkpt>
      <trkpt lat="31.21638360433280467987060546875" lon="121.385130174458026885986328125">
        <ele>11</ele>
        <time>2026-08-31T10:49:32.000Z</time>
        <extensions>
          <ns3:TrackPointExtension>
            <ns3:hr>144</ns3:hr>
            <ns3:cad>86</ns3:cad>
          </ns3:TrackPointExtension>
        </extensions>
      </trkpt>
      <trkpt lat="31.21637941338121891021728515625" lon="121.3851568289101123809814453125">
        <ele>11</ele>
        <time>2026-08-31T10:49:33.000Z</time>
        <extensions>
          <ns3:TrackPointExtension>
            <ns3:hr>144</ns3:hr>
            <ns3:cad>85</ns3:cad>
          </ns3:TrackPointExtension>
        </extensions>
      </trkpt>
      <trkpt lat="31.21637203730642795562744140625" lon="121.38518725521862506866455078125">
        <ele>11</ele>
        <time>2026-08-31T10:49:34.000Z</time>
        <extensions>
          <ns3:TrackPointExtension>
            <ns3:hr>144</ns3:hr>
            <ns3:cad>85</ns3:cad>
          </ns3:TrackPointExtension>
        </extensions>
      </trkpt>
      <trkpt lat="31.2163647450506687164306640625" lon="121.3852087967097759246826171875">
        <ele>11</ele>
        <time>2026-08-31T10:49:35.000Z</time>
        <extensions>
          <ns3:TrackPointExtension>
            <ns3:hr>144</ns3:hr>
            <ns3:cad>85</ns3:cad>
          </ns3:TrackPointExtension>
        </extensions>
      </trkpt>
      <trkpt lat="31.21635778807103633880615234375" lon="121.38524156995117664337158203125">
        <ele>11</ele>
        <time>2026-08-31T10:49:36.000Z</time>
        <extensions>
          <ns3:TrackPointExtension>
            <ns3:hr>144</ns3:hr>
            <ns3:cad>86</ns3:cad>
          </ns3:TrackPointExtension>
        </extensions>
      </trkpt>
      <trkpt lat="31.21635359711945056915283203125" lon="121.38526302762329578399658203125">
        <ele>11</ele>
        <time>2026-08-31T10:49:37.000Z</time>
        <extensions>
          <ns3:TrackPointExtension>
            <ns3:hr>144</ns3:hr>
            <ns3:cad>87</ns3:cad>
          </ns3:TrackPointExtension>
        </extensions>
      </trkpt>
      <trkpt lat="31.2163439579308032989501953125" lon="121.38529554940760135650634765625">
        <ele>11</ele>
        <time>2026-08-31T10:49:38.000Z</time>
        <extensions>
          <ns3:TrackPointExtension>
            <ns3:hr>143</ns3:hr>
            <ns3:cad>87</ns3:cad>
          </ns3:TrackPointExtension>
        </extensions>
      </trkpt>
      <trkpt lat="31.2163411080837249755859375" lon="121.38531533069908618927001953125">
        <ele>11</ele>
        <time>2026-08-31T10:49:39.000Z</time>
        <extensions>
          <ns3:TrackPointExtension>
            <ns3:hr>142</ns3:hr>
            <ns3:cad>86</ns3:cad>
          </ns3:TrackPointExtension>
        </extensions>
      </trkpt>
      <trkpt lat="31.216336078941822052001953125" lon="121.38534215278923511505126953125">
        <ele>11</ele>
        <time>2026-08-31T10:49:40.000Z</time>
        <extensions>
          <ns3:TrackPointExtension>
            <ns3:hr>142</ns3:hr>
            <ns3:cad>86</ns3:cad>
          </ns3:TrackPointExtension>
        </extensions>
      </trkpt>
      <trkpt lat="31.21633381582796573638916015625" lon="121.38536931015551090240478515625">
        <ele>11</ele>
        <time>2026-08-31T10:49:41.000Z</time>
        <extensions>
          <ns3:TrackPointExtension>
            <ns3:hr>142</ns3:hr>
            <ns3:cad>86</ns3:cad>
          </ns3:TrackPointExtension>
        </extensions>
      </trkpt>
      <trkpt lat="31.2163295410573482513427734375" lon="121.3854049332439899444580078125">
        <ele>11</ele>
        <time>2026-08-31T10:49:42.000Z</time>
        <extensions>
          <ns3:TrackPointExtension>
            <ns3:hr>142</ns3:hr>
            <ns3:cad>86</ns3:cad>
          </ns3:TrackPointExtension>
        </extensions>
      </trkpt>
      <trkpt lat="31.2163241766393184661865234375" lon="121.3854260556399822235107421875">
        <ele>11</ele>
        <time>2026-08-31T10:49:43.000Z</time>
        <extensions>
          <ns3:TrackPointExtension>
            <ns3:hr>141</ns3:hr>
            <ns3:cad>87</ns3:cad>
          </ns3:TrackPointExtension>
        </extensions>
      </trkpt>
      <trkpt lat="31.2163168005645275115966796875" lon="121.38545237481594085693359375">
        <ele>11</ele>
        <time>2026-08-31T10:49:44.000Z</time>
        <extensions>
          <ns3:TrackPointExtension>
            <ns3:hr>141</ns3:hr>
            <ns3:cad>87</ns3:cad>
          </ns3:TrackPointExtension>
        </extensions>
      </trkpt>
      <trkpt lat="31.21631151996552944183349609375" lon="121.38547726906836032867431640625">
        <ele>11.19999980926513671875</ele>
        <time>2026-08-31T10:49:45.000Z</time>
        <extensions>
          <ns3:TrackPointExtension>
            <ns3:hr>141</ns3:hr>
            <ns3:cad>87</ns3:cad>
          </ns3:TrackPointExtension>
        </extensions>
      </trkpt>
      <trkpt lat="31.2163074128329753875732421875" lon="121.385500989854335784912109375">
        <ele>11.19999980926513671875</ele>
        <time>2026-08-31T10:49:46.000Z</time>
        <extensions>
          <ns3:TrackPointExtension>
            <ns3:hr>140</ns3:hr>
            <ns3:cad>86</ns3:cad>
          </ns3:TrackPointExtension>
        </extensions>
      </trkpt>
      <trkpt lat="31.216304562985897064208984375" lon="121.385528147220611572265625">
        <ele>11</ele>
        <time>2026-08-31T10:49:47.000Z</time>
        <extensions>
          <ns3:TrackPointExtension>
            <ns3:hr>140</ns3:hr>
            <ns3:cad>86</ns3:cad>
          </ns3:TrackPointExtension>
        </extensions>
      </trkpt>
      <trkpt lat="31.21630280278623104095458984375" lon="121.385549269616603851318359375">
        <ele>11</ele>
        <time>2026-08-31T10:49:48.000Z</time>
        <extensions>
          <ns3:TrackPointExtension>
            <ns3:hr>140</ns3:hr>
            <ns3:cad>86</ns3:cad>
          </ns3:TrackPointExtension>
        </extensions>
      </trkpt>
      <trkpt lat="31.2162981927394866943359375" lon="121.385578103363513946533203125">
        <ele>11</ele>
        <time>2026-08-31T10:49:49.000Z</time>
        <extensions>
          <ns3:TrackPointExtension>
            <ns3:hr>140</ns3:hr>
            <ns3:cad>86</ns3:cad>
          </ns3:TrackPointExtension>
        </extensions>
      </trkpt>
      <trkpt lat="31.21629349887371063232421875" lon="121.38560048304498195648193359375">
        <ele>10.80000019073486328125</ele>
        <time>2026-08-31T10:49:50.000Z</time>
        <extensions>
          <ns3:TrackPointExtension>
            <ns3:hr>139</ns3:hr>
            <ns3:cad>87</ns3:cad>
          </ns3:TrackPointExtension>
        </extensions>
      </trkpt>
      <trkpt lat="31.21628821827471256256103515625" lon="121.3856248743832111358642578125">
        <ele>10.80000019073486328125</ele>
        <time>2026-08-31T10:49:51.000Z</time>
        <extensions>
          <ns3:TrackPointExtension>
            <ns3:hr>140</ns3:hr>
            <ns3:cad>87</ns3:cad>
          </ns3:TrackPointExtension>
        </extensions>
      </trkpt>
      <trkpt lat="31.2162769027054309844970703125" lon="121.3856466673314571380615234375">
        <ele>10.80000019073486328125</ele>
        <time>2026-08-31T10:49:52.000Z</time>
        <extensions>
          <ns3:TrackPointExtension>
            <ns3:hr>140</ns3:hr>
            <ns3:cad>86</ns3:cad>
          </ns3:TrackPointExtension>
        </extensions>
      </trkpt>
      <trkpt lat="31.2162705324590206146240234375" lon="121.3856741599738597869873046875">
        <ele>10.80000019073486328125</ele>
        <time>2026-08-31T10:49:53.000Z</time>
        <extensions>
          <ns3:TrackPointExtension>
            <ns3:hr>141</ns3:hr>
            <ns3:cad>86</ns3:cad>
          </ns3:TrackPointExtension>
        </extensions>
      </trkpt>
      <trkpt lat="31.216264329850673675537109375" lon="121.3856971263885498046875">
        <ele>10.80000019073486328125</ele>
        <time>2026-08-31T10:49:54.000Z</time>
        <extensions>
          <ns3:TrackPointExtension>
            <ns3:hr>141</ns3:hr>
            <ns3:cad>86</ns3:cad>
          </ns3:TrackPointExtension>
        </extensions>
      </trkpt>
      <trkpt lat="31.21626131236553192138671875" lon="121.38571581803262233734130859375">
        <ele>10.80000019073486328125</ele>
        <time>2026-08-31T10:49:55.000Z</time>
        <extensions>
          <ns3:TrackPointExtension>
            <ns3:hr>140</ns3:hr>
            <ns3:cad>87</ns3:cad>
          </ns3:TrackPointExtension>
        </extensions>
      </trkpt>
      <trkpt lat="31.21624882332980632781982421875" lon="121.385745741426944732666015625">
        <ele>10.80000019073486328125</ele>
        <time>2026-08-31T10:49:56.000Z</time>
        <extensions>
          <ns3:TrackPointExtension>
            <ns3:hr>140</ns3:hr>
            <ns3:cad>87</ns3:cad>
          </ns3:TrackPointExtension>
        </extensions>
      </trkpt>
      <trkpt lat="31.21624211780726909637451171875" lon="121.38576812110841274261474609375">
        <ele>10.80000019073486328125</ele>
        <time>2026-08-31T10:49:57.000Z</time>
        <extensions>
          <ns3:TrackPointExtension>
            <ns3:hr>140</ns3:hr>
            <ns3:cad>87</ns3:cad>
          </ns3:TrackPointExtension>
        </extensions>
      </trkpt>
      <trkpt lat="31.21623541228473186492919921875" lon="121.3857936859130859375">
        <ele>10.80000019073486328125</ele>
        <time>2026-08-31T10:49:58.000Z</time>
        <extensions>
          <ns3:TrackPointExtension>
            <ns3:hr>140</ns3:hr>
            <ns3:cad>86</ns3:cad>
          </ns3:TrackPointExtension>
        </extensions>
      </trkpt>
      <trkpt lat="31.216232813894748687744140625" lon="121.38581589795649051666259765625">
        <ele>10.6000003814697265625</ele>
        <time>2026-08-31T10:49:59.000Z</time>
        <extensions>
          <ns3:TrackPointExtension>
            <ns3:hr>140</ns3:hr>
            <ns3:cad>86</ns3:cad>
          </ns3:TrackPointExtension>
        </extensions>
      </trkpt>
      <trkpt lat="31.21622971259057521820068359375" lon="121.38583752326667308807373046875">
        <ele>10.6000003814697265625</ele>
        <time>2026-08-31T10:50:00.000Z</time>
        <extensions>
          <ns3:TrackPointExtension>
            <ns3:hr>139</ns3:hr>
            <ns3:cad>86</ns3:cad>
          </ns3:TrackPointExtension>
        </extensions>
      </trkpt>
      <trkpt lat="31.21622384525835514068603515625" lon="121.38586484827101230621337890625">
        <ele>10.6000003814697265625</ele>
        <time>2026-08-31T10:50:01.000Z</time>
        <extensions>
          <ns3:TrackPointExtension>
            <ns3:hr>139</ns3:hr>
            <ns3:cad>86</ns3:cad>
          </ns3:TrackPointExtension>
        </extensions>
      </trkpt>
      <trkpt lat="31.2162244319915771484375" lon="121.3858870603144168853759765625">
        <ele>10.6000003814697265625</ele>
        <time>2026-08-31T10:50:02.000Z</time>
        <extensions>
          <ns3:TrackPointExtension>
            <ns3:hr>139</ns3:hr>
            <ns3:cad>87</ns3:cad>
          </ns3:TrackPointExtension>
        </extensions>
      </trkpt>
      <trkpt lat="31.21621965430676937103271484375" lon="121.38591597788035869598388671875">
        <ele>10.6000003814697265625</ele>
        <time>2026-08-31T10:50:03.000Z</time>
        <extensions>
          <ns3:TrackPointExtension>
            <ns3:hr>139</ns3:hr>
            <ns3:cad>87</ns3:cad>
          </ns3:TrackPointExtension>
        </extensions>
      </trkpt>
      <trkpt lat="31.216218061745166778564453125" lon="121.385944895446300506591796875">
        <ele>10.6000003814697265625</ele>
        <time>2026-08-31T10:50:04.000Z</time>
        <extensions>
          <ns3:TrackPointExtension>
            <ns3:hr>139</ns3:hr>
            <ns3:cad>87</ns3:cad>
          </ns3:TrackPointExtension>
        </extensions>
      </trkpt>
      <trkpt lat="31.216209344565868377685546875" lon="121.38597263954579830169677734375">
        <ele>10.3999996185302734375</ele>
        <time>2026-08-31T10:50:05.000Z</time>
        <extensions>
          <ns3:TrackPointExtension>
            <ns3:hr>140</ns3:hr>
            <ns3:cad>86</ns3:cad>
          </ns3:TrackPointExtension>
        </extensions>
      </trkpt>
      <trkpt lat="31.21620498597621917724609375" lon="121.38600449077785015106201171875">
        <ele>10.6000003814697265625</ele>
        <time>2026-08-31T10:50:06.000Z</time>
        <extensions>
          <ns3:TrackPointExtension>
            <ns3:hr>139</ns3:hr>
            <ns3:cad>86</ns3:cad>
          </ns3:TrackPointExtension>
        </extensions>
      </trkpt>
      <trkpt lat="31.2161981128156185150146484375" lon="121.38602712191641330718994140625">
        <ele>10.6000003814697265625</ele>
        <time>2026-08-31T10:50:07.000Z</time>
        <extensions>
          <ns3:TrackPointExtension>
            <ns3:hr>139</ns3:hr>
            <ns3:cad>86</ns3:cad>
          </ns3:TrackPointExtension>
        </extensions>
      </trkpt>
      <trkpt lat="31.21619157493114471435546875" lon="121.3860560394823551177978515625">
        <ele>10.6000003814697265625</ele>
        <time>2026-08-31T10:50:08.000Z</time>
        <extensions>
          <ns3:TrackPointExtension>
            <ns3:hr>139</ns3:hr>
            <ns3:cad>86</ns3:cad>
          </ns3:TrackPointExtension>
        </extensions>
      </trkpt>
      <trkpt lat="31.21618730016052722930908203125" lon="121.3860811851918697357177734375">
        <ele>10.6000003814697265625</ele>
        <time>2026-08-31T10:50:09.000Z</time>
        <extensions>
          <ns3:TrackPointExtension>
            <ns3:hr>139</ns3:hr>
            <ns3:cad>86</ns3:cad>
          </ns3:TrackPointExtension>
        </extensions>
      </trkpt>
      <trkpt lat="31.21617724187672138214111328125" lon="121.38610423542559146881103515625">
        <ele>10.6000003814697265625</ele>
        <time>2026-08-31T10:50:10.000Z</time>
        <extensions>
          <ns3:TrackPointExtension>
            <ns3:hr>139</ns3:hr>
            <ns3:cad>86</ns3:cad>
          </ns3:TrackPointExtension>
        </extensions>
      </trkpt>
      <trkpt lat="31.21617405675351619720458984375" lon="121.38612384907901287078857421875">
        <ele>10.6000003814697265625</ele>
        <time>2026-08-31T10:50:11.000Z</time>
        <extensions>
          <ns3:TrackPointExtension>
            <ns3:hr>139</ns3:hr>
            <ns3:cad>86</ns3:cad>
          </ns3:TrackPointExtension>
        </extensions>
      </trkpt>
      <trkpt lat="31.21616802178323268890380859375" lon="121.386145055294036865234375">
        <ele>10.3999996185302734375</ele>
        <time>2026-08-31T10:50:12.000Z</time>
        <extensions>
          <ns3:TrackPointExtension>
            <ns3:hr>139</ns3:hr>
            <ns3:cad>86</ns3:cad>
          </ns3:TrackPointExtension>
        </extensions>
      </trkpt>
      <trkpt lat="31.21616072952747344970703125" lon="121.38616827316582202911376953125">
        <ele>10.3999996185302734375</ele>
        <time>2026-08-31T10:50:13.000Z</time>
        <extensions>
          <ns3:TrackPointExtension>
            <ns3:hr>139</ns3:hr>
            <ns3:cad>86</ns3:cad>
          </ns3:TrackPointExtension>
        </extensions>
      </trkpt>
      <trkpt lat="31.216152012348175048828125" lon="121.38619140721857547760009765625">
        <ele>10.19999980926513671875</ele>
        <time>2026-08-31T10:50:14.000Z</time>
        <extensions>
          <ns3:TrackPointExtension>
            <ns3:hr>139</ns3:hr>
            <ns3:cad>88</ns3:cad>
          </ns3:TrackPointExtension>
        </extensions>
      </trkpt>
      <trkpt lat="31.2161448039114475250244140625" lon="121.3862161338329315185546875">
        <ele>10.19999980926513671875</ele>
        <time>2026-08-31T10:50:15.000Z</time>
        <extensions>
          <ns3:TrackPointExtension>
            <ns3:hr>140</ns3:hr>
            <ns3:cad>88</ns3:cad>
          </ns3:TrackPointExtension>
        </extensions>
      </trkpt>
      <trkpt lat="31.21613935567438602447509765625" lon="121.38624136336147785186767578125">
        <ele>10.19999980926513671875</ele>
        <time>2026-08-31T10:50:16.000Z</time>
        <extensions>
          <ns3:TrackPointExtension>
            <ns3:hr>140</ns3:hr>
            <ns3:cad>87</ns3:cad>
          </ns3:TrackPointExtension>
        </extensions>
      </trkpt>
      <trkpt lat="31.21613323688507080078125" lon="121.386267431080341339111328125">
        <ele>10.19999980926513671875</ele>
        <time>2026-08-31T10:50:17.000Z</time>
        <extensions>
          <ns3:TrackPointExtension>
            <ns3:hr>140</ns3:hr>
            <ns3:cad>86</ns3:cad>
          </ns3:TrackPointExtension>
        </extensions>
      </trkpt>
      <trkpt lat="31.21613080613315105438232421875" lon="121.38629416935145854949951171875">
        <ele>10.19999980926513671875</ele>
        <time>2026-08-31T10:50:18.000Z</time>
        <extensions>
          <ns3:TrackPointExtension>
            <ns3:hr>140</ns3:hr>
            <ns3:cad>86</ns3:cad>
          </ns3:TrackPointExtension>
        </extensions>
      </trkpt>
      <trkpt lat="31.216127537190914154052734375" lon="121.38631948269903659820556640625">
        <ele>10.19999980926513671875</ele>
        <time>2026-08-31T10:50:19.000Z</time>
        <extensions>
          <ns3:TrackPointExtension>
            <ns3:hr>141</ns3:hr>
            <ns3:cad>86</ns3:cad>
          </ns3:TrackPointExtension>
        </extensions>
      </trkpt>
      <trkpt lat="31.21612778864800930023193359375" lon="121.386343203485012054443359375">
        <ele>10.19999980926513671875</ele>
        <time>2026-08-31T10:50:20.000Z</time>
        <extensions>
          <ns3:TrackPointExtension>
            <ns3:hr>141</ns3:hr>
            <ns3:cad>87</ns3:cad>
          </ns3:TrackPointExtension>
        </extensions>
      </trkpt>
      <trkpt lat="31.21612326242029666900634765625" lon="121.3863758929073810577392578125">
        <ele>10.19999980926513671875</ele>
        <time>2026-08-31T10:50:21.000Z</time>
        <extensions>
          <ns3:TrackPointExtension>
            <ns3:hr>141</ns3:hr>
            <ns3:cad>87</ns3:cad>
          </ns3:TrackPointExtension>
        </extensions>
      </trkpt>
      <trkpt lat="31.2161193229258060455322265625" lon="121.3864023797214031219482421875">
        <ele>10.19999980926513671875</ele>
        <time>2026-08-31T10:50:22.000Z</time>
        <extensions>
          <ns3:TrackPointExtension>
            <ns3:hr>141</ns3:hr>
            <ns3:cad>87</ns3:cad>
          </ns3:TrackPointExtension>
        </extensions>
      </trkpt>
      <trkpt lat="31.21611303649842739105224609375" lon="121.3864285312592983245849609375">
        <ele>10.19999980926513671875</ele>
        <time>2026-08-31T10:50:23.000Z</time>
        <extensions>
          <ns3:TrackPointExtension>
            <ns3:hr>141</ns3:hr>
            <ns3:cad>86</ns3:cad>
          </ns3:TrackPointExtension>
        </extensions>
      </trkpt>
      <trkpt lat="31.21610708534717559814453125" lon="121.38645795173943042755126953125">
        <ele>10.19999980926513671875</ele>
        <time>2026-08-31T10:50:24.000Z</time>
        <extensions>
          <ns3:TrackPointExtension>
            <ns3:hr>141</ns3:hr>
            <ns3:cad>86</ns3:cad>
          </ns3:TrackPointExtension>
        </extensions>
      </trkpt>
      <trkpt lat="31.21610197238624095916748046875" lon="121.38648577965795993804931640625">
        <ele>10.19999980926513671875</ele>
        <time>2026-08-31T10:50:25.000Z</time>
        <extensions>
          <ns3:TrackPointExtension>
            <ns3:hr>141</ns3:hr>
            <ns3:cad>86</ns3:cad>
          </ns3:TrackPointExtension>
        </extensions>
      </trkpt>
      <trkpt lat="31.2160965241491794586181640625" lon="121.38651913963258266448974609375">
        <ele>10.19999980926513671875</ele>
        <time>2026-08-31T10:50:26.000Z</time>
        <extensions>
          <ns3:TrackPointExtension>
            <ns3:hr>140</ns3:hr>
            <ns3:cad>86</ns3:cad>
          </ns3:TrackPointExtension>
        </extensions>
      </trkpt>
      <trkpt lat="31.2160894833505153656005859375" lon="121.3865492306649684906005859375">
        <ele>10.19999980926513671875</ele>
        <time>2026-08-31T10:50:27.000Z</time>
        <extensions>
          <ns3:TrackPointExtension>
            <ns3:hr>141</ns3:hr>
            <ns3:cad>87</ns3:cad>
          </ns3:TrackPointExtension>
        </extensions>
      </trkpt>
      <trkpt lat="31.2160755693912506103515625" lon="121.38657898642122745513916015625">
        <ele>10.19999980926513671875</ele>
        <time>2026-08-31T10:50:28.000Z</time>
        <extensions>
          <ns3:TrackPointExtension>
            <ns3:hr>141</ns3:hr>
            <ns3:cad>87</ns3:cad>
          </ns3:TrackPointExtension>
        </extensions>
      </trkpt>
      <trkpt lat="31.216066516935825347900390625" lon="121.38660295866429805755615234375">
        <ele>10.19999980926513671875</ele>
        <time>2026-08-31T10:50:29.000Z</time>
        <extensions>
          <ns3:TrackPointExtension>
            <ns3:hr>141</ns3:hr>
            <ns3:cad>86</ns3:cad>
          </ns3:TrackPointExtension>
        </extensions>
      </trkpt>
      <trkpt lat="31.2160559557378292083740234375" lon="121.38662776909768581390380859375">
        <ele>10.19999980926513671875</ele>
        <time>2026-08-31T10:50:30.000Z</time>
        <extensions>
          <ns3:TrackPointExtension>
            <ns3:hr>141</ns3:hr>
            <ns3:cad>86</ns3:cad>
          </ns3:TrackPointExtension>
        </extensions>
      </trkpt>
      <trkpt lat="31.2160512618720531463623046875" lon="121.3866506516933441162109375">
        <ele>10.19999980926513671875</ele>
        <time>2026-08-31T10:50:31.000Z</time>
        <extensions>
          <ns3:TrackPointExtension>
            <ns3:hr>140</ns3:hr>
            <ns3:cad>86</ns3:cad>
          </ns3:TrackPointExtension>
        </extensions>
      </trkpt>
      <trkpt lat="31.21605151332914829254150390625" lon="121.38666984625160694122314453125">
        <ele>10.19999980926513671875</ele>
        <time>2026-08-31T10:50:32.000Z</time>
        <extensions>
          <ns3:TrackPointExtension>
            <ns3:hr>141</ns3:hr>
            <ns3:cad>86</ns3:cad>
          </ns3:TrackPointExtension>
        </extensions>
      </trkpt>
      <trkpt lat="31.2160489149391651153564453125" lon="121.38668728061020374298095703125">
        <ele>10.3999996185302734375</ele>
        <time>2026-08-31T10:50:33.000Z</time>
        <extensions>
          <ns3:TrackPointExtension>
            <ns3:hr>141</ns3:hr>
            <ns3:cad>86</ns3:cad>
          </ns3:TrackPointExtension>
        </extensions>
      </trkpt>
      <trkpt lat="31.21604598127305507659912109375" lon="121.38671301305294036865234375">
        <ele>10.3999996185302734375</ele>
        <time>2026-08-31T10:50:34.000Z</time>
        <extensions>
          <ns3:TrackPointExtension>
            <ns3:hr>141</ns3:hr>
            <ns3:cad>86</ns3:cad>
          </ns3:TrackPointExtension>
        </extensions>
      </trkpt>
      <trkpt lat="31.216043718159198760986328125" lon="121.38672885484993457794189453125">
        <ele>10.3999996185302734375</ele>
        <time>2026-08-31T10:50:35.000Z</time>
        <extensions>
          <ns3:TrackPointExtension>
            <ns3:hr>141</ns3:hr>
            <ns3:cad>84</ns3:cad>
          </ns3:TrackPointExtension>
        </extensions>
      </trkpt>
      <trkpt lat="31.21603877283632755279541015625" lon="121.38675081543624401092529296875">
        <ele>10.3999996185302734375</ele>
        <time>2026-08-31T10:50:36.000Z</time>
        <extensions>
          <ns3:TrackPointExtension>
            <ns3:hr>140</ns3:hr>
            <ns3:cad>83</ns3:cad>
          </ns3:TrackPointExtension>
        </extensions>
      </trkpt>
      <trkpt lat="31.21603776700794696807861328125" lon="121.3867725245654582977294921875">
        <ele>10.3999996185302734375</ele>
        <time>2026-08-31T10:50:37.000Z</time>
        <extensions>
          <ns3:TrackPointExtension>
            <ns3:hr>140</ns3:hr>
            <ns3:cad>81</ns3:cad>
          </ns3:TrackPointExtension>
        </extensions>
      </trkpt>
      <trkpt lat="31.21602393686771392822265625" lon="121.3868010230362415313720703125">
        <ele>10.19999980926513671875</ele>
        <time>2026-08-31T10:50:38.000Z</time>
        <extensions>
          <ns3:TrackPointExtension>
            <ns3:hr>140</ns3:hr>
            <ns3:cad>81</ns3:cad>
          </ns3:TrackPointExtension>
        </extensions>
      </trkpt>
      <trkpt lat="31.2160190753638744354248046875" lon="121.3868228159844875335693359375">
        <ele>10.19999980926513671875</ele>
        <time>2026-08-31T10:50:39.000Z</time>
        <extensions>
          <ns3:TrackPointExtension>
            <ns3:hr>140</ns3:hr>
            <ns3:cad>80</ns3:cad>
          </ns3:TrackPointExtension>
        </extensions>
      </trkpt>
      <trkpt lat="31.2160137109458446502685546875" lon="121.386843435466289520263671875">
        <ele>10</ele>
        <time>2026-08-31T10:50:40.000Z</time>
        <extensions>
          <ns3:TrackPointExtension>
            <ns3:hr>140</ns3:hr>
            <ns3:cad>80</ns3:cad>
          </ns3:TrackPointExtension>
        </extensions>
      </trkpt>
      <trkpt lat="31.21600474230945110321044921875" lon="121.3868724368512630462646484375">
        <ele>10</ele>
        <time>2026-08-31T10:50:41.000Z</time>
        <extensions>
          <ns3:TrackPointExtension>
            <ns3:hr>140</ns3:hr>
            <ns3:cad>84</ns3:cad>
          </ns3:TrackPointExtension>
        </extensions>
      </trkpt>
      <trkpt lat="31.215999461710453033447265625" lon="121.38689230196177959442138671875">
        <ele>10.19999980926513671875</ele>
        <time>2026-08-31T10:50:42.000Z</time>
        <extensions>
          <ns3:TrackPointExtension>
            <ns3:hr>139</ns3:hr>
            <ns3:cad>85</ns3:cad>
          </ns3:TrackPointExtension>
        </extensions>
      </trkpt>
      <trkpt lat="31.21598764322698116302490234375" lon="121.38691979460418224334716796875">
        <ele>10.19999980926513671875</ele>
        <time>2026-08-31T10:50:43.000Z</time>
        <extensions>
          <ns3:TrackPointExtension>
            <ns3:hr>139</ns3:hr>
            <ns3:cad>85</ns3:cad>
          </ns3:TrackPointExtension>
        </extensions>
      </trkpt>
      <trkpt lat="31.2159795127809047698974609375" lon="121.38694225810468196868896484375">
        <ele>10.19999980926513671875</ele>
        <time>2026-08-31T10:50:44.000Z</time>
        <extensions>
          <ns3:TrackPointExtension>
            <ns3:hr>139</ns3:hr>
            <ns3:cad>85</ns3:cad>
          </ns3:TrackPointExtension>
        </extensions>
      </trkpt>
      <trkpt lat="31.21597171761095523834228515625" lon="121.38696924783289432525634765625">
        <ele>10.19999980926513671875</ele>
        <time>2026-08-31T10:50:45.000Z</time>
        <extensions>
          <ns3:TrackPointExtension>
            <ns3:hr>139</ns3:hr>
            <ns3:cad>86</ns3:cad>
          </ns3:TrackPointExtension>
        </extensions>
      </trkpt>
      <trkpt lat="31.21596048586070537567138671875" lon="121.386990956962108612060546875">
        <ele>10.19999980926513671875</ele>
        <time>2026-08-31T10:50:46.000Z</time>
        <extensions>
          <ns3:TrackPointExtension>
            <ns3:hr>140</ns3:hr>
            <ns3:cad>86</ns3:cad>
          </ns3:TrackPointExtension>
        </extensions>
      </trkpt>
      <trkpt lat="31.21595562435686588287353515625" lon="121.38701115734875202178955078125">
        <ele>10.19999980926513671875</ele>
        <time>2026-08-31T10:50:47.000Z</time>
        <extensions>
          <ns3:TrackPointExtension>
            <ns3:hr>139</ns3:hr>
            <ns3:cad>85</ns3:cad>
          </ns3:TrackPointExtension>
        </extensions>
      </trkpt>
      <trkpt lat="31.2159436382353305816650390625" lon="121.38703814707696437835693359375">
        <ele>10.19999980926513671875</ele>
        <time>2026-08-31T10:50:48.000Z</time>
        <extensions>
          <ns3:TrackPointExtension>
            <ns3:hr>139</ns3:hr>
            <ns3:cad>85</ns3:cad>
          </ns3:TrackPointExtension>
        </extensions>
      </trkpt>
      <trkpt lat="31.2159414589405059814453125" lon="121.38705910183489322662353515625">
        <ele>10</ele>
        <time>2026-08-31T10:50:49.000Z</time>
        <extensions>
          <ns3:TrackPointExtension>
            <ns3:hr>138</ns3:hr>
            <ns3:cad>85</ns3:cad>
          </ns3:TrackPointExtension>
        </extensions>
      </trkpt>
      <trkpt lat="31.21593818999826908111572265625" lon="121.38708709739148616790771484375">
        <ele>10</ele>
        <time>2026-08-31T10:50:50.000Z</time>
        <extensions>
          <ns3:TrackPointExtension>
            <ns3:hr>137</ns3:hr>
            <ns3:cad>85</ns3:cad>
          </ns3:TrackPointExtension>
        </extensions>
      </trkpt>
      <trkpt lat="31.21593886055052280426025390625" lon="121.38710838742554187774658203125">
        <ele>10</ele>
        <time>2026-08-31T10:50:51.000Z</time>
        <extensions>
          <ns3:TrackPointExtension>
            <ns3:hr>137</ns3:hr>
            <ns3:cad>86</ns3:cad>
          </ns3:TrackPointExtension>
        </extensions>
      </trkpt>
      <trkpt lat="31.21594120748341083526611328125" lon="121.38713588006794452667236328125">
        <ele>10</ele>
        <time>2026-08-31T10:50:52.000Z</time>
        <extensions>
          <ns3:TrackPointExtension>
            <ns3:hr>137</ns3:hr>
            <ns3:cad>86</ns3:cad>
          </ns3:TrackPointExtension>
        </extensions>
      </trkpt>
      <trkpt lat="31.2159506790339946746826171875" lon="121.3871617801487445831298828125">
        <ele>10.19999980926513671875</ele>
        <time>2026-08-31T10:50:53.000Z</time>
        <extensions>
          <ns3:TrackPointExtension>
            <ns3:hr>137</ns3:hr>
            <ns3:cad>86</ns3:cad>
          </ns3:TrackPointExtension>
        </extensions>
      </trkpt>
      <trkpt lat="31.21596199460327625274658203125" lon="121.38718315400183200836181640625">
        <ele>10.19999980926513671875</ele>
        <time>2026-08-31T10:50:54.000Z</time>
        <extensions>
          <ns3:TrackPointExtension>
            <ns3:hr>136</ns3:hr>
            <ns3:cad>86</ns3:cad>
          </ns3:TrackPointExtension>
        </extensions>
      </trkpt>
      <trkpt lat="31.2159751541912555694580078125" lon="121.38720662333071231842041015625">
        <ele>10.19999980926513671875</ele>
        <time>2026-08-31T10:50:55.000Z</time>
        <extensions>
          <ns3:TrackPointExtension>
            <ns3:hr>137</ns3:hr>
            <ns3:cad>85</ns3:cad>
          </ns3:TrackPointExtension>
        </extensions>
      </trkpt>
      <trkpt lat="31.21599485166370868682861328125" lon="121.38721332885324954986572265625">
        <ele>10.3999996185302734375</ele>
        <time>2026-08-31T10:50:56.000Z</time>
        <extensions>
          <ns3:TrackPointExtension>
            <ns3:hr>137</ns3:hr>
            <ns3:cad>85</ns3:cad>
          </ns3:TrackPointExtension>
        </extensions>
      </trkpt>
      <trkpt lat="31.2160184048116207122802734375" lon="121.38722598552703857421875">
        <ele>10.3999996185302734375</ele>
        <time>2026-08-31T10:50:57.000Z</time>
        <extensions>
          <ns3:TrackPointExtension>
            <ns3:hr>138</ns3:hr>
            <ns3:cad>85</ns3:cad>
          </ns3:TrackPointExtension>
        </extensions>
      </trkpt>
      <trkpt lat="31.21604095213115215301513671875" lon="121.3872271589934825897216796875">
        <ele>10.3999996185302734375</ele>
        <time>2026-08-31T10:50:58.000Z</time>
        <extensions>
          <ns3:TrackPointExtension>
            <ns3:hr>138</ns3:hr>
            <ns3:cad>86</ns3:cad>
          </ns3:TrackPointExtension>
        </extensions>
      </trkpt>
      <trkpt lat="31.21606643311679363250732421875" lon="121.38723361305892467498779296875">
        <ele>10.3999996185302734375</ele>
        <time>2026-08-31T10:50:59.000Z</time>
        <extensions>
          <ns3:TrackPointExtension>
            <ns3:hr>138</ns3:hr>
            <ns3:cad>86</ns3:cad>
          </ns3:TrackPointExtension>
        </extensions>
      </trkpt>
      <trkpt lat="31.21608369983732700347900390625" lon="121.38723864220082759857177734375">
        <ele>10.3999996185302734375</ele>
        <time>2026-08-31T10:51:00.000Z</time>
        <extensions>
          <ns3:TrackPointExtension>
            <ns3:hr>139</ns3:hr>
            <ns3:cad>86</ns3:cad>
          </ns3:TrackPointExtension>
        </extensions>
      </trkpt>
      <trkpt lat="31.2161035649478435516357421875" lon="121.38724409043788909912109375">
        <ele>10.3999996185302734375</ele>
        <time>2026-08-31T10:51:01.000Z</time>
        <extensions>
          <ns3:TrackPointExtension>
            <ns3:hr>139</ns3:hr>
            <ns3:cad>85</ns3:cad>
          </ns3:TrackPointExtension>
        </extensions>
      </trkpt>
      <trkpt lat="31.2161199934780597686767578125" lon="121.3872580043971538543701171875">
        <ele>10.3999996185302734375</ele>
        <time>2026-08-31T10:51:02.000Z</time>
        <extensions>
          <ns3:TrackPointExtension>
            <ns3:hr>139</ns3:hr>
            <ns3:cad>85</ns3:cad>
          </ns3:TrackPointExtension>
        </extensions>
      </trkpt>
      <trkpt lat="31.21613432653248310089111328125" lon="121.38726596720516681671142578125">
        <ele>10.3999996185302734375</ele>
        <time>2026-08-31T10:51:03.000Z</time>
        <extensions>
          <ns3:TrackPointExtension>
            <ns3:hr>139</ns3:hr>
            <ns3:cad>85</ns3:cad>
          </ns3:TrackPointExtension>
        </extensions>
      </trkpt>
      <trkpt lat="31.21615360490977764129638671875" lon="121.38728273101150989532470703125">
        <ele>10.3999996185302734375</ele>
        <time>2026-08-31T10:51:04.000Z</time>
        <extensions>
          <ns3:TrackPointExtension>
            <ns3:hr>139</ns3:hr>
            <ns3:cad>85</ns3:cad>
          </ns3:TrackPointExtension>
        </extensions>
      </trkpt>
      <trkpt lat="31.21617145836353302001953125" lon="121.387294046580791473388671875">
        <ele>10.3999996185302734375</ele>
        <time>2026-08-31T10:51:05.000Z</time>
        <extensions>
          <ns3:TrackPointExtension>
            <ns3:hr>140</ns3:hr>
            <ns3:cad>85</ns3:cad>
          </ns3:TrackPointExtension>
        </extensions>
      </trkpt>
      <trkpt lat="31.2161893956363201141357421875" lon="121.38730519451200962066650390625">
        <ele>10.3999996185302734375</ele>
        <time>2026-08-31T10:51:06.000Z</time>
        <extensions>
          <ns3:TrackPointExtension>
            <ns3:hr>140</ns3:hr>
            <ns3:cad>85</ns3:cad>
          </ns3:TrackPointExtension>
        </extensions>
      </trkpt>
      <trkpt lat="31.21620926074683666229248046875" lon="121.38731039129197597503662109375">
        <ele>10.19999980926513671875</ele>
        <time>2026-08-31T10:51:07.000Z</time>
        <extensions>
          <ns3:TrackPointExtension>
            <ns3:hr>140</ns3:hr>
            <ns3:cad>83</ns3:cad>
          </ns3:TrackPointExtension>
        </extensions>
      </trkpt>
      <trkpt lat="31.21622719801962375640869140625" lon="121.387311480939388275146484375">
        <ele>10.19999980926513671875</ele>
        <time>2026-08-31T10:51:08.000Z</time>
        <extensions>
          <ns3:TrackPointExtension>
            <ns3:hr>140</ns3:hr>
            <ns3:cad>83</ns3:cad>
          </ns3:TrackPointExtension>
        </extensions>
      </trkpt>
      <trkpt lat="31.2162484042346477508544921875" lon="121.38732589781284332275390625">
        <ele>10.19999980926513671875</ele>
        <time>2026-08-31T10:51:09.000Z</time>
        <extensions>
          <ns3:TrackPointExtension>
            <ns3:hr>139</ns3:hr>
            <ns3:cad>83</ns3:cad>
          </ns3:TrackPointExtension>
        </extensions>
      </trkpt>
      <trkpt lat="31.2162673473358154296875" lon="121.38733738102018833160400390625">
        <ele>10.19999980926513671875</ele>
        <time>2026-08-31T10:51:10.000Z</time>
        <extensions>
          <ns3:TrackPointExtension>
            <ns3:hr>139</ns3:hr>
            <ns3:cad>84</ns3:cad>
          </ns3:TrackPointExtension>
        </extensions>
      </trkpt>
      <trkpt lat="31.21629425324499607086181640625" lon="121.3873441703617572784423828125">
        <ele>10</ele>
        <time>2026-08-31T10:51:11.000Z</time>
        <extensions>
          <ns3:TrackPointExtension>
            <ns3:hr>139</ns3:hr>
            <ns3:cad>86</ns3:cad>
          </ns3:TrackPointExtension>
        </extensions>
      </trkpt>
      <trkpt lat="31.21631168760359287261962890625" lon="121.38735406100749969482421875">
        <ele>10.19999980926513671875</ele>
        <time>2026-08-31T10:51:12.000Z</time>
        <extensions>
          <ns3:TrackPointExtension>
            <ns3:hr>139</ns3:hr>
            <ns3:cad>87</ns3:cad>
          </ns3:TrackPointExtension>
        </extensions>
      </trkpt>
      <trkpt lat="31.21634018607437610626220703125" lon="121.3873673044145107269287109375">
        <ele>10.19999980926513671875</ele>
        <time>2026-08-31T10:51:13.000Z</time>
        <extensions>
          <ns3:TrackPointExtension>
            <ns3:hr>139</ns3:hr>
            <ns3:cad>87</ns3:cad>
          </ns3:TrackPointExtension>
        </extensions>
      </trkpt>
      <trkpt lat="31.21636080555617809295654296875" lon="121.38738197274506092071533203125">
        <ele>10.19999980926513671875</ele>
        <time>2026-08-31T10:51:14.000Z</time>
        <extensions>
          <ns3:TrackPointExtension>
            <ns3:hr>139</ns3:hr>
            <ns3:cad>86</ns3:cad>
          </ns3:TrackPointExtension>
        </extensions>
      </trkpt>
      <trkpt lat="31.21638335287570953369140625" lon="121.38739521615207195281982421875">
        <ele>10.19999980926513671875</ele>
        <time>2026-08-31T10:51:15.000Z</time>
        <extensions>
          <ns3:TrackPointExtension>
            <ns3:hr>139</ns3:hr>
            <ns3:cad>86</ns3:cad>
          </ns3:TrackPointExtension>
        </extensions>
      </trkpt>
      <trkpt lat="31.2164066545665264129638671875" lon="121.387405693531036376953125">
        <ele>10.19999980926513671875</ele>
        <time>2026-08-31T10:51:16.000Z</time>
        <extensions>
          <ns3:TrackPointExtension>
            <ns3:hr>139</ns3:hr>
            <ns3:cad>86</ns3:cad>
          </ns3:TrackPointExtension>
        </extensions>
      </trkpt>
      <trkpt lat="31.21642232872545719146728515625" lon="121.3874075375497341156005859375">
        <ele>10.19999980926513671875</ele>
        <time>2026-08-31T10:51:17.000Z</time>
        <extensions>
          <ns3:TrackPointExtension>
            <ns3:hr>138</ns3:hr>
            <ns3:cad>86</ns3:cad>
          </ns3:TrackPointExtension>
        </extensions>
      </trkpt>
      <trkpt lat="31.2164505757391452789306640625" lon="121.3874199427664279937744140625">
        <ele>10.19999980926513671875</ele>
        <time>2026-08-31T10:51:18.000Z</time>
        <extensions>
          <ns3:TrackPointExtension>
            <ns3:hr>139</ns3:hr>
            <ns3:cad>86</ns3:cad>
          </ns3:TrackPointExtension>
        </extensions>
      </trkpt>
      <trkpt lat="31.21646993793547153472900390625" lon="121.3874259777367115020751953125">
        <ele>10.19999980926513671875</ele>
        <time>2026-08-31T10:51:19.000Z</time>
        <extensions>
          <ns3:TrackPointExtension>
            <ns3:hr>139</ns3:hr>
            <ns3:cad>86</ns3:cad>
          </ns3:TrackPointExtension>
        </extensions>
      </trkpt>
      <trkpt lat="31.21649256907403469085693359375" lon="121.38743343763053417205810546875">
        <ele>10.19999980926513671875</ele>
        <time>2026-08-31T10:51:20.000Z</time>
        <extensions>
          <ns3:TrackPointExtension>
            <ns3:hr>138</ns3:hr>
            <ns3:cad>86</ns3:cad>
          </ns3:TrackPointExtension>
        </extensions>
      </trkpt>
      <trkpt lat="31.21650950051844120025634765625" lon="121.38744215480983257293701171875">
        <ele>10.19999980926513671875</ele>
        <time>2026-08-31T10:51:21.000Z</time>
        <extensions>
          <ns3:TrackPointExtension>
            <ns3:hr>138</ns3:hr>
            <ns3:cad>85</ns3:cad>
          </ns3:TrackPointExtension>
        </extensions>
      </trkpt>
      <trkpt lat="31.21653213165700435638427734375" lon="121.3874494470655918121337890625">
        <ele>10.19999980926513671875</ele>
        <time>2026-08-31T10:51:22.000Z</time>
        <extensions>
          <ns3:TrackPointExtension>
            <ns3:hr>138</ns3:hr>
            <ns3:cad>86</ns3:cad>
          </ns3:TrackPointExtension>
        </extensions>
      </trkpt>
      <trkpt lat="31.21655593626201152801513671875" lon="121.387458331882953643798828125">
        <ele>10.3999996185302734375</ele>
        <time>2026-08-31T10:51:23.000Z</time>
        <extensions>
          <ns3:TrackPointExtension>
            <ns3:hr>138</ns3:hr>
            <ns3:cad>86</ns3:cad>
          </ns3:TrackPointExtension>
        </extensions>
      </trkpt>
      <trkpt lat="31.21657370589673519134521484375" lon="121.38746378012001514434814453125">
        <ele>10.3999996185302734375</ele>
        <time>2026-08-31T10:51:24.000Z</time>
        <extensions>
          <ns3:TrackPointExtension>
            <ns3:hr>139</ns3:hr>
            <ns3:cad>87</ns3:cad>
          </ns3:TrackPointExtension>
        </extensions>
      </trkpt>
      <trkpt lat="31.21660170145332813262939453125" lon="121.38747476041316986083984375">
        <ele>10.3999996185302734375</ele>
        <time>2026-08-31T10:51:25.000Z</time>
        <extensions>
          <ns3:TrackPointExtension>
            <ns3:hr>139</ns3:hr>
            <ns3:cad>87</ns3:cad>
          </ns3:TrackPointExtension>
        </extensions>
      </trkpt>
      <trkpt lat="31.21662466786801815032958984375" lon="121.3874856568872928619384765625">
        <ele>10.3999996185302734375</ele>
        <time>2026-08-31T10:51:26.000Z</time>
        <extensions>
          <ns3:TrackPointExtension>
            <ns3:hr>139</ns3:hr>
            <ns3:cad>86</ns3:cad>
          </ns3:TrackPointExtension>
        </extensions>
      </trkpt>
      <trkpt lat="31.2166500650346279144287109375" lon="121.38749496079981327056884765625">
        <ele>10.3999996185302734375</ele>
        <time>2026-08-31T10:51:27.000Z</time>
        <extensions>
          <ns3:TrackPointExtension>
            <ns3:hr>139</ns3:hr>
            <ns3:cad>86</ns3:cad>
          </ns3:TrackPointExtension>
        </extensions>
      </trkpt>
      <trkpt lat="31.21666808612644672393798828125" lon="121.38749755918979644775390625">
        <ele>10.3999996185302734375</ele>
        <time>2026-08-31T10:51:28.000Z</time>
        <extensions>
          <ns3:TrackPointExtension>
            <ns3:hr>140</ns3:hr>
            <ns3:cad>86</ns3:cad>
          </ns3:TrackPointExtension>
        </extensions>
      </trkpt>
      <trkpt lat="31.21669507585465908050537109375" lon="121.38750468380749225616455078125">
        <ele>10.3999996185302734375</ele>
        <time>2026-08-31T10:51:29.000Z</time>
        <extensions>
          <ns3:TrackPointExtension>
            <ns3:hr>140</ns3:hr>
            <ns3:cad>86</ns3:cad>
          </ns3:TrackPointExtension>
        </extensions>
      </trkpt>
      <trkpt lat="31.21671636588871479034423828125" lon="121.38751440681517124176025390625">
        <ele>10.19999980926513671875</ele>
        <time>2026-08-31T10:51:30.000Z</time>
        <extensions>
          <ns3:TrackPointExtension>
            <ns3:hr>140</ns3:hr>
            <ns3:cad>87</ns3:cad>
          </ns3:TrackPointExtension>
        </extensions>
      </trkpt>
      <trkpt lat="31.2167380750179290771484375" lon="121.38752195052802562713623046875">
        <ele>10.19999980926513671875</ele>
        <time>2026-08-31T10:51:31.000Z</time>
        <extensions>
          <ns3:TrackPointExtension>
            <ns3:hr>140</ns3:hr>
            <ns3:cad>87</ns3:cad>
          </ns3:TrackPointExtension>
        </extensions>
      </trkpt>
      <trkpt lat="31.216763891279697418212890625" lon="121.387533433735370635986328125">
        <ele>10.3999996185302734375</ele>
        <time>2026-08-31T10:51:32.000Z</time>
        <extensions>
          <ns3:TrackPointExtension>
            <ns3:hr>141</ns3:hr>
            <ns3:cad>86</ns3:cad>
          </ns3:TrackPointExtension>
        </extensions>
      </trkpt>
      <trkpt lat="31.216780655086040496826171875" lon="121.387544162571430206298828125">
        <ele>10.3999996185302734375</ele>
        <time>2026-08-31T10:51:33.000Z</time>
        <extensions>
          <ns3:TrackPointExtension>
            <ns3:hr>141</ns3:hr>
            <ns3:cad>86</ns3:cad>
          </ns3:TrackPointExtension>
        </extensions>
      </trkpt>
      <trkpt lat="31.21680337004363536834716796875" lon="121.3875490240752696990966796875">
        <ele>10.3999996185302734375</ele>
        <time>2026-08-31T10:51:34.000Z</time>
        <extensions>
          <ns3:TrackPointExtension>
            <ns3:hr>141</ns3:hr>
            <ns3:cad>86</ns3:cad>
          </ns3:TrackPointExtension>
        </extensions>
      </trkpt>
      <trkpt lat="31.2168220616877079010009765625" lon="121.387555561959743499755859375">
        <ele>10.3999996185302734375</ele>
        <time>2026-08-31T10:51:35.000Z</time>
        <extensions>
          <ns3:TrackPointExtension>
            <ns3:hr>141</ns3:hr>
            <ns3:cad>86</ns3:cad>
          </ns3:TrackPointExtension>
        </extensions>
      </trkpt>
      <trkpt lat="31.21684360317885875701904296875" lon="121.38756327331066131591796875">
        <ele>10.3999996185302734375</ele>
        <time>2026-08-31T10:51:36.000Z</time>
        <extensions>
          <ns3:TrackPointExtension>
            <ns3:hr>141</ns3:hr>
            <ns3:cad>86</ns3:cad>
          </ns3:TrackPointExtension>
        </extensions>
      </trkpt>
      <trkpt lat="31.21685919351875782012939453125" lon="121.387571655213832855224609375">
        <ele>10.3999996185302734375</ele>
        <time>2026-08-31T10:51:37.000Z</time>
        <extensions>
          <ns3:TrackPointExtension>
            <ns3:hr>141</ns3:hr>
            <ns3:cad>86</ns3:cad>
          </ns3:TrackPointExtension>
        </extensions>
      </trkpt>
      <trkpt lat="31.2168788909912109375" lon="121.38757936656475067138671875">
        <ele>10.3999996185302734375</ele>
        <time>2026-08-31T10:51:38.000Z</time>
        <extensions>
          <ns3:TrackPointExtension>
            <ns3:hr>141</ns3:hr>
            <ns3:cad>86</ns3:cad>
          </ns3:TrackPointExtension>
        </extensions>
      </trkpt>
      <trkpt lat="31.21690747328102588653564453125" lon="121.387589089572429656982421875">
        <ele>10.6000003814697265625</ele>
        <time>2026-08-31T10:51:39.000Z</time>
        <extensions>
          <ns3:TrackPointExtension>
            <ns3:hr>141</ns3:hr>
            <ns3:cad>85</ns3:cad>
          </ns3:TrackPointExtension>
        </extensions>
      </trkpt>
      <trkpt lat="31.21692675165832042694091796875" lon="121.38759822584688663482666015625">
        <ele>10.3999996185302734375</ele>
        <time>2026-08-31T10:51:40.000Z</time>
        <extensions>
          <ns3:TrackPointExtension>
            <ns3:hr>141</ns3:hr>
            <ns3:cad>85</ns3:cad>
          </ns3:TrackPointExtension>
        </extensions>
      </trkpt>
      <trkpt lat="31.216955669224262237548828125" lon="121.38761197216808795928955078125">
        <ele>10.3999996185302734375</ele>
        <time>2026-08-31T10:51:41.000Z</time>
        <extensions>
          <ns3:TrackPointExtension>
            <ns3:hr>141</ns3:hr>
            <ns3:cad>85</ns3:cad>
          </ns3:TrackPointExtension>
        </extensions>
      </trkpt>
      <trkpt lat="31.21697612106800079345703125" lon="121.387621276080608367919921875">
        <ele>10.6000003814697265625</ele>
        <time>2026-08-31T10:51:42.000Z</time>
        <extensions>
          <ns3:TrackPointExtension>
            <ns3:hr>141</ns3:hr>
            <ns3:cad>86</ns3:cad>
          </ns3:TrackPointExtension>
        </extensions>
      </trkpt>
      <trkpt lat="31.21699757874011993408203125" lon="121.387630663812160491943359375">
        <ele>10.6000003814697265625</ele>
        <time>2026-08-31T10:51:43.000Z</time>
        <extensions>
          <ns3:TrackPointExtension>
            <ns3:hr>142</ns3:hr>
            <ns3:cad>86</ns3:cad>
          </ns3:TrackPointExtension>
        </extensions>
      </trkpt>
      <trkpt lat="31.21701526455581188201904296875" lon="121.38764633797109127044677734375">
        <ele>10.6000003814697265625</ele>
        <time>2026-08-31T10:51:44.000Z</time>
        <extensions>
          <ns3:TrackPointExtension>
            <ns3:hr>142</ns3:hr>
            <ns3:cad>86</ns3:cad>
          </ns3:TrackPointExtension>
        </extensions>
      </trkpt>
      <trkpt lat="31.21703253127634525299072265625" lon="121.38764868490397930145263671875">
        <ele>10.6000003814697265625</ele>
        <time>2026-08-31T10:51:45.000Z</time>
        <extensions>
          <ns3:TrackPointExtension>
            <ns3:hr>142</ns3:hr>
            <ns3:cad>85</ns3:cad>
          </ns3:TrackPointExtension>
        </extensions>
      </trkpt>
      <trkpt lat="31.21704728342592716217041015625" lon="121.38765857554972171783447265625">
        <ele>10.6000003814697265625</ele>
        <time>2026-08-31T10:51:46.000Z</time>
        <extensions>
          <ns3:TrackPointExtension>
            <ns3:hr>142</ns3:hr>
            <ns3:cad>85</ns3:cad>
          </ns3:TrackPointExtension>
        </extensions>
      </trkpt>
      <trkpt lat="31.21706354431807994842529296875" lon="121.387665532529354095458984375">
        <ele>10.6000003814697265625</ele>
        <time>2026-08-31T10:51:47.000Z</time>
        <extensions>
          <ns3:TrackPointExtension>
            <ns3:hr>142</ns3:hr>
            <ns3:cad>86</ns3:cad>
          </ns3:TrackPointExtension>
        </extensions>
      </trkpt>
      <trkpt lat="31.21709003113210201263427734375" lon="121.38767324388027191162109375">
        <ele>10.6000003814697265625</ele>
        <time>2026-08-31T10:51:48.000Z</time>
        <extensions>
          <ns3:TrackPointExtension>
            <ns3:hr>143</ns3:hr>
            <ns3:cad>86</ns3:cad>
          </ns3:TrackPointExtension>
        </extensions>
      </trkpt>
      <trkpt lat="31.21710981242358684539794921875" lon="121.38768154196441173553466796875">
        <ele>10.6000003814697265625</ele>
        <time>2026-08-31T10:51:49.000Z</time>
        <extensions>
          <ns3:TrackPointExtension>
            <ns3:hr>143</ns3:hr>
            <ns3:cad>86</ns3:cad>
          </ns3:TrackPointExtension>
        </extensions>
      </trkpt>
      <trkpt lat="31.21713344939053058624267578125" lon="121.387688331305980682373046875">
        <ele>10.6000003814697265625</ele>
        <time>2026-08-31T10:51:50.000Z</time>
        <extensions>
          <ns3:TrackPointExtension>
            <ns3:hr>143</ns3:hr>
            <ns3:cad>86</ns3:cad>
          </ns3:TrackPointExtension>
        </extensions>
      </trkpt>
      <trkpt lat="31.21715658344328403472900390625" lon="121.38769713230431079864501953125">
        <ele>10.6000003814697265625</ele>
        <time>2026-08-31T10:51:51.000Z</time>
        <extensions>
          <ns3:TrackPointExtension>
            <ns3:hr>143</ns3:hr>
            <ns3:cad>85</ns3:cad>
          </ns3:TrackPointExtension>
        </extensions>
      </trkpt>
      <trkpt lat="31.21717636473476886749267578125" lon="121.3877052627503871917724609375">
        <ele>10.6000003814697265625</ele>
        <time>2026-08-31T10:51:52.000Z</time>
        <extensions>
          <ns3:TrackPointExtension>
            <ns3:hr>142</ns3:hr>
            <ns3:cad>85</ns3:cad>
          </ns3:TrackPointExtension>
        </extensions>
      </trkpt>
      <trkpt lat="31.21720008552074432373046875" lon="121.38771439902484416961669921875">
        <ele>10.6000003814697265625</ele>
        <time>2026-08-31T10:51:53.000Z</time>
        <extensions>
          <ns3:TrackPointExtension>
            <ns3:hr>143</ns3:hr>
            <ns3:cad>86</ns3:cad>
          </ns3:TrackPointExtension>
        </extensions>
      </trkpt>
      <trkpt lat="31.2172230519354343414306640625" lon="121.3877163268625736236572265625">
        <ele>10.6000003814697265625</ele>
        <time>2026-08-31T10:51:54.000Z</time>
        <extensions>
          <ns3:TrackPointExtension>
            <ns3:hr>142</ns3:hr>
            <ns3:cad>86</ns3:cad>
          </ns3:TrackPointExtension>
        </extensions>
      </trkpt>
      <trkpt lat="31.2172435037791728973388671875" lon="121.38772730715572834014892578125">
        <ele>10.6000003814697265625</ele>
        <time>2026-08-31T10:51:55.000Z</time>
        <extensions>
          <ns3:TrackPointExtension>
            <ns3:hr>142</ns3:hr>
            <ns3:cad>86</ns3:cad>
          </ns3:TrackPointExtension>
        </extensions>
      </trkpt>
      <trkpt lat="31.21726320125162601470947265625" lon="121.38774004764854907989501953125">
        <ele>10.6000003814697265625</ele>
        <time>2026-08-31T10:51:56.000Z</time>
        <extensions>
          <ns3:TrackPointExtension>
            <ns3:hr>142</ns3:hr>
            <ns3:cad>87</ns3:cad>
          </ns3:TrackPointExtension>
        </extensions>
      </trkpt>
      <trkpt lat="31.21727912686765193939208984375" lon="121.38775312341749668121337890625">
        <ele>10.6000003814697265625</ele>
        <time>2026-08-31T10:51:57.000Z</time>
        <extensions>
          <ns3:TrackPointExtension>
            <ns3:hr>141</ns3:hr>
            <ns3:cad>87</ns3:cad>
          </ns3:TrackPointExtension>
        </extensions>
      </trkpt>
      <trkpt lat="31.21729689650237560272216796875" lon="121.3877646066248416900634765625">
        <ele>10.6000003814697265625</ele>
        <time>2026-08-31T10:51:58.000Z</time>
        <extensions>
          <ns3:TrackPointExtension>
            <ns3:hr>141</ns3:hr>
            <ns3:cad>87</ns3:cad>
          </ns3:TrackPointExtension>
        </extensions>
      </trkpt>
      <trkpt lat="31.21732212603092193603515625" lon="121.38777458108961582183837890625">
        <ele>10.6000003814697265625</ele>
        <time>2026-08-31T10:51:59.000Z</time>
        <extensions>
          <ns3:TrackPointExtension>
            <ns3:hr>141</ns3:hr>
            <ns3:cad>86</ns3:cad>
          </ns3:TrackPointExtension>
        </extensions>
      </trkpt>
      <trkpt lat="31.2173474393784999847412109375" lon="121.38779067434370517730712890625">
        <ele>10.6000003814697265625</ele>
        <time>2026-08-31T10:52:00.000Z</time>
        <extensions>
          <ns3:TrackPointExtension>
            <ns3:hr>141</ns3:hr>
            <ns3:cad>86</ns3:cad>
          </ns3:TrackPointExtension>
        </extensions>
      </trkpt>
      <trkpt lat="31.2173638679087162017822265625" lon="121.38779033906757831573486328125">
        <ele>10.6000003814697265625</ele>
        <time>2026-08-31T10:52:01.000Z</time>
        <extensions>
          <ns3:TrackPointExtension>
            <ns3:hr>141</ns3:hr>
            <ns3:cad>87</ns3:cad>
          </ns3:TrackPointExtension>
        </extensions>
      </trkpt>
      <trkpt lat="31.2173829786479473114013671875" lon="121.38779939152300357818603515625">
        <ele>10.80000019073486328125</ele>
        <time>2026-08-31T10:52:02.000Z</time>
        <extensions>
          <ns3:TrackPointExtension>
            <ns3:hr>140</ns3:hr>
            <ns3:cad>87</ns3:cad>
          </ns3:TrackPointExtension>
        </extensions>
      </trkpt>
      <trkpt lat="31.2174004130065441131591796875" lon="121.38780333101749420166015625">
        <ele>10.80000019073486328125</ele>
        <time>2026-08-31T10:52:03.000Z</time>
        <extensions>
          <ns3:TrackPointExtension>
            <ns3:hr>140</ns3:hr>
            <ns3:cad>87</ns3:cad>
          </ns3:TrackPointExtension>
        </extensions>
      </trkpt>
      <trkpt lat="31.21742094866931438446044921875" lon="121.387821100652217864990234375">
        <ele>10.6000003814697265625</ele>
        <time>2026-08-31T10:52:04.000Z</time>
        <extensions>
          <ns3:TrackPointExtension>
            <ns3:hr>140</ns3:hr>
            <ns3:cad>86</ns3:cad>
          </ns3:TrackPointExtension>
        </extensions>
      </trkpt>
      <trkpt lat="31.21743771247565746307373046875" lon="121.387832164764404296875">
        <ele>10.80000019073486328125</ele>
        <time>2026-08-31T10:52:05.000Z</time>
        <extensions>
          <ns3:TrackPointExtension>
            <ns3:hr>140</ns3:hr>
            <ns3:cad>85</ns3:cad>
          </ns3:TrackPointExtension>
        </extensions>
      </trkpt>
      <trkpt lat="31.21745581738650798797607421875" lon="121.387837193906307220458984375">
        <ele>10.80000019073486328125</ele>
        <time>2026-08-31T10:52:06.000Z</time>
        <extensions>
          <ns3:TrackPointExtension>
            <ns3:hr>141</ns3:hr>
            <ns3:cad>85</ns3:cad>
          </ns3:TrackPointExtension>
        </extensions>
      </trkpt>
      <trkpt lat="31.2174788676202297210693359375" lon="121.3878524489700794219970703125">
        <ele>10.6000003814697265625</ele>
        <time>2026-08-31T10:52:07.000Z</time>
        <extensions>
          <ns3:TrackPointExtension>
            <ns3:hr>140</ns3:hr>
            <ns3:cad>86</ns3:cad>
          </ns3:TrackPointExtension>
        </extensions>
      </trkpt>
      <trkpt lat="31.21749990619719028472900390625" lon="121.387862004339694976806640625">
        <ele>10.6000003814697265625</ele>
        <time>2026-08-31T10:52:08.000Z</time>
        <extensions>
          <ns3:TrackPointExtension>
            <ns3:hr>141</ns3:hr>
            <ns3:cad>86</ns3:cad>
          </ns3:TrackPointExtension>
        </extensions>
      </trkpt>
      <trkpt lat="31.21752597391605377197265625" lon="121.387873403728008270263671875">
        <ele>10.80000019073486328125</ele>
        <time>2026-08-31T10:52:09.000Z</time>
        <extensions>
          <ns3:TrackPointExtension>
            <ns3:hr>141</ns3:hr>
            <ns3:cad>86</ns3:cad>
          </ns3:TrackPointExtension>
        </extensions>
      </trkpt>
      <trkpt lat="31.21754785068333148956298828125" lon="121.38788002543151378631591796875">
        <ele>10.80000019073486328125</ele>
        <time>2026-08-31T10:52:10.000Z</time>
        <extensions>
          <ns3:TrackPointExtension>
            <ns3:hr>141</ns3:hr>
            <ns3:cad>86</ns3:cad>
          </ns3:TrackPointExtension>
        </extensions>
      </trkpt>
      <trkpt lat="31.21758171357214450836181640625" lon="121.38788782060146331787109375">
        <ele>10.80000019073486328125</ele>
        <time>2026-08-31T10:52:11.000Z</time>
        <extensions>
          <ns3:TrackPointExtension>
            <ns3:hr>141</ns3:hr>
            <ns3:cad>86</ns3:cad>
          </ns3:TrackPointExtension>
        </extensions>
      </trkpt>
      <trkpt lat="31.2176035903394222259521484375" lon="121.3878973759710788726806640625">
        <ele>10.80000019073486328125</ele>
        <time>2026-08-31T10:52:12.000Z</time>
        <extensions>
          <ns3:TrackPointExtension>
            <ns3:hr>141</ns3:hr>
            <ns3:cad>86</ns3:cad>
          </ns3:TrackPointExtension>
        </extensions>
      </trkpt>
      <trkpt lat="31.21762680821120738983154296875" lon="121.387907601892948150634765625">
        <ele>10.80000019073486328125</ele>
        <time>2026-08-31T10:52:13.000Z</time>
        <extensions>
          <ns3:TrackPointExtension>
            <ns3:hr>141</ns3:hr>
            <ns3:cad>86</ns3:cad>
          </ns3:TrackPointExtension>
        </extensions>
      </trkpt>
      <trkpt lat="31.21764809824526309967041015625" lon="121.38791791163384914398193359375">
        <ele>10.80000019073486328125</ele>
        <time>2026-08-31T10:52:14.000Z</time>
        <extensions>
          <ns3:TrackPointExtension>
            <ns3:hr>141</ns3:hr>
            <ns3:cad>87</ns3:cad>
          </ns3:TrackPointExtension>
        </extensions>
      </trkpt>
      <trkpt lat="31.21766972355544567108154296875" lon="121.38792277313768863677978515625">
        <ele>10.6000003814697265625</ele>
        <time>2026-08-31T10:52:15.000Z</time>
        <extensions>
          <ns3:TrackPointExtension>
            <ns3:hr>141</ns3:hr>
            <ns3:cad>87</ns3:cad>
          </ns3:TrackPointExtension>
        </extensions>
      </trkpt>
      <trkpt lat="31.21769822202622890472412109375" lon="121.3879372738301753997802734375">
        <ele>10.6000003814697265625</ele>
        <time>2026-08-31T10:52:16.000Z</time>
        <extensions>
          <ns3:TrackPointExtension>
            <ns3:hr>141</ns3:hr>
            <ns3:cad>86</ns3:cad>
          </ns3:TrackPointExtension>
        </extensions>
      </trkpt>
      <trkpt lat="31.2177132256329059600830078125" lon="121.38794959522783756256103515625">
        <ele>10.6000003814697265625</ele>
        <time>2026-08-31T10:52:17.000Z</time>
        <extensions>
          <ns3:TrackPointExtension>
            <ns3:hr>141</ns3:hr>
            <ns3:cad>86</ns3:cad>
          </ns3:TrackPointExtension>
        </extensions>
      </trkpt>
      <trkpt lat="31.217740885913372039794921875" lon="121.387963593006134033203125">
        <ele>10.6000003814697265625</ele>
        <time>2026-08-31T10:52:18.000Z</time>
        <extensions>
          <ns3:TrackPointExtension>
            <ns3:hr>141</ns3:hr>
            <ns3:cad>86</ns3:cad>
          </ns3:TrackPointExtension>
        </extensions>
      </trkpt>
      <trkpt lat="31.21775672771036624908447265625" lon="121.3879687897861003875732421875">
        <ele>10.80000019073486328125</ele>
        <time>2026-08-31T10:52:19.000Z</time>
        <extensions>
          <ns3:TrackPointExtension>
            <ns3:hr>142</ns3:hr>
            <ns3:cad>86</ns3:cad>
          </ns3:TrackPointExtension>
        </extensions>
      </trkpt>
      <trkpt lat="31.21778438799083232879638671875" lon="121.387974657118320465087890625">
        <ele>10.80000019073486328125</ele>
        <time>2026-08-31T10:52:20.000Z</time>
        <extensions>
          <ns3:TrackPointExtension>
            <ns3:hr>142</ns3:hr>
            <ns3:cad>87</ns3:cad>
          </ns3:TrackPointExtension>
        </extensions>
      </trkpt>
      <trkpt lat="31.21779662556946277618408203125" lon="121.38798597268760204315185546875">
        <ele>10.6000003814697265625</ele>
        <time>2026-08-31T10:52:21.000Z</time>
        <extensions>
          <ns3:TrackPointExtension>
            <ns3:hr>142</ns3:hr>
            <ns3:cad>87</ns3:cad>
          </ns3:TrackPointExtension>
        </extensions>
      </trkpt>
      <trkpt lat="31.21781204827129840850830078125" lon="121.38799821026623249053955078125">
        <ele>10.80000019073486328125</ele>
        <time>2026-08-31T10:52:22.000Z</time>
        <extensions>
          <ns3:TrackPointExtension>
            <ns3:hr>143</ns3:hr>
            <ns3:cad>86</ns3:cad>
          </ns3:TrackPointExtension>
        </extensions>
      </trkpt>
      <trkpt lat="31.21782897971570491790771484375" lon="121.38801178894937038421630859375">
        <ele>10.6000003814697265625</ele>
        <time>2026-08-31T10:52:23.000Z</time>
        <extensions>
          <ns3:TrackPointExtension>
            <ns3:hr>143</ns3:hr>
            <ns3:cad>86</ns3:cad>
          </ns3:TrackPointExtension>
        </extensions>
      </trkpt>
      <trkpt lat="31.21784205548465251922607421875" lon="121.38802117668092250823974609375">
        <ele>10.80000019073486328125</ele>
        <time>2026-08-31T10:52:24.000Z</time>
        <extensions>
          <ns3:TrackPointExtension>
            <ns3:hr>143</ns3:hr>
            <ns3:cad>86</ns3:cad>
          </ns3:TrackPointExtension>
        </extensions>
      </trkpt>
      <trkpt lat="31.21786351315677165985107421875" lon="121.3880331628024578094482421875">
        <ele>10.80000019073486328125</ele>
        <time>2026-08-31T10:52:25.000Z</time>
        <extensions>
          <ns3:TrackPointExtension>
            <ns3:hr>143</ns3:hr>
            <ns3:cad>86</ns3:cad>
          </ns3:TrackPointExtension>
        </extensions>
      </trkpt>
      <trkpt lat="31.21787868440151214599609375" lon="121.3880448974668979644775390625">
        <ele>10.80000019073486328125</ele>
        <time>2026-08-31T10:52:26.000Z</time>
        <extensions>
          <ns3:TrackPointExtension>
            <ns3:hr>144</ns3:hr>
            <ns3:cad>86</ns3:cad>
          </ns3:TrackPointExtension>
        </extensions>
      </trkpt>
      <trkpt lat="31.21789553202688694000244140625" lon="121.38805386610329151153564453125">
        <ele>10.80000019073486328125</ele>
        <time>2026-08-31T10:52:27.000Z</time>
        <extensions>
          <ns3:TrackPointExtension>
            <ns3:hr>144</ns3:hr>
            <ns3:cad>86</ns3:cad>
          </ns3:TrackPointExtension>
        </extensions>
      </trkpt>
      <trkpt lat="31.2179157324135303497314453125" lon="121.38805822469294071197509765625">
        <ele>10.80000019073486328125</ele>
        <time>2026-08-31T10:52:28.000Z</time>
        <extensions>
          <ns3:TrackPointExtension>
            <ns3:hr>144</ns3:hr>
            <ns3:cad>86</ns3:cad>
          </ns3:TrackPointExtension>
        </extensions>
      </trkpt>
      <trkpt lat="31.21793660335242748260498046875" lon="121.3880683667957782745361328125">
        <ele>10.6000003814697265625</ele>
        <time>2026-08-31T10:52:29.000Z</time>
        <extensions>
          <ns3:TrackPointExtension>
            <ns3:hr>144</ns3:hr>
            <ns3:cad>86</ns3:cad>
          </ns3:TrackPointExtension>
        </extensions>
      </trkpt>
      <trkpt lat="31.21795554645359516143798828125" lon="121.3880780898034572601318359375">
        <ele>10.6000003814697265625</ele>
        <time>2026-08-31T10:52:30.000Z</time>
        <extensions>
          <ns3:TrackPointExtension>
            <ns3:hr>145</ns3:hr>
            <ns3:cad>86</ns3:cad>
          </ns3:TrackPointExtension>
        </extensions>
      </trkpt>
      <trkpt lat="31.21797884814441204071044921875" lon="121.3880851306021213531494140625">
        <ele>10.6000003814697265625</ele>
        <time>2026-08-31T10:52:31.000Z</time>
        <extensions>
          <ns3:TrackPointExtension>
            <ns3:hr>145</ns3:hr>
            <ns3:cad>86</ns3:cad>
          </ns3:TrackPointExtension>
        </extensions>
      </trkpt>
      <trkpt lat="31.21800634078681468963623046875" lon="121.38809912838041782379150390625">
        <ele>10.6000003814697265625</ele>
        <time>2026-08-31T10:52:32.000Z</time>
        <extensions>
          <ns3:TrackPointExtension>
            <ns3:hr>145</ns3:hr>
            <ns3:cad>86</ns3:cad>
          </ns3:TrackPointExtension>
        </extensions>
      </trkpt>
      <trkpt lat="31.21802444569766521453857421875" lon="121.38810214586555957794189453125">
        <ele>10.6000003814697265625</ele>
        <time>2026-08-31T10:52:33.000Z</time>
        <extensions>
          <ns3:TrackPointExtension>
            <ns3:hr>145</ns3:hr>
            <ns3:cad>86</ns3:cad>
          </ns3:TrackPointExtension>
        </extensions>
      </trkpt>
      <trkpt lat="31.21805244125425815582275390625" lon="121.38811270706355571746826171875">
        <ele>10.6000003814697265625</ele>
        <time>2026-08-31T10:52:34.000Z</time>
        <extensions>
          <ns3:TrackPointExtension>
            <ns3:hr>145</ns3:hr>
            <ns3:cad>86</ns3:cad>
          </ns3:TrackPointExtension>
        </extensions>
      </trkpt>
      <trkpt lat="31.21807490475475788116455078125" lon="121.38812192715704441070556640625">
        <ele>10.80000019073486328125</ele>
        <time>2026-08-31T10:52:35.000Z</time>
        <extensions>
          <ns3:TrackPointExtension>
            <ns3:hr>146</ns3:hr>
            <ns3:cad>86</ns3:cad>
          </ns3:TrackPointExtension>
        </extensions>
      </trkpt>
      <trkpt lat="31.21809736825525760650634765625" lon="121.38813592493534088134765625">
        <ele>10.6000003814697265625</ele>
        <time>2026-08-31T10:52:36.000Z</time>
        <extensions>
          <ns3:TrackPointExtension>
            <ns3:hr>145</ns3:hr>
            <ns3:cad>86</ns3:cad>
          </ns3:TrackPointExtension>
        </extensions>
      </trkpt>
      <trkpt lat="31.2181165628135204315185546875" lon="121.38814288191497325897216796875">
        <ele>10.6000003814697265625</ele>
        <time>2026-08-31T10:52:37.000Z</time>
        <extensions>
          <ns3:TrackPointExtension>
            <ns3:hr>145</ns3:hr>
            <ns3:cad>86</ns3:cad>
          </ns3:TrackPointExtension>
        </extensions>
      </trkpt>
      <trkpt lat="31.2181381881237030029296875" lon="121.3881562091410160064697265625">
        <ele>10.6000003814697265625</ele>
        <time>2026-08-31T10:52:38.000Z</time>
        <extensions>
          <ns3:TrackPointExtension>
            <ns3:hr>146</ns3:hr>
            <ns3:cad>86</ns3:cad>
          </ns3:TrackPointExtension>
        </extensions>
      </trkpt>
      <trkpt lat="31.2181581370532512664794921875" lon="121.388171799480915069580078125">
        <ele>10.6000003814697265625</ele>
        <time>2026-08-31T10:52:39.000Z</time>
        <extensions>
          <ns3:TrackPointExtension>
            <ns3:hr>145</ns3:hr>
            <ns3:cad>87</ns3:cad>
          </ns3:TrackPointExtension>
        </extensions>
      </trkpt>
      <trkpt lat="31.2181752361357212066650390625" lon="121.388175152242183685302734375">
        <ele>10.6000003814697265625</ele>
        <time>2026-08-31T10:52:40.000Z</time>
        <extensions>
          <ns3:TrackPointExtension>
            <ns3:hr>145</ns3:hr>
            <ns3:cad>87</ns3:cad>
          </ns3:TrackPointExtension>
        </extensions>
      </trkpt>
      <trkpt lat="31.21820532716810703277587890625" lon="121.38818764127790927886962890625">
        <ele>10.6000003814697265625</ele>
        <time>2026-08-31T10:52:41.000Z</time>
        <extensions>
          <ns3:TrackPointExtension>
            <ns3:hr>146</ns3:hr>
            <ns3:cad>86</ns3:cad>
          </ns3:TrackPointExtension>
        </extensions>
      </trkpt>
      <trkpt lat="31.2182215042412281036376953125" lon="121.38819451443850994110107421875">
        <ele>10.6000003814697265625</ele>
        <time>2026-08-31T10:52:42.000Z</time>
        <extensions>
          <ns3:TrackPointExtension>
            <ns3:hr>146</ns3:hr>
            <ns3:cad>86</ns3:cad>
          </ns3:TrackPointExtension>
        </extensions>
      </trkpt>
      <trkpt lat="31.2182419560849666595458984375" lon="121.38820792548358440399169921875">
        <ele>10.6000003814697265625</ele>
        <time>2026-08-31T10:52:43.000Z</time>
        <extensions>
          <ns3:TrackPointExtension>
            <ns3:hr>146</ns3:hr>
            <ns3:cad>86</ns3:cad>
          </ns3:TrackPointExtension>
        </extensions>
      </trkpt>
      <trkpt lat="31.21826014481484889984130859375" lon="121.38821303844451904296875">
        <ele>10.6000003814697265625</ele>
        <time>2026-08-31T10:52:44.000Z</time>
        <extensions>
          <ns3:TrackPointExtension>
            <ns3:hr>145</ns3:hr>
            <ns3:cad>86</ns3:cad>
          </ns3:TrackPointExtension>
        </extensions>
      </trkpt>
      <trkpt lat="31.21829384006559848785400390625" lon="121.38822041451930999755859375">
        <ele>10.6000003814697265625</ele>
        <time>2026-08-31T10:52:45.000Z</time>
        <extensions>
          <ns3:TrackPointExtension>
            <ns3:hr>145</ns3:hr>
            <ns3:cad>87</ns3:cad>
          </ns3:TrackPointExtension>
        </extensions>
      </trkpt>
      <trkpt lat="31.21831378899514675140380859375" lon="121.38822720386087894439697265625">
        <ele>10.6000003814697265625</ele>
        <time>2026-08-31T10:52:46.000Z</time>
        <extensions>
          <ns3:TrackPointExtension>
            <ns3:hr>145</ns3:hr>
            <ns3:cad>87</ns3:cad>
          </ns3:TrackPointExtension>
        </extensions>
      </trkpt>
      <trkpt lat="31.2183354981243610382080078125" lon="121.38822720386087894439697265625">
        <ele>10.6000003814697265625</ele>
        <time>2026-08-31T10:52:47.000Z</time>
        <extensions>
          <ns3:TrackPointExtension>
            <ns3:hr>146</ns3:hr>
            <ns3:cad>87</ns3:cad>
          </ns3:TrackPointExtension>
        </extensions>
      </trkpt>
      <trkpt lat="31.21835117228329181671142578125" lon="121.388237178325653076171875">
        <ele>10.6000003814697265625</ele>
        <time>2026-08-31T10:52:48.000Z</time>
        <extensions>
          <ns3:TrackPointExtension>
            <ns3:hr>145</ns3:hr>
            <ns3:cad>87</ns3:cad>
          </ns3:TrackPointExtension>
        </extensions>
      </trkpt>
      <trkpt lat="31.2183723784983158111572265625" lon="121.38824111782014369964599609375">
        <ele>10.6000003814697265625</ele>
        <time>2026-08-31T10:52:49.000Z</time>
        <extensions>
          <ns3:TrackPointExtension>
            <ns3:hr>145</ns3:hr>
            <ns3:cad>87</ns3:cad>
          </ns3:TrackPointExtension>
        </extensions>
      </trkpt>
      <trkpt lat="31.218391321599483489990234375" lon="121.388250924646854400634765625">
        <ele>10.6000003814697265625</ele>
        <time>2026-08-31T10:52:50.000Z</time>
        <extensions>
          <ns3:TrackPointExtension>
            <ns3:hr>146</ns3:hr>
            <ns3:cad>87</ns3:cad>
          </ns3:TrackPointExtension>
        </extensions>
      </trkpt>
      <trkpt lat="31.21841001324355602264404296875" lon="121.38825394213199615478515625">
        <ele>10.6000003814697265625</ele>
        <time>2026-08-31T10:52:51.000Z</time>
        <extensions>
          <ns3:TrackPointExtension>
            <ns3:hr>145</ns3:hr>
            <ns3:cad>87</ns3:cad>
          </ns3:TrackPointExtension>
        </extensions>
      </trkpt>
      <trkpt lat="31.2184350751340389251708984375" lon="121.38826324604451656341552734375">
        <ele>10.6000003814697265625</ele>
        <time>2026-08-31T10:52:52.000Z</time>
        <extensions>
          <ns3:TrackPointExtension>
            <ns3:hr>145</ns3:hr>
            <ns3:cad>87</ns3:cad>
          </ns3:TrackPointExtension>
        </extensions>
      </trkpt>
      <trkpt lat="31.21846139430999755859375" lon="121.3882732205092906951904296875">
        <ele>10.6000003814697265625</ele>
        <time>2026-08-31T10:52:53.000Z</time>
        <extensions>
          <ns3:TrackPointExtension>
            <ns3:hr>146</ns3:hr>
            <ns3:cad>86</ns3:cad>
          </ns3:TrackPointExtension>
        </extensions>
      </trkpt>
      <trkpt lat="31.21848578564822673797607421875" lon="121.38827766291797161102294921875">
        <ele>10.6000003814697265625</ele>
        <time>2026-08-31T10:52:54.000Z</time>
        <extensions>
          <ns3:TrackPointExtension>
            <ns3:hr>145</ns3:hr>
            <ns3:cad>86</ns3:cad>
          </ns3:TrackPointExtension>
        </extensions>
      </trkpt>
      <trkpt lat="31.21850959025323390960693359375" lon="121.38828688301146030426025390625">
        <ele>10.6000003814697265625</ele>
        <time>2026-08-31T10:52:55.000Z</time>
        <extensions>
          <ns3:TrackPointExtension>
            <ns3:hr>146</ns3:hr>
            <ns3:cad>86</ns3:cad>
          </ns3:TrackPointExtension>
        </extensions>
      </trkpt>
      <trkpt lat="31.2185326404869556427001953125" lon="121.3882956840097904205322265625">
        <ele>10.6000003814697265625</ele>
        <time>2026-08-31T10:52:56.000Z</time>
        <extensions>
          <ns3:TrackPointExtension>
            <ns3:hr>146</ns3:hr>
            <ns3:cad>86</ns3:cad>
          </ns3:TrackPointExtension>
        </extensions>
      </trkpt>
      <trkpt lat="31.21855619363486766815185546875" lon="121.3883033953607082366943359375">
        <ele>10.6000003814697265625</ele>
        <time>2026-08-31T10:52:57.000Z</time>
        <extensions>
          <ns3:TrackPointExtension>
            <ns3:hr>146</ns3:hr>
            <ns3:cad>87</ns3:cad>
          </ns3:TrackPointExtension>
        </extensions>
      </trkpt>
      <trkpt lat="31.21858133934438228607177734375" lon="121.38830599375069141387939453125">
        <ele>10.3999996185302734375</ele>
        <time>2026-08-31T10:52:58.000Z</time>
        <extensions>
          <ns3:TrackPointExtension>
            <ns3:hr>146</ns3:hr>
            <ns3:cad>87</ns3:cad>
          </ns3:TrackPointExtension>
        </extensions>
      </trkpt>
      <trkpt lat="31.2186087481677532196044921875" lon="121.38831253163516521453857421875">
        <ele>10.3999996185302734375</ele>
        <time>2026-08-31T10:52:59.000Z</time>
        <extensions>
          <ns3:TrackPointExtension>
            <ns3:hr>145</ns3:hr>
            <ns3:cad>87</ns3:cad>
          </ns3:TrackPointExtension>
        </extensions>
      </trkpt>
      <trkpt lat="31.21862643398344516754150390625" lon="121.3883161358535289764404296875">
        <ele>10.3999996185302734375</ele>
        <time>2026-08-31T10:53:00.000Z</time>
        <extensions>
          <ns3:TrackPointExtension>
            <ns3:hr>146</ns3:hr>
            <ns3:cad>87</ns3:cad>
          </ns3:TrackPointExtension>
        </extensions>
      </trkpt>
      <trkpt lat="31.218643449246883392333984375" lon="121.38833030126988887786865234375">
        <ele>10.3999996185302734375</ele>
        <time>2026-08-31T10:53:01.000Z</time>
        <extensions>
          <ns3:TrackPointExtension>
            <ns3:hr>146</ns3:hr>
            <ns3:cad>86</ns3:cad>
          </ns3:TrackPointExtension>
        </extensions>
      </trkpt>
      <trkpt lat="31.21866147033870220184326171875" lon="121.388328373432159423828125">
        <ele>10.3999996185302734375</ele>
        <time>2026-08-31T10:53:02.000Z</time>
        <extensions>
          <ns3:TrackPointExtension>
            <ns3:hr>146</ns3:hr>
            <ns3:cad>86</ns3:cad>
          </ns3:TrackPointExtension>
        </extensions>
      </trkpt>
      <trkpt lat="31.21867856942117214202880859375" lon="121.38833365403115749359130859375">
        <ele>10.6000003814697265625</ele>
        <time>2026-08-31T10:53:03.000Z</time>
        <extensions>
          <ns3:TrackPointExtension>
            <ns3:hr>146</ns3:hr>
            <ns3:cad>87</ns3:cad>
          </ns3:TrackPointExtension>
        </extensions>
      </trkpt>
      <trkpt lat="31.2186982668936252593994140625" lon="121.38833465985953807830810546875">
        <ele>10.3999996185302734375</ele>
        <time>2026-08-31T10:53:04.000Z</time>
        <extensions>
          <ns3:TrackPointExtension>
            <ns3:hr>146</ns3:hr>
            <ns3:cad>88</ns3:cad>
          </ns3:TrackPointExtension>
        </extensions>
      </trkpt>
      <trkpt lat="31.2187175452709197998046875" lon="121.38833650387823581695556640625">
        <ele>10.6000003814697265625</ele>
        <time>2026-08-31T10:53:05.000Z</time>
        <extensions>
          <ns3:TrackPointExtension>
            <ns3:hr>146</ns3:hr>
            <ns3:cad>88</ns3:cad>
          </ns3:TrackPointExtension>
        </extensions>
      </trkpt>
      <trkpt lat="31.218742020428180694580078125" lon="121.38834354467689990997314453125">
        <ele>10.6000003814697265625</ele>
        <time>2026-08-31T10:53:06.000Z</time>
        <extensions>
          <ns3:TrackPointExtension>
            <ns3:hr>146</ns3:hr>
            <ns3:cad>87</ns3:cad>
          </ns3:TrackPointExtension>
        </extensions>
      </trkpt>
      <trkpt lat="31.21875819750130176544189453125" lon="121.388339437544345855712890625">
        <ele>10.6000003814697265625</ele>
        <time>2026-08-31T10:53:07.000Z</time>
        <extensions>
          <ns3:TrackPointExtension>
            <ns3:hr>146</ns3:hr>
            <ns3:cad>87</ns3:cad>
          </ns3:TrackPointExtension>
        </extensions>
      </trkpt>
      <trkpt lat="31.21879256330430507659912109375" lon="121.3883439637720584869384765625">
        <ele>10.6000003814697265625</ele>
        <time>2026-08-31T10:53:08.000Z</time>
        <extensions>
          <ns3:TrackPointExtension>
            <ns3:hr>146</ns3:hr>
            <ns3:cad>86</ns3:cad>
          </ns3:TrackPointExtension>
        </extensions>
      </trkpt>
      <trkpt lat="31.2188146077096462249755859375" lon="121.38834572397172451019287109375">
        <ele>10.6000003814697265625</ele>
        <time>2026-08-31T10:53:09.000Z</time>
        <extensions>
          <ns3:TrackPointExtension>
            <ns3:hr>146</ns3:hr>
            <ns3:cad>86</ns3:cad>
          </ns3:TrackPointExtension>
        </extensions>
      </trkpt>
      <trkpt lat="31.2188370712101459503173828125" lon="121.38835452497005462646484375">
        <ele>10.6000003814697265625</ele>
        <time>2026-08-31T10:53:10.000Z</time>
        <extensions>
          <ns3:TrackPointExtension>
            <ns3:hr>146</ns3:hr>
            <ns3:cad>87</ns3:cad>
          </ns3:TrackPointExtension>
        </extensions>
      </trkpt>
      <trkpt lat="31.21885190717875957489013671875" lon="121.38835310004651546478271484375">
        <ele>10.6000003814697265625</ele>
        <time>2026-08-31T10:53:11.000Z</time>
        <extensions>
          <ns3:TrackPointExtension>
            <ns3:hr>146</ns3:hr>
            <ns3:cad>87</ns3:cad>
          </ns3:TrackPointExtension>
        </extensions>
      </trkpt>
      <trkpt lat="31.21887386776506900787353515625" lon="121.38835879974067211151123046875">
        <ele>10.6000003814697265625</ele>
        <time>2026-08-31T10:53:12.000Z</time>
        <extensions>
          <ns3:TrackPointExtension>
            <ns3:hr>146</ns3:hr>
            <ns3:cad>86</ns3:cad>
          </ns3:TrackPointExtension>
        </extensions>
      </trkpt>
      <trkpt lat="31.2188944034278392791748046875" lon="121.38835930265486240386962890625">
        <ele>10.3999996185302734375</ele>
        <time>2026-08-31T10:53:13.000Z</time>
        <extensions>
          <ns3:TrackPointExtension>
            <ns3:hr>146</ns3:hr>
            <ns3:cad>86</ns3:cad>
          </ns3:TrackPointExtension>
        </extensions>
      </trkpt>
      <trkpt lat="31.21892197988927364349365234375" lon="121.38835980556905269622802734375">
        <ele>10.3999996185302734375</ele>
        <time>2026-08-31T10:53:14.000Z</time>
        <extensions>
          <ns3:TrackPointExtension>
            <ns3:hr>146</ns3:hr>
            <ns3:cad>86</ns3:cad>
          </ns3:TrackPointExtension>
        </extensions>
      </trkpt>
      <trkpt lat="31.218946874141693115234375" lon="121.388360895216464996337890625">
        <ele>10.3999996185302734375</ele>
        <time>2026-08-31T10:53:15.000Z</time>
        <extensions>
          <ns3:TrackPointExtension>
            <ns3:hr>147</ns3:hr>
            <ns3:cad>87</ns3:cad>
          </ns3:TrackPointExtension>
        </extensions>
      </trkpt>
      <trkpt lat="31.2189691700041294097900390625" lon="121.38836047612130641937255859375">
        <ele>10.3999996185302734375</ele>
        <time>2026-08-31T10:53:16.000Z</time>
        <extensions>
          <ns3:TrackPointExtension>
            <ns3:hr>146</ns3:hr>
            <ns3:cad>88</ns3:cad>
          </ns3:TrackPointExtension>
        </extensions>
      </trkpt>
      <trkpt lat="31.21899791993200778961181640625" lon="121.38836332596838474273681640625">
        <ele>10.3999996185302734375</ele>
        <time>2026-08-31T10:53:17.000Z</time>
        <extensions>
          <ns3:TrackPointExtension>
            <ns3:hr>146</ns3:hr>
            <ns3:cad>88</ns3:cad>
          </ns3:TrackPointExtension>
        </extensions>
      </trkpt>
      <trkpt lat="31.21902105398476123809814453125" lon="121.3883607275784015655517578125">
        <ele>10.3999996185302734375</ele>
        <time>2026-08-31T10:53:18.000Z</time>
        <extensions>
          <ns3:TrackPointExtension>
            <ns3:hr>146</ns3:hr>
            <ns3:cad>87</ns3:cad>
          </ns3:TrackPointExtension>
        </extensions>
      </trkpt>
      <trkpt lat="31.21905106119811534881591796875" lon="121.38836818747222423553466796875">
        <ele>10.6000003814697265625</ele>
        <time>2026-08-31T10:53:19.000Z</time>
        <extensions>
          <ns3:TrackPointExtension>
            <ns3:hr>146</ns3:hr>
            <ns3:cad>87</ns3:cad>
          </ns3:TrackPointExtension>
        </extensions>
      </trkpt>
      <trkpt lat="31.21907486580312252044677734375" lon="121.38836525380611419677734375">
        <ele>10.3999996185302734375</ele>
        <time>2026-08-31T10:53:20.000Z</time>
        <extensions>
          <ns3:TrackPointExtension>
            <ns3:hr>145</ns3:hr>
            <ns3:cad>86</ns3:cad>
          </ns3:TrackPointExtension>
        </extensions>
      </trkpt>
      <trkpt lat="31.219101436436176300048828125" lon="121.38837120495736598968505859375">
        <ele>10.3999996185302734375</ele>
        <time>2026-08-31T10:53:21.000Z</time>
        <extensions>
          <ns3:TrackPointExtension>
            <ns3:hr>145</ns3:hr>
            <ns3:cad>86</ns3:cad>
          </ns3:TrackPointExtension>
        </extensions>
      </trkpt>
      <trkpt lat="31.21912054717540740966796875" lon="121.38836969621479511260986328125">
        <ele>10.3999996185302734375</ele>
        <time>2026-08-31T10:53:22.000Z</time>
        <extensions>
          <ns3:TrackPointExtension>
            <ns3:hr>145</ns3:hr>
            <ns3:cad>88</ns3:cad>
          </ns3:TrackPointExtension>
        </extensions>
      </trkpt>
      <trkpt lat="31.21914007700979709625244140625" lon="121.38837204314768314361572265625">
        <ele>10.3999996185302734375</ele>
        <time>2026-08-31T10:53:23.000Z</time>
        <extensions>
          <ns3:TrackPointExtension>
            <ns3:hr>145</ns3:hr>
            <ns3:cad>88</ns3:cad>
          </ns3:TrackPointExtension>
        </extensions>
      </trkpt>
      <trkpt lat="31.21916304342448711395263671875" lon="121.38837606646120548248291015625">
        <ele>10.3999996185302734375</ele>
        <time>2026-08-31T10:53:24.000Z</time>
        <extensions>
          <ns3:TrackPointExtension>
            <ns3:hr>145</ns3:hr>
            <ns3:cad>88</ns3:cad>
          </ns3:TrackPointExtension>
        </extensions>
      </trkpt>
      <trkpt lat="31.21918617747724056243896484375" lon="121.38837053440511226654052734375">
        <ele>10.3999996185302734375</ele>
        <time>2026-08-31T10:53:25.000Z</time>
        <extensions>
          <ns3:TrackPointExtension>
            <ns3:hr>145</ns3:hr>
            <ns3:cad>87</ns3:cad>
          </ns3:TrackPointExtension>
        </extensions>
      </trkpt>
      <trkpt lat="31.2192055396735668182373046875" lon="121.38836919330060482025146484375">
        <ele>10.3999996185302734375</ele>
        <time>2026-08-31T10:53:26.000Z</time>
        <extensions>
          <ns3:TrackPointExtension>
            <ns3:hr>144</ns3:hr>
            <ns3:cad>87</ns3:cad>
          </ns3:TrackPointExtension>
        </extensions>
      </trkpt>
      <trkpt lat="31.2192273326218128204345703125" lon="121.388362236320972442626953125">
        <ele>10.3999996185302734375</ele>
        <time>2026-08-31T10:53:27.000Z</time>
        <extensions>
          <ns3:TrackPointExtension>
            <ns3:hr>144</ns3:hr>
            <ns3:cad>87</ns3:cad>
          </ns3:TrackPointExtension>
        </extensions>
      </trkpt>
      <trkpt lat="31.21925155632197856903076171875" lon="121.38835997320711612701416015625">
        <ele>10.6000003814697265625</ele>
        <time>2026-08-31T10:53:28.000Z</time>
        <extensions>
          <ns3:TrackPointExtension>
            <ns3:hr>144</ns3:hr>
            <ns3:cad>88</ns3:cad>
          </ns3:TrackPointExtension>
        </extensions>
      </trkpt>
      <trkpt lat="31.2192722596228122711181640625" lon="121.3883573748171329498291015625">
        <ele>10.6000003814697265625</ele>
        <time>2026-08-31T10:53:29.000Z</time>
        <extensions>
          <ns3:TrackPointExtension>
            <ns3:hr>144</ns3:hr>
            <ns3:cad>88</ns3:cad>
          </ns3:TrackPointExtension>
        </extensions>
      </trkpt>
      <trkpt lat="31.21930000372231006622314453125" lon="121.388355530798435211181640625">
        <ele>10.6000003814697265625</ele>
        <time>2026-08-31T10:53:30.000Z</time>
        <extensions>
          <ns3:TrackPointExtension>
            <ns3:hr>144</ns3:hr>
            <ns3:cad>88</ns3:cad>
          </ns3:TrackPointExtension>
        </extensions>
      </trkpt>
      <trkpt lat="31.21932229958474636077880859375" lon="121.38834723271429538726806640625">
        <ele>10.6000003814697265625</ele>
        <time>2026-08-31T10:53:31.000Z</time>
        <extensions>
          <ns3:TrackPointExtension>
            <ns3:hr>144</ns3:hr>
            <ns3:cad>87</ns3:cad>
          </ns3:TrackPointExtension>
        </extensions>
      </trkpt>
      <trkpt lat="31.2193451821804046630859375" lon="121.38834287412464618682861328125">
        <ele>10.6000003814697265625</ele>
        <time>2026-08-31T10:53:32.000Z</time>
        <extensions>
          <ns3:TrackPointExtension>
            <ns3:hr>144</ns3:hr>
            <ns3:cad>87</ns3:cad>
          </ns3:TrackPointExtension>
        </extensions>
      </trkpt>
      <trkpt lat="31.2193634547293186187744140625" lon="121.38833952136337757110595703125">
        <ele>10.6000003814697265625</ele>
        <time>2026-08-31T10:53:33.000Z</time>
        <extensions>
          <ns3:TrackPointExtension>
            <ns3:hr>144</ns3:hr>
            <ns3:cad>87</ns3:cad>
          </ns3:TrackPointExtension>
        </extensions>
      </trkpt>
      <trkpt lat="31.2193875946104526519775390625" lon="121.38834488578140735626220703125">
        <ele>10.6000003814697265625</ele>
        <time>2026-08-31T10:53:34.000Z</time>
        <extensions>
          <ns3:TrackPointExtension>
            <ns3:hr>144</ns3:hr>
            <ns3:cad>87</ns3:cad>
          </ns3:TrackPointExtension>
        </extensions>
      </trkpt>
      <trkpt lat="31.21940695680677890777587890625" lon="121.38834471814334392547607421875">
        <ele>10.80000019073486328125</ele>
        <time>2026-08-31T10:53:35.000Z</time>
        <extensions>
          <ns3:TrackPointExtension>
            <ns3:hr>144</ns3:hr>
            <ns3:cad>87</ns3:cad>
          </ns3:TrackPointExtension>
        </extensions>
      </trkpt>
      <trkpt lat="31.219432689249515533447265625" lon="121.38833985663950443267822265625">
        <ele>10.80000019073486328125</ele>
        <time>2026-08-31T10:53:36.000Z</time>
        <extensions>
          <ns3:TrackPointExtension>
            <ns3:hr>143</ns3:hr>
            <ns3:cad>88</ns3:cad>
          </ns3:TrackPointExtension>
        </extensions>
      </trkpt>
      <trkpt lat="31.21945724822580814361572265625" lon="121.3883385993540287017822265625">
        <ele>10.6000003814697265625</ele>
        <time>2026-08-31T10:53:37.000Z</time>
        <extensions>
          <ns3:TrackPointExtension>
            <ns3:hr>143</ns3:hr>
            <ns3:cad>87</ns3:cad>
          </ns3:TrackPointExtension>
        </extensions>
      </trkpt>
      <trkpt lat="31.2194818072021007537841796875" lon="121.3883350789546966552734375">
        <ele>10.6000003814697265625</ele>
        <time>2026-08-31T10:53:38.000Z</time>
        <extensions>
          <ns3:TrackPointExtension>
            <ns3:hr>143</ns3:hr>
            <ns3:cad>87</ns3:cad>
          </ns3:TrackPointExtension>
        </extensions>
      </trkpt>
      <trkpt lat="31.21950049884617328643798828125" lon="121.388338096439838409423828125">
        <ele>10.6000003814697265625</ele>
        <time>2026-08-31T10:53:39.000Z</time>
        <extensions>
          <ns3:TrackPointExtension>
            <ns3:hr>143</ns3:hr>
            <ns3:cad>87</ns3:cad>
          </ns3:TrackPointExtension>
        </extensions>
      </trkpt>
      <trkpt lat="31.2195223756134510040283203125" lon="121.3883362524211406707763671875">
        <ele>10.6000003814697265625</ele>
        <time>2026-08-31T10:53:40.000Z</time>
        <extensions>
          <ns3:TrackPointExtension>
            <ns3:hr>143</ns3:hr>
            <ns3:cad>87</ns3:cad>
          </ns3:TrackPointExtension>
        </extensions>
      </trkpt>
      <trkpt lat="31.2195414863526821136474609375" lon="121.38833709061145782470703125">
        <ele>10.6000003814697265625</ele>
        <time>2026-08-31T10:53:41.000Z</time>
        <extensions>
          <ns3:TrackPointExtension>
            <ns3:hr>143</ns3:hr>
            <ns3:cad>88</ns3:cad>
          </ns3:TrackPointExtension>
        </extensions>
      </trkpt>
      <trkpt lat="31.21956168673932552337646484375" lon="121.38833767734467983245849609375">
        <ele>10.6000003814697265625</ele>
        <time>2026-08-31T10:53:42.000Z</time>
        <extensions>
          <ns3:TrackPointExtension>
            <ns3:hr>142</ns3:hr>
            <ns3:cad>88</ns3:cad>
          </ns3:TrackPointExtension>
        </extensions>
      </trkpt>
      <trkpt lat="31.219581551849842071533203125" lon="121.38833533041179180145263671875">
        <ele>10.6000003814697265625</ele>
        <time>2026-08-31T10:53:43.000Z</time>
        <extensions>
          <ns3:TrackPointExtension>
            <ns3:hr>143</ns3:hr>
            <ns3:cad>88</ns3:cad>
          </ns3:TrackPointExtension>
        </extensions>
      </trkpt>
      <trkpt lat="31.21959798038005828857421875" lon="121.38833583332598209381103515625">
        <ele>10.80000019073486328125</ele>
        <time>2026-08-31T10:53:44.000Z</time>
        <extensions>
          <ns3:TrackPointExtension>
            <ns3:hr>143</ns3:hr>
            <ns3:cad>87</ns3:cad>
          </ns3:TrackPointExtension>
        </extensions>
      </trkpt>
      <trkpt lat="31.21962002478539943695068359375" lon="121.38833365403115749359130859375">
        <ele>10.80000019073486328125</ele>
        <time>2026-08-31T10:53:45.000Z</time>
        <extensions>
          <ns3:TrackPointExtension>
            <ns3:hr>142</ns3:hr>
            <ns3:cad>86</ns3:cad>
          </ns3:TrackPointExtension>
        </extensions>
      </trkpt>
      <trkpt lat="31.21964148245751857757568359375" lon="121.3883323967456817626953125">
        <ele>10.80000019073486328125</ele>
        <time>2026-08-31T10:53:46.000Z</time>
        <extensions>
          <ns3:TrackPointExtension>
            <ns3:hr>143</ns3:hr>
            <ns3:cad>86</ns3:cad>
          </ns3:TrackPointExtension>
        </extensions>
      </trkpt>
      <trkpt lat="31.2196643650531768798828125" lon="121.38832979835569858551025390625">
        <ele>10.80000019073486328125</ele>
        <time>2026-08-31T10:53:47.000Z</time>
        <extensions>
          <ns3:TrackPointExtension>
            <ns3:hr>143</ns3:hr>
            <ns3:cad>87</ns3:cad>
          </ns3:TrackPointExtension>
        </extensions>
      </trkpt>
      <trkpt lat="31.21968783438205718994140625" lon="121.38833147473633289337158203125">
        <ele>10.80000019073486328125</ele>
        <time>2026-08-31T10:53:48.000Z</time>
        <extensions>
          <ns3:TrackPointExtension>
            <ns3:hr>142</ns3:hr>
            <ns3:cad>87</ns3:cad>
          </ns3:TrackPointExtension>
        </extensions>
      </trkpt>
      <trkpt lat="31.219709627330303192138671875" lon="121.388326697051525115966796875">
        <ele>10.6000003814697265625</ele>
        <time>2026-08-31T10:53:49.000Z</time>
        <extensions>
          <ns3:TrackPointExtension>
            <ns3:hr>143</ns3:hr>
            <ns3:cad>87</ns3:cad>
          </ns3:TrackPointExtension>
        </extensions>
      </trkpt>
      <trkpt lat="31.2197399698197841644287109375" lon="121.38832367956638336181640625">
        <ele>10.6000003814697265625</ele>
        <time>2026-08-31T10:53:50.000Z</time>
        <extensions>
          <ns3:TrackPointExtension>
            <ns3:hr>143</ns3:hr>
            <ns3:cad>86</ns3:cad>
          </ns3:TrackPointExtension>
        </extensions>
      </trkpt>
      <trkpt lat="31.219761259853839874267578125" lon="121.38832225464284420013427734375">
        <ele>10.6000003814697265625</ele>
        <time>2026-08-31T10:53:51.000Z</time>
        <extensions>
          <ns3:TrackPointExtension>
            <ns3:hr>142</ns3:hr>
            <ns3:cad>86</ns3:cad>
          </ns3:TrackPointExtension>
        </extensions>
      </trkpt>
      <trkpt lat="31.2197904288768768310546875" lon="121.38832233846187591552734375">
        <ele>10.6000003814697265625</ele>
        <time>2026-08-31T10:53:52.000Z</time>
        <extensions>
          <ns3:TrackPointExtension>
            <ns3:hr>142</ns3:hr>
            <ns3:cad>86</ns3:cad>
          </ns3:TrackPointExtension>
        </extensions>
      </trkpt>
      <trkpt lat="31.21981683187186717987060546875" lon="121.38832091353833675384521484375">
        <ele>10.80000019073486328125</ele>
        <time>2026-08-31T10:53:53.000Z</time>
        <extensions>
          <ns3:TrackPointExtension>
            <ns3:hr>143</ns3:hr>
            <ns3:cad>87</ns3:cad>
          </ns3:TrackPointExtension>
        </extensions>
      </trkpt>
      <trkpt lat="31.219844408333301544189453125" lon="121.388317979872226715087890625">
        <ele>10.80000019073486328125</ele>
        <time>2026-08-31T10:53:54.000Z</time>
        <extensions>
          <ns3:TrackPointExtension>
            <ns3:hr>143</ns3:hr>
            <ns3:cad>87</ns3:cad>
          </ns3:TrackPointExtension>
        </extensions>
      </trkpt>
      <trkpt lat="31.2198680453002452850341796875" lon="121.38831286691129207611083984375">
        <ele>10.80000019073486328125</ele>
        <time>2026-08-31T10:53:55.000Z</time>
        <extensions>
          <ns3:TrackPointExtension>
            <ns3:hr>143</ns3:hr>
            <ns3:cad>87</ns3:cad>
          </ns3:TrackPointExtension>
        </extensions>
      </trkpt>
      <trkpt lat="31.21988690458238124847412109375" lon="121.38829727657139301300048828125">
        <ele>10.80000019073486328125</ele>
        <time>2026-08-31T10:53:56.000Z</time>
        <extensions>
          <ns3:TrackPointExtension>
            <ns3:hr>142</ns3:hr>
            <ns3:cad>87</ns3:cad>
          </ns3:TrackPointExtension>
        </extensions>
      </trkpt>
      <trkpt lat="31.21990199200809001922607421875" lon="121.388269029557704925537109375">
        <ele>11</ele>
        <time>2026-08-31T10:53:57.000Z</time>
        <extensions>
          <ns3:TrackPointExtension>
            <ns3:hr>143</ns3:hr>
            <ns3:cad>87</ns3:cad>
          </ns3:TrackPointExtension>
        </extensions>
      </trkpt>
      <trkpt lat="31.21990911662578582763671875" lon="121.38825419358909130096435546875">
        <ele>11</ele>
        <time>2026-08-31T10:53:58.000Z</time>
        <extensions>
          <ns3:TrackPointExtension>
            <ns3:hr>143</ns3:hr>
            <ns3:cad>87</ns3:cad>
          </ns3:TrackPointExtension>
        </extensions>
      </trkpt>
      <trkpt lat="31.21991590596735477447509765625" lon="121.38822921551764011383056640625">
        <ele>11</ele>
        <time>2026-08-31T10:53:59.000Z</time>
        <extensions>
          <ns3:TrackPointExtension>
            <ns3:hr>142</ns3:hr>
            <ns3:cad>86</ns3:cad>
          </ns3:TrackPointExtension>
        </extensions>
      </trkpt>
      <trkpt lat="31.21992110274732112884521484375" lon="121.38820641674101352691650390625">
        <ele>11.19999980926513671875</ele>
        <time>2026-08-31T10:54:00.000Z</time>
        <extensions>
          <ns3:TrackPointExtension>
            <ns3:hr>143</ns3:hr>
            <ns3:cad>86</ns3:cad>
          </ns3:TrackPointExtension>
        </extensions>
      </trkpt>
      <trkpt lat="31.21992562897503376007080078125" lon="121.3881860487163066864013671875">
        <ele>11.19999980926513671875</ele>
        <time>2026-08-31T10:54:01.000Z</time>
        <extensions>
          <ns3:TrackPointExtension>
            <ns3:hr>143</ns3:hr>
            <ns3:cad>85</ns3:cad>
          </ns3:TrackPointExtension>
        </extensions>
      </trkpt>
      <trkpt lat="31.2199307419359683990478515625" lon="121.3881595619022846221923828125">
        <ele>11.19999980926513671875</ele>
        <time>2026-08-31T10:54:02.000Z</time>
        <extensions>
          <ns3:TrackPointExtension>
            <ns3:hr>143</ns3:hr>
            <ns3:cad>84</ns3:cad>
          </ns3:TrackPointExtension>
        </extensions>
      </trkpt>
      <trkpt lat="31.2199324183166027069091796875" lon="121.38814254663884639739990234375">
        <ele>11.19999980926513671875</ele>
        <time>2026-08-31T10:54:03.000Z</time>
        <extensions>
          <ns3:TrackPointExtension>
            <ns3:hr>144</ns3:hr>
            <ns3:cad>84</ns3:cad>
          </ns3:TrackPointExtension>
        </extensions>
      </trkpt>
      <trkpt lat="31.21993132866919040679931640625" lon="121.38811337761580944061279296875">
        <ele>11.19999980926513671875</ele>
        <time>2026-08-31T10:54:04.000Z</time>
        <extensions>
          <ns3:TrackPointExtension>
            <ns3:hr>144</ns3:hr>
            <ns3:cad>84</ns3:cad>
          </ns3:TrackPointExtension>
        </extensions>
      </trkpt>
      <trkpt lat="31.21992780826985836029052734375" lon="121.3880941830575466156005859375">
        <ele>11.19999980926513671875</ele>
        <time>2026-08-31T10:54:05.000Z</time>
        <extensions>
          <ns3:TrackPointExtension>
            <ns3:hr>144</ns3:hr>
            <ns3:cad>84</ns3:cad>
          </ns3:TrackPointExtension>
        </extensions>
      </trkpt>
      <trkpt lat="31.2199260480701923370361328125" lon="121.38806241564452648162841796875">
        <ele>11.19999980926513671875</ele>
        <time>2026-08-31T10:54:06.000Z</time>
        <extensions>
          <ns3:TrackPointExtension>
            <ns3:hr>144</ns3:hr>
            <ns3:cad>87</ns3:cad>
          </ns3:TrackPointExtension>
        </extensions>
      </trkpt>
      <trkpt lat="31.21992831118404865264892578125" lon="121.38804146088659763336181640625">
        <ele>11.19999980926513671875</ele>
        <time>2026-08-31T10:54:07.000Z</time>
        <extensions>
          <ns3:TrackPointExtension>
            <ns3:hr>144</ns3:hr>
            <ns3:cad>87</ns3:cad>
          </ns3:TrackPointExtension>
        </extensions>
      </trkpt>
      <trkpt lat="31.21992613188922405242919921875" lon="121.3880133815109729766845703125">
        <ele>11.19999980926513671875</ele>
        <time>2026-08-31T10:54:08.000Z</time>
        <extensions>
          <ns3:TrackPointExtension>
            <ns3:hr>144</ns3:hr>
            <ns3:cad>86</ns3:cad>
          </ns3:TrackPointExtension>
        </extensions>
      </trkpt>
      <trkpt lat="31.2199247069656848907470703125" lon="121.3879828713834285736083984375">
        <ele>11</ele>
        <time>2026-08-31T10:54:09.000Z</time>
        <extensions>
          <ns3:TrackPointExtension>
            <ns3:hr>144</ns3:hr>
            <ns3:cad>86</ns3:cad>
          </ns3:TrackPointExtension>
        </extensions>
      </trkpt>
      <trkpt lat="31.21992143802344799041748046875" lon="121.38796451501548290252685546875">
        <ele>11</ele>
        <time>2026-08-31T10:54:10.000Z</time>
        <extensions>
          <ns3:TrackPointExtension>
            <ns3:hr>144</ns3:hr>
            <ns3:cad>86</ns3:cad>
          </ns3:TrackPointExtension>
        </extensions>
      </trkpt>
      <trkpt lat="31.21992043219506740570068359375" lon="121.38793434016406536102294921875">
        <ele>11</ele>
        <time>2026-08-31T10:54:11.000Z</time>
        <extensions>
          <ns3:TrackPointExtension>
            <ns3:hr>145</ns3:hr>
            <ns3:cad>86</ns3:cad>
          </ns3:TrackPointExtension>
        </extensions>
      </trkpt>
      <trkpt lat="31.21991724707186222076416015625" lon="121.38791120611131191253662109375">
        <ele>11</ele>
        <time>2026-08-31T10:54:12.000Z</time>
        <extensions>
          <ns3:TrackPointExtension>
            <ns3:hr>144</ns3:hr>
            <ns3:cad>87</ns3:cad>
          </ns3:TrackPointExtension>
        </extensions>
      </trkpt>
      <trkpt lat="31.219914145767688751220703125" lon="121.38788287527859210968017578125">
        <ele>11</ele>
        <time>2026-08-31T10:54:13.000Z</time>
        <extensions>
          <ns3:TrackPointExtension>
            <ns3:hr>144</ns3:hr>
            <ns3:cad>87</ns3:cad>
          </ns3:TrackPointExtension>
        </extensions>
      </trkpt>
      <trkpt lat="31.21991045773029327392578125" lon="121.38786175288259983062744140625">
        <ele>11</ele>
        <time>2026-08-31T10:54:14.000Z</time>
        <extensions>
          <ns3:TrackPointExtension>
            <ns3:hr>144</ns3:hr>
            <ns3:cad>87</ns3:cad>
          </ns3:TrackPointExtension>
        </extensions>
      </trkpt>
      <trkpt lat="31.21990584768354892730712890625" lon="121.38783124275505542755126953125">
        <ele>11</ele>
        <time>2026-08-31T10:54:15.000Z</time>
        <extensions>
          <ns3:TrackPointExtension>
            <ns3:hr>144</ns3:hr>
            <ns3:cad>87</ns3:cad>
          </ns3:TrackPointExtension>
        </extensions>
      </trkpt>
      <trkpt lat="31.21990249492228031158447265625" lon="121.387805677950382232666015625">
        <ele>11</ele>
        <time>2026-08-31T10:54:16.000Z</time>
        <extensions>
          <ns3:TrackPointExtension>
            <ns3:hr>144</ns3:hr>
            <ns3:cad>87</ns3:cad>
          </ns3:TrackPointExtension>
        </extensions>
      </trkpt>
      <trkpt lat="31.21989528648555278778076171875" lon="121.38777927495539188385009765625">
        <ele>11</ele>
        <time>2026-08-31T10:54:17.000Z</time>
        <extensions>
          <ns3:TrackPointExtension>
            <ns3:hr>144</ns3:hr>
            <ns3:cad>86</ns3:cad>
          </ns3:TrackPointExtension>
        </extensions>
      </trkpt>
      <trkpt lat="31.2198962084949016571044921875" lon="121.38775245286524295806884765625">
        <ele>11</ele>
        <time>2026-08-31T10:54:18.000Z</time>
        <extensions>
          <ns3:TrackPointExtension>
            <ns3:hr>144</ns3:hr>
            <ns3:cad>86</ns3:cad>
          </ns3:TrackPointExtension>
        </extensions>
      </trkpt>
      <trkpt lat="31.21989394538104534149169921875" lon="121.387730576097965240478515625">
        <ele>11</ele>
        <time>2026-08-31T10:54:19.000Z</time>
        <extensions>
          <ns3:TrackPointExtension>
            <ns3:hr>144</ns3:hr>
            <ns3:cad>87</ns3:cad>
          </ns3:TrackPointExtension>
        </extensions>
      </trkpt>
      <trkpt lat="31.2198945321142673492431640625" lon="121.387700401246547698974609375">
        <ele>11</ele>
        <time>2026-08-31T10:54:20.000Z</time>
        <extensions>
          <ns3:TrackPointExtension>
            <ns3:hr>144</ns3:hr>
            <ns3:cad>87</ns3:cad>
          </ns3:TrackPointExtension>
        </extensions>
      </trkpt>
      <trkpt lat="31.21989327482879161834716796875" lon="121.3876819610595703125">
        <ele>11</ele>
        <time>2026-08-31T10:54:21.000Z</time>
        <extensions>
          <ns3:TrackPointExtension>
            <ns3:hr>144</ns3:hr>
            <ns3:cad>87</ns3:cad>
          </ns3:TrackPointExtension>
        </extensions>
      </trkpt>
      <trkpt lat="31.2198908440768718719482421875" lon="121.38765052892267704010009765625">
        <ele>11</ele>
        <time>2026-08-31T10:54:22.000Z</time>
        <extensions>
          <ns3:TrackPointExtension>
            <ns3:hr>144</ns3:hr>
            <ns3:cad>87</ns3:cad>
          </ns3:TrackPointExtension>
        </extensions>
      </trkpt>
      <trkpt lat="31.2198895029723644256591796875" lon="121.38762840069830417633056640625">
        <ele>11</ele>
        <time>2026-08-31T10:54:23.000Z</time>
        <extensions>
          <ns3:TrackPointExtension>
            <ns3:hr>144</ns3:hr>
            <ns3:cad>86</ns3:cad>
          </ns3:TrackPointExtension>
        </extensions>
      </trkpt>
      <trkpt lat="31.2198854796588420867919921875" lon="121.38759856112301349639892578125">
        <ele>11</ele>
        <time>2026-08-31T10:54:24.000Z</time>
        <extensions>
          <ns3:TrackPointExtension>
            <ns3:hr>144</ns3:hr>
            <ns3:cad>87</ns3:cad>
          </ns3:TrackPointExtension>
        </extensions>
      </trkpt>
      <trkpt lat="31.21988640166819095611572265625" lon="121.38757224194705486297607421875">
        <ele>11</ele>
        <time>2026-08-31T10:54:25.000Z</time>
        <extensions>
          <ns3:TrackPointExtension>
            <ns3:hr>144</ns3:hr>
            <ns3:cad>87</ns3:cad>
          </ns3:TrackPointExtension>
        </extensions>
      </trkpt>
      <trkpt lat="31.21988690458238124847412109375" lon="121.38754583895206451416015625">
        <ele>11</ele>
        <time>2026-08-31T10:54:26.000Z</time>
        <extensions>
          <ns3:TrackPointExtension>
            <ns3:hr>144</ns3:hr>
            <ns3:cad>87</ns3:cad>
          </ns3:TrackPointExtension>
        </extensions>
      </trkpt>
      <trkpt lat="31.21988900005817413330078125" lon="121.387515328824520111083984375">
        <ele>11</ele>
        <time>2026-08-31T10:54:27.000Z</time>
        <extensions>
          <ns3:TrackPointExtension>
            <ns3:hr>144</ns3:hr>
            <ns3:cad>86</ns3:cad>
          </ns3:TrackPointExtension>
        </extensions>
      </trkpt>
      <trkpt lat="31.219887323677539825439453125" lon="121.38749160803854465484619140625">
        <ele>11</ele>
        <time>2026-08-31T10:54:28.000Z</time>
        <extensions>
          <ns3:TrackPointExtension>
            <ns3:hr>144</ns3:hr>
            <ns3:cad>86</ns3:cad>
          </ns3:TrackPointExtension>
        </extensions>
      </trkpt>
      <trkpt lat="31.21988589875400066375732421875" lon="121.38746428303420543670654296875">
        <ele>11</ele>
        <time>2026-08-31T10:54:29.000Z</time>
        <extensions>
          <ns3:TrackPointExtension>
            <ns3:hr>144</ns3:hr>
            <ns3:cad>86</ns3:cad>
          </ns3:TrackPointExtension>
        </extensions>
      </trkpt>
      <trkpt lat="31.2198851443827152252197265625" lon="121.38743829913437366485595703125">
        <ele>11</ele>
        <time>2026-08-31T10:54:30.000Z</time>
        <extensions>
          <ns3:TrackPointExtension>
            <ns3:hr>144</ns3:hr>
            <ns3:cad>86</ns3:cad>
          </ns3:TrackPointExtension>
        </extensions>
      </trkpt>
      <trkpt lat="31.219882629811763763427734375" lon="121.387410052120685577392578125">
        <ele>11</ele>
        <time>2026-08-31T10:54:31.000Z</time>
        <extensions>
          <ns3:TrackPointExtension>
            <ns3:hr>144</ns3:hr>
            <ns3:cad>87</ns3:cad>
          </ns3:TrackPointExtension>
        </extensions>
      </trkpt>
      <trkpt lat="31.21988338418304920196533203125" lon="121.38739320449531078338623046875">
        <ele>11</ele>
        <time>2026-08-31T10:54:32.000Z</time>
        <extensions>
          <ns3:TrackPointExtension>
            <ns3:hr>144</ns3:hr>
            <ns3:cad>87</ns3:cad>
          </ns3:TrackPointExtension>
        </extensions>
      </trkpt>
      <trkpt lat="31.21988070197403430938720703125" lon="121.38736370019614696502685546875">
        <ele>11</ele>
        <time>2026-08-31T10:54:33.000Z</time>
        <extensions>
          <ns3:TrackPointExtension>
            <ns3:hr>144</ns3:hr>
            <ns3:cad>87</ns3:cad>
          </ns3:TrackPointExtension>
        </extensions>
      </trkpt>
      <trkpt lat="31.21988363564014434814453125" lon="121.38734341599047183990478515625">
        <ele>11</ele>
        <time>2026-08-31T10:54:34.000Z</time>
        <extensions>
          <ns3:TrackPointExtension>
            <ns3:hr>144</ns3:hr>
            <ns3:cad>87</ns3:cad>
          </ns3:TrackPointExtension>
        </extensions>
      </trkpt>
      <trkpt lat="31.219881288707256317138671875" lon="121.3873150013387203216552734375">
        <ele>11</ele>
        <time>2026-08-31T10:54:35.000Z</time>
        <extensions>
          <ns3:TrackPointExtension>
            <ns3:hr>144</ns3:hr>
            <ns3:cad>87</ns3:cad>
          </ns3:TrackPointExtension>
        </extensions>
      </trkpt>
      <trkpt lat="31.21988321654498577117919921875" lon="121.38728566467761993408203125">
        <ele>10.80000019073486328125</ele>
        <time>2026-08-31T10:54:36.000Z</time>
        <extensions>
          <ns3:TrackPointExtension>
            <ns3:hr>144</ns3:hr>
            <ns3:cad>86</ns3:cad>
          </ns3:TrackPointExtension>
        </extensions>
      </trkpt>
      <trkpt lat="31.21988506056368350982666015625" lon="121.38726412318646907806396484375">
        <ele>10.80000019073486328125</ele>
        <time>2026-08-31T10:54:37.000Z</time>
        <extensions>
          <ns3:TrackPointExtension>
            <ns3:hr>144</ns3:hr>
            <ns3:cad>86</ns3:cad>
          </ns3:TrackPointExtension>
        </extensions>
      </trkpt>
      <trkpt lat="31.219887994229793548583984375" lon="121.38723394833505153656005859375">
        <ele>11</ele>
        <time>2026-08-31T10:54:38.000Z</time>
        <extensions>
          <ns3:TrackPointExtension>
            <ns3:hr>144</ns3:hr>
            <ns3:cad>86</ns3:cad>
          </ns3:TrackPointExtension>
        </extensions>
      </trkpt>
      <trkpt lat="31.21988791041076183319091796875" lon="121.3872137479484081268310546875">
        <ele>11</ele>
        <time>2026-08-31T10:54:39.000Z</time>
        <extensions>
          <ns3:TrackPointExtension>
            <ns3:hr>144</ns3:hr>
            <ns3:cad>86</ns3:cad>
          </ns3:TrackPointExtension>
        </extensions>
      </trkpt>
      <trkpt lat="31.219887323677539825439453125" lon="121.387183405458927154541015625">
        <ele>11</ele>
        <time>2026-08-31T10:54:40.000Z</time>
        <extensions>
          <ns3:TrackPointExtension>
            <ns3:hr>144</ns3:hr>
            <ns3:cad>86</ns3:cad>
          </ns3:TrackPointExtension>
        </extensions>
      </trkpt>
      <trkpt lat="31.2198881618678569793701171875" lon="121.38716320507228374481201171875">
        <ele>11</ele>
        <time>2026-08-31T10:54:41.000Z</time>
        <extensions>
          <ns3:TrackPointExtension>
            <ns3:hr>144</ns3:hr>
            <ns3:cad>86</ns3:cad>
          </ns3:TrackPointExtension>
        </extensions>
      </trkpt>
      <trkpt lat="31.21988623403012752532958984375" lon="121.38713789172470569610595703125">
        <ele>11</ele>
        <time>2026-08-31T10:54:42.000Z</time>
        <extensions>
          <ns3:TrackPointExtension>
            <ns3:hr>144</ns3:hr>
            <ns3:cad>86</ns3:cad>
          </ns3:TrackPointExtension>
        </extensions>
      </trkpt>
      <trkpt lat="31.21988757513463497161865234375" lon="121.387110650539398193359375">
        <ele>10.80000019073486328125</ele>
        <time>2026-08-31T10:54:43.000Z</time>
        <extensions>
          <ns3:TrackPointExtension>
            <ns3:hr>144</ns3:hr>
            <ns3:cad>87</ns3:cad>
          </ns3:TrackPointExtension>
        </extensions>
      </trkpt>
      <trkpt lat="31.21988908387720584869384765625" lon="121.387089192867279052734375">
        <ele>10.80000019073486328125</ele>
        <time>2026-08-31T10:54:44.000Z</time>
        <extensions>
          <ns3:TrackPointExtension>
            <ns3:hr>145</ns3:hr>
            <ns3:cad>87</ns3:cad>
          </ns3:TrackPointExtension>
        </extensions>
      </trkpt>
      <trkpt lat="31.2198921851813793182373046875" lon="121.3870618678629398345947265625">
        <ele>10.80000019073486328125</ele>
        <time>2026-08-31T10:54:45.000Z</time>
        <extensions>
          <ns3:TrackPointExtension>
            <ns3:hr>145</ns3:hr>
            <ns3:cad>87</ns3:cad>
          </ns3:TrackPointExtension>
        </extensions>
      </trkpt>
      <trkpt lat="31.2198935262858867645263671875" lon="121.3870353810489177703857421875">
        <ele>10.80000019073486328125</ele>
        <time>2026-08-31T10:54:46.000Z</time>
        <extensions>
          <ns3:TrackPointExtension>
            <ns3:hr>146</ns3:hr>
            <ns3:cad>86</ns3:cad>
          </ns3:TrackPointExtension>
        </extensions>
      </trkpt>
      <trkpt lat="31.21989847160875797271728515625" lon="121.3870031945407390594482421875">
        <ele>10.80000019073486328125</ele>
        <time>2026-08-31T10:54:47.000Z</time>
        <extensions>
          <ns3:TrackPointExtension>
            <ns3:hr>146</ns3:hr>
            <ns3:cad>86</ns3:cad>
          </ns3:TrackPointExtension>
        </extensions>
      </trkpt>
      <trkpt lat="31.21988874860107898712158203125" lon="121.38697721064090728759765625">
        <ele>10.80000019073486328125</ele>
        <time>2026-08-31T10:54:48.000Z</time>
        <extensions>
          <ns3:TrackPointExtension>
            <ns3:hr>147</ns3:hr>
            <ns3:cad>86</ns3:cad>
          </ns3:TrackPointExtension>
        </extensions>
      </trkpt>
      <trkpt lat="31.2198891676962375640869140625" lon="121.38694460503756999969482421875">
        <ele>10.80000019073486328125</ele>
        <time>2026-08-31T10:54:49.000Z</time>
        <extensions>
          <ns3:TrackPointExtension>
            <ns3:hr>147</ns3:hr>
            <ns3:cad>86</ns3:cad>
          </ns3:TrackPointExtension>
        </extensions>
      </trkpt>
      <trkpt lat="31.21988900005817413330078125" lon="121.386919207870960235595703125">
        <ele>10.80000019073486328125</ele>
        <time>2026-08-31T10:54:50.000Z</time>
        <extensions>
          <ns3:TrackPointExtension>
            <ns3:hr>147</ns3:hr>
            <ns3:cad>87</ns3:cad>
          </ns3:TrackPointExtension>
        </extensions>
      </trkpt>
      <trkpt lat="31.21988371945917606353759765625" lon="121.38688710518181324005126953125">
        <ele>10.80000019073486328125</ele>
        <time>2026-08-31T10:54:51.000Z</time>
        <extensions>
          <ns3:TrackPointExtension>
            <ns3:hr>146</ns3:hr>
            <ns3:cad>87</ns3:cad>
          </ns3:TrackPointExtension>
        </extensions>
      </trkpt>
      <trkpt lat="31.21988221071660518646240234375" lon="121.3868625462055206298828125">
        <ele>10.80000019073486328125</ele>
        <time>2026-08-31T10:54:52.000Z</time>
        <extensions>
          <ns3:TrackPointExtension>
            <ns3:hr>146</ns3:hr>
            <ns3:cad>87</ns3:cad>
          </ns3:TrackPointExtension>
        </extensions>
      </trkpt>
      <trkpt lat="31.21987693011760711669921875" lon="121.386833377182483673095703125">
        <ele>10.80000019073486328125</ele>
        <time>2026-08-31T10:54:53.000Z</time>
        <extensions>
          <ns3:TrackPointExtension>
            <ns3:hr>146</ns3:hr>
            <ns3:cad>87</ns3:cad>
          </ns3:TrackPointExtension>
        </extensions>
      </trkpt>
      <trkpt lat="31.219873912632465362548828125" lon="121.38680529780685901641845703125">
        <ele>10.80000019073486328125</ele>
        <time>2026-08-31T10:54:54.000Z</time>
        <extensions>
          <ns3:TrackPointExtension>
            <ns3:hr>146</ns3:hr>
            <ns3:cad>87</ns3:cad>
          </ns3:TrackPointExtension>
        </extensions>
      </trkpt>
      <trkpt lat="31.2198653630912303924560546875" lon="121.38678585179150104522705078125">
        <ele>10.80000019073486328125</ele>
        <time>2026-08-31T10:54:55.000Z</time>
        <extensions>
          <ns3:TrackPointExtension>
            <ns3:hr>146</ns3:hr>
            <ns3:cad>87</ns3:cad>
          </ns3:TrackPointExtension>
        </extensions>
      </trkpt>
      <trkpt lat="31.2198636867105960845947265625" lon="121.3867567665874958038330078125">
        <ele>10.80000019073486328125</ele>
        <time>2026-08-31T10:54:56.000Z</time>
        <extensions>
          <ns3:TrackPointExtension>
            <ns3:hr>145</ns3:hr>
            <ns3:cad>87</ns3:cad>
          </ns3:TrackPointExtension>
        </extensions>
      </trkpt>
      <trkpt lat="31.219860501587390899658203125" lon="121.38673472218215465545654296875">
        <ele>10.6000003814697265625</ele>
        <time>2026-08-31T10:54:57.000Z</time>
        <extensions>
          <ns3:TrackPointExtension>
            <ns3:hr>145</ns3:hr>
            <ns3:cad>87</ns3:cad>
          </ns3:TrackPointExtension>
        </extensions>
      </trkpt>
      <trkpt lat="31.21985991485416889190673828125" lon="121.38670370914041996002197265625">
        <ele>10.6000003814697265625</ele>
        <time>2026-08-31T10:54:58.000Z</time>
        <extensions>
          <ns3:TrackPointExtension>
            <ns3:hr>145</ns3:hr>
            <ns3:cad>87</ns3:cad>
          </ns3:TrackPointExtension>
        </extensions>
      </trkpt>
      <trkpt lat="31.2198559753596782684326171875" lon="121.386679150164127349853515625">
        <ele>10.80000019073486328125</ele>
        <time>2026-08-31T10:54:59.000Z</time>
        <extensions>
          <ns3:TrackPointExtension>
            <ns3:hr>145</ns3:hr>
            <ns3:cad>87</ns3:cad>
          </ns3:TrackPointExtension>
        </extensions>
      </trkpt>
      <trkpt lat="31.21984985657036304473876953125" lon="121.38665006496012210845947265625">
        <ele>10.80000019073486328125</ele>
        <time>2026-08-31T10:55:00.000Z</time>
        <extensions>
          <ns3:TrackPointExtension>
            <ns3:hr>145</ns3:hr>
            <ns3:cad>87</ns3:cad>
          </ns3:TrackPointExtension>
        </extensions>
      </trkpt>
      <trkpt lat="31.21984616853296756744384765625" lon="121.38662072829902172088623046875">
        <ele>10.80000019073486328125</ele>
        <time>2026-08-31T10:55:01.000Z</time>
        <extensions>
          <ns3:TrackPointExtension>
            <ns3:hr>144</ns3:hr>
            <ns3:cad>86</ns3:cad>
          </ns3:TrackPointExtension>
        </extensions>
      </trkpt>
      <trkpt lat="31.21984818018972873687744140625" lon="121.386595666408538818359375">
        <ele>10.80000019073486328125</ele>
        <time>2026-08-31T10:55:02.000Z</time>
        <extensions>
          <ns3:TrackPointExtension>
            <ns3:hr>144</ns3:hr>
            <ns3:cad>86</ns3:cad>
          </ns3:TrackPointExtension>
        </extensions>
      </trkpt>
      <trkpt lat="31.2198496051132678985595703125" lon="121.38656280934810638427734375">
        <ele>10.80000019073486328125</ele>
        <time>2026-08-31T10:55:03.000Z</time>
        <extensions>
          <ns3:TrackPointExtension>
            <ns3:hr>144</ns3:hr>
            <ns3:cad>86</ns3:cad>
          </ns3:TrackPointExtension>
        </extensions>
      </trkpt>
      <trkpt lat="31.219851784408092498779296875" lon="121.38653866946697235107421875">
        <ele>10.80000019073486328125</ele>
        <time>2026-08-31T10:55:04.000Z</time>
        <extensions>
          <ns3:TrackPointExtension>
            <ns3:hr>143</ns3:hr>
            <ns3:cad>86</ns3:cad>
          </ns3:TrackPointExtension>
        </extensions>
      </trkpt>
      <trkpt lat="31.21985153295099735260009765625" lon="121.386505477130413055419921875">
        <ele>10.80000019073486328125</ele>
        <time>2026-08-31T10:55:05.000Z</time>
        <extensions>
          <ns3:TrackPointExtension>
            <ns3:hr>143</ns3:hr>
            <ns3:cad>87</ns3:cad>
          </ns3:TrackPointExtension>
        </extensions>
      </trkpt>
      <trkpt lat="31.21984683908522129058837890625" lon="121.38649013824760913848876953125">
        <ele>10.80000019073486328125</ele>
        <time>2026-08-31T10:55:06.000Z</time>
        <extensions>
          <ns3:TrackPointExtension>
            <ns3:hr>143</ns3:hr>
            <ns3:cad>87</ns3:cad>
          </ns3:TrackPointExtension>
        </extensions>
      </trkpt>
      <trkpt lat="31.21984583325684070587158203125" lon="121.3864550180733203887939453125">
        <ele>10.80000019073486328125</ele>
        <time>2026-08-31T10:55:07.000Z</time>
        <extensions>
          <ns3:TrackPointExtension>
            <ns3:hr>143</ns3:hr>
            <ns3:cad>87</ns3:cad>
          </ns3:TrackPointExtension>
        </extensions>
      </trkpt>
      <trkpt lat="31.2198472581803798675537109375" lon="121.386432386934757232666015625">
        <ele>10.80000019073486328125</ele>
        <time>2026-08-31T10:55:08.000Z</time>
        <extensions>
          <ns3:TrackPointExtension>
            <ns3:hr>143</ns3:hr>
            <ns3:cad>87</ns3:cad>
          </ns3:TrackPointExtension>
        </extensions>
      </trkpt>
      <trkpt lat="31.219845749437808990478515625" lon="121.386406235396862030029296875">
        <ele>10.80000019073486328125</ele>
        <time>2026-08-31T10:55:09.000Z</time>
        <extensions>
          <ns3:TrackPointExtension>
            <ns3:hr>144</ns3:hr>
            <ns3:cad>87</ns3:cad>
          </ns3:TrackPointExtension>
        </extensions>
      </trkpt>
      <trkpt lat="31.2198485992848873138427734375" lon="121.38637966476380825042724609375">
        <ele>10.80000019073486328125</ele>
        <time>2026-08-31T10:55:10.000Z</time>
        <extensions>
          <ns3:TrackPointExtension>
            <ns3:hr>143</ns3:hr>
            <ns3:cad>87</ns3:cad>
          </ns3:TrackPointExtension>
        </extensions>
      </trkpt>
      <trkpt lat="31.2198475934565067291259765625" lon="121.386358626186847686767578125">
        <ele>10.80000019073486328125</ele>
        <time>2026-08-31T10:55:11.000Z</time>
        <extensions>
          <ns3:TrackPointExtension>
            <ns3:hr>143</ns3:hr>
            <ns3:cad>86</ns3:cad>
          </ns3:TrackPointExtension>
        </extensions>
      </trkpt>
      <trkpt lat="31.21984851546585559844970703125" lon="121.38632811605930328369140625">
        <ele>10.80000019073486328125</ele>
        <time>2026-08-31T10:55:12.000Z</time>
        <extensions>
          <ns3:TrackPointExtension>
            <ns3:hr>143</ns3:hr>
            <ns3:cad>86</ns3:cad>
          </ns3:TrackPointExtension>
        </extensions>
      </trkpt>
      <trkpt lat="31.21984834782779216766357421875" lon="121.38631026260554790496826171875">
        <ele>10.80000019073486328125</ele>
        <time>2026-08-31T10:55:13.000Z</time>
        <extensions>
          <ns3:TrackPointExtension>
            <ns3:hr>144</ns3:hr>
            <ns3:cad>86</ns3:cad>
          </ns3:TrackPointExtension>
        </extensions>
      </trkpt>
      <trkpt lat="31.2198532931506633758544921875" lon="121.38628880493342876434326171875">
        <ele>10.80000019073486328125</ele>
        <time>2026-08-31T10:55:14.000Z</time>
        <extensions>
          <ns3:TrackPointExtension>
            <ns3:hr>144</ns3:hr>
            <ns3:cad>87</ns3:cad>
          </ns3:TrackPointExtension>
        </extensions>
      </trkpt>
      <trkpt lat="31.21985203586518764495849609375" lon="121.38627019710838794708251953125">
        <ele>10.80000019073486328125</ele>
        <time>2026-08-31T10:55:15.000Z</time>
        <extensions>
          <ns3:TrackPointExtension>
            <ns3:hr>144</ns3:hr>
            <ns3:cad>87</ns3:cad>
          </ns3:TrackPointExtension>
        </extensions>
      </trkpt>
      <trkpt lat="31.2198529578745365142822265625" lon="121.38624169863760471343994140625">
        <ele>10.80000019073486328125</ele>
        <time>2026-08-31T10:55:16.000Z</time>
        <extensions>
          <ns3:TrackPointExtension>
            <ns3:hr>144</ns3:hr>
            <ns3:cad>87</ns3:cad>
          </ns3:TrackPointExtension>
        </extensions>
      </trkpt>
      <trkpt lat="31.21985941193997859954833984375" lon="121.3862163014709949493408203125">
        <ele>10.80000019073486328125</ele>
        <time>2026-08-31T10:55:17.000Z</time>
        <extensions>
          <ns3:TrackPointExtension>
            <ns3:hr>144</ns3:hr>
            <ns3:cad>87</ns3:cad>
          </ns3:TrackPointExtension>
        </extensions>
      </trkpt>
      <trkpt lat="31.21986075304448604583740234375" lon="121.38619241304695606231689453125">
        <ele>10.80000019073486328125</ele>
        <time>2026-08-31T10:55:18.000Z</time>
        <extensions>
          <ns3:TrackPointExtension>
            <ns3:hr>144</ns3:hr>
            <ns3:cad>86</ns3:cad>
          </ns3:TrackPointExtension>
        </extensions>
      </trkpt>
      <trkpt lat="31.2198579870164394378662109375" lon="121.38615913689136505126953125">
        <ele>10.80000019073486328125</ele>
        <time>2026-08-31T10:55:19.000Z</time>
        <extensions>
          <ns3:TrackPointExtension>
            <ns3:hr>144</ns3:hr>
            <ns3:cad>86</ns3:cad>
          </ns3:TrackPointExtension>
        </extensions>
      </trkpt>
      <trkpt lat="31.21985387988388538360595703125" lon="121.3861395232379436492919921875">
        <ele>10.6000003814697265625</ele>
        <time>2026-08-31T10:55:20.000Z</time>
        <extensions>
          <ns3:TrackPointExtension>
            <ns3:hr>144</ns3:hr>
            <ns3:cad>86</ns3:cad>
          </ns3:TrackPointExtension>
        </extensions>
      </trkpt>
      <trkpt lat="31.21984700672328472137451171875" lon="121.38611345551908016204833984375">
        <ele>10.6000003814697265625</ele>
        <time>2026-08-31T10:55:21.000Z</time>
        <extensions>
          <ns3:TrackPointExtension>
            <ns3:hr>144</ns3:hr>
            <ns3:cad>86</ns3:cad>
          </ns3:TrackPointExtension>
        </extensions>
      </trkpt>
      <trkpt lat="31.21983979828655719757080078125" lon="121.386087052524089813232421875">
        <ele>10.6000003814697265625</ele>
        <time>2026-08-31T10:55:22.000Z</time>
        <extensions>
          <ns3:TrackPointExtension>
            <ns3:hr>144</ns3:hr>
            <ns3:cad>86</ns3:cad>
          </ns3:TrackPointExtension>
        </extensions>
      </trkpt>
      <trkpt lat="31.21982554905116558074951171875" lon="121.38605176471173763275146484375">
        <ele>10.6000003814697265625</ele>
        <time>2026-08-31T10:55:23.000Z</time>
        <extensions>
          <ns3:TrackPointExtension>
            <ns3:hr>144</ns3:hr>
            <ns3:cad>86</ns3:cad>
          </ns3:TrackPointExtension>
        </extensions>
      </trkpt>
      <trkpt lat="31.21982186101377010345458984375" lon="121.3860268704593181610107421875">
        <ele>10.3999996185302734375</ele>
        <time>2026-08-31T10:55:24.000Z</time>
        <extensions>
          <ns3:TrackPointExtension>
            <ns3:hr>144</ns3:hr>
            <ns3:cad>86</ns3:cad>
          </ns3:TrackPointExtension>
        </extensions>
      </trkpt>
      <trkpt lat="31.21982035227119922637939453125" lon="121.3859983719885349273681640625">
        <ele>10.3999996185302734375</ele>
        <time>2026-08-31T10:55:25.000Z</time>
        <extensions>
          <ns3:TrackPointExtension>
            <ns3:hr>144</ns3:hr>
            <ns3:cad>86</ns3:cad>
          </ns3:TrackPointExtension>
        </extensions>
      </trkpt>
      <trkpt lat="31.219822950661182403564453125" lon="121.38597280718386173248291015625">
        <ele>10.3999996185302734375</ele>
        <time>2026-08-31T10:55:26.000Z</time>
        <extensions>
          <ns3:TrackPointExtension>
            <ns3:hr>144</ns3:hr>
            <ns3:cad>86</ns3:cad>
          </ns3:TrackPointExtension>
        </extensions>
      </trkpt>
      <trkpt lat="31.21982420794665813446044921875" lon="121.38594782911241054534912109375">
        <ele>10.3999996185302734375</ele>
        <time>2026-08-31T10:55:27.000Z</time>
        <extensions>
          <ns3:TrackPointExtension>
            <ns3:hr>144</ns3:hr>
            <ns3:cad>86</ns3:cad>
          </ns3:TrackPointExtension>
        </extensions>
      </trkpt>
      <trkpt lat="31.2198251299560070037841796875" lon="121.3859192468225955963134765625">
        <ele>10.3999996185302734375</ele>
        <time>2026-08-31T10:55:28.000Z</time>
        <extensions>
          <ns3:TrackPointExtension>
            <ns3:hr>144</ns3:hr>
            <ns3:cad>87</ns3:cad>
          </ns3:TrackPointExtension>
        </extensions>
      </trkpt>
      <trkpt lat="31.2198227830231189727783203125" lon="121.38589837588369846343994140625">
        <ele>10.3999996185302734375</ele>
        <time>2026-08-31T10:55:29.000Z</time>
        <extensions>
          <ns3:TrackPointExtension>
            <ns3:hr>144</ns3:hr>
            <ns3:cad>87</ns3:cad>
          </ns3:TrackPointExtension>
        </extensions>
      </trkpt>
      <trkpt lat="31.2198284827172756195068359375" lon="121.38587121851742267608642578125">
        <ele>10.3999996185302734375</ele>
        <time>2026-08-31T10:55:30.000Z</time>
        <extensions>
          <ns3:TrackPointExtension>
            <ns3:hr>144</ns3:hr>
            <ns3:cad>86</ns3:cad>
          </ns3:TrackPointExtension>
        </extensions>
      </trkpt>
      <trkpt lat="31.21982705779373645782470703125" lon="121.385849006474018096923828125">
        <ele>10.3999996185302734375</ele>
        <time>2026-08-31T10:55:31.000Z</time>
        <extensions>
          <ns3:TrackPointExtension>
            <ns3:hr>144</ns3:hr>
            <ns3:cad>86</ns3:cad>
          </ns3:TrackPointExtension>
        </extensions>
      </trkpt>
      <trkpt lat="31.21982571668922901153564453125" lon="121.3858179934322834014892578125">
        <ele>10.3999996185302734375</ele>
        <time>2026-08-31T10:55:32.000Z</time>
        <extensions>
          <ns3:TrackPointExtension>
            <ns3:hr>144</ns3:hr>
            <ns3:cad>86</ns3:cad>
          </ns3:TrackPointExtension>
        </extensions>
      </trkpt>
      <trkpt lat="31.2198247946798801422119140625" lon="121.38579293154180049896240234375">
        <ele>10.6000003814697265625</ele>
        <time>2026-08-31T10:55:33.000Z</time>
        <extensions>
          <ns3:TrackPointExtension>
            <ns3:hr>144</ns3:hr>
            <ns3:cad>86</ns3:cad>
          </ns3:TrackPointExtension>
        </extensions>
      </trkpt>
      <trkpt lat="31.219822950661182403564453125" lon="121.38577113859355449676513671875">
        <ele>10.6000003814697265625</ele>
        <time>2026-08-31T10:55:34.000Z</time>
        <extensions>
          <ns3:TrackPointExtension>
            <ns3:hr>144</ns3:hr>
            <ns3:cad>86</ns3:cad>
          </ns3:TrackPointExtension>
        </extensions>
      </trkpt>
      <trkpt lat="31.21982856653630733489990234375" lon="121.3857400417327880859375">
        <ele>10.6000003814697265625</ele>
        <time>2026-08-31T10:55:35.000Z</time>
        <extensions>
          <ns3:TrackPointExtension>
            <ns3:hr>144</ns3:hr>
            <ns3:cad>86</ns3:cad>
          </ns3:TrackPointExtension>
        </extensions>
      </trkpt>
      <trkpt lat="31.2198281474411487579345703125" lon="121.38571984134614467620849609375">
        <ele>10.6000003814697265625</ele>
        <time>2026-08-31T10:55:36.000Z</time>
        <extensions>
          <ns3:TrackPointExtension>
            <ns3:hr>144</ns3:hr>
            <ns3:cad>86</ns3:cad>
          </ns3:TrackPointExtension>
        </extensions>
      </trkpt>
      <trkpt lat="31.219828985631465911865234375" lon="121.385687403380870819091796875">
        <ele>10.6000003814697265625</ele>
        <time>2026-08-31T10:55:37.000Z</time>
        <extensions>
          <ns3:TrackPointExtension>
            <ns3:hr>144</ns3:hr>
            <ns3:cad>86</ns3:cad>
          </ns3:TrackPointExtension>
        </extensions>
      </trkpt>
      <trkpt lat="31.21982856653630733489990234375" lon="121.3856635987758636474609375">
        <ele>10.6000003814697265625</ele>
        <time>2026-08-31T10:55:38.000Z</time>
        <extensions>
          <ns3:TrackPointExtension>
            <ns3:hr>144</ns3:hr>
            <ns3:cad>85</ns3:cad>
          </ns3:TrackPointExtension>
        </extensions>
      </trkpt>
      <trkpt lat="31.21982596814632415771484375" lon="121.3856332562863826751708984375">
        <ele>10.6000003814697265625</ele>
        <time>2026-08-31T10:55:39.000Z</time>
        <extensions>
          <ns3:TrackPointExtension>
            <ns3:hr>144</ns3:hr>
            <ns3:cad>85</ns3:cad>
          </ns3:TrackPointExtension>
        </extensions>
      </trkpt>
      <trkpt lat="31.2198247946798801422119140625" lon="121.38560517691075801849365234375">
        <ele>10.6000003814697265625</ele>
        <time>2026-08-31T10:55:40.000Z</time>
        <extensions>
          <ns3:TrackPointExtension>
            <ns3:hr>144</ns3:hr>
            <ns3:cad>85</ns3:cad>
          </ns3:TrackPointExtension>
        </extensions>
      </trkpt>
      <trkpt lat="31.2198190949857234954833984375" lon="121.38558472506701946258544921875">
        <ele>10.6000003814697265625</ele>
        <time>2026-08-31T10:55:41.000Z</time>
        <extensions>
          <ns3:TrackPointExtension>
            <ns3:hr>144</ns3:hr>
            <ns3:cad>86</ns3:cad>
          </ns3:TrackPointExtension>
        </extensions>
      </trkpt>
      <trkpt lat="31.2198090367019176483154296875" lon="121.38555991463363170623779296875">
        <ele>10.6000003814697265625</ele>
        <time>2026-08-31T10:55:42.000Z</time>
        <extensions>
          <ns3:TrackPointExtension>
            <ns3:hr>144</ns3:hr>
            <ns3:cad>86</ns3:cad>
          </ns3:TrackPointExtension>
        </extensions>
      </trkpt>
      <trkpt lat="31.219798810780048370361328125" lon="121.3855397142469882965087890625">
        <ele>10.6000003814697265625</ele>
        <time>2026-08-31T10:55:43.000Z</time>
        <extensions>
          <ns3:TrackPointExtension>
            <ns3:hr>144</ns3:hr>
            <ns3:cad>86</ns3:cad>
          </ns3:TrackPointExtension>
        </extensions>
      </trkpt>
      <trkpt lat="31.2197899259626865386962890625" lon="121.3855128921568393707275390625">
        <ele>10.6000003814697265625</ele>
        <time>2026-08-31T10:55:44.000Z</time>
        <extensions>
          <ns3:TrackPointExtension>
            <ns3:hr>144</ns3:hr>
            <ns3:cad>86</ns3:cad>
          </ns3:TrackPointExtension>
        </extensions>
      </trkpt>
      <trkpt lat="31.21978715993463993072509765625" lon="121.38548162765800952911376953125">
        <ele>10.6000003814697265625</ele>
        <time>2026-08-31T10:55:45.000Z</time>
        <extensions>
          <ns3:TrackPointExtension>
            <ns3:hr>144</ns3:hr>
            <ns3:cad>86</ns3:cad>
          </ns3:TrackPointExtension>
        </extensions>
      </trkpt>
      <trkpt lat="31.21977391652762889862060546875" lon="121.38546310365200042724609375">
        <ele>10.6000003814697265625</ele>
        <time>2026-08-31T10:55:46.000Z</time>
        <extensions>
          <ns3:TrackPointExtension>
            <ns3:hr>144</ns3:hr>
            <ns3:cad>85</ns3:cad>
          </ns3:TrackPointExtension>
        </extensions>
      </trkpt>
      <trkpt lat="31.2197510339319705963134765625" lon="121.3854448311030864715576171875">
        <ele>10.6000003814697265625</ele>
        <time>2026-08-31T10:55:47.000Z</time>
        <extensions>
          <ns3:TrackPointExtension>
            <ns3:hr>144</ns3:hr>
            <ns3:cad>85</ns3:cad>
          </ns3:TrackPointExtension>
        </extensions>
      </trkpt>
      <trkpt lat="31.21973183937370777130126953125" lon="121.38543938286602497100830078125">
        <ele>10.6000003814697265625</ele>
        <time>2026-08-31T10:55:48.000Z</time>
        <extensions>
          <ns3:TrackPointExtension>
            <ns3:hr>144</ns3:hr>
            <ns3:cad>85</ns3:cad>
          </ns3:TrackPointExtension>
        </extensions>
      </trkpt>
      <trkpt lat="31.21970468200743198394775390625" lon="121.38543955050408840179443359375">
        <ele>10.6000003814697265625</ele>
        <time>2026-08-31T10:55:49.000Z</time>
        <extensions>
          <ns3:TrackPointExtension>
            <ns3:hr>144</ns3:hr>
            <ns3:cad>85</ns3:cad>
          </ns3:TrackPointExtension>
        </extensions>
      </trkpt>
      <trkpt lat="31.2196833081543445587158203125" lon="121.38544122688472270965576171875">
        <ele>10.6000003814697265625</ele>
        <time>2026-08-31T10:55:50.000Z</time>
        <extensions>
          <ns3:TrackPointExtension>
            <ns3:hr>144</ns3:hr>
            <ns3:cad>82</ns3:cad>
          </ns3:TrackPointExtension>
        </extensions>
      </trkpt>
      <trkpt lat="31.219660006463527679443359375" lon="121.38544960878789424896240234375">
        <ele>10.6000003814697265625</ele>
        <time>2026-08-31T10:55:51.000Z</time>
        <extensions>
          <ns3:TrackPointExtension>
            <ns3:hr>144</ns3:hr>
            <ns3:cad>82</ns3:cad>
          </ns3:TrackPointExtension>
        </extensions>
      </trkpt>
      <trkpt lat="31.21963561512529850006103515625" lon="121.38545245863497257232666015625">
        <ele>10.6000003814697265625</ele>
        <time>2026-08-31T10:55:52.000Z</time>
        <extensions>
          <ns3:TrackPointExtension>
            <ns3:hr>144</ns3:hr>
            <ns3:cad>84</ns3:cad>
          </ns3:TrackPointExtension>
        </extensions>
      </trkpt>
      <trkpt lat="31.21961616910994052886962890625" lon="121.3854592479765415191650390625">
        <ele>10.6000003814697265625</ele>
        <time>2026-08-31T10:55:53.000Z</time>
        <extensions>
          <ns3:TrackPointExtension>
            <ns3:hr>144</ns3:hr>
            <ns3:cad>86</ns3:cad>
          </ns3:TrackPointExtension>
        </extensions>
      </trkpt>
      <trkpt lat="31.2195897661149501800537109375" lon="121.38545765541493892669677734375">
        <ele>10.6000003814697265625</ele>
        <time>2026-08-31T10:55:54.000Z</time>
        <extensions>
          <ns3:TrackPointExtension>
            <ns3:hr>144</ns3:hr>
            <ns3:cad>86</ns3:cad>
          </ns3:TrackPointExtension>
        </extensions>
      </trkpt>
      <trkpt lat="31.21956872753798961639404296875" lon="121.38546385802328586578369140625">
        <ele>10.3999996185302734375</ele>
        <time>2026-08-31T10:55:55.000Z</time>
        <extensions>
          <ns3:TrackPointExtension>
            <ns3:hr>144</ns3:hr>
            <ns3:cad>86</ns3:cad>
          </ns3:TrackPointExtension>
        </extensions>
      </trkpt>
      <trkpt lat="31.2195434980094432830810546875" lon="121.38546268455684185028076171875">
        <ele>10.6000003814697265625</ele>
        <time>2026-08-31T10:55:56.000Z</time>
        <extensions>
          <ns3:TrackPointExtension>
            <ns3:hr>144</ns3:hr>
            <ns3:cad>86</ns3:cad>
          </ns3:TrackPointExtension>
        </extensions>
      </trkpt>
      <trkpt lat="31.21952061541378498077392578125" lon="121.385462097823619842529296875">
        <ele>10.3999996185302734375</ele>
        <time>2026-08-31T10:55:57.000Z</time>
        <extensions>
          <ns3:TrackPointExtension>
            <ns3:hr>144</ns3:hr>
            <ns3:cad>86</ns3:cad>
          </ns3:TrackPointExtension>
        </extensions>
      </trkpt>
      <trkpt lat="31.2195025943219661712646484375" lon="121.38546084053814411163330078125">
        <ele>10.3999996185302734375</ele>
        <time>2026-08-31T10:55:58.000Z</time>
        <extensions>
          <ns3:TrackPointExtension>
            <ns3:hr>144</ns3:hr>
            <ns3:cad>87</ns3:cad>
          </ns3:TrackPointExtension>
        </extensions>
      </trkpt>
      <trkpt lat="31.21948289684951305389404296875" lon="121.38546000234782695770263671875">
        <ele>10.3999996185302734375</ele>
        <time>2026-08-31T10:55:59.000Z</time>
        <extensions>
          <ns3:TrackPointExtension>
            <ns3:hr>144</ns3:hr>
            <ns3:cad>87</ns3:cad>
          </ns3:TrackPointExtension>
        </extensions>
      </trkpt>
      <trkpt lat="31.219465546309947967529296875" lon="121.38546318747103214263916015625">
        <ele>10.3999996185302734375</ele>
        <time>2026-08-31T10:56:00.000Z</time>
        <extensions>
          <ns3:TrackPointExtension>
            <ns3:hr>143</ns3:hr>
            <ns3:cad>87</ns3:cad>
          </ns3:TrackPointExtension>
        </extensions>
      </trkpt>
      <trkpt lat="31.21944509446620941162109375" lon="121.3854666240513324737548828125">
        <ele>10.3999996185302734375</ele>
        <time>2026-08-31T10:56:01.000Z</time>
        <extensions>
          <ns3:TrackPointExtension>
            <ns3:hr>144</ns3:hr>
            <ns3:cad>87</ns3:cad>
          </ns3:TrackPointExtension>
        </extensions>
      </trkpt>
      <trkpt lat="31.21942439116537570953369140625" lon="121.38547341339290142059326171875">
        <ele>10.3999996185302734375</ele>
        <time>2026-08-31T10:56:02.000Z</time>
        <extensions>
          <ns3:TrackPointExtension>
            <ns3:hr>143</ns3:hr>
            <ns3:cad>86</ns3:cad>
          </ns3:TrackPointExtension>
        </extensions>
      </trkpt>
      <trkpt lat="31.21940025128424167633056640625" lon="121.3854750059545040130615234375">
        <ele>10.3999996185302734375</ele>
        <time>2026-08-31T10:56:03.000Z</time>
        <extensions>
          <ns3:TrackPointExtension>
            <ns3:hr>143</ns3:hr>
            <ns3:cad>86</ns3:cad>
          </ns3:TrackPointExtension>
        </extensions>
      </trkpt>
      <trkpt lat="31.21937669813632965087890625" lon="121.385474503040313720703125">
        <ele>10.3999996185302734375</ele>
        <time>2026-08-31T10:56:04.000Z</time>
        <extensions>
          <ns3:TrackPointExtension>
            <ns3:hr>143</ns3:hr>
            <ns3:cad>86</ns3:cad>
          </ns3:TrackPointExtension>
        </extensions>
      </trkpt>
      <trkpt lat="31.2193527258932590484619140625" lon="121.3854686357080936431884765625">
        <ele>10.3999996185302734375</ele>
        <time>2026-08-31T10:56:05.000Z</time>
        <extensions>
          <ns3:TrackPointExtension>
            <ns3:hr>144</ns3:hr>
            <ns3:cad>87</ns3:cad>
          </ns3:TrackPointExtension>
        </extensions>
      </trkpt>
      <trkpt lat="31.21933487243950366973876953125" lon="121.38546469621360301971435546875">
        <ele>10.3999996185302734375</ele>
        <time>2026-08-31T10:56:06.000Z</time>
        <extensions>
          <ns3:TrackPointExtension>
            <ns3:hr>143</ns3:hr>
            <ns3:cad>87</ns3:cad>
          </ns3:TrackPointExtension>
        </extensions>
      </trkpt>
      <trkpt lat="31.219311989843845367431640625" lon="121.3854626007378101348876953125">
        <ele>10.3999996185302734375</ele>
        <time>2026-08-31T10:56:07.000Z</time>
        <extensions>
          <ns3:TrackPointExtension>
            <ns3:hr>143</ns3:hr>
            <ns3:cad>86</ns3:cad>
          </ns3:TrackPointExtension>
        </extensions>
      </trkpt>
      <trkpt lat="31.219291202723979949951171875" lon="121.38545949943363666534423828125">
        <ele>10.3999996185302734375</ele>
        <time>2026-08-31T10:56:08.000Z</time>
        <extensions>
          <ns3:TrackPointExtension>
            <ns3:hr>143</ns3:hr>
            <ns3:cad>86</ns3:cad>
          </ns3:TrackPointExtension>
        </extensions>
      </trkpt>
      <trkpt lat="31.219269745051860809326171875" lon="121.38545933179557323455810546875">
        <ele>10.19999980926513671875</ele>
        <time>2026-08-31T10:56:09.000Z</time>
        <extensions>
          <ns3:TrackPointExtension>
            <ns3:hr>143</ns3:hr>
            <ns3:cad>86</ns3:cad>
          </ns3:TrackPointExtension>
        </extensions>
      </trkpt>
      <trkpt lat="31.21924661099910736083984375" lon="121.3854528777301311492919921875">
        <ele>10.19999980926513671875</ele>
        <time>2026-08-31T10:56:10.000Z</time>
        <extensions>
          <ns3:TrackPointExtension>
            <ns3:hr>143</ns3:hr>
            <ns3:cad>86</ns3:cad>
          </ns3:TrackPointExtension>
        </extensions>
      </trkpt>
      <trkpt lat="31.2192253209650516510009765625" lon="121.38545027934014797210693359375">
        <ele>10.19999980926513671875</ele>
        <time>2026-08-31T10:56:11.000Z</time>
        <extensions>
          <ns3:TrackPointExtension>
            <ns3:hr>143</ns3:hr>
            <ns3:cad>87</ns3:cad>
          </ns3:TrackPointExtension>
        </extensions>
      </trkpt>
      <trkpt lat="31.21919833123683929443359375" lon="121.385446675121784210205078125">
        <ele>10.19999980926513671875</ele>
        <time>2026-08-31T10:56:12.000Z</time>
        <extensions>
          <ns3:TrackPointExtension>
            <ns3:hr>142</ns3:hr>
            <ns3:cad>87</ns3:cad>
          </ns3:TrackPointExtension>
        </extensions>
      </trkpt>
      <trkpt lat="31.219177208840847015380859375" lon="121.38543904758989810943603515625">
        <ele>10</ele>
        <time>2026-08-31T10:56:13.000Z</time>
        <extensions>
          <ns3:TrackPointExtension>
            <ns3:hr>143</ns3:hr>
            <ns3:cad>87</ns3:cad>
          </ns3:TrackPointExtension>
        </extensions>
      </trkpt>
      <trkpt lat="31.2191498838365077972412109375" lon="121.38542748056352138519287109375">
        <ele>10</ele>
        <time>2026-08-31T10:56:14.000Z</time>
        <extensions>
          <ns3:TrackPointExtension>
            <ns3:hr>143</ns3:hr>
            <ns3:cad>87</ns3:cad>
          </ns3:TrackPointExtension>
        </extensions>
      </trkpt>
      <trkpt lat="31.2191297672688961029052734375" lon="121.3854180090129375457763671875">
        <ele>10</ele>
        <time>2026-08-31T10:56:15.000Z</time>
        <extensions>
          <ns3:TrackPointExtension>
            <ns3:hr>143</ns3:hr>
            <ns3:cad>86</ns3:cad>
          </ns3:TrackPointExtension>
        </extensions>
      </trkpt>
      <trkpt lat="31.21910403482615947723388671875" lon="121.3854086212813854217529296875">
        <ele>10.19999980926513671875</ele>
        <time>2026-08-31T10:56:16.000Z</time>
        <extensions>
          <ns3:TrackPointExtension>
            <ns3:hr>143</ns3:hr>
            <ns3:cad>86</ns3:cad>
          </ns3:TrackPointExtension>
        </extensions>
      </trkpt>
      <trkpt lat="31.21907972730696201324462890625" lon="121.38540719635784626007080078125">
        <ele>10.19999980926513671875</ele>
        <time>2026-08-31T10:56:17.000Z</time>
        <extensions>
          <ns3:TrackPointExtension>
            <ns3:hr>143</ns3:hr>
            <ns3:cad>87</ns3:cad>
          </ns3:TrackPointExtension>
        </extensions>
      </trkpt>
      <trkpt lat="31.2190563417971134185791015625" lon="121.38540677726268768310546875">
        <ele>10.19999980926513671875</ele>
        <time>2026-08-31T10:56:18.000Z</time>
        <extensions>
          <ns3:TrackPointExtension>
            <ns3:hr>143</ns3:hr>
            <ns3:cad>87</ns3:cad>
          </ns3:TrackPointExtension>
        </extensions>
      </trkpt>
      <trkpt lat="31.21903002262115478515625" lon="121.38540132902562618255615234375">
        <ele>10.19999980926513671875</ele>
        <time>2026-08-31T10:56:19.000Z</time>
        <extensions>
          <ns3:TrackPointExtension>
            <ns3:hr>143</ns3:hr>
            <ns3:cad>87</ns3:cad>
          </ns3:TrackPointExtension>
        </extensions>
      </trkpt>
      <trkpt lat="31.21901057660579681396484375" lon="121.385399736464023590087890625">
        <ele>10.19999980926513671875</ele>
        <time>2026-08-31T10:56:20.000Z</time>
        <extensions>
          <ns3:TrackPointExtension>
            <ns3:hr>143</ns3:hr>
            <ns3:cad>86</ns3:cad>
          </ns3:TrackPointExtension>
        </extensions>
      </trkpt>
      <trkpt lat="31.218983419239521026611328125" lon="121.38540300540626049041748046875">
        <ele>10.19999980926513671875</ele>
        <time>2026-08-31T10:56:21.000Z</time>
        <extensions>
          <ns3:TrackPointExtension>
            <ns3:hr>142</ns3:hr>
            <ns3:cad>86</ns3:cad>
          </ns3:TrackPointExtension>
        </extensions>
      </trkpt>
      <trkpt lat="31.21895466931164264678955078125" lon="121.3854106329381465911865234375">
        <ele>10.19999980926513671875</ele>
        <time>2026-08-31T10:56:22.000Z</time>
        <extensions>
          <ns3:TrackPointExtension>
            <ns3:hr>142</ns3:hr>
            <ns3:cad>86</ns3:cad>
          </ns3:TrackPointExtension>
        </extensions>
      </trkpt>
      <trkpt lat="31.21892340481281280517578125" lon="121.38540283776819705963134765625">
        <ele>10.19999980926513671875</ele>
        <time>2026-08-31T10:56:23.000Z</time>
        <extensions>
          <ns3:TrackPointExtension>
            <ns3:hr>142</ns3:hr>
            <ns3:cad>86</ns3:cad>
          </ns3:TrackPointExtension>
        </extensions>
      </trkpt>
      <trkpt lat="31.218898929655551910400390625" lon="121.3853908516466617584228515625">
        <ele>10.19999980926513671875</ele>
        <time>2026-08-31T10:56:24.000Z</time>
        <extensions>
          <ns3:TrackPointExtension>
            <ns3:hr>143</ns3:hr>
            <ns3:cad>86</ns3:cad>
          </ns3:TrackPointExtension>
        </extensions>
      </trkpt>
      <trkpt lat="31.2188722752034664154052734375" lon="121.38538607396185398101806640625">
        <ele>10.19999980926513671875</ele>
        <time>2026-08-31T10:56:25.000Z</time>
        <extensions>
          <ns3:TrackPointExtension>
            <ns3:hr>143</ns3:hr>
            <ns3:cad>86</ns3:cad>
          </ns3:TrackPointExtension>
        </extensions>
      </trkpt>
      <trkpt lat="31.2188494764268398284912109375" lon="121.38537148945033550262451171875">
        <ele>10</ele>
        <time>2026-08-31T10:56:26.000Z</time>
        <extensions>
          <ns3:TrackPointExtension>
            <ns3:hr>143</ns3:hr>
            <ns3:cad>86</ns3:cad>
          </ns3:TrackPointExtension>
        </extensions>
      </trkpt>
      <trkpt lat="31.21882910840213298797607421875" lon="121.385368891060352325439453125">
        <ele>10</ele>
        <time>2026-08-31T10:56:27.000Z</time>
        <extensions>
          <ns3:TrackPointExtension>
            <ns3:hr>142</ns3:hr>
            <ns3:cad>86</ns3:cad>
          </ns3:TrackPointExtension>
        </extensions>
      </trkpt>
      <trkpt lat="31.2188058905303478240966796875" lon="121.38536293990910053253173828125">
        <ele>10</ele>
        <time>2026-08-31T10:56:28.000Z</time>
        <extensions>
          <ns3:TrackPointExtension>
            <ns3:hr>142</ns3:hr>
            <ns3:cad>86</ns3:cad>
          </ns3:TrackPointExtension>
        </extensions>
      </trkpt>
      <trkpt lat="31.2187881208956241607666015625" lon="121.38535539619624614715576171875">
        <ele>10</ele>
        <time>2026-08-31T10:56:29.000Z</time>
        <extensions>
          <ns3:TrackPointExtension>
            <ns3:hr>143</ns3:hr>
            <ns3:cad>87</ns3:cad>
          </ns3:TrackPointExtension>
        </extensions>
      </trkpt>
      <trkpt lat="31.2187659926712512969970703125" lon="121.385345421731472015380859375">
        <ele>10</ele>
        <time>2026-08-31T10:56:30.000Z</time>
        <extensions>
          <ns3:TrackPointExtension>
            <ns3:hr>143</ns3:hr>
            <ns3:cad>87</ns3:cad>
          </ns3:TrackPointExtension>
        </extensions>
      </trkpt>
      <trkpt lat="31.21874730102717876434326171875" lon="121.3853390514850616455078125">
        <ele>10</ele>
        <time>2026-08-31T10:56:31.000Z</time>
        <extensions>
          <ns3:TrackPointExtension>
            <ns3:hr>143</ns3:hr>
            <ns3:cad>88</ns3:cad>
          </ns3:TrackPointExtension>
        </extensions>
      </trkpt>
      <trkpt lat="31.21872265823185443878173828125" lon="121.38533092103898525238037109375">
        <ele>10</ele>
        <time>2026-08-31T10:56:32.000Z</time>
        <extensions>
          <ns3:TrackPointExtension>
            <ns3:hr>143</ns3:hr>
            <ns3:cad>88</ns3:cad>
          </ns3:TrackPointExtension>
        </extensions>
      </trkpt>
      <trkpt lat="31.21870270930230617523193359375" lon="121.3853224553167819976806640625">
        <ele>10</ele>
        <time>2026-08-31T10:56:33.000Z</time>
        <extensions>
          <ns3:TrackPointExtension>
            <ns3:hr>144</ns3:hr>
            <ns3:cad>87</ns3:cad>
          </ns3:TrackPointExtension>
        </extensions>
      </trkpt>
      <trkpt lat="31.21867923997342586517333984375" lon="121.38531080447137355804443359375">
        <ele>10</ele>
        <time>2026-08-31T10:56:34.000Z</time>
        <extensions>
          <ns3:TrackPointExtension>
            <ns3:hr>144</ns3:hr>
            <ns3:cad>86</ns3:cad>
          </ns3:TrackPointExtension>
        </extensions>
      </trkpt>
      <trkpt lat="31.2186597101390361785888671875" lon="121.38529990799725055694580078125">
        <ele>10</ele>
        <time>2026-08-31T10:56:35.000Z</time>
        <extensions>
          <ns3:TrackPointExtension>
            <ns3:hr>144</ns3:hr>
            <ns3:cad>87</ns3:cad>
          </ns3:TrackPointExtension>
        </extensions>
      </trkpt>
      <trkpt lat="31.2186355702579021453857421875" lon="121.38528876006603240966796875">
        <ele>10</ele>
        <time>2026-08-31T10:56:36.000Z</time>
        <extensions>
          <ns3:TrackPointExtension>
            <ns3:hr>144</ns3:hr>
            <ns3:cad>88</ns3:cad>
          </ns3:TrackPointExtension>
        </extensions>
      </trkpt>
      <trkpt lat="31.2186151184141635894775390625" lon="121.38527878560125827789306640625">
        <ele>10</ele>
        <time>2026-08-31T10:56:37.000Z</time>
        <extensions>
          <ns3:TrackPointExtension>
            <ns3:hr>144</ns3:hr>
            <ns3:cad>88</ns3:cad>
          </ns3:TrackPointExtension>
        </extensions>
      </trkpt>
      <trkpt lat="31.2185926549136638641357421875" lon="121.3852666318416595458984375">
        <ele>10</ele>
        <time>2026-08-31T10:56:38.000Z</time>
        <extensions>
          <ns3:TrackPointExtension>
            <ns3:hr>144</ns3:hr>
            <ns3:cad>88</ns3:cad>
          </ns3:TrackPointExtension>
        </extensions>
      </trkpt>
      <trkpt lat="31.21856776066124439239501953125" lon="121.38526252470910549163818359375">
        <ele>10</ele>
        <time>2026-08-31T10:56:39.000Z</time>
        <extensions>
          <ns3:TrackPointExtension>
            <ns3:hr>145</ns3:hr>
            <ns3:cad>87</ns3:cad>
          </ns3:TrackPointExtension>
        </extensions>
      </trkpt>
      <trkpt lat="31.2185470573604106903076171875" lon="121.3852523826062679290771484375">
        <ele>10</ele>
        <time>2026-08-31T10:56:40.000Z</time>
        <extensions>
          <ns3:TrackPointExtension>
            <ns3:hr>145</ns3:hr>
            <ns3:cad>87</ns3:cad>
          </ns3:TrackPointExtension>
        </extensions>
      </trkpt>
      <trkpt lat="31.2185204029083251953125" lon="121.3852329365909099578857421875">
        <ele>10</ele>
        <time>2026-08-31T10:56:41.000Z</time>
        <extensions>
          <ns3:TrackPointExtension>
            <ns3:hr>145</ns3:hr>
            <ns3:cad>87</ns3:cad>
          </ns3:TrackPointExtension>
        </extensions>
      </trkpt>
      <trkpt lat="31.21850489638745784759521484375" lon="121.38522329740226268768310546875">
        <ele>10.19999980926513671875</ele>
        <time>2026-08-31T10:56:42.000Z</time>
        <extensions>
          <ns3:TrackPointExtension>
            <ns3:hr>145</ns3:hr>
            <ns3:cad>88</ns3:cad>
          </ns3:TrackPointExtension>
        </extensions>
      </trkpt>
      <trkpt lat="31.21848209761083126068115234375" lon="121.38520820997655391693115234375">
        <ele>10.19999980926513671875</ele>
        <time>2026-08-31T10:56:43.000Z</time>
        <extensions>
          <ns3:TrackPointExtension>
            <ns3:hr>146</ns3:hr>
            <ns3:cad>88</ns3:cad>
          </ns3:TrackPointExtension>
        </extensions>
      </trkpt>
      <trkpt lat="31.218467094004154205322265625" lon="121.3851943798363208770751953125">
        <ele>10.19999980926513671875</ele>
        <time>2026-08-31T10:56:44.000Z</time>
        <extensions>
          <ns3:TrackPointExtension>
            <ns3:hr>146</ns3:hr>
            <ns3:cad>88</ns3:cad>
          </ns3:TrackPointExtension>
        </extensions>
      </trkpt>
      <trkpt lat="31.21844018809497356414794921875" lon="121.38517267070710659027099609375">
        <ele>10.19999980926513671875</ele>
        <time>2026-08-31T10:56:45.000Z</time>
        <extensions>
          <ns3:TrackPointExtension>
            <ns3:hr>146</ns3:hr>
            <ns3:cad>87</ns3:cad>
          </ns3:TrackPointExtension>
        </extensions>
      </trkpt>
      <trkpt lat="31.2184213288128376007080078125" lon="121.385163366794586181640625">
        <ele>10.19999980926513671875</ele>
        <time>2026-08-31T10:56:46.000Z</time>
        <extensions>
          <ns3:TrackPointExtension>
            <ns3:hr>146</ns3:hr>
            <ns3:cad>87</ns3:cad>
          </ns3:TrackPointExtension>
        </extensions>
      </trkpt>
      <trkpt lat="31.2183988653123378753662109375" lon="121.38514702208340167999267578125">
        <ele>10.19999980926513671875</ele>
        <time>2026-08-31T10:56:47.000Z</time>
        <extensions>
          <ns3:TrackPointExtension>
            <ns3:hr>145</ns3:hr>
            <ns3:cad>87</ns3:cad>
          </ns3:TrackPointExtension>
        </extensions>
      </trkpt>
      <trkpt lat="31.21837799437344074249267578125" lon="121.38513176701962947845458984375">
        <ele>10.19999980926513671875</ele>
        <time>2026-08-31T10:56:48.000Z</time>
        <extensions>
          <ns3:TrackPointExtension>
            <ns3:hr>146</ns3:hr>
            <ns3:cad>88</ns3:cad>
          </ns3:TrackPointExtension>
        </extensions>
      </trkpt>
      <trkpt lat="31.2183633260428905487060546875" lon="121.38511701487004756927490234375">
        <ele>10.19999980926513671875</ele>
        <time>2026-08-31T10:56:49.000Z</time>
        <extensions>
          <ns3:TrackPointExtension>
            <ns3:hr>146</ns3:hr>
            <ns3:cad>88</ns3:cad>
          </ns3:TrackPointExtension>
        </extensions>
      </trkpt>
      <trkpt lat="31.21834337711334228515625" lon="121.3851072080433368682861328125">
        <ele>10.3999996185302734375</ele>
        <time>2026-08-31T10:56:50.000Z</time>
        <extensions>
          <ns3:TrackPointExtension>
            <ns3:hr>146</ns3:hr>
            <ns3:cad>88</ns3:cad>
          </ns3:TrackPointExtension>
        </extensions>
      </trkpt>
      <trkpt lat="31.21832904405891895294189453125" lon="121.3850934617221355438232421875">
        <ele>10.3999996185302734375</ele>
        <time>2026-08-31T10:56:51.000Z</time>
        <extensions>
          <ns3:TrackPointExtension>
            <ns3:hr>146</ns3:hr>
            <ns3:cad>87</ns3:cad>
          </ns3:TrackPointExtension>
        </extensions>
      </trkpt>
      <trkpt lat="31.21830943040549755096435546875" lon="121.3850748538970947265625">
        <ele>10.19999980926513671875</ele>
        <time>2026-08-31T10:56:52.000Z</time>
        <extensions>
          <ns3:TrackPointExtension>
            <ns3:hr>145</ns3:hr>
            <ns3:cad>86</ns3:cad>
          </ns3:TrackPointExtension>
        </extensions>
      </trkpt>
      <trkpt lat="31.2182902358472347259521484375" lon="121.385061107575893402099609375">
        <ele>10.19999980926513671875</ele>
        <time>2026-08-31T10:56:53.000Z</time>
        <extensions>
          <ns3:TrackPointExtension>
            <ns3:hr>146</ns3:hr>
            <ns3:cad>86</ns3:cad>
          </ns3:TrackPointExtension>
        </extensions>
      </trkpt>
      <trkpt lat="31.21827162802219390869140625" lon="121.38504803180694580078125">
        <ele>10.19999980926513671875</ele>
        <time>2026-08-31T10:56:54.000Z</time>
        <extensions>
          <ns3:TrackPointExtension>
            <ns3:hr>146</ns3:hr>
            <ns3:cad>87</ns3:cad>
          </ns3:TrackPointExtension>
        </extensions>
      </trkpt>
      <trkpt lat="31.2182536907494068145751953125" lon="121.38503872789442539215087890625">
        <ele>10.19999980926513671875</ele>
        <time>2026-08-31T10:56:55.000Z</time>
        <extensions>
          <ns3:TrackPointExtension>
            <ns3:hr>146</ns3:hr>
            <ns3:cad>88</ns3:cad>
          </ns3:TrackPointExtension>
        </extensions>
      </trkpt>
      <trkpt lat="31.2182298861443996429443359375" lon="121.3850264064967632293701171875">
        <ele>10</ele>
        <time>2026-08-31T10:56:56.000Z</time>
        <extensions>
          <ns3:TrackPointExtension>
            <ns3:hr>145</ns3:hr>
            <ns3:cad>88</ns3:cad>
          </ns3:TrackPointExtension>
        </extensions>
      </trkpt>
      <trkpt lat="31.21821463108062744140625" lon="121.38501115143299102783203125">
        <ele>10</ele>
        <time>2026-08-31T10:56:57.000Z</time>
        <extensions>
          <ns3:TrackPointExtension>
            <ns3:hr>146</ns3:hr>
            <ns3:cad>88</ns3:cad>
          </ns3:TrackPointExtension>
        </extensions>
      </trkpt>
      <trkpt lat="31.2181909941136837005615234375" lon="121.3850019313395023345947265625">
        <ele>10</ele>
        <time>2026-08-31T10:56:58.000Z</time>
        <extensions>
          <ns3:TrackPointExtension>
            <ns3:hr>146</ns3:hr>
            <ns3:cad>87</ns3:cad>
          </ns3:TrackPointExtension>
        </extensions>
      </trkpt>
      <trkpt lat="31.218170039355754852294921875" lon="121.38498944230377674102783203125">
        <ele>10</ele>
        <time>2026-08-31T10:56:59.000Z</time>
        <extensions>
          <ns3:TrackPointExtension>
            <ns3:hr>146</ns3:hr>
            <ns3:cad>86</ns3:cad>
          </ns3:TrackPointExtension>
        </extensions>
      </trkpt>
      <trkpt lat="31.2181514315307140350341796875" lon="121.38497552834451198577880859375">
        <ele>10</ele>
        <time>2026-08-31T10:57:00.000Z</time>
        <extensions>
          <ns3:TrackPointExtension>
            <ns3:hr>145</ns3:hr>
            <ns3:cad>87</ns3:cad>
          </ns3:TrackPointExtension>
        </extensions>
      </trkpt>
      <trkpt lat="31.21812838129699230194091796875" lon="121.38495926745235919952392578125">
        <ele>10</ele>
        <time>2026-08-31T10:57:01.000Z</time>
        <extensions>
          <ns3:TrackPointExtension>
            <ns3:hr>146</ns3:hr>
            <ns3:cad>87</ns3:cad>
          </ns3:TrackPointExtension>
        </extensions>
      </trkpt>
      <trkpt lat="31.21811069548130035400390625" lon="121.38494702987372875213623046875">
        <ele>10</ele>
        <time>2026-08-31T10:57:02.000Z</time>
        <extensions>
          <ns3:TrackPointExtension>
            <ns3:hr>146</ns3:hr>
            <ns3:cad>88</ns3:cad>
          </ns3:TrackPointExtension>
        </extensions>
      </trkpt>
      <trkpt lat="31.2180912494659423828125" lon="121.3849315233528614044189453125">
        <ele>10</ele>
        <time>2026-08-31T10:57:03.000Z</time>
        <extensions>
          <ns3:TrackPointExtension>
            <ns3:hr>145</ns3:hr>
            <ns3:cad>88</ns3:cad>
          </ns3:TrackPointExtension>
        </extensions>
      </trkpt>
      <trkpt lat="31.21807389892637729644775390625" lon="121.3849211297929286956787109375">
        <ele>10</ele>
        <time>2026-08-31T10:57:04.000Z</time>
        <extensions>
          <ns3:TrackPointExtension>
            <ns3:hr>146</ns3:hr>
            <ns3:cad>87</ns3:cad>
          </ns3:TrackPointExtension>
        </extensions>
      </trkpt>
      <trkpt lat="31.2180545367300510406494140625" lon="121.38490629382431507110595703125">
        <ele>10</ele>
        <time>2026-08-31T10:57:05.000Z</time>
        <extensions>
          <ns3:TrackPointExtension>
            <ns3:hr>146</ns3:hr>
            <ns3:cad>87</ns3:cad>
          </ns3:TrackPointExtension>
        </extensions>
      </trkpt>
      <trkpt lat="31.21803693473339080810546875" lon="121.38489221222698688507080078125">
        <ele>9.80000019073486328125</ele>
        <time>2026-08-31T10:57:06.000Z</time>
        <extensions>
          <ns3:TrackPointExtension>
            <ns3:hr>146</ns3:hr>
            <ns3:cad>87</ns3:cad>
          </ns3:TrackPointExtension>
        </extensions>
      </trkpt>
      <trkpt lat="31.2180173210799694061279296875" lon="121.3848765380680561065673828125">
        <ele>9.80000019073486328125</ele>
        <time>2026-08-31T10:57:07.000Z</time>
        <extensions>
          <ns3:TrackPointExtension>
            <ns3:hr>146</ns3:hr>
            <ns3:cad>87</ns3:cad>
          </ns3:TrackPointExtension>
        </extensions>
      </trkpt>
      <trkpt lat="31.217997036874294281005859375" lon="121.38486203737556934356689453125">
        <ele>9.80000019073486328125</ele>
        <time>2026-08-31T10:57:08.000Z</time>
        <extensions>
          <ns3:TrackPointExtension>
            <ns3:hr>147</ns3:hr>
            <ns3:cad>87</ns3:cad>
          </ns3:TrackPointExtension>
        </extensions>
      </trkpt>
      <trkpt lat="31.21797767467796802520751953125" lon="121.38484879396855831146240234375">
        <ele>9.80000019073486328125</ele>
        <time>2026-08-31T10:57:09.000Z</time>
        <extensions>
          <ns3:TrackPointExtension>
            <ns3:hr>147</ns3:hr>
            <ns3:cad>87</ns3:cad>
          </ns3:TrackPointExtension>
        </extensions>
      </trkpt>
      <trkpt lat="31.217959821224212646484375" lon="121.38482951559126377105712890625">
        <ele>9.80000019073486328125</ele>
        <time>2026-08-31T10:57:10.000Z</time>
        <extensions>
          <ns3:TrackPointExtension>
            <ns3:hr>147</ns3:hr>
            <ns3:cad>87</ns3:cad>
          </ns3:TrackPointExtension>
        </extensions>
      </trkpt>
      <trkpt lat="31.2179405428469181060791015625" lon="121.384817697107791900634765625">
        <ele>9.6000003814697265625</ele>
        <time>2026-08-31T10:57:11.000Z</time>
        <extensions>
          <ns3:TrackPointExtension>
            <ns3:hr>147</ns3:hr>
            <ns3:cad>86</ns3:cad>
          </ns3:TrackPointExtension>
        </extensions>
      </trkpt>
      <trkpt lat="31.217917241156101226806640625" lon="121.38480587862432003021240234375">
        <ele>9.6000003814697265625</ele>
        <time>2026-08-31T10:57:12.000Z</time>
        <extensions>
          <ns3:TrackPointExtension>
            <ns3:hr>147</ns3:hr>
            <ns3:cad>86</ns3:cad>
          </ns3:TrackPointExtension>
        </extensions>
      </trkpt>
      <trkpt lat="31.217893101274967193603515625" lon="121.3847950659692287445068359375">
        <ele>9.6000003814697265625</ele>
        <time>2026-08-31T10:57:13.000Z</time>
        <extensions>
          <ns3:TrackPointExtension>
            <ns3:hr>147</ns3:hr>
            <ns3:cad>87</ns3:cad>
          </ns3:TrackPointExtension>
        </extensions>
      </trkpt>
      <trkpt lat="31.21786602772772312164306640625" lon="121.384784840047359466552734375">
        <ele>9.6000003814697265625</ele>
        <time>2026-08-31T10:57:14.000Z</time>
        <extensions>
          <ns3:TrackPointExtension>
            <ns3:hr>147</ns3:hr>
            <ns3:cad>87</ns3:cad>
          </ns3:TrackPointExtension>
        </extensions>
      </trkpt>
      <trkpt lat="31.217844150960445404052734375" lon="121.38477645814418792724609375">
        <ele>9.80000019073486328125</ele>
        <time>2026-08-31T10:57:15.000Z</time>
        <extensions>
          <ns3:TrackPointExtension>
            <ns3:hr>148</ns3:hr>
            <ns3:cad>87</ns3:cad>
          </ns3:TrackPointExtension>
        </extensions>
      </trkpt>
      <trkpt lat="31.2178201787173748016357421875" lon="121.38476396910846233367919921875">
        <ele>9.80000019073486328125</ele>
        <time>2026-08-31T10:57:16.000Z</time>
        <extensions>
          <ns3:TrackPointExtension>
            <ns3:hr>147</ns3:hr>
            <ns3:cad>87</ns3:cad>
          </ns3:TrackPointExtension>
        </extensions>
      </trkpt>
      <trkpt lat="31.217796541750431060791015625" lon="121.38475893996655941009521484375">
        <ele>9.80000019073486328125</ele>
        <time>2026-08-31T10:57:17.000Z</time>
        <extensions>
          <ns3:TrackPointExtension>
            <ns3:hr>147</ns3:hr>
            <ns3:cad>87</ns3:cad>
          </ns3:TrackPointExtension>
        </extensions>
      </trkpt>
      <trkpt lat="31.21777273714542388916015625" lon="121.38474469073116779327392578125">
        <ele>9.80000019073486328125</ele>
        <time>2026-08-31T10:57:18.000Z</time>
        <extensions>
          <ns3:TrackPointExtension>
            <ns3:hr>147</ns3:hr>
            <ns3:cad>87</ns3:cad>
          </ns3:TrackPointExtension>
        </extensions>
      </trkpt>
      <trkpt lat="31.21775639243423938751220703125" lon="121.38473396189510822296142578125">
        <ele>9.80000019073486328125</ele>
        <time>2026-08-31T10:57:19.000Z</time>
        <extensions>
          <ns3:TrackPointExtension>
            <ns3:hr>148</ns3:hr>
            <ns3:cad>88</ns3:cad>
          </ns3:TrackPointExtension>
        </extensions>
      </trkpt>
      <trkpt lat="31.21773493476212024688720703125" lon="121.38472775928676128387451171875">
        <ele>9.80000019073486328125</ele>
        <time>2026-08-31T10:57:20.000Z</time>
        <extensions>
          <ns3:TrackPointExtension>
            <ns3:hr>147</ns3:hr>
            <ns3:cad>89</ns3:cad>
          </ns3:TrackPointExtension>
        </extensions>
      </trkpt>
      <trkpt lat="31.21771146543323993682861328125" lon="121.38471879065036773681640625">
        <ele>9.80000019073486328125</ele>
        <time>2026-08-31T10:57:21.000Z</time>
        <extensions>
          <ns3:TrackPointExtension>
            <ns3:hr>147</ns3:hr>
            <ns3:cad>89</ns3:cad>
          </ns3:TrackPointExtension>
        </extensions>
      </trkpt>
      <trkpt lat="31.217695288360118865966796875" lon="121.38471317477524280548095703125">
        <ele>9.80000019073486328125</ele>
        <time>2026-08-31T10:57:22.000Z</time>
        <extensions>
          <ns3:TrackPointExtension>
            <ns3:hr>147</ns3:hr>
            <ns3:cad>88</ns3:cad>
          </ns3:TrackPointExtension>
        </extensions>
      </trkpt>
      <trkpt lat="31.21767374686896800994873046875" lon="121.3847062177956104278564453125">
        <ele>9.80000019073486328125</ele>
        <time>2026-08-31T10:57:23.000Z</time>
        <extensions>
          <ns3:TrackPointExtension>
            <ns3:hr>148</ns3:hr>
            <ns3:cad>87</ns3:cad>
          </ns3:TrackPointExtension>
        </extensions>
      </trkpt>
      <trkpt lat="31.21765614487230777740478515625" lon="121.3847018592059612274169921875">
        <ele>9.80000019073486328125</ele>
        <time>2026-08-31T10:57:24.000Z</time>
        <extensions>
          <ns3:TrackPointExtension>
            <ns3:hr>147</ns3:hr>
            <ns3:cad>86</ns3:cad>
          </ns3:TrackPointExtension>
        </extensions>
      </trkpt>
      <trkpt lat="31.21763200499117374420166015625" lon="121.3846944831311702728271484375">
        <ele>9.80000019073486328125</ele>
        <time>2026-08-31T10:57:25.000Z</time>
        <extensions>
          <ns3:TrackPointExtension>
            <ns3:hr>146</ns3:hr>
            <ns3:cad>86</ns3:cad>
          </ns3:TrackPointExtension>
        </extensions>
      </trkpt>
      <trkpt lat="31.21761448681354522705078125" lon="121.3846877776086330413818359375">
        <ele>9.80000019073486328125</ele>
        <time>2026-08-31T10:57:26.000Z</time>
        <extensions>
          <ns3:TrackPointExtension>
            <ns3:hr>146</ns3:hr>
            <ns3:cad>88</ns3:cad>
          </ns3:TrackPointExtension>
        </extensions>
      </trkpt>
      <trkpt lat="31.2175945378839969635009765625" lon="121.384677551686763763427734375">
        <ele>9.6000003814697265625</ele>
        <time>2026-08-31T10:57:27.000Z</time>
        <extensions>
          <ns3:TrackPointExtension>
            <ns3:hr>146</ns3:hr>
            <ns3:cad>88</ns3:cad>
          </ns3:TrackPointExtension>
        </extensions>
      </trkpt>
      <trkpt lat="31.21757567860186100006103515625" lon="121.38467428274452686309814453125">
        <ele>9.80000019073486328125</ele>
        <time>2026-08-31T10:57:28.000Z</time>
        <extensions>
          <ns3:TrackPointExtension>
            <ns3:hr>146</ns3:hr>
            <ns3:cad>88</ns3:cad>
          </ns3:TrackPointExtension>
        </extensions>
      </trkpt>
      <trkpt lat="31.21755589731037616729736328125" lon="121.38466489501297473907470703125">
        <ele>9.80000019073486328125</ele>
        <time>2026-08-31T10:57:29.000Z</time>
        <extensions>
          <ns3:TrackPointExtension>
            <ns3:hr>145</ns3:hr>
            <ns3:cad>87</ns3:cad>
          </ns3:TrackPointExtension>
        </extensions>
      </trkpt>
      <trkpt lat="31.2175365351140499114990234375" lon="121.38465651310980319976806640625">
        <ele>9.80000019073486328125</ele>
        <time>2026-08-31T10:57:30.000Z</time>
        <extensions>
          <ns3:TrackPointExtension>
            <ns3:hr>145</ns3:hr>
            <ns3:cad>87</ns3:cad>
          </ns3:TrackPointExtension>
        </extensions>
      </trkpt>
      <trkpt lat="31.217514909803867340087890625" lon="121.38464779593050479888916015625">
        <ele>9.80000019073486328125</ele>
        <time>2026-08-31T10:57:31.000Z</time>
        <extensions>
          <ns3:TrackPointExtension>
            <ns3:hr>145</ns3:hr>
            <ns3:cad>87</ns3:cad>
          </ns3:TrackPointExtension>
        </extensions>
      </trkpt>
      <trkpt lat="31.217494122684001922607421875" lon="121.38464243151247501373291015625">
        <ele>9.80000019073486328125</ele>
        <time>2026-08-31T10:57:32.000Z</time>
        <extensions>
          <ns3:TrackPointExtension>
            <ns3:hr>145</ns3:hr>
            <ns3:cad>88</ns3:cad>
          </ns3:TrackPointExtension>
        </extensions>
      </trkpt>
      <trkpt lat="31.2174711562693119049072265625" lon="121.384637653827667236328125">
        <ele>9.80000019073486328125</ele>
        <time>2026-08-31T10:57:33.000Z</time>
        <extensions>
          <ns3:TrackPointExtension>
            <ns3:hr>145</ns3:hr>
            <ns3:cad>88</ns3:cad>
          </ns3:TrackPointExtension>
        </extensions>
      </trkpt>
      <trkpt lat="31.2174466811120510101318359375" lon="121.38462985865771770477294921875">
        <ele>9.80000019073486328125</ele>
        <time>2026-08-31T10:57:34.000Z</time>
        <extensions>
          <ns3:TrackPointExtension>
            <ns3:hr>146</ns3:hr>
            <ns3:cad>88</ns3:cad>
          </ns3:TrackPointExtension>
        </extensions>
      </trkpt>
      <trkpt lat="31.217425726354122161865234375" lon="121.38462566770613193511962890625">
        <ele>9.80000019073486328125</ele>
        <time>2026-08-31T10:57:35.000Z</time>
        <extensions>
          <ns3:TrackPointExtension>
            <ns3:hr>146</ns3:hr>
            <ns3:cad>87</ns3:cad>
          </ns3:TrackPointExtension>
        </extensions>
      </trkpt>
      <trkpt lat="31.21740552596747875213623046875" lon="121.384620554745197296142578125">
        <ele>9.6000003814697265625</ele>
        <time>2026-08-31T10:57:36.000Z</time>
        <extensions>
          <ns3:TrackPointExtension>
            <ns3:hr>145</ns3:hr>
            <ns3:cad>86</ns3:cad>
          </ns3:TrackPointExtension>
        </extensions>
      </trkpt>
      <trkpt lat="31.2173844873905181884765625" lon="121.38462365604937076568603515625">
        <ele>9.6000003814697265625</ele>
        <time>2026-08-31T10:57:37.000Z</time>
        <extensions>
          <ns3:TrackPointExtension>
            <ns3:hr>145</ns3:hr>
            <ns3:cad>86</ns3:cad>
          </ns3:TrackPointExtension>
        </extensions>
      </trkpt>
      <trkpt lat="31.21735724620521068572998046875" lon="121.384616196155548095703125">
        <ele>9.6000003814697265625</ele>
        <time>2026-08-31T10:57:38.000Z</time>
        <extensions>
          <ns3:TrackPointExtension>
            <ns3:hr>145</ns3:hr>
            <ns3:cad>88</ns3:cad>
          </ns3:TrackPointExtension>
        </extensions>
      </trkpt>
      <trkpt lat="31.21733419597148895263671875" lon="121.38461058028042316436767578125">
        <ele>9.6000003814697265625</ele>
        <time>2026-08-31T10:57:39.000Z</time>
        <extensions>
          <ns3:TrackPointExtension>
            <ns3:hr>146</ns3:hr>
            <ns3:cad>88</ns3:cad>
          </ns3:TrackPointExtension>
        </extensions>
      </trkpt>
      <trkpt lat="31.217310726642608642578125" lon="121.3846014440059661865234375">
        <ele>9.6000003814697265625</ele>
        <time>2026-08-31T10:57:40.000Z</time>
        <extensions>
          <ns3:TrackPointExtension>
            <ns3:hr>146</ns3:hr>
            <ns3:cad>87</ns3:cad>
          </ns3:TrackPointExtension>
        </extensions>
      </trkpt>
      <trkpt lat="31.21728817932307720184326171875" lon="121.38459716923534870147705078125">
        <ele>9.6000003814697265625</ele>
        <time>2026-08-31T10:57:41.000Z</time>
        <extensions>
          <ns3:TrackPointExtension>
            <ns3:hr>146</ns3:hr>
            <ns3:cad>87</ns3:cad>
          </ns3:TrackPointExtension>
        </extensions>
      </trkpt>
      <trkpt lat="31.21726487763226032257080078125" lon="121.3845918886363506317138671875">
        <ele>9.6000003814697265625</ele>
        <time>2026-08-31T10:57:42.000Z</time>
        <extensions>
          <ns3:TrackPointExtension>
            <ns3:hr>146</ns3:hr>
            <ns3:cad>87</ns3:cad>
          </ns3:TrackPointExtension>
        </extensions>
      </trkpt>
      <trkpt lat="31.21724124066531658172607421875" lon="121.38458979316055774688720703125">
        <ele>9.6000003814697265625</ele>
        <time>2026-08-31T10:57:43.000Z</time>
        <extensions>
          <ns3:TrackPointExtension>
            <ns3:hr>145</ns3:hr>
            <ns3:cad>87</ns3:cad>
          </ns3:TrackPointExtension>
        </extensions>
      </trkpt>
      <trkpt lat="31.217219866812229156494140625" lon="121.38458627276122570037841796875">
        <ele>9.3999996185302734375</ele>
        <time>2026-08-31T10:57:44.000Z</time>
        <extensions>
          <ns3:TrackPointExtension>
            <ns3:hr>146</ns3:hr>
            <ns3:cad>88</ns3:cad>
          </ns3:TrackPointExtension>
        </extensions>
      </trkpt>
      <trkpt lat="31.2171945534646511077880859375" lon="121.3845773041248321533203125">
        <ele>9.3999996185302734375</ele>
        <time>2026-08-31T10:57:45.000Z</time>
        <extensions>
          <ns3:TrackPointExtension>
            <ns3:hr>146</ns3:hr>
            <ns3:cad>88</ns3:cad>
          </ns3:TrackPointExtension>
        </extensions>
      </trkpt>
      <trkpt lat="31.2171720899641513824462890625" lon="121.384573616087436676025390625">
        <ele>9.3999996185302734375</ele>
        <time>2026-08-31T10:57:46.000Z</time>
        <extensions>
          <ns3:TrackPointExtension>
            <ns3:hr>146</ns3:hr>
            <ns3:cad>88</ns3:cad>
          </ns3:TrackPointExtension>
        </extensions>
      </trkpt>
      <trkpt lat="31.21714484877884387969970703125" lon="121.3845697604119777679443359375">
        <ele>9.3999996185302734375</ele>
        <time>2026-08-31T10:57:47.000Z</time>
        <extensions>
          <ns3:TrackPointExtension>
            <ns3:hr>147</ns3:hr>
            <ns3:cad>88</ns3:cad>
          </ns3:TrackPointExtension>
        </extensions>
      </trkpt>
      <trkpt lat="31.21712456457316875457763671875" lon="121.384570263326168060302734375">
        <ele>9.3999996185302734375</ele>
        <time>2026-08-31T10:57:48.000Z</time>
        <extensions>
          <ns3:TrackPointExtension>
            <ns3:hr>147</ns3:hr>
            <ns3:cad>86</ns3:cad>
          </ns3:TrackPointExtension>
        </extensions>
      </trkpt>
      <trkpt lat="31.21709723956882953643798828125" lon="121.38456816785037517547607421875">
        <ele>9.3999996185302734375</ele>
        <time>2026-08-31T10:57:49.000Z</time>
        <extensions>
          <ns3:TrackPointExtension>
            <ns3:hr>147</ns3:hr>
            <ns3:cad>86</ns3:cad>
          </ns3:TrackPointExtension>
        </extensions>
      </trkpt>
      <trkpt lat="31.2170718424022197723388671875" lon="121.3845630548894405364990234375">
        <ele>9.6000003814697265625</ele>
        <time>2026-08-31T10:57:50.000Z</time>
        <extensions>
          <ns3:TrackPointExtension>
            <ns3:hr>146</ns3:hr>
            <ns3:cad>86</ns3:cad>
          </ns3:TrackPointExtension>
        </extensions>
      </trkpt>
      <trkpt lat="31.21704719960689544677734375" lon="121.3845585286617279052734375">
        <ele>9.3999996185302734375</ele>
        <time>2026-08-31T10:57:51.000Z</time>
        <extensions>
          <ns3:TrackPointExtension>
            <ns3:hr>146</ns3:hr>
            <ns3:cad>88</ns3:cad>
          </ns3:TrackPointExtension>
        </extensions>
      </trkpt>
      <trkpt lat="31.2170250713825225830078125" lon="121.3845477998256683349609375">
        <ele>9.6000003814697265625</ele>
        <time>2026-08-31T10:57:52.000Z</time>
        <extensions>
          <ns3:TrackPointExtension>
            <ns3:hr>146</ns3:hr>
            <ns3:cad>88</ns3:cad>
          </ns3:TrackPointExtension>
        </extensions>
      </trkpt>
      <trkpt lat="31.216997243463993072509765625" lon="121.38454318977892398834228515625">
        <ele>9.6000003814697265625</ele>
        <time>2026-08-31T10:57:53.000Z</time>
        <extensions>
          <ns3:TrackPointExtension>
            <ns3:hr>146</ns3:hr>
            <ns3:cad>87</ns3:cad>
          </ns3:TrackPointExtension>
        </extensions>
      </trkpt>
      <trkpt lat="31.21697201393544673919677734375" lon="121.38453464023768901824951171875">
        <ele>9.6000003814697265625</ele>
        <time>2026-08-31T10:57:54.000Z</time>
        <extensions>
          <ns3:TrackPointExtension>
            <ns3:hr>146</ns3:hr>
            <ns3:cad>87</ns3:cad>
          </ns3:TrackPointExtension>
        </extensions>
      </trkpt>
      <trkpt lat="31.2169472873210906982421875" lon="121.38453195802867412567138671875">
        <ele>9.6000003814697265625</ele>
        <time>2026-08-31T10:57:55.000Z</time>
        <extensions>
          <ns3:TrackPointExtension>
            <ns3:hr>146</ns3:hr>
            <ns3:cad>86</ns3:cad>
          </ns3:TrackPointExtension>
        </extensions>
      </trkpt>
      <trkpt lat="31.216921471059322357177734375" lon="121.3845244981348514556884765625">
        <ele>9.6000003814697265625</ele>
        <time>2026-08-31T10:57:56.000Z</time>
        <extensions>
          <ns3:TrackPointExtension>
            <ns3:hr>147</ns3:hr>
            <ns3:cad>86</ns3:cad>
          </ns3:TrackPointExtension>
        </extensions>
      </trkpt>
      <trkpt lat="31.2169011868536472320556640625" lon="121.38451904989778995513916015625">
        <ele>9.6000003814697265625</ele>
        <time>2026-08-31T10:57:57.000Z</time>
        <extensions>
          <ns3:TrackPointExtension>
            <ns3:hr>147</ns3:hr>
            <ns3:cad>88</ns3:cad>
          </ns3:TrackPointExtension>
        </extensions>
      </trkpt>
      <trkpt lat="31.2168753705918788909912109375" lon="121.38451485894620418548583984375">
        <ele>9.6000003814697265625</ele>
        <time>2026-08-31T10:57:58.000Z</time>
        <extensions>
          <ns3:TrackPointExtension>
            <ns3:hr>147</ns3:hr>
            <ns3:cad>88</ns3:cad>
          </ns3:TrackPointExtension>
        </extensions>
      </trkpt>
      <trkpt lat="31.2168549187481403350830078125" lon="121.384515948593616485595703125">
        <ele>9.6000003814697265625</ele>
        <time>2026-08-31T10:57:59.000Z</time>
        <extensions>
          <ns3:TrackPointExtension>
            <ns3:hr>147</ns3:hr>
            <ns3:cad>88</ns3:cad>
          </ns3:TrackPointExtension>
        </extensions>
      </trkpt>
      <trkpt lat="31.2168321199715137481689453125" lon="121.38451016508042812347412109375">
        <ele>9.6000003814697265625</ele>
        <time>2026-08-31T10:58:00.000Z</time>
        <extensions>
          <ns3:TrackPointExtension>
            <ns3:hr>147</ns3:hr>
            <ns3:cad>87</ns3:cad>
          </ns3:TrackPointExtension>
        </extensions>
      </trkpt>
      <trkpt lat="31.21681275777518749237060546875" lon="121.38450681231915950775146484375">
        <ele>9.3999996185302734375</ele>
        <time>2026-08-31T10:58:01.000Z</time>
        <extensions>
          <ns3:TrackPointExtension>
            <ns3:hr>147</ns3:hr>
            <ns3:cad>86</ns3:cad>
          </ns3:TrackPointExtension>
        </extensions>
      </trkpt>
      <trkpt lat="31.21679197065532207489013671875" lon="121.3844996877014636993408203125">
        <ele>9.3999996185302734375</ele>
        <time>2026-08-31T10:58:02.000Z</time>
        <extensions>
          <ns3:TrackPointExtension>
            <ns3:hr>147</ns3:hr>
            <ns3:cad>86</ns3:cad>
          </ns3:TrackPointExtension>
        </extensions>
      </trkpt>
      <trkpt lat="31.21677135117352008819580078125" lon="121.38449356891214847564697265625">
        <ele>9.3999996185302734375</ele>
        <time>2026-08-31T10:58:03.000Z</time>
        <extensions>
          <ns3:TrackPointExtension>
            <ns3:hr>147</ns3:hr>
            <ns3:cad>87</ns3:cad>
          </ns3:TrackPointExtension>
        </extensions>
      </trkpt>
      <trkpt lat="31.2167493067681789398193359375" lon="121.38448870740830898284912109375">
        <ele>9.3999996185302734375</ele>
        <time>2026-08-31T10:58:04.000Z</time>
        <extensions>
          <ns3:TrackPointExtension>
            <ns3:hr>146</ns3:hr>
            <ns3:cad>87</ns3:cad>
          </ns3:TrackPointExtension>
        </extensions>
      </trkpt>
      <trkpt lat="31.2167291902005672454833984375" lon="121.38448401354253292083740234375">
        <ele>9.3999996185302734375</ele>
        <time>2026-08-31T10:58:05.000Z</time>
        <extensions>
          <ns3:TrackPointExtension>
            <ns3:hr>146</ns3:hr>
            <ns3:cad>87</ns3:cad>
          </ns3:TrackPointExtension>
        </extensions>
      </trkpt>
      <trkpt lat="31.2167107500135898590087890625" lon="121.3844819180667400360107421875">
        <ele>9.3999996185302734375</ele>
        <time>2026-08-31T10:58:06.000Z</time>
        <extensions>
          <ns3:TrackPointExtension>
            <ns3:hr>146</ns3:hr>
            <ns3:cad>86</ns3:cad>
          </ns3:TrackPointExtension>
        </extensions>
      </trkpt>
      <trkpt lat="31.2166899628937244415283203125" lon="121.38447730801999568939208984375">
        <ele>9.6000003814697265625</ele>
        <time>2026-08-31T10:58:07.000Z</time>
        <extensions>
          <ns3:TrackPointExtension>
            <ns3:hr>146</ns3:hr>
            <ns3:cad>86</ns3:cad>
          </ns3:TrackPointExtension>
        </extensions>
      </trkpt>
      <trkpt lat="31.2166737020015716552734375" lon="121.38448300771415233612060546875">
        <ele>9.3999996185302734375</ele>
        <time>2026-08-31T10:58:08.000Z</time>
        <extensions>
          <ns3:TrackPointExtension>
            <ns3:hr>145</ns3:hr>
            <ns3:cad>86</ns3:cad>
          </ns3:TrackPointExtension>
        </extensions>
      </trkpt>
      <trkpt lat="31.2166504003107547760009765625" lon="121.38447613455355167388916015625">
        <ele>9.6000003814697265625</ele>
        <time>2026-08-31T10:58:09.000Z</time>
        <extensions>
          <ns3:TrackPointExtension>
            <ns3:hr>145</ns3:hr>
            <ns3:cad>87</ns3:cad>
          </ns3:TrackPointExtension>
        </extensions>
      </trkpt>
      <trkpt lat="31.2166279368102550506591796875" lon="121.38447764329612255096435546875">
        <ele>9.6000003814697265625</ele>
        <time>2026-08-31T10:58:10.000Z</time>
        <extensions>
          <ns3:TrackPointExtension>
            <ns3:hr>145</ns3:hr>
            <ns3:cad>87</ns3:cad>
          </ns3:TrackPointExtension>
        </extensions>
      </trkpt>
      <trkpt lat="31.2166061438620090484619140625" lon="121.3844789005815982818603515625">
        <ele>9.6000003814697265625</ele>
        <time>2026-08-31T10:58:11.000Z</time>
        <extensions>
          <ns3:TrackPointExtension>
            <ns3:hr>144</ns3:hr>
            <ns3:cad>87</ns3:cad>
          </ns3:TrackPointExtension>
        </extensions>
      </trkpt>
      <trkpt lat="31.21658728457987308502197265625" lon="121.38447948731482028961181640625">
        <ele>9.6000003814697265625</ele>
        <time>2026-08-31T10:58:12.000Z</time>
        <extensions>
          <ns3:TrackPointExtension>
            <ns3:hr>144</ns3:hr>
            <ns3:cad>87</ns3:cad>
          </ns3:TrackPointExtension>
        </extensions>
      </trkpt>
      <trkpt lat="31.2165610492229461669921875" lon="121.384484432637691497802734375">
        <ele>9.6000003814697265625</ele>
        <time>2026-08-31T10:58:13.000Z</time>
        <extensions>
          <ns3:TrackPointExtension>
            <ns3:hr>144</ns3:hr>
            <ns3:cad>87</ns3:cad>
          </ns3:TrackPointExtension>
        </extensions>
      </trkpt>
      <trkpt lat="31.2165471352636814117431640625" lon="121.3844963349401950836181640625">
        <ele>9.80000019073486328125</ele>
        <time>2026-08-31T10:58:14.000Z</time>
        <extensions>
          <ns3:TrackPointExtension>
            <ns3:hr>144</ns3:hr>
            <ns3:cad>86</ns3:cad>
          </ns3:TrackPointExtension>
        </extensions>
      </trkpt>
      <trkpt lat="31.2165303714573383331298828125" lon="121.38451150618493556976318359375">
        <ele>9.80000019073486328125</ele>
        <time>2026-08-31T10:58:15.000Z</time>
        <extensions>
          <ns3:TrackPointExtension>
            <ns3:hr>144</ns3:hr>
            <ns3:cad>86</ns3:cad>
          </ns3:TrackPointExtension>
        </extensions>
      </trkpt>
      <trkpt lat="31.21651452966034412384033203125" lon="121.3845382444560527801513671875">
        <ele>9.80000019073486328125</ele>
        <time>2026-08-31T10:58:16.000Z</time>
        <extensions>
          <ns3:TrackPointExtension>
            <ns3:hr>144</ns3:hr>
            <ns3:cad>86</ns3:cad>
          </ns3:TrackPointExtension>
        </extensions>
      </trkpt>
      <trkpt lat="31.2165015377104282379150390625" lon="121.3845531642436981201171875">
        <ele>9.80000019073486328125</ele>
        <time>2026-08-31T10:58:17.000Z</time>
        <extensions>
          <ns3:TrackPointExtension>
            <ns3:hr>144</ns3:hr>
            <ns3:cad>86</ns3:cad>
          </ns3:TrackPointExtension>
        </extensions>
      </trkpt>
      <trkpt lat="31.21648988686501979827880859375" lon="121.38457152061164379119873046875">
        <ele>9.80000019073486328125</ele>
        <time>2026-08-31T10:58:18.000Z</time>
        <extensions>
          <ns3:TrackPointExtension>
            <ns3:hr>144</ns3:hr>
            <ns3:cad>85</ns3:cad>
          </ns3:TrackPointExtension>
        </extensions>
      </trkpt>
      <trkpt lat="31.21648334898054599761962890625" lon="121.384597755968570709228515625">
        <ele>9.80000019073486328125</ele>
        <time>2026-08-31T10:58:19.000Z</time>
        <extensions>
          <ns3:TrackPointExtension>
            <ns3:hr>144</ns3:hr>
            <ns3:cad>85</ns3:cad>
          </ns3:TrackPointExtension>
        </extensions>
      </trkpt>
      <trkpt lat="31.2164767272770404815673828125" lon="121.384618543088436126708984375">
        <ele>9.80000019073486328125</ele>
        <time>2026-08-31T10:58:20.000Z</time>
        <extensions>
          <ns3:TrackPointExtension>
            <ns3:hr>143</ns3:hr>
            <ns3:cad>84</ns3:cad>
          </ns3:TrackPointExtension>
        </extensions>
      </trkpt>
      <trkpt lat="31.2164670042693614959716796875" lon="121.38464368879795074462890625">
        <ele>9.80000019073486328125</ele>
        <time>2026-08-31T10:58:21.000Z</time>
        <extensions>
          <ns3:TrackPointExtension>
            <ns3:hr>143</ns3:hr>
            <ns3:cad>84</ns3:cad>
          </ns3:TrackPointExtension>
        </extensions>
      </trkpt>
      <trkpt lat="31.21646004728972911834716796875" lon="121.38465584255754947662353515625">
        <ele>9.80000019073486328125</ele>
        <time>2026-08-31T10:58:22.000Z</time>
        <extensions>
          <ns3:TrackPointExtension>
            <ns3:hr>143</ns3:hr>
            <ns3:cad>85</ns3:cad>
          </ns3:TrackPointExtension>
        </extensions>
      </trkpt>
      <trkpt lat="31.216450743377208709716796875" lon="121.384683586657047271728515625">
        <ele>9.80000019073486328125</ele>
        <time>2026-08-31T10:58:23.000Z</time>
        <extensions>
          <ns3:TrackPointExtension>
            <ns3:hr>142</ns3:hr>
            <ns3:cad>86</ns3:cad>
          </ns3:TrackPointExtension>
        </extensions>
      </trkpt>
      <trkpt lat="31.216444708406925201416015625" lon="121.38470211066305637359619140625">
        <ele>9.80000019073486328125</ele>
        <time>2026-08-31T10:58:24.000Z</time>
        <extensions>
          <ns3:TrackPointExtension>
            <ns3:hr>142</ns3:hr>
            <ns3:cad>86</ns3:cad>
          </ns3:TrackPointExtension>
        </extensions>
      </trkpt>
      <trkpt lat="31.216429956257343292236328125" lon="121.38472792692482471466064453125">
        <ele>9.80000019073486328125</ele>
        <time>2026-08-31T10:58:25.000Z</time>
        <extensions>
          <ns3:TrackPointExtension>
            <ns3:hr>142</ns3:hr>
            <ns3:cad>86</ns3:cad>
          </ns3:TrackPointExtension>
        </extensions>
      </trkpt>
      <trkpt lat="31.21642350219190120697021484375" lon="121.384751312434673309326171875">
        <ele>9.80000019073486328125</ele>
        <time>2026-08-31T10:58:26.000Z</time>
        <extensions>
          <ns3:TrackPointExtension>
            <ns3:hr>143</ns3:hr>
            <ns3:cad>86</ns3:cad>
          </ns3:TrackPointExtension>
        </extensions>
      </trkpt>
      <trkpt lat="31.2164160422980785369873046875" lon="121.38478375039994716644287109375">
        <ele>9.80000019073486328125</ele>
        <time>2026-08-31T10:58:27.000Z</time>
        <extensions>
          <ns3:TrackPointExtension>
            <ns3:hr>143</ns3:hr>
            <ns3:cad>87</ns3:cad>
          </ns3:TrackPointExtension>
        </extensions>
      </trkpt>
      <trkpt lat="31.2164076603949069976806640625" lon="121.384809315204620361328125">
        <ele>9.80000019073486328125</ele>
        <time>2026-08-31T10:58:28.000Z</time>
        <extensions>
          <ns3:TrackPointExtension>
            <ns3:hr>143</ns3:hr>
            <ns3:cad>87</ns3:cad>
          </ns3:TrackPointExtension>
        </extensions>
      </trkpt>
      <trkpt lat="31.2164036370813846588134765625" lon="121.38483001850545406341552734375">
        <ele>9.80000019073486328125</ele>
        <time>2026-08-31T10:58:29.000Z</time>
        <extensions>
          <ns3:TrackPointExtension>
            <ns3:hr>143</ns3:hr>
            <ns3:cad>87</ns3:cad>
          </ns3:TrackPointExtension>
        </extensions>
      </trkpt>
      <trkpt lat="31.216394416987895965576171875" lon="121.38485901989042758941650390625">
        <ele>9.80000019073486328125</ele>
        <time>2026-08-31T10:58:30.000Z</time>
        <extensions>
          <ns3:TrackPointExtension>
            <ns3:hr>142</ns3:hr>
            <ns3:cad>87</ns3:cad>
          </ns3:TrackPointExtension>
        </extensions>
      </trkpt>
      <trkpt lat="31.21638947166502475738525390625" lon="121.38488550670444965362548828125">
        <ele>9.80000019073486328125</ele>
        <time>2026-08-31T10:58:31.000Z</time>
        <extensions>
          <ns3:TrackPointExtension>
            <ns3:hr>143</ns3:hr>
            <ns3:cad>86</ns3:cad>
          </ns3:TrackPointExtension>
        </extensions>
      </trkpt>
      <trkpt lat="31.2163845263421535491943359375" lon="121.38491618447005748748779296875">
        <ele>9.80000019073486328125</ele>
        <time>2026-08-31T10:58:32.000Z</time>
        <extensions>
          <ns3:TrackPointExtension>
            <ns3:hr>143</ns3:hr>
            <ns3:cad>86</ns3:cad>
          </ns3:TrackPointExtension>
        </extensions>
      </trkpt>
      <trkpt lat="31.21638209559023380279541015625" lon="121.38494082726538181304931640625">
        <ele>9.80000019073486328125</ele>
        <time>2026-08-31T10:58:33.000Z</time>
        <extensions>
          <ns3:TrackPointExtension>
            <ns3:hr>143</ns3:hr>
            <ns3:cad>86</ns3:cad>
          </ns3:TrackPointExtension>
        </extensions>
      </trkpt>
      <trkpt lat="31.2163813412189483642578125" lon="121.38497292995452880859375">
        <ele>9.6000003814697265625</ele>
        <time>2026-08-31T10:58:34.000Z</time>
        <extensions>
          <ns3:TrackPointExtension>
            <ns3:hr>143</ns3:hr>
            <ns3:cad>86</ns3:cad>
          </ns3:TrackPointExtension>
        </extensions>
      </trkpt>
      <trkpt lat="31.21637488715350627899169921875" lon="121.38499480672180652618408203125">
        <ele>9.6000003814697265625</ele>
        <time>2026-08-31T10:58:35.000Z</time>
        <extensions>
          <ns3:TrackPointExtension>
            <ns3:hr>144</ns3:hr>
            <ns3:cad>87</ns3:cad>
          </ns3:TrackPointExtension>
        </extensions>
      </trkpt>
      <trkpt lat="31.216371953487396240234375" lon="121.3850203715264797210693359375">
        <ele>9.6000003814697265625</ele>
        <time>2026-08-31T10:58:36.000Z</time>
        <extensions>
          <ns3:TrackPointExtension>
            <ns3:hr>144</ns3:hr>
            <ns3:cad>87</ns3:cad>
          </ns3:TrackPointExtension>
        </extensions>
      </trkpt>
      <trkpt lat="31.21637019328773021697998046875" lon="121.3850481994450092315673828125">
        <ele>9.6000003814697265625</ele>
        <time>2026-08-31T10:58:37.000Z</time>
        <extensions>
          <ns3:TrackPointExtension>
            <ns3:hr>144</ns3:hr>
            <ns3:cad>86</ns3:cad>
          </ns3:TrackPointExtension>
        </extensions>
      </trkpt>
      <trkpt lat="31.2163721211254596710205078125" lon="121.3850780390202999114990234375">
        <ele>9.6000003814697265625</ele>
        <time>2026-08-31T10:58:38.000Z</time>
        <extensions>
          <ns3:TrackPointExtension>
            <ns3:hr>144</ns3:hr>
            <ns3:cad>86</ns3:cad>
          </ns3:TrackPointExtension>
        </extensions>
      </trkpt>
      <trkpt lat="31.21636868454515933990478515625" lon="121.38510561548173427581787109375">
        <ele>9.6000003814697265625</ele>
        <time>2026-08-31T10:58:39.000Z</time>
        <extensions>
          <ns3:TrackPointExtension>
            <ns3:hr>144</ns3:hr>
            <ns3:cad>86</ns3:cad>
          </ns3:TrackPointExtension>
        </extensions>
      </trkpt>
      <trkpt lat="31.2163625657558441162109375" lon="121.38512606732547283172607421875">
        <ele>9.6000003814697265625</ele>
        <time>2026-08-31T10:58:40.000Z</time>
        <extensions>
          <ns3:TrackPointExtension>
            <ns3:hr>144</ns3:hr>
            <ns3:cad>87</ns3:cad>
          </ns3:TrackPointExtension>
        </extensions>
      </trkpt>
      <trkpt lat="31.21635577641427516937255859375" lon="121.38515171594917774200439453125">
        <ele>9.6000003814697265625</ele>
        <time>2026-08-31T10:58:41.000Z</time>
        <extensions>
          <ns3:TrackPointExtension>
            <ns3:hr>144</ns3:hr>
            <ns3:cad>87</ns3:cad>
          </ns3:TrackPointExtension>
        </extensions>
      </trkpt>
      <trkpt lat="31.2163506634533405303955078125" lon="121.3851742632687091827392578125">
        <ele>9.6000003814697265625</ele>
        <time>2026-08-31T10:58:42.000Z</time>
        <extensions>
          <ns3:TrackPointExtension>
            <ns3:hr>145</ns3:hr>
            <ns3:cad>87</ns3:cad>
          </ns3:TrackPointExtension>
        </extensions>
      </trkpt>
      <trkpt lat="31.21634311974048614501953125" lon="121.38520427048206329345703125">
        <ele>9.6000003814697265625</ele>
        <time>2026-08-31T10:58:43.000Z</time>
        <extensions>
          <ns3:TrackPointExtension>
            <ns3:hr>145</ns3:hr>
            <ns3:cad>87</ns3:cad>
          </ns3:TrackPointExtension>
        </extensions>
      </trkpt>
      <trkpt lat="31.21633884496986865997314453125" lon="121.385226063430309295654296875">
        <ele>9.6000003814697265625</ele>
        <time>2026-08-31T10:58:44.000Z</time>
        <extensions>
          <ns3:TrackPointExtension>
            <ns3:hr>145</ns3:hr>
            <ns3:cad>86</ns3:cad>
          </ns3:TrackPointExtension>
        </extensions>
      </trkpt>
      <trkpt lat="31.21633180417120456695556640625" lon="121.385256908833980560302734375">
        <ele>9.6000003814697265625</ele>
        <time>2026-08-31T10:58:45.000Z</time>
        <extensions>
          <ns3:TrackPointExtension>
            <ns3:hr>145</ns3:hr>
            <ns3:cad>86</ns3:cad>
          </ns3:TrackPointExtension>
        </extensions>
      </trkpt>
      <trkpt lat="31.21632610447704792022705078125" lon="121.38528096489608287811279296875">
        <ele>9.3999996185302734375</ele>
        <time>2026-08-31T10:58:46.000Z</time>
        <extensions>
          <ns3:TrackPointExtension>
            <ns3:hr>145</ns3:hr>
            <ns3:cad>86</ns3:cad>
          </ns3:TrackPointExtension>
        </extensions>
      </trkpt>
      <trkpt lat="31.21632157824933528900146484375" lon="121.38530552387237548828125">
        <ele>9.3999996185302734375</ele>
        <time>2026-08-31T10:58:47.000Z</time>
        <extensions>
          <ns3:TrackPointExtension>
            <ns3:hr>145</ns3:hr>
            <ns3:cad>88</ns3:cad>
          </ns3:TrackPointExtension>
        </extensions>
      </trkpt>
      <trkpt lat="31.2163191474974155426025390625" lon="121.38532689772546291351318359375">
        <ele>9.3999996185302734375</ele>
        <time>2026-08-31T10:58:48.000Z</time>
        <extensions>
          <ns3:TrackPointExtension>
            <ns3:hr>145</ns3:hr>
            <ns3:cad>88</ns3:cad>
          </ns3:TrackPointExtension>
        </extensions>
      </trkpt>
      <trkpt lat="31.2163191474974155426025390625" lon="121.38535707257688045501708984375">
        <ele>9.3999996185302734375</ele>
        <time>2026-08-31T10:58:49.000Z</time>
        <extensions>
          <ns3:TrackPointExtension>
            <ns3:hr>144</ns3:hr>
            <ns3:cad>88</ns3:cad>
          </ns3:TrackPointExtension>
        </extensions>
      </trkpt>
      <trkpt lat="31.21631537564098834991455078125" lon="121.38538540340960025787353515625">
        <ele>9.3999996185302734375</ele>
        <time>2026-08-31T10:58:50.000Z</time>
        <extensions>
          <ns3:TrackPointExtension>
            <ns3:hr>143</ns3:hr>
            <ns3:cad>87</ns3:cad>
          </ns3:TrackPointExtension>
        </extensions>
      </trkpt>
      <trkpt lat="31.21631336398422718048095703125" lon="121.38540585525333881378173828125">
        <ele>9.3999996185302734375</ele>
        <time>2026-08-31T10:58:51.000Z</time>
        <extensions>
          <ns3:TrackPointExtension>
            <ns3:hr>144</ns3:hr>
            <ns3:cad>87</ns3:cad>
          </ns3:TrackPointExtension>
        </extensions>
      </trkpt>
      <trkpt lat="31.216301210224628448486328125" lon="121.3854330964386463165283203125">
        <ele>9.3999996185302734375</ele>
        <time>2026-08-31T10:58:52.000Z</time>
        <extensions>
          <ns3:TrackPointExtension>
            <ns3:hr>144</ns3:hr>
            <ns3:cad>87</ns3:cad>
          </ns3:TrackPointExtension>
        </extensions>
      </trkpt>
      <trkpt lat="31.21629081666469573974609375" lon="121.38545799069106578826904296875">
        <ele>9.6000003814697265625</ele>
        <time>2026-08-31T10:58:53.000Z</time>
        <extensions>
          <ns3:TrackPointExtension>
            <ns3:hr>144</ns3:hr>
            <ns3:cad>87</ns3:cad>
          </ns3:TrackPointExtension>
        </extensions>
      </trkpt>
      <trkpt lat="31.2162819318473339080810546875" lon="121.38548447750508785247802734375">
        <ele>9.6000003814697265625</ele>
        <time>2026-08-31T10:58:54.000Z</time>
        <extensions>
          <ns3:TrackPointExtension>
            <ns3:hr>144</ns3:hr>
            <ns3:cad>87</ns3:cad>
          </ns3:TrackPointExtension>
        </extensions>
      </trkpt>
      <trkpt lat="31.21627765707671642303466796875" lon="121.38550870120525360107421875">
        <ele>9.6000003814697265625</ele>
        <time>2026-08-31T10:58:55.000Z</time>
        <extensions>
          <ns3:TrackPointExtension>
            <ns3:hr>144</ns3:hr>
            <ns3:cad>87</ns3:cad>
          </ns3:TrackPointExtension>
        </extensions>
      </trkpt>
      <trkpt lat="31.21627329848706722259521484375" lon="121.385536529123783111572265625">
        <ele>9.6000003814697265625</ele>
        <time>2026-08-31T10:58:56.000Z</time>
        <extensions>
          <ns3:TrackPointExtension>
            <ns3:hr>143</ns3:hr>
            <ns3:cad>86</ns3:cad>
          </ns3:TrackPointExtension>
        </extensions>
      </trkpt>
      <trkpt lat="31.2162713706493377685546875" lon="121.38555941171944141387939453125">
        <ele>9.3999996185302734375</ele>
        <time>2026-08-31T10:58:57.000Z</time>
        <extensions>
          <ns3:TrackPointExtension>
            <ns3:hr>143</ns3:hr>
            <ns3:cad>86</ns3:cad>
          </ns3:TrackPointExtension>
        </extensions>
      </trkpt>
      <trkpt lat="31.21626676060259342193603515625" lon="121.38558254577219486236572265625">
        <ele>9.3999996185302734375</ele>
        <time>2026-08-31T10:58:58.000Z</time>
        <extensions>
          <ns3:TrackPointExtension>
            <ns3:hr>143</ns3:hr>
            <ns3:cad>86</ns3:cad>
          </ns3:TrackPointExtension>
        </extensions>
      </trkpt>
      <trkpt lat="31.216258965432643890380859375" lon="121.3856111280620098114013671875">
        <ele>9.19999980926513671875</ele>
        <time>2026-08-31T10:58:59.000Z</time>
        <extensions>
          <ns3:TrackPointExtension>
            <ns3:hr>143</ns3:hr>
            <ns3:cad>86</ns3:cad>
          </ns3:TrackPointExtension>
        </extensions>
      </trkpt>
      <trkpt lat="31.21625452302396297454833984375" lon="121.38563820160925388336181640625">
        <ele>9.19999980926513671875</ele>
        <time>2026-08-31T10:59:00.000Z</time>
        <extensions>
          <ns3:TrackPointExtension>
            <ns3:hr>143</ns3:hr>
            <ns3:cad>86</ns3:cad>
          </ns3:TrackPointExtension>
        </extensions>
      </trkpt>
      <trkpt lat="31.2162427045404911041259765625" lon="121.38566368259489536285400390625">
        <ele>9.19999980926513671875</ele>
        <time>2026-08-31T10:59:01.000Z</time>
        <extensions>
          <ns3:TrackPointExtension>
            <ns3:hr>142</ns3:hr>
            <ns3:cad>87</ns3:cad>
          </ns3:TrackPointExtension>
        </extensions>
      </trkpt>
      <trkpt lat="31.216232813894748687744140625" lon="121.38568681664764881134033203125">
        <ele>9.3999996185302734375</ele>
        <time>2026-08-31T10:59:02.000Z</time>
        <extensions>
          <ns3:TrackPointExtension>
            <ns3:hr>142</ns3:hr>
            <ns3:cad>86</ns3:cad>
          </ns3:TrackPointExtension>
        </extensions>
      </trkpt>
      <trkpt lat="31.21622501872479915618896484375" lon="121.38571565039455890655517578125">
        <ele>9.3999996185302734375</ele>
        <time>2026-08-31T10:59:03.000Z</time>
        <extensions>
          <ns3:TrackPointExtension>
            <ns3:hr>142</ns3:hr>
            <ns3:cad>86</ns3:cad>
          </ns3:TrackPointExtension>
        </extensions>
      </trkpt>
      <trkpt lat="31.2162158824503421783447265625" lon="121.3857398740947246551513671875">
        <ele>9.3999996185302734375</ele>
        <time>2026-08-31T10:59:04.000Z</time>
        <extensions>
          <ns3:TrackPointExtension>
            <ns3:hr>143</ns3:hr>
            <ns3:cad>86</ns3:cad>
          </ns3:TrackPointExtension>
        </extensions>
      </trkpt>
      <trkpt lat="31.21621462516486644744873046875" lon="121.38576887547969818115234375">
        <ele>9.19999980926513671875</ele>
        <time>2026-08-31T10:59:05.000Z</time>
        <extensions>
          <ns3:TrackPointExtension>
            <ns3:hr>142</ns3:hr>
            <ns3:cad>86</ns3:cad>
          </ns3:TrackPointExtension>
        </extensions>
      </trkpt>
      <trkpt lat="31.2162038125097751617431640625" lon="121.3857951946556568145751953125">
        <ele>9.19999980926513671875</ele>
        <time>2026-08-31T10:59:06.000Z</time>
        <extensions>
          <ns3:TrackPointExtension>
            <ns3:hr>142</ns3:hr>
            <ns3:cad>87</ns3:cad>
          </ns3:TrackPointExtension>
        </extensions>
      </trkpt>
      <trkpt lat="31.2162031419575214385986328125" lon="121.38581447303295135498046875">
        <ele>9.19999980926513671875</ele>
        <time>2026-08-31T10:59:07.000Z</time>
        <extensions>
          <ns3:TrackPointExtension>
            <ns3:hr>143</ns3:hr>
            <ns3:cad>87</ns3:cad>
          </ns3:TrackPointExtension>
        </extensions>
      </trkpt>
      <trkpt lat="31.2161984480917453765869140625" lon="121.38584439642727375030517578125">
        <ele>9.19999980926513671875</ele>
        <time>2026-08-31T10:59:08.000Z</time>
        <extensions>
          <ns3:TrackPointExtension>
            <ns3:hr>142</ns3:hr>
            <ns3:cad>86</ns3:cad>
          </ns3:TrackPointExtension>
        </extensions>
      </trkpt>
      <trkpt lat="31.216194592416286468505859375" lon="121.38587356545031070709228515625">
        <ele>9.19999980926513671875</ele>
        <time>2026-08-31T10:59:09.000Z</time>
        <extensions>
          <ns3:TrackPointExtension>
            <ns3:hr>142</ns3:hr>
            <ns3:cad>86</ns3:cad>
          </ns3:TrackPointExtension>
        </extensions>
      </trkpt>
      <trkpt lat="31.2161816842854022979736328125" lon="121.3859105296432971954345703125">
        <ele>9.19999980926513671875</ele>
        <time>2026-08-31T10:59:10.000Z</time>
        <extensions>
          <ns3:TrackPointExtension>
            <ns3:hr>143</ns3:hr>
            <ns3:cad>86</ns3:cad>
          </ns3:TrackPointExtension>
        </extensions>
      </trkpt>
      <trkpt lat="31.2161756493151187896728515625" lon="121.3859360106289386749267578125">
        <ele>9.19999980926513671875</ele>
        <time>2026-08-31T10:59:11.000Z</time>
        <extensions>
          <ns3:TrackPointExtension>
            <ns3:hr>142</ns3:hr>
            <ns3:cad>87</ns3:cad>
          </ns3:TrackPointExtension>
        </extensions>
      </trkpt>
      <trkpt lat="31.21616265736520290374755859375" lon="121.3859621621668338775634765625">
        <ele>9.19999980926513671875</ele>
        <time>2026-08-31T10:59:12.000Z</time>
        <extensions>
          <ns3:TrackPointExtension>
            <ns3:hr>143</ns3:hr>
            <ns3:cad>88</ns3:cad>
          </ns3:TrackPointExtension>
        </extensions>
      </trkpt>
      <trkpt lat="31.21615662239491939544677734375" lon="121.385989822447299957275390625">
        <ele>9.19999980926513671875</ele>
        <time>2026-08-31T10:59:13.000Z</time>
        <extensions>
          <ns3:TrackPointExtension>
            <ns3:hr>143</ns3:hr>
            <ns3:cad>88</ns3:cad>
          </ns3:TrackPointExtension>
        </extensions>
      </trkpt>
      <trkpt lat="31.21615494601428508758544921875" lon="121.38602158986032009124755859375">
        <ele>9.19999980926513671875</ele>
        <time>2026-08-31T10:59:14.000Z</time>
        <extensions>
          <ns3:TrackPointExtension>
            <ns3:hr>143</ns3:hr>
            <ns3:cad>87</ns3:cad>
          </ns3:TrackPointExtension>
        </extensions>
      </trkpt>
      <trkpt lat="31.2161505036056041717529296875" lon="121.38604908250272274017333984375">
        <ele>9.19999980926513671875</ele>
        <time>2026-08-31T10:59:15.000Z</time>
        <extensions>
          <ns3:TrackPointExtension>
            <ns3:hr>143</ns3:hr>
            <ns3:cad>87</ns3:cad>
          </ns3:TrackPointExtension>
        </extensions>
      </trkpt>
      <trkpt lat="31.216147653758525848388671875" lon="121.3860704563558101654052734375">
        <ele>9.19999980926513671875</ele>
        <time>2026-08-31T10:59:16.000Z</time>
        <extensions>
          <ns3:TrackPointExtension>
            <ns3:hr>143</ns3:hr>
            <ns3:cad>86</ns3:cad>
          </ns3:TrackPointExtension>
        </extensions>
      </trkpt>
      <trkpt lat="31.2161426246166229248046875" lon="121.38609903864562511444091796875">
        <ele>9.19999980926513671875</ele>
        <time>2026-08-31T10:59:17.000Z</time>
        <extensions>
          <ns3:TrackPointExtension>
            <ns3:hr>143</ns3:hr>
            <ns3:cad>86</ns3:cad>
          </ns3:TrackPointExtension>
        </extensions>
      </trkpt>
      <trkpt lat="31.21614388190209865570068359375" lon="121.3861251063644886016845703125">
        <ele>9.19999980926513671875</ele>
        <time>2026-08-31T10:59:18.000Z</time>
        <extensions>
          <ns3:TrackPointExtension>
            <ns3:hr>143</ns3:hr>
            <ns3:cad>88</ns3:cad>
          </ns3:TrackPointExtension>
        </extensions>
      </trkpt>
      <trkpt lat="31.2161391042172908782958984375" lon="121.386154778301715850830078125">
        <ele>9.19999980926513671875</ele>
        <time>2026-08-31T10:59:19.000Z</time>
        <extensions>
          <ns3:TrackPointExtension>
            <ns3:hr>143</ns3:hr>
            <ns3:cad>88</ns3:cad>
          </ns3:TrackPointExtension>
        </extensions>
      </trkpt>
      <trkpt lat="31.21613700874149799346923828125" lon="121.38617950491607189178466796875">
        <ele>9.19999980926513671875</ele>
        <time>2026-08-31T10:59:20.000Z</time>
        <extensions>
          <ns3:TrackPointExtension>
            <ns3:hr>143</ns3:hr>
            <ns3:cad>87</ns3:cad>
          </ns3:TrackPointExtension>
        </extensions>
      </trkpt>
      <trkpt lat="31.2161300517618656158447265625" lon="121.3862035609781742095947265625">
        <ele>9.19999980926513671875</ele>
        <time>2026-08-31T10:59:21.000Z</time>
        <extensions>
          <ns3:TrackPointExtension>
            <ns3:hr>143</ns3:hr>
            <ns3:cad>86</ns3:cad>
          </ns3:TrackPointExtension>
        </extensions>
      </trkpt>
      <trkpt lat="31.2161263637244701385498046875" lon="121.38622577302157878875732421875">
        <ele>9</ele>
        <time>2026-08-31T10:59:22.000Z</time>
        <extensions>
          <ns3:TrackPointExtension>
            <ns3:hr>143</ns3:hr>
            <ns3:cad>86</ns3:cad>
          </ns3:TrackPointExtension>
        </extensions>
      </trkpt>
      <trkpt lat="31.216120161116123199462890625" lon="121.3862494938075542449951171875">
        <ele>9</ele>
        <time>2026-08-31T10:59:23.000Z</time>
        <extensions>
          <ns3:TrackPointExtension>
            <ns3:hr>143</ns3:hr>
            <ns3:cad>86</ns3:cad>
          </ns3:TrackPointExtension>
        </extensions>
      </trkpt>
      <trkpt lat="31.21611253358423709869384765625" lon="121.386268772184848785400390625">
        <ele>9</ele>
        <time>2026-08-31T10:59:24.000Z</time>
        <extensions>
          <ns3:TrackPointExtension>
            <ns3:hr>143</ns3:hr>
            <ns3:cad>88</ns3:cad>
          </ns3:TrackPointExtension>
        </extensions>
      </trkpt>
      <trkpt lat="31.21610482223331928253173828125" lon="121.386293582618236541748046875">
        <ele>9</ele>
        <time>2026-08-31T10:59:25.000Z</time>
        <extensions>
          <ns3:TrackPointExtension>
            <ns3:hr>143</ns3:hr>
            <ns3:cad>88</ns3:cad>
          </ns3:TrackPointExtension>
        </extensions>
      </trkpt>
      <trkpt lat="31.21609258465468883514404296875" lon="121.38631361536681652069091796875">
        <ele>9</ele>
        <time>2026-08-31T10:59:26.000Z</time>
        <extensions>
          <ns3:TrackPointExtension>
            <ns3:hr>143</ns3:hr>
            <ns3:cad>88</ns3:cad>
          </ns3:TrackPointExtension>
        </extensions>
      </trkpt>
      <trkpt lat="31.21608939953148365020751953125" lon="121.386339180171489715576171875">
        <ele>9.19999980926513671875</ele>
        <time>2026-08-31T10:59:27.000Z</time>
        <extensions>
          <ns3:TrackPointExtension>
            <ns3:hr>144</ns3:hr>
            <ns3:cad>87</ns3:cad>
          </ns3:TrackPointExtension>
        </extensions>
      </trkpt>
      <trkpt lat="31.21608135290443897247314453125" lon="121.38636759482324123382568359375">
        <ele>9.19999980926513671875</ele>
        <time>2026-08-31T10:59:28.000Z</time>
        <extensions>
          <ns3:TrackPointExtension>
            <ns3:hr>144</ns3:hr>
            <ns3:cad>87</ns3:cad>
          </ns3:TrackPointExtension>
        </extensions>
      </trkpt>
      <trkpt lat="31.21608671732246875762939453125" lon="121.386396177113056182861328125">
        <ele>9.19999980926513671875</ele>
        <time>2026-08-31T10:59:29.000Z</time>
        <extensions>
          <ns3:TrackPointExtension>
            <ns3:hr>144</ns3:hr>
            <ns3:cad>87</ns3:cad>
          </ns3:TrackPointExtension>
        </extensions>
      </trkpt>
      <trkpt lat="31.2160864658653736114501953125" lon="121.38642693869769573211669921875">
        <ele>9.19999980926513671875</ele>
        <time>2026-08-31T10:59:30.000Z</time>
        <extensions>
          <ns3:TrackPointExtension>
            <ns3:hr>144</ns3:hr>
            <ns3:cad>87</ns3:cad>
          </ns3:TrackPointExtension>
        </extensions>
      </trkpt>
      <trkpt lat="31.216089986264705657958984375" lon="121.38644873164594173431396484375">
        <ele>9.19999980926513671875</ele>
        <time>2026-08-31T10:59:31.000Z</time>
        <extensions>
          <ns3:TrackPointExtension>
            <ns3:hr>144</ns3:hr>
            <ns3:cad>88</ns3:cad>
          </ns3:TrackPointExtension>
        </extensions>
      </trkpt>
      <trkpt lat="31.21608403511345386505126953125" lon="121.386478655040264129638671875">
        <ele>9.19999980926513671875</ele>
        <time>2026-08-31T10:59:32.000Z</time>
        <extensions>
          <ns3:TrackPointExtension>
            <ns3:hr>144</ns3:hr>
            <ns3:cad>88</ns3:cad>
          </ns3:TrackPointExtension>
        </extensions>
      </trkpt>
      <trkpt lat="31.21608001179993152618408203125" lon="121.3865032978355884552001953125">
        <ele>9</ele>
        <time>2026-08-31T10:59:33.000Z</time>
        <extensions>
          <ns3:TrackPointExtension>
            <ns3:hr>144</ns3:hr>
            <ns3:cad>88</ns3:cad>
          </ns3:TrackPointExtension>
        </extensions>
      </trkpt>
      <trkpt lat="31.2160767428576946258544921875" lon="121.386536322534084320068359375">
        <ele>9</ele>
        <time>2026-08-31T10:59:34.000Z</time>
        <extensions>
          <ns3:TrackPointExtension>
            <ns3:hr>144</ns3:hr>
            <ns3:cad>87</ns3:cad>
          </ns3:TrackPointExtension>
        </extensions>
      </trkpt>
      <trkpt lat="31.216070540249347686767578125" lon="121.3865606300532817840576171875">
        <ele>9</ele>
        <time>2026-08-31T10:59:35.000Z</time>
        <extensions>
          <ns3:TrackPointExtension>
            <ns3:hr>144</ns3:hr>
            <ns3:cad>87</ns3:cad>
          </ns3:TrackPointExtension>
        </extensions>
      </trkpt>
      <trkpt lat="31.21606375090777873992919921875" lon="121.386586613953113555908203125">
        <ele>9</ele>
        <time>2026-08-31T10:59:36.000Z</time>
        <extensions>
          <ns3:TrackPointExtension>
            <ns3:hr>145</ns3:hr>
            <ns3:cad>87</ns3:cad>
          </ns3:TrackPointExtension>
        </extensions>
      </trkpt>
      <trkpt lat="31.21605888940393924713134765625" lon="121.38661636970937252044677734375">
        <ele>9</ele>
        <time>2026-08-31T10:59:37.000Z</time>
        <extensions>
          <ns3:TrackPointExtension>
            <ns3:hr>145</ns3:hr>
            <ns3:cad>88</ns3:cad>
          </ns3:TrackPointExtension>
        </extensions>
      </trkpt>
      <trkpt lat="31.21605620719492435455322265625" lon="121.38664235360920429229736328125">
        <ele>9</ele>
        <time>2026-08-31T10:59:38.000Z</time>
        <extensions>
          <ns3:TrackPointExtension>
            <ns3:hr>145</ns3:hr>
            <ns3:cad>88</ns3:cad>
          </ns3:TrackPointExtension>
        </extensions>
      </trkpt>
      <trkpt lat="31.2160514295101165771484375" lon="121.3866702653467655181884765625">
        <ele>9</ele>
        <time>2026-08-31T10:59:39.000Z</time>
        <extensions>
          <ns3:TrackPointExtension>
            <ns3:hr>146</ns3:hr>
            <ns3:cad>88</ns3:cad>
          </ns3:TrackPointExtension>
        </extensions>
      </trkpt>
      <trkpt lat="31.21604665182530879974365234375" lon="121.3866900466382503509521484375">
        <ele>9.19999980926513671875</ele>
        <time>2026-08-31T10:59:40.000Z</time>
        <extensions>
          <ns3:TrackPointExtension>
            <ns3:hr>146</ns3:hr>
            <ns3:cad>87</ns3:cad>
          </ns3:TrackPointExtension>
        </extensions>
      </trkpt>
      <trkpt lat="31.21604095213115215301513671875" lon="121.38671074993908405303955078125">
        <ele>9</ele>
        <time>2026-08-31T10:59:41.000Z</time>
        <extensions>
          <ns3:TrackPointExtension>
            <ns3:hr>146</ns3:hr>
            <ns3:cad>87</ns3:cad>
          </ns3:TrackPointExtension>
        </extensions>
      </trkpt>
      <trkpt lat="31.21603994630277156829833984375" lon="121.38673178851604461669921875">
        <ele>9</ele>
        <time>2026-08-31T10:59:42.000Z</time>
        <extensions>
          <ns3:TrackPointExtension>
            <ns3:hr>147</ns3:hr>
            <ns3:cad>87</ns3:cad>
          </ns3:TrackPointExtension>
        </extensions>
      </trkpt>
      <trkpt lat="31.216030977666378021240234375" lon="121.38676003552973270416259765625">
        <ele>9</ele>
        <time>2026-08-31T10:59:43.000Z</time>
        <extensions>
          <ns3:TrackPointExtension>
            <ns3:hr>147</ns3:hr>
            <ns3:cad>88</ns3:cad>
          </ns3:TrackPointExtension>
        </extensions>
      </trkpt>
      <trkpt lat="31.21602804400026798248291015625" lon="121.38678166083991527557373046875">
        <ele>9</ele>
        <time>2026-08-31T10:59:44.000Z</time>
        <extensions>
          <ns3:TrackPointExtension>
            <ns3:hr>147</ns3:hr>
            <ns3:cad>88</ns3:cad>
          </ns3:TrackPointExtension>
        </extensions>
      </trkpt>
      <trkpt lat="31.2160224281251430511474609375" lon="121.3868083991110324859619140625">
        <ele>9</ele>
        <time>2026-08-31T10:59:45.000Z</time>
        <extensions>
          <ns3:TrackPointExtension>
            <ns3:hr>147</ns3:hr>
            <ns3:cad>88</ns3:cad>
          </ns3:TrackPointExtension>
        </extensions>
      </trkpt>
      <trkpt lat="31.2160190753638744354248046875" lon="121.38682977296411991119384765625">
        <ele>9</ele>
        <time>2026-08-31T10:59:46.000Z</time>
        <extensions>
          <ns3:TrackPointExtension>
            <ns3:hr>148</ns3:hr>
            <ns3:cad>87</ns3:cad>
          </ns3:TrackPointExtension>
        </extensions>
      </trkpt>
      <trkpt lat="31.21600608341395854949951171875" lon="121.38685709796845912933349609375">
        <ele>9</ele>
        <time>2026-08-31T10:59:47.000Z</time>
        <extensions>
          <ns3:TrackPointExtension>
            <ns3:hr>148</ns3:hr>
            <ns3:cad>87</ns3:cad>
          </ns3:TrackPointExtension>
        </extensions>
      </trkpt>
      <trkpt lat="31.21599686332046985626220703125" lon="121.38687637634575366973876953125">
        <ele>9</ele>
        <time>2026-08-31T10:59:48.000Z</time>
        <extensions>
          <ns3:TrackPointExtension>
            <ns3:hr>148</ns3:hr>
            <ns3:cad>87</ns3:cad>
          </ns3:TrackPointExtension>
        </extensions>
      </trkpt>
      <trkpt lat="31.215991079807281494140625" lon="121.38690076768398284912109375">
        <ele>9</ele>
        <time>2026-08-31T10:59:49.000Z</time>
        <extensions>
          <ns3:TrackPointExtension>
            <ns3:hr>148</ns3:hr>
            <ns3:cad>88</ns3:cad>
          </ns3:TrackPointExtension>
        </extensions>
      </trkpt>
      <trkpt lat="31.2159868888556957244873046875" lon="121.38692297972738742828369140625">
        <ele>9</ele>
        <time>2026-08-31T10:59:50.000Z</time>
        <extensions>
          <ns3:TrackPointExtension>
            <ns3:hr>149</ns3:hr>
            <ns3:cad>88</ns3:cad>
          </ns3:TrackPointExtension>
        </extensions>
      </trkpt>
      <trkpt lat="31.21598244644701480865478515625" lon="121.3869492150843143463134765625">
        <ele>9</ele>
        <time>2026-08-31T10:59:51.000Z</time>
        <extensions>
          <ns3:TrackPointExtension>
            <ns3:hr>148</ns3:hr>
            <ns3:cad>88</ns3:cad>
          </ns3:TrackPointExtension>
        </extensions>
      </trkpt>
      <trkpt lat="31.21597574092447757720947265625" lon="121.386977545917034149169921875">
        <ele>9</ele>
        <time>2026-08-31T10:59:52.000Z</time>
        <extensions>
          <ns3:TrackPointExtension>
            <ns3:hr>148</ns3:hr>
            <ns3:cad>87</ns3:cad>
          </ns3:TrackPointExtension>
        </extensions>
      </trkpt>
      <trkpt lat="31.2159734778106212615966796875" lon="121.3870052061975002288818359375">
        <ele>9</ele>
        <time>2026-08-31T10:59:53.000Z</time>
        <extensions>
          <ns3:TrackPointExtension>
            <ns3:hr>149</ns3:hr>
            <ns3:cad>86</ns3:cad>
          </ns3:TrackPointExtension>
        </extensions>
      </trkpt>
      <trkpt lat="31.2159654311835765838623046875" lon="121.38703462667763233184814453125">
        <ele>9</ele>
        <time>2026-08-31T10:59:54.000Z</time>
        <extensions>
          <ns3:TrackPointExtension>
            <ns3:hr>148</ns3:hr>
            <ns3:cad>86</ns3:cad>
          </ns3:TrackPointExtension>
        </extensions>
      </trkpt>
      <trkpt lat="31.215959228575229644775390625" lon="121.38705792836844921112060546875">
        <ele>9</ele>
        <time>2026-08-31T10:59:55.000Z</time>
        <extensions>
          <ns3:TrackPointExtension>
            <ns3:hr>148</ns3:hr>
            <ns3:cad>88</ns3:cad>
          </ns3:TrackPointExtension>
        </extensions>
      </trkpt>
      <trkpt lat="31.21595126576721668243408203125" lon="121.38708491809666156768798828125">
        <ele>9</ele>
        <time>2026-08-31T10:59:56.000Z</time>
        <extensions>
          <ns3:TrackPointExtension>
            <ns3:hr>149</ns3:hr>
            <ns3:cad>88</ns3:cad>
          </ns3:TrackPointExtension>
        </extensions>
      </trkpt>
      <trkpt lat="31.2159486673772335052490234375" lon="121.38711123727262020111083984375">
        <ele>9</ele>
        <time>2026-08-31T10:59:57.000Z</time>
        <extensions>
          <ns3:TrackPointExtension>
            <ns3:hr>148</ns3:hr>
            <ns3:cad>88</ns3:cad>
          </ns3:TrackPointExtension>
        </extensions>
      </trkpt>
      <trkpt lat="31.2159422971308231353759765625" lon="121.3871423341333866119384765625">
        <ele>9</ele>
        <time>2026-08-31T10:59:58.000Z</time>
        <extensions>
          <ns3:TrackPointExtension>
            <ns3:hr>148</ns3:hr>
            <ns3:cad>87</ns3:cad>
          </ns3:TrackPointExtension>
        </extensions>
      </trkpt>
      <trkpt lat="31.2159360945224761962890625" lon="121.3871725089848041534423828125">
        <ele>9</ele>
        <time>2026-08-31T10:59:59.000Z</time>
        <extensions>
          <ns3:TrackPointExtension>
            <ns3:hr>149</ns3:hr>
            <ns3:cad>87</ns3:cad>
          </ns3:TrackPointExtension>
        </extensions>
      </trkpt>
      <trkpt lat="31.2159414589405059814453125" lon="121.38719472102820873260498046875">
        <ele>9.19999980926513671875</ele>
        <time>2026-08-31T11:00:00.000Z</time>
        <extensions>
          <ns3:TrackPointExtension>
            <ns3:hr>148</ns3:hr>
            <ns3:cad>86</ns3:cad>
          </ns3:TrackPointExtension>
        </extensions>
      </trkpt>
      <trkpt lat="31.2159597314894199371337890625" lon="121.38722187839448451995849609375">
        <ele>9.19999980926513671875</ele>
        <time>2026-08-31T11:00:01.000Z</time>
        <extensions>
          <ns3:TrackPointExtension>
            <ns3:hr>148</ns3:hr>
            <ns3:cad>86</ns3:cad>
          </ns3:TrackPointExtension>
        </extensions>
      </trkpt>
      <trkpt lat="31.215974651277065277099609375" lon="121.38723093084990978240966796875">
        <ele>9.19999980926513671875</ele>
        <time>2026-08-31T11:00:02.000Z</time>
        <extensions>
          <ns3:TrackPointExtension>
            <ns3:hr>149</ns3:hr>
            <ns3:cad>86</ns3:cad>
          </ns3:TrackPointExtension>
        </extensions>
      </trkpt>
      <trkpt lat="31.21600239537656307220458984375" lon="121.38724702410399913787841796875">
        <ele>9</ele>
        <time>2026-08-31T11:00:03.000Z</time>
        <extensions>
          <ns3:TrackPointExtension>
            <ns3:hr>148</ns3:hr>
            <ns3:cad>85</ns3:cad>
          </ns3:TrackPointExtension>
        </extensions>
      </trkpt>
      <trkpt lat="31.21602167375385761260986328125" lon="121.387249119579792022705078125">
        <ele>9.19999980926513671875</ele>
        <time>2026-08-31T11:00:04.000Z</time>
        <extensions>
          <ns3:TrackPointExtension>
            <ns3:hr>148</ns3:hr>
            <ns3:cad>84</ns3:cad>
          </ns3:TrackPointExtension>
        </extensions>
      </trkpt>
      <trkpt lat="31.21604246087372303009033203125" lon="121.38725305907428264617919921875">
        <ele>9.19999980926513671875</ele>
        <time>2026-08-31T11:00:05.000Z</time>
        <extensions>
          <ns3:TrackPointExtension>
            <ns3:hr>147</ns3:hr>
            <ns3:cad>84</ns3:cad>
          </ns3:TrackPointExtension>
        </extensions>
      </trkpt>
      <trkpt lat="31.21606492437422275543212890625" lon="121.38725993223488330841064453125">
        <ele>9.19999980926513671875</ele>
        <time>2026-08-31T11:00:06.000Z</time>
        <extensions>
          <ns3:TrackPointExtension>
            <ns3:hr>147</ns3:hr>
            <ns3:cad>84</ns3:cad>
          </ns3:TrackPointExtension>
        </extensions>
      </trkpt>
      <trkpt lat="31.21608537621796131134033203125" lon="121.3872653804719448089599609375">
        <ele>9.19999980926513671875</ele>
        <time>2026-08-31T11:00:07.000Z</time>
        <extensions>
          <ns3:TrackPointExtension>
            <ns3:hr>147</ns3:hr>
            <ns3:cad>85</ns3:cad>
          </ns3:TrackPointExtension>
        </extensions>
      </trkpt>
      <trkpt lat="31.2161059118807315826416015625" lon="121.3872737623751163482666015625">
        <ele>9.19999980926513671875</ele>
        <time>2026-08-31T11:00:08.000Z</time>
        <extensions>
          <ns3:TrackPointExtension>
            <ns3:hr>146</ns3:hr>
            <ns3:cad>87</ns3:cad>
          </ns3:TrackPointExtension>
        </extensions>
      </trkpt>
      <trkpt lat="31.21612275950610637664794921875" lon="121.38727904297411441802978515625">
        <ele>9.19999980926513671875</ele>
        <time>2026-08-31T11:00:09.000Z</time>
        <extensions>
          <ns3:TrackPointExtension>
            <ns3:hr>145</ns3:hr>
            <ns3:cad>87</ns3:cad>
          </ns3:TrackPointExtension>
        </extensions>
      </trkpt>
      <trkpt lat="31.21614539064466953277587890625" lon="121.38729413039982318878173828125">
        <ele>9</ele>
        <time>2026-08-31T11:00:10.000Z</time>
        <extensions>
          <ns3:TrackPointExtension>
            <ns3:hr>145</ns3:hr>
            <ns3:cad>87</ns3:cad>
          </ns3:TrackPointExtension>
        </extensions>
      </trkpt>
      <trkpt lat="31.2161635793745517730712890625" lon="121.3872975669801235198974609375">
        <ele>9</ele>
        <time>2026-08-31T11:00:11.000Z</time>
        <extensions>
          <ns3:TrackPointExtension>
            <ns3:hr>145</ns3:hr>
            <ns3:cad>87</ns3:cad>
          </ns3:TrackPointExtension>
        </extensions>
      </trkpt>
      <trkpt lat="31.2161900661885738372802734375" lon="121.38730905018746852874755859375">
        <ele>9</ele>
        <time>2026-08-31T11:00:12.000Z</time>
        <extensions>
          <ns3:TrackPointExtension>
            <ns3:hr>145</ns3:hr>
            <ns3:cad>87</ns3:cad>
          </ns3:TrackPointExtension>
        </extensions>
      </trkpt>
      <trkpt lat="31.21620498597621917724609375" lon="121.38730921782553195953369140625">
        <ele>9</ele>
        <time>2026-08-31T11:00:13.000Z</time>
        <extensions>
          <ns3:TrackPointExtension>
            <ns3:hr>145</ns3:hr>
            <ns3:cad>87</ns3:cad>
          </ns3:TrackPointExtension>
        </extensions>
      </trkpt>
      <trkpt lat="31.216235496103763580322265625" lon="121.38733587227761745452880859375">
        <ele>9</ele>
        <time>2026-08-31T11:00:14.000Z</time>
        <extensions>
          <ns3:TrackPointExtension>
            <ns3:hr>145</ns3:hr>
            <ns3:cad>88</ns3:cad>
          </ns3:TrackPointExtension>
        </extensions>
      </trkpt>
      <trkpt lat="31.21625754050910472869873046875" lon="121.38734559528529644012451171875">
        <ele>9</ele>
        <time>2026-08-31T11:00:15.000Z</time>
        <extensions>
          <ns3:TrackPointExtension>
            <ns3:hr>145</ns3:hr>
            <ns3:cad>88</ns3:cad>
          </ns3:TrackPointExtension>
        </extensions>
      </trkpt>
      <trkpt lat="31.21628453023731708526611328125" lon="121.3873579166829586029052734375">
        <ele>9</ele>
        <time>2026-08-31T11:00:16.000Z</time>
        <extensions>
          <ns3:TrackPointExtension>
            <ns3:hr>145</ns3:hr>
            <ns3:cad>88</ns3:cad>
          </ns3:TrackPointExtension>
        </extensions>
      </trkpt>
      <trkpt lat="31.21630414389073848724365234375" lon="121.38736504130065441131591796875">
        <ele>9</ele>
        <time>2026-08-31T11:00:17.000Z</time>
        <extensions>
          <ns3:TrackPointExtension>
            <ns3:hr>144</ns3:hr>
            <ns3:cad>87</ns3:cad>
          </ns3:TrackPointExtension>
        </extensions>
      </trkpt>
      <trkpt lat="31.216326020658016204833984375" lon="121.38736872933804988861083984375">
        <ele>9</ele>
        <time>2026-08-31T11:00:18.000Z</time>
        <extensions>
          <ns3:TrackPointExtension>
            <ns3:hr>145</ns3:hr>
            <ns3:cad>87</ns3:cad>
          </ns3:TrackPointExtension>
        </extensions>
      </trkpt>
      <trkpt lat="31.2163483165204524993896484375" lon="121.38737778179347515106201171875">
        <ele>9</ele>
        <time>2026-08-31T11:00:19.000Z</time>
        <extensions>
          <ns3:TrackPointExtension>
            <ns3:hr>145</ns3:hr>
            <ns3:cad>87</ns3:cad>
          </ns3:TrackPointExtension>
        </extensions>
      </trkpt>
      <trkpt lat="31.21637170203030109405517578125" lon="121.38738566078245639801025390625">
        <ele>9</ele>
        <time>2026-08-31T11:00:20.000Z</time>
        <extensions>
          <ns3:TrackPointExtension>
            <ns3:hr>145</ns3:hr>
            <ns3:cad>88</ns3:cad>
          </ns3:TrackPointExtension>
        </extensions>
      </trkpt>
      <trkpt lat="31.21639399789273738861083984375" lon="121.3873989880084991455078125">
        <ele>9</ele>
        <time>2026-08-31T11:00:21.000Z</time>
        <extensions>
          <ns3:TrackPointExtension>
            <ns3:hr>144</ns3:hr>
            <ns3:cad>88</ns3:cad>
          </ns3:TrackPointExtension>
        </extensions>
      </trkpt>
      <trkpt lat="31.21641528792679309844970703125" lon="121.38740770518779754638671875">
        <ele>9</ele>
        <time>2026-08-31T11:00:22.000Z</time>
        <extensions>
          <ns3:TrackPointExtension>
            <ns3:hr>145</ns3:hr>
            <ns3:cad>88</ns3:cad>
          </ns3:TrackPointExtension>
        </extensions>
      </trkpt>
      <trkpt lat="31.21643909253180027008056640625" lon="121.38741902075707912445068359375">
        <ele>9</ele>
        <time>2026-08-31T11:00:23.000Z</time>
        <extensions>
          <ns3:TrackPointExtension>
            <ns3:hr>145</ns3:hr>
            <ns3:cad>87</ns3:cad>
          </ns3:TrackPointExtension>
        </extensions>
      </trkpt>
      <trkpt lat="31.216452755033969879150390625" lon="121.38742706738412380218505859375">
        <ele>9</ele>
        <time>2026-08-31T11:00:24.000Z</time>
        <extensions>
          <ns3:TrackPointExtension>
            <ns3:hr>145</ns3:hr>
            <ns3:cad>87</ns3:cad>
          </ns3:TrackPointExtension>
        </extensions>
      </trkpt>
      <trkpt lat="31.21647563762962818145751953125" lon="121.38743729330599308013916015625">
        <ele>9</ele>
        <time>2026-08-31T11:00:25.000Z</time>
        <extensions>
          <ns3:TrackPointExtension>
            <ns3:hr>145</ns3:hr>
            <ns3:cad>87</ns3:cad>
          </ns3:TrackPointExtension>
        </extensions>
      </trkpt>
      <trkpt lat="31.2164921499788761138916015625" lon="121.38744433410465717315673828125">
        <ele>9</ele>
        <time>2026-08-31T11:00:26.000Z</time>
        <extensions>
          <ns3:TrackPointExtension>
            <ns3:hr>145</ns3:hr>
            <ns3:cad>87</ns3:cad>
          </ns3:TrackPointExtension>
        </extensions>
      </trkpt>
      <trkpt lat="31.21651369147002696990966796875" lon="121.38744969852268695831298828125">
        <ele>9.19999980926513671875</ele>
        <time>2026-08-31T11:00:27.000Z</time>
        <extensions>
          <ns3:TrackPointExtension>
            <ns3:hr>145</ns3:hr>
            <ns3:cad>88</ns3:cad>
          </ns3:TrackPointExtension>
        </extensions>
      </trkpt>
      <trkpt lat="31.2165347300469875335693359375" lon="121.38745732605457305908203125">
        <ele>9.19999980926513671875</ele>
        <time>2026-08-31T11:00:28.000Z</time>
        <extensions>
          <ns3:TrackPointExtension>
            <ns3:hr>145</ns3:hr>
            <ns3:cad>88</ns3:cad>
          </ns3:TrackPointExtension>
        </extensions>
      </trkpt>
      <trkpt lat="31.216564066708087921142578125" lon="121.3874628581106662750244140625">
        <ele>9.19999980926513671875</ele>
        <time>2026-08-31T11:00:29.000Z</time>
        <extensions>
          <ns3:TrackPointExtension>
            <ns3:hr>145</ns3:hr>
            <ns3:cad>87</ns3:cad>
          </ns3:TrackPointExtension>
        </extensions>
      </trkpt>
      <trkpt lat="31.216585524380207061767578125" lon="121.3874722458422183990478515625">
        <ele>9.19999980926513671875</ele>
        <time>2026-08-31T11:00:30.000Z</time>
        <extensions>
          <ns3:TrackPointExtension>
            <ns3:hr>146</ns3:hr>
            <ns3:cad>87</ns3:cad>
          </ns3:TrackPointExtension>
        </extensions>
      </trkpt>
      <trkpt lat="31.21660731732845306396484375" lon="121.38748406432569026947021484375">
        <ele>9.19999980926513671875</ele>
        <time>2026-08-31T11:00:31.000Z</time>
        <extensions>
          <ns3:TrackPointExtension>
            <ns3:hr>145</ns3:hr>
            <ns3:cad>87</ns3:cad>
          </ns3:TrackPointExtension>
        </extensions>
      </trkpt>
      <trkpt lat="31.21662986464798450469970703125" lon="121.38749144040048122406005859375">
        <ele>9.19999980926513671875</ele>
        <time>2026-08-31T11:00:32.000Z</time>
        <extensions>
          <ns3:TrackPointExtension>
            <ns3:hr>146</ns3:hr>
            <ns3:cad>87</ns3:cad>
          </ns3:TrackPointExtension>
        </extensions>
      </trkpt>
      <trkpt lat="31.216648556292057037353515625" lon="121.387493200600147247314453125">
        <ele>9.19999980926513671875</ele>
        <time>2026-08-31T11:00:33.000Z</time>
        <extensions>
          <ns3:TrackPointExtension>
            <ns3:hr>145</ns3:hr>
            <ns3:cad>88</ns3:cad>
          </ns3:TrackPointExtension>
        </extensions>
      </trkpt>
      <trkpt lat="31.2166701816022396087646484375" lon="121.38750602491199970245361328125">
        <ele>9.19999980926513671875</ele>
        <time>2026-08-31T11:00:34.000Z</time>
        <extensions>
          <ns3:TrackPointExtension>
            <ns3:hr>145</ns3:hr>
            <ns3:cad>88</ns3:cad>
          </ns3:TrackPointExtension>
        </extensions>
      </trkpt>
      <trkpt lat="31.216690801084041595458984375" lon="121.38751088641583919525146484375">
        <ele>9</ele>
        <time>2026-08-31T11:00:35.000Z</time>
        <extensions>
          <ns3:TrackPointExtension>
            <ns3:hr>146</ns3:hr>
            <ns3:cad>88</ns3:cad>
          </ns3:TrackPointExtension>
        </extensions>
      </trkpt>
      <trkpt lat="31.21671820990741252899169921875" lon="121.3875304162502288818359375">
        <ele>9.19999980926513671875</ele>
        <time>2026-08-31T11:00:36.000Z</time>
        <extensions>
          <ns3:TrackPointExtension>
            <ns3:hr>146</ns3:hr>
            <ns3:cad>87</ns3:cad>
          </ns3:TrackPointExtension>
        </extensions>
      </trkpt>
      <trkpt lat="31.21673363260924816131591796875" lon="121.38753837905824184417724609375">
        <ele>9.19999980926513671875</ele>
        <time>2026-08-31T11:00:37.000Z</time>
        <extensions>
          <ns3:TrackPointExtension>
            <ns3:hr>146</ns3:hr>
            <ns3:cad>87</ns3:cad>
          </ns3:TrackPointExtension>
        </extensions>
      </trkpt>
      <trkpt lat="31.21675743721425533294677734375" lon="121.38754977844655513763427734375">
        <ele>9.19999980926513671875</ele>
        <time>2026-08-31T11:00:38.000Z</time>
        <extensions>
          <ns3:TrackPointExtension>
            <ns3:hr>145</ns3:hr>
            <ns3:cad>87</ns3:cad>
          </ns3:TrackPointExtension>
        </extensions>
      </trkpt>
      <trkpt lat="31.2167778052389621734619140625" lon="121.38755028136074542999267578125">
        <ele>9.19999980926513671875</ele>
        <time>2026-08-31T11:00:39.000Z</time>
        <extensions>
          <ns3:TrackPointExtension>
            <ns3:hr>146</ns3:hr>
            <ns3:cad>88</ns3:cad>
          </ns3:TrackPointExtension>
        </extensions>
      </trkpt>
      <trkpt lat="31.216800771653652191162109375" lon="121.38755656778812408447265625">
        <ele>9.19999980926513671875</ele>
        <time>2026-08-31T11:00:40.000Z</time>
        <extensions>
          <ns3:TrackPointExtension>
            <ns3:hr>146</ns3:hr>
            <ns3:cad>88</ns3:cad>
          </ns3:TrackPointExtension>
        </extensions>
      </trkpt>
      <trkpt lat="31.2168212234973907470703125" lon="121.38755748979747295379638671875">
        <ele>9.19999980926513671875</ele>
        <time>2026-08-31T11:00:41.000Z</time>
        <extensions>
          <ns3:TrackPointExtension>
            <ns3:hr>145</ns3:hr>
            <ns3:cad>88</ns3:cad>
          </ns3:TrackPointExtension>
        </extensions>
      </trkpt>
      <trkpt lat="31.21684226207435131072998046875" lon="121.38756805099546909332275390625">
        <ele>9.19999980926513671875</ele>
        <time>2026-08-31T11:00:42.000Z</time>
        <extensions>
          <ns3:TrackPointExtension>
            <ns3:hr>146</ns3:hr>
            <ns3:cad>87</ns3:cad>
          </ns3:TrackPointExtension>
        </extensions>
      </trkpt>
      <trkpt lat="31.216859780251979827880859375" lon="121.38757534325122833251953125">
        <ele>9.19999980926513671875</ele>
        <time>2026-08-31T11:00:43.000Z</time>
        <extensions>
          <ns3:TrackPointExtension>
            <ns3:hr>146</ns3:hr>
            <ns3:cad>87</ns3:cad>
          </ns3:TrackPointExtension>
        </extensions>
      </trkpt>
      <trkpt lat="31.216878555715084075927734375" lon="121.3875835575163364410400390625">
        <ele>9.19999980926513671875</ele>
        <time>2026-08-31T11:00:44.000Z</time>
        <extensions>
          <ns3:TrackPointExtension>
            <ns3:hr>145</ns3:hr>
            <ns3:cad>87</ns3:cad>
          </ns3:TrackPointExtension>
        </extensions>
      </trkpt>
      <trkpt lat="31.216903366148471832275390625" lon="121.38759688474237918853759765625">
        <ele>9.19999980926513671875</ele>
        <time>2026-08-31T11:00:45.000Z</time>
        <extensions>
          <ns3:TrackPointExtension>
            <ns3:hr>146</ns3:hr>
            <ns3:cad>87</ns3:cad>
          </ns3:TrackPointExtension>
        </extensions>
      </trkpt>
      <trkpt lat="31.21692088432610034942626953125" lon="121.38760711066424846649169921875">
        <ele>9.19999980926513671875</ele>
        <time>2026-08-31T11:00:46.000Z</time>
        <extensions>
          <ns3:TrackPointExtension>
            <ns3:hr>146</ns3:hr>
            <ns3:cad>87</ns3:cad>
          </ns3:TrackPointExtension>
        </extensions>
      </trkpt>
      <trkpt lat="31.21694200672209262847900390625" lon="121.38761482201516628265380859375">
        <ele>9.3999996185302734375</ele>
        <time>2026-08-31T11:00:47.000Z</time>
        <extensions>
          <ns3:TrackPointExtension>
            <ns3:hr>146</ns3:hr>
            <ns3:cad>87</ns3:cad>
          </ns3:TrackPointExtension>
        </extensions>
      </trkpt>
      <trkpt lat="31.21696145273745059967041015625" lon="121.38762085698544979095458984375">
        <ele>9.3999996185302734375</ele>
        <time>2026-08-31T11:00:48.000Z</time>
        <extensions>
          <ns3:TrackPointExtension>
            <ns3:hr>145</ns3:hr>
            <ns3:cad>87</ns3:cad>
          </ns3:TrackPointExtension>
        </extensions>
      </trkpt>
      <trkpt lat="31.21698324568569660186767578125" lon="121.38763024471700191497802734375">
        <ele>9.3999996185302734375</ele>
        <time>2026-08-31T11:00:49.000Z</time>
        <extensions>
          <ns3:TrackPointExtension>
            <ns3:hr>146</ns3:hr>
            <ns3:cad>87</ns3:cad>
          </ns3:TrackPointExtension>
        </extensions>
      </trkpt>
      <trkpt lat="31.2170034460723400115966796875" lon="121.38764642179012298583984375">
        <ele>9.3999996185302734375</ele>
        <time>2026-08-31T11:00:50.000Z</time>
        <extensions>
          <ns3:TrackPointExtension>
            <ns3:hr>146</ns3:hr>
            <ns3:cad>86</ns3:cad>
          </ns3:TrackPointExtension>
        </extensions>
      </trkpt>
      <trkpt lat="31.217023395001888275146484375" lon="121.38765589334070682525634765625">
        <ele>9.3999996185302734375</ele>
        <time>2026-08-31T11:00:51.000Z</time>
        <extensions>
          <ns3:TrackPointExtension>
            <ns3:hr>146</ns3:hr>
            <ns3:cad>87</ns3:cad>
          </ns3:TrackPointExtension>
        </extensions>
      </trkpt>
      <trkpt lat="31.21704543940722942352294921875" lon="121.387669555842876434326171875">
        <ele>9.3999996185302734375</ele>
        <time>2026-08-31T11:00:52.000Z</time>
        <extensions>
          <ns3:TrackPointExtension>
            <ns3:hr>146</ns3:hr>
            <ns3:cad>87</ns3:cad>
          </ns3:TrackPointExtension>
        </extensions>
      </trkpt>
      <trkpt lat="31.2170641310513019561767578125" lon="121.387667544186115264892578125">
        <ele>9.3999996185302734375</ele>
        <time>2026-08-31T11:00:53.000Z</time>
        <extensions>
          <ns3:TrackPointExtension>
            <ns3:hr>146</ns3:hr>
            <ns3:cad>87</ns3:cad>
          </ns3:TrackPointExtension>
        </extensions>
      </trkpt>
      <trkpt lat="31.21709036640822887420654296875" lon="121.3876814581453800201416015625">
        <ele>9.6000003814697265625</ele>
        <time>2026-08-31T11:00:54.000Z</time>
        <extensions>
          <ns3:TrackPointExtension>
            <ns3:hr>146</ns3:hr>
            <ns3:cad>87</ns3:cad>
          </ns3:TrackPointExtension>
        </extensions>
      </trkpt>
      <trkpt lat="31.2171067111194133758544921875" lon="121.38768673874437808990478515625">
        <ele>9.6000003814697265625</ele>
        <time>2026-08-31T11:00:55.000Z</time>
        <extensions>
          <ns3:TrackPointExtension>
            <ns3:hr>146</ns3:hr>
            <ns3:cad>86</ns3:cad>
          </ns3:TrackPointExtension>
        </extensions>
      </trkpt>
      <trkpt lat="31.2171301804482936859130859375" lon="121.3877032510936260223388671875">
        <ele>9.6000003814697265625</ele>
        <time>2026-08-31T11:00:56.000Z</time>
        <extensions>
          <ns3:TrackPointExtension>
            <ns3:hr>146</ns3:hr>
            <ns3:cad>86</ns3:cad>
          </ns3:TrackPointExtension>
        </extensions>
      </trkpt>
      <trkpt lat="31.21714971028268337249755859375" lon="121.387714482843875885009765625">
        <ele>9.6000003814697265625</ele>
        <time>2026-08-31T11:00:57.000Z</time>
        <extensions>
          <ns3:TrackPointExtension>
            <ns3:hr>146</ns3:hr>
            <ns3:cad>86</ns3:cad>
          </ns3:TrackPointExtension>
        </extensions>
      </trkpt>
      <trkpt lat="31.21717460453510284423828125" lon="121.38772680424153804779052734375">
        <ele>9.3999996185302734375</ele>
        <time>2026-08-31T11:00:58.000Z</time>
        <extensions>
          <ns3:TrackPointExtension>
            <ns3:hr>145</ns3:hr>
            <ns3:cad>87</ns3:cad>
          </ns3:TrackPointExtension>
        </extensions>
      </trkpt>
      <trkpt lat="31.217194385826587677001953125" lon="121.38773552142083644866943359375">
        <ele>9.3999996185302734375</ele>
        <time>2026-08-31T11:00:59.000Z</time>
        <extensions>
          <ns3:TrackPointExtension>
            <ns3:hr>146</ns3:hr>
            <ns3:cad>87</ns3:cad>
          </ns3:TrackPointExtension>
        </extensions>
      </trkpt>
      <trkpt lat="31.21721391566097736358642578125" lon="121.38774256221950054168701171875">
        <ele>9.3999996185302734375</ele>
        <time>2026-08-31T11:01:00.000Z</time>
        <extensions>
          <ns3:TrackPointExtension>
            <ns3:hr>146</ns3:hr>
            <ns3:cad>87</ns3:cad>
          </ns3:TrackPointExtension>
        </extensions>
      </trkpt>
      <trkpt lat="31.21723554097115993499755859375" lon="121.3877535425126552581787109375">
        <ele>9.3999996185302734375</ele>
        <time>2026-08-31T11:01:01.000Z</time>
        <extensions>
          <ns3:TrackPointExtension>
            <ns3:hr>145</ns3:hr>
            <ns3:cad>87</ns3:cad>
          </ns3:TrackPointExtension>
        </extensions>
      </trkpt>
      <trkpt lat="31.21725951321423053741455078125" lon="121.38776117004454135894775390625">
        <ele>9.3999996185302734375</ele>
        <time>2026-08-31T11:01:02.000Z</time>
        <extensions>
          <ns3:TrackPointExtension>
            <ns3:hr>146</ns3:hr>
            <ns3:cad>87</ns3:cad>
          </ns3:TrackPointExtension>
        </extensions>
      </trkpt>
      <trkpt lat="31.2172830663621425628662109375" lon="121.38777491636574268341064453125">
        <ele>9.3999996185302734375</ele>
        <time>2026-08-31T11:01:03.000Z</time>
        <extensions>
          <ns3:TrackPointExtension>
            <ns3:hr>145</ns3:hr>
            <ns3:cad>87</ns3:cad>
          </ns3:TrackPointExtension>
        </extensions>
      </trkpt>
      <trkpt lat="31.2173068709671497344970703125" lon="121.38777776621282100677490234375">
        <ele>9.19999980926513671875</ele>
        <time>2026-08-31T11:01:04.000Z</time>
        <extensions>
          <ns3:TrackPointExtension>
            <ns3:hr>145</ns3:hr>
            <ns3:cad>88</ns3:cad>
          </ns3:TrackPointExtension>
        </extensions>
      </trkpt>
      <trkpt lat="31.21733159758150577545166015625" lon="121.38778899796307086944580078125">
        <ele>9.3999996185302734375</ele>
        <time>2026-08-31T11:01:05.000Z</time>
        <extensions>
          <ns3:TrackPointExtension>
            <ns3:hr>145</ns3:hr>
            <ns3:cad>88</ns3:cad>
          </ns3:TrackPointExtension>
        </extensions>
      </trkpt>
      <trkpt lat="31.21735070832073688507080078125" lon="121.38779268600046634674072265625">
        <ele>9.3999996185302734375</ele>
        <time>2026-08-31T11:01:06.000Z</time>
        <extensions>
          <ns3:TrackPointExtension>
            <ns3:hr>145</ns3:hr>
            <ns3:cad>88</ns3:cad>
          </ns3:TrackPointExtension>
        </extensions>
      </trkpt>
      <trkpt lat="31.2173769436776638031005859375" lon="121.387805677950382232666015625">
        <ele>9.3999996185302734375</ele>
        <time>2026-08-31T11:01:07.000Z</time>
        <extensions>
          <ns3:TrackPointExtension>
            <ns3:hr>144</ns3:hr>
            <ns3:cad>87</ns3:cad>
          </ns3:TrackPointExtension>
        </extensions>
      </trkpt>
      <trkpt lat="31.2173957191407680511474609375" lon="121.38781607151031494140625">
        <ele>9.3999996185302734375</ele>
        <time>2026-08-31T11:01:08.000Z</time>
        <extensions>
          <ns3:TrackPointExtension>
            <ns3:hr>144</ns3:hr>
            <ns3:cad>87</ns3:cad>
          </ns3:TrackPointExtension>
        </extensions>
      </trkpt>
      <trkpt lat="31.217415668070316314697265625" lon="121.3878276385366916656494140625">
        <ele>9.19999980926513671875</ele>
        <time>2026-08-31T11:01:09.000Z</time>
        <extensions>
          <ns3:TrackPointExtension>
            <ns3:hr>144</ns3:hr>
            <ns3:cad>87</ns3:cad>
          </ns3:TrackPointExtension>
        </extensions>
      </trkpt>
      <trkpt lat="31.21743285097181797027587890625" lon="121.38783543370664119720458984375">
        <ele>9.19999980926513671875</ele>
        <time>2026-08-31T11:01:10.000Z</time>
        <extensions>
          <ns3:TrackPointExtension>
            <ns3:hr>144</ns3:hr>
            <ns3:cad>87</ns3:cad>
          </ns3:TrackPointExtension>
        </extensions>
      </trkpt>
      <trkpt lat="31.21745799668133258819580078125" lon="121.387838535010814666748046875">
        <ele>9.19999980926513671875</ele>
        <time>2026-08-31T11:01:11.000Z</time>
        <extensions>
          <ns3:TrackPointExtension>
            <ns3:hr>144</ns3:hr>
            <ns3:cad>88</ns3:cad>
          </ns3:TrackPointExtension>
        </extensions>
      </trkpt>
      <trkpt lat="31.217478699982166290283203125" lon="121.387851946055889129638671875">
        <ele>9.3999996185302734375</ele>
        <time>2026-08-31T11:01:12.000Z</time>
        <extensions>
          <ns3:TrackPointExtension>
            <ns3:hr>144</ns3:hr>
            <ns3:cad>88</ns3:cad>
          </ns3:TrackPointExtension>
        </extensions>
      </trkpt>
      <trkpt lat="31.217504851520061492919921875" lon="121.387859992682933807373046875">
        <ele>9.3999996185302734375</ele>
        <time>2026-08-31T11:01:13.000Z</time>
        <extensions>
          <ns3:TrackPointExtension>
            <ns3:hr>144</ns3:hr>
            <ns3:cad>87</ns3:cad>
          </ns3:TrackPointExtension>
        </extensions>
      </trkpt>
      <trkpt lat="31.2175234593451023101806640625" lon="121.3878672011196613311767578125">
        <ele>9.6000003814697265625</ele>
        <time>2026-08-31T11:01:14.000Z</time>
        <extensions>
          <ns3:TrackPointExtension>
            <ns3:hr>144</ns3:hr>
            <ns3:cad>87</ns3:cad>
          </ns3:TrackPointExtension>
        </extensions>
      </trkpt>
      <trkpt lat="31.2175455875694751739501953125" lon="121.3878682069480419158935546875">
        <ele>9.80000019073486328125</ele>
        <time>2026-08-31T11:01:15.000Z</time>
        <extensions>
          <ns3:TrackPointExtension>
            <ns3:hr>144</ns3:hr>
            <ns3:cad>86</ns3:cad>
          </ns3:TrackPointExtension>
        </extensions>
      </trkpt>
      <trkpt lat="31.21757148765027523040771484375" lon="121.3878779299557209014892578125">
        <ele>9.80000019073486328125</ele>
        <time>2026-08-31T11:01:16.000Z</time>
        <extensions>
          <ns3:TrackPointExtension>
            <ns3:hr>144</ns3:hr>
            <ns3:cad>86</ns3:cad>
          </ns3:TrackPointExtension>
        </extensions>
      </trkpt>
      <trkpt lat="31.21759302914142608642578125" lon="121.3878822885453701019287109375">
        <ele>9.80000019073486328125</ele>
        <time>2026-08-31T11:01:17.000Z</time>
        <extensions>
          <ns3:TrackPointExtension>
            <ns3:hr>145</ns3:hr>
            <ns3:cad>87</ns3:cad>
          </ns3:TrackPointExtension>
        </extensions>
      </trkpt>
      <trkpt lat="31.21761557646095752716064453125" lon="121.38789628632366657257080078125">
        <ele>9.80000019073486328125</ele>
        <time>2026-08-31T11:01:18.000Z</time>
        <extensions>
          <ns3:TrackPointExtension>
            <ns3:hr>145</ns3:hr>
            <ns3:cad>87</ns3:cad>
          </ns3:TrackPointExtension>
        </extensions>
      </trkpt>
      <trkpt lat="31.21763803996145725250244140625" lon="121.3879040814936161041259765625">
        <ele>9.6000003814697265625</ele>
        <time>2026-08-31T11:01:19.000Z</time>
        <extensions>
          <ns3:TrackPointExtension>
            <ns3:hr>145</ns3:hr>
            <ns3:cad>87</ns3:cad>
          </ns3:TrackPointExtension>
        </extensions>
      </trkpt>
      <trkpt lat="31.21766150929033756256103515625" lon="121.387915313243865966796875">
        <ele>9.6000003814697265625</ele>
        <time>2026-08-31T11:01:20.000Z</time>
        <extensions>
          <ns3:TrackPointExtension>
            <ns3:hr>145</ns3:hr>
            <ns3:cad>87</ns3:cad>
          </ns3:TrackPointExtension>
        </extensions>
      </trkpt>
      <trkpt lat="31.21768145821988582611083984375" lon="121.3879287242889404296875">
        <ele>9.6000003814697265625</ele>
        <time>2026-08-31T11:01:21.000Z</time>
        <extensions>
          <ns3:TrackPointExtension>
            <ns3:hr>146</ns3:hr>
            <ns3:cad>87</ns3:cad>
          </ns3:TrackPointExtension>
        </extensions>
      </trkpt>
      <trkpt lat="31.2177055142819881439208984375" lon="121.38793635182082653045654296875">
        <ele>9.6000003814697265625</ele>
        <time>2026-08-31T11:01:22.000Z</time>
        <extensions>
          <ns3:TrackPointExtension>
            <ns3:hr>146</ns3:hr>
            <ns3:cad>87</ns3:cad>
          </ns3:TrackPointExtension>
        </extensions>
      </trkpt>
      <trkpt lat="31.21773124672472476959228515625" lon="121.3879513554275035858154296875">
        <ele>9.6000003814697265625</ele>
        <time>2026-08-31T11:01:23.000Z</time>
        <extensions>
          <ns3:TrackPointExtension>
            <ns3:hr>146</ns3:hr>
            <ns3:cad>88</ns3:cad>
          </ns3:TrackPointExtension>
        </extensions>
      </trkpt>
      <trkpt lat="31.2177474237978458404541015625" lon="121.3879567198455333709716796875">
        <ele>9.6000003814697265625</ele>
        <time>2026-08-31T11:01:24.000Z</time>
        <extensions>
          <ns3:TrackPointExtension>
            <ns3:hr>147</ns3:hr>
            <ns3:cad>88</ns3:cad>
          </ns3:TrackPointExtension>
        </extensions>
      </trkpt>
      <trkpt lat="31.2177718989551067352294921875" lon="121.3879731483757495880126953125">
        <ele>9.6000003814697265625</ele>
        <time>2026-08-31T11:01:25.000Z</time>
        <extensions>
          <ns3:TrackPointExtension>
            <ns3:hr>147</ns3:hr>
            <ns3:cad>87</ns3:cad>
          </ns3:TrackPointExtension>
        </extensions>
      </trkpt>
      <trkpt lat="31.21778539381921291351318359375" lon="121.38798044063150882720947265625">
        <ele>9.6000003814697265625</ele>
        <time>2026-08-31T11:01:26.000Z</time>
        <extensions>
          <ns3:TrackPointExtension>
            <ns3:hr>147</ns3:hr>
            <ns3:cad>87</ns3:cad>
          </ns3:TrackPointExtension>
        </extensions>
      </trkpt>
      <trkpt lat="31.21780986897647380828857421875" lon="121.387992091476917266845703125">
        <ele>9.6000003814697265625</ele>
        <time>2026-08-31T11:01:27.000Z</time>
        <extensions>
          <ns3:TrackPointExtension>
            <ns3:hr>147</ns3:hr>
            <ns3:cad>87</ns3:cad>
          </ns3:TrackPointExtension>
        </extensions>
      </trkpt>
      <trkpt lat="31.217823028564453125" lon="121.387995444238185882568359375">
        <ele>9.6000003814697265625</ele>
        <time>2026-08-31T11:01:28.000Z</time>
        <extensions>
          <ns3:TrackPointExtension>
            <ns3:hr>147</ns3:hr>
            <ns3:cad>87</ns3:cad>
          </ns3:TrackPointExtension>
        </extensions>
      </trkpt>
      <trkpt lat="31.21784088201820850372314453125" lon="121.38800692744553089141845703125">
        <ele>9.6000003814697265625</ele>
        <time>2026-08-31T11:01:29.000Z</time>
        <extensions>
          <ns3:TrackPointExtension>
            <ns3:hr>147</ns3:hr>
            <ns3:cad>87</ns3:cad>
          </ns3:TrackPointExtension>
        </extensions>
      </trkpt>
      <trkpt lat="31.21785647235810756683349609375" lon="121.3880200870335102081298828125">
        <ele>9.6000003814697265625</ele>
        <time>2026-08-31T11:01:30.000Z</time>
        <extensions>
          <ns3:TrackPointExtension>
            <ns3:hr>147</ns3:hr>
            <ns3:cad>87</ns3:cad>
          </ns3:TrackPointExtension>
        </extensions>
      </trkpt>
      <trkpt lat="31.2178708054125308990478515625" lon="121.3880293071269989013671875">
        <ele>9.6000003814697265625</ele>
        <time>2026-08-31T11:01:31.000Z</time>
        <extensions>
          <ns3:TrackPointExtension>
            <ns3:hr>147</ns3:hr>
            <ns3:cad>87</ns3:cad>
          </ns3:TrackPointExtension>
        </extensions>
      </trkpt>
      <trkpt lat="31.21789150871336460113525390625" lon="121.388045065104961395263671875">
        <ele>9.6000003814697265625</ele>
        <time>2026-08-31T11:01:32.000Z</time>
        <extensions>
          <ns3:TrackPointExtension>
            <ns3:hr>148</ns3:hr>
            <ns3:cad>86</ns3:cad>
          </ns3:TrackPointExtension>
        </extensions>
      </trkpt>
      <trkpt lat="31.21791263110935688018798828125" lon="121.3880526088178157806396484375">
        <ele>9.6000003814697265625</ele>
        <time>2026-08-31T11:01:33.000Z</time>
        <extensions>
          <ns3:TrackPointExtension>
            <ns3:hr>148</ns3:hr>
            <ns3:cad>86</ns3:cad>
          </ns3:TrackPointExtension>
        </extensions>
      </trkpt>
      <trkpt lat="31.21793341822922229766845703125" lon="121.38806308619678020477294921875">
        <ele>9.6000003814697265625</ele>
        <time>2026-08-31T11:01:34.000Z</time>
        <extensions>
          <ns3:TrackPointExtension>
            <ns3:hr>148</ns3:hr>
            <ns3:cad>86</ns3:cad>
          </ns3:TrackPointExtension>
        </extensions>
      </trkpt>
      <trkpt lat="31.217950768768787384033203125" lon="121.38806627131998538970947265625">
        <ele>9.6000003814697265625</ele>
        <time>2026-08-31T11:01:35.000Z</time>
        <extensions>
          <ns3:TrackPointExtension>
            <ns3:hr>147</ns3:hr>
            <ns3:cad>86</ns3:cad>
          </ns3:TrackPointExtension>
        </extensions>
      </trkpt>
      <trkpt lat="31.2179777584969997406005859375" lon="121.38807155191898345947265625">
        <ele>9.6000003814697265625</ele>
        <time>2026-08-31T11:01:36.000Z</time>
        <extensions>
          <ns3:TrackPointExtension>
            <ns3:hr>148</ns3:hr>
            <ns3:cad>86</ns3:cad>
          </ns3:TrackPointExtension>
        </extensions>
      </trkpt>
      <trkpt lat="31.21799645014107227325439453125" lon="121.388083957135677337646484375">
        <ele>9.6000003814697265625</ele>
        <time>2026-08-31T11:01:37.000Z</time>
        <extensions>
          <ns3:TrackPointExtension>
            <ns3:hr>148</ns3:hr>
            <ns3:cad>86</ns3:cad>
          </ns3:TrackPointExtension>
        </extensions>
      </trkpt>
      <trkpt lat="31.2180186621844768524169921875" lon="121.38809166848659515380859375">
        <ele>9.6000003814697265625</ele>
        <time>2026-08-31T11:01:38.000Z</time>
        <extensions>
          <ns3:TrackPointExtension>
            <ns3:hr>148</ns3:hr>
            <ns3:cad>86</ns3:cad>
          </ns3:TrackPointExtension>
        </extensions>
      </trkpt>
      <trkpt lat="31.21803835965692996978759765625" lon="121.3881042413413524627685546875">
        <ele>9.6000003814697265625</ele>
        <time>2026-08-31T11:01:39.000Z</time>
        <extensions>
          <ns3:TrackPointExtension>
            <ns3:hr>148</ns3:hr>
            <ns3:cad>86</ns3:cad>
          </ns3:TrackPointExtension>
        </extensions>
      </trkpt>
      <trkpt lat="31.218062080442905426025390625" lon="121.38810784555971622467041015625">
        <ele>9.6000003814697265625</ele>
        <time>2026-08-31T11:01:40.000Z</time>
        <extensions>
          <ns3:TrackPointExtension>
            <ns3:hr>148</ns3:hr>
            <ns3:cad>86</ns3:cad>
          </ns3:TrackPointExtension>
        </extensions>
      </trkpt>
      <trkpt lat="31.21808680705726146697998046875" lon="121.3881189934909343719482421875">
        <ele>9.3999996185302734375</ele>
        <time>2026-08-31T11:01:41.000Z</time>
        <extensions>
          <ns3:TrackPointExtension>
            <ns3:hr>148</ns3:hr>
            <ns3:cad>86</ns3:cad>
          </ns3:TrackPointExtension>
        </extensions>
      </trkpt>
      <trkpt lat="31.21810357086360454559326171875" lon="121.38812997378408908843994140625">
        <ele>9.6000003814697265625</ele>
        <time>2026-08-31T11:01:42.000Z</time>
        <extensions>
          <ns3:TrackPointExtension>
            <ns3:hr>148</ns3:hr>
            <ns3:cad>88</ns3:cad>
          </ns3:TrackPointExtension>
        </extensions>
      </trkpt>
      <trkpt lat="31.218126118183135986328125" lon="121.3881464861333370208740234375">
        <ele>9.6000003814697265625</ele>
        <time>2026-08-31T11:01:43.000Z</time>
        <extensions>
          <ns3:TrackPointExtension>
            <ns3:hr>148</ns3:hr>
            <ns3:cad>88</ns3:cad>
          </ns3:TrackPointExtension>
        </extensions>
      </trkpt>
      <trkpt lat="31.21814749203622341156005859375" lon="121.38815813697874546051025390625">
        <ele>9.6000003814697265625</ele>
        <time>2026-08-31T11:01:44.000Z</time>
        <extensions>
          <ns3:TrackPointExtension>
            <ns3:hr>149</ns3:hr>
            <ns3:cad>88</ns3:cad>
          </ns3:TrackPointExtension>
        </extensions>
      </trkpt>
      <trkpt lat="31.218169368803501129150390625" lon="121.38816601596772670745849609375">
        <ele>9.6000003814697265625</ele>
        <time>2026-08-31T11:01:45.000Z</time>
        <extensions>
          <ns3:TrackPointExtension>
            <ns3:hr>148</ns3:hr>
            <ns3:cad>87</ns3:cad>
          </ns3:TrackPointExtension>
        </extensions>
      </trkpt>
      <trkpt lat="31.21819174848496913909912109375" lon="121.38817615807056427001953125">
        <ele>9.6000003814697265625</ele>
        <time>2026-08-31T11:01:46.000Z</time>
        <extensions>
          <ns3:TrackPointExtension>
            <ns3:hr>148</ns3:hr>
            <ns3:cad>86</ns3:cad>
          </ns3:TrackPointExtension>
        </extensions>
      </trkpt>
      <trkpt lat="31.21821270324289798736572265625" lon="121.388187892735004425048828125">
        <ele>9.3999996185302734375</ele>
        <time>2026-08-31T11:01:47.000Z</time>
        <extensions>
          <ns3:TrackPointExtension>
            <ns3:hr>149</ns3:hr>
            <ns3:cad>87</ns3:cad>
          </ns3:TrackPointExtension>
        </extensions>
      </trkpt>
      <trkpt lat="31.21823499910533428192138671875" lon="121.38819895684719085693359375">
        <ele>9.3999996185302734375</ele>
        <time>2026-08-31T11:01:48.000Z</time>
        <extensions>
          <ns3:TrackPointExtension>
            <ns3:hr>148</ns3:hr>
            <ns3:cad>88</ns3:cad>
          </ns3:TrackPointExtension>
        </extensions>
      </trkpt>
      <trkpt lat="31.21825528331100940704345703125" lon="121.38820976950228214263916015625">
        <ele>9.3999996185302734375</ele>
        <time>2026-08-31T11:01:49.000Z</time>
        <extensions>
          <ns3:TrackPointExtension>
            <ns3:hr>148</ns3:hr>
            <ns3:cad>88</ns3:cad>
          </ns3:TrackPointExtension>
        </extensions>
      </trkpt>
      <trkpt lat="31.21827808208763599395751953125" lon="121.388215385377407073974609375">
        <ele>9.3999996185302734375</ele>
        <time>2026-08-31T11:01:50.000Z</time>
        <extensions>
          <ns3:TrackPointExtension>
            <ns3:hr>149</ns3:hr>
            <ns3:cad>88</ns3:cad>
          </ns3:TrackPointExtension>
        </extensions>
      </trkpt>
      <trkpt lat="31.218295432627201080322265625" lon="121.3882135413587093353271484375">
        <ele>9.3999996185302734375</ele>
        <time>2026-08-31T11:01:51.000Z</time>
        <extensions>
          <ns3:TrackPointExtension>
            <ns3:hr>148</ns3:hr>
            <ns3:cad>87</ns3:cad>
          </ns3:TrackPointExtension>
        </extensions>
      </trkpt>
      <trkpt lat="31.218324601650238037109375" lon="121.38822100125253200531005859375">
        <ele>9.3999996185302734375</ele>
        <time>2026-08-31T11:01:52.000Z</time>
        <extensions>
          <ns3:TrackPointExtension>
            <ns3:hr>148</ns3:hr>
            <ns3:cad>87</ns3:cad>
          </ns3:TrackPointExtension>
        </extensions>
      </trkpt>
      <trkpt lat="31.218343041837215423583984375" lon="121.38822150416672229766845703125">
        <ele>9.3999996185302734375</ele>
        <time>2026-08-31T11:01:53.000Z</time>
        <extensions>
          <ns3:TrackPointExtension>
            <ns3:hr>149</ns3:hr>
            <ns3:cad>87</ns3:cad>
          </ns3:TrackPointExtension>
        </extensions>
      </trkpt>
      <trkpt lat="31.2183639965951442718505859375" lon="121.3882373459637165069580078125">
        <ele>9.3999996185302734375</ele>
        <time>2026-08-31T11:01:54.000Z</time>
        <extensions>
          <ns3:TrackPointExtension>
            <ns3:hr>148</ns3:hr>
            <ns3:cad>87</ns3:cad>
          </ns3:TrackPointExtension>
        </extensions>
      </trkpt>
      <trkpt lat="31.218383274972438812255859375" lon="121.38824279420077800750732421875">
        <ele>9.3999996185302734375</ele>
        <time>2026-08-31T11:01:55.000Z</time>
        <extensions>
          <ns3:TrackPointExtension>
            <ns3:hr>148</ns3:hr>
            <ns3:cad>87</ns3:cad>
          </ns3:TrackPointExtension>
        </extensions>
      </trkpt>
      <trkpt lat="31.21841378509998321533203125" lon="121.38825788162648677825927734375">
        <ele>9.3999996185302734375</ele>
        <time>2026-08-31T11:01:56.000Z</time>
        <extensions>
          <ns3:TrackPointExtension>
            <ns3:hr>149</ns3:hr>
            <ns3:cad>87</ns3:cad>
          </ns3:TrackPointExtension>
        </extensions>
      </trkpt>
      <trkpt lat="31.218434236943721771240234375" lon="121.38826291076838970184326171875">
        <ele>9.3999996185302734375</ele>
        <time>2026-08-31T11:01:57.000Z</time>
        <extensions>
          <ns3:TrackPointExtension>
            <ns3:hr>148</ns3:hr>
            <ns3:cad>87</ns3:cad>
          </ns3:TrackPointExtension>
        </extensions>
      </trkpt>
      <trkpt lat="31.21846047230064868927001953125" lon="121.38827405869960784912109375">
        <ele>9.3999996185302734375</ele>
        <time>2026-08-31T11:01:58.000Z</time>
        <extensions>
          <ns3:TrackPointExtension>
            <ns3:hr>148</ns3:hr>
            <ns3:cad>87</ns3:cad>
          </ns3:TrackPointExtension>
        </extensions>
      </trkpt>
      <trkpt lat="31.21847908012568950653076171875" lon="121.38827833347022533416748046875">
        <ele>9.3999996185302734375</ele>
        <time>2026-08-31T11:01:59.000Z</time>
        <extensions>
          <ns3:TrackPointExtension>
            <ns3:hr>148</ns3:hr>
            <ns3:cad>87</ns3:cad>
          </ns3:TrackPointExtension>
        </extensions>
      </trkpt>
      <trkpt lat="31.218503974378108978271484375" lon="121.38827967457473278045654296875">
        <ele>9.3999996185302734375</ele>
        <time>2026-08-31T11:02:00.000Z</time>
        <extensions>
          <ns3:TrackPointExtension>
            <ns3:hr>148</ns3:hr>
            <ns3:cad>88</ns3:cad>
          </ns3:TrackPointExtension>
        </extensions>
      </trkpt>
      <trkpt lat="31.218528784811496734619140625" lon="121.388288475573062896728515625">
        <ele>9.3999996185302734375</ele>
        <time>2026-08-31T11:02:01.000Z</time>
        <extensions>
          <ns3:TrackPointExtension>
            <ns3:hr>147</ns3:hr>
            <ns3:cad>88</ns3:cad>
          </ns3:TrackPointExtension>
        </extensions>
      </trkpt>
      <trkpt lat="31.21855250559747219085693359375" lon="121.38828478753566741943359375">
        <ele>9.3999996185302734375</ele>
        <time>2026-08-31T11:02:02.000Z</time>
        <extensions>
          <ns3:TrackPointExtension>
            <ns3:hr>147</ns3:hr>
            <ns3:cad>88</ns3:cad>
          </ns3:TrackPointExtension>
        </extensions>
      </trkpt>
      <trkpt lat="31.218579076230525970458984375" lon="121.3882916606962680816650390625">
        <ele>9.3999996185302734375</ele>
        <time>2026-08-31T11:02:03.000Z</time>
        <extensions>
          <ns3:TrackPointExtension>
            <ns3:hr>147</ns3:hr>
            <ns3:cad>87</ns3:cad>
          </ns3:TrackPointExtension>
        </extensions>
      </trkpt>
      <trkpt lat="31.21859676204621791839599609375" lon="121.38829526491463184356689453125">
        <ele>9.3999996185302734375</ele>
        <time>2026-08-31T11:02:04.000Z</time>
        <extensions>
          <ns3:TrackPointExtension>
            <ns3:hr>148</ns3:hr>
            <ns3:cad>87</ns3:cad>
          </ns3:TrackPointExtension>
        </extensions>
      </trkpt>
      <trkpt lat="31.21862190775573253631591796875" lon="121.38830549083650112152099609375">
        <ele>9.3999996185302734375</ele>
        <time>2026-08-31T11:02:05.000Z</time>
        <extensions>
          <ns3:TrackPointExtension>
            <ns3:hr>147</ns3:hr>
            <ns3:cad>87</ns3:cad>
          </ns3:TrackPointExtension>
        </extensions>
      </trkpt>
      <trkpt lat="31.21863749809563159942626953125" lon="121.388306915760040283203125">
        <ele>9.3999996185302734375</ele>
        <time>2026-08-31T11:02:06.000Z</time>
        <extensions>
          <ns3:TrackPointExtension>
            <ns3:hr>147</ns3:hr>
            <ns3:cad>87</ns3:cad>
          </ns3:TrackPointExtension>
        </extensions>
      </trkpt>
      <trkpt lat="31.21865627355873584747314453125" lon="121.38831722550094127655029296875">
        <ele>9.3999996185302734375</ele>
        <time>2026-08-31T11:02:07.000Z</time>
        <extensions>
          <ns3:TrackPointExtension>
            <ns3:hr>148</ns3:hr>
            <ns3:cad>87</ns3:cad>
          </ns3:TrackPointExtension>
        </extensions>
      </trkpt>
      <trkpt lat="31.2186746299266815185546875" lon="121.38831990770995616912841796875">
        <ele>9.3999996185302734375</ele>
        <time>2026-08-31T11:02:08.000Z</time>
        <extensions>
          <ns3:TrackPointExtension>
            <ns3:hr>148</ns3:hr>
            <ns3:cad>88</ns3:cad>
          </ns3:TrackPointExtension>
        </extensions>
      </trkpt>
      <trkpt lat="31.2186960875988006591796875" lon="121.388328708708286285400390625">
        <ele>9.3999996185302734375</ele>
        <time>2026-08-31T11:02:09.000Z</time>
        <extensions>
          <ns3:TrackPointExtension>
            <ns3:hr>148</ns3:hr>
            <ns3:cad>87</ns3:cad>
          </ns3:TrackPointExtension>
        </extensions>
      </trkpt>
      <trkpt lat="31.2187133543193340301513671875" lon="121.38833440840244293212890625">
        <ele>9.3999996185302734375</ele>
        <time>2026-08-31T11:02:10.000Z</time>
        <extensions>
          <ns3:TrackPointExtension>
            <ns3:hr>148</ns3:hr>
            <ns3:cad>87</ns3:cad>
          </ns3:TrackPointExtension>
        </extensions>
      </trkpt>
      <trkpt lat="31.21873606927692890167236328125" lon="121.388339437544345855712890625">
        <ele>9.3999996185302734375</ele>
        <time>2026-08-31T11:02:11.000Z</time>
        <extensions>
          <ns3:TrackPointExtension>
            <ns3:hr>148</ns3:hr>
            <ns3:cad>87</ns3:cad>
          </ns3:TrackPointExtension>
        </extensions>
      </trkpt>
      <trkpt lat="31.21876289136707782745361328125" lon="121.388342790305614471435546875">
        <ele>9.3999996185302734375</ele>
        <time>2026-08-31T11:02:12.000Z</time>
        <extensions>
          <ns3:TrackPointExtension>
            <ns3:hr>148</ns3:hr>
            <ns3:cad>88</ns3:cad>
          </ns3:TrackPointExtension>
        </extensions>
      </trkpt>
      <trkpt lat="31.2187861092388629913330078125" lon="121.388348154723644256591796875">
        <ele>9.3999996185302734375</ele>
        <time>2026-08-31T11:02:13.000Z</time>
        <extensions>
          <ns3:TrackPointExtension>
            <ns3:hr>148</ns3:hr>
            <ns3:cad>89</ns3:cad>
          </ns3:TrackPointExtension>
        </extensions>
      </trkpt>
      <trkpt lat="31.2188087403774261474609375" lon="121.3883540220558643341064453125">
        <ele>9.3999996185302734375</ele>
        <time>2026-08-31T11:02:14.000Z</time>
        <extensions>
          <ns3:TrackPointExtension>
            <ns3:hr>148</ns3:hr>
            <ns3:cad>89</ns3:cad>
          </ns3:TrackPointExtension>
        </extensions>
      </trkpt>
      <trkpt lat="31.21883044950664043426513671875" lon="121.38835628516972064971923828125">
        <ele>9.3999996185302734375</ele>
        <time>2026-08-31T11:02:15.000Z</time>
        <extensions>
          <ns3:TrackPointExtension>
            <ns3:hr>149</ns3:hr>
            <ns3:cad>88</ns3:cad>
          </ns3:TrackPointExtension>
        </extensions>
      </trkpt>
      <trkpt lat="31.21885173954069614410400390625" lon="121.38836366124451160430908203125">
        <ele>9.3999996185302734375</ele>
        <time>2026-08-31T11:02:16.000Z</time>
        <extensions>
          <ns3:TrackPointExtension>
            <ns3:hr>148</ns3:hr>
            <ns3:cad>87</ns3:cad>
          </ns3:TrackPointExtension>
        </extensions>
      </trkpt>
      <trkpt lat="31.21887671761214733123779296875" lon="121.38836399652063846588134765625">
        <ele>9.3999996185302734375</ele>
        <time>2026-08-31T11:02:17.000Z</time>
        <extensions>
          <ns3:TrackPointExtension>
            <ns3:hr>148</ns3:hr>
            <ns3:cad>87</ns3:cad>
          </ns3:TrackPointExtension>
        </extensions>
      </trkpt>
      <trkpt lat="31.2189027853310108184814453125" lon="121.388364918529987335205078125">
        <ele>9.3999996185302734375</ele>
        <time>2026-08-31T11:02:18.000Z</time>
        <extensions>
          <ns3:TrackPointExtension>
            <ns3:hr>149</ns3:hr>
            <ns3:cad>87</ns3:cad>
          </ns3:TrackPointExtension>
        </extensions>
      </trkpt>
      <trkpt lat="31.21892717666923999786376953125" lon="121.38835720717906951904296875">
        <ele>9.3999996185302734375</ele>
        <time>2026-08-31T11:02:19.000Z</time>
        <extensions>
          <ns3:TrackPointExtension>
            <ns3:hr>148</ns3:hr>
            <ns3:cad>88</ns3:cad>
          </ns3:TrackPointExtension>
        </extensions>
      </trkpt>
      <trkpt lat="31.21895818971097469329833984375" lon="121.38835611753165721893310546875">
        <ele>9.3999996185302734375</ele>
        <time>2026-08-31T11:02:20.000Z</time>
        <extensions>
          <ns3:TrackPointExtension>
            <ns3:hr>148</ns3:hr>
            <ns3:cad>88</ns3:cad>
          </ns3:TrackPointExtension>
        </extensions>
      </trkpt>
      <trkpt lat="31.21897570788860321044921875" lon="121.3883573748171329498291015625">
        <ele>9.3999996185302734375</ele>
        <time>2026-08-31T11:02:21.000Z</time>
        <extensions>
          <ns3:TrackPointExtension>
            <ns3:hr>149</ns3:hr>
            <ns3:cad>88</ns3:cad>
          </ns3:TrackPointExtension>
        </extensions>
      </trkpt>
      <trkpt lat="31.219004206359386444091796875" lon="121.38835628516972064971923828125">
        <ele>9.19999980926513671875</ele>
        <time>2026-08-31T11:02:22.000Z</time>
        <extensions>
          <ns3:TrackPointExtension>
            <ns3:hr>148</ns3:hr>
            <ns3:cad>87</ns3:cad>
          </ns3:TrackPointExtension>
        </extensions>
      </trkpt>
      <trkpt lat="31.21902708895504474639892578125" lon="121.38835511170327663421630859375">
        <ele>9.19999980926513671875</ele>
        <time>2026-08-31T11:02:23.000Z</time>
        <extensions>
          <ns3:TrackPointExtension>
            <ns3:hr>148</ns3:hr>
            <ns3:cad>86</ns3:cad>
          </ns3:TrackPointExtension>
        </extensions>
      </trkpt>
      <trkpt lat="31.21904402039945125579833984375" lon="121.38834974728524684906005859375">
        <ele>9.19999980926513671875</ele>
        <time>2026-08-31T11:02:24.000Z</time>
        <extensions>
          <ns3:TrackPointExtension>
            <ns3:hr>149</ns3:hr>
            <ns3:cad>86</ns3:cad>
          </ns3:TrackPointExtension>
        </extensions>
      </trkpt>
      <trkpt lat="31.21906463988125324249267578125" lon="121.3883533515036106109619140625">
        <ele>9.3999996185302734375</ele>
        <time>2026-08-31T11:02:25.000Z</time>
        <extensions>
          <ns3:TrackPointExtension>
            <ns3:hr>148</ns3:hr>
            <ns3:cad>88</ns3:cad>
          </ns3:TrackPointExtension>
        </extensions>
      </trkpt>
      <trkpt lat="31.21907872147858142852783203125" lon="121.38835125602781772613525390625">
        <ele>9.3999996185302734375</ele>
        <time>2026-08-31T11:02:26.000Z</time>
        <extensions>
          <ns3:TrackPointExtension>
            <ns3:hr>148</ns3:hr>
            <ns3:cad>88</ns3:cad>
          </ns3:TrackPointExtension>
        </extensions>
      </trkpt>
      <trkpt lat="31.21910286135971546173095703125" lon="121.38835310004651546478271484375">
        <ele>9.3999996185302734375</ele>
        <time>2026-08-31T11:02:27.000Z</time>
        <extensions>
          <ns3:TrackPointExtension>
            <ns3:hr>147</ns3:hr>
            <ns3:cad>87</ns3:cad>
          </ns3:TrackPointExtension>
        </extensions>
      </trkpt>
      <trkpt lat="31.2191247381269931793212890625" lon="121.388358213007450103759765625">
        <ele>9.6000003814697265625</ele>
        <time>2026-08-31T11:02:28.000Z</time>
        <extensions>
          <ns3:TrackPointExtension>
            <ns3:hr>147</ns3:hr>
            <ns3:cad>85</ns3:cad>
          </ns3:TrackPointExtension>
        </extensions>
      </trkpt>
      <trkpt lat="31.21915147639811038970947265625" lon="121.38835209421813488006591796875">
        <ele>9.6000003814697265625</ele>
        <time>2026-08-31T11:02:29.000Z</time>
        <extensions>
          <ns3:TrackPointExtension>
            <ns3:hr>147</ns3:hr>
            <ns3:cad>83</ns3:cad>
          </ns3:TrackPointExtension>
        </extensions>
      </trkpt>
      <trkpt lat="31.21917243115603923797607421875" lon="121.38835452497005462646484375">
        <ele>9.6000003814697265625</ele>
        <time>2026-08-31T11:02:30.000Z</time>
        <extensions>
          <ns3:TrackPointExtension>
            <ns3:hr>147</ns3:hr>
            <ns3:cad>83</ns3:cad>
          </ns3:TrackPointExtension>
        </extensions>
      </trkpt>
      <trkpt lat="31.219195984303951263427734375" lon="121.38835427351295948028564453125">
        <ele>9.6000003814697265625</ele>
        <time>2026-08-31T11:02:31.000Z</time>
        <extensions>
          <ns3:TrackPointExtension>
            <ns3:hr>147</ns3:hr>
            <ns3:cad>83</ns3:cad>
          </ns3:TrackPointExtension>
        </extensions>
      </trkpt>
      <trkpt lat="31.2192192859947681427001953125" lon="121.388358213007450103759765625">
        <ele>9.6000003814697265625</ele>
        <time>2026-08-31T11:02:32.000Z</time>
        <extensions>
          <ns3:TrackPointExtension>
            <ns3:hr>146</ns3:hr>
            <ns3:cad>84</ns3:cad>
          </ns3:TrackPointExtension>
        </extensions>
      </trkpt>
      <trkpt lat="31.21923445723950862884521484375" lon="121.388354860246181488037109375">
        <ele>9.6000003814697265625</ele>
        <time>2026-08-31T11:02:33.000Z</time>
        <extensions>
          <ns3:TrackPointExtension>
            <ns3:hr>146</ns3:hr>
            <ns3:cad>85</ns3:cad>
          </ns3:TrackPointExtension>
        </extensions>
      </trkpt>
      <trkpt lat="31.2192554958164691925048828125" lon="121.38835058547556400299072265625">
        <ele>9.6000003814697265625</ele>
        <time>2026-08-31T11:02:34.000Z</time>
        <extensions>
          <ns3:TrackPointExtension>
            <ns3:hr>145</ns3:hr>
            <ns3:cad>85</ns3:cad>
          </ns3:TrackPointExtension>
        </extensions>
      </trkpt>
      <trkpt lat="31.2192746065557003021240234375" lon="121.38834991492331027984619140625">
        <ele>9.6000003814697265625</ele>
        <time>2026-08-31T11:02:35.000Z</time>
        <extensions>
          <ns3:TrackPointExtension>
            <ns3:hr>145</ns3:hr>
            <ns3:cad>86</ns3:cad>
          </ns3:TrackPointExtension>
        </extensions>
      </trkpt>
      <trkpt lat="31.2192967347800731658935546875" lon="121.3883486576378345489501953125">
        <ele>9.6000003814697265625</ele>
        <time>2026-08-31T11:02:36.000Z</time>
        <extensions>
          <ns3:TrackPointExtension>
            <ns3:hr>145</ns3:hr>
            <ns3:cad>86</ns3:cad>
          </ns3:TrackPointExtension>
        </extensions>
      </trkpt>
      <trkpt lat="31.21931827627122402191162109375" lon="121.38834723271429538726806640625">
        <ele>9.6000003814697265625</ele>
        <time>2026-08-31T11:02:37.000Z</time>
        <extensions>
          <ns3:TrackPointExtension>
            <ns3:hr>144</ns3:hr>
            <ns3:cad>87</ns3:cad>
          </ns3:TrackPointExtension>
        </extensions>
      </trkpt>
      <trkpt lat="31.21934208087623119354248046875" lon="121.3883412815630435943603515625">
        <ele>9.6000003814697265625</ele>
        <time>2026-08-31T11:02:38.000Z</time>
        <extensions>
          <ns3:TrackPointExtension>
            <ns3:hr>144</ns3:hr>
            <ns3:cad>87</ns3:cad>
          </ns3:TrackPointExtension>
        </extensions>
      </trkpt>
      <trkpt lat="31.21936655603349208831787109375" lon="121.38834019191563129425048828125">
        <ele>9.6000003814697265625</ele>
        <time>2026-08-31T11:02:39.000Z</time>
        <extensions>
          <ns3:TrackPointExtension>
            <ns3:hr>144</ns3:hr>
            <ns3:cad>87</ns3:cad>
          </ns3:TrackPointExtension>
        </extensions>
      </trkpt>
      <trkpt lat="31.21938751079142093658447265625" lon="121.388332061469554901123046875">
        <ele>9.80000019073486328125</ele>
        <time>2026-08-31T11:02:40.000Z</time>
        <extensions>
          <ns3:TrackPointExtension>
            <ns3:hr>144</ns3:hr>
            <ns3:cad>87</ns3:cad>
          </ns3:TrackPointExtension>
        </extensions>
      </trkpt>
      <trkpt lat="31.2194117344915866851806640625" lon="121.3883350789546966552734375">
        <ele>9.80000019073486328125</ele>
        <time>2026-08-31T11:02:41.000Z</time>
        <extensions>
          <ns3:TrackPointExtension>
            <ns3:hr>144</ns3:hr>
            <ns3:cad>87</ns3:cad>
          </ns3:TrackPointExtension>
        </extensions>
      </trkpt>
      <trkpt lat="31.21943034231662750244140625" lon="121.388328373432159423828125">
        <ele>9.80000019073486328125</ele>
        <time>2026-08-31T11:02:42.000Z</time>
        <extensions>
          <ns3:TrackPointExtension>
            <ns3:hr>144</ns3:hr>
            <ns3:cad>87</ns3:cad>
          </ns3:TrackPointExtension>
        </extensions>
      </trkpt>
      <trkpt lat="31.21946118772029876708984375" lon="121.388330049812793731689453125">
        <ele>9.80000019073486328125</ele>
        <time>2026-08-31T11:02:43.000Z</time>
        <extensions>
          <ns3:TrackPointExtension>
            <ns3:hr>144</ns3:hr>
            <ns3:cad>87</ns3:cad>
          </ns3:TrackPointExtension>
        </extensions>
      </trkpt>
      <trkpt lat="31.2194814719259738922119140625" lon="121.38832577504217624664306640625">
        <ele>9.80000019073486328125</ele>
        <time>2026-08-31T11:02:44.000Z</time>
        <extensions>
          <ns3:TrackPointExtension>
            <ns3:hr>145</ns3:hr>
            <ns3:cad>88</ns3:cad>
          </ns3:TrackPointExtension>
        </extensions>
      </trkpt>
      <trkpt lat="31.2195049412548542022705078125" lon="121.38833181001245975494384765625">
        <ele>9.80000019073486328125</ele>
        <time>2026-08-31T11:02:45.000Z</time>
        <extensions>
          <ns3:TrackPointExtension>
            <ns3:hr>144</ns3:hr>
            <ns3:cad>88</ns3:cad>
          </ns3:TrackPointExtension>
        </extensions>
      </trkpt>
      <trkpt lat="31.2195253930985927581787109375" lon="121.38833046890795230865478515625">
        <ele>9.80000019073486328125</ele>
        <time>2026-08-31T11:02:46.000Z</time>
        <extensions>
          <ns3:TrackPointExtension>
            <ns3:hr>144</ns3:hr>
            <ns3:cad>88</ns3:cad>
          </ns3:TrackPointExtension>
        </extensions>
      </trkpt>
      <trkpt lat="31.2195522151887416839599609375" lon="121.38833398930728435516357421875">
        <ele>9.80000019073486328125</ele>
        <time>2026-08-31T11:02:47.000Z</time>
        <extensions>
          <ns3:TrackPointExtension>
            <ns3:hr>144</ns3:hr>
            <ns3:cad>87</ns3:cad>
          </ns3:TrackPointExtension>
        </extensions>
      </trkpt>
      <trkpt lat="31.21957241557538509368896484375" lon="121.3883375935256481170654296875">
        <ele>9.80000019073486328125</ele>
        <time>2026-08-31T11:02:48.000Z</time>
        <extensions>
          <ns3:TrackPointExtension>
            <ns3:hr>144</ns3:hr>
            <ns3:cad>87</ns3:cad>
          </ns3:TrackPointExtension>
        </extensions>
      </trkpt>
      <trkpt lat="31.21959135867655277252197265625" lon="121.38833717443048954010009765625">
        <ele>9.80000019073486328125</ele>
        <time>2026-08-31T11:02:49.000Z</time>
        <extensions>
          <ns3:TrackPointExtension>
            <ns3:hr>144</ns3:hr>
            <ns3:cad>87</ns3:cad>
          </ns3:TrackPointExtension>
        </extensions>
      </trkpt>
      <trkpt lat="31.219614408910274505615234375" lon="121.38833097182214260101318359375">
        <ele>9.80000019073486328125</ele>
        <time>2026-08-31T11:02:50.000Z</time>
        <extensions>
          <ns3:TrackPointExtension>
            <ns3:hr>144</ns3:hr>
            <ns3:cad>87</ns3:cad>
          </ns3:TrackPointExtension>
        </extensions>
      </trkpt>
      <trkpt lat="31.2196321785449981689453125" lon="121.38832963071763515472412109375">
        <ele>9.80000019073486328125</ele>
        <time>2026-08-31T11:02:51.000Z</time>
        <extensions>
          <ns3:TrackPointExtension>
            <ns3:hr>144</ns3:hr>
            <ns3:cad>87</ns3:cad>
          </ns3:TrackPointExtension>
        </extensions>
      </trkpt>
      <trkpt lat="31.2196517921984195709228515625" lon="121.38833315111696720123291015625">
        <ele>9.80000019073486328125</ele>
        <time>2026-08-31T11:02:52.000Z</time>
        <extensions>
          <ns3:TrackPointExtension>
            <ns3:hr>144</ns3:hr>
            <ns3:cad>87</ns3:cad>
          </ns3:TrackPointExtension>
        </extensions>
      </trkpt>
      <trkpt lat="31.219675429165363311767578125" lon="121.3883308880031108856201171875">
        <ele>10</ele>
        <time>2026-08-31T11:02:53.000Z</time>
        <extensions>
          <ns3:TrackPointExtension>
            <ns3:hr>144</ns3:hr>
            <ns3:cad>86</ns3:cad>
          </ns3:TrackPointExtension>
        </extensions>
      </trkpt>
      <trkpt lat="31.21969512663781642913818359375" lon="121.38833080418407917022705078125">
        <ele>9.80000019073486328125</ele>
        <time>2026-08-31T11:02:54.000Z</time>
        <extensions>
          <ns3:TrackPointExtension>
            <ns3:hr>144</ns3:hr>
            <ns3:cad>86</ns3:cad>
          </ns3:TrackPointExtension>
        </extensions>
      </trkpt>
      <trkpt lat="31.21972194872796535491943359375" lon="121.3883335702121257781982421875">
        <ele>9.80000019073486328125</ele>
        <time>2026-08-31T11:02:55.000Z</time>
        <extensions>
          <ns3:TrackPointExtension>
            <ns3:hr>145</ns3:hr>
            <ns3:cad>86</ns3:cad>
          </ns3:TrackPointExtension>
        </extensions>
      </trkpt>
      <trkpt lat="31.2197500281035900115966796875" lon="121.38833566568791866302490234375">
        <ele>9.80000019073486328125</ele>
        <time>2026-08-31T11:02:56.000Z</time>
        <extensions>
          <ns3:TrackPointExtension>
            <ns3:hr>145</ns3:hr>
            <ns3:cad>86</ns3:cad>
          </ns3:TrackPointExtension>
        </extensions>
      </trkpt>
      <trkpt lat="31.21977106668055057525634765625" lon="121.388341449201107025146484375">
        <ele>9.6000003814697265625</ele>
        <time>2026-08-31T11:02:57.000Z</time>
        <extensions>
          <ns3:TrackPointExtension>
            <ns3:hr>145</ns3:hr>
            <ns3:cad>86</ns3:cad>
          </ns3:TrackPointExtension>
        </extensions>
      </trkpt>
      <trkpt lat="31.21979738585650920867919921875" lon="121.388338766992092132568359375">
        <ele>9.6000003814697265625</ele>
        <time>2026-08-31T11:02:58.000Z</time>
        <extensions>
          <ns3:TrackPointExtension>
            <ns3:hr>146</ns3:hr>
            <ns3:cad>86</ns3:cad>
          </ns3:TrackPointExtension>
        </extensions>
      </trkpt>
      <trkpt lat="31.2198308296501636505126953125" lon="121.3883377611637115478515625">
        <ele>9.80000019073486328125</ele>
        <time>2026-08-31T11:02:59.000Z</time>
        <extensions>
          <ns3:TrackPointExtension>
            <ns3:hr>146</ns3:hr>
            <ns3:cad>87</ns3:cad>
          </ns3:TrackPointExtension>
        </extensions>
      </trkpt>
      <trkpt lat="31.219851113855838775634765625" lon="121.3883335702121257781982421875">
        <ele>9.80000019073486328125</ele>
        <time>2026-08-31T11:03:00.000Z</time>
        <extensions>
          <ns3:TrackPointExtension>
            <ns3:hr>146</ns3:hr>
            <ns3:cad>87</ns3:cad>
          </ns3:TrackPointExtension>
        </extensions>
      </trkpt>
      <trkpt lat="31.219878606498241424560546875" lon="121.38833348639309406280517578125">
        <ele>9.80000019073486328125</ele>
        <time>2026-08-31T11:03:01.000Z</time>
        <extensions>
          <ns3:TrackPointExtension>
            <ns3:hr>146</ns3:hr>
            <ns3:cad>87</ns3:cad>
          </ns3:TrackPointExtension>
        </extensions>
      </trkpt>
      <trkpt lat="31.219897381961345672607421875" lon="121.38832460157573223114013671875">
        <ele>10</ele>
        <time>2026-08-31T11:03:02.000Z</time>
        <extensions>
          <ns3:TrackPointExtension>
            <ns3:hr>146</ns3:hr>
            <ns3:cad>87</ns3:cad>
          </ns3:TrackPointExtension>
        </extensions>
      </trkpt>
      <trkpt lat="31.21990685351192951202392578125" lon="121.38829677365720272064208984375">
        <ele>9.80000019073486328125</ele>
        <time>2026-08-31T11:03:03.000Z</time>
        <extensions>
          <ns3:TrackPointExtension>
            <ns3:hr>146</ns3:hr>
            <ns3:cad>87</ns3:cad>
          </ns3:TrackPointExtension>
        </extensions>
      </trkpt>
      <trkpt lat="31.2199151515960693359375" lon="121.38827162794768810272216796875">
        <ele>9.80000019073486328125</ele>
        <time>2026-08-31T11:03:04.000Z</time>
        <extensions>
          <ns3:TrackPointExtension>
            <ns3:hr>145</ns3:hr>
            <ns3:cad>87</ns3:cad>
          </ns3:TrackPointExtension>
        </extensions>
      </trkpt>
      <trkpt lat="31.21991339139640331268310546875" lon="121.38825586996972560882568359375">
        <ele>9.80000019073486328125</ele>
        <time>2026-08-31T11:03:05.000Z</time>
        <extensions>
          <ns3:TrackPointExtension>
            <ns3:hr>146</ns3:hr>
            <ns3:cad>87</ns3:cad>
          </ns3:TrackPointExtension>
        </extensions>
      </trkpt>
      <trkpt lat="31.2199216894805431365966796875" lon="121.38822636567056179046630859375">
        <ele>10</ele>
        <time>2026-08-31T11:03:06.000Z</time>
        <extensions>
          <ns3:TrackPointExtension>
            <ns3:hr>146</ns3:hr>
            <ns3:cad>87</ns3:cad>
          </ns3:TrackPointExtension>
        </extensions>
      </trkpt>
      <trkpt lat="31.21992160566151142120361328125" lon="121.38820541091263294219970703125">
        <ele>10.19999980926513671875</ele>
        <time>2026-08-31T11:03:07.000Z</time>
        <extensions>
          <ns3:TrackPointExtension>
            <ns3:hr>145</ns3:hr>
            <ns3:cad>85</ns3:cad>
          </ns3:TrackPointExtension>
        </extensions>
      </trkpt>
      <trkpt lat="31.2199237011373043060302734375" lon="121.38817322440445423126220703125">
        <ele>10.19999980926513671875</ele>
        <time>2026-08-31T11:03:08.000Z</time>
        <extensions>
          <ns3:TrackPointExtension>
            <ns3:hr>146</ns3:hr>
            <ns3:cad>84</ns3:cad>
          </ns3:TrackPointExtension>
        </extensions>
      </trkpt>
      <trkpt lat="31.21992160566151142120361328125" lon="121.3881511799991130828857421875">
        <ele>10.19999980926513671875</ele>
        <time>2026-08-31T11:03:09.000Z</time>
        <extensions>
          <ns3:TrackPointExtension>
            <ns3:hr>146</ns3:hr>
            <ns3:cad>85</ns3:cad>
          </ns3:TrackPointExtension>
        </extensions>
      </trkpt>
      <trkpt lat="31.21991774998605251312255859375" lon="121.3881220109760761260986328125">
        <ele>10.19999980926513671875</ele>
        <time>2026-08-31T11:03:10.000Z</time>
        <extensions>
          <ns3:TrackPointExtension>
            <ns3:hr>147</ns3:hr>
            <ns3:cad>85</ns3:cad>
          </ns3:TrackPointExtension>
        </extensions>
      </trkpt>
      <trkpt lat="31.21991523541510105133056640625" lon="121.3880968652665615081787109375">
        <ele>10.19999980926513671875</ele>
        <time>2026-08-31T11:03:11.000Z</time>
        <extensions>
          <ns3:TrackPointExtension>
            <ns3:hr>147</ns3:hr>
            <ns3:cad>85</ns3:cad>
          </ns3:TrackPointExtension>
        </extensions>
      </trkpt>
      <trkpt lat="31.21991372667253017425537109375" lon="121.38806912116706371307373046875">
        <ele>10.19999980926513671875</ele>
        <time>2026-08-31T11:03:12.000Z</time>
        <extensions>
          <ns3:TrackPointExtension>
            <ns3:hr>147</ns3:hr>
            <ns3:cad>86</ns3:cad>
          </ns3:TrackPointExtension>
        </extensions>
      </trkpt>
      <trkpt lat="31.2199138104915618896484375" lon="121.388044059276580810546875">
        <ele>10.19999980926513671875</ele>
        <time>2026-08-31T11:03:13.000Z</time>
        <extensions>
          <ns3:TrackPointExtension>
            <ns3:hr>147</ns3:hr>
            <ns3:cad>86</ns3:cad>
          </ns3:TrackPointExtension>
        </extensions>
      </trkpt>
      <trkpt lat="31.21991070918738842010498046875" lon="121.38801933266222476959228515625">
        <ele>10.19999980926513671875</ele>
        <time>2026-08-31T11:03:14.000Z</time>
        <extensions>
          <ns3:TrackPointExtension>
            <ns3:hr>147</ns3:hr>
            <ns3:cad>86</ns3:cad>
          </ns3:TrackPointExtension>
        </extensions>
      </trkpt>
      <trkpt lat="31.21990785934031009674072265625" lon="121.387991420924663543701171875">
        <ele>10.3999996185302734375</ele>
        <time>2026-08-31T11:03:15.000Z</time>
        <extensions>
          <ns3:TrackPointExtension>
            <ns3:hr>147</ns3:hr>
            <ns3:cad>87</ns3:cad>
          </ns3:TrackPointExtension>
        </extensions>
      </trkpt>
      <trkpt lat="31.2199084460735321044921875" lon="121.3879708014428615570068359375">
        <ele>10.3999996185302734375</ele>
        <time>2026-08-31T11:03:16.000Z</time>
        <extensions>
          <ns3:TrackPointExtension>
            <ns3:hr>147</ns3:hr>
            <ns3:cad>87</ns3:cad>
          </ns3:TrackPointExtension>
        </extensions>
      </trkpt>
      <trkpt lat="31.21990702114999294281005859375" lon="121.3879419676959514617919921875">
        <ele>10.3999996185302734375</ele>
        <time>2026-08-31T11:03:17.000Z</time>
        <extensions>
          <ns3:TrackPointExtension>
            <ns3:hr>148</ns3:hr>
            <ns3:cad>87</ns3:cad>
          </ns3:TrackPointExtension>
        </extensions>
      </trkpt>
      <trkpt lat="31.219900734722614288330078125" lon="121.3879154808819293975830078125">
        <ele>10.3999996185302734375</ele>
        <time>2026-08-31T11:03:18.000Z</time>
        <extensions>
          <ns3:TrackPointExtension>
            <ns3:hr>148</ns3:hr>
            <ns3:cad>87</ns3:cad>
          </ns3:TrackPointExtension>
        </extensions>
      </trkpt>
      <trkpt lat="31.2198965437710285186767578125" lon="121.38788421638309955596923828125">
        <ele>10.3999996185302734375</ele>
        <time>2026-08-31T11:03:19.000Z</time>
        <extensions>
          <ns3:TrackPointExtension>
            <ns3:hr>148</ns3:hr>
            <ns3:cad>87</ns3:cad>
          </ns3:TrackPointExtension>
        </extensions>
      </trkpt>
      <trkpt lat="31.21989008970558643341064453125" lon="121.38785672374069690704345703125">
        <ele>10.3999996185302734375</ele>
        <time>2026-08-31T11:03:20.000Z</time>
        <extensions>
          <ns3:TrackPointExtension>
            <ns3:hr>148</ns3:hr>
            <ns3:cad>87</ns3:cad>
          </ns3:TrackPointExtension>
        </extensions>
      </trkpt>
      <trkpt lat="31.219885982573032379150390625" lon="121.387825794517993927001953125">
        <ele>10.3999996185302734375</ele>
        <time>2026-08-31T11:03:21.000Z</time>
        <extensions>
          <ns3:TrackPointExtension>
            <ns3:hr>148</ns3:hr>
            <ns3:cad>87</ns3:cad>
          </ns3:TrackPointExtension>
        </extensions>
      </trkpt>
      <trkpt lat="31.219882629811763763427734375" lon="121.3877991400659084320068359375">
        <ele>10.19999980926513671875</ele>
        <time>2026-08-31T11:03:22.000Z</time>
        <extensions>
          <ns3:TrackPointExtension>
            <ns3:hr>149</ns3:hr>
            <ns3:cad>88</ns3:cad>
          </ns3:TrackPointExtension>
        </extensions>
      </trkpt>
      <trkpt lat="31.219885312020778656005859375" lon="121.387775838375091552734375">
        <ele>10.19999980926513671875</ele>
        <time>2026-08-31T11:03:23.000Z</time>
        <extensions>
          <ns3:TrackPointExtension>
            <ns3:hr>149</ns3:hr>
            <ns3:cad>88</ns3:cad>
          </ns3:TrackPointExtension>
        </extensions>
      </trkpt>
      <trkpt lat="31.21988891623914241790771484375" lon="121.3877503573894500732421875">
        <ele>10.19999980926513671875</ele>
        <time>2026-08-31T11:03:24.000Z</time>
        <extensions>
          <ns3:TrackPointExtension>
            <ns3:hr>149</ns3:hr>
            <ns3:cad>88</ns3:cad>
          </ns3:TrackPointExtension>
        </extensions>
      </trkpt>
      <trkpt lat="31.21988757513463497161865234375" lon="121.38772898353636264801025390625">
        <ele>10.19999980926513671875</ele>
        <time>2026-08-31T11:03:25.000Z</time>
        <extensions>
          <ns3:TrackPointExtension>
            <ns3:hr>148</ns3:hr>
            <ns3:cad>87</ns3:cad>
          </ns3:TrackPointExtension>
        </extensions>
      </trkpt>
      <trkpt lat="31.21989344246685504913330078125" lon="121.3877005688846111297607421875">
        <ele>10.19999980926513671875</ele>
        <time>2026-08-31T11:03:26.000Z</time>
        <extensions>
          <ns3:TrackPointExtension>
            <ns3:hr>148</ns3:hr>
            <ns3:cad>86</ns3:cad>
          </ns3:TrackPointExtension>
        </extensions>
      </trkpt>
      <trkpt lat="31.21989310719072818756103515625" lon="121.38767835684120655059814453125">
        <ele>10.19999980926513671875</ele>
        <time>2026-08-31T11:03:27.000Z</time>
        <extensions>
          <ns3:TrackPointExtension>
            <ns3:hr>148</ns3:hr>
            <ns3:cad>86</ns3:cad>
          </ns3:TrackPointExtension>
        </extensions>
      </trkpt>
      <trkpt lat="31.21989863924682140350341796875" lon="121.38765136711299419403076171875">
        <ele>10.3999996185302734375</ele>
        <time>2026-08-31T11:03:28.000Z</time>
        <extensions>
          <ns3:TrackPointExtension>
            <ns3:hr>149</ns3:hr>
            <ns3:cad>87</ns3:cad>
          </ns3:TrackPointExtension>
        </extensions>
      </trkpt>
      <trkpt lat="31.21989763341844081878662109375" lon="121.387629322707653045654296875">
        <ele>10.3999996185302734375</ele>
        <time>2026-08-31T11:03:29.000Z</time>
        <extensions>
          <ns3:TrackPointExtension>
            <ns3:hr>148</ns3:hr>
            <ns3:cad>87</ns3:cad>
          </ns3:TrackPointExtension>
        </extensions>
      </trkpt>
      <trkpt lat="31.219900734722614288330078125" lon="121.387600488960742950439453125">
        <ele>10.3999996185302734375</ele>
        <time>2026-08-31T11:03:30.000Z</time>
        <extensions>
          <ns3:TrackPointExtension>
            <ns3:hr>148</ns3:hr>
            <ns3:cad>87</ns3:cad>
          </ns3:TrackPointExtension>
        </extensions>
      </trkpt>
      <trkpt lat="31.2199032492935657501220703125" lon="121.3875795342028141021728515625">
        <ele>10.19999980926513671875</ele>
        <time>2026-08-31T11:03:31.000Z</time>
        <extensions>
          <ns3:TrackPointExtension>
            <ns3:hr>149</ns3:hr>
            <ns3:cad>87</ns3:cad>
          </ns3:TrackPointExtension>
        </extensions>
      </trkpt>
      <trkpt lat="31.219906769692897796630859375" lon="121.387554220855236053466796875">
        <ele>10.19999980926513671875</ele>
        <time>2026-08-31T11:03:32.000Z</time>
        <extensions>
          <ns3:TrackPointExtension>
            <ns3:hr>148</ns3:hr>
            <ns3:cad>87</ns3:cad>
          </ns3:TrackPointExtension>
        </extensions>
      </trkpt>
      <trkpt lat="31.21991171501576900482177734375" lon="121.38752974569797515869140625">
        <ele>10.19999980926513671875</ele>
        <time>2026-08-31T11:03:33.000Z</time>
        <extensions>
          <ns3:TrackPointExtension>
            <ns3:hr>148</ns3:hr>
            <ns3:cad>87</ns3:cad>
          </ns3:TrackPointExtension>
        </extensions>
      </trkpt>
      <trkpt lat="31.21991154737770557403564453125" lon="121.3875047676265239715576171875">
        <ele>10</ele>
        <time>2026-08-31T11:03:34.000Z</time>
        <extensions>
          <ns3:TrackPointExtension>
            <ns3:hr>148</ns3:hr>
            <ns3:cad>88</ns3:cad>
          </ns3:TrackPointExtension>
        </extensions>
      </trkpt>
      <trkpt lat="31.21991288848221302032470703125" lon="121.38747987337410449981689453125">
        <ele>10</ele>
        <time>2026-08-31T11:03:35.000Z</time>
        <extensions>
          <ns3:TrackPointExtension>
            <ns3:hr>147</ns3:hr>
            <ns3:cad>88</ns3:cad>
          </ns3:TrackPointExtension>
        </extensions>
      </trkpt>
      <trkpt lat="31.2199045903980731964111328125" lon="121.3874558173120021820068359375">
        <ele>10</ele>
        <time>2026-08-31T11:03:36.000Z</time>
        <extensions>
          <ns3:TrackPointExtension>
            <ns3:hr>147</ns3:hr>
            <ns3:cad>88</ns3:cad>
          </ns3:TrackPointExtension>
        </extensions>
      </trkpt>
      <trkpt lat="31.2199072726070880889892578125" lon="121.38742438517510890960693359375">
        <ele>10</ele>
        <time>2026-08-31T11:03:37.000Z</time>
        <extensions>
          <ns3:TrackPointExtension>
            <ns3:hr>147</ns3:hr>
            <ns3:cad>87</ns3:cad>
          </ns3:TrackPointExtension>
        </extensions>
      </trkpt>
      <trkpt lat="31.21990467421710491180419921875" lon="121.38740376569330692291259765625">
        <ele>10</ele>
        <time>2026-08-31T11:03:38.000Z</time>
        <extensions>
          <ns3:TrackPointExtension>
            <ns3:hr>147</ns3:hr>
            <ns3:cad>87</ns3:cad>
          </ns3:TrackPointExtension>
        </extensions>
      </trkpt>
      <trkpt lat="31.21990484185516834259033203125" lon="121.3873780332505702972412109375">
        <ele>10</ele>
        <time>2026-08-31T11:03:39.000Z</time>
        <extensions>
          <ns3:TrackPointExtension>
            <ns3:hr>147</ns3:hr>
            <ns3:cad>87</ns3:cad>
          </ns3:TrackPointExtension>
        </extensions>
      </trkpt>
      <trkpt lat="31.21989930979907512664794921875" lon="121.3873552344739437103271484375">
        <ele>10.19999980926513671875</ele>
        <time>2026-08-31T11:03:40.000Z</time>
        <extensions>
          <ns3:TrackPointExtension>
            <ns3:hr>147</ns3:hr>
            <ns3:cad>87</ns3:cad>
          </ns3:TrackPointExtension>
        </extensions>
      </trkpt>
      <trkpt lat="31.2198941968381404876708984375" lon="121.38732966966927051544189453125">
        <ele>10.19999980926513671875</ele>
        <time>2026-08-31T11:03:41.000Z</time>
        <extensions>
          <ns3:TrackPointExtension>
            <ns3:hr>147</ns3:hr>
            <ns3:cad>87</ns3:cad>
          </ns3:TrackPointExtension>
        </extensions>
      </trkpt>
      <trkpt lat="31.2198918499052524566650390625" lon="121.3873052783310413360595703125">
        <ele>10.19999980926513671875</ele>
        <time>2026-08-31T11:03:42.000Z</time>
        <extensions>
          <ns3:TrackPointExtension>
            <ns3:hr>147</ns3:hr>
            <ns3:cad>87</ns3:cad>
          </ns3:TrackPointExtension>
        </extensions>
      </trkpt>
      <trkpt lat="31.2198864854872226715087890625" lon="121.38728021644055843353271484375">
        <ele>10.19999980926513671875</ele>
        <time>2026-08-31T11:03:43.000Z</time>
        <extensions>
          <ns3:TrackPointExtension>
            <ns3:hr>146</ns3:hr>
            <ns3:cad>87</ns3:cad>
          </ns3:TrackPointExtension>
        </extensions>
      </trkpt>
      <trkpt lat="31.2198843061923980712890625" lon="121.3872549869120121002197265625">
        <ele>10.19999980926513671875</ele>
        <time>2026-08-31T11:03:44.000Z</time>
        <extensions>
          <ns3:TrackPointExtension>
            <ns3:hr>147</ns3:hr>
            <ns3:cad>86</ns3:cad>
          </ns3:TrackPointExtension>
        </extensions>
      </trkpt>
      <trkpt lat="31.2198817916214466094970703125" lon="121.38723109848797321319580078125">
        <ele>10.19999980926513671875</ele>
        <time>2026-08-31T11:03:45.000Z</time>
        <extensions>
          <ns3:TrackPointExtension>
            <ns3:hr>146</ns3:hr>
            <ns3:cad>86</ns3:cad>
          </ns3:TrackPointExtension>
        </extensions>
      </trkpt>
      <trkpt lat="31.21988304890692234039306640625" lon="121.3872023485600948333740234375">
        <ele>10.19999980926513671875</ele>
        <time>2026-08-31T11:03:46.000Z</time>
        <extensions>
          <ns3:TrackPointExtension>
            <ns3:hr>146</ns3:hr>
            <ns3:cad>87</ns3:cad>
          </ns3:TrackPointExtension>
        </extensions>
      </trkpt>
      <trkpt lat="31.21988455764949321746826171875" lon="121.3871731795370578765869140625">
        <ele>10.19999980926513671875</ele>
        <time>2026-08-31T11:03:47.000Z</time>
        <extensions>
          <ns3:TrackPointExtension>
            <ns3:hr>146</ns3:hr>
            <ns3:cad>88</ns3:cad>
          </ns3:TrackPointExtension>
        </extensions>
      </trkpt>
      <trkpt lat="31.21988690458238124847412109375" lon="121.38714275322854518890380859375">
        <ele>10.19999980926513671875</ele>
        <time>2026-08-31T11:03:48.000Z</time>
        <extensions>
          <ns3:TrackPointExtension>
            <ns3:hr>146</ns3:hr>
            <ns3:cad>88</ns3:cad>
          </ns3:TrackPointExtension>
        </extensions>
      </trkpt>
      <trkpt lat="31.21988723985850811004638671875" lon="121.3871225528419017791748046875">
        <ele>10.19999980926513671875</ele>
        <time>2026-08-31T11:03:49.000Z</time>
        <extensions>
          <ns3:TrackPointExtension>
            <ns3:hr>146</ns3:hr>
            <ns3:cad>88</ns3:cad>
          </ns3:TrackPointExtension>
        </extensions>
      </trkpt>
      <trkpt lat="31.2198896706104278564453125" lon="121.3870917074382305145263671875">
        <ele>10.19999980926513671875</ele>
        <time>2026-08-31T11:03:50.000Z</time>
        <extensions>
          <ns3:TrackPointExtension>
            <ns3:hr>147</ns3:hr>
            <ns3:cad>87</ns3:cad>
          </ns3:TrackPointExtension>
        </extensions>
      </trkpt>
      <trkpt lat="31.21988673694431781768798828125" lon="121.38706463389098644256591796875">
        <ele>10.19999980926513671875</ele>
        <time>2026-08-31T11:03:51.000Z</time>
        <extensions>
          <ns3:TrackPointExtension>
            <ns3:hr>146</ns3:hr>
            <ns3:cad>87</ns3:cad>
          </ns3:TrackPointExtension>
        </extensions>
      </trkpt>
      <trkpt lat="31.219880282878875732421875" lon="121.3870326988399028778076171875">
        <ele>10.19999980926513671875</ele>
        <time>2026-08-31T11:03:52.000Z</time>
        <extensions>
          <ns3:TrackPointExtension>
            <ns3:hr>147</ns3:hr>
            <ns3:cad>87</ns3:cad>
          </ns3:TrackPointExtension>
        </extensions>
      </trkpt>
      <trkpt lat="31.219873242080211639404296875" lon="121.3870060443878173828125">
        <ele>10.19999980926513671875</ele>
        <time>2026-08-31T11:03:53.000Z</time>
        <extensions>
          <ns3:TrackPointExtension>
            <ns3:hr>147</ns3:hr>
            <ns3:cad>87</ns3:cad>
          </ns3:TrackPointExtension>
        </extensions>
      </trkpt>
      <trkpt lat="31.21986687183380126953125" lon="121.3869777135550975799560546875">
        <ele>10.19999980926513671875</ele>
        <time>2026-08-31T11:03:54.000Z</time>
        <extensions>
          <ns3:TrackPointExtension>
            <ns3:hr>147</ns3:hr>
            <ns3:cad>87</ns3:cad>
          </ns3:TrackPointExtension>
        </extensions>
      </trkpt>
      <trkpt lat="31.21986594982445240020751953125" lon="121.38694477267563343048095703125">
        <ele>10.19999980926513671875</ele>
        <time>2026-08-31T11:03:55.000Z</time>
        <extensions>
          <ns3:TrackPointExtension>
            <ns3:hr>147</ns3:hr>
            <ns3:cad>87</ns3:cad>
          </ns3:TrackPointExtension>
        </extensions>
      </trkpt>
      <trkpt lat="31.219861507415771484375" lon="121.38692356646060943603515625">
        <ele>10.19999980926513671875</ele>
        <time>2026-08-31T11:03:56.000Z</time>
        <extensions>
          <ns3:TrackPointExtension>
            <ns3:hr>147</ns3:hr>
            <ns3:cad>86</ns3:cad>
          </ns3:TrackPointExtension>
        </extensions>
      </trkpt>
      <trkpt lat="31.2198599986732006072998046875" lon="121.38689414598047733306884765625">
        <ele>10.19999980926513671875</ele>
        <time>2026-08-31T11:03:57.000Z</time>
        <extensions>
          <ns3:TrackPointExtension>
            <ns3:hr>147</ns3:hr>
            <ns3:cad>86</ns3:cad>
          </ns3:TrackPointExtension>
        </extensions>
      </trkpt>
      <trkpt lat="31.21985840611159801483154296875" lon="121.38687101192772388458251953125">
        <ele>10.19999980926513671875</ele>
        <time>2026-08-31T11:03:58.000Z</time>
        <extensions>
          <ns3:TrackPointExtension>
            <ns3:hr>147</ns3:hr>
            <ns3:cad>86</ns3:cad>
          </ns3:TrackPointExtension>
        </extensions>
      </trkpt>
      <trkpt lat="31.21985857374966144561767578125" lon="121.38684184290468692779541015625">
        <ele>10.19999980926513671875</ele>
        <time>2026-08-31T11:03:59.000Z</time>
        <extensions>
          <ns3:TrackPointExtension>
            <ns3:hr>147</ns3:hr>
            <ns3:cad>87</ns3:cad>
          </ns3:TrackPointExtension>
        </extensions>
      </trkpt>
      <trkpt lat="31.2198516167700290679931640625" lon="121.38681828975677490234375">
        <ele>10.19999980926513671875</ele>
        <time>2026-08-31T11:04:00.000Z</time>
        <extensions>
          <ns3:TrackPointExtension>
            <ns3:hr>147</ns3:hr>
            <ns3:cad>87</ns3:cad>
          </ns3:TrackPointExtension>
        </extensions>
      </trkpt>
      <trkpt lat="31.2198465876281261444091796875" lon="121.3867845945060253143310546875">
        <ele>10.19999980926513671875</ele>
        <time>2026-08-31T11:04:01.000Z</time>
        <extensions>
          <ns3:TrackPointExtension>
            <ns3:hr>146</ns3:hr>
            <ns3:cad>87</ns3:cad>
          </ns3:TrackPointExtension>
        </extensions>
      </trkpt>
      <trkpt lat="31.21984315104782581329345703125" lon="121.38676271773874759674072265625">
        <ele>10.19999980926513671875</ele>
        <time>2026-08-31T11:04:02.000Z</time>
        <extensions>
          <ns3:TrackPointExtension>
            <ns3:hr>147</ns3:hr>
            <ns3:cad>87</ns3:cad>
          </ns3:TrackPointExtension>
        </extensions>
      </trkpt>
      <trkpt lat="31.2198469229042530059814453125" lon="121.38673455454409122467041015625">
        <ele>10.19999980926513671875</ele>
        <time>2026-08-31T11:04:03.000Z</time>
        <extensions>
          <ns3:TrackPointExtension>
            <ns3:hr>147</ns3:hr>
            <ns3:cad>87</ns3:cad>
          </ns3:TrackPointExtension>
        </extensions>
      </trkpt>
      <trkpt lat="31.21984415687620639801025390625" lon="121.3867094926536083221435546875">
        <ele>10.19999980926513671875</ele>
        <time>2026-08-31T11:04:04.000Z</time>
        <extensions>
          <ns3:TrackPointExtension>
            <ns3:hr>147</ns3:hr>
            <ns3:cad>87</ns3:cad>
          </ns3:TrackPointExtension>
        </extensions>
      </trkpt>
      <trkpt lat="31.2198405526578426361083984375" lon="121.3866836763918399810791015625">
        <ele>10</ele>
        <time>2026-08-31T11:04:05.000Z</time>
        <extensions>
          <ns3:TrackPointExtension>
            <ns3:hr>147</ns3:hr>
            <ns3:cad>88</ns3:cad>
          </ns3:TrackPointExtension>
        </extensions>
      </trkpt>
      <trkpt lat="31.21984231285750865936279296875" lon="121.3866535015404224395751953125">
        <ele>10</ele>
        <time>2026-08-31T11:04:06.000Z</time>
        <extensions>
          <ns3:TrackPointExtension>
            <ns3:hr>147</ns3:hr>
            <ns3:cad>88</ns3:cad>
          </ns3:TrackPointExtension>
        </extensions>
      </trkpt>
      <trkpt lat="31.2198408879339694976806640625" lon="121.386627852916717529296875">
        <ele>10</ele>
        <time>2026-08-31T11:04:07.000Z</time>
        <extensions>
          <ns3:TrackPointExtension>
            <ns3:hr>147</ns3:hr>
            <ns3:cad>88</ns3:cad>
          </ns3:TrackPointExtension>
        </extensions>
      </trkpt>
      <trkpt lat="31.21984214521944522857666015625" lon="121.3865978457033634185791015625">
        <ele>10</ele>
        <time>2026-08-31T11:04:08.000Z</time>
        <extensions>
          <ns3:TrackPointExtension>
            <ns3:hr>147</ns3:hr>
            <ns3:cad>87</ns3:cad>
          </ns3:TrackPointExtension>
        </extensions>
      </trkpt>
      <trkpt lat="31.2198387086391448974609375" lon="121.3865728676319122314453125">
        <ele>10</ele>
        <time>2026-08-31T11:04:09.000Z</time>
        <extensions>
          <ns3:TrackPointExtension>
            <ns3:hr>148</ns3:hr>
            <ns3:cad>87</ns3:cad>
          </ns3:TrackPointExtension>
        </extensions>
      </trkpt>
      <trkpt lat="31.21983560733497142791748046875" lon="121.3865458779036998748779296875">
        <ele>10</ele>
        <time>2026-08-31T11:04:10.000Z</time>
        <extensions>
          <ns3:TrackPointExtension>
            <ns3:hr>148</ns3:hr>
            <ns3:cad>87</ns3:cad>
          </ns3:TrackPointExtension>
        </extensions>
      </trkpt>
      <trkpt lat="31.2198311649262905120849609375" lon="121.386522911489009857177734375">
        <ele>10</ele>
        <time>2026-08-31T11:04:11.000Z</time>
        <extensions>
          <ns3:TrackPointExtension>
            <ns3:hr>148</ns3:hr>
            <ns3:cad>87</ns3:cad>
          </ns3:TrackPointExtension>
        </extensions>
      </trkpt>
      <trkpt lat="31.219826303422451019287109375" lon="121.386492066085338592529296875">
        <ele>10</ele>
        <time>2026-08-31T11:04:12.000Z</time>
        <extensions>
          <ns3:TrackPointExtension>
            <ns3:hr>148</ns3:hr>
            <ns3:cad>88</ns3:cad>
          </ns3:TrackPointExtension>
        </extensions>
      </trkpt>
      <trkpt lat="31.2198274768888950347900390625" lon="121.38646935112774372100830078125">
        <ele>10</ele>
        <time>2026-08-31T11:04:13.000Z</time>
        <extensions>
          <ns3:TrackPointExtension>
            <ns3:hr>148</ns3:hr>
            <ns3:cad>88</ns3:cad>
          </ns3:TrackPointExtension>
        </extensions>
      </trkpt>
      <trkpt lat="31.21982999145984649658203125" lon="121.3864416070282459259033203125">
        <ele>10</ele>
        <time>2026-08-31T11:04:14.000Z</time>
        <extensions>
          <ns3:TrackPointExtension>
            <ns3:hr>148</ns3:hr>
            <ns3:cad>87</ns3:cad>
          </ns3:TrackPointExtension>
        </extensions>
      </trkpt>
      <trkpt lat="31.219833679497241973876953125" lon="121.386412270367145538330078125">
        <ele>10</ele>
        <time>2026-08-31T11:04:15.000Z</time>
        <extensions>
          <ns3:TrackPointExtension>
            <ns3:hr>148</ns3:hr>
            <ns3:cad>87</ns3:cad>
          </ns3:TrackPointExtension>
        </extensions>
      </trkpt>
      <trkpt lat="31.21983108110725879669189453125" lon="121.386382095515727996826171875">
        <ele>10</ele>
        <time>2026-08-31T11:04:16.000Z</time>
        <extensions>
          <ns3:TrackPointExtension>
            <ns3:hr>148</ns3:hr>
            <ns3:cad>87</ns3:cad>
          </ns3:TrackPointExtension>
        </extensions>
      </trkpt>
      <trkpt lat="31.21983208693563938140869140625" lon="121.38635435141623020172119140625">
        <ele>10</ele>
        <time>2026-08-31T11:04:17.000Z</time>
        <extensions>
          <ns3:TrackPointExtension>
            <ns3:hr>149</ns3:hr>
            <ns3:cad>87</ns3:cad>
          </ns3:TrackPointExtension>
        </extensions>
      </trkpt>
      <trkpt lat="31.2198325060307979583740234375" lon="121.386332474648952484130859375">
        <ele>10</ele>
        <time>2026-08-31T11:04:18.000Z</time>
        <extensions>
          <ns3:TrackPointExtension>
            <ns3:hr>148</ns3:hr>
            <ns3:cad>88</ns3:cad>
          </ns3:TrackPointExtension>
        </extensions>
      </trkpt>
      <trkpt lat="31.21982839889824390411376953125" lon="121.38630288653075695037841796875">
        <ele>10</ele>
        <time>2026-08-31T11:04:19.000Z</time>
        <extensions>
          <ns3:TrackPointExtension>
            <ns3:hr>148</ns3:hr>
            <ns3:cad>88</ns3:cad>
          </ns3:TrackPointExtension>
        </extensions>
      </trkpt>
      <trkpt lat="31.21982923708856105804443359375" lon="121.38628394342958927154541015625">
        <ele>10</ele>
        <time>2026-08-31T11:04:20.000Z</time>
        <extensions>
          <ns3:TrackPointExtension>
            <ns3:hr>149</ns3:hr>
            <ns3:cad>87</ns3:cad>
          </ns3:TrackPointExtension>
        </extensions>
      </trkpt>
      <trkpt lat="31.21982328593730926513671875" lon="121.3862588815391063690185546875">
        <ele>10</ele>
        <time>2026-08-31T11:04:21.000Z</time>
        <extensions>
          <ns3:TrackPointExtension>
            <ns3:hr>148</ns3:hr>
            <ns3:cad>87</ns3:cad>
          </ns3:TrackPointExtension>
        </extensions>
      </trkpt>
      <trkpt lat="31.21981984935700893402099609375" lon="121.38623834587633609771728515625">
        <ele>10</ele>
        <time>2026-08-31T11:04:22.000Z</time>
        <extensions>
          <ns3:TrackPointExtension>
            <ns3:hr>148</ns3:hr>
            <ns3:cad>86</ns3:cad>
          </ns3:TrackPointExtension>
        </extensions>
      </trkpt>
      <trkpt lat="31.219815909862518310546875" lon="121.38620967976748943328857421875">
        <ele>10</ele>
        <time>2026-08-31T11:04:23.000Z</time>
        <extensions>
          <ns3:TrackPointExtension>
            <ns3:hr>149</ns3:hr>
            <ns3:cad>86</ns3:cad>
          </ns3:TrackPointExtension>
        </extensions>
      </trkpt>
      <trkpt lat="31.219819597899913787841796875" lon="121.3861821033060550689697265625">
        <ele>10</ele>
        <time>2026-08-31T11:04:24.000Z</time>
        <extensions>
          <ns3:TrackPointExtension>
            <ns3:hr>148</ns3:hr>
            <ns3:cad>87</ns3:cad>
          </ns3:TrackPointExtension>
        </extensions>
      </trkpt>
      <trkpt lat="31.21981431730091571807861328125" lon="121.3861569575965404510498046875">
        <ele>10</ele>
        <time>2026-08-31T11:04:25.000Z</time>
        <extensions>
          <ns3:TrackPointExtension>
            <ns3:hr>148</ns3:hr>
            <ns3:cad>87</ns3:cad>
          </ns3:TrackPointExtension>
        </extensions>
      </trkpt>
      <trkpt lat="31.219820939004421234130859375" lon="121.38612669892609119415283203125">
        <ele>10</ele>
        <time>2026-08-31T11:04:26.000Z</time>
        <extensions>
          <ns3:TrackPointExtension>
            <ns3:hr>149</ns3:hr>
            <ns3:cad>87</ns3:cad>
          </ns3:TrackPointExtension>
        </extensions>
      </trkpt>
      <trkpt lat="31.21981666423380374908447265625" lon="121.386102475225925445556640625">
        <ele>10</ele>
        <time>2026-08-31T11:04:27.000Z</time>
        <extensions>
          <ns3:TrackPointExtension>
            <ns3:hr>148</ns3:hr>
            <ns3:cad>86</ns3:cad>
          </ns3:TrackPointExtension>
        </extensions>
      </trkpt>
      <trkpt lat="31.21981549076735973358154296875" lon="121.3860712945461273193359375">
        <ele>10</ele>
        <time>2026-08-31T11:04:28.000Z</time>
        <extensions>
          <ns3:TrackPointExtension>
            <ns3:hr>148</ns3:hr>
            <ns3:cad>86</ns3:cad>
          </ns3:TrackPointExtension>
        </extensions>
      </trkpt>
      <trkpt lat="31.219816245138645172119140625" lon="121.38605453073978424072265625">
        <ele>10.19999980926513671875</ele>
        <time>2026-08-31T11:04:29.000Z</time>
        <extensions>
          <ns3:TrackPointExtension>
            <ns3:hr>149</ns3:hr>
            <ns3:cad>86</ns3:cad>
          </ns3:TrackPointExtension>
        </extensions>
      </trkpt>
      <trkpt lat="31.21982404030859470367431640625" lon="121.38602502644062042236328125">
        <ele>10.19999980926513671875</ele>
        <time>2026-08-31T11:04:30.000Z</time>
        <extensions>
          <ns3:TrackPointExtension>
            <ns3:hr>148</ns3:hr>
            <ns3:cad>87</ns3:cad>
          </ns3:TrackPointExtension>
        </extensions>
      </trkpt>
      <trkpt lat="31.2198261357843875885009765625" lon="121.38599795289337635040283203125">
        <ele>10.19999980926513671875</ele>
        <time>2026-08-31T11:04:31.000Z</time>
        <extensions>
          <ns3:TrackPointExtension>
            <ns3:hr>148</ns3:hr>
            <ns3:cad>87</ns3:cad>
          </ns3:TrackPointExtension>
        </extensions>
      </trkpt>
      <trkpt lat="31.21982756070792675018310546875" lon="121.38597850687801837921142578125">
        <ele>10</ele>
        <time>2026-08-31T11:04:32.000Z</time>
        <extensions>
          <ns3:TrackPointExtension>
            <ns3:hr>149</ns3:hr>
            <ns3:cad>86</ns3:cad>
          </ns3:TrackPointExtension>
        </extensions>
      </trkpt>
      <trkpt lat="31.21983158402144908905029296875" lon="121.385950259864330291748046875">
        <ele>10</ele>
        <time>2026-08-31T11:04:33.000Z</time>
        <extensions>
          <ns3:TrackPointExtension>
            <ns3:hr>148</ns3:hr>
            <ns3:cad>86</ns3:cad>
          </ns3:TrackPointExtension>
        </extensions>
      </trkpt>
      <trkpt lat="31.21982655487954616546630859375" lon="121.3859259523451328277587890625">
        <ele>10</ele>
        <time>2026-08-31T11:04:34.000Z</time>
        <extensions>
          <ns3:TrackPointExtension>
            <ns3:hr>148</ns3:hr>
            <ns3:cad>85</ns3:cad>
          </ns3:TrackPointExtension>
        </extensions>
      </trkpt>
      <trkpt lat="31.2198293209075927734375" lon="121.38589225709438323974609375">
        <ele>10</ele>
        <time>2026-08-31T11:04:35.000Z</time>
        <extensions>
          <ns3:TrackPointExtension>
            <ns3:hr>149</ns3:hr>
            <ns3:cad>85</ns3:cad>
          </ns3:TrackPointExtension>
        </extensions>
      </trkpt>
      <trkpt lat="31.2198281474411487579345703125" lon="121.38587205670773983001708984375">
        <ele>10</ele>
        <time>2026-08-31T11:04:36.000Z</time>
        <extensions>
          <ns3:TrackPointExtension>
            <ns3:hr>148</ns3:hr>
            <ns3:cad>86</ns3:cad>
          </ns3:TrackPointExtension>
        </extensions>
      </trkpt>
      <trkpt lat="31.21982605196535587310791015625" lon="121.3858421333134174346923828125">
        <ele>10</ele>
        <time>2026-08-31T11:04:37.000Z</time>
        <extensions>
          <ns3:TrackPointExtension>
            <ns3:hr>148</ns3:hr>
            <ns3:cad>86</ns3:cad>
          </ns3:TrackPointExtension>
        </extensions>
      </trkpt>
      <trkpt lat="31.21981951408088207244873046875" lon="121.38581849634647369384765625">
        <ele>10</ele>
        <time>2026-08-31T11:04:38.000Z</time>
        <extensions>
          <ns3:TrackPointExtension>
            <ns3:hr>147</ns3:hr>
            <ns3:cad>87</ns3:cad>
          </ns3:TrackPointExtension>
        </extensions>
      </trkpt>
      <trkpt lat="31.2198172509670257568359375" lon="121.38579242862761020660400390625">
        <ele>10</ele>
        <time>2026-08-31T11:04:39.000Z</time>
        <extensions>
          <ns3:TrackPointExtension>
            <ns3:hr>147</ns3:hr>
            <ns3:cad>87</ns3:cad>
          </ns3:TrackPointExtension>
        </extensions>
      </trkpt>
      <trkpt lat="31.21981733478605747222900390625" lon="121.3857656903564929962158203125">
        <ele>9.80000019073486328125</ele>
        <time>2026-08-31T11:04:40.000Z</time>
        <extensions>
          <ns3:TrackPointExtension>
            <ns3:hr>147</ns3:hr>
            <ns3:cad>86</ns3:cad>
          </ns3:TrackPointExtension>
        </extensions>
      </trkpt>
      <trkpt lat="31.2198190949857234954833984375" lon="121.38573794625699520111083984375">
        <ele>9.80000019073486328125</ele>
        <time>2026-08-31T11:04:41.000Z</time>
        <extensions>
          <ns3:TrackPointExtension>
            <ns3:hr>147</ns3:hr>
            <ns3:cad>86</ns3:cad>
          </ns3:TrackPointExtension>
        </extensions>
      </trkpt>
      <trkpt lat="31.21982135809957981109619140625" lon="121.3857096992433071136474609375">
        <ele>9.80000019073486328125</ele>
        <time>2026-08-31T11:04:42.000Z</time>
        <extensions>
          <ns3:TrackPointExtension>
            <ns3:hr>148</ns3:hr>
            <ns3:cad>86</ns3:cad>
          </ns3:TrackPointExtension>
        </extensions>
      </trkpt>
      <trkpt lat="31.21981951408088207244873046875" lon="121.38568514026701450347900390625">
        <ele>9.80000019073486328125</ele>
        <time>2026-08-31T11:04:43.000Z</time>
        <extensions>
          <ns3:TrackPointExtension>
            <ns3:hr>147</ns3:hr>
            <ns3:cad>88</ns3:cad>
          </ns3:TrackPointExtension>
        </extensions>
      </trkpt>
      <trkpt lat="31.2198157422244548797607421875" lon="121.385652534663677215576171875">
        <ele>9.80000019073486328125</ele>
        <time>2026-08-31T11:04:44.000Z</time>
        <extensions>
          <ns3:TrackPointExtension>
            <ns3:hr>147</ns3:hr>
            <ns3:cad>88</ns3:cad>
          </ns3:TrackPointExtension>
        </extensions>
      </trkpt>
      <trkpt lat="31.2198100425302982330322265625" lon="121.38563132844865322113037109375">
        <ele>9.80000019073486328125</ele>
        <time>2026-08-31T11:04:45.000Z</time>
        <extensions>
          <ns3:TrackPointExtension>
            <ns3:hr>147</ns3:hr>
            <ns3:cad>88</ns3:cad>
          </ns3:TrackPointExtension>
        </extensions>
      </trkpt>
      <trkpt lat="31.21979922987520694732666015625" lon="121.38560584746301174163818359375">
        <ele>9.80000019073486328125</ele>
        <time>2026-08-31T11:04:46.000Z</time>
        <extensions>
          <ns3:TrackPointExtension>
            <ns3:hr>147</ns3:hr>
            <ns3:cad>87</ns3:cad>
          </ns3:TrackPointExtension>
        </extensions>
      </trkpt>
      <trkpt lat="31.2197922728955745697021484375" lon="121.3855873234570026397705078125">
        <ele>9.80000019073486328125</ele>
        <time>2026-08-31T11:04:47.000Z</time>
        <extensions>
          <ns3:TrackPointExtension>
            <ns3:hr>147</ns3:hr>
            <ns3:cad>86</ns3:cad>
          </ns3:TrackPointExtension>
        </extensions>
      </trkpt>
      <trkpt lat="31.21978648938238620758056640625" lon="121.38555429875850677490234375">
        <ele>9.80000019073486328125</ele>
        <time>2026-08-31T11:04:48.000Z</time>
        <extensions>
          <ns3:TrackPointExtension>
            <ns3:hr>146</ns3:hr>
            <ns3:cad>86</ns3:cad>
          </ns3:TrackPointExtension>
        </extensions>
      </trkpt>
      <trkpt lat="31.2197805382311344146728515625" lon="121.3855268061161041259765625">
        <ele>10</ele>
        <time>2026-08-31T11:04:49.000Z</time>
        <extensions>
          <ns3:TrackPointExtension>
            <ns3:hr>146</ns3:hr>
            <ns3:cad>87</ns3:cad>
          </ns3:TrackPointExtension>
        </extensions>
      </trkpt>
      <trkpt lat="31.219767965376377105712890625" lon="121.38550509698688983917236328125">
        <ele>10</ele>
        <time>2026-08-31T11:04:50.000Z</time>
        <extensions>
          <ns3:TrackPointExtension>
            <ns3:hr>145</ns3:hr>
            <ns3:cad>87</ns3:cad>
          </ns3:TrackPointExtension>
        </extensions>
      </trkpt>
      <trkpt lat="31.2197493575513362884521484375" lon="121.38548229821026325225830078125">
        <ele>10</ele>
        <time>2026-08-31T11:04:51.000Z</time>
        <extensions>
          <ns3:TrackPointExtension>
            <ns3:hr>145</ns3:hr>
            <ns3:cad>87</ns3:cad>
          </ns3:TrackPointExtension>
        </extensions>
      </trkpt>
      <trkpt lat="31.2197305820882320404052734375" lon="121.38546771369874477386474609375">
        <ele>10</ele>
        <time>2026-08-31T11:04:52.000Z</time>
        <extensions>
          <ns3:TrackPointExtension>
            <ns3:hr>145</ns3:hr>
            <ns3:cad>87</ns3:cad>
          </ns3:TrackPointExtension>
        </extensions>
      </trkpt>
      <trkpt lat="31.21970920823514461517333984375" lon="121.3854575715959072113037109375">
        <ele>10</ele>
        <time>2026-08-31T11:04:53.000Z</time>
        <extensions>
          <ns3:TrackPointExtension>
            <ns3:hr>145</ns3:hr>
            <ns3:cad>87</ns3:cad>
          </ns3:TrackPointExtension>
        </extensions>
      </trkpt>
      <trkpt lat="31.219692192971706390380859375" lon="121.38545849360525608062744140625">
        <ele>9.80000019073486328125</ele>
        <time>2026-08-31T11:04:54.000Z</time>
        <extensions>
          <ns3:TrackPointExtension>
            <ns3:hr>145</ns3:hr>
            <ns3:cad>86</ns3:cad>
          </ns3:TrackPointExtension>
        </extensions>
      </trkpt>
      <trkpt lat="31.21967115439474582672119140625" lon="121.385458409786224365234375">
        <ele>9.80000019073486328125</ele>
        <time>2026-08-31T11:04:55.000Z</time>
        <extensions>
          <ns3:TrackPointExtension>
            <ns3:hr>145</ns3:hr>
            <ns3:cad>86</ns3:cad>
          </ns3:TrackPointExtension>
        </extensions>
      </trkpt>
      <trkpt lat="31.21965103782713413238525390625" lon="121.385454721748828887939453125">
        <ele>9.80000019073486328125</ele>
        <time>2026-08-31T11:04:56.000Z</time>
        <extensions>
          <ns3:TrackPointExtension>
            <ns3:hr>145</ns3:hr>
            <ns3:cad>86</ns3:cad>
          </ns3:TrackPointExtension>
        </extensions>
      </trkpt>
      <trkpt lat="31.21963175944983959197998046875" lon="121.38545799069106578826904296875">
        <ele>9.80000019073486328125</ele>
        <time>2026-08-31T11:04:57.000Z</time>
        <extensions>
          <ns3:TrackPointExtension>
            <ns3:hr>144</ns3:hr>
            <ns3:cad>86</ns3:cad>
          </ns3:TrackPointExtension>
        </extensions>
      </trkpt>
      <trkpt lat="31.21961005032062530517578125" lon="121.38545765541493892669677734375">
        <ele>9.6000003814697265625</ele>
        <time>2026-08-31T11:04:58.000Z</time>
        <extensions>
          <ns3:TrackPointExtension>
            <ns3:hr>144</ns3:hr>
            <ns3:cad>86</ns3:cad>
          </ns3:TrackPointExtension>
        </extensions>
      </trkpt>
      <trkpt lat="31.21958984993398189544677734375" lon="121.3854651153087615966796875">
        <ele>9.6000003814697265625</ele>
        <time>2026-08-31T11:04:59.000Z</time>
        <extensions>
          <ns3:TrackPointExtension>
            <ns3:hr>144</ns3:hr>
            <ns3:cad>86</ns3:cad>
          </ns3:TrackPointExtension>
        </extensions>
      </trkpt>
      <trkpt lat="31.21956772170960903167724609375" lon="121.38546285219490528106689453125">
        <ele>9.6000003814697265625</ele>
        <time>2026-08-31T11:05:00.000Z</time>
        <extensions>
          <ns3:TrackPointExtension>
            <ns3:hr>144</ns3:hr>
            <ns3:cad>86</ns3:cad>
          </ns3:TrackPointExtension>
        </extensions>
      </trkpt>
      <trkpt lat="31.2195468507707118988037109375" lon="121.38546821661293506622314453125">
        <ele>9.6000003814697265625</ele>
        <time>2026-08-31T11:05:01.000Z</time>
        <extensions>
          <ns3:TrackPointExtension>
            <ns3:hr>144</ns3:hr>
            <ns3:cad>86</ns3:cad>
          </ns3:TrackPointExtension>
        </extensions>
      </trkpt>
      <trkpt lat="31.21952178888022899627685546875" lon="121.38547006063163280487060546875">
        <ele>9.6000003814697265625</ele>
        <time>2026-08-31T11:05:02.000Z</time>
        <extensions>
          <ns3:TrackPointExtension>
            <ns3:hr>144</ns3:hr>
            <ns3:cad>88</ns3:cad>
          </ns3:TrackPointExtension>
        </extensions>
      </trkpt>
      <trkpt lat="31.21950150467455387115478515625" lon="121.3854740001261234283447265625">
        <ele>9.6000003814697265625</ele>
        <time>2026-08-31T11:05:03.000Z</time>
        <extensions>
          <ns3:TrackPointExtension>
            <ns3:hr>144</ns3:hr>
            <ns3:cad>88</ns3:cad>
          </ns3:TrackPointExtension>
        </extensions>
      </trkpt>
      <trkpt lat="31.2194791249930858612060546875" lon="121.3854800350964069366455078125">
        <ele>9.6000003814697265625</ele>
        <time>2026-08-31T11:05:04.000Z</time>
        <extensions>
          <ns3:TrackPointExtension>
            <ns3:hr>144</ns3:hr>
            <ns3:cad>87</ns3:cad>
          </ns3:TrackPointExtension>
        </extensions>
      </trkpt>
      <trkpt lat="31.2194580025970935821533203125" lon="121.38548296876251697540283203125">
        <ele>9.6000003814697265625</ele>
        <time>2026-08-31T11:05:05.000Z</time>
        <extensions>
          <ns3:TrackPointExtension>
            <ns3:hr>144</ns3:hr>
            <ns3:cad>86</ns3:cad>
          </ns3:TrackPointExtension>
        </extensions>
      </trkpt>
      <trkpt lat="31.219435036182403564453125" lon="121.385479867458343505859375">
        <ele>9.6000003814697265625</ele>
        <time>2026-08-31T11:05:06.000Z</time>
        <extensions>
          <ns3:TrackPointExtension>
            <ns3:hr>144</ns3:hr>
            <ns3:cad>86</ns3:cad>
          </ns3:TrackPointExtension>
        </extensions>
      </trkpt>
      <trkpt lat="31.219413578510284423828125" lon="121.38547710143029689788818359375">
        <ele>9.6000003814697265625</ele>
        <time>2026-08-31T11:05:07.000Z</time>
        <extensions>
          <ns3:TrackPointExtension>
            <ns3:hr>144</ns3:hr>
            <ns3:cad>86</ns3:cad>
          </ns3:TrackPointExtension>
        </extensions>
      </trkpt>
      <trkpt lat="31.21938466094434261322021484375" lon="121.38547626323997974395751953125">
        <ele>9.6000003814697265625</ele>
        <time>2026-08-31T11:05:08.000Z</time>
        <extensions>
          <ns3:TrackPointExtension>
            <ns3:hr>144</ns3:hr>
            <ns3:cad>88</ns3:cad>
          </ns3:TrackPointExtension>
        </extensions>
      </trkpt>
      <trkpt lat="31.21935968287289142608642578125" lon="121.38547374866902828216552734375">
        <ele>9.6000003814697265625</ele>
        <time>2026-08-31T11:05:09.000Z</time>
        <extensions>
          <ns3:TrackPointExtension>
            <ns3:hr>144</ns3:hr>
            <ns3:cad>88</ns3:cad>
          </ns3:TrackPointExtension>
        </extensions>
      </trkpt>
      <trkpt lat="31.21933286078274250030517578125" lon="121.38547877781093120574951171875">
        <ele>9.6000003814697265625</ele>
        <time>2026-08-31T11:05:10.000Z</time>
        <extensions>
          <ns3:TrackPointExtension>
            <ns3:hr>145</ns3:hr>
            <ns3:cad>87</ns3:cad>
          </ns3:TrackPointExtension>
        </extensions>
      </trkpt>
      <trkpt lat="31.21930737979710102081298828125" lon="121.385474838316440582275390625">
        <ele>9.6000003814697265625</ele>
        <time>2026-08-31T11:05:11.000Z</time>
        <extensions>
          <ns3:TrackPointExtension>
            <ns3:hr>145</ns3:hr>
            <ns3:cad>87</ns3:cad>
          </ns3:TrackPointExtension>
        </extensions>
      </trkpt>
      <trkpt lat="31.21928592212498188018798828125" lon="121.385478861629962921142578125">
        <ele>9.6000003814697265625</ele>
        <time>2026-08-31T11:05:12.000Z</time>
        <extensions>
          <ns3:TrackPointExtension>
            <ns3:hr>145</ns3:hr>
            <ns3:cad>87</ns3:cad>
          </ns3:TrackPointExtension>
        </extensions>
      </trkpt>
      <trkpt lat="31.219257004559040069580078125" lon="121.38547475449740886688232421875">
        <ele>9.6000003814697265625</ele>
        <time>2026-08-31T11:05:13.000Z</time>
        <extensions>
          <ns3:TrackPointExtension>
            <ns3:hr>145</ns3:hr>
            <ns3:cad>87</ns3:cad>
          </ns3:TrackPointExtension>
        </extensions>
      </trkpt>
      <trkpt lat="31.21923588216304779052734375" lon="121.38547517359256744384765625">
        <ele>9.6000003814697265625</ele>
        <time>2026-08-31T11:05:14.000Z</time>
        <extensions>
          <ns3:TrackPointExtension>
            <ns3:hr>146</ns3:hr>
            <ns3:cad>88</ns3:cad>
          </ns3:TrackPointExtension>
        </extensions>
      </trkpt>
      <trkpt lat="31.2192085571587085723876953125" lon="121.3854704797267913818359375">
        <ele>9.3999996185302734375</ele>
        <time>2026-08-31T11:05:15.000Z</time>
        <extensions>
          <ns3:TrackPointExtension>
            <ns3:hr>146</ns3:hr>
            <ns3:cad>88</ns3:cad>
          </ns3:TrackPointExtension>
        </extensions>
      </trkpt>
      <trkpt lat="31.21918785385787487030029296875" lon="121.38546570204198360443115234375">
        <ele>9.3999996185302734375</ele>
        <time>2026-08-31T11:05:16.000Z</time>
        <extensions>
          <ns3:TrackPointExtension>
            <ns3:hr>146</ns3:hr>
            <ns3:cad>88</ns3:cad>
          </ns3:TrackPointExtension>
        </extensions>
      </trkpt>
      <trkpt lat="31.2191626243293285369873046875" lon="121.3854624330997467041015625">
        <ele>9.3999996185302734375</ele>
        <time>2026-08-31T11:05:17.000Z</time>
        <extensions>
          <ns3:TrackPointExtension>
            <ns3:hr>146</ns3:hr>
            <ns3:cad>87</ns3:cad>
          </ns3:TrackPointExtension>
        </extensions>
      </trkpt>
      <trkpt lat="31.21914292685687541961669921875" lon="121.38545899651944637298583984375">
        <ele>9.3999996185302734375</ele>
        <time>2026-08-31T11:05:18.000Z</time>
        <extensions>
          <ns3:TrackPointExtension>
            <ns3:hr>145</ns3:hr>
            <ns3:cad>87</ns3:cad>
          </ns3:TrackPointExtension>
        </extensions>
      </trkpt>
      <trkpt lat="31.2191171944141387939453125" lon="121.38545815832912921905517578125">
        <ele>9.3999996185302734375</ele>
        <time>2026-08-31T11:05:19.000Z</time>
        <extensions>
          <ns3:TrackPointExtension>
            <ns3:hr>146</ns3:hr>
            <ns3:cad>87</ns3:cad>
          </ns3:TrackPointExtension>
        </extensions>
      </trkpt>
      <trkpt lat="31.219095401465892791748046875" lon="121.38545078225433826446533203125">
        <ele>9.3999996185302734375</ele>
        <time>2026-08-31T11:05:20.000Z</time>
        <extensions>
          <ns3:TrackPointExtension>
            <ns3:hr>146</ns3:hr>
            <ns3:cad>87</ns3:cad>
          </ns3:TrackPointExtension>
        </extensions>
      </trkpt>
      <trkpt lat="31.219075955450534820556640625" lon="121.38545078225433826446533203125">
        <ele>9.6000003814697265625</ele>
        <time>2026-08-31T11:05:21.000Z</time>
        <extensions>
          <ns3:TrackPointExtension>
            <ns3:hr>147</ns3:hr>
            <ns3:cad>88</ns3:cad>
          </ns3:TrackPointExtension>
        </extensions>
      </trkpt>
      <trkpt lat="31.21905374340713024139404296875" lon="121.3854448311030864715576171875">
        <ele>9.6000003814697265625</ele>
        <time>2026-08-31T11:05:22.000Z</time>
        <extensions>
          <ns3:TrackPointExtension>
            <ns3:hr>147</ns3:hr>
            <ns3:cad>88</ns3:cad>
          </ns3:TrackPointExtension>
        </extensions>
      </trkpt>
      <trkpt lat="31.21903228573501110076904296875" lon="121.3854396343231201171875">
        <ele>9.6000003814697265625</ele>
        <time>2026-08-31T11:05:23.000Z</time>
        <extensions>
          <ns3:TrackPointExtension>
            <ns3:hr>147</ns3:hr>
            <ns3:cad>87</ns3:cad>
          </ns3:TrackPointExtension>
        </extensions>
      </trkpt>
      <trkpt lat="31.2190077267587184906005859375" lon="121.38542831875383853912353515625">
        <ele>9.6000003814697265625</ele>
        <time>2026-08-31T11:05:24.000Z</time>
        <extensions>
          <ns3:TrackPointExtension>
            <ns3:hr>147</ns3:hr>
            <ns3:cad>87</ns3:cad>
          </ns3:TrackPointExtension>
        </extensions>
      </trkpt>
      <trkpt lat="31.21898853220045566558837890625" lon="121.3854248821735382080078125">
        <ele>9.3999996185302734375</ele>
        <time>2026-08-31T11:05:25.000Z</time>
        <extensions>
          <ns3:TrackPointExtension>
            <ns3:hr>147</ns3:hr>
            <ns3:cad>87</ns3:cad>
          </ns3:TrackPointExtension>
        </extensions>
      </trkpt>
      <trkpt lat="31.2189638055860996246337890625" lon="121.3854153268039226531982421875">
        <ele>9.3999996185302734375</ele>
        <time>2026-08-31T11:05:26.000Z</time>
        <extensions>
          <ns3:TrackPointExtension>
            <ns3:hr>147</ns3:hr>
            <ns3:cad>87</ns3:cad>
          </ns3:TrackPointExtension>
        </extensions>
      </trkpt>
      <trkpt lat="31.2189446948468685150146484375" lon="121.385410465300083160400390625">
        <ele>9.6000003814697265625</ele>
        <time>2026-08-31T11:05:27.000Z</time>
        <extensions>
          <ns3:TrackPointExtension>
            <ns3:hr>147</ns3:hr>
            <ns3:cad>87</ns3:cad>
          </ns3:TrackPointExtension>
        </extensions>
      </trkpt>
      <trkpt lat="31.2189208902418613433837890625" lon="121.38540518470108509063720703125">
        <ele>9.3999996185302734375</ele>
        <time>2026-08-31T11:05:28.000Z</time>
        <extensions>
          <ns3:TrackPointExtension>
            <ns3:hr>147</ns3:hr>
            <ns3:cad>87</ns3:cad>
          </ns3:TrackPointExtension>
        </extensions>
      </trkpt>
      <trkpt lat="31.21890102513134479522705078125" lon="121.3853985629975795745849609375">
        <ele>9.3999996185302734375</ele>
        <time>2026-08-31T11:05:29.000Z</time>
        <extensions>
          <ns3:TrackPointExtension>
            <ns3:hr>146</ns3:hr>
            <ns3:cad>87</ns3:cad>
          </ns3:TrackPointExtension>
        </extensions>
      </trkpt>
      <trkpt lat="31.21887135319411754608154296875" lon="121.3853911869227886199951171875">
        <ele>9.6000003814697265625</ele>
        <time>2026-08-31T11:05:30.000Z</time>
        <extensions>
          <ns3:TrackPointExtension>
            <ns3:hr>146</ns3:hr>
            <ns3:cad>86</ns3:cad>
          </ns3:TrackPointExtension>
        </extensions>
      </trkpt>
      <trkpt lat="31.2188461236655712127685546875" lon="121.38538154773414134979248046875">
        <ele>9.6000003814697265625</ele>
        <time>2026-08-31T11:05:31.000Z</time>
        <extensions>
          <ns3:TrackPointExtension>
            <ns3:hr>146</ns3:hr>
            <ns3:cad>86</ns3:cad>
          </ns3:TrackPointExtension>
        </extensions>
      </trkpt>
      <trkpt lat="31.21882055886089801788330078125" lon="121.3853720761835575103759765625">
        <ele>9.3999996185302734375</ele>
        <time>2026-08-31T11:05:32.000Z</time>
        <extensions>
          <ns3:TrackPointExtension>
            <ns3:hr>146</ns3:hr>
            <ns3:cad>87</ns3:cad>
          </ns3:TrackPointExtension>
        </extensions>
      </trkpt>
      <trkpt lat="31.21879742480814456939697265625" lon="121.3853616826236248016357421875">
        <ele>9.6000003814697265625</ele>
        <time>2026-08-31T11:05:33.000Z</time>
        <extensions>
          <ns3:TrackPointExtension>
            <ns3:hr>146</ns3:hr>
            <ns3:cad>88</ns3:cad>
          </ns3:TrackPointExtension>
        </extensions>
      </trkpt>
      <trkpt lat="31.21877512894570827484130859375" lon="121.38534843921661376953125">
        <ele>9.6000003814697265625</ele>
        <time>2026-08-31T11:05:34.000Z</time>
        <extensions>
          <ns3:TrackPointExtension>
            <ns3:hr>147</ns3:hr>
            <ns3:cad>88</ns3:cad>
          </ns3:TrackPointExtension>
        </extensions>
      </trkpt>
      <trkpt lat="31.218755431473255157470703125" lon="121.3853325136005878448486328125">
        <ele>9.6000003814697265625</ele>
        <time>2026-08-31T11:05:35.000Z</time>
        <extensions>
          <ns3:TrackPointExtension>
            <ns3:hr>147</ns3:hr>
            <ns3:cad>88</ns3:cad>
          </ns3:TrackPointExtension>
        </extensions>
      </trkpt>
      <trkpt lat="31.21873321942985057830810546875" lon="121.38532119803130626678466796875">
        <ele>9.3999996185302734375</ele>
        <time>2026-08-31T11:05:36.000Z</time>
        <extensions>
          <ns3:TrackPointExtension>
            <ns3:hr>147</ns3:hr>
            <ns3:cad>87</ns3:cad>
          </ns3:TrackPointExtension>
        </extensions>
      </trkpt>
      <trkpt lat="31.21870706789195537567138671875" lon="121.38530929572880268096923828125">
        <ele>9.3999996185302734375</ele>
        <time>2026-08-31T11:05:37.000Z</time>
        <extensions>
          <ns3:TrackPointExtension>
            <ns3:hr>147</ns3:hr>
            <ns3:cad>87</ns3:cad>
          </ns3:TrackPointExtension>
        </extensions>
      </trkpt>
      <trkpt lat="31.2186939083039760589599609375" lon="121.38530309312045574188232421875">
        <ele>9.3999996185302734375</ele>
        <time>2026-08-31T11:05:38.000Z</time>
        <extensions>
          <ns3:TrackPointExtension>
            <ns3:hr>147</ns3:hr>
            <ns3:cad>88</ns3:cad>
          </ns3:TrackPointExtension>
        </extensions>
      </trkpt>
      <trkpt lat="31.21867253445088863372802734375" lon="121.38528876006603240966796875">
        <ele>9.3999996185302734375</ele>
        <time>2026-08-31T11:05:39.000Z</time>
        <extensions>
          <ns3:TrackPointExtension>
            <ns3:hr>147</ns3:hr>
            <ns3:cad>89</ns3:cad>
          </ns3:TrackPointExtension>
        </extensions>
      </trkpt>
      <trkpt lat="31.21865241788327693939208984375" lon="121.38528096489608287811279296875">
        <ele>9.3999996185302734375</ele>
        <time>2026-08-31T11:05:40.000Z</time>
        <extensions>
          <ns3:TrackPointExtension>
            <ns3:hr>148</ns3:hr>
            <ns3:cad>89</ns3:cad>
          </ns3:TrackPointExtension>
        </extensions>
      </trkpt>
      <trkpt lat="31.21862458996474742889404296875" lon="121.38526973314583301544189453125">
        <ele>9.3999996185302734375</ele>
        <time>2026-08-31T11:05:41.000Z</time>
        <extensions>
          <ns3:TrackPointExtension>
            <ns3:hr>148</ns3:hr>
            <ns3:cad>88</ns3:cad>
          </ns3:TrackPointExtension>
        </extensions>
      </trkpt>
      <trkpt lat="31.2186017073690891265869140625" lon="121.38526327908039093017578125">
        <ele>9.3999996185302734375</ele>
        <time>2026-08-31T11:05:42.000Z</time>
        <extensions>
          <ns3:TrackPointExtension>
            <ns3:hr>149</ns3:hr>
            <ns3:cad>87</ns3:cad>
          </ns3:TrackPointExtension>
        </extensions>
      </trkpt>
      <trkpt lat="31.21857647784054279327392578125" lon="121.3852557353675365447998046875">
        <ele>9.3999996185302734375</ele>
        <time>2026-08-31T11:05:43.000Z</time>
        <extensions>
          <ns3:TrackPointExtension>
            <ns3:hr>149</ns3:hr>
            <ns3:cad>87</ns3:cad>
          </ns3:TrackPointExtension>
        </extensions>
      </trkpt>
      <trkpt lat="31.2185591273009777069091796875" lon="121.385240145027637481689453125">
        <ele>9.3999996185302734375</ele>
        <time>2026-08-31T11:05:44.000Z</time>
        <extensions>
          <ns3:TrackPointExtension>
            <ns3:hr>149</ns3:hr>
            <ns3:cad>87</ns3:cad>
          </ns3:TrackPointExtension>
        </extensions>
      </trkpt>
      <trkpt lat="31.21853423304855823516845703125" lon="121.3852248899638652801513671875">
        <ele>9.3999996185302734375</ele>
        <time>2026-08-31T11:05:45.000Z</time>
        <extensions>
          <ns3:TrackPointExtension>
            <ns3:hr>148</ns3:hr>
            <ns3:cad>88</ns3:cad>
          </ns3:TrackPointExtension>
        </extensions>
      </trkpt>
      <trkpt lat="31.21851327829062938690185546875" lon="121.38521592132747173309326171875">
        <ele>9.3999996185302734375</ele>
        <time>2026-08-31T11:05:46.000Z</time>
        <extensions>
          <ns3:TrackPointExtension>
            <ns3:hr>148</ns3:hr>
            <ns3:cad>88</ns3:cad>
          </ns3:TrackPointExtension>
        </extensions>
      </trkpt>
      <trkpt lat="31.21848947368562221527099609375" lon="121.3852051086723804473876953125">
        <ele>9.3999996185302734375</ele>
        <time>2026-08-31T11:05:47.000Z</time>
        <extensions>
          <ns3:TrackPointExtension>
            <ns3:hr>148</ns3:hr>
            <ns3:cad>88</ns3:cad>
          </ns3:TrackPointExtension>
        </extensions>
      </trkpt>
      <trkpt lat="31.21846801601350307464599609375" lon="121.38519614003598690032958984375">
        <ele>9.3999996185302734375</ele>
        <time>2026-08-31T11:05:48.000Z</time>
        <extensions>
          <ns3:TrackPointExtension>
            <ns3:hr>148</ns3:hr>
            <ns3:cad>87</ns3:cad>
          </ns3:TrackPointExtension>
        </extensions>
      </trkpt>
      <trkpt lat="31.2184478156268596649169921875" lon="121.3851883448660373687744140625">
        <ele>9.3999996185302734375</ele>
        <time>2026-08-31T11:05:49.000Z</time>
        <extensions>
          <ns3:TrackPointExtension>
            <ns3:hr>148</ns3:hr>
            <ns3:cad>87</ns3:cad>
          </ns3:TrackPointExtension>
        </extensions>
      </trkpt>
      <trkpt lat="31.21842317283153533935546875" lon="121.38517342507839202880859375">
        <ele>9.19999980926513671875</ele>
        <time>2026-08-31T11:05:50.000Z</time>
        <extensions>
          <ns3:TrackPointExtension>
            <ns3:hr>148</ns3:hr>
            <ns3:cad>87</ns3:cad>
          </ns3:TrackPointExtension>
        </extensions>
      </trkpt>
      <trkpt lat="31.218411438167095184326171875" lon="121.38516529463231563568115234375">
        <ele>9.19999980926513671875</ele>
        <time>2026-08-31T11:05:51.000Z</time>
        <extensions>
          <ns3:TrackPointExtension>
            <ns3:hr>148</ns3:hr>
            <ns3:cad>89</ns3:cad>
          </ns3:TrackPointExtension>
        </extensions>
      </trkpt>
      <trkpt lat="31.21838822029531002044677734375" lon="121.38514987193048000335693359375">
        <ele>9.19999980926513671875</ele>
        <time>2026-08-31T11:05:52.000Z</time>
        <extensions>
          <ns3:TrackPointExtension>
            <ns3:hr>149</ns3:hr>
            <ns3:cad>89</ns3:cad>
          </ns3:TrackPointExtension>
        </extensions>
      </trkpt>
      <trkpt lat="31.2183717079460620880126953125" lon="121.38514031656086444854736328125">
        <ele>9.3999996185302734375</ele>
        <time>2026-08-31T11:05:53.000Z</time>
        <extensions>
          <ns3:TrackPointExtension>
            <ns3:hr>148</ns3:hr>
            <ns3:cad>88</ns3:cad>
          </ns3:TrackPointExtension>
        </extensions>
      </trkpt>
      <trkpt lat="31.21835075318813323974609375" lon="121.38512673787772655487060546875">
        <ele>9.19999980926513671875</ele>
        <time>2026-08-31T11:05:54.000Z</time>
        <extensions>
          <ns3:TrackPointExtension>
            <ns3:hr>148</ns3:hr>
            <ns3:cad>87</ns3:cad>
          </ns3:TrackPointExtension>
        </extensions>
      </trkpt>
      <trkpt lat="31.21833491139113903045654296875" lon="121.38511399738490581512451171875">
        <ele>9.19999980926513671875</ele>
        <time>2026-08-31T11:05:55.000Z</time>
        <extensions>
          <ns3:TrackPointExtension>
            <ns3:hr>148</ns3:hr>
            <ns3:cad>87</ns3:cad>
          </ns3:TrackPointExtension>
        </extensions>
      </trkpt>
      <trkpt lat="31.218313872814178466796875" lon="121.38509656302630901336669921875">
        <ele>9.19999980926513671875</ele>
        <time>2026-08-31T11:05:56.000Z</time>
        <extensions>
          <ns3:TrackPointExtension>
            <ns3:hr>149</ns3:hr>
            <ns3:cad>87</ns3:cad>
          </ns3:TrackPointExtension>
        </extensions>
      </trkpt>
      <trkpt lat="31.21829316951334476470947265625" lon="121.38508097268640995025634765625">
        <ele>9.19999980926513671875</ele>
        <time>2026-08-31T11:05:57.000Z</time>
        <extensions>
          <ns3:TrackPointExtension>
            <ns3:hr>148</ns3:hr>
            <ns3:cad>88</ns3:cad>
          </ns3:TrackPointExtension>
        </extensions>
      </trkpt>
      <trkpt lat="31.21827690862119197845458984375" lon="121.38506487943232059478759765625">
        <ele>9.19999980926513671875</ele>
        <time>2026-08-31T11:05:58.000Z</time>
        <extensions>
          <ns3:TrackPointExtension>
            <ns3:hr>149</ns3:hr>
            <ns3:cad>88</ns3:cad>
          </ns3:TrackPointExtension>
        </extensions>
      </trkpt>
      <trkpt lat="31.218259893357753753662109375" lon="121.38505247421562671661376953125">
        <ele>9</ele>
        <time>2026-08-31T11:05:59.000Z</time>
        <extensions>
          <ns3:TrackPointExtension>
            <ns3:hr>149</ns3:hr>
            <ns3:cad>88</ns3:cad>
          </ns3:TrackPointExtension>
        </extensions>
      </trkpt>
      <trkpt lat="31.218238770961761474609375" lon="121.38504191301763057708740234375">
        <ele>9</ele>
        <time>2026-08-31T11:06:00.000Z</time>
        <extensions>
          <ns3:TrackPointExtension>
            <ns3:hr>149</ns3:hr>
            <ns3:cad>88</ns3:cad>
          </ns3:TrackPointExtension>
        </extensions>
      </trkpt>
      <trkpt lat="31.2182204984128475189208984375" lon="121.38502783142030239105224609375">
        <ele>9</ele>
        <time>2026-08-31T11:06:01.000Z</time>
        <extensions>
          <ns3:TrackPointExtension>
            <ns3:hr>148</ns3:hr>
            <ns3:cad>87</ns3:cad>
          </ns3:TrackPointExtension>
        </extensions>
      </trkpt>
      <trkpt lat="31.21820323169231414794921875" lon="121.385013163089752197265625">
        <ele>9</ele>
        <time>2026-08-31T11:06:02.000Z</time>
        <extensions>
          <ns3:TrackPointExtension>
            <ns3:hr>149</ns3:hr>
            <ns3:cad>87</ns3:cad>
          </ns3:TrackPointExtension>
        </extensions>
      </trkpt>
      <trkpt lat="31.2181859649717807769775390625" lon="121.38499380089342594146728515625">
        <ele>9</ele>
        <time>2026-08-31T11:06:03.000Z</time>
        <extensions>
          <ns3:TrackPointExtension>
            <ns3:hr>149</ns3:hr>
            <ns3:cad>87</ns3:cad>
          </ns3:TrackPointExtension>
        </extensions>
      </trkpt>
      <trkpt lat="31.218166016042232513427734375" lon="121.38498365879058837890625">
        <ele>9</ele>
        <time>2026-08-31T11:06:04.000Z</time>
        <extensions>
          <ns3:TrackPointExtension>
            <ns3:hr>148</ns3:hr>
            <ns3:cad>88</ns3:cad>
          </ns3:TrackPointExtension>
        </extensions>
      </trkpt>
      <trkpt lat="31.218145228922367095947265625" lon="121.38497494161128997802734375">
        <ele>9</ele>
        <time>2026-08-31T11:06:05.000Z</time>
        <extensions>
          <ns3:TrackPointExtension>
            <ns3:hr>149</ns3:hr>
            <ns3:cad>88</ns3:cad>
          </ns3:TrackPointExtension>
        </extensions>
      </trkpt>
      <trkpt lat="31.21812536381185054779052734375" lon="121.38496278785169124603271484375">
        <ele>9</ele>
        <time>2026-08-31T11:06:06.000Z</time>
        <extensions>
          <ns3:TrackPointExtension>
            <ns3:hr>149</ns3:hr>
            <ns3:cad>88</ns3:cad>
          </ns3:TrackPointExtension>
        </extensions>
      </trkpt>
      <trkpt lat="31.2181014753878116607666015625" lon="121.3849501311779022216796875">
        <ele>9.19999980926513671875</ele>
        <time>2026-08-31T11:06:07.000Z</time>
        <extensions>
          <ns3:TrackPointExtension>
            <ns3:hr>148</ns3:hr>
            <ns3:cad>87</ns3:cad>
          </ns3:TrackPointExtension>
        </extensions>
      </trkpt>
      <trkpt lat="31.21808144263923168182373046875" lon="121.38493797741830348968505859375">
        <ele>9.19999980926513671875</ele>
        <time>2026-08-31T11:06:08.000Z</time>
        <extensions>
          <ns3:TrackPointExtension>
            <ns3:hr>149</ns3:hr>
            <ns3:cad>87</ns3:cad>
          </ns3:TrackPointExtension>
        </extensions>
      </trkpt>
      <trkpt lat="31.218063421547412872314453125" lon="121.3849194534122943878173828125">
        <ele>9</ele>
        <time>2026-08-31T11:06:09.000Z</time>
        <extensions>
          <ns3:TrackPointExtension>
            <ns3:hr>148</ns3:hr>
            <ns3:cad>88</ns3:cad>
          </ns3:TrackPointExtension>
        </extensions>
      </trkpt>
      <trkpt lat="31.2180454842746257781982421875" lon="121.38491065241396427154541015625">
        <ele>9</ele>
        <time>2026-08-31T11:06:10.000Z</time>
        <extensions>
          <ns3:TrackPointExtension>
            <ns3:hr>148</ns3:hr>
            <ns3:cad>89</ns3:cad>
          </ns3:TrackPointExtension>
        </extensions>
      </trkpt>
      <trkpt lat="31.21801908127963542938232421875" lon="121.38488818891346454620361328125">
        <ele>9</ele>
        <time>2026-08-31T11:06:11.000Z</time>
        <extensions>
          <ns3:TrackPointExtension>
            <ns3:hr>148</ns3:hr>
            <ns3:cad>89</ns3:cad>
          </ns3:TrackPointExtension>
        </extensions>
      </trkpt>
      <trkpt lat="31.2179945223033428192138671875" lon="121.38487662188708782196044921875">
        <ele>9</ele>
        <time>2026-08-31T11:06:12.000Z</time>
        <extensions>
          <ns3:TrackPointExtension>
            <ns3:hr>148</ns3:hr>
            <ns3:cad>88</ns3:cad>
          </ns3:TrackPointExtension>
        </extensions>
      </trkpt>
      <trkpt lat="31.2179723940789699554443359375" lon="121.3848611153662204742431640625">
        <ele>8.80000019073486328125</ele>
        <time>2026-08-31T11:06:13.000Z</time>
        <extensions>
          <ns3:TrackPointExtension>
            <ns3:hr>149</ns3:hr>
            <ns3:cad>87</ns3:cad>
          </ns3:TrackPointExtension>
        </extensions>
      </trkpt>
      <trkpt lat="31.21795588172972202301025390625" lon="121.3848463632166385650634765625">
        <ele>8.80000019073486328125</ele>
        <time>2026-08-31T11:06:14.000Z</time>
        <extensions>
          <ns3:TrackPointExtension>
            <ns3:hr>148</ns3:hr>
            <ns3:cad>87</ns3:cad>
          </ns3:TrackPointExtension>
        </extensions>
      </trkpt>
      <trkpt lat="31.217933334410190582275390625" lon="121.3848316110670566558837890625">
        <ele>8.80000019073486328125</ele>
        <time>2026-08-31T11:06:15.000Z</time>
        <extensions>
          <ns3:TrackPointExtension>
            <ns3:hr>148</ns3:hr>
            <ns3:cad>88</ns3:cad>
          </ns3:TrackPointExtension>
        </extensions>
      </trkpt>
      <trkpt lat="31.2179160676896572113037109375" lon="121.3848202116787433624267578125">
        <ele>8.80000019073486328125</ele>
        <time>2026-08-31T11:06:16.000Z</time>
        <extensions>
          <ns3:TrackPointExtension>
            <ns3:hr>148</ns3:hr>
            <ns3:cad>89</ns3:cad>
          </ns3:TrackPointExtension>
        </extensions>
      </trkpt>
      <trkpt lat="31.21789653785526752471923828125" lon="121.384815014898777008056640625">
        <ele>8.80000019073486328125</ele>
        <time>2026-08-31T11:06:17.000Z</time>
        <extensions>
          <ns3:TrackPointExtension>
            <ns3:hr>148</ns3:hr>
            <ns3:cad>89</ns3:cad>
          </ns3:TrackPointExtension>
        </extensions>
      </trkpt>
      <trkpt lat="31.21787206269800662994384765625" lon="121.3848118297755718231201171875">
        <ele>8.80000019073486328125</ele>
        <time>2026-08-31T11:06:18.000Z</time>
        <extensions>
          <ns3:TrackPointExtension>
            <ns3:hr>149</ns3:hr>
            <ns3:cad>88</ns3:cad>
          </ns3:TrackPointExtension>
        </extensions>
      </trkpt>
      <trkpt lat="31.217853538691997528076171875" lon="121.3848125003278255462646484375">
        <ele>8.80000019073486328125</ele>
        <time>2026-08-31T11:06:19.000Z</time>
        <extensions>
          <ns3:TrackPointExtension>
            <ns3:hr>148</ns3:hr>
            <ns3:cad>87</ns3:cad>
          </ns3:TrackPointExtension>
        </extensions>
      </trkpt>
      <trkpt lat="31.21782747097313404083251953125" lon="121.3848061300814151763916015625">
        <ele>9</ele>
        <time>2026-08-31T11:06:20.000Z</time>
        <extensions>
          <ns3:TrackPointExtension>
            <ns3:hr>148</ns3:hr>
            <ns3:cad>86</ns3:cad>
          </ns3:TrackPointExtension>
        </extensions>
      </trkpt>
      <trkpt lat="31.21780852787196636199951171875" lon="121.38479682616889476776123046875">
        <ele>8.80000019073486328125</ele>
        <time>2026-08-31T11:06:21.000Z</time>
        <extensions>
          <ns3:TrackPointExtension>
            <ns3:hr>148</ns3:hr>
            <ns3:cad>86</ns3:cad>
          </ns3:TrackPointExtension>
        </extensions>
      </trkpt>
      <trkpt lat="31.2177879922091960906982421875" lon="121.38478911481797695159912109375">
        <ele>8.80000019073486328125</ele>
        <time>2026-08-31T11:06:22.000Z</time>
        <extensions>
          <ns3:TrackPointExtension>
            <ns3:hr>147</ns3:hr>
            <ns3:cad>87</ns3:cad>
          </ns3:TrackPointExtension>
        </extensions>
      </trkpt>
      <trkpt lat="31.2177680432796478271484375" lon="121.38477738015353679656982421875">
        <ele>9</ele>
        <time>2026-08-31T11:06:23.000Z</time>
        <extensions>
          <ns3:TrackPointExtension>
            <ns3:hr>147</ns3:hr>
            <ns3:cad>87</ns3:cad>
          </ns3:TrackPointExtension>
        </extensions>
      </trkpt>
      <trkpt lat="31.2177497707307338714599609375" lon="121.38476614840328693389892578125">
        <ele>9</ele>
        <time>2026-08-31T11:06:24.000Z</time>
        <extensions>
          <ns3:TrackPointExtension>
            <ns3:hr>147</ns3:hr>
            <ns3:cad>86</ns3:cad>
          </ns3:TrackPointExtension>
        </extensions>
      </trkpt>
      <trkpt lat="31.21773610822856426239013671875" lon="121.38474368490278720855712890625">
        <ele>9</ele>
        <time>2026-08-31T11:06:25.000Z</time>
        <extensions>
          <ns3:TrackPointExtension>
            <ns3:hr>147</ns3:hr>
            <ns3:cad>86</ns3:cad>
          </ns3:TrackPointExtension>
        </extensions>
      </trkpt>
      <trkpt lat="31.21771967969834804534912109375" lon="121.3847263343632221221923828125">
        <ele>9</ele>
        <time>2026-08-31T11:06:26.000Z</time>
        <extensions>
          <ns3:TrackPointExtension>
            <ns3:hr>146</ns3:hr>
            <ns3:cad>85</ns3:cad>
          </ns3:TrackPointExtension>
        </extensions>
      </trkpt>
      <trkpt lat="31.21770626865327358245849609375" lon="121.384718455374240875244140625">
        <ele>8.80000019073486328125</ele>
        <time>2026-08-31T11:06:27.000Z</time>
        <extensions>
          <ns3:TrackPointExtension>
            <ns3:hr>146</ns3:hr>
            <ns3:cad>85</ns3:cad>
          </ns3:TrackPointExtension>
        </extensions>
      </trkpt>
      <trkpt lat="31.217687241733074188232421875" lon="121.38470537960529327392578125">
        <ele>8.80000019073486328125</ele>
        <time>2026-08-31T11:06:28.000Z</time>
        <extensions>
          <ns3:TrackPointExtension>
            <ns3:hr>146</ns3:hr>
            <ns3:cad>86</ns3:cad>
          </ns3:TrackPointExtension>
        </extensions>
      </trkpt>
      <trkpt lat="31.21767022646963596343994140625" lon="121.384703032672405242919921875">
        <ele>8.6000003814697265625</ele>
        <time>2026-08-31T11:06:29.000Z</time>
        <extensions>
          <ns3:TrackPointExtension>
            <ns3:hr>146</ns3:hr>
            <ns3:cad>86</ns3:cad>
          </ns3:TrackPointExtension>
        </extensions>
      </trkpt>
      <trkpt lat="31.2176465056836605072021484375" lon="121.3846953213214874267578125">
        <ele>8.6000003814697265625</ele>
        <time>2026-08-31T11:06:30.000Z</time>
        <extensions>
          <ns3:TrackPointExtension>
            <ns3:hr>145</ns3:hr>
            <ns3:cad>86</ns3:cad>
          </ns3:TrackPointExtension>
        </extensions>
      </trkpt>
      <trkpt lat="31.21762789785861968994140625" lon="121.38469473458826541900634765625">
        <ele>8.3999996185302734375</ele>
        <time>2026-08-31T11:06:31.000Z</time>
        <extensions>
          <ns3:TrackPointExtension>
            <ns3:hr>145</ns3:hr>
            <ns3:cad>86</ns3:cad>
          </ns3:TrackPointExtension>
        </extensions>
      </trkpt>
      <trkpt lat="31.21760300360620021820068359375" lon="121.38468769378960132598876953125">
        <ele>8.3999996185302734375</ele>
        <time>2026-08-31T11:06:32.000Z</time>
        <extensions>
          <ns3:TrackPointExtension>
            <ns3:hr>145</ns3:hr>
            <ns3:cad>86</ns3:cad>
          </ns3:TrackPointExtension>
        </extensions>
      </trkpt>
      <trkpt lat="31.21758556924760341644287109375" lon="121.38468098826706409454345703125">
        <ele>8.3999996185302734375</ele>
        <time>2026-08-31T11:06:33.000Z</time>
        <extensions>
          <ns3:TrackPointExtension>
            <ns3:hr>146</ns3:hr>
            <ns3:cad>86</ns3:cad>
          </ns3:TrackPointExtension>
        </extensions>
      </trkpt>
      <trkpt lat="31.21756377629935741424560546875" lon="121.38467310927808284759521484375">
        <ele>8.3999996185302734375</ele>
        <time>2026-08-31T11:06:34.000Z</time>
        <extensions>
          <ns3:TrackPointExtension>
            <ns3:hr>145</ns3:hr>
            <ns3:cad>86</ns3:cad>
          </ns3:TrackPointExtension>
        </extensions>
      </trkpt>
      <trkpt lat="31.21754667721688747406005859375" lon="121.3846639730036258697509765625">
        <ele>8.3999996185302734375</ele>
        <time>2026-08-31T11:06:35.000Z</time>
        <extensions>
          <ns3:TrackPointExtension>
            <ns3:hr>145</ns3:hr>
            <ns3:cad>88</ns3:cad>
          </ns3:TrackPointExtension>
        </extensions>
      </trkpt>
      <trkpt lat="31.2175191007554531097412109375" lon="121.384652070701122283935546875">
        <ele>8.3999996185302734375</ele>
        <time>2026-08-31T11:06:36.000Z</time>
        <extensions>
          <ns3:TrackPointExtension>
            <ns3:hr>145</ns3:hr>
            <ns3:cad>88</ns3:cad>
          </ns3:TrackPointExtension>
        </extensions>
      </trkpt>
      <trkpt lat="31.2175006605684757232666015625" lon="121.3846425153315067291259765625">
        <ele>8.3999996185302734375</ele>
        <time>2026-08-31T11:06:37.000Z</time>
        <extensions>
          <ns3:TrackPointExtension>
            <ns3:hr>146</ns3:hr>
            <ns3:cad>87</ns3:cad>
          </ns3:TrackPointExtension>
        </extensions>
      </trkpt>
      <trkpt lat="31.2174758501350879669189453125" lon="121.38463295996189117431640625">
        <ele>8.3999996185302734375</ele>
        <time>2026-08-31T11:06:38.000Z</time>
        <extensions>
          <ns3:TrackPointExtension>
            <ns3:hr>145</ns3:hr>
            <ns3:cad>87</ns3:cad>
          </ns3:TrackPointExtension>
        </extensions>
      </trkpt>
      <trkpt lat="31.2174542248249053955078125" lon="121.38462013565003871917724609375">
        <ele>8.3999996185302734375</ele>
        <time>2026-08-31T11:06:39.000Z</time>
        <extensions>
          <ns3:TrackPointExtension>
            <ns3:hr>145</ns3:hr>
            <ns3:cad>87</ns3:cad>
          </ns3:TrackPointExtension>
        </extensions>
      </trkpt>
      <trkpt lat="31.21742882765829563140869140625" lon="121.3846183754503726959228515625">
        <ele>8.3999996185302734375</ele>
        <time>2026-08-31T11:06:40.000Z</time>
        <extensions>
          <ns3:TrackPointExtension>
            <ns3:hr>146</ns3:hr>
            <ns3:cad>88</ns3:cad>
          </ns3:TrackPointExtension>
        </extensions>
      </trkpt>
      <trkpt lat="31.2174024246633052825927734375" lon="121.384610496461391448974609375">
        <ele>8.3999996185302734375</ele>
        <time>2026-08-31T11:06:41.000Z</time>
        <extensions>
          <ns3:TrackPointExtension>
            <ns3:hr>145</ns3:hr>
            <ns3:cad>88</ns3:cad>
          </ns3:TrackPointExtension>
        </extensions>
      </trkpt>
      <trkpt lat="31.21737836860120296478271484375" lon="121.384608484804630279541015625">
        <ele>8.19999980926513671875</ele>
        <time>2026-08-31T11:06:42.000Z</time>
        <extensions>
          <ns3:TrackPointExtension>
            <ns3:hr>146</ns3:hr>
            <ns3:cad>88</ns3:cad>
          </ns3:TrackPointExtension>
        </extensions>
      </trkpt>
      <trkpt lat="31.21734970249235630035400390625" lon="121.38460504822432994842529296875">
        <ele>8.19999980926513671875</ele>
        <time>2026-08-31T11:06:43.000Z</time>
        <extensions>
          <ns3:TrackPointExtension>
            <ns3:hr>146</ns3:hr>
            <ns3:cad>87</ns3:cad>
          </ns3:TrackPointExtension>
        </extensions>
      </trkpt>
      <trkpt lat="31.21732824482023715972900390625" lon="121.38460773043334484100341796875">
        <ele>8.19999980926513671875</ele>
        <time>2026-08-31T11:06:44.000Z</time>
        <extensions>
          <ns3:TrackPointExtension>
            <ns3:hr>146</ns3:hr>
            <ns3:cad>87</ns3:cad>
          </ns3:TrackPointExtension>
        </extensions>
      </trkpt>
      <trkpt lat="31.21730108745396137237548828125" lon="121.38460211455821990966796875">
        <ele>8.3999996185302734375</ele>
        <time>2026-08-31T11:06:45.000Z</time>
        <extensions>
          <ns3:TrackPointExtension>
            <ns3:hr>146</ns3:hr>
            <ns3:cad>87</ns3:cad>
          </ns3:TrackPointExtension>
        </extensions>
      </trkpt>
      <trkpt lat="31.2172797136008739471435546875" lon="121.3845985941588878631591796875">
        <ele>8.6000003814697265625</ele>
        <time>2026-08-31T11:06:46.000Z</time>
        <extensions>
          <ns3:TrackPointExtension>
            <ns3:hr>146</ns3:hr>
            <ns3:cad>88</ns3:cad>
          </ns3:TrackPointExtension>
        </extensions>
      </trkpt>
      <trkpt lat="31.21725515462458133697509765625" lon="121.38458878733217716217041015625">
        <ele>8.6000003814697265625</ele>
        <time>2026-08-31T11:06:47.000Z</time>
        <extensions>
          <ns3:TrackPointExtension>
            <ns3:hr>146</ns3:hr>
            <ns3:cad>88</ns3:cad>
          </ns3:TrackPointExtension>
        </extensions>
      </trkpt>
      <trkpt lat="31.21723403222858905792236328125" lon="121.3845855183899402618408203125">
        <ele>8.6000003814697265625</ele>
        <time>2026-08-31T11:06:48.000Z</time>
        <extensions>
          <ns3:TrackPointExtension>
            <ns3:hr>147</ns3:hr>
            <ns3:cad>88</ns3:cad>
          </ns3:TrackPointExtension>
        </extensions>
      </trkpt>
      <trkpt lat="31.21721106581389904022216796875" lon="121.38458794914186000823974609375">
        <ele>8.6000003814697265625</ele>
        <time>2026-08-31T11:06:49.000Z</time>
        <extensions>
          <ns3:TrackPointExtension>
            <ns3:hr>147</ns3:hr>
            <ns3:cad>87</ns3:cad>
          </ns3:TrackPointExtension>
        </extensions>
      </trkpt>
      <trkpt lat="31.2171858362853527069091796875" lon="121.38458040542900562286376953125">
        <ele>8.3999996185302734375</ele>
        <time>2026-08-31T11:06:50.000Z</time>
        <extensions>
          <ns3:TrackPointExtension>
            <ns3:hr>147</ns3:hr>
            <ns3:cad>86</ns3:cad>
          </ns3:TrackPointExtension>
        </extensions>
      </trkpt>
      <trkpt lat="31.21716395951807498931884765625" lon="121.384570598602294921875">
        <ele>8.3999996185302734375</ele>
        <time>2026-08-31T11:06:51.000Z</time>
        <extensions>
          <ns3:TrackPointExtension>
            <ns3:hr>147</ns3:hr>
            <ns3:cad>86</ns3:cad>
          </ns3:TrackPointExtension>
        </extensions>
      </trkpt>
      <trkpt lat="31.21713931672275066375732421875" lon="121.3845638930797576904296875">
        <ele>8.3999996185302734375</ele>
        <time>2026-08-31T11:06:52.000Z</time>
        <extensions>
          <ns3:TrackPointExtension>
            <ns3:hr>146</ns3:hr>
            <ns3:cad>86</ns3:cad>
          </ns3:TrackPointExtension>
        </extensions>
      </trkpt>
      <trkpt lat="31.21712096035480499267578125" lon="121.38455609790980815887451171875">
        <ele>8.3999996185302734375</ele>
        <time>2026-08-31T11:06:53.000Z</time>
        <extensions>
          <ns3:TrackPointExtension>
            <ns3:hr>147</ns3:hr>
            <ns3:cad>88</ns3:cad>
          </ns3:TrackPointExtension>
        </extensions>
      </trkpt>
      <trkpt lat="31.21709556318819522857666015625" lon="121.38455173932015895843505859375">
        <ele>8.3999996185302734375</ele>
        <time>2026-08-31T11:06:54.000Z</time>
        <extensions>
          <ns3:TrackPointExtension>
            <ns3:hr>147</ns3:hr>
            <ns3:cad>88</ns3:cad>
          </ns3:TrackPointExtension>
        </extensions>
      </trkpt>
      <trkpt lat="31.21707628481090068817138671875" lon="121.38454603962600231170654296875">
        <ele>8.3999996185302734375</ele>
        <time>2026-08-31T11:06:55.000Z</time>
        <extensions>
          <ns3:TrackPointExtension>
            <ns3:hr>147</ns3:hr>
            <ns3:cad>87</ns3:cad>
          </ns3:TrackPointExtension>
        </extensions>
      </trkpt>
      <trkpt lat="31.2170534022152423858642578125" lon="121.38454352505505084991455078125">
        <ele>8.3999996185302734375</ele>
        <time>2026-08-31T11:06:56.000Z</time>
        <extensions>
          <ns3:TrackPointExtension>
            <ns3:hr>147</ns3:hr>
            <ns3:cad>87</ns3:cad>
          </ns3:TrackPointExtension>
        </extensions>
      </trkpt>
      <trkpt lat="31.217033453285694122314453125" lon="121.38454176485538482666015625">
        <ele>8.3999996185302734375</ele>
        <time>2026-08-31T11:06:57.000Z</time>
        <extensions>
          <ns3:TrackPointExtension>
            <ns3:hr>147</ns3:hr>
            <ns3:cad>87</ns3:cad>
          </ns3:TrackPointExtension>
        </extensions>
      </trkpt>
      <trkpt lat="31.217002607882022857666015625" lon="121.38454503379762172698974609375">
        <ele>8.3999996185302734375</ele>
        <time>2026-08-31T11:06:58.000Z</time>
        <extensions>
          <ns3:TrackPointExtension>
            <ns3:hr>147</ns3:hr>
            <ns3:cad>87</ns3:cad>
          </ns3:TrackPointExtension>
        </extensions>
      </trkpt>
      <trkpt lat="31.21697972528636455535888671875" lon="121.384541429579257965087890625">
        <ele>8.3999996185302734375</ele>
        <time>2026-08-31T11:06:59.000Z</time>
        <extensions>
          <ns3:TrackPointExtension>
            <ns3:hr>147</ns3:hr>
            <ns3:cad>88</ns3:cad>
          </ns3:TrackPointExtension>
        </extensions>
      </trkpt>
      <trkpt lat="31.21695558540523052215576171875" lon="121.38454042375087738037109375">
        <ele>8.3999996185302734375</ele>
        <time>2026-08-31T11:07:00.000Z</time>
        <extensions>
          <ns3:TrackPointExtension>
            <ns3:hr>147</ns3:hr>
            <ns3:cad>88</ns3:cad>
          </ns3:TrackPointExtension>
        </extensions>
      </trkpt>
      <trkpt lat="31.21693396009504795074462890625" lon="121.384540088474750518798828125">
        <ele>8.3999996185302734375</ele>
        <time>2026-08-31T11:07:01.000Z</time>
        <extensions>
          <ns3:TrackPointExtension>
            <ns3:hr>147</ns3:hr>
            <ns3:cad>87</ns3:cad>
          </ns3:TrackPointExtension>
        </extensions>
      </trkpt>
      <trkpt lat="31.2169119156897068023681640625" lon="121.38454251922667026519775390625">
        <ele>8.3999996185302734375</ele>
        <time>2026-08-31T11:07:02.000Z</time>
        <extensions>
          <ns3:TrackPointExtension>
            <ns3:hr>148</ns3:hr>
            <ns3:cad>87</ns3:cad>
          </ns3:TrackPointExtension>
        </extensions>
      </trkpt>
      <trkpt lat="31.21688668616116046905517578125" lon="121.3845370709896087646484375">
        <ele>8.6000003814697265625</ele>
        <time>2026-08-31T11:07:03.000Z</time>
        <extensions>
          <ns3:TrackPointExtension>
            <ns3:hr>148</ns3:hr>
            <ns3:cad>86</ns3:cad>
          </ns3:TrackPointExtension>
        </extensions>
      </trkpt>
      <trkpt lat="31.2168646417558193206787109375" lon="121.3845308683812618255615234375">
        <ele>8.6000003814697265625</ele>
        <time>2026-08-31T11:07:04.000Z</time>
        <extensions>
          <ns3:TrackPointExtension>
            <ns3:hr>148</ns3:hr>
            <ns3:cad>86</ns3:cad>
          </ns3:TrackPointExtension>
        </extensions>
      </trkpt>
      <trkpt lat="31.21683991514146327972412109375" lon="121.3845275156199932098388671875">
        <ele>8.6000003814697265625</ele>
        <time>2026-08-31T11:07:05.000Z</time>
        <extensions>
          <ns3:TrackPointExtension>
            <ns3:hr>148</ns3:hr>
            <ns3:cad>88</ns3:cad>
          </ns3:TrackPointExtension>
        </extensions>
      </trkpt>
      <trkpt lat="31.21681896038353443145751953125" lon="121.3845218159258365631103515625">
        <ele>8.6000003814697265625</ele>
        <time>2026-08-31T11:07:06.000Z</time>
        <extensions>
          <ns3:TrackPointExtension>
            <ns3:hr>149</ns3:hr>
            <ns3:cad>88</ns3:cad>
          </ns3:TrackPointExtension>
        </extensions>
      </trkpt>
      <trkpt lat="31.2167917191982269287109375" lon="121.38452089391648769378662109375">
        <ele>8.6000003814697265625</ele>
        <time>2026-08-31T11:07:07.000Z</time>
        <extensions>
          <ns3:TrackPointExtension>
            <ns3:hr>149</ns3:hr>
            <ns3:cad>87</ns3:cad>
          </ns3:TrackPointExtension>
        </extensions>
      </trkpt>
      <trkpt lat="31.2167670764029026031494140625" lon="121.38451519422233104705810546875">
        <ele>8.6000003814697265625</ele>
        <time>2026-08-31T11:07:08.000Z</time>
        <extensions>
          <ns3:TrackPointExtension>
            <ns3:hr>149</ns3:hr>
            <ns3:cad>87</ns3:cad>
          </ns3:TrackPointExtension>
        </extensions>
      </trkpt>
      <trkpt lat="31.21673866175115108489990234375" lon="121.38450848869979381561279296875">
        <ele>8.6000003814697265625</ele>
        <time>2026-08-31T11:07:09.000Z</time>
        <extensions>
          <ns3:TrackPointExtension>
            <ns3:hr>149</ns3:hr>
            <ns3:cad>87</ns3:cad>
          </ns3:TrackPointExtension>
        </extensions>
      </trkpt>
      <trkpt lat="31.21671862900257110595703125" lon="121.384504549205303192138671875">
        <ele>8.6000003814697265625</ele>
        <time>2026-08-31T11:07:10.000Z</time>
        <extensions>
          <ns3:TrackPointExtension>
            <ns3:hr>150</ns3:hr>
            <ns3:cad>87</ns3:cad>
          </ns3:TrackPointExtension>
        </extensions>
      </trkpt>
      <trkpt lat="31.216690801084041595458984375" lon="121.38450044207274913787841796875">
        <ele>8.80000019073486328125</ele>
        <time>2026-08-31T11:07:11.000Z</time>
        <extensions>
          <ns3:TrackPointExtension>
            <ns3:hr>150</ns3:hr>
            <ns3:cad>88</ns3:cad>
          </ns3:TrackPointExtension>
        </extensions>
      </trkpt>
      <trkpt lat="31.216670013964176177978515625" lon="121.384492814540863037109375">
        <ele>8.80000019073486328125</ele>
        <time>2026-08-31T11:07:12.000Z</time>
        <extensions>
          <ns3:TrackPointExtension>
            <ns3:hr>150</ns3:hr>
            <ns3:cad>88</ns3:cad>
          </ns3:TrackPointExtension>
        </extensions>
      </trkpt>
      <trkpt lat="31.2166514061391353607177734375" lon="121.38448686338961124420166015625">
        <ele>8.80000019073486328125</ele>
        <time>2026-08-31T11:07:13.000Z</time>
        <extensions>
          <ns3:TrackPointExtension>
            <ns3:hr>150</ns3:hr>
            <ns3:cad>88</ns3:cad>
          </ns3:TrackPointExtension>
        </extensions>
      </trkpt>
      <trkpt lat="31.21662877500057220458984375" lon="121.38448501937091350555419921875">
        <ele>8.80000019073486328125</ele>
        <time>2026-08-31T11:07:14.000Z</time>
        <extensions>
          <ns3:TrackPointExtension>
            <ns3:hr>151</ns3:hr>
            <ns3:cad>87</ns3:cad>
          </ns3:TrackPointExtension>
        </extensions>
      </trkpt>
      <trkpt lat="31.21661092154681682586669921875" lon="121.3844846002757549285888671875">
        <ele>8.80000019073486328125</ele>
        <time>2026-08-31T11:07:15.000Z</time>
        <extensions>
          <ns3:TrackPointExtension>
            <ns3:hr>150</ns3:hr>
            <ns3:cad>87</ns3:cad>
          </ns3:TrackPointExtension>
        </extensions>
      </trkpt>
      <trkpt lat="31.2165892124176025390625" lon="121.38448434881865978240966796875">
        <ele>9</ele>
        <time>2026-08-31T11:07:16.000Z</time>
        <extensions>
          <ns3:TrackPointExtension>
            <ns3:hr>150</ns3:hr>
            <ns3:cad>87</ns3:cad>
          </ns3:TrackPointExtension>
        </extensions>
      </trkpt>
      <trkpt lat="31.216574795544147491455078125" lon="121.384476386010646820068359375">
        <ele>9</ele>
        <time>2026-08-31T11:07:17.000Z</time>
        <extensions>
          <ns3:TrackPointExtension>
            <ns3:hr>150</ns3:hr>
            <ns3:cad>87</ns3:cad>
          </ns3:TrackPointExtension>
        </extensions>
      </trkpt>
      <trkpt lat="31.21655912138521671295166015625" lon="121.38449977152049541473388671875">
        <ele>9</ele>
        <time>2026-08-31T11:07:18.000Z</time>
        <extensions>
          <ns3:TrackPointExtension>
            <ns3:hr>150</ns3:hr>
            <ns3:cad>88</ns3:cad>
          </ns3:TrackPointExtension>
        </extensions>
      </trkpt>
      <trkpt lat="31.2165427766740322113037109375" lon="121.38451888225972652435302734375">
        <ele>9</ele>
        <time>2026-08-31T11:07:19.000Z</time>
        <extensions>
          <ns3:TrackPointExtension>
            <ns3:hr>151</ns3:hr>
            <ns3:cad>88</ns3:cad>
          </ns3:TrackPointExtension>
        </extensions>
      </trkpt>
      <trkpt lat="31.21652794070541858673095703125" lon="121.38453229330480098724365234375">
        <ele>9</ele>
        <time>2026-08-31T11:07:20.000Z</time>
        <extensions>
          <ns3:TrackPointExtension>
            <ns3:hr>150</ns3:hr>
            <ns3:cad>87</ns3:cad>
          </ns3:TrackPointExtension>
        </extensions>
      </trkpt>
      <trkpt lat="31.21651251800358295440673828125" lon="121.384549476206302642822265625">
        <ele>9</ele>
        <time>2026-08-31T11:07:21.000Z</time>
        <extensions>
          <ns3:TrackPointExtension>
            <ns3:hr>150</ns3:hr>
            <ns3:cad>86</ns3:cad>
          </ns3:TrackPointExtension>
        </extensions>
      </trkpt>
      <trkpt lat="31.21650111861526966094970703125" lon="121.3845650665462017059326171875">
        <ele>9</ele>
        <time>2026-08-31T11:07:22.000Z</time>
        <extensions>
          <ns3:TrackPointExtension>
            <ns3:hr>150</ns3:hr>
            <ns3:cad>85</ns3:cad>
          </ns3:TrackPointExtension>
        </extensions>
      </trkpt>
      <trkpt lat="31.21648116968572139739990234375" lon="121.38458895497024059295654296875">
        <ele>9</ele>
        <time>2026-08-31T11:07:23.000Z</time>
        <extensions>
          <ns3:TrackPointExtension>
            <ns3:hr>151</ns3:hr>
            <ns3:cad>83</ns3:cad>
          </ns3:TrackPointExtension>
        </extensions>
      </trkpt>
      <trkpt lat="31.2164727039635181427001953125" lon="121.38460538350045680999755859375">
        <ele>9</ele>
        <time>2026-08-31T11:07:24.000Z</time>
        <extensions>
          <ns3:TrackPointExtension>
            <ns3:hr>150</ns3:hr>
            <ns3:cad>83</ns3:cad>
          </ns3:TrackPointExtension>
        </extensions>
      </trkpt>
      <trkpt lat="31.2164552696049213409423828125" lon="121.38462985865771770477294921875">
        <ele>9</ele>
        <time>2026-08-31T11:07:25.000Z</time>
        <extensions>
          <ns3:TrackPointExtension>
            <ns3:hr>150</ns3:hr>
            <ns3:cad>84</ns3:cad>
          </ns3:TrackPointExtension>
        </extensions>
      </trkpt>
      <trkpt lat="31.216446720063686370849609375" lon="121.38465215452015399932861328125">
        <ele>9.19999980926513671875</ele>
        <time>2026-08-31T11:07:26.000Z</time>
        <extensions>
          <ns3:TrackPointExtension>
            <ns3:hr>151</ns3:hr>
            <ns3:cad>85</ns3:cad>
          </ns3:TrackPointExtension>
        </extensions>
      </trkpt>
      <trkpt lat="31.21643909253180027008056640625" lon="121.3846703432500362396240234375">
        <ele>9.19999980926513671875</ele>
        <time>2026-08-31T11:07:27.000Z</time>
        <extensions>
          <ns3:TrackPointExtension>
            <ns3:hr>151</ns3:hr>
            <ns3:cad>86</ns3:cad>
          </ns3:TrackPointExtension>
        </extensions>
      </trkpt>
      <trkpt lat="31.21643205173313617706298828125" lon="121.3846991769969463348388671875">
        <ele>9</ele>
        <time>2026-08-31T11:07:28.000Z</time>
        <extensions>
          <ns3:TrackPointExtension>
            <ns3:hr>151</ns3:hr>
            <ns3:cad>86</ns3:cad>
          </ns3:TrackPointExtension>
        </extensions>
      </trkpt>
      <trkpt lat="31.21642450802028179168701171875" lon="121.38472205959260463714599609375">
        <ele>9</ele>
        <time>2026-08-31T11:07:29.000Z</time>
        <extensions>
          <ns3:TrackPointExtension>
            <ns3:hr>151</ns3:hr>
            <ns3:cad>87</ns3:cad>
          </ns3:TrackPointExtension>
        </extensions>
      </trkpt>
      <trkpt lat="31.21641729958355426788330078125" lon="121.38474385254085063934326171875">
        <ele>9</ele>
        <time>2026-08-31T11:07:30.000Z</time>
        <extensions>
          <ns3:TrackPointExtension>
            <ns3:hr>151</ns3:hr>
            <ns3:cad>88</ns3:cad>
          </ns3:TrackPointExtension>
        </extensions>
      </trkpt>
      <trkpt lat="31.21641126461327075958251953125" lon="121.38476514257490634918212890625">
        <ele>9</ele>
        <time>2026-08-31T11:07:31.000Z</time>
        <extensions>
          <ns3:TrackPointExtension>
            <ns3:hr>151</ns3:hr>
            <ns3:cad>88</ns3:cad>
          </ns3:TrackPointExtension>
        </extensions>
      </trkpt>
      <trkpt lat="31.216409504413604736328125" lon="121.3847957365214824676513671875">
        <ele>8.80000019073486328125</ele>
        <time>2026-08-31T11:07:32.000Z</time>
        <extensions>
          <ns3:TrackPointExtension>
            <ns3:hr>151</ns3:hr>
            <ns3:cad>87</ns3:cad>
          </ns3:TrackPointExtension>
        </extensions>
      </trkpt>
      <trkpt lat="31.21640807949006557464599609375" lon="121.38482448644936084747314453125">
        <ele>9</ele>
        <time>2026-08-31T11:07:33.000Z</time>
        <extensions>
          <ns3:TrackPointExtension>
            <ns3:hr>151</ns3:hr>
            <ns3:cad>87</ns3:cad>
          </ns3:TrackPointExtension>
        </extensions>
      </trkpt>
      <trkpt lat="31.21640204451978206634521484375" lon="121.3848523981869220733642578125">
        <ele>9</ele>
        <time>2026-08-31T11:07:34.000Z</time>
        <extensions>
          <ns3:TrackPointExtension>
            <ns3:hr>151</ns3:hr>
            <ns3:cad>87</ns3:cad>
          </ns3:TrackPointExtension>
        </extensions>
      </trkpt>
      <trkpt lat="31.216399781405925750732421875" lon="121.3848751969635486602783203125">
        <ele>9</ele>
        <time>2026-08-31T11:07:35.000Z</time>
        <extensions>
          <ns3:TrackPointExtension>
            <ns3:hr>151</ns3:hr>
            <ns3:cad>88</ns3:cad>
          </ns3:TrackPointExtension>
        </extensions>
      </trkpt>
      <trkpt lat="31.21639215387403964996337890625" lon="121.38490444980561733245849609375">
        <ele>9</ele>
        <time>2026-08-31T11:07:36.000Z</time>
        <extensions>
          <ns3:TrackPointExtension>
            <ns3:hr>151</ns3:hr>
            <ns3:cad>88</ns3:cad>
          </ns3:TrackPointExtension>
        </extensions>
      </trkpt>
      <trkpt lat="31.21639416553080081939697265625" lon="121.38493076898157596588134765625">
        <ele>9</ele>
        <time>2026-08-31T11:07:37.000Z</time>
        <extensions>
          <ns3:TrackPointExtension>
            <ns3:hr>152</ns3:hr>
            <ns3:cad>88</ns3:cad>
          </ns3:TrackPointExtension>
        </extensions>
      </trkpt>
      <trkpt lat="31.216391734778881072998046875" lon="121.384964548051357269287109375">
        <ele>8.80000019073486328125</ele>
        <time>2026-08-31T11:07:38.000Z</time>
        <extensions>
          <ns3:TrackPointExtension>
            <ns3:hr>151</ns3:hr>
            <ns3:cad>87</ns3:cad>
          </ns3:TrackPointExtension>
        </extensions>
      </trkpt>
      <trkpt lat="31.21639098040759563446044921875" lon="121.38499011285603046417236328125">
        <ele>8.80000019073486328125</ele>
        <time>2026-08-31T11:07:39.000Z</time>
        <extensions>
          <ns3:TrackPointExtension>
            <ns3:hr>151</ns3:hr>
            <ns3:cad>86</ns3:cad>
          </ns3:TrackPointExtension>
        </extensions>
      </trkpt>
      <trkpt lat="31.2163848616182804107666015625" lon="121.38501785695552825927734375">
        <ele>8.80000019073486328125</ele>
        <time>2026-08-31T11:07:40.000Z</time>
        <extensions>
          <ns3:TrackPointExtension>
            <ns3:hr>152</ns3:hr>
            <ns3:cad>86</ns3:cad>
          </ns3:TrackPointExtension>
        </extensions>
      </trkpt>
      <trkpt lat="31.21638209559023380279541015625" lon="121.3850448466837406158447265625">
        <ele>8.80000019073486328125</ele>
        <time>2026-08-31T11:07:41.000Z</time>
        <extensions>
          <ns3:TrackPointExtension>
            <ns3:hr>151</ns3:hr>
            <ns3:cad>87</ns3:cad>
          </ns3:TrackPointExtension>
        </extensions>
      </trkpt>
      <trkpt lat="31.21638067066669464111328125" lon="121.38506974093616008758544921875">
        <ele>8.80000019073486328125</ele>
        <time>2026-08-31T11:07:42.000Z</time>
        <extensions>
          <ns3:TrackPointExtension>
            <ns3:hr>152</ns3:hr>
            <ns3:cad>88</ns3:cad>
          </ns3:TrackPointExtension>
        </extensions>
      </trkpt>
      <trkpt lat="31.21637421660125255584716796875" lon="121.38509673066437244415283203125">
        <ele>8.80000019073486328125</ele>
        <time>2026-08-31T11:07:43.000Z</time>
        <extensions>
          <ns3:TrackPointExtension>
            <ns3:hr>152</ns3:hr>
            <ns3:cad>88</ns3:cad>
          </ns3:TrackPointExtension>
        </extensions>
      </trkpt>
      <trkpt lat="31.216372288763523101806640625" lon="121.3851199485361576080322265625">
        <ele>8.80000019073486328125</ele>
        <time>2026-08-31T11:07:44.000Z</time>
        <extensions>
          <ns3:TrackPointExtension>
            <ns3:hr>152</ns3:hr>
            <ns3:cad>87</ns3:cad>
          </ns3:TrackPointExtension>
        </extensions>
      </trkpt>
      <trkpt lat="31.216368936002254486083984375" lon="121.385142914950847625732421875">
        <ele>8.80000019073486328125</ele>
        <time>2026-08-31T11:07:45.000Z</time>
        <extensions>
          <ns3:TrackPointExtension>
            <ns3:hr>152</ns3:hr>
            <ns3:cad>87</ns3:cad>
          </ns3:TrackPointExtension>
        </extensions>
      </trkpt>
      <trkpt lat="31.2163657508790493011474609375" lon="121.38516562990844249725341796875">
        <ele>8.80000019073486328125</ele>
        <time>2026-08-31T11:07:46.000Z</time>
        <extensions>
          <ns3:TrackPointExtension>
            <ns3:hr>151</ns3:hr>
            <ns3:cad>87</ns3:cad>
          </ns3:TrackPointExtension>
        </extensions>
      </trkpt>
      <trkpt lat="31.216360218822956085205078125" lon="121.38518792577087879180908203125">
        <ele>8.80000019073486328125</ele>
        <time>2026-08-31T11:07:47.000Z</time>
        <extensions>
          <ns3:TrackPointExtension>
            <ns3:hr>152</ns3:hr>
            <ns3:cad>87</ns3:cad>
          </ns3:TrackPointExtension>
        </extensions>
      </trkpt>
      <trkpt lat="31.21635896153748035430908203125" lon="121.38520753942430019378662109375">
        <ele>8.80000019073486328125</ele>
        <time>2026-08-31T11:07:48.000Z</time>
        <extensions>
          <ns3:TrackPointExtension>
            <ns3:hr>152</ns3:hr>
            <ns3:cad>88</ns3:cad>
          </ns3:TrackPointExtension>
        </extensions>
      </trkpt>
      <trkpt lat="31.21634982526302337646484375" lon="121.3852352835237979888916015625">
        <ele>8.80000019073486328125</ele>
        <time>2026-08-31T11:07:49.000Z</time>
        <extensions>
          <ns3:TrackPointExtension>
            <ns3:hr>151</ns3:hr>
            <ns3:cad>88</ns3:cad>
          </ns3:TrackPointExtension>
        </extensions>
      </trkpt>
      <trkpt lat="31.21634580194950103759765625" lon="121.3852587528526782989501953125">
        <ele>8.80000019073486328125</ele>
        <time>2026-08-31T11:07:50.000Z</time>
        <extensions>
          <ns3:TrackPointExtension>
            <ns3:hr>152</ns3:hr>
            <ns3:cad>88</ns3:cad>
          </ns3:TrackPointExtension>
        </extensions>
      </trkpt>
      <trkpt lat="31.2163402698934078216552734375" lon="121.3852882571518421173095703125">
        <ele>8.80000019073486328125</ele>
        <time>2026-08-31T11:07:51.000Z</time>
        <extensions>
          <ns3:TrackPointExtension>
            <ns3:hr>151</ns3:hr>
            <ns3:cad>87</ns3:cad>
          </ns3:TrackPointExtension>
        </extensions>
      </trkpt>
      <trkpt lat="31.21633700095117092132568359375" lon="121.38531365431845188140869140625">
        <ele>8.80000019073486328125</ele>
        <time>2026-08-31T11:07:52.000Z</time>
        <extensions>
          <ns3:TrackPointExtension>
            <ns3:hr>151</ns3:hr>
            <ns3:cad>87</ns3:cad>
          </ns3:TrackPointExtension>
        </extensions>
      </trkpt>
      <trkpt lat="31.2163330614566802978515625" lon="121.38534466736018657684326171875">
        <ele>8.6000003814697265625</ele>
        <time>2026-08-31T11:07:53.000Z</time>
        <extensions>
          <ns3:TrackPointExtension>
            <ns3:hr>151</ns3:hr>
            <ns3:cad>88</ns3:cad>
          </ns3:TrackPointExtension>
        </extensions>
      </trkpt>
      <trkpt lat="31.21633079834282398223876953125" lon="121.3853685557842254638671875">
        <ele>8.80000019073486328125</ele>
        <time>2026-08-31T11:07:54.000Z</time>
        <extensions>
          <ns3:TrackPointExtension>
            <ns3:hr>152</ns3:hr>
            <ns3:cad>89</ns3:cad>
          </ns3:TrackPointExtension>
        </extensions>
      </trkpt>
      <trkpt lat="31.21632979251444339752197265625" lon="121.38539009727537631988525390625">
        <ele>8.80000019073486328125</ele>
        <time>2026-08-31T11:07:55.000Z</time>
        <extensions>
          <ns3:TrackPointExtension>
            <ns3:hr>151</ns3:hr>
            <ns3:cad>89</ns3:cad>
          </ns3:TrackPointExtension>
        </extensions>
      </trkpt>
      <trkpt lat="31.21633448638021945953369140625" lon="121.3854190148413181304931640625">
        <ele>8.6000003814697265625</ele>
        <time>2026-08-31T11:07:56.000Z</time>
        <extensions>
          <ns3:TrackPointExtension>
            <ns3:hr>152</ns3:hr>
            <ns3:cad>88</ns3:cad>
          </ns3:TrackPointExtension>
        </extensions>
      </trkpt>
      <trkpt lat="31.216334402561187744140625" lon="121.38544240035116672515869140625">
        <ele>8.6000003814697265625</ele>
        <time>2026-08-31T11:07:57.000Z</time>
        <extensions>
          <ns3:TrackPointExtension>
            <ns3:hr>152</ns3:hr>
            <ns3:cad>87</ns3:cad>
          </ns3:TrackPointExtension>
        </extensions>
      </trkpt>
      <trkpt lat="31.2163231708109378814697265625" lon="121.3854770176112651824951171875">
        <ele>8.6000003814697265625</ele>
        <time>2026-08-31T11:07:58.000Z</time>
        <extensions>
          <ns3:TrackPointExtension>
            <ns3:hr>152</ns3:hr>
            <ns3:cad>86</ns3:cad>
          </ns3:TrackPointExtension>
        </extensions>
      </trkpt>
      <trkpt lat="31.216315962374210357666015625" lon="121.38550207950174808502197265625">
        <ele>8.6000003814697265625</ele>
        <time>2026-08-31T11:07:59.000Z</time>
        <extensions>
          <ns3:TrackPointExtension>
            <ns3:hr>151</ns3:hr>
            <ns3:cad>85</ns3:cad>
          </ns3:TrackPointExtension>
        </extensions>
      </trkpt>
      <trkpt lat="31.21630288660526275634765625" lon="121.3855313323438167572021484375">
        <ele>8.6000003814697265625</ele>
        <time>2026-08-31T11:08:00.000Z</time>
        <extensions>
          <ns3:TrackPointExtension>
            <ns3:hr>151</ns3:hr>
            <ns3:cad>85</ns3:cad>
          </ns3:TrackPointExtension>
        </extensions>
      </trkpt>
      <trkpt lat="31.21629257686436176300048828125" lon="121.38555555604398250579833984375">
        <ele>8.6000003814697265625</ele>
        <time>2026-08-31T11:08:01.000Z</time>
        <extensions>
          <ns3:TrackPointExtension>
            <ns3:hr>151</ns3:hr>
            <ns3:cad>85</ns3:cad>
          </ns3:TrackPointExtension>
        </extensions>
      </trkpt>
      <trkpt lat="31.216286458075046539306640625" lon="121.3855822943150997161865234375">
        <ele>8.6000003814697265625</ele>
        <time>2026-08-31T11:08:02.000Z</time>
        <extensions>
          <ns3:TrackPointExtension>
            <ns3:hr>151</ns3:hr>
            <ns3:cad>85</ns3:cad>
          </ns3:TrackPointExtension>
        </extensions>
      </trkpt>
      <trkpt lat="31.21627866290509700775146484375" lon="121.3856050930917263031005859375">
        <ele>8.6000003814697265625</ele>
        <time>2026-08-31T11:08:03.000Z</time>
        <extensions>
          <ns3:TrackPointExtension>
            <ns3:hr>152</ns3:hr>
            <ns3:cad>85</ns3:cad>
          </ns3:TrackPointExtension>
        </extensions>
      </trkpt>
      <trkpt lat="31.2162762321531772613525390625" lon="121.38562847860157489776611328125">
        <ele>8.6000003814697265625</ele>
        <time>2026-08-31T11:08:04.000Z</time>
        <extensions>
          <ns3:TrackPointExtension>
            <ns3:hr>151</ns3:hr>
            <ns3:cad>86</ns3:cad>
          </ns3:TrackPointExtension>
        </extensions>
      </trkpt>
      <trkpt lat="31.21627204120159149169921875" lon="121.3856550492346286773681640625">
        <ele>8.3999996185302734375</ele>
        <time>2026-08-31T11:08:05.000Z</time>
        <extensions>
          <ns3:TrackPointExtension>
            <ns3:hr>151</ns3:hr>
            <ns3:cad>86</ns3:cad>
          </ns3:TrackPointExtension>
        </extensions>
      </trkpt>
      <trkpt lat="31.21627229265868663787841796875" lon="121.38567860238254070281982421875">
        <ele>8.3999996185302734375</ele>
        <time>2026-08-31T11:08:06.000Z</time>
        <extensions>
          <ns3:TrackPointExtension>
            <ns3:hr>151</ns3:hr>
            <ns3:cad>88</ns3:cad>
          </ns3:TrackPointExtension>
        </extensions>
      </trkpt>
      <trkpt lat="31.216260306537151336669921875" lon="121.38570609502494335174560546875">
        <ele>8.3999996185302734375</ele>
        <time>2026-08-31T11:08:07.000Z</time>
        <extensions>
          <ns3:TrackPointExtension>
            <ns3:hr>151</ns3:hr>
            <ns3:cad>88</ns3:cad>
          </ns3:TrackPointExtension>
        </extensions>
      </trkpt>
      <trkpt lat="31.21625787578523159027099609375" lon="121.3857267983257770538330078125">
        <ele>8.3999996185302734375</ele>
        <time>2026-08-31T11:08:08.000Z</time>
        <extensions>
          <ns3:TrackPointExtension>
            <ns3:hr>151</ns3:hr>
            <ns3:cad>88</ns3:cad>
          </ns3:TrackPointExtension>
        </extensions>
      </trkpt>
      <trkpt lat="31.21624899096786975860595703125" lon="121.38575588352978229522705078125">
        <ele>8.3999996185302734375</ele>
        <time>2026-08-31T11:08:09.000Z</time>
        <extensions>
          <ns3:TrackPointExtension>
            <ns3:hr>150</ns3:hr>
            <ns3:cad>87</ns3:cad>
          </ns3:TrackPointExtension>
        </extensions>
      </trkpt>
      <trkpt lat="31.2162450514733791351318359375" lon="121.38577667064964771270751953125">
        <ele>8.3999996185302734375</ele>
        <time>2026-08-31T11:08:10.000Z</time>
        <extensions>
          <ns3:TrackPointExtension>
            <ns3:hr>150</ns3:hr>
            <ns3:cad>87</ns3:cad>
          </ns3:TrackPointExtension>
        </extensions>
      </trkpt>
      <trkpt lat="31.21623675338923931121826171875" lon="121.385802067816257476806640625">
        <ele>8.3999996185302734375</ele>
        <time>2026-08-31T11:08:11.000Z</time>
        <extensions>
          <ns3:TrackPointExtension>
            <ns3:hr>150</ns3:hr>
            <ns3:cad>86</ns3:cad>
          </ns3:TrackPointExtension>
        </extensions>
      </trkpt>
      <trkpt lat="31.2162276171147823333740234375" lon="121.3858303986489772796630859375">
        <ele>8.3999996185302734375</ele>
        <time>2026-08-31T11:08:12.000Z</time>
        <extensions>
          <ns3:TrackPointExtension>
            <ns3:hr>150</ns3:hr>
            <ns3:cad>86</ns3:cad>
          </ns3:TrackPointExtension>
        </extensions>
      </trkpt>
      <trkpt lat="31.21621906757354736328125" lon="121.385866105556488037109375">
        <ele>8.3999996185302734375</ele>
        <time>2026-08-31T11:08:13.000Z</time>
        <extensions>
          <ns3:TrackPointExtension>
            <ns3:hr>150</ns3:hr>
            <ns3:cad>88</ns3:cad>
          </ns3:TrackPointExtension>
        </extensions>
      </trkpt>
      <trkpt lat="31.2162158824503421783447265625" lon="121.38589896261692047119140625">
        <ele>8.3999996185302734375</ele>
        <time>2026-08-31T11:08:14.000Z</time>
        <extensions>
          <ns3:TrackPointExtension>
            <ns3:hr>150</ns3:hr>
            <ns3:cad>88</ns3:cad>
          </ns3:TrackPointExtension>
        </extensions>
      </trkpt>
      <trkpt lat="31.216215379536151885986328125" lon="121.38592804782092571258544921875">
        <ele>8.19999980926513671875</ele>
        <time>2026-08-31T11:08:15.000Z</time>
        <extensions>
          <ns3:TrackPointExtension>
            <ns3:hr>150</ns3:hr>
            <ns3:cad>87</ns3:cad>
          </ns3:TrackPointExtension>
        </extensions>
      </trkpt>
      <trkpt lat="31.21620775200426578521728515625" lon="121.3859559595584869384765625">
        <ele>8.19999980926513671875</ele>
        <time>2026-08-31T11:08:16.000Z</time>
        <extensions>
          <ns3:TrackPointExtension>
            <ns3:hr>150</ns3:hr>
            <ns3:cad>87</ns3:cad>
          </ns3:TrackPointExtension>
        </extensions>
      </trkpt>
      <trkpt lat="31.21619920246303081512451171875" lon="121.38598035089671611785888671875">
        <ele>8.19999980926513671875</ele>
        <time>2026-08-31T11:08:17.000Z</time>
        <extensions>
          <ns3:TrackPointExtension>
            <ns3:hr>150</ns3:hr>
            <ns3:cad>87</ns3:cad>
          </ns3:TrackPointExtension>
        </extensions>
      </trkpt>
      <trkpt lat="31.21618528850376605987548828125" lon="121.38600968755781650543212890625">
        <ele>8.19999980926513671875</ele>
        <time>2026-08-31T11:08:18.000Z</time>
        <extensions>
          <ns3:TrackPointExtension>
            <ns3:hr>150</ns3:hr>
            <ns3:cad>87</ns3:cad>
          </ns3:TrackPointExtension>
        </extensions>
      </trkpt>
      <trkpt lat="31.21618646197021007537841796875" lon="121.38603181578218936920166015625">
        <ele>8.19999980926513671875</ele>
        <time>2026-08-31T11:08:19.000Z</time>
        <extensions>
          <ns3:TrackPointExtension>
            <ns3:hr>150</ns3:hr>
            <ns3:cad>88</ns3:cad>
          </ns3:TrackPointExtension>
        </extensions>
      </trkpt>
      <trkpt lat="31.2161756493151187896728515625" lon="121.3860587216913700103759765625">
        <ele>8.19999980926513671875</ele>
        <time>2026-08-31T11:08:20.000Z</time>
        <extensions>
          <ns3:TrackPointExtension>
            <ns3:hr>150</ns3:hr>
            <ns3:cad>88</ns3:cad>
          </ns3:TrackPointExtension>
        </extensions>
      </trkpt>
      <trkpt lat="31.2161712907254695892333984375" lon="121.386081017553806304931640625">
        <ele>8.19999980926513671875</ele>
        <time>2026-08-31T11:08:21.000Z</time>
        <extensions>
          <ns3:TrackPointExtension>
            <ns3:hr>150</ns3:hr>
            <ns3:cad>88</ns3:cad>
          </ns3:TrackPointExtension>
        </extensions>
      </trkpt>
      <trkpt lat="31.21616248972713947296142578125" lon="121.38610658235847949981689453125">
        <ele>8.19999980926513671875</ele>
        <time>2026-08-31T11:08:22.000Z</time>
        <extensions>
          <ns3:TrackPointExtension>
            <ns3:hr>150</ns3:hr>
            <ns3:cad>87</ns3:cad>
          </ns3:TrackPointExtension>
        </extensions>
      </trkpt>
      <trkpt lat="31.21615427546203136444091796875" lon="121.3861227594316005706787109375">
        <ele>8.19999980926513671875</ele>
        <time>2026-08-31T11:08:23.000Z</time>
        <extensions>
          <ns3:TrackPointExtension>
            <ns3:hr>150</ns3:hr>
            <ns3:cad>87</ns3:cad>
          </ns3:TrackPointExtension>
        </extensions>
      </trkpt>
      <trkpt lat="31.2161453068256378173828125" lon="121.38614983297884464263916015625">
        <ele>8.19999980926513671875</ele>
        <time>2026-08-31T11:08:24.000Z</time>
        <extensions>
          <ns3:TrackPointExtension>
            <ns3:hr>150</ns3:hr>
            <ns3:cad>87</ns3:cad>
          </ns3:TrackPointExtension>
        </extensions>
      </trkpt>
      <trkpt lat="31.21614136733114719390869140625" lon="121.38616927899420261383056640625">
        <ele>8.19999980926513671875</ele>
        <time>2026-08-31T11:08:25.000Z</time>
        <extensions>
          <ns3:TrackPointExtension>
            <ns3:hr>149</ns3:hr>
            <ns3:cad>88</ns3:cad>
          </ns3:TrackPointExtension>
        </extensions>
      </trkpt>
      <trkpt lat="31.21613432653248310089111328125" lon="121.38619844801723957061767578125">
        <ele>8.19999980926513671875</ele>
        <time>2026-08-31T11:08:26.000Z</time>
        <extensions>
          <ns3:TrackPointExtension>
            <ns3:hr>149</ns3:hr>
            <ns3:cad>88</ns3:cad>
          </ns3:TrackPointExtension>
        </extensions>
      </trkpt>
      <trkpt lat="31.21612720191478729248046875" lon="121.38622577302157878875732421875">
        <ele>8.19999980926513671875</ele>
        <time>2026-08-31T11:08:27.000Z</time>
        <extensions>
          <ns3:TrackPointExtension>
            <ns3:hr>149</ns3:hr>
            <ns3:cad>88</ns3:cad>
          </ns3:TrackPointExtension>
        </extensions>
      </trkpt>
      <trkpt lat="31.21612644754350185394287109375" lon="121.386252678930759429931640625">
        <ele>8.19999980926513671875</ele>
        <time>2026-08-31T11:08:28.000Z</time>
        <extensions>
          <ns3:TrackPointExtension>
            <ns3:hr>148</ns3:hr>
            <ns3:cad>87</ns3:cad>
          </ns3:TrackPointExtension>
        </extensions>
      </trkpt>
      <trkpt lat="31.21611823327839374542236328125" lon="121.3862831890583038330078125">
        <ele>8.19999980926513671875</ele>
        <time>2026-08-31T11:08:29.000Z</time>
        <extensions>
          <ns3:TrackPointExtension>
            <ns3:hr>148</ns3:hr>
            <ns3:cad>87</ns3:cad>
          </ns3:TrackPointExtension>
        </extensions>
      </trkpt>
      <trkpt lat="31.2161142937839031219482421875" lon="121.38631210662424564361572265625">
        <ele>8.19999980926513671875</ele>
        <time>2026-08-31T11:08:30.000Z</time>
        <extensions>
          <ns3:TrackPointExtension>
            <ns3:hr>148</ns3:hr>
            <ns3:cad>87</ns3:cad>
          </ns3:TrackPointExtension>
        </extensions>
      </trkpt>
      <trkpt lat="31.2161082588136196136474609375" lon="121.386343874037265777587890625">
        <ele>8.19999980926513671875</ele>
        <time>2026-08-31T11:08:31.000Z</time>
        <extensions>
          <ns3:TrackPointExtension>
            <ns3:hr>149</ns3:hr>
            <ns3:cad>88</ns3:cad>
          </ns3:TrackPointExtension>
        </extensions>
      </trkpt>
      <trkpt lat="31.21611110866069793701171875" lon="121.3863717019557952880859375">
        <ele>8.19999980926513671875</ele>
        <time>2026-08-31T11:08:32.000Z</time>
        <extensions>
          <ns3:TrackPointExtension>
            <ns3:hr>148</ns3:hr>
            <ns3:cad>88</ns3:cad>
          </ns3:TrackPointExtension>
        </extensions>
      </trkpt>
      <trkpt lat="31.21610197238624095916748046875" lon="121.386399529874324798583984375">
        <ele>8.19999980926513671875</ele>
        <time>2026-08-31T11:08:33.000Z</time>
        <extensions>
          <ns3:TrackPointExtension>
            <ns3:hr>148</ns3:hr>
            <ns3:cad>88</ns3:cad>
          </ns3:TrackPointExtension>
        </extensions>
      </trkpt>
      <trkpt lat="31.21609903872013092041015625" lon="121.38641872443258762359619140625">
        <ele>8.3999996185302734375</ele>
        <time>2026-08-31T11:08:34.000Z</time>
        <extensions>
          <ns3:TrackPointExtension>
            <ns3:hr>148</ns3:hr>
            <ns3:cad>88</ns3:cad>
          </ns3:TrackPointExtension>
        </extensions>
      </trkpt>
      <trkpt lat="31.21609023772180080413818359375" lon="121.386449821293354034423828125">
        <ele>8.3999996185302734375</ele>
        <time>2026-08-31T11:08:35.000Z</time>
        <extensions>
          <ns3:TrackPointExtension>
            <ns3:hr>148</ns3:hr>
            <ns3:cad>88</ns3:cad>
          </ns3:TrackPointExtension>
        </extensions>
      </trkpt>
      <trkpt lat="31.2160894833505153656005859375" lon="121.3864690996706485748291015625">
        <ele>8.3999996185302734375</ele>
        <time>2026-08-31T11:08:36.000Z</time>
        <extensions>
          <ns3:TrackPointExtension>
            <ns3:hr>148</ns3:hr>
            <ns3:cad>88</ns3:cad>
          </ns3:TrackPointExtension>
        </extensions>
      </trkpt>
      <trkpt lat="31.2160847894847393035888671875" lon="121.38649667613208293914794921875">
        <ele>8.19999980926513671875</ele>
        <time>2026-08-31T11:08:37.000Z</time>
        <extensions>
          <ns3:TrackPointExtension>
            <ns3:hr>149</ns3:hr>
            <ns3:cad>88</ns3:cad>
          </ns3:TrackPointExtension>
        </extensions>
      </trkpt>
      <trkpt lat="31.21608202345669269561767578125" lon="121.3865200616419315338134765625">
        <ele>8.19999980926513671875</ele>
        <time>2026-08-31T11:08:38.000Z</time>
        <extensions>
          <ns3:TrackPointExtension>
            <ns3:hr>148</ns3:hr>
            <ns3:cad>89</ns3:cad>
          </ns3:TrackPointExtension>
        </extensions>
      </trkpt>
      <trkpt lat="31.2160733900964260101318359375" lon="121.38654939830303192138671875">
        <ele>8.19999980926513671875</ele>
        <time>2026-08-31T11:08:39.000Z</time>
        <extensions>
          <ns3:TrackPointExtension>
            <ns3:hr>148</ns3:hr>
            <ns3:cad>89</ns3:cad>
          </ns3:TrackPointExtension>
        </extensions>
      </trkpt>
      <trkpt lat="31.216066181659698486328125" lon="121.38656792230904102325439453125">
        <ele>8.19999980926513671875</ele>
        <time>2026-08-31T11:08:40.000Z</time>
        <extensions>
          <ns3:TrackPointExtension>
            <ns3:hr>148</ns3:hr>
            <ns3:cad>88</ns3:cad>
          </ns3:TrackPointExtension>
        </extensions>
      </trkpt>
      <trkpt lat="31.216057799756526947021484375" lon="121.386600024998188018798828125">
        <ele>8.19999980926513671875</ele>
        <time>2026-08-31T11:08:41.000Z</time>
        <extensions>
          <ns3:TrackPointExtension>
            <ns3:hr>148</ns3:hr>
            <ns3:cad>87</ns3:cad>
          </ns3:TrackPointExtension>
        </extensions>
      </trkpt>
      <trkpt lat="31.21604849584400653839111328125" lon="121.386626176536083221435546875">
        <ele>8</ele>
        <time>2026-08-31T11:08:42.000Z</time>
        <extensions>
          <ns3:TrackPointExtension>
            <ns3:hr>148</ns3:hr>
            <ns3:cad>87</ns3:cad>
          </ns3:TrackPointExtension>
        </extensions>
      </trkpt>
      <trkpt lat="31.216042377054691314697265625" lon="121.38665207661688327789306640625">
        <ele>8</ele>
        <time>2026-08-31T11:08:43.000Z</time>
        <extensions>
          <ns3:TrackPointExtension>
            <ns3:hr>149</ns3:hr>
            <ns3:cad>87</ns3:cad>
          </ns3:TrackPointExtension>
        </extensions>
      </trkpt>
      <trkpt lat="31.21603910811245441436767578125" lon="121.38668074272572994232177734375">
        <ele>8</ele>
        <time>2026-08-31T11:08:44.000Z</time>
        <extensions>
          <ns3:TrackPointExtension>
            <ns3:hr>148</ns3:hr>
            <ns3:cad>88</ns3:cad>
          </ns3:TrackPointExtension>
        </extensions>
      </trkpt>
      <trkpt lat="31.2160375155508518218994140625" lon="121.386702954769134521484375">
        <ele>8</ele>
        <time>2026-08-31T11:08:45.000Z</time>
        <extensions>
          <ns3:TrackPointExtension>
            <ns3:hr>148</ns3:hr>
            <ns3:cad>88</ns3:cad>
          </ns3:TrackPointExtension>
        </extensions>
      </trkpt>
      <trkpt lat="31.21603223495185375213623046875" lon="121.38672717846930027008056640625">
        <ele>8</ele>
        <time>2026-08-31T11:08:46.000Z</time>
        <extensions>
          <ns3:TrackPointExtension>
            <ns3:hr>148</ns3:hr>
            <ns3:cad>88</ns3:cad>
          </ns3:TrackPointExtension>
        </extensions>
      </trkpt>
      <trkpt lat="31.2160284630954265594482421875" lon="121.38674318790435791015625">
        <ele>8</ele>
        <time>2026-08-31T11:08:47.000Z</time>
        <extensions>
          <ns3:TrackPointExtension>
            <ns3:hr>148</ns3:hr>
            <ns3:cad>87</ns3:cad>
          </ns3:TrackPointExtension>
        </extensions>
      </trkpt>
      <trkpt lat="31.216012537479400634765625" lon="121.38676875270903110504150390625">
        <ele>8</ele>
        <time>2026-08-31T11:08:48.000Z</time>
        <extensions>
          <ns3:TrackPointExtension>
            <ns3:hr>148</ns3:hr>
            <ns3:cad>87</ns3:cad>
          </ns3:TrackPointExtension>
        </extensions>
      </trkpt>
      <trkpt lat="31.2160096876323223114013671875" lon="121.38678870163857936859130859375">
        <ele>8</ele>
        <time>2026-08-31T11:08:49.000Z</time>
        <extensions>
          <ns3:TrackPointExtension>
            <ns3:hr>148</ns3:hr>
            <ns3:cad>87</ns3:cad>
          </ns3:TrackPointExtension>
        </extensions>
      </trkpt>
      <trkpt lat="31.21600558049976825714111328125" lon="121.386813260614871978759765625">
        <ele>8</ele>
        <time>2026-08-31T11:08:50.000Z</time>
        <extensions>
          <ns3:TrackPointExtension>
            <ns3:hr>148</ns3:hr>
            <ns3:cad>88</ns3:cad>
          </ns3:TrackPointExtension>
        </extensions>
      </trkpt>
      <trkpt lat="31.2160004675388336181640625" lon="121.3868389092385768890380859375">
        <ele>8</ele>
        <time>2026-08-31T11:08:51.000Z</time>
        <extensions>
          <ns3:TrackPointExtension>
            <ns3:hr>148</ns3:hr>
            <ns3:cad>88</ns3:cad>
          </ns3:TrackPointExtension>
        </extensions>
      </trkpt>
      <trkpt lat="31.21599619276821613311767578125" lon="121.38686656951904296875">
        <ele>8.19999980926513671875</ele>
        <time>2026-08-31T11:08:52.000Z</time>
        <extensions>
          <ns3:TrackPointExtension>
            <ns3:hr>148</ns3:hr>
            <ns3:cad>88</ns3:cad>
          </ns3:TrackPointExtension>
        </extensions>
      </trkpt>
      <trkpt lat="31.2159902416169643402099609375" lon="121.3868898712098598480224609375">
        <ele>8.19999980926513671875</ele>
        <time>2026-08-31T11:08:53.000Z</time>
        <extensions>
          <ns3:TrackPointExtension>
            <ns3:hr>148</ns3:hr>
            <ns3:cad>87</ns3:cad>
          </ns3:TrackPointExtension>
        </extensions>
      </trkpt>
      <trkpt lat="31.21598294936120510101318359375" lon="121.38691845349967479705810546875">
        <ele>8.19999980926513671875</ele>
        <time>2026-08-31T11:08:54.000Z</time>
        <extensions>
          <ns3:TrackPointExtension>
            <ns3:hr>148</ns3:hr>
            <ns3:cad>87</ns3:cad>
          </ns3:TrackPointExtension>
        </extensions>
      </trkpt>
      <trkpt lat="31.21597507037222385406494140625" lon="121.3869416713714599609375">
        <ele>8.19999980926513671875</ele>
        <time>2026-08-31T11:08:55.000Z</time>
        <extensions>
          <ns3:TrackPointExtension>
            <ns3:hr>148</ns3:hr>
            <ns3:cad>87</ns3:cad>
          </ns3:TrackPointExtension>
        </extensions>
      </trkpt>
      <trkpt lat="31.215970627963542938232421875" lon="121.3869706727564334869384765625">
        <ele>8.19999980926513671875</ele>
        <time>2026-08-31T11:08:56.000Z</time>
        <extensions>
          <ns3:TrackPointExtension>
            <ns3:hr>149</ns3:hr>
            <ns3:cad>88</ns3:cad>
          </ns3:TrackPointExtension>
        </extensions>
      </trkpt>
      <trkpt lat="31.21596668846905231475830078125" lon="121.3870008476078510284423828125">
        <ele>8.19999980926513671875</ele>
        <time>2026-08-31T11:08:57.000Z</time>
        <extensions>
          <ns3:TrackPointExtension>
            <ns3:hr>148</ns3:hr>
            <ns3:cad>88</ns3:cad>
          </ns3:TrackPointExtension>
        </extensions>
      </trkpt>
      <trkpt lat="31.21596685610711574554443359375" lon="121.38702490366995334625244140625">
        <ele>8.19999980926513671875</ele>
        <time>2026-08-31T11:08:58.000Z</time>
        <extensions>
          <ns3:TrackPointExtension>
            <ns3:hr>148</ns3:hr>
            <ns3:cad>88</ns3:cad>
          </ns3:TrackPointExtension>
        </extensions>
      </trkpt>
      <trkpt lat="31.2159644253551959991455078125" lon="121.38705977238714694976806640625">
        <ele>8.19999980926513671875</ele>
        <time>2026-08-31T11:08:59.000Z</time>
        <extensions>
          <ns3:TrackPointExtension>
            <ns3:hr>149</ns3:hr>
            <ns3:cad>87</ns3:cad>
          </ns3:TrackPointExtension>
        </extensions>
      </trkpt>
      <trkpt lat="31.21596048586070537567138671875" lon="121.38708315789699554443359375">
        <ele>8.19999980926513671875</ele>
        <time>2026-08-31T11:09:00.000Z</time>
        <extensions>
          <ns3:TrackPointExtension>
            <ns3:hr>148</ns3:hr>
            <ns3:cad>87</ns3:cad>
          </ns3:TrackPointExtension>
        </extensions>
      </trkpt>
      <trkpt lat="31.215963922441005706787109375" lon="121.3871173560619354248046875">
        <ele>8.19999980926513671875</ele>
        <time>2026-08-31T11:09:01.000Z</time>
        <extensions>
          <ns3:TrackPointExtension>
            <ns3:hr>148</ns3:hr>
            <ns3:cad>86</ns3:cad>
          </ns3:TrackPointExtension>
        </extensions>
      </trkpt>
      <trkpt lat="31.2159629166126251220703125" lon="121.38714258559048175811767578125">
        <ele>8.19999980926513671875</ele>
        <time>2026-08-31T11:09:02.000Z</time>
        <extensions>
          <ns3:TrackPointExtension>
            <ns3:hr>149</ns3:hr>
            <ns3:cad>86</ns3:cad>
          </ns3:TrackPointExtension>
        </extensions>
      </trkpt>
      <trkpt lat="31.2159644253551959991455078125" lon="121.387168653309345245361328125">
        <ele>8.3999996185302734375</ele>
        <time>2026-08-31T11:09:03.000Z</time>
        <extensions>
          <ns3:TrackPointExtension>
            <ns3:hr>148</ns3:hr>
            <ns3:cad>88</ns3:cad>
          </ns3:TrackPointExtension>
        </extensions>
      </trkpt>
      <trkpt lat="31.2159620784223079681396484375" lon="121.387205533683300018310546875">
        <ele>8.3999996185302734375</ele>
        <time>2026-08-31T11:09:04.000Z</time>
        <extensions>
          <ns3:TrackPointExtension>
            <ns3:hr>149</ns3:hr>
            <ns3:cad>88</ns3:cad>
          </ns3:TrackPointExtension>
        </extensions>
      </trkpt>
      <trkpt lat="31.2159761600196361541748046875" lon="121.38721584342420101165771484375">
        <ele>8.3999996185302734375</ele>
        <time>2026-08-31T11:09:05.000Z</time>
        <extensions>
          <ns3:TrackPointExtension>
            <ns3:hr>149</ns3:hr>
            <ns3:cad>87</ns3:cad>
          </ns3:TrackPointExtension>
        </extensions>
      </trkpt>
      <trkpt lat="31.21600071899592876434326171875" lon="121.3872341997921466827392578125">
        <ele>8.19999980926513671875</ele>
        <time>2026-08-31T11:09:06.000Z</time>
        <extensions>
          <ns3:TrackPointExtension>
            <ns3:hr>149</ns3:hr>
            <ns3:cad>87</ns3:cad>
          </ns3:TrackPointExtension>
        </extensions>
      </trkpt>
      <trkpt lat="31.216019578278064727783203125" lon="121.3872405700385570526123046875">
        <ele>8.19999980926513671875</ele>
        <time>2026-08-31T11:09:07.000Z</time>
        <extensions>
          <ns3:TrackPointExtension>
            <ns3:hr>149</ns3:hr>
            <ns3:cad>86</ns3:cad>
          </ns3:TrackPointExtension>
        </extensions>
      </trkpt>
      <trkpt lat="31.21604673564434051513671875" lon="121.3872512988746166229248046875">
        <ele>8</ele>
        <time>2026-08-31T11:09:08.000Z</time>
        <extensions>
          <ns3:TrackPointExtension>
            <ns3:hr>149</ns3:hr>
            <ns3:cad>85</ns3:cad>
          </ns3:TrackPointExtension>
        </extensions>
      </trkpt>
      <trkpt lat="31.21606148779392242431640625" lon="121.38725523836910724639892578125">
        <ele>7.80000019073486328125</ele>
        <time>2026-08-31T11:09:09.000Z</time>
        <extensions>
          <ns3:TrackPointExtension>
            <ns3:hr>149</ns3:hr>
            <ns3:cad>85</ns3:cad>
          </ns3:TrackPointExtension>
        </extensions>
      </trkpt>
      <trkpt lat="31.21608571149408817291259765625" lon="121.38726311735808849334716796875">
        <ele>7.80000019073486328125</ele>
        <time>2026-08-31T11:09:10.000Z</time>
        <extensions>
          <ns3:TrackPointExtension>
            <ns3:hr>149</ns3:hr>
            <ns3:cad>85</ns3:cad>
          </ns3:TrackPointExtension>
        </extensions>
      </trkpt>
      <trkpt lat="31.2161059118807315826416015625" lon="121.38726982288062572479248046875">
        <ele>7.599999904632568359375</ele>
        <time>2026-08-31T11:09:11.000Z</time>
        <extensions>
          <ns3:TrackPointExtension>
            <ns3:hr>149</ns3:hr>
            <ns3:cad>85</ns3:cad>
          </ns3:TrackPointExtension>
        </extensions>
      </trkpt>
      <trkpt lat="31.216122172772884368896484375" lon="121.38727904297411441802978515625">
        <ele>7.599999904632568359375</ele>
        <time>2026-08-31T11:09:12.000Z</time>
        <extensions>
          <ns3:TrackPointExtension>
            <ns3:hr>149</ns3:hr>
            <ns3:cad>86</ns3:cad>
          </ns3:TrackPointExtension>
        </extensions>
      </trkpt>
      <trkpt lat="31.2161434628069400787353515625" lon="121.38728591613471508026123046875">
        <ele>7.599999904632568359375</ele>
        <time>2026-08-31T11:09:13.000Z</time>
        <extensions>
          <ns3:TrackPointExtension>
            <ns3:hr>149</ns3:hr>
            <ns3:cad>87</ns3:cad>
          </ns3:TrackPointExtension>
        </extensions>
      </trkpt>
      <trkpt lat="31.21617020107805728912353515625" lon="121.38729832135140895843505859375">
        <ele>7.599999904632568359375</ele>
        <time>2026-08-31T11:09:14.000Z</time>
        <extensions>
          <ns3:TrackPointExtension>
            <ns3:hr>149</ns3:hr>
            <ns3:cad>87</ns3:cad>
          </ns3:TrackPointExtension>
        </extensions>
      </trkpt>
      <trkpt lat="31.21618797071278095245361328125" lon="121.38730980455875396728515625">
        <ele>7.80000019073486328125</ele>
        <time>2026-08-31T11:09:15.000Z</time>
        <extensions>
          <ns3:TrackPointExtension>
            <ns3:hr>150</ns3:hr>
            <ns3:cad>88</ns3:cad>
          </ns3:TrackPointExtension>
        </extensions>
      </trkpt>
      <trkpt lat="31.216213367879390716552734375" lon="121.38731827028095722198486328125">
        <ele>7.80000019073486328125</ele>
        <time>2026-08-31T11:09:16.000Z</time>
        <extensions>
          <ns3:TrackPointExtension>
            <ns3:hr>150</ns3:hr>
            <ns3:cad>88</ns3:cad>
          </ns3:TrackPointExtension>
        </extensions>
      </trkpt>
      <trkpt lat="31.21623180806636810302734375" lon="121.3873319327831268310546875">
        <ele>7.80000019073486328125</ele>
        <time>2026-08-31T11:09:17.000Z</time>
        <extensions>
          <ns3:TrackPointExtension>
            <ns3:hr>150</ns3:hr>
            <ns3:cad>88</ns3:cad>
          </ns3:TrackPointExtension>
        </extensions>
      </trkpt>
      <trkpt lat="31.21625418774783611297607421875" lon="121.3873347826302051544189453125">
        <ele>8</ele>
        <time>2026-08-31T11:09:18.000Z</time>
        <extensions>
          <ns3:TrackPointExtension>
            <ns3:hr>150</ns3:hr>
            <ns3:cad>88</ns3:cad>
          </ns3:TrackPointExtension>
        </extensions>
      </trkpt>
      <trkpt lat="31.2162775732576847076416015625" lon="121.3873438350856304168701171875">
        <ele>8</ele>
        <time>2026-08-31T11:09:19.000Z</time>
        <extensions>
          <ns3:TrackPointExtension>
            <ns3:hr>150</ns3:hr>
            <ns3:cad>87</ns3:cad>
          </ns3:TrackPointExtension>
        </extensions>
      </trkpt>
      <trkpt lat="31.2162986956536769866943359375" lon="121.387347690761089324951171875">
        <ele>8</ele>
        <time>2026-08-31T11:09:20.000Z</time>
        <extensions>
          <ns3:TrackPointExtension>
            <ns3:hr>150</ns3:hr>
            <ns3:cad>88</ns3:cad>
          </ns3:TrackPointExtension>
        </extensions>
      </trkpt>
      <trkpt lat="31.216321326792240142822265625" lon="121.3873602636158466339111328125">
        <ele>8</ele>
        <time>2026-08-31T11:09:21.000Z</time>
        <extensions>
          <ns3:TrackPointExtension>
            <ns3:hr>150</ns3:hr>
            <ns3:cad>89</ns3:cad>
          </ns3:TrackPointExtension>
        </extensions>
      </trkpt>
      <trkpt lat="31.21634119190275669097900390625" lon="121.38736420311033725738525390625">
        <ele>8</ele>
        <time>2026-08-31T11:09:22.000Z</time>
        <extensions>
          <ns3:TrackPointExtension>
            <ns3:hr>150</ns3:hr>
            <ns3:cad>89</ns3:cad>
          </ns3:TrackPointExtension>
        </extensions>
      </trkpt>
      <trkpt lat="31.21636600233614444732666015625" lon="121.3873716630041599273681640625">
        <ele>8</ele>
        <time>2026-08-31T11:09:23.000Z</time>
        <extensions>
          <ns3:TrackPointExtension>
            <ns3:hr>150</ns3:hr>
            <ns3:cad>88</ns3:cad>
          </ns3:TrackPointExtension>
        </extensions>
      </trkpt>
      <trkpt lat="31.21638779528439044952392578125" lon="121.38738230802118778228759765625">
        <ele>8</ele>
        <time>2026-08-31T11:09:24.000Z</time>
        <extensions>
          <ns3:TrackPointExtension>
            <ns3:hr>150</ns3:hr>
            <ns3:cad>87</ns3:cad>
          </ns3:TrackPointExtension>
        </extensions>
      </trkpt>
      <trkpt lat="31.2164120189845561981201171875" lon="121.3873974792659282684326171875">
        <ele>8</ele>
        <time>2026-08-31T11:09:25.000Z</time>
        <extensions>
          <ns3:TrackPointExtension>
            <ns3:hr>151</ns3:hr>
            <ns3:cad>87</ns3:cad>
          </ns3:TrackPointExtension>
        </extensions>
      </trkpt>
      <trkpt lat="31.2164311297237873077392578125" lon="121.3874092139303684234619140625">
        <ele>8</ele>
        <time>2026-08-31T11:09:26.000Z</time>
        <extensions>
          <ns3:TrackPointExtension>
            <ns3:hr>151</ns3:hr>
            <ns3:cad>87</ns3:cad>
          </ns3:TrackPointExtension>
        </extensions>
      </trkpt>
      <trkpt lat="31.2164532579481601715087890625" lon="121.3874236308038234710693359375">
        <ele>8</ele>
        <time>2026-08-31T11:09:27.000Z</time>
        <extensions>
          <ns3:TrackPointExtension>
            <ns3:hr>151</ns3:hr>
            <ns3:cad>87</ns3:cad>
          </ns3:TrackPointExtension>
        </extensions>
      </trkpt>
      <trkpt lat="31.21646289713680744171142578125" lon="121.38743561692535877227783203125">
        <ele>8</ele>
        <time>2026-08-31T11:09:28.000Z</time>
        <extensions>
          <ns3:TrackPointExtension>
            <ns3:hr>151</ns3:hr>
            <ns3:cad>89</ns3:cad>
          </ns3:TrackPointExtension>
        </extensions>
      </trkpt>
      <trkpt lat="31.21647865511476993560791015625" lon="121.3874410651624202728271484375">
        <ele>8</ele>
        <time>2026-08-31T11:09:29.000Z</time>
        <extensions>
          <ns3:TrackPointExtension>
            <ns3:hr>151</ns3:hr>
            <ns3:cad>89</ns3:cad>
          </ns3:TrackPointExtension>
        </extensions>
      </trkpt>
      <trkpt lat="31.21649391017854213714599609375" lon="121.38744198717176914215087890625">
        <ele>8</ele>
        <time>2026-08-31T11:09:30.000Z</time>
        <extensions>
          <ns3:TrackPointExtension>
            <ns3:hr>152</ns3:hr>
            <ns3:cad>88</ns3:cad>
          </ns3:TrackPointExtension>
        </extensions>
      </trkpt>
      <trkpt lat="31.21652190573513507843017578125" lon="121.38744366355240345001220703125">
        <ele>8.19999980926513671875</ele>
        <time>2026-08-31T11:09:31.000Z</time>
        <extensions>
          <ns3:TrackPointExtension>
            <ns3:hr>151</ns3:hr>
            <ns3:cad>87</ns3:cad>
          </ns3:TrackPointExtension>
        </extensions>
      </trkpt>
      <trkpt lat="31.2165407650172710418701171875" lon="121.3874541409313678741455078125">
        <ele>8.19999980926513671875</ele>
        <time>2026-08-31T11:09:32.000Z</time>
        <extensions>
          <ns3:TrackPointExtension>
            <ns3:hr>151</ns3:hr>
            <ns3:cad>87</ns3:cad>
          </ns3:TrackPointExtension>
        </extensions>
      </trkpt>
      <trkpt lat="31.21656046248972415924072265625" lon="121.38746000826358795166015625">
        <ele>8.19999980926513671875</ele>
        <time>2026-08-31T11:09:33.000Z</time>
        <extensions>
          <ns3:TrackPointExtension>
            <ns3:hr>152</ns3:hr>
            <ns3:cad>87</ns3:cad>
          </ns3:TrackPointExtension>
        </extensions>
      </trkpt>
      <trkpt lat="31.21658560819923877716064453125" lon="121.3874796219170093536376953125">
        <ele>8.19999980926513671875</ele>
        <time>2026-08-31T11:09:34.000Z</time>
        <extensions>
          <ns3:TrackPointExtension>
            <ns3:hr>152</ns3:hr>
            <ns3:cad>88</ns3:cad>
          </ns3:TrackPointExtension>
        </extensions>
      </trkpt>
      <trkpt lat="31.216604299843311309814453125" lon="121.38749085366725921630859375">
        <ele>8.19999980926513671875</ele>
        <time>2026-08-31T11:09:35.000Z</time>
        <extensions>
          <ns3:TrackPointExtension>
            <ns3:hr>152</ns3:hr>
            <ns3:cad>88</ns3:cad>
          </ns3:TrackPointExtension>
        </extensions>
      </trkpt>
      <trkpt lat="31.2166306190192699432373046875" lon="121.387504599988460540771484375">
        <ele>8</ele>
        <time>2026-08-31T11:09:36.000Z</time>
        <extensions>
          <ns3:TrackPointExtension>
            <ns3:hr>152</ns3:hr>
            <ns3:cad>87</ns3:cad>
          </ns3:TrackPointExtension>
        </extensions>
      </trkpt>
      <trkpt lat="31.2166507355868816375732421875" lon="121.3875089585781097412109375">
        <ele>8</ele>
        <time>2026-08-31T11:09:37.000Z</time>
        <extensions>
          <ns3:TrackPointExtension>
            <ns3:hr>152</ns3:hr>
            <ns3:cad>87</ns3:cad>
          </ns3:TrackPointExtension>
        </extensions>
      </trkpt>
      <trkpt lat="31.2166735343635082244873046875" lon="121.38751792721450328826904296875">
        <ele>8</ele>
        <time>2026-08-31T11:09:38.000Z</time>
        <extensions>
          <ns3:TrackPointExtension>
            <ns3:hr>151</ns3:hr>
            <ns3:cad>87</ns3:cad>
          </ns3:TrackPointExtension>
        </extensions>
      </trkpt>
      <trkpt lat="31.21669189073145389556884765625" lon="121.38752580620348453521728515625">
        <ele>8</ele>
        <time>2026-08-31T11:09:39.000Z</time>
        <extensions>
          <ns3:TrackPointExtension>
            <ns3:hr>152</ns3:hr>
            <ns3:cad>87</ns3:cad>
          </ns3:TrackPointExtension>
        </extensions>
      </trkpt>
      <trkpt lat="31.21671670116484165191650390625" lon="121.38753804378211498260498046875">
        <ele>8</ele>
        <time>2026-08-31T11:09:40.000Z</time>
        <extensions>
          <ns3:TrackPointExtension>
            <ns3:hr>152</ns3:hr>
            <ns3:cad>88</ns3:cad>
          </ns3:TrackPointExtension>
        </extensions>
      </trkpt>
      <trkpt lat="31.21674000285565853118896484375" lon="121.3875424861907958984375">
        <ele>8</ele>
        <time>2026-08-31T11:09:41.000Z</time>
        <extensions>
          <ns3:TrackPointExtension>
            <ns3:hr>151</ns3:hr>
            <ns3:cad>88</ns3:cad>
          </ns3:TrackPointExtension>
        </extensions>
      </trkpt>
      <trkpt lat="31.21676397509872913360595703125" lon="121.38755413703620433807373046875">
        <ele>8.19999980926513671875</ele>
        <time>2026-08-31T11:09:42.000Z</time>
        <extensions>
          <ns3:TrackPointExtension>
            <ns3:hr>152</ns3:hr>
            <ns3:cad>88</ns3:cad>
          </ns3:TrackPointExtension>
        </extensions>
      </trkpt>
      <trkpt lat="31.21678258292376995086669921875" lon="121.3875604234635829925537109375">
        <ele>8.19999980926513671875</ele>
        <time>2026-08-31T11:09:43.000Z</time>
        <extensions>
          <ns3:TrackPointExtension>
            <ns3:hr>152</ns3:hr>
            <ns3:cad>87</ns3:cad>
          </ns3:TrackPointExtension>
        </extensions>
      </trkpt>
      <trkpt lat="31.21680085547268390655517578125" lon="121.38756729662418365478515625">
        <ele>8.19999980926513671875</ele>
        <time>2026-08-31T11:09:44.000Z</time>
        <extensions>
          <ns3:TrackPointExtension>
            <ns3:hr>151</ns3:hr>
            <ns3:cad>87</ns3:cad>
          </ns3:TrackPointExtension>
        </extensions>
      </trkpt>
      <trkpt lat="31.21682130731642246246337890625" lon="121.3875755108892917633056640625">
        <ele>8.19999980926513671875</ele>
        <time>2026-08-31T11:09:45.000Z</time>
        <extensions>
          <ns3:TrackPointExtension>
            <ns3:hr>152</ns3:hr>
            <ns3:cad>87</ns3:cad>
          </ns3:TrackPointExtension>
        </extensions>
      </trkpt>
      <trkpt lat="31.21684226207435131072998046875" lon="121.38758481480181217193603515625">
        <ele>8.19999980926513671875</ele>
        <time>2026-08-31T11:09:46.000Z</time>
        <extensions>
          <ns3:TrackPointExtension>
            <ns3:hr>152</ns3:hr>
            <ns3:cad>88</ns3:cad>
          </ns3:TrackPointExtension>
        </extensions>
      </trkpt>
      <trkpt lat="31.2168636359274387359619140625" lon="121.387598812580108642578125">
        <ele>8.19999980926513671875</ele>
        <time>2026-08-31T11:09:47.000Z</time>
        <extensions>
          <ns3:TrackPointExtension>
            <ns3:hr>151</ns3:hr>
            <ns3:cad>88</ns3:cad>
          </ns3:TrackPointExtension>
        </extensions>
      </trkpt>
      <trkpt lat="31.2168864347040653228759765625" lon="121.38760308735072612762451171875">
        <ele>8.3999996185302734375</ele>
        <time>2026-08-31T11:09:48.000Z</time>
        <extensions>
          <ns3:TrackPointExtension>
            <ns3:hr>152</ns3:hr>
            <ns3:cad>88</ns3:cad>
          </ns3:TrackPointExtension>
        </extensions>
      </trkpt>
      <trkpt lat="31.216910071671009063720703125" lon="121.38761800713837146759033203125">
        <ele>8.3999996185302734375</ele>
        <time>2026-08-31T11:09:49.000Z</time>
        <extensions>
          <ns3:TrackPointExtension>
            <ns3:hr>151</ns3:hr>
            <ns3:cad>87</ns3:cad>
          </ns3:TrackPointExtension>
        </extensions>
      </trkpt>
      <trkpt lat="31.21692826040089130401611328125" lon="121.3876234553754329681396484375">
        <ele>8.3999996185302734375</ele>
        <time>2026-08-31T11:09:50.000Z</time>
        <extensions>
          <ns3:TrackPointExtension>
            <ns3:hr>151</ns3:hr>
            <ns3:cad>87</ns3:cad>
          </ns3:TrackPointExtension>
        </extensions>
      </trkpt>
      <trkpt lat="31.21695575304329395294189453125" lon="121.38763560913503170013427734375">
        <ele>8.3999996185302734375</ele>
        <time>2026-08-31T11:09:51.000Z</time>
        <extensions>
          <ns3:TrackPointExtension>
            <ns3:hr>151</ns3:hr>
            <ns3:cad>88</ns3:cad>
          </ns3:TrackPointExtension>
        </extensions>
      </trkpt>
      <trkpt lat="31.21697704307734966278076171875" lon="121.3876412250101566314697265625">
        <ele>8.3999996185302734375</ele>
        <time>2026-08-31T11:09:52.000Z</time>
        <extensions>
          <ns3:TrackPointExtension>
            <ns3:hr>151</ns3:hr>
            <ns3:cad>88</ns3:cad>
          </ns3:TrackPointExtension>
        </extensions>
      </trkpt>
      <trkpt lat="31.21700218878686428070068359375" lon="121.387654803693294525146484375">
        <ele>8.3999996185302734375</ele>
        <time>2026-08-31T11:09:53.000Z</time>
        <extensions>
          <ns3:TrackPointExtension>
            <ns3:hr>151</ns3:hr>
            <ns3:cad>89</ns3:cad>
          </ns3:TrackPointExtension>
        </extensions>
      </trkpt>
      <trkpt lat="31.21702574193477630615234375" lon="121.38766092248260974884033203125">
        <ele>8.6000003814697265625</ele>
        <time>2026-08-31T11:09:54.000Z</time>
        <extensions>
          <ns3:TrackPointExtension>
            <ns3:hr>151</ns3:hr>
            <ns3:cad>89</ns3:cad>
          </ns3:TrackPointExtension>
        </extensions>
      </trkpt>
      <trkpt lat="31.21704854071140289306640625" lon="121.387669555842876434326171875">
        <ele>8.6000003814697265625</ele>
        <time>2026-08-31T11:09:55.000Z</time>
        <extensions>
          <ns3:TrackPointExtension>
            <ns3:hr>151</ns3:hr>
            <ns3:cad>88</ns3:cad>
          </ns3:TrackPointExtension>
        </extensions>
      </trkpt>
      <trkpt lat="31.21707326732575893402099609375" lon="121.3876725733280181884765625">
        <ele>8.3999996185302734375</ele>
        <time>2026-08-31T11:09:56.000Z</time>
        <extensions>
          <ns3:TrackPointExtension>
            <ns3:hr>151</ns3:hr>
            <ns3:cad>87</ns3:cad>
          </ns3:TrackPointExtension>
        </extensions>
      </trkpt>
      <trkpt lat="31.2170926295220851898193359375" lon="121.3876824639737606048583984375">
        <ele>8.3999996185302734375</ele>
        <time>2026-08-31T11:09:57.000Z</time>
        <extensions>
          <ns3:TrackPointExtension>
            <ns3:hr>151</ns3:hr>
            <ns3:cad>87</ns3:cad>
          </ns3:TrackPointExtension>
        </extensions>
      </trkpt>
      <trkpt lat="31.2171162664890289306640625" lon="121.38769495300948619842529296875">
        <ele>8.3999996185302734375</ele>
        <time>2026-08-31T11:09:58.000Z</time>
        <extensions>
          <ns3:TrackPointExtension>
            <ns3:hr>151</ns3:hr>
            <ns3:cad>87</ns3:cad>
          </ns3:TrackPointExtension>
        </extensions>
      </trkpt>
      <trkpt lat="31.2171385623514652252197265625" lon="121.38770249672234058380126953125">
        <ele>8.3999996185302734375</ele>
        <time>2026-08-31T11:09:59.000Z</time>
        <extensions>
          <ns3:TrackPointExtension>
            <ns3:hr>151</ns3:hr>
            <ns3:cad>89</ns3:cad>
          </ns3:TrackPointExtension>
        </extensions>
      </trkpt>
      <trkpt lat="31.2171600200235843658447265625" lon="121.387713141739368438720703125">
        <ele>8.3999996185302734375</ele>
        <time>2026-08-31T11:10:00.000Z</time>
        <extensions>
          <ns3:TrackPointExtension>
            <ns3:hr>151</ns3:hr>
            <ns3:cad>89</ns3:cad>
          </ns3:TrackPointExtension>
        </extensions>
      </trkpt>
      <trkpt lat="31.21717787347733974456787109375" lon="121.3877243734896183013916015625">
        <ele>8.6000003814697265625</ele>
        <time>2026-08-31T11:10:01.000Z</time>
        <extensions>
          <ns3:TrackPointExtension>
            <ns3:hr>150</ns3:hr>
            <ns3:cad>88</ns3:cad>
          </ns3:TrackPointExtension>
        </extensions>
      </trkpt>
      <trkpt lat="31.21719765476882457733154296875" lon="121.38773736543953418731689453125">
        <ele>8.6000003814697265625</ele>
        <time>2026-08-31T11:10:02.000Z</time>
        <extensions>
          <ns3:TrackPointExtension>
            <ns3:hr>150</ns3:hr>
            <ns3:cad>87</ns3:cad>
          </ns3:TrackPointExtension>
        </extensions>
      </trkpt>
      <trkpt lat="31.21721391566097736358642578125" lon="121.38774834573268890380859375">
        <ele>8.6000003814697265625</ele>
        <time>2026-08-31T11:10:03.000Z</time>
        <extensions>
          <ns3:TrackPointExtension>
            <ns3:hr>150</ns3:hr>
            <ns3:cad>87</ns3:cad>
          </ns3:TrackPointExtension>
        </extensions>
      </trkpt>
      <trkpt lat="31.21723252348601818084716796875" lon="121.38775966130197048187255859375">
        <ele>8.6000003814697265625</ele>
        <time>2026-08-31T11:10:04.000Z</time>
        <extensions>
          <ns3:TrackPointExtension>
            <ns3:hr>150</ns3:hr>
            <ns3:cad>88</ns3:cad>
          </ns3:TrackPointExtension>
        </extensions>
      </trkpt>
      <trkpt lat="31.217252053320407867431640625" lon="121.387768127024173736572265625">
        <ele>8.6000003814697265625</ele>
        <time>2026-08-31T11:10:05.000Z</time>
        <extensions>
          <ns3:TrackPointExtension>
            <ns3:hr>150</ns3:hr>
            <ns3:cad>89</ns3:cad>
          </ns3:TrackPointExtension>
        </extensions>
      </trkpt>
      <trkpt lat="31.217277534306049346923828125" lon="121.387779526412487030029296875">
        <ele>8.80000019073486328125</ele>
        <time>2026-08-31T11:10:06.000Z</time>
        <extensions>
          <ns3:TrackPointExtension>
            <ns3:hr>150</ns3:hr>
            <ns3:cad>89</ns3:cad>
          </ns3:TrackPointExtension>
        </extensions>
      </trkpt>
      <trkpt lat="31.217299662530422210693359375" lon="121.38778799213469028472900390625">
        <ele>8.6000003814697265625</ele>
        <time>2026-08-31T11:10:07.000Z</time>
        <extensions>
          <ns3:TrackPointExtension>
            <ns3:hr>150</ns3:hr>
            <ns3:cad>88</ns3:cad>
          </ns3:TrackPointExtension>
        </extensions>
      </trkpt>
      <trkpt lat="31.21732212603092193603515625" lon="121.38780106790363788604736328125">
        <ele>8.6000003814697265625</ele>
        <time>2026-08-31T11:10:08.000Z</time>
        <extensions>
          <ns3:TrackPointExtension>
            <ns3:hr>151</ns3:hr>
            <ns3:cad>87</ns3:cad>
          </ns3:TrackPointExtension>
        </extensions>
      </trkpt>
      <trkpt lat="31.2173397280275821685791015625" lon="121.387810371816158294677734375">
        <ele>8.80000019073486328125</ele>
        <time>2026-08-31T11:10:09.000Z</time>
        <extensions>
          <ns3:TrackPointExtension>
            <ns3:hr>150</ns3:hr>
            <ns3:cad>87</ns3:cad>
          </ns3:TrackPointExtension>
        </extensions>
      </trkpt>
      <trkpt lat="31.2173662148416042327880859375" lon="121.3878214359283447265625">
        <ele>8.80000019073486328125</ele>
        <time>2026-08-31T11:10:10.000Z</time>
        <extensions>
          <ns3:TrackPointExtension>
            <ns3:hr>150</ns3:hr>
            <ns3:cad>88</ns3:cad>
          </ns3:TrackPointExtension>
        </extensions>
      </trkpt>
      <trkpt lat="31.21738691814243793487548828125" lon="121.3878281414508819580078125">
        <ele>8.6000003814697265625</ele>
        <time>2026-08-31T11:10:11.000Z</time>
        <extensions>
          <ns3:TrackPointExtension>
            <ns3:hr>150</ns3:hr>
            <ns3:cad>89</ns3:cad>
          </ns3:TrackPointExtension>
        </extensions>
      </trkpt>
      <trkpt lat="31.2174094654619693756103515625" lon="121.38783727772533893585205078125">
        <ele>8.6000003814697265625</ele>
        <time>2026-08-31T11:10:12.000Z</time>
        <extensions>
          <ns3:TrackPointExtension>
            <ns3:hr>150</ns3:hr>
            <ns3:cad>89</ns3:cad>
          </ns3:TrackPointExtension>
        </extensions>
      </trkpt>
      <trkpt lat="31.21742782182991504669189453125" lon="121.3878437317907810211181640625">
        <ele>8.6000003814697265625</ele>
        <time>2026-08-31T11:10:13.000Z</time>
        <extensions>
          <ns3:TrackPointExtension>
            <ns3:hr>150</ns3:hr>
            <ns3:cad>88</ns3:cad>
          </ns3:TrackPointExtension>
        </extensions>
      </trkpt>
      <trkpt lat="31.21745045296847820281982421875" lon="121.387852616608142852783203125">
        <ele>8.6000003814697265625</ele>
        <time>2026-08-31T11:10:14.000Z</time>
        <extensions>
          <ns3:TrackPointExtension>
            <ns3:hr>150</ns3:hr>
            <ns3:cad>87</ns3:cad>
          </ns3:TrackPointExtension>
        </extensions>
      </trkpt>
      <trkpt lat="31.21747442521154880523681640625" lon="121.38785873539745807647705078125">
        <ele>8.6000003814697265625</ele>
        <time>2026-08-31T11:10:15.000Z</time>
        <extensions>
          <ns3:TrackPointExtension>
            <ns3:hr>151</ns3:hr>
            <ns3:cad>87</ns3:cad>
          </ns3:TrackPointExtension>
        </extensions>
      </trkpt>
      <trkpt lat="31.2174986489117145538330078125" lon="121.3878554664552211761474609375">
        <ele>8.80000019073486328125</ele>
        <time>2026-08-31T11:10:16.000Z</time>
        <extensions>
          <ns3:TrackPointExtension>
            <ns3:hr>150</ns3:hr>
            <ns3:cad>87</ns3:cad>
          </ns3:TrackPointExtension>
        </extensions>
      </trkpt>
      <trkpt lat="31.21752454899251461029052734375" lon="121.38786502182483673095703125">
        <ele>8.80000019073486328125</ele>
        <time>2026-08-31T11:10:17.000Z</time>
        <extensions>
          <ns3:TrackPointExtension>
            <ns3:hr>150</ns3:hr>
            <ns3:cad>88</ns3:cad>
          </ns3:TrackPointExtension>
        </extensions>
      </trkpt>
      <trkpt lat="31.2175492756068706512451171875" lon="121.38787080533802509307861328125">
        <ele>8.80000019073486328125</ele>
        <time>2026-08-31T11:10:18.000Z</time>
        <extensions>
          <ns3:TrackPointExtension>
            <ns3:hr>150</ns3:hr>
            <ns3:cad>88</ns3:cad>
          </ns3:TrackPointExtension>
        </extensions>
      </trkpt>
      <trkpt lat="31.21757584623992443084716796875" lon="121.3878879882395267486572265625">
        <ele>9</ele>
        <time>2026-08-31T11:10:19.000Z</time>
        <extensions>
          <ns3:TrackPointExtension>
            <ns3:hr>150</ns3:hr>
            <ns3:cad>88</ns3:cad>
          </ns3:TrackPointExtension>
        </extensions>
      </trkpt>
      <trkpt lat="31.2175988964736461639404296875" lon="121.3878956995904445648193359375">
        <ele>9</ele>
        <time>2026-08-31T11:10:20.000Z</time>
        <extensions>
          <ns3:TrackPointExtension>
            <ns3:hr>150</ns3:hr>
            <ns3:cad>87</ns3:cad>
          </ns3:TrackPointExtension>
        </extensions>
      </trkpt>
      <trkpt lat="31.21762664057314395904541015625" lon="121.387910954654216766357421875">
        <ele>8.80000019073486328125</ele>
        <time>2026-08-31T11:10:21.000Z</time>
        <extensions>
          <ns3:TrackPointExtension>
            <ns3:hr>150</ns3:hr>
            <ns3:cad>87</ns3:cad>
          </ns3:TrackPointExtension>
        </extensions>
      </trkpt>
      <trkpt lat="31.2176481820642948150634765625" lon="121.387920342385768890380859375">
        <ele>8.80000019073486328125</ele>
        <time>2026-08-31T11:10:22.000Z</time>
        <extensions>
          <ns3:TrackPointExtension>
            <ns3:hr>150</ns3:hr>
            <ns3:cad>86</ns3:cad>
          </ns3:TrackPointExtension>
        </extensions>
      </trkpt>
      <trkpt lat="31.21767542324960231781005859375" lon="121.38793073594570159912109375">
        <ele>8.80000019073486328125</ele>
        <time>2026-08-31T11:10:23.000Z</time>
        <extensions>
          <ns3:TrackPointExtension>
            <ns3:hr>150</ns3:hr>
            <ns3:cad>86</ns3:cad>
          </ns3:TrackPointExtension>
        </extensions>
      </trkpt>
      <trkpt lat="31.21769553981721401214599609375" lon="121.38794121332466602325439453125">
        <ele>8.6000003814697265625</ele>
        <time>2026-08-31T11:10:24.000Z</time>
        <extensions>
          <ns3:TrackPointExtension>
            <ns3:hr>149</ns3:hr>
            <ns3:cad>86</ns3:cad>
          </ns3:TrackPointExtension>
        </extensions>
      </trkpt>
      <trkpt lat="31.21771632693707942962646484375" lon="121.3879490084946155548095703125">
        <ele>8.6000003814697265625</ele>
        <time>2026-08-31T11:10:25.000Z</time>
        <extensions>
          <ns3:TrackPointExtension>
            <ns3:hr>149</ns3:hr>
            <ns3:cad>87</ns3:cad>
          </ns3:TrackPointExtension>
        </extensions>
      </trkpt>
      <trkpt lat="31.21773744933307170867919921875" lon="121.38796585611999034881591796875">
        <ele>8.80000019073486328125</ele>
        <time>2026-08-31T11:10:26.000Z</time>
        <extensions>
          <ns3:TrackPointExtension>
            <ns3:hr>149</ns3:hr>
            <ns3:cad>87</ns3:cad>
          </ns3:TrackPointExtension>
        </extensions>
      </trkpt>
      <trkpt lat="31.2177638523280620574951171875" lon="121.38796568848192691802978515625">
        <ele>8.80000019073486328125</ele>
        <time>2026-08-31T11:10:27.000Z</time>
        <extensions>
          <ns3:TrackPointExtension>
            <ns3:hr>149</ns3:hr>
            <ns3:cad>87</ns3:cad>
          </ns3:TrackPointExtension>
        </extensions>
      </trkpt>
      <trkpt lat="31.21778489090502262115478515625" lon="121.38798094354569911956787109375">
        <ele>8.80000019073486328125</ele>
        <time>2026-08-31T11:10:28.000Z</time>
        <extensions>
          <ns3:TrackPointExtension>
            <ns3:hr>149</ns3:hr>
            <ns3:cad>87</ns3:cad>
          </ns3:TrackPointExtension>
        </extensions>
      </trkpt>
      <trkpt lat="31.2178037501871585845947265625" lon="121.38798463158309459686279296875">
        <ele>8.80000019073486328125</ele>
        <time>2026-08-31T11:10:29.000Z</time>
        <extensions>
          <ns3:TrackPointExtension>
            <ns3:hr>149</ns3:hr>
            <ns3:cad>87</ns3:cad>
          </ns3:TrackPointExtension>
        </extensions>
      </trkpt>
      <trkpt lat="31.217827387154102325439453125" lon="121.38799217529594898223876953125">
        <ele>8.80000019073486328125</ele>
        <time>2026-08-31T11:10:30.000Z</time>
        <extensions>
          <ns3:TrackPointExtension>
            <ns3:hr>148</ns3:hr>
            <ns3:cad>88</ns3:cad>
          </ns3:TrackPointExtension>
        </extensions>
      </trkpt>
      <trkpt lat="31.2178456597030162811279296875" lon="121.3879966177046298980712890625">
        <ele>8.80000019073486328125</ele>
        <time>2026-08-31T11:10:31.000Z</time>
        <extensions>
          <ns3:TrackPointExtension>
            <ns3:hr>149</ns3:hr>
            <ns3:cad>88</ns3:cad>
          </ns3:TrackPointExtension>
        </extensions>
      </trkpt>
      <trkpt lat="31.21786368079483509063720703125" lon="121.38800893910229206085205078125">
        <ele>8.80000019073486328125</ele>
        <time>2026-08-31T11:10:32.000Z</time>
        <extensions>
          <ns3:TrackPointExtension>
            <ns3:hr>149</ns3:hr>
            <ns3:cad>88</ns3:cad>
          </ns3:TrackPointExtension>
        </extensions>
      </trkpt>
      <trkpt lat="31.21788245625793933868408203125" lon="121.38801329769194126129150390625">
        <ele>8.80000019073486328125</ele>
        <time>2026-08-31T11:10:33.000Z</time>
        <extensions>
          <ns3:TrackPointExtension>
            <ns3:hr>148</ns3:hr>
            <ns3:cad>87</ns3:cad>
          </ns3:TrackPointExtension>
        </extensions>
      </trkpt>
      <trkpt lat="31.21790592558681964874267578125" lon="121.38802704401314258575439453125">
        <ele>8.80000019073486328125</ele>
        <time>2026-08-31T11:10:34.000Z</time>
        <extensions>
          <ns3:TrackPointExtension>
            <ns3:hr>149</ns3:hr>
            <ns3:cad>87</ns3:cad>
          </ns3:TrackPointExtension>
        </extensions>
      </trkpt>
      <trkpt lat="31.21792335994541645050048828125" lon="121.3880373537540435791015625">
        <ele>9</ele>
        <time>2026-08-31T11:10:35.000Z</time>
        <extensions>
          <ns3:TrackPointExtension>
            <ns3:hr>149</ns3:hr>
            <ns3:cad>88</ns3:cad>
          </ns3:TrackPointExtension>
        </extensions>
      </trkpt>
      <trkpt lat="31.217954792082309722900390625" lon="121.38804649002850055694580078125">
        <ele>9</ele>
        <time>2026-08-31T11:10:36.000Z</time>
        <extensions>
          <ns3:TrackPointExtension>
            <ns3:hr>149</ns3:hr>
            <ns3:cad>89</ns3:cad>
          </ns3:TrackPointExtension>
        </extensions>
      </trkpt>
      <trkpt lat="31.217973232269287109375" lon="121.3880613259971141815185546875">
        <ele>9</ele>
        <time>2026-08-31T11:10:37.000Z</time>
        <extensions>
          <ns3:TrackPointExtension>
            <ns3:hr>148</ns3:hr>
            <ns3:cad>89</ns3:cad>
          </ns3:TrackPointExtension>
        </extensions>
      </trkpt>
      <trkpt lat="31.21799242682754993438720703125" lon="121.38807130046188831329345703125">
        <ele>8.80000019073486328125</ele>
        <time>2026-08-31T11:10:38.000Z</time>
        <extensions>
          <ns3:TrackPointExtension>
            <ns3:hr>149</ns3:hr>
            <ns3:cad>88</ns3:cad>
          </ns3:TrackPointExtension>
        </extensions>
      </trkpt>
      <trkpt lat="31.21801321394741535186767578125" lon="121.3880841247737407684326171875">
        <ele>8.80000019073486328125</ele>
        <time>2026-08-31T11:10:39.000Z</time>
        <extensions>
          <ns3:TrackPointExtension>
            <ns3:hr>149</ns3:hr>
            <ns3:cad>88</ns3:cad>
          </ns3:TrackPointExtension>
        </extensions>
      </trkpt>
      <trkpt lat="31.2180344201624393463134765625" lon="121.3880884833633899688720703125">
        <ele>8.80000019073486328125</ele>
        <time>2026-08-31T11:10:40.000Z</time>
        <extensions>
          <ns3:TrackPointExtension>
            <ns3:hr>149</ns3:hr>
            <ns3:cad>88</ns3:cad>
          </ns3:TrackPointExtension>
        </extensions>
      </trkpt>
      <trkpt lat="31.2180582247674465179443359375" lon="121.3881025649607181549072265625">
        <ele>8.80000019073486328125</ele>
        <time>2026-08-31T11:10:41.000Z</time>
        <extensions>
          <ns3:TrackPointExtension>
            <ns3:hr>148</ns3:hr>
            <ns3:cad>88</ns3:cad>
          </ns3:TrackPointExtension>
        </extensions>
      </trkpt>
      <trkpt lat="31.21808253228664398193359375" lon="121.38811044394969940185546875">
        <ele>8.80000019073486328125</ele>
        <time>2026-08-31T11:10:42.000Z</time>
        <extensions>
          <ns3:TrackPointExtension>
            <ns3:hr>149</ns3:hr>
            <ns3:cad>89</ns3:cad>
          </ns3:TrackPointExtension>
        </extensions>
      </trkpt>
      <trkpt lat="31.21810575015842914581298828125" lon="121.38812410645186901092529296875">
        <ele>8.80000019073486328125</ele>
        <time>2026-08-31T11:10:43.000Z</time>
        <extensions>
          <ns3:TrackPointExtension>
            <ns3:hr>150</ns3:hr>
            <ns3:cad>89</ns3:cad>
          </ns3:TrackPointExtension>
        </extensions>
      </trkpt>
      <trkpt lat="31.21812670491635799407958984375" lon="121.3881334103643894195556640625">
        <ele>8.80000019073486328125</ele>
        <time>2026-08-31T11:10:44.000Z</time>
        <extensions>
          <ns3:TrackPointExtension>
            <ns3:hr>150</ns3:hr>
            <ns3:cad>88</ns3:cad>
          </ns3:TrackPointExtension>
        </extensions>
      </trkpt>
      <trkpt lat="31.2181515991687774658203125" lon="121.38814891688525676727294921875">
        <ele>9</ele>
        <time>2026-08-31T11:10:45.000Z</time>
        <extensions>
          <ns3:TrackPointExtension>
            <ns3:hr>150</ns3:hr>
            <ns3:cad>87</ns3:cad>
          </ns3:TrackPointExtension>
        </extensions>
      </trkpt>
      <trkpt lat="31.21817397885024547576904296875" lon="121.38815880753099918365478515625">
        <ele>9</ele>
        <time>2026-08-31T11:10:46.000Z</time>
        <extensions>
          <ns3:TrackPointExtension>
            <ns3:hr>150</ns3:hr>
            <ns3:cad>87</ns3:cad>
          </ns3:TrackPointExtension>
        </extensions>
      </trkpt>
      <trkpt lat="31.21820054948329925537109375" lon="121.388181187212467193603515625">
        <ele>9</ele>
        <time>2026-08-31T11:10:47.000Z</time>
        <extensions>
          <ns3:TrackPointExtension>
            <ns3:hr>150</ns3:hr>
            <ns3:cad>87</ns3:cad>
          </ns3:TrackPointExtension>
        </extensions>
      </trkpt>
      <trkpt lat="31.2182231806218624114990234375" lon="121.38818998821079730987548828125">
        <ele>8.80000019073486328125</ele>
        <time>2026-08-31T11:10:48.000Z</time>
        <extensions>
          <ns3:TrackPointExtension>
            <ns3:hr>151</ns3:hr>
            <ns3:cad>88</ns3:cad>
          </ns3:TrackPointExtension>
        </extensions>
      </trkpt>
      <trkpt lat="31.2182500027120113372802734375" lon="121.3882048241794109344482421875">
        <ele>8.80000019073486328125</ele>
        <time>2026-08-31T11:10:49.000Z</time>
        <extensions>
          <ns3:TrackPointExtension>
            <ns3:hr>151</ns3:hr>
            <ns3:cad>89</ns3:cad>
          </ns3:TrackPointExtension>
        </extensions>
      </trkpt>
      <trkpt lat="31.21826668269932270050048828125" lon="121.38821102678775787353515625">
        <ele>8.80000019073486328125</ele>
        <time>2026-08-31T11:10:50.000Z</time>
        <extensions>
          <ns3:TrackPointExtension>
            <ns3:hr>151</ns3:hr>
            <ns3:cad>89</ns3:cad>
          </ns3:TrackPointExtension>
        </extensions>
      </trkpt>
      <trkpt lat="31.21829308569431304931640625" lon="121.38822116889059543609619140625">
        <ele>8.80000019073486328125</ele>
        <time>2026-08-31T11:10:51.000Z</time>
        <extensions>
          <ns3:TrackPointExtension>
            <ns3:hr>152</ns3:hr>
            <ns3:cad>88</ns3:cad>
          </ns3:TrackPointExtension>
        </extensions>
      </trkpt>
      <trkpt lat="31.2183150462806224822998046875" lon="121.388224773108959197998046875">
        <ele>8.80000019073486328125</ele>
        <time>2026-08-31T11:10:52.000Z</time>
        <extensions>
          <ns3:TrackPointExtension>
            <ns3:hr>152</ns3:hr>
            <ns3:cad>88</ns3:cad>
          </ns3:TrackPointExtension>
        </extensions>
      </trkpt>
      <trkpt lat="31.2183339893817901611328125" lon="121.38823877088725566864013671875">
        <ele>8.80000019073486328125</ele>
        <time>2026-08-31T11:10:53.000Z</time>
        <extensions>
          <ns3:TrackPointExtension>
            <ns3:hr>152</ns3:hr>
            <ns3:cad>88</ns3:cad>
          </ns3:TrackPointExtension>
        </extensions>
      </trkpt>
      <trkpt lat="31.21835318394005298614501953125" lon="121.388244219124317169189453125">
        <ele>8.80000019073486328125</ele>
        <time>2026-08-31T11:10:54.000Z</time>
        <extensions>
          <ns3:TrackPointExtension>
            <ns3:hr>152</ns3:hr>
            <ns3:cad>88</ns3:cad>
          </ns3:TrackPointExtension>
        </extensions>
      </trkpt>
      <trkpt lat="31.2183794192969799041748046875" lon="121.3882470689713954925537109375">
        <ele>8.80000019073486328125</ele>
        <time>2026-08-31T11:10:55.000Z</time>
        <extensions>
          <ns3:TrackPointExtension>
            <ns3:hr>152</ns3:hr>
            <ns3:cad>89</ns3:cad>
          </ns3:TrackPointExtension>
        </extensions>
      </trkpt>
      <trkpt lat="31.218401379883289337158203125" lon="121.38825536705553531646728515625">
        <ele>8.80000019073486328125</ele>
        <time>2026-08-31T11:10:56.000Z</time>
        <extensions>
          <ns3:TrackPointExtension>
            <ns3:hr>152</ns3:hr>
            <ns3:cad>89</ns3:cad>
          </ns3:TrackPointExtension>
        </extensions>
      </trkpt>
      <trkpt lat="31.2184290401637554168701171875" lon="121.388260312378406524658203125">
        <ele>8.80000019073486328125</ele>
        <time>2026-08-31T11:10:57.000Z</time>
        <extensions>
          <ns3:TrackPointExtension>
            <ns3:hr>153</ns3:hr>
            <ns3:cad>88</ns3:cad>
          </ns3:TrackPointExtension>
        </extensions>
      </trkpt>
      <trkpt lat="31.2184561975300312042236328125" lon="121.38827003538608551025390625">
        <ele>8.80000019073486328125</ele>
        <time>2026-08-31T11:10:58.000Z</time>
        <extensions>
          <ns3:TrackPointExtension>
            <ns3:hr>152</ns3:hr>
            <ns3:cad>88</ns3:cad>
          </ns3:TrackPointExtension>
        </extensions>
      </trkpt>
      <trkpt lat="31.21847857721149921417236328125" lon="121.38827137649059295654296875">
        <ele>9</ele>
        <time>2026-08-31T11:10:59.000Z</time>
        <extensions>
          <ns3:TrackPointExtension>
            <ns3:hr>152</ns3:hr>
            <ns3:cad>87</ns3:cad>
          </ns3:TrackPointExtension>
        </extensions>
      </trkpt>
      <trkpt lat="31.21849785558879375457763671875" lon="121.38828210532665252685546875">
        <ele>9</ele>
        <time>2026-08-31T11:11:00.000Z</time>
        <extensions>
          <ns3:TrackPointExtension>
            <ns3:hr>151</ns3:hr>
            <ns3:cad>87</ns3:cad>
          </ns3:TrackPointExtension>
        </extensions>
      </trkpt>
      <trkpt lat="31.2185225822031497955322265625" lon="121.3882856257259845733642578125">
        <ele>9</ele>
        <time>2026-08-31T11:11:01.000Z</time>
        <extensions>
          <ns3:TrackPointExtension>
            <ns3:hr>151</ns3:hr>
            <ns3:cad>88</ns3:cad>
          </ns3:TrackPointExtension>
        </extensions>
      </trkpt>
      <trkpt lat="31.21854663826525211334228515625" lon="121.3882933370769023895263671875">
        <ele>9</ele>
        <time>2026-08-31T11:11:02.000Z</time>
        <extensions>
          <ns3:TrackPointExtension>
            <ns3:hr>151</ns3:hr>
            <ns3:cad>88</ns3:cad>
          </ns3:TrackPointExtension>
        </extensions>
      </trkpt>
      <trkpt lat="31.21857027523219585418701171875" lon="121.38829442672431468963623046875">
        <ele>9</ele>
        <time>2026-08-31T11:11:03.000Z</time>
        <extensions>
          <ns3:TrackPointExtension>
            <ns3:hr>152</ns3:hr>
            <ns3:cad>88</ns3:cad>
          </ns3:TrackPointExtension>
        </extensions>
      </trkpt>
      <trkpt lat="31.21859483420848846435546875" lon="121.388303898274898529052734375">
        <ele>8.80000019073486328125</ele>
        <time>2026-08-31T11:11:04.000Z</time>
        <extensions>
          <ns3:TrackPointExtension>
            <ns3:hr>151</ns3:hr>
            <ns3:cad>87</ns3:cad>
          </ns3:TrackPointExtension>
        </extensions>
      </trkpt>
      <trkpt lat="31.2186194770038127899169921875" lon="121.38830515556037425994873046875">
        <ele>8.80000019073486328125</ele>
        <time>2026-08-31T11:11:05.000Z</time>
        <extensions>
          <ns3:TrackPointExtension>
            <ns3:hr>151</ns3:hr>
            <ns3:cad>87</ns3:cad>
          </ns3:TrackPointExtension>
        </extensions>
      </trkpt>
      <trkpt lat="31.21864688582718372344970703125" lon="121.38831068761646747589111328125">
        <ele>8.80000019073486328125</ele>
        <time>2026-08-31T11:11:06.000Z</time>
        <extensions>
          <ns3:TrackPointExtension>
            <ns3:hr>151</ns3:hr>
            <ns3:cad>87</ns3:cad>
          </ns3:TrackPointExtension>
        </extensions>
      </trkpt>
      <trkpt lat="31.218664906919002532958984375" lon="121.388313286006450653076171875">
        <ele>8.80000019073486328125</ele>
        <time>2026-08-31T11:11:07.000Z</time>
        <extensions>
          <ns3:TrackPointExtension>
            <ns3:hr>151</ns3:hr>
            <ns3:cad>89</ns3:cad>
          </ns3:TrackPointExtension>
        </extensions>
      </trkpt>
      <trkpt lat="31.21868208982050418853759765625" lon="121.3883225060999393463134765625">
        <ele>8.80000019073486328125</ele>
        <time>2026-08-31T11:11:08.000Z</time>
        <extensions>
          <ns3:TrackPointExtension>
            <ns3:hr>151</ns3:hr>
            <ns3:cad>89</ns3:cad>
          </ns3:TrackPointExtension>
        </extensions>
      </trkpt>
      <trkpt lat="31.2187026254832744598388671875" lon="121.38832460157573223114013671875">
        <ele>9</ele>
        <time>2026-08-31T11:11:09.000Z</time>
        <extensions>
          <ns3:TrackPointExtension>
            <ns3:hr>150</ns3:hr>
            <ns3:cad>88</ns3:cad>
          </ns3:TrackPointExtension>
        </extensions>
      </trkpt>
      <trkpt lat="31.21872802264988422393798828125" lon="121.3883372582495212554931640625">
        <ele>8.80000019073486328125</ele>
        <time>2026-08-31T11:11:10.000Z</time>
        <extensions>
          <ns3:TrackPointExtension>
            <ns3:hr>150</ns3:hr>
            <ns3:cad>88</ns3:cad>
          </ns3:TrackPointExtension>
        </extensions>
      </trkpt>
      <trkpt lat="31.2187431938946247100830078125" lon="121.388338096439838409423828125">
        <ele>9</ele>
        <time>2026-08-31T11:11:11.000Z</time>
        <extensions>
          <ns3:TrackPointExtension>
            <ns3:hr>150</ns3:hr>
            <ns3:cad>88</ns3:cad>
          </ns3:TrackPointExtension>
        </extensions>
      </trkpt>
      <trkpt lat="31.2187710218131542205810546875" lon="121.38834320940077304840087890625">
        <ele>9</ele>
        <time>2026-08-31T11:11:12.000Z</time>
        <extensions>
          <ns3:TrackPointExtension>
            <ns3:hr>150</ns3:hr>
            <ns3:cad>88</ns3:cad>
          </ns3:TrackPointExtension>
        </extensions>
      </trkpt>
      <trkpt lat="31.218794323503971099853515625" lon="121.38833918608725070953369140625">
        <ele>9</ele>
        <time>2026-08-31T11:11:13.000Z</time>
        <extensions>
          <ns3:TrackPointExtension>
            <ns3:hr>151</ns3:hr>
            <ns3:cad>88</ns3:cad>
          </ns3:TrackPointExtension>
        </extensions>
      </trkpt>
      <trkpt lat="31.2188182957470417022705078125" lon="121.38833968900144100189208984375">
        <ele>9</ele>
        <time>2026-08-31T11:11:14.000Z</time>
        <extensions>
          <ns3:TrackPointExtension>
            <ns3:hr>150</ns3:hr>
            <ns3:cad>88</ns3:cad>
          </ns3:TrackPointExtension>
        </extensions>
      </trkpt>
      <trkpt lat="31.21884453110396862030029296875" lon="121.38834178447723388671875">
        <ele>9</ele>
        <time>2026-08-31T11:11:15.000Z</time>
        <extensions>
          <ns3:TrackPointExtension>
            <ns3:hr>150</ns3:hr>
            <ns3:cad>88</ns3:cad>
          </ns3:TrackPointExtension>
        </extensions>
      </trkpt>
      <trkpt lat="31.21886347420513629913330078125" lon="121.38834924437105655670166015625">
        <ele>9</ele>
        <time>2026-08-31T11:11:16.000Z</time>
        <extensions>
          <ns3:TrackPointExtension>
            <ns3:hr>150</ns3:hr>
            <ns3:cad>88</ns3:cad>
          </ns3:TrackPointExtension>
        </extensions>
      </trkpt>
      <trkpt lat="31.21888610534369945526123046875" lon="121.3883523456752300262451171875">
        <ele>9</ele>
        <time>2026-08-31T11:11:17.000Z</time>
        <extensions>
          <ns3:TrackPointExtension>
            <ns3:hr>150</ns3:hr>
            <ns3:cad>87</ns3:cad>
          </ns3:TrackPointExtension>
        </extensions>
      </trkpt>
      <trkpt lat="31.21891343034803867340087890625" lon="121.3883540220558643341064453125">
        <ele>9</ele>
        <time>2026-08-31T11:11:18.000Z</time>
        <extensions>
          <ns3:TrackPointExtension>
            <ns3:hr>150</ns3:hr>
            <ns3:cad>87</ns3:cad>
          </ns3:TrackPointExtension>
        </extensions>
      </trkpt>
      <trkpt lat="31.21893388219177722930908203125" lon="121.38835695572197437286376953125">
        <ele>9</ele>
        <time>2026-08-31T11:11:19.000Z</time>
        <extensions>
          <ns3:TrackPointExtension>
            <ns3:hr>150</ns3:hr>
            <ns3:cad>88</ns3:cad>
          </ns3:TrackPointExtension>
        </extensions>
      </trkpt>
      <trkpt lat="31.21895693242549896240234375" lon="121.38835997320711612701416015625">
        <ele>9</ele>
        <time>2026-08-31T11:11:20.000Z</time>
        <extensions>
          <ns3:TrackPointExtension>
            <ns3:hr>151</ns3:hr>
            <ns3:cad>89</ns3:cad>
          </ns3:TrackPointExtension>
        </extensions>
      </trkpt>
      <trkpt lat="31.2189805693924427032470703125" lon="121.3883617334067821502685546875">
        <ele>9</ele>
        <time>2026-08-31T11:11:21.000Z</time>
        <extensions>
          <ns3:TrackPointExtension>
            <ns3:hr>150</ns3:hr>
            <ns3:cad>89</ns3:cad>
          </ns3:TrackPointExtension>
        </extensions>
      </trkpt>
      <trkpt lat="31.2189990095794200897216796875" lon="121.3883647508919239044189453125">
        <ele>9</ele>
        <time>2026-08-31T11:11:22.000Z</time>
        <extensions>
          <ns3:TrackPointExtension>
            <ns3:hr>150</ns3:hr>
            <ns3:cad>88</ns3:cad>
          </ns3:TrackPointExtension>
        </extensions>
      </trkpt>
      <trkpt lat="31.21902189217507839202880859375" lon="121.38836751691997051239013671875">
        <ele>8.80000019073486328125</ele>
        <time>2026-08-31T11:11:23.000Z</time>
        <extensions>
          <ns3:TrackPointExtension>
            <ns3:hr>150</ns3:hr>
            <ns3:cad>88</ns3:cad>
          </ns3:TrackPointExtension>
        </extensions>
      </trkpt>
      <trkpt lat="31.21904837898910045623779296875" lon="121.388362236320972442626953125">
        <ele>8.80000019073486328125</ele>
        <time>2026-08-31T11:11:24.000Z</time>
        <extensions>
          <ns3:TrackPointExtension>
            <ns3:hr>150</ns3:hr>
            <ns3:cad>88</ns3:cad>
          </ns3:TrackPointExtension>
        </extensions>
      </trkpt>
      <trkpt lat="31.2190715968608856201171875" lon="121.3883672654628753662109375">
        <ele>8.80000019073486328125</ele>
        <time>2026-08-31T11:11:25.000Z</time>
        <extensions>
          <ns3:TrackPointExtension>
            <ns3:hr>150</ns3:hr>
            <ns3:cad>88</ns3:cad>
          </ns3:TrackPointExtension>
        </extensions>
      </trkpt>
      <trkpt lat="31.21909397654235363006591796875" lon="121.3883660919964313507080078125">
        <ele>8.80000019073486328125</ele>
        <time>2026-08-31T11:11:26.000Z</time>
        <extensions>
          <ns3:TrackPointExtension>
            <ns3:hr>150</ns3:hr>
            <ns3:cad>89</ns3:cad>
          </ns3:TrackPointExtension>
        </extensions>
      </trkpt>
      <trkpt lat="31.21911652386188507080078125" lon="121.38836902566254138946533203125">
        <ele>9</ele>
        <time>2026-08-31T11:11:27.000Z</time>
        <extensions>
          <ns3:TrackPointExtension>
            <ns3:hr>150</ns3:hr>
            <ns3:cad>89</ns3:cad>
          </ns3:TrackPointExtension>
        </extensions>
      </trkpt>
      <trkpt lat="31.2191311083734035491943359375" lon="121.38836835511028766632080078125">
        <ele>9</ele>
        <time>2026-08-31T11:11:28.000Z</time>
        <extensions>
          <ns3:TrackPointExtension>
            <ns3:hr>150</ns3:hr>
            <ns3:cad>89</ns3:cad>
          </ns3:TrackPointExtension>
        </extensions>
      </trkpt>
      <trkpt lat="31.2191539071500301361083984375" lon="121.388378329575061798095703125">
        <ele>9</ele>
        <time>2026-08-31T11:11:29.000Z</time>
        <extensions>
          <ns3:TrackPointExtension>
            <ns3:hr>150</ns3:hr>
            <ns3:cad>88</ns3:cad>
          </ns3:TrackPointExtension>
        </extensions>
      </trkpt>
      <trkpt lat="31.21917377226054668426513671875" lon="121.38837958686053752899169921875">
        <ele>9</ele>
        <time>2026-08-31T11:11:30.000Z</time>
        <extensions>
          <ns3:TrackPointExtension>
            <ns3:hr>150</ns3:hr>
            <ns3:cad>88</ns3:cad>
          </ns3:TrackPointExtension>
        </extensions>
      </trkpt>
      <trkpt lat="31.21919791214168071746826171875" lon="121.3883808441460132598876953125">
        <ele>9</ele>
        <time>2026-08-31T11:11:31.000Z</time>
        <extensions>
          <ns3:TrackPointExtension>
            <ns3:hr>150</ns3:hr>
            <ns3:cad>88</ns3:cad>
          </ns3:TrackPointExtension>
        </extensions>
      </trkpt>
      <trkpt lat="31.219217441976070404052734375" lon="121.3883758150041103363037109375">
        <ele>9</ele>
        <time>2026-08-31T11:11:32.000Z</time>
        <extensions>
          <ns3:TrackPointExtension>
            <ns3:hr>150</ns3:hr>
            <ns3:cad>88</ns3:cad>
          </ns3:TrackPointExtension>
        </extensions>
      </trkpt>
      <trkpt lat="31.219234205782413482666015625" lon="121.38837464153766632080078125">
        <ele>9</ele>
        <time>2026-08-31T11:11:33.000Z</time>
        <extensions>
          <ns3:TrackPointExtension>
            <ns3:hr>150</ns3:hr>
            <ns3:cad>88</ns3:cad>
          </ns3:TrackPointExtension>
        </extensions>
      </trkpt>
      <trkpt lat="31.21925239451229572296142578125" lon="121.38837355189025402069091796875">
        <ele>9</ele>
        <time>2026-08-31T11:11:34.000Z</time>
        <extensions>
          <ns3:TrackPointExtension>
            <ns3:hr>151</ns3:hr>
            <ns3:cad>88</ns3:cad>
          </ns3:TrackPointExtension>
        </extensions>
      </trkpt>
      <trkpt lat="31.21927536092698574066162109375" lon="121.388364247977733612060546875">
        <ele>9</ele>
        <time>2026-08-31T11:11:35.000Z</time>
        <extensions>
          <ns3:TrackPointExtension>
            <ns3:hr>151</ns3:hr>
            <ns3:cad>87</ns3:cad>
          </ns3:TrackPointExtension>
        </extensions>
      </trkpt>
      <trkpt lat="31.2193000875413417816162109375" lon="121.3883640803396701812744140625">
        <ele>9</ele>
        <time>2026-08-31T11:11:36.000Z</time>
        <extensions>
          <ns3:TrackPointExtension>
            <ns3:hr>151</ns3:hr>
            <ns3:cad>87</ns3:cad>
          </ns3:TrackPointExtension>
        </extensions>
      </trkpt>
      <trkpt lat="31.21932162903249263763427734375" lon="121.3883573748171329498291015625">
        <ele>9</ele>
        <time>2026-08-31T11:11:37.000Z</time>
        <extensions>
          <ns3:TrackPointExtension>
            <ns3:hr>150</ns3:hr>
            <ns3:cad>87</ns3:cad>
          </ns3:TrackPointExtension>
        </extensions>
      </trkpt>
      <trkpt lat="31.21934811584651470184326171875" lon="121.38835628516972064971923828125">
        <ele>9</ele>
        <time>2026-08-31T11:11:38.000Z</time>
        <extensions>
          <ns3:TrackPointExtension>
            <ns3:hr>150</ns3:hr>
            <ns3:cad>87</ns3:cad>
          </ns3:TrackPointExtension>
        </extensions>
      </trkpt>
      <trkpt lat="31.219366975128650665283203125" lon="121.38835477642714977264404296875">
        <ele>9</ele>
        <time>2026-08-31T11:11:39.000Z</time>
        <extensions>
          <ns3:TrackPointExtension>
            <ns3:hr>150</ns3:hr>
            <ns3:cad>88</ns3:cad>
          </ns3:TrackPointExtension>
        </extensions>
      </trkpt>
      <trkpt lat="31.2193922884762287139892578125" lon="121.38835527934134006500244140625">
        <ele>9</ele>
        <time>2026-08-31T11:11:40.000Z</time>
        <extensions>
          <ns3:TrackPointExtension>
            <ns3:hr>150</ns3:hr>
            <ns3:cad>88</ns3:cad>
          </ns3:TrackPointExtension>
        </extensions>
      </trkpt>
      <trkpt lat="31.21941550634801387786865234375" lon="121.38835192658007144927978515625">
        <ele>9</ele>
        <time>2026-08-31T11:11:41.000Z</time>
        <extensions>
          <ns3:TrackPointExtension>
            <ns3:hr>150</ns3:hr>
            <ns3:cad>88</ns3:cad>
          </ns3:TrackPointExtension>
        </extensions>
      </trkpt>
      <trkpt lat="31.21944299899041652679443359375" lon="121.3883536867797374725341796875">
        <ele>9.19999980926513671875</ele>
        <time>2026-08-31T11:11:42.000Z</time>
        <extensions>
          <ns3:TrackPointExtension>
            <ns3:hr>150</ns3:hr>
            <ns3:cad>87</ns3:cad>
          </ns3:TrackPointExtension>
        </extensions>
      </trkpt>
      <trkpt lat="31.2194633670151233673095703125" lon="121.38835050165653228759765625">
        <ele>9.19999980926513671875</ele>
        <time>2026-08-31T11:11:43.000Z</time>
        <extensions>
          <ns3:TrackPointExtension>
            <ns3:hr>150</ns3:hr>
            <ns3:cad>87</ns3:cad>
          </ns3:TrackPointExtension>
        </extensions>
      </trkpt>
      <trkpt lat="31.2194878421723842620849609375" lon="121.38834538869559764862060546875">
        <ele>9.19999980926513671875</ele>
        <time>2026-08-31T11:11:44.000Z</time>
        <extensions>
          <ns3:TrackPointExtension>
            <ns3:hr>150</ns3:hr>
            <ns3:cad>87</ns3:cad>
          </ns3:TrackPointExtension>
        </extensions>
      </trkpt>
      <trkpt lat="31.21950670145452022552490234375" lon="121.38834689743816852569580078125">
        <ele>9.19999980926513671875</ele>
        <time>2026-08-31T11:11:45.000Z</time>
        <extensions>
          <ns3:TrackPointExtension>
            <ns3:hr>150</ns3:hr>
            <ns3:cad>89</ns3:cad>
          </ns3:TrackPointExtension>
        </extensions>
      </trkpt>
      <trkpt lat="31.21953100897371768951416015625" lon="121.388350836932659149169921875">
        <ele>9.19999980926513671875</ele>
        <time>2026-08-31T11:11:46.000Z</time>
        <extensions>
          <ns3:TrackPointExtension>
            <ns3:hr>150</ns3:hr>
            <ns3:cad>89</ns3:cad>
          </ns3:TrackPointExtension>
        </extensions>
      </trkpt>
      <trkpt lat="31.21955380775034427642822265625" lon="121.388350166380405426025390625">
        <ele>9.19999980926513671875</ele>
        <time>2026-08-31T11:11:47.000Z</time>
        <extensions>
          <ns3:TrackPointExtension>
            <ns3:hr>150</ns3:hr>
            <ns3:cad>89</ns3:cad>
          </ns3:TrackPointExtension>
        </extensions>
      </trkpt>
      <trkpt lat="31.2195746786892414093017578125" lon="121.38834957964718341827392578125">
        <ele>9.19999980926513671875</ele>
        <time>2026-08-31T11:11:48.000Z</time>
        <extensions>
          <ns3:TrackPointExtension>
            <ns3:hr>150</ns3:hr>
            <ns3:cad>89</ns3:cad>
          </ns3:TrackPointExtension>
        </extensions>
      </trkpt>
      <trkpt lat="31.21959923766553401947021484375" lon="121.38834740035235881805419921875">
        <ele>9</ele>
        <time>2026-08-31T11:11:49.000Z</time>
        <extensions>
          <ns3:TrackPointExtension>
            <ns3:hr>151</ns3:hr>
            <ns3:cad>89</ns3:cad>
          </ns3:TrackPointExtension>
        </extensions>
      </trkpt>
      <trkpt lat="31.2196239642798900604248046875" lon="121.38834220357239246368408203125">
        <ele>9.19999980926513671875</ele>
        <time>2026-08-31T11:11:50.000Z</time>
        <extensions>
          <ns3:TrackPointExtension>
            <ns3:hr>152</ns3:hr>
            <ns3:cad>89</ns3:cad>
          </ns3:TrackPointExtension>
        </extensions>
      </trkpt>
      <trkpt lat="31.21964089572429656982421875" lon="121.38834220357239246368408203125">
        <ele>9.19999980926513671875</ele>
        <time>2026-08-31T11:11:51.000Z</time>
        <extensions>
          <ns3:TrackPointExtension>
            <ns3:hr>152</ns3:hr>
            <ns3:cad>89</ns3:cad>
          </ns3:TrackPointExtension>
        </extensions>
      </trkpt>
      <trkpt lat="31.2196670472621917724609375" lon="121.38833818025887012481689453125">
        <ele>9.19999980926513671875</ele>
        <time>2026-08-31T11:11:52.000Z</time>
        <extensions>
          <ns3:TrackPointExtension>
            <ns3:hr>153</ns3:hr>
            <ns3:cad>89</ns3:cad>
          </ns3:TrackPointExtension>
        </extensions>
      </trkpt>
      <trkpt lat="31.2196947075426578521728515625" lon="121.38833750970661640167236328125">
        <ele>9.19999980926513671875</ele>
        <time>2026-08-31T11:11:53.000Z</time>
        <extensions>
          <ns3:TrackPointExtension>
            <ns3:hr>153</ns3:hr>
            <ns3:cad>88</ns3:cad>
          </ns3:TrackPointExtension>
        </extensions>
      </trkpt>
      <trkpt lat="31.2197201885282993316650390625" lon="121.3883352465927600860595703125">
        <ele>9.19999980926513671875</ele>
        <time>2026-08-31T11:11:54.000Z</time>
        <extensions>
          <ns3:TrackPointExtension>
            <ns3:hr>153</ns3:hr>
            <ns3:cad>87</ns3:cad>
          </ns3:TrackPointExtension>
        </extensions>
      </trkpt>
      <trkpt lat="31.21974860318005084991455078125" lon="121.38833834789693355560302734375">
        <ele>9.3999996185302734375</ele>
        <time>2026-08-31T11:11:55.000Z</time>
        <extensions>
          <ns3:TrackPointExtension>
            <ns3:hr>153</ns3:hr>
            <ns3:cad>87</ns3:cad>
          </ns3:TrackPointExtension>
        </extensions>
      </trkpt>
      <trkpt lat="31.21976804919540882110595703125" lon="121.38833574950695037841796875">
        <ele>9.19999980926513671875</ele>
        <time>2026-08-31T11:11:56.000Z</time>
        <extensions>
          <ns3:TrackPointExtension>
            <ns3:hr>154</ns3:hr>
            <ns3:cad>88</ns3:cad>
          </ns3:TrackPointExtension>
        </extensions>
      </trkpt>
      <trkpt lat="31.219795458018779754638671875" lon="121.38833633624017238616943359375">
        <ele>9.19999980926513671875</ele>
        <time>2026-08-31T11:11:57.000Z</time>
        <extensions>
          <ns3:TrackPointExtension>
            <ns3:hr>154</ns3:hr>
            <ns3:cad>88</ns3:cad>
          </ns3:TrackPointExtension>
        </extensions>
      </trkpt>
      <trkpt lat="31.2198197655379772186279296875" lon="121.3883332349359989166259765625">
        <ele>9.19999980926513671875</ele>
        <time>2026-08-31T11:11:58.000Z</time>
        <extensions>
          <ns3:TrackPointExtension>
            <ns3:hr>153</ns3:hr>
            <ns3:cad>88</ns3:cad>
          </ns3:TrackPointExtension>
        </extensions>
      </trkpt>
      <trkpt lat="31.2198509462177753448486328125" lon="121.3883295468986034393310546875">
        <ele>9.19999980926513671875</ele>
        <time>2026-08-31T11:11:59.000Z</time>
        <extensions>
          <ns3:TrackPointExtension>
            <ns3:hr>153</ns3:hr>
            <ns3:cad>88</ns3:cad>
          </ns3:TrackPointExtension>
        </extensions>
      </trkpt>
      <trkpt lat="31.21986930258572101593017578125" lon="121.38832091353833675384521484375">
        <ele>9.19999980926513671875</ele>
        <time>2026-08-31T11:12:00.000Z</time>
        <extensions>
          <ns3:TrackPointExtension>
            <ns3:hr>153</ns3:hr>
            <ns3:cad>87</ns3:cad>
          </ns3:TrackPointExtension>
        </extensions>
      </trkpt>
      <trkpt lat="31.21989947743713855743408203125" lon="121.38830490410327911376953125">
        <ele>9.19999980926513671875</ele>
        <time>2026-08-31T11:12:01.000Z</time>
        <extensions>
          <ns3:TrackPointExtension>
            <ns3:hr>153</ns3:hr>
            <ns3:cad>87</ns3:cad>
          </ns3:TrackPointExtension>
        </extensions>
      </trkpt>
      <trkpt lat="31.2199133075773715972900390625" lon="121.38828436844050884246826171875">
        <ele>9.3999996185302734375</ele>
        <time>2026-08-31T11:12:02.000Z</time>
        <extensions>
          <ns3:TrackPointExtension>
            <ns3:hr>154</ns3:hr>
            <ns3:cad>87</ns3:cad>
          </ns3:TrackPointExtension>
        </extensions>
      </trkpt>
      <trkpt lat="31.21991523541510105133056640625" lon="121.38826291076838970184326171875">
        <ele>9.3999996185302734375</ele>
        <time>2026-08-31T11:12:03.000Z</time>
        <extensions>
          <ns3:TrackPointExtension>
            <ns3:hr>153</ns3:hr>
            <ns3:cad>88</ns3:cad>
          </ns3:TrackPointExtension>
        </extensions>
      </trkpt>
      <trkpt lat="31.21992059983313083648681640625" lon="121.388233490288257598876953125">
        <ele>9.3999996185302734375</ele>
        <time>2026-08-31T11:12:04.000Z</time>
        <extensions>
          <ns3:TrackPointExtension>
            <ns3:hr>153</ns3:hr>
            <ns3:cad>87</ns3:cad>
          </ns3:TrackPointExtension>
        </extensions>
      </trkpt>
      <trkpt lat="31.2199203483760356903076171875" lon="121.3882125355303287506103515625">
        <ele>9.3999996185302734375</ele>
        <time>2026-08-31T11:12:05.000Z</time>
        <extensions>
          <ns3:TrackPointExtension>
            <ns3:hr>154</ns3:hr>
            <ns3:cad>87</ns3:cad>
          </ns3:TrackPointExtension>
        </extensions>
      </trkpt>
      <trkpt lat="31.21992361731827259063720703125" lon="121.38817892409861087799072265625">
        <ele>9.3999996185302734375</ele>
        <time>2026-08-31T11:12:06.000Z</time>
        <extensions>
          <ns3:TrackPointExtension>
            <ns3:hr>154</ns3:hr>
            <ns3:cad>86</ns3:cad>
          </ns3:TrackPointExtension>
        </extensions>
      </trkpt>
      <trkpt lat="31.2199210189282894134521484375" lon="121.38815914280712604522705078125">
        <ele>9.6000003814697265625</ele>
        <time>2026-08-31T11:12:07.000Z</time>
        <extensions>
          <ns3:TrackPointExtension>
            <ns3:hr>154</ns3:hr>
            <ns3:cad>84</ns3:cad>
          </ns3:TrackPointExtension>
        </extensions>
      </trkpt>
      <trkpt lat="31.21991942636668682098388671875" lon="121.3881253637373447418212890625">
        <ele>9.6000003814697265625</ele>
        <time>2026-08-31T11:12:08.000Z</time>
        <extensions>
          <ns3:TrackPointExtension>
            <ns3:hr>153</ns3:hr>
            <ns3:cad>84</ns3:cad>
          </ns3:TrackPointExtension>
        </extensions>
      </trkpt>
      <trkpt lat="31.21991858817636966705322265625" lon="121.3881069235503673553466796875">
        <ele>9.80000019073486328125</ele>
        <time>2026-08-31T11:12:09.000Z</time>
        <extensions>
          <ns3:TrackPointExtension>
            <ns3:hr>153</ns3:hr>
            <ns3:cad>84</ns3:cad>
          </ns3:TrackPointExtension>
        </extensions>
      </trkpt>
      <trkpt lat="31.21991221792995929718017578125" lon="121.38807683251798152923583984375">
        <ele>9.80000019073486328125</ele>
        <time>2026-08-31T11:12:10.000Z</time>
        <extensions>
          <ns3:TrackPointExtension>
            <ns3:hr>153</ns3:hr>
            <ns3:cad>86</ns3:cad>
          </ns3:TrackPointExtension>
        </extensions>
      </trkpt>
      <trkpt lat="31.21990785934031009674072265625" lon="121.38805420137941837310791015625">
        <ele>9.80000019073486328125</ele>
        <time>2026-08-31T11:12:11.000Z</time>
        <extensions>
          <ns3:TrackPointExtension>
            <ns3:hr>153</ns3:hr>
            <ns3:cad>87</ns3:cad>
          </ns3:TrackPointExtension>
        </extensions>
      </trkpt>
      <trkpt lat="31.21990400366485118865966796875" lon="121.38802595436573028564453125">
        <ele>9.80000019073486328125</ele>
        <time>2026-08-31T11:12:12.000Z</time>
        <extensions>
          <ns3:TrackPointExtension>
            <ns3:hr>153</ns3:hr>
            <ns3:cad>87</ns3:cad>
          </ns3:TrackPointExtension>
        </extensions>
      </trkpt>
      <trkpt lat="31.219907104969024658203125" lon="121.387997455894947052001953125">
        <ele>9.6000003814697265625</ele>
        <time>2026-08-31T11:12:13.000Z</time>
        <extensions>
          <ns3:TrackPointExtension>
            <ns3:hr>153</ns3:hr>
            <ns3:cad>87</ns3:cad>
          </ns3:TrackPointExtension>
        </extensions>
      </trkpt>
      <trkpt lat="31.21990685351192951202392578125" lon="121.3879702985286712646484375">
        <ele>9.6000003814697265625</ele>
        <time>2026-08-31T11:12:14.000Z</time>
        <extensions>
          <ns3:TrackPointExtension>
            <ns3:hr>153</ns3:hr>
            <ns3:cad>87</ns3:cad>
          </ns3:TrackPointExtension>
        </extensions>
      </trkpt>
      <trkpt lat="31.21990668587386608123779296875" lon="121.38794104568660259246826171875">
        <ele>9.6000003814697265625</ele>
        <time>2026-08-31T11:12:15.000Z</time>
        <extensions>
          <ns3:TrackPointExtension>
            <ns3:hr>153</ns3:hr>
            <ns3:cad>87</ns3:cad>
          </ns3:TrackPointExtension>
        </extensions>
      </trkpt>
      <trkpt lat="31.21990484185516834259033203125" lon="121.3879148103296756744384765625">
        <ele>9.6000003814697265625</ele>
        <time>2026-08-31T11:12:16.000Z</time>
        <extensions>
          <ns3:TrackPointExtension>
            <ns3:hr>153</ns3:hr>
            <ns3:cad>88</ns3:cad>
          </ns3:TrackPointExtension>
        </extensions>
      </trkpt>
      <trkpt lat="31.21990635059773921966552734375" lon="121.38788354583084583282470703125">
        <ele>9.6000003814697265625</ele>
        <time>2026-08-31T11:12:17.000Z</time>
        <extensions>
          <ns3:TrackPointExtension>
            <ns3:hr>153</ns3:hr>
            <ns3:cad>88</ns3:cad>
          </ns3:TrackPointExtension>
        </extensions>
      </trkpt>
      <trkpt lat="31.2199029140174388885498046875" lon="121.38785831630229949951171875">
        <ele>9.80000019073486328125</ele>
        <time>2026-08-31T11:12:18.000Z</time>
        <extensions>
          <ns3:TrackPointExtension>
            <ns3:hr>153</ns3:hr>
            <ns3:cad>88</ns3:cad>
          </ns3:TrackPointExtension>
        </extensions>
      </trkpt>
      <trkpt lat="31.21990132145583629608154296875" lon="121.3878236152231693267822265625">
        <ele>9.6000003814697265625</ele>
        <time>2026-08-31T11:12:19.000Z</time>
        <extensions>
          <ns3:TrackPointExtension>
            <ns3:hr>153</ns3:hr>
            <ns3:cad>87</ns3:cad>
          </ns3:TrackPointExtension>
        </extensions>
      </trkpt>
      <trkpt lat="31.21990534476935863494873046875" lon="121.38780442066490650177001953125">
        <ele>9.6000003814697265625</ele>
        <time>2026-08-31T11:12:20.000Z</time>
        <extensions>
          <ns3:TrackPointExtension>
            <ns3:hr>153</ns3:hr>
            <ns3:cad>87</ns3:cad>
          </ns3:TrackPointExtension>
        </extensions>
      </trkpt>
      <trkpt lat="31.21990551240742206573486328125" lon="121.38777676038444042205810546875">
        <ele>9.6000003814697265625</ele>
        <time>2026-08-31T11:12:21.000Z</time>
        <extensions>
          <ns3:TrackPointExtension>
            <ns3:hr>153</ns3:hr>
            <ns3:cad>88</ns3:cad>
          </ns3:TrackPointExtension>
        </extensions>
      </trkpt>
      <trkpt lat="31.21990283019840717315673828125" lon="121.387756057083606719970703125">
        <ele>9.6000003814697265625</ele>
        <time>2026-08-31T11:12:22.000Z</time>
        <extensions>
          <ns3:TrackPointExtension>
            <ns3:hr>153</ns3:hr>
            <ns3:cad>90</ns3:cad>
          </ns3:TrackPointExtension>
        </extensions>
      </trkpt>
      <trkpt lat="31.21990132145583629608154296875" lon="121.38772764243185520172119140625">
        <ele>9.6000003814697265625</ele>
        <time>2026-08-31T11:12:23.000Z</time>
        <extensions>
          <ns3:TrackPointExtension>
            <ns3:hr>153</ns3:hr>
            <ns3:cad>90</ns3:cad>
          </ns3:TrackPointExtension>
        </extensions>
      </trkpt>
      <trkpt lat="31.21989863924682140350341796875" lon="121.3877066038548946380615234375">
        <ele>9.6000003814697265625</ele>
        <time>2026-08-31T11:12:24.000Z</time>
        <extensions>
          <ns3:TrackPointExtension>
            <ns3:hr>153</ns3:hr>
            <ns3:cad>89</ns3:cad>
          </ns3:TrackPointExtension>
        </extensions>
      </trkpt>
      <trkpt lat="31.21989880688488483428955078125" lon="121.387679278850555419921875">
        <ele>9.6000003814697265625</ele>
        <time>2026-08-31T11:12:25.000Z</time>
        <extensions>
          <ns3:TrackPointExtension>
            <ns3:hr>153</ns3:hr>
            <ns3:cad>88</ns3:cad>
          </ns3:TrackPointExtension>
        </extensions>
      </trkpt>
      <trkpt lat="31.2198958732187747955322265625" lon="121.3876536302268505096435546875">
        <ele>9.6000003814697265625</ele>
        <time>2026-08-31T11:12:26.000Z</time>
        <extensions>
          <ns3:TrackPointExtension>
            <ns3:hr>154</ns3:hr>
            <ns3:cad>88</ns3:cad>
          </ns3:TrackPointExtension>
        </extensions>
      </trkpt>
      <trkpt lat="31.2198931910097599029541015625" lon="121.3876254670321941375732421875">
        <ele>9.6000003814697265625</ele>
        <time>2026-08-31T11:12:27.000Z</time>
        <extensions>
          <ns3:TrackPointExtension>
            <ns3:hr>154</ns3:hr>
            <ns3:cad>87</ns3:cad>
          </ns3:TrackPointExtension>
        </extensions>
      </trkpt>
      <trkpt lat="31.2198925204575061798095703125" lon="121.38760082423686981201171875">
        <ele>9.6000003814697265625</ele>
        <time>2026-08-31T11:12:28.000Z</time>
        <extensions>
          <ns3:TrackPointExtension>
            <ns3:hr>154</ns3:hr>
            <ns3:cad>87</ns3:cad>
          </ns3:TrackPointExtension>
        </extensions>
      </trkpt>
      <trkpt lat="31.2198921851813793182373046875" lon="121.38756821863353252410888671875">
        <ele>9.6000003814697265625</ele>
        <time>2026-08-31T11:12:29.000Z</time>
        <extensions>
          <ns3:TrackPointExtension>
            <ns3:hr>154</ns3:hr>
            <ns3:cad>88</ns3:cad>
          </ns3:TrackPointExtension>
        </extensions>
      </trkpt>
      <trkpt lat="31.21989293955266475677490234375" lon="121.38754139654338359832763671875">
        <ele>9.6000003814697265625</ele>
        <time>2026-08-31T11:12:30.000Z</time>
        <extensions>
          <ns3:TrackPointExtension>
            <ns3:hr>154</ns3:hr>
            <ns3:cad>88</ns3:cad>
          </ns3:TrackPointExtension>
        </extensions>
      </trkpt>
      <trkpt lat="31.21989428065717220306396484375" lon="121.3875148259103298187255859375">
        <ele>9.6000003814697265625</ele>
        <time>2026-08-31T11:12:31.000Z</time>
        <extensions>
          <ns3:TrackPointExtension>
            <ns3:hr>154</ns3:hr>
            <ns3:cad>88</ns3:cad>
          </ns3:TrackPointExtension>
        </extensions>
      </trkpt>
      <trkpt lat="31.21989645995199680328369140625" lon="121.38749144040048122406005859375">
        <ele>9.6000003814697265625</ele>
        <time>2026-08-31T11:12:32.000Z</time>
        <extensions>
          <ns3:TrackPointExtension>
            <ns3:hr>155</ns3:hr>
            <ns3:cad>88</ns3:cad>
          </ns3:TrackPointExtension>
        </extensions>
      </trkpt>
      <trkpt lat="31.2198975495994091033935546875" lon="121.38746394775807857513427734375">
        <ele>9.6000003814697265625</ele>
        <time>2026-08-31T11:12:33.000Z</time>
        <extensions>
          <ns3:TrackPointExtension>
            <ns3:hr>154</ns3:hr>
            <ns3:cad>88</ns3:cad>
          </ns3:TrackPointExtension>
        </extensions>
      </trkpt>
      <trkpt lat="31.2199019081890583038330078125" lon="121.3874414004385471343994140625">
        <ele>9.6000003814697265625</ele>
        <time>2026-08-31T11:12:34.000Z</time>
        <extensions>
          <ns3:TrackPointExtension>
            <ns3:hr>154</ns3:hr>
            <ns3:cad>88</ns3:cad>
          </ns3:TrackPointExtension>
        </extensions>
      </trkpt>
      <trkpt lat="31.2199003994464874267578125" lon="121.387416422367095947265625">
        <ele>9.6000003814697265625</ele>
        <time>2026-08-31T11:12:35.000Z</time>
        <extensions>
          <ns3:TrackPointExtension>
            <ns3:hr>155</ns3:hr>
            <ns3:cad>90</ns3:cad>
          </ns3:TrackPointExtension>
        </extensions>
      </trkpt>
      <trkpt lat="31.21990106999874114990234375" lon="121.38738716952502727508544921875">
        <ele>9.6000003814697265625</ele>
        <time>2026-08-31T11:12:36.000Z</time>
        <extensions>
          <ns3:TrackPointExtension>
            <ns3:hr>154</ns3:hr>
            <ns3:cad>90</ns3:cad>
          </ns3:TrackPointExtension>
        </extensions>
      </trkpt>
      <trkpt lat="31.219896711409091949462890625" lon="121.387362778186798095703125">
        <ele>9.6000003814697265625</ele>
        <time>2026-08-31T11:12:37.000Z</time>
        <extensions>
          <ns3:TrackPointExtension>
            <ns3:hr>154</ns3:hr>
            <ns3:cad>89</ns3:cad>
          </ns3:TrackPointExtension>
        </extensions>
      </trkpt>
      <trkpt lat="31.2198952026665210723876953125" lon="121.387336961925029754638671875">
        <ele>9.6000003814697265625</ele>
        <time>2026-08-31T11:12:38.000Z</time>
        <extensions>
          <ns3:TrackPointExtension>
            <ns3:hr>155</ns3:hr>
            <ns3:cad>88</ns3:cad>
          </ns3:TrackPointExtension>
        </extensions>
      </trkpt>
      <trkpt lat="31.2198935262858867645263671875" lon="121.38731005601584911346435546875">
        <ele>9.6000003814697265625</ele>
        <time>2026-08-31T11:12:39.000Z</time>
        <extensions>
          <ns3:TrackPointExtension>
            <ns3:hr>154</ns3:hr>
            <ns3:cad>89</ns3:cad>
          </ns3:TrackPointExtension>
        </extensions>
      </trkpt>
      <trkpt lat="31.219892017543315887451171875" lon="121.3872781209647655487060546875">
        <ele>9.6000003814697265625</ele>
        <time>2026-08-31T11:12:40.000Z</time>
        <extensions>
          <ns3:TrackPointExtension>
            <ns3:hr>154</ns3:hr>
            <ns3:cad>89</ns3:cad>
          </ns3:TrackPointExtension>
        </extensions>
      </trkpt>
      <trkpt lat="31.2198918499052524566650390625" lon="121.38725339435040950775146484375">
        <ele>9.6000003814697265625</ele>
        <time>2026-08-31T11:12:41.000Z</time>
        <extensions>
          <ns3:TrackPointExtension>
            <ns3:hr>155</ns3:hr>
            <ns3:cad>89</ns3:cad>
          </ns3:TrackPointExtension>
        </extensions>
      </trkpt>
      <trkpt lat="31.21989159844815731048583984375" lon="121.38722187839448451995849609375">
        <ele>9.6000003814697265625</ele>
        <time>2026-08-31T11:12:42.000Z</time>
        <extensions>
          <ns3:TrackPointExtension>
            <ns3:hr>154</ns3:hr>
            <ns3:cad>89</ns3:cad>
          </ns3:TrackPointExtension>
        </extensions>
      </trkpt>
      <trkpt lat="31.219885647296905517578125" lon="121.387198157608509063720703125">
        <ele>9.3999996185302734375</ele>
        <time>2026-08-31T11:12:43.000Z</time>
        <extensions>
          <ns3:TrackPointExtension>
            <ns3:hr>155</ns3:hr>
            <ns3:cad>88</ns3:cad>
          </ns3:TrackPointExtension>
        </extensions>
      </trkpt>
      <trkpt lat="31.21988640166819095611572265625" lon="121.38716974295675754547119140625">
        <ele>9.3999996185302734375</ele>
        <time>2026-08-31T11:12:44.000Z</time>
        <extensions>
          <ns3:TrackPointExtension>
            <ns3:hr>155</ns3:hr>
            <ns3:cad>88</ns3:cad>
          </ns3:TrackPointExtension>
        </extensions>
      </trkpt>
      <trkpt lat="31.21988355182111263275146484375" lon="121.38714610598981380462646484375">
        <ele>9.6000003814697265625</ele>
        <time>2026-08-31T11:12:45.000Z</time>
        <extensions>
          <ns3:TrackPointExtension>
            <ns3:hr>155</ns3:hr>
            <ns3:cad>88</ns3:cad>
          </ns3:TrackPointExtension>
        </extensions>
      </trkpt>
      <trkpt lat="31.21988053433597087860107421875" lon="121.3871158473193645477294921875">
        <ele>9.6000003814697265625</ele>
        <time>2026-08-31T11:12:46.000Z</time>
        <extensions>
          <ns3:TrackPointExtension>
            <ns3:hr>154</ns3:hr>
            <ns3:cad>88</ns3:cad>
          </ns3:TrackPointExtension>
        </extensions>
      </trkpt>
      <trkpt lat="31.21987768448889255523681640625" lon="121.38709128834307193756103515625">
        <ele>9.80000019073486328125</ele>
        <time>2026-08-31T11:12:47.000Z</time>
        <extensions>
          <ns3:TrackPointExtension>
            <ns3:hr>154</ns3:hr>
            <ns3:cad>90</ns3:cad>
          </ns3:TrackPointExtension>
        </extensions>
      </trkpt>
      <trkpt lat="31.2198722362518310546875" lon="121.38706170022487640380859375">
        <ele>9.80000019073486328125</ele>
        <time>2026-08-31T11:12:48.000Z</time>
        <extensions>
          <ns3:TrackPointExtension>
            <ns3:hr>154</ns3:hr>
            <ns3:cad>90</ns3:cad>
          </ns3:TrackPointExtension>
        </extensions>
      </trkpt>
      <trkpt lat="31.2198708951473236083984375" lon="121.38703462667763233184814453125">
        <ele>9.80000019073486328125</ele>
        <time>2026-08-31T11:12:49.000Z</time>
        <extensions>
          <ns3:TrackPointExtension>
            <ns3:hr>154</ns3:hr>
            <ns3:cad>89</ns3:cad>
          </ns3:TrackPointExtension>
        </extensions>
      </trkpt>
      <trkpt lat="31.21987081132829189300537109375" lon="121.3870042003691196441650390625">
        <ele>9.80000019073486328125</ele>
        <time>2026-08-31T11:12:50.000Z</time>
        <extensions>
          <ns3:TrackPointExtension>
            <ns3:hr>155</ns3:hr>
            <ns3:cad>87</ns3:cad>
          </ns3:TrackPointExtension>
        </extensions>
      </trkpt>
      <trkpt lat="31.2198693864047527313232421875" lon="121.386978216469287872314453125">
        <ele>9.80000019073486328125</ele>
        <time>2026-08-31T11:12:51.000Z</time>
        <extensions>
          <ns3:TrackPointExtension>
            <ns3:hr>154</ns3:hr>
            <ns3:cad>87</ns3:cad>
          </ns3:TrackPointExtension>
        </extensions>
      </trkpt>
      <trkpt lat="31.21987148188054561614990234375" lon="121.38694812543690204620361328125">
        <ele>9.80000019073486328125</ele>
        <time>2026-08-31T11:12:52.000Z</time>
        <extensions>
          <ns3:TrackPointExtension>
            <ns3:hr>154</ns3:hr>
            <ns3:cad>88</ns3:cad>
          </ns3:TrackPointExtension>
        </extensions>
      </trkpt>
      <trkpt lat="31.21986712329089641571044921875" lon="121.3869207166135311126708984375">
        <ele>9.6000003814697265625</ele>
        <time>2026-08-31T11:12:53.000Z</time>
        <extensions>
          <ns3:TrackPointExtension>
            <ns3:hr>155</ns3:hr>
            <ns3:cad>88</ns3:cad>
          </ns3:TrackPointExtension>
        </extensions>
      </trkpt>
      <trkpt lat="31.21986947022378444671630859375" lon="121.38688760809600353240966796875">
        <ele>9.6000003814697265625</ele>
        <time>2026-08-31T11:12:54.000Z</time>
        <extensions>
          <ns3:TrackPointExtension>
            <ns3:hr>154</ns3:hr>
            <ns3:cad>88</ns3:cad>
          </ns3:TrackPointExtension>
        </extensions>
      </trkpt>
      <trkpt lat="31.2198693864047527313232421875" lon="121.38685978017747402191162109375">
        <ele>9.6000003814697265625</ele>
        <time>2026-08-31T11:12:55.000Z</time>
        <extensions>
          <ns3:TrackPointExtension>
            <ns3:hr>154</ns3:hr>
            <ns3:cad>88</ns3:cad>
          </ns3:TrackPointExtension>
        </extensions>
      </trkpt>
      <trkpt lat="31.2198655307292938232421875" lon="121.386828012764453887939453125">
        <ele>9.3999996185302734375</ele>
        <time>2026-08-31T11:12:56.000Z</time>
        <extensions>
          <ns3:TrackPointExtension>
            <ns3:hr>154</ns3:hr>
            <ns3:cad>88</ns3:cad>
          </ns3:TrackPointExtension>
        </extensions>
      </trkpt>
      <trkpt lat="31.2198626808822154998779296875" lon="121.38679540716111660003662109375">
        <ele>9.3999996185302734375</ele>
        <time>2026-08-31T11:12:57.000Z</time>
        <extensions>
          <ns3:TrackPointExtension>
            <ns3:hr>153</ns3:hr>
            <ns3:cad>87</ns3:cad>
          </ns3:TrackPointExtension>
        </extensions>
      </trkpt>
      <trkpt lat="31.2198566459119319915771484375" lon="121.38677059672772884368896484375">
        <ele>9.3999996185302734375</ele>
        <time>2026-08-31T11:12:58.000Z</time>
        <extensions>
          <ns3:TrackPointExtension>
            <ns3:hr>153</ns3:hr>
            <ns3:cad>87</ns3:cad>
          </ns3:TrackPointExtension>
        </extensions>
      </trkpt>
      <trkpt lat="31.21986092068254947662353515625" lon="121.38673991896212100982666015625">
        <ele>9.3999996185302734375</ele>
        <time>2026-08-31T11:12:59.000Z</time>
        <extensions>
          <ns3:TrackPointExtension>
            <ns3:hr>154</ns3:hr>
            <ns3:cad>88</ns3:cad>
          </ns3:TrackPointExtension>
        </extensions>
      </trkpt>
      <trkpt lat="31.2198536284267902374267578125" lon="121.386718712747097015380859375">
        <ele>9.3999996185302734375</ele>
        <time>2026-08-31T11:13:00.000Z</time>
        <extensions>
          <ns3:TrackPointExtension>
            <ns3:hr>154</ns3:hr>
            <ns3:cad>89</ns3:cad>
          </ns3:TrackPointExtension>
        </extensions>
      </trkpt>
      <trkpt lat="31.2198521196842193603515625" lon="121.38668929226696491241455078125">
        <ele>9.3999996185302734375</ele>
        <time>2026-08-31T11:13:01.000Z</time>
        <extensions>
          <ns3:TrackPointExtension>
            <ns3:hr>155</ns3:hr>
            <ns3:cad>89</ns3:cad>
          </ns3:TrackPointExtension>
        </extensions>
      </trkpt>
      <trkpt lat="31.2198475934565067291259765625" lon="121.38666632585227489471435546875">
        <ele>9.3999996185302734375</ele>
        <time>2026-08-31T11:13:02.000Z</time>
        <extensions>
          <ns3:TrackPointExtension>
            <ns3:hr>155</ns3:hr>
            <ns3:cad>88</ns3:cad>
          </ns3:TrackPointExtension>
        </extensions>
      </trkpt>
      <trkpt lat="31.2198519520461559295654296875" lon="121.386636234819889068603515625">
        <ele>9.3999996185302734375</ele>
        <time>2026-08-31T11:13:03.000Z</time>
        <extensions>
          <ns3:TrackPointExtension>
            <ns3:hr>155</ns3:hr>
            <ns3:cad>87</ns3:cad>
          </ns3:TrackPointExtension>
        </extensions>
      </trkpt>
      <trkpt lat="31.21985052712261676788330078125" lon="121.38661167584359645843505859375">
        <ele>9.3999996185302734375</ele>
        <time>2026-08-31T11:13:04.000Z</time>
        <extensions>
          <ns3:TrackPointExtension>
            <ns3:hr>154</ns3:hr>
            <ns3:cad>87</ns3:cad>
          </ns3:TrackPointExtension>
        </extensions>
      </trkpt>
      <trkpt lat="31.21985270641744136810302734375" lon="121.38657881878316402435302734375">
        <ele>9.3999996185302734375</ele>
        <time>2026-08-31T11:13:05.000Z</time>
        <extensions>
          <ns3:TrackPointExtension>
            <ns3:hr>154</ns3:hr>
            <ns3:cad>88</ns3:cad>
          </ns3:TrackPointExtension>
        </extensions>
      </trkpt>
      <trkpt lat="31.2198469229042530059814453125" lon="121.3865599595010280609130859375">
        <ele>9.3999996185302734375</ele>
        <time>2026-08-31T11:13:06.000Z</time>
        <extensions>
          <ns3:TrackPointExtension>
            <ns3:hr>154</ns3:hr>
            <ns3:cad>89</ns3:cad>
          </ns3:TrackPointExtension>
        </extensions>
      </trkpt>
      <trkpt lat="31.219844408333301544189453125" lon="121.38652785681188106536865234375">
        <ele>9.3999996185302734375</ele>
        <time>2026-08-31T11:13:07.000Z</time>
        <extensions>
          <ns3:TrackPointExtension>
            <ns3:hr>154</ns3:hr>
            <ns3:cad>89</ns3:cad>
          </ns3:TrackPointExtension>
        </extensions>
      </trkpt>
      <trkpt lat="31.2198452465236186981201171875" lon="121.3865111768245697021484375">
        <ele>9.3999996185302734375</ele>
        <time>2026-08-31T11:13:08.000Z</time>
        <extensions>
          <ns3:TrackPointExtension>
            <ns3:hr>154</ns3:hr>
            <ns3:cad>88</ns3:cad>
          </ns3:TrackPointExtension>
        </extensions>
      </trkpt>
      <trkpt lat="31.21984935365617275238037109375" lon="121.38647739775478839874267578125">
        <ele>9.3999996185302734375</ele>
        <time>2026-08-31T11:13:09.000Z</time>
        <extensions>
          <ns3:TrackPointExtension>
            <ns3:hr>153</ns3:hr>
            <ns3:cad>88</ns3:cad>
          </ns3:TrackPointExtension>
        </extensions>
      </trkpt>
      <trkpt lat="31.2198469229042530059814453125" lon="121.38645644299685955047607421875">
        <ele>9.3999996185302734375</ele>
        <time>2026-08-31T11:13:10.000Z</time>
        <extensions>
          <ns3:TrackPointExtension>
            <ns3:hr>153</ns3:hr>
            <ns3:cad>88</ns3:cad>
          </ns3:TrackPointExtension>
        </extensions>
      </trkpt>
      <trkpt lat="31.2198405526578426361083984375" lon="121.3864280283451080322265625">
        <ele>9.3999996185302734375</ele>
        <time>2026-08-31T11:13:11.000Z</time>
        <extensions>
          <ns3:TrackPointExtension>
            <ns3:hr>153</ns3:hr>
            <ns3:cad>88</ns3:cad>
          </ns3:TrackPointExtension>
        </extensions>
      </trkpt>
      <trkpt lat="31.21983828954398632049560546875" lon="121.3863976858556270599365234375">
        <ele>9.3999996185302734375</ele>
        <time>2026-08-31T11:13:12.000Z</time>
        <extensions>
          <ns3:TrackPointExtension>
            <ns3:hr>153</ns3:hr>
            <ns3:cad>89</ns3:cad>
          </ns3:TrackPointExtension>
        </extensions>
      </trkpt>
      <trkpt lat="31.21983661316335201263427734375" lon="121.38636994175612926483154296875">
        <ele>9.3999996185302734375</ele>
        <time>2026-08-31T11:13:13.000Z</time>
        <extensions>
          <ns3:TrackPointExtension>
            <ns3:hr>153</ns3:hr>
            <ns3:cad>89</ns3:cad>
          </ns3:TrackPointExtension>
        </extensions>
      </trkpt>
      <trkpt lat="31.2198368646204471588134765625" lon="121.38634563423693180084228515625">
        <ele>9.3999996185302734375</ele>
        <time>2026-08-31T11:13:14.000Z</time>
        <extensions>
          <ns3:TrackPointExtension>
            <ns3:hr>153</ns3:hr>
            <ns3:cad>88</ns3:cad>
          </ns3:TrackPointExtension>
        </extensions>
      </trkpt>
      <trkpt lat="31.21983745135366916656494140625" lon="121.3863153755664825439453125">
        <ele>9.3999996185302734375</ele>
        <time>2026-08-31T11:13:15.000Z</time>
        <extensions>
          <ns3:TrackPointExtension>
            <ns3:hr>152</ns3:hr>
            <ns3:cad>87</ns3:cad>
          </ns3:TrackPointExtension>
        </extensions>
      </trkpt>
      <trkpt lat="31.21983745135366916656494140625" lon="121.38628880493342876434326171875">
        <ele>9.3999996185302734375</ele>
        <time>2026-08-31T11:13:16.000Z</time>
        <extensions>
          <ns3:TrackPointExtension>
            <ns3:hr>152</ns3:hr>
            <ns3:cad>87</ns3:cad>
          </ns3:TrackPointExtension>
        </extensions>
      </trkpt>
      <trkpt lat="31.2198361940681934356689453125" lon="121.38626349158585071563720703125">
        <ele>9.3999996185302734375</ele>
        <time>2026-08-31T11:13:17.000Z</time>
        <extensions>
          <ns3:TrackPointExtension>
            <ns3:hr>152</ns3:hr>
            <ns3:cad>87</ns3:cad>
          </ns3:TrackPointExtension>
        </extensions>
      </trkpt>
      <trkpt lat="31.2198341824114322662353515625" lon="121.3862335681915283203125">
        <ele>9.3999996185302734375</ele>
        <time>2026-08-31T11:13:18.000Z</time>
        <extensions>
          <ns3:TrackPointExtension>
            <ns3:hr>152</ns3:hr>
            <ns3:cad>89</ns3:cad>
          </ns3:TrackPointExtension>
        </extensions>
      </trkpt>
      <trkpt lat="31.21983191929757595062255859375" lon="121.38621236197650432586669921875">
        <ele>9.3999996185302734375</ele>
        <time>2026-08-31T11:13:19.000Z</time>
        <extensions>
          <ns3:TrackPointExtension>
            <ns3:hr>152</ns3:hr>
            <ns3:cad>89</ns3:cad>
          </ns3:TrackPointExtension>
        </extensions>
      </trkpt>
      <trkpt lat="31.21983644552528858184814453125" lon="121.386182941496372222900390625">
        <ele>9.3999996185302734375</ele>
        <time>2026-08-31T11:13:20.000Z</time>
        <extensions>
          <ns3:TrackPointExtension>
            <ns3:hr>152</ns3:hr>
            <ns3:cad>88</ns3:cad>
          </ns3:TrackPointExtension>
        </extensions>
      </trkpt>
      <trkpt lat="31.21983175165951251983642578125" lon="121.38615486212074756622314453125">
        <ele>9.3999996185302734375</ele>
        <time>2026-08-31T11:13:21.000Z</time>
        <extensions>
          <ns3:TrackPointExtension>
            <ns3:hr>151</ns3:hr>
            <ns3:cad>88</ns3:cad>
          </ns3:TrackPointExtension>
        </extensions>
      </trkpt>
      <trkpt lat="31.2198341824114322662353515625" lon="121.3861276209354400634765625">
        <ele>9.3999996185302734375</ele>
        <time>2026-08-31T11:13:22.000Z</time>
        <extensions>
          <ns3:TrackPointExtension>
            <ns3:hr>152</ns3:hr>
            <ns3:cad>87</ns3:cad>
          </ns3:TrackPointExtension>
        </extensions>
      </trkpt>
      <trkpt lat="31.2198264710605144500732421875" lon="121.38610239140689373016357421875">
        <ele>9.3999996185302734375</ele>
        <time>2026-08-31T11:13:23.000Z</time>
        <extensions>
          <ns3:TrackPointExtension>
            <ns3:hr>152</ns3:hr>
            <ns3:cad>87</ns3:cad>
          </ns3:TrackPointExtension>
        </extensions>
      </trkpt>
      <trkpt lat="31.219826638698577880859375" lon="121.3860681094229221343994140625">
        <ele>9.3999996185302734375</ele>
        <time>2026-08-31T11:13:24.000Z</time>
        <extensions>
          <ns3:TrackPointExtension>
            <ns3:hr>151</ns3:hr>
            <ns3:cad>88</ns3:cad>
          </ns3:TrackPointExtension>
        </extensions>
      </trkpt>
      <trkpt lat="31.21982253156602382659912109375" lon="121.3860443048179149627685546875">
        <ele>9.3999996185302734375</ele>
        <time>2026-08-31T11:13:25.000Z</time>
        <extensions>
          <ns3:TrackPointExtension>
            <ns3:hr>152</ns3:hr>
            <ns3:cad>89</ns3:cad>
          </ns3:TrackPointExtension>
        </extensions>
      </trkpt>
      <trkpt lat="31.219822950661182403564453125" lon="121.38601270504295825958251953125">
        <ele>9.3999996185302734375</ele>
        <time>2026-08-31T11:13:26.000Z</time>
        <extensions>
          <ns3:TrackPointExtension>
            <ns3:hr>152</ns3:hr>
            <ns3:cad>89</ns3:cad>
          </ns3:TrackPointExtension>
        </extensions>
      </trkpt>
      <trkpt lat="31.21982194483280181884765625" lon="121.38599376194179058074951171875">
        <ele>9.3999996185302734375</ele>
        <time>2026-08-31T11:13:27.000Z</time>
        <extensions>
          <ns3:TrackPointExtension>
            <ns3:hr>152</ns3:hr>
            <ns3:cad>88</ns3:cad>
          </ns3:TrackPointExtension>
        </extensions>
      </trkpt>
      <trkpt lat="31.21982588432729244232177734375" lon="121.3859578035771846771240234375">
        <ele>9.3999996185302734375</ele>
        <time>2026-08-31T11:13:28.000Z</time>
        <extensions>
          <ns3:TrackPointExtension>
            <ns3:hr>152</ns3:hr>
            <ns3:cad>88</ns3:cad>
          </ns3:TrackPointExtension>
        </extensions>
      </trkpt>
      <trkpt lat="31.21982370503246784210205078125" lon="121.38593894429504871368408203125">
        <ele>9.3999996185302734375</ele>
        <time>2026-08-31T11:13:29.000Z</time>
        <extensions>
          <ns3:TrackPointExtension>
            <ns3:hr>151</ns3:hr>
            <ns3:cad>88</ns3:cad>
          </ns3:TrackPointExtension>
        </extensions>
      </trkpt>
      <trkpt lat="31.21982370503246784210205078125" lon="121.38590893708169460296630859375">
        <ele>9.3999996185302734375</ele>
        <time>2026-08-31T11:13:30.000Z</time>
        <extensions>
          <ns3:TrackPointExtension>
            <ns3:hr>152</ns3:hr>
            <ns3:cad>88</ns3:cad>
          </ns3:TrackPointExtension>
        </extensions>
      </trkpt>
      <trkpt lat="31.21982538141310214996337890625" lon="121.38588714413344860076904296875">
        <ele>9.3999996185302734375</ele>
        <time>2026-08-31T11:13:31.000Z</time>
        <extensions>
          <ns3:TrackPointExtension>
            <ns3:hr>152</ns3:hr>
            <ns3:cad>88</ns3:cad>
          </ns3:TrackPointExtension>
        </extensions>
      </trkpt>
      <trkpt lat="31.21982328593730926513671875" lon="121.38586015440523624420166015625">
        <ele>9.3999996185302734375</ele>
        <time>2026-08-31T11:13:32.000Z</time>
        <extensions>
          <ns3:TrackPointExtension>
            <ns3:hr>151</ns3:hr>
            <ns3:cad>88</ns3:cad>
          </ns3:TrackPointExtension>
        </extensions>
      </trkpt>
      <trkpt lat="31.219822280108928680419921875" lon="121.385834254324436187744140625">
        <ele>9.3999996185302734375</ele>
        <time>2026-08-31T11:13:33.000Z</time>
        <extensions>
          <ns3:TrackPointExtension>
            <ns3:hr>152</ns3:hr>
            <ns3:cad>88</ns3:cad>
          </ns3:TrackPointExtension>
        </extensions>
      </trkpt>
      <trkpt lat="31.21982219628989696502685546875" lon="121.38581103645265102386474609375">
        <ele>9.3999996185302734375</ele>
        <time>2026-08-31T11:13:34.000Z</time>
        <extensions>
          <ns3:TrackPointExtension>
            <ns3:hr>152</ns3:hr>
            <ns3:cad>87</ns3:cad>
          </ns3:TrackPointExtension>
        </extensions>
      </trkpt>
      <trkpt lat="31.2198251299560070037841796875" lon="121.38578169979155063629150390625">
        <ele>9.3999996185302734375</ele>
        <time>2026-08-31T11:13:35.000Z</time>
        <extensions>
          <ns3:TrackPointExtension>
            <ns3:hr>153</ns3:hr>
            <ns3:cad>87</ns3:cad>
          </ns3:TrackPointExtension>
        </extensions>
      </trkpt>
      <trkpt lat="31.21982538141310214996337890625" lon="121.38576074503362178802490234375">
        <ele>9.3999996185302734375</ele>
        <time>2026-08-31T11:13:36.000Z</time>
        <extensions>
          <ns3:TrackPointExtension>
            <ns3:hr>153</ns3:hr>
            <ns3:cad>88</ns3:cad>
          </ns3:TrackPointExtension>
        </extensions>
      </trkpt>
      <trkpt lat="31.21983225457370281219482421875" lon="121.385729648172855377197265625">
        <ele>9.3999996185302734375</ele>
        <time>2026-08-31T11:13:37.000Z</time>
        <extensions>
          <ns3:TrackPointExtension>
            <ns3:hr>154</ns3:hr>
            <ns3:cad>88</ns3:cad>
          </ns3:TrackPointExtension>
        </extensions>
      </trkpt>
      <trkpt lat="31.2198333442211151123046875" lon="121.38570877723395824432373046875">
        <ele>9.3999996185302734375</ele>
        <time>2026-08-31T11:13:38.000Z</time>
        <extensions>
          <ns3:TrackPointExtension>
            <ns3:hr>154</ns3:hr>
            <ns3:cad>88</ns3:cad>
          </ns3:TrackPointExtension>
        </extensions>
      </trkpt>
      <trkpt lat="31.21983627788722515106201171875" lon="121.38567633926868438720703125">
        <ele>9.3999996185302734375</ele>
        <time>2026-08-31T11:13:39.000Z</time>
        <extensions>
          <ns3:TrackPointExtension>
            <ns3:hr>154</ns3:hr>
            <ns3:cad>88</ns3:cad>
          </ns3:TrackPointExtension>
        </extensions>
      </trkpt>
      <trkpt lat="31.2198331765830516815185546875" lon="121.38565354049205780029296875">
        <ele>9.19999980926513671875</ele>
        <time>2026-08-31T11:13:40.000Z</time>
        <extensions>
          <ns3:TrackPointExtension>
            <ns3:hr>154</ns3:hr>
            <ns3:cad>87</ns3:cad>
          </ns3:TrackPointExtension>
        </extensions>
      </trkpt>
      <trkpt lat="31.21982689015567302703857421875" lon="121.385624706745147705078125">
        <ele>9.19999980926513671875</ele>
        <time>2026-08-31T11:13:41.000Z</time>
        <extensions>
          <ns3:TrackPointExtension>
            <ns3:hr>155</ns3:hr>
            <ns3:cad>87</ns3:cad>
          </ns3:TrackPointExtension>
        </extensions>
      </trkpt>
      <trkpt lat="31.21981817297637462615966796875" lon="121.385600566864013671875">
        <ele>9.3999996185302734375</ele>
        <time>2026-08-31T11:13:42.000Z</time>
        <extensions>
          <ns3:TrackPointExtension>
            <ns3:hr>155</ns3:hr>
            <ns3:cad>87</ns3:cad>
          </ns3:TrackPointExtension>
        </extensions>
      </trkpt>
      <trkpt lat="31.21980794705450534820556640625" lon="121.38557768426835536956787109375">
        <ele>9.3999996185302734375</ele>
        <time>2026-08-31T11:13:43.000Z</time>
        <extensions>
          <ns3:TrackPointExtension>
            <ns3:hr>155</ns3:hr>
            <ns3:cad>88</ns3:cad>
          </ns3:TrackPointExtension>
        </extensions>
      </trkpt>
      <trkpt lat="31.219808869063854217529296875" lon="121.385559998452663421630859375">
        <ele>9.3999996185302734375</ele>
        <time>2026-08-31T11:13:44.000Z</time>
        <extensions>
          <ns3:TrackPointExtension>
            <ns3:hr>155</ns3:hr>
            <ns3:cad>88</ns3:cad>
          </ns3:TrackPointExtension>
        </extensions>
      </trkpt>
      <trkpt lat="31.219802163541316986083984375" lon="121.385531164705753326416015625">
        <ele>9.3999996185302734375</ele>
        <time>2026-08-31T11:13:45.000Z</time>
        <extensions>
          <ns3:TrackPointExtension>
            <ns3:hr>154</ns3:hr>
            <ns3:cad>87</ns3:cad>
          </ns3:TrackPointExtension>
        </extensions>
      </trkpt>
      <trkpt lat="31.21979068033397197723388671875" lon="121.38549671508371829986572265625">
        <ele>9.6000003814697265625</ele>
        <time>2026-08-31T11:13:46.000Z</time>
        <extensions>
          <ns3:TrackPointExtension>
            <ns3:hr>155</ns3:hr>
            <ns3:cad>87</ns3:cad>
          </ns3:TrackPointExtension>
        </extensions>
      </trkpt>
      <trkpt lat="31.21977542527019977569580078125" lon="121.38548280112445354461669921875">
        <ele>9.3999996185302734375</ele>
        <time>2026-08-31T11:13:47.000Z</time>
        <extensions>
          <ns3:TrackPointExtension>
            <ns3:hr>154</ns3:hr>
            <ns3:cad>87</ns3:cad>
          </ns3:TrackPointExtension>
        </extensions>
      </trkpt>
      <trkpt lat="31.21975162066519260406494140625" lon="121.38547576032578945159912109375">
        <ele>9.3999996185302734375</ele>
        <time>2026-08-31T11:13:48.000Z</time>
        <extensions>
          <ns3:TrackPointExtension>
            <ns3:hr>154</ns3:hr>
            <ns3:cad>87</ns3:cad>
          </ns3:TrackPointExtension>
        </extensions>
      </trkpt>
      <trkpt lat="31.21973167173564434051513671875" lon="121.38547760434448719024658203125">
        <ele>9.3999996185302734375</ele>
        <time>2026-08-31T11:13:49.000Z</time>
        <extensions>
          <ns3:TrackPointExtension>
            <ns3:hr>154</ns3:hr>
            <ns3:cad>86</ns3:cad>
          </ns3:TrackPointExtension>
        </extensions>
      </trkpt>
      <trkpt lat="31.21970803476870059967041015625" lon="121.38547743670642375946044921875">
        <ele>9.3999996185302734375</ele>
        <time>2026-08-31T11:13:50.000Z</time>
        <extensions>
          <ns3:TrackPointExtension>
            <ns3:hr>155</ns3:hr>
            <ns3:cad>85</ns3:cad>
          </ns3:TrackPointExtension>
        </extensions>
      </trkpt>
      <trkpt lat="31.2196831405162811279296875" lon="121.38547710143029689788818359375">
        <ele>9.3999996185302734375</ele>
        <time>2026-08-31T11:13:51.000Z</time>
        <extensions>
          <ns3:TrackPointExtension>
            <ns3:hr>154</ns3:hr>
            <ns3:cad>84</ns3:cad>
          </ns3:TrackPointExtension>
        </extensions>
      </trkpt>
      <trkpt lat="31.21965430676937103271484375" lon="121.38548146001994609832763671875">
        <ele>9.19999980926513671875</ele>
        <time>2026-08-31T11:13:52.000Z</time>
        <extensions>
          <ns3:TrackPointExtension>
            <ns3:hr>154</ns3:hr>
            <ns3:cad>84</ns3:cad>
          </ns3:TrackPointExtension>
        </extensions>
      </trkpt>
      <trkpt lat="31.21962924487888813018798828125" lon="121.38548062182962894439697265625">
        <ele>9.19999980926513671875</ele>
        <time>2026-08-31T11:13:53.000Z</time>
        <extensions>
          <ns3:TrackPointExtension>
            <ns3:hr>155</ns3:hr>
            <ns3:cad>85</ns3:cad>
          </ns3:TrackPointExtension>
        </extensions>
      </trkpt>
      <trkpt lat="31.21960376389324665069580078125" lon="121.38547944836318492889404296875">
        <ele>9.19999980926513671875</ele>
        <time>2026-08-31T11:13:54.000Z</time>
        <extensions>
          <ns3:TrackPointExtension>
            <ns3:hr>155</ns3:hr>
            <ns3:cad>86</ns3:cad>
          </ns3:TrackPointExtension>
        </extensions>
      </trkpt>
      <trkpt lat="31.21957518160343170166015625" lon="121.38547643087804317474365234375">
        <ele>9.19999980926513671875</ele>
        <time>2026-08-31T11:13:55.000Z</time>
        <extensions>
          <ns3:TrackPointExtension>
            <ns3:hr>155</ns3:hr>
            <ns3:cad>87</ns3:cad>
          </ns3:TrackPointExtension>
        </extensions>
      </trkpt>
      <trkpt lat="31.219551376998424530029296875" lon="121.38547726906836032867431640625">
        <ele>9.19999980926513671875</ele>
        <time>2026-08-31T11:13:56.000Z</time>
        <extensions>
          <ns3:TrackPointExtension>
            <ns3:hr>155</ns3:hr>
            <ns3:cad>89</ns3:cad>
          </ns3:TrackPointExtension>
        </extensions>
      </trkpt>
      <trkpt lat="31.2195248901844024658203125" lon="121.3854686357080936431884765625">
        <ele>9.19999980926513671875</ele>
        <time>2026-08-31T11:13:57.000Z</time>
        <extensions>
          <ns3:TrackPointExtension>
            <ns3:hr>156</ns3:hr>
            <ns3:cad>89</ns3:cad>
          </ns3:TrackPointExtension>
        </extensions>
      </trkpt>
      <trkpt lat="31.219504773616790771484375" lon="121.3854656182229518890380859375">
        <ele>9.19999980926513671875</ele>
        <time>2026-08-31T11:13:58.000Z</time>
        <extensions>
          <ns3:TrackPointExtension>
            <ns3:hr>156</ns3:hr>
            <ns3:cad>89</ns3:cad>
          </ns3:TrackPointExtension>
        </extensions>
      </trkpt>
      <trkpt lat="31.2194797955453395843505859375" lon="121.3854602538049221038818359375">
        <ele>9.19999980926513671875</ele>
        <time>2026-08-31T11:13:59.000Z</time>
        <extensions>
          <ns3:TrackPointExtension>
            <ns3:hr>156</ns3:hr>
            <ns3:cad>88</ns3:cad>
          </ns3:TrackPointExtension>
        </extensions>
      </trkpt>
      <trkpt lat="31.21946043334901332855224609375" lon="121.3854632712900638580322265625">
        <ele>9.19999980926513671875</ele>
        <time>2026-08-31T11:14:00.000Z</time>
        <extensions>
          <ns3:TrackPointExtension>
            <ns3:hr>155</ns3:hr>
            <ns3:cad>88</ns3:cad>
          </ns3:TrackPointExtension>
        </extensions>
      </trkpt>
      <trkpt lat="31.21943495236337184906005859375" lon="121.3854656182229518890380859375">
        <ele>9.19999980926513671875</ele>
        <time>2026-08-31T11:14:01.000Z</time>
        <extensions>
          <ns3:TrackPointExtension>
            <ns3:hr>155</ns3:hr>
            <ns3:cad>88</ns3:cad>
          </ns3:TrackPointExtension>
        </extensions>
      </trkpt>
      <trkpt lat="31.219415925443172454833984375" lon="121.38547056354582309722900390625">
        <ele>9.19999980926513671875</ele>
        <time>2026-08-31T11:14:02.000Z</time>
        <extensions>
          <ns3:TrackPointExtension>
            <ns3:hr>155</ns3:hr>
            <ns3:cad>89</ns3:cad>
          </ns3:TrackPointExtension>
        </extensions>
      </trkpt>
      <trkpt lat="31.21938742697238922119140625" lon="121.3854703120887279510498046875">
        <ele>9.19999980926513671875</ele>
        <time>2026-08-31T11:14:03.000Z</time>
        <extensions>
          <ns3:TrackPointExtension>
            <ns3:hr>155</ns3:hr>
            <ns3:cad>89</ns3:cad>
          </ns3:TrackPointExtension>
        </extensions>
      </trkpt>
      <trkpt lat="31.21936462819576263427734375" lon="121.38547458685934543609619140625">
        <ele>9.19999980926513671875</ele>
        <time>2026-08-31T11:14:04.000Z</time>
        <extensions>
          <ns3:TrackPointExtension>
            <ns3:hr>156</ns3:hr>
            <ns3:cad>88</ns3:cad>
          </ns3:TrackPointExtension>
        </extensions>
      </trkpt>
      <trkpt lat="31.2193383090198040008544921875" lon="121.38546955771744251251220703125">
        <ele>9</ele>
        <time>2026-08-31T11:14:05.000Z</time>
        <extensions>
          <ns3:TrackPointExtension>
            <ns3:hr>155</ns3:hr>
            <ns3:cad>87</ns3:cad>
          </ns3:TrackPointExtension>
        </extensions>
      </trkpt>
      <trkpt lat="31.2193183600902557373046875" lon="121.38547173701226711273193359375">
        <ele>9</ele>
        <time>2026-08-31T11:14:06.000Z</time>
        <extensions>
          <ns3:TrackPointExtension>
            <ns3:hr>155</ns3:hr>
            <ns3:cad>87</ns3:cad>
          </ns3:TrackPointExtension>
        </extensions>
      </trkpt>
      <trkpt lat="31.2192883528769016265869140625" lon="121.38546712696552276611328125">
        <ele>9</ele>
        <time>2026-08-31T11:14:07.000Z</time>
        <extensions>
          <ns3:TrackPointExtension>
            <ns3:hr>155</ns3:hr>
            <ns3:cad>87</ns3:cad>
          </ns3:TrackPointExtension>
        </extensions>
      </trkpt>
      <trkpt lat="31.21926630847156047821044921875" lon="121.38546645641326904296875">
        <ele>8.80000019073486328125</ele>
        <time>2026-08-31T11:14:08.000Z</time>
        <extensions>
          <ns3:TrackPointExtension>
            <ns3:hr>154</ns3:hr>
            <ns3:cad>90</ns3:cad>
          </ns3:TrackPointExtension>
        </extensions>
      </trkpt>
      <trkpt lat="31.219241581857204437255859375" lon="121.38545664958655834197998046875">
        <ele>8.80000019073486328125</ele>
        <time>2026-08-31T11:14:09.000Z</time>
        <extensions>
          <ns3:TrackPointExtension>
            <ns3:hr>154</ns3:hr>
            <ns3:cad>90</ns3:cad>
          </ns3:TrackPointExtension>
        </extensions>
      </trkpt>
      <trkpt lat="31.21921903453767299652099609375" lon="121.38545145280659198760986328125">
        <ele>9</ele>
        <time>2026-08-31T11:14:10.000Z</time>
        <extensions>
          <ns3:TrackPointExtension>
            <ns3:hr>154</ns3:hr>
            <ns3:cad>89</ns3:cad>
          </ns3:TrackPointExtension>
        </extensions>
      </trkpt>
      <trkpt lat="31.21919087134301662445068359375" lon="121.3854436576366424560546875">
        <ele>9</ele>
        <time>2026-08-31T11:14:11.000Z</time>
        <extensions>
          <ns3:TrackPointExtension>
            <ns3:hr>154</ns3:hr>
            <ns3:cad>88</ns3:cad>
          </ns3:TrackPointExtension>
        </extensions>
      </trkpt>
      <trkpt lat="31.2191673181951045989990234375" lon="121.38543468900024890899658203125">
        <ele>9</ele>
        <time>2026-08-31T11:14:12.000Z</time>
        <extensions>
          <ns3:TrackPointExtension>
            <ns3:hr>154</ns3:hr>
            <ns3:cad>88</ns3:cad>
          </ns3:TrackPointExtension>
        </extensions>
      </trkpt>
      <trkpt lat="31.2191381491720676422119140625" lon="121.38542647473514080047607421875">
        <ele>9</ele>
        <time>2026-08-31T11:14:13.000Z</time>
        <extensions>
          <ns3:TrackPointExtension>
            <ns3:hr>154</ns3:hr>
            <ns3:cad>88</ns3:cad>
          </ns3:TrackPointExtension>
        </extensions>
      </trkpt>
      <trkpt lat="31.21911811642348766326904296875" lon="121.38542161323130130767822265625">
        <ele>9</ele>
        <time>2026-08-31T11:14:14.000Z</time>
        <extensions>
          <ns3:TrackPointExtension>
            <ns3:hr>154</ns3:hr>
            <ns3:cad>88</ns3:cad>
          </ns3:TrackPointExtension>
        </extensions>
      </trkpt>
      <trkpt lat="31.2190928868949413299560546875" lon="121.3854186795651912689208984375">
        <ele>9</ele>
        <time>2026-08-31T11:14:15.000Z</time>
        <extensions>
          <ns3:TrackPointExtension>
            <ns3:hr>154</ns3:hr>
            <ns3:cad>90</ns3:cad>
          </ns3:TrackPointExtension>
        </extensions>
      </trkpt>
      <trkpt lat="31.219068579375743865966796875" lon="121.385413147509098052978515625">
        <ele>9</ele>
        <time>2026-08-31T11:14:16.000Z</time>
        <extensions>
          <ns3:TrackPointExtension>
            <ns3:hr>154</ns3:hr>
            <ns3:cad>90</ns3:cad>
          </ns3:TrackPointExtension>
        </extensions>
      </trkpt>
      <trkpt lat="31.21904334984719753265380859375" lon="121.3854129798710346221923828125">
        <ele>9</ele>
        <time>2026-08-31T11:14:17.000Z</time>
        <extensions>
          <ns3:TrackPointExtension>
            <ns3:hr>153</ns3:hr>
            <ns3:cad>88</ns3:cad>
          </ns3:TrackPointExtension>
        </extensions>
      </trkpt>
      <trkpt lat="31.219021640717983245849609375" lon="121.38540887273848056793212890625">
        <ele>9</ele>
        <time>2026-08-31T11:14:18.000Z</time>
        <extensions>
          <ns3:TrackPointExtension>
            <ns3:hr>153</ns3:hr>
            <ns3:cad>88</ns3:cad>
          </ns3:TrackPointExtension>
        </extensions>
      </trkpt>
      <trkpt lat="31.218998841941356658935546875" lon="121.3854066096246242523193359375">
        <ele>8.80000019073486328125</ele>
        <time>2026-08-31T11:14:19.000Z</time>
        <extensions>
          <ns3:TrackPointExtension>
            <ns3:hr>153</ns3:hr>
            <ns3:cad>87</ns3:cad>
          </ns3:TrackPointExtension>
        </extensions>
      </trkpt>
      <trkpt lat="31.218974702060222625732421875" lon="121.38540149666368961334228515625">
        <ele>8.80000019073486328125</ele>
        <time>2026-08-31T11:14:20.000Z</time>
        <extensions>
          <ns3:TrackPointExtension>
            <ns3:hr>153</ns3:hr>
            <ns3:cad>87</ns3:cad>
          </ns3:TrackPointExtension>
        </extensions>
      </trkpt>
      <trkpt lat="31.2189514003694057464599609375" lon="121.38539529405534267425537109375">
        <ele>8.80000019073486328125</ele>
        <time>2026-08-31T11:14:21.000Z</time>
        <extensions>
          <ns3:TrackPointExtension>
            <ns3:hr>153</ns3:hr>
            <ns3:cad>89</ns3:cad>
          </ns3:TrackPointExtension>
        </extensions>
      </trkpt>
      <trkpt lat="31.218927763402462005615234375" lon="121.3853874988853931427001953125">
        <ele>8.80000019073486328125</ele>
        <time>2026-08-31T11:14:22.000Z</time>
        <extensions>
          <ns3:TrackPointExtension>
            <ns3:hr>153</ns3:hr>
            <ns3:cad>89</ns3:cad>
          </ns3:TrackPointExtension>
        </extensions>
      </trkpt>
      <trkpt lat="31.2189064733684062957763671875" lon="121.3853864930570125579833984375">
        <ele>8.80000019073486328125</ele>
        <time>2026-08-31T11:14:23.000Z</time>
        <extensions>
          <ns3:TrackPointExtension>
            <ns3:hr>152</ns3:hr>
            <ns3:cad>88</ns3:cad>
          </ns3:TrackPointExtension>
        </extensions>
      </trkpt>
      <trkpt lat="31.2188811600208282470703125" lon="121.38537802733480930328369140625">
        <ele>8.80000019073486328125</ele>
        <time>2026-08-31T11:14:24.000Z</time>
        <extensions>
          <ns3:TrackPointExtension>
            <ns3:hr>152</ns3:hr>
            <ns3:cad>88</ns3:cad>
          </ns3:TrackPointExtension>
        </extensions>
      </trkpt>
      <trkpt lat="31.21886263601481914520263671875" lon="121.3853690586984157562255859375">
        <ele>8.80000019073486328125</ele>
        <time>2026-08-31T11:14:25.000Z</time>
        <extensions>
          <ns3:TrackPointExtension>
            <ns3:hr>152</ns3:hr>
            <ns3:cad>88</ns3:cad>
          </ns3:TrackPointExtension>
        </extensions>
      </trkpt>
      <trkpt lat="31.2188407592475414276123046875" lon="121.38535187579691410064697265625">
        <ele>8.80000019073486328125</ele>
        <time>2026-08-31T11:14:26.000Z</time>
        <extensions>
          <ns3:TrackPointExtension>
            <ns3:hr>152</ns3:hr>
            <ns3:cad>88</ns3:cad>
          </ns3:TrackPointExtension>
        </extensions>
      </trkpt>
      <trkpt lat="31.21882055886089801788330078125" lon="121.385343074798583984375">
        <ele>8.80000019073486328125</ele>
        <time>2026-08-31T11:14:27.000Z</time>
        <extensions>
          <ns3:TrackPointExtension>
            <ns3:hr>151</ns3:hr>
            <ns3:cad>89</ns3:cad>
          </ns3:TrackPointExtension>
        </extensions>
      </trkpt>
      <trkpt lat="31.2187968380749225616455078125" lon="121.38532941229641437530517578125">
        <ele>8.80000019073486328125</ele>
        <time>2026-08-31T11:14:28.000Z</time>
        <extensions>
          <ns3:TrackPointExtension>
            <ns3:hr>152</ns3:hr>
            <ns3:cad>89</ns3:cad>
          </ns3:TrackPointExtension>
        </extensions>
      </trkpt>
      <trkpt lat="31.2187750451266765594482421875" lon="121.3853180967271327972412109375">
        <ele>9</ele>
        <time>2026-08-31T11:14:29.000Z</time>
        <extensions>
          <ns3:TrackPointExtension>
            <ns3:hr>152</ns3:hr>
            <ns3:cad>89</ns3:cad>
          </ns3:TrackPointExtension>
        </extensions>
      </trkpt>
      <trkpt lat="31.21875065378844738006591796875" lon="121.38530711643397808074951171875">
        <ele>9</ele>
        <time>2026-08-31T11:14:30.000Z</time>
        <extensions>
          <ns3:TrackPointExtension>
            <ns3:hr>151</ns3:hr>
            <ns3:cad>89</ns3:cad>
          </ns3:TrackPointExtension>
        </extensions>
      </trkpt>
      <trkpt lat="31.2187304534018039703369140625" lon="121.38529789634048938751220703125">
        <ele>9</ele>
        <time>2026-08-31T11:14:31.000Z</time>
        <extensions>
          <ns3:TrackPointExtension>
            <ns3:hr>151</ns3:hr>
            <ns3:cad>88</ns3:cad>
          </ns3:TrackPointExtension>
        </extensions>
      </trkpt>
      <trkpt lat="31.21870136819779872894287109375" lon="121.38528431765735149383544921875">
        <ele>9</ele>
        <time>2026-08-31T11:14:32.000Z</time>
        <extensions>
          <ns3:TrackPointExtension>
            <ns3:hr>151</ns3:hr>
            <ns3:cad>88</ns3:cad>
          </ns3:TrackPointExtension>
        </extensions>
      </trkpt>
      <trkpt lat="31.21868007816374301910400390625" lon="121.3852787017822265625">
        <ele>9</ele>
        <time>2026-08-31T11:14:33.000Z</time>
        <extensions>
          <ns3:TrackPointExtension>
            <ns3:hr>152</ns3:hr>
            <ns3:cad>89</ns3:cad>
          </ns3:TrackPointExtension>
        </extensions>
      </trkpt>
      <trkpt lat="31.218650825321674346923828125" lon="121.3852691464126110076904296875">
        <ele>9</ele>
        <time>2026-08-31T11:14:34.000Z</time>
        <extensions>
          <ns3:TrackPointExtension>
            <ns3:hr>151</ns3:hr>
            <ns3:cad>89</ns3:cad>
          </ns3:TrackPointExtension>
        </extensions>
      </trkpt>
      <trkpt lat="31.21862702071666717529296875" lon="121.3852607645094394683837890625">
        <ele>9</ele>
        <time>2026-08-31T11:14:35.000Z</time>
        <extensions>
          <ns3:TrackPointExtension>
            <ns3:hr>151</ns3:hr>
            <ns3:cad>88</ns3:cad>
          </ns3:TrackPointExtension>
        </extensions>
      </trkpt>
      <trkpt lat="31.2186033837497234344482421875" lon="121.3852510415017604827880859375">
        <ele>9</ele>
        <time>2026-08-31T11:14:36.000Z</time>
        <extensions>
          <ns3:TrackPointExtension>
            <ns3:hr>152</ns3:hr>
            <ns3:cad>88</ns3:cad>
          </ns3:TrackPointExtension>
        </extensions>
      </trkpt>
      <trkpt lat="31.21858519501984119415283203125" lon="121.38524048030376434326171875">
        <ele>9</ele>
        <time>2026-08-31T11:14:37.000Z</time>
        <extensions>
          <ns3:TrackPointExtension>
            <ns3:hr>152</ns3:hr>
            <ns3:cad>87</ns3:cad>
          </ns3:TrackPointExtension>
        </extensions>
      </trkpt>
      <trkpt lat="31.2185597978532314300537109375" lon="121.38522614724934101104736328125">
        <ele>9</ele>
        <time>2026-08-31T11:14:38.000Z</time>
        <extensions>
          <ns3:TrackPointExtension>
            <ns3:hr>152</ns3:hr>
            <ns3:cad>87</ns3:cad>
          </ns3:TrackPointExtension>
        </extensions>
      </trkpt>
      <trkpt lat="31.2185396812856197357177734375" lon="121.3852084614336490631103515625">
        <ele>9</ele>
        <time>2026-08-31T11:14:39.000Z</time>
        <extensions>
          <ns3:TrackPointExtension>
            <ns3:hr>152</ns3:hr>
            <ns3:cad>88</ns3:cad>
          </ns3:TrackPointExtension>
        </extensions>
      </trkpt>
      <trkpt lat="31.21852048672735691070556640625" lon="121.38519085943698883056640625">
        <ele>9</ele>
        <time>2026-08-31T11:14:40.000Z</time>
        <extensions>
          <ns3:TrackPointExtension>
            <ns3:hr>152</ns3:hr>
            <ns3:cad>90</ns3:cad>
          </ns3:TrackPointExtension>
        </extensions>
      </trkpt>
      <trkpt lat="31.21850137598812580108642578125" lon="121.38518038205802440643310546875">
        <ele>8.80000019073486328125</ele>
        <time>2026-08-31T11:14:41.000Z</time>
        <extensions>
          <ns3:TrackPointExtension>
            <ns3:hr>153</ns3:hr>
            <ns3:cad>90</ns3:cad>
          </ns3:TrackPointExtension>
        </extensions>
      </trkpt>
      <trkpt lat="31.21848075650632381439208984375" lon="121.38516680337488651275634765625">
        <ele>8.80000019073486328125</ele>
        <time>2026-08-31T11:14:42.000Z</time>
        <extensions>
          <ns3:TrackPointExtension>
            <ns3:hr>153</ns3:hr>
            <ns3:cad>89</ns3:cad>
          </ns3:TrackPointExtension>
        </extensions>
      </trkpt>
      <trkpt lat="31.2184649147093296051025390625" lon="121.38515037484467029571533203125">
        <ele>8.80000019073486328125</ele>
        <time>2026-08-31T11:14:43.000Z</time>
        <extensions>
          <ns3:TrackPointExtension>
            <ns3:hr>153</ns3:hr>
            <ns3:cad>88</ns3:cad>
          </ns3:TrackPointExtension>
        </extensions>
      </trkpt>
      <trkpt lat="31.2184421159327030181884765625" lon="121.38513662852346897125244140625">
        <ele>8.80000019073486328125</ele>
        <time>2026-08-31T11:14:44.000Z</time>
        <extensions>
          <ns3:TrackPointExtension>
            <ns3:hr>153</ns3:hr>
            <ns3:cad>88</ns3:cad>
          </ns3:TrackPointExtension>
        </extensions>
      </trkpt>
      <trkpt lat="31.2184193171560764312744140625" lon="121.3851233012974262237548828125">
        <ele>8.80000019073486328125</ele>
        <time>2026-08-31T11:14:45.000Z</time>
        <extensions>
          <ns3:TrackPointExtension>
            <ns3:hr>153</ns3:hr>
            <ns3:cad>88</ns3:cad>
          </ns3:TrackPointExtension>
        </extensions>
      </trkpt>
      <trkpt lat="31.2183958478271961212158203125" lon="121.3851115666329860687255859375">
        <ele>8.80000019073486328125</ele>
        <time>2026-08-31T11:14:46.000Z</time>
        <extensions>
          <ns3:TrackPointExtension>
            <ns3:hr>153</ns3:hr>
            <ns3:cad>89</ns3:cad>
          </ns3:TrackPointExtension>
        </extensions>
      </trkpt>
      <trkpt lat="31.2183797545731067657470703125" lon="121.3850998319685459136962890625">
        <ele>9</ele>
        <time>2026-08-31T11:14:47.000Z</time>
        <extensions>
          <ns3:TrackPointExtension>
            <ns3:hr>153</ns3:hr>
            <ns3:cad>89</ns3:cad>
          </ns3:TrackPointExtension>
        </extensions>
      </trkpt>
      <trkpt lat="31.21835921891033649444580078125" lon="121.385084576904773712158203125">
        <ele>9</ele>
        <time>2026-08-31T11:14:48.000Z</time>
        <extensions>
          <ns3:TrackPointExtension>
            <ns3:hr>153</ns3:hr>
            <ns3:cad>89</ns3:cad>
          </ns3:TrackPointExtension>
        </extensions>
      </trkpt>
      <trkpt lat="31.21833591721951961517333984375" lon="121.3850708305835723876953125">
        <ele>9</ele>
        <time>2026-08-31T11:14:49.000Z</time>
        <extensions>
          <ns3:TrackPointExtension>
            <ns3:hr>153</ns3:hr>
            <ns3:cad>88</ns3:cad>
          </ns3:TrackPointExtension>
        </extensions>
      </trkpt>
      <trkpt lat="31.21831680648028850555419921875" lon="121.38506135903298854827880859375">
        <ele>9</ele>
        <time>2026-08-31T11:14:50.000Z</time>
        <extensions>
          <ns3:TrackPointExtension>
            <ns3:hr>153</ns3:hr>
            <ns3:cad>88</ns3:cad>
          </ns3:TrackPointExtension>
        </extensions>
      </trkpt>
      <trkpt lat="31.218295432627201080322265625" lon="121.38505331240594387054443359375">
        <ele>9</ele>
        <time>2026-08-31T11:14:51.000Z</time>
        <extensions>
          <ns3:TrackPointExtension>
            <ns3:hr>153</ns3:hr>
            <ns3:cad>88</ns3:cad>
          </ns3:TrackPointExtension>
        </extensions>
      </trkpt>
      <trkpt lat="31.21827925555408000946044921875" lon="121.38504208065569400787353515625">
        <ele>9</ele>
        <time>2026-08-31T11:14:52.000Z</time>
        <extensions>
          <ns3:TrackPointExtension>
            <ns3:hr>153</ns3:hr>
            <ns3:cad>89</ns3:cad>
          </ns3:TrackPointExtension>
        </extensions>
      </trkpt>
      <trkpt lat="31.21825695969164371490478515625" lon="121.38502934016287326812744140625">
        <ele>9</ele>
        <time>2026-08-31T11:14:53.000Z</time>
        <extensions>
          <ns3:TrackPointExtension>
            <ns3:hr>152</ns3:hr>
            <ns3:cad>89</ns3:cad>
          </ns3:TrackPointExtension>
        </extensions>
      </trkpt>
      <trkpt lat="31.218239106237888336181640625" lon="121.38501810841262340545654296875">
        <ele>9</ele>
        <time>2026-08-31T11:14:54.000Z</time>
        <extensions>
          <ns3:TrackPointExtension>
            <ns3:hr>152</ns3:hr>
            <ns3:cad>89</ns3:cad>
          </ns3:TrackPointExtension>
        </extensions>
      </trkpt>
      <trkpt lat="31.21821739710867404937744140625" lon="121.38500520028173923492431640625">
        <ele>8.80000019073486328125</ele>
        <time>2026-08-31T11:14:55.000Z</time>
        <extensions>
          <ns3:TrackPointExtension>
            <ns3:hr>152</ns3:hr>
            <ns3:cad>89</ns3:cad>
          </ns3:TrackPointExtension>
        </extensions>
      </trkpt>
      <trkpt lat="31.2181993760168552398681640625" lon="121.38499748893082141876220703125">
        <ele>8.80000019073486328125</ele>
        <time>2026-08-31T11:14:56.000Z</time>
        <extensions>
          <ns3:TrackPointExtension>
            <ns3:hr>152</ns3:hr>
            <ns3:cad>89</ns3:cad>
          </ns3:TrackPointExtension>
        </extensions>
      </trkpt>
      <trkpt lat="31.21817599050700664520263671875" lon="121.3849838264286518096923828125">
        <ele>8.6000003814697265625</ele>
        <time>2026-08-31T11:14:57.000Z</time>
        <extensions>
          <ns3:TrackPointExtension>
            <ns3:hr>151</ns3:hr>
            <ns3:cad>89</ns3:cad>
          </ns3:TrackPointExtension>
        </extensions>
      </trkpt>
      <trkpt lat="31.21815872378647327423095703125" lon="121.384972594678401947021484375">
        <ele>8.80000019073486328125</ele>
        <time>2026-08-31T11:14:58.000Z</time>
        <extensions>
          <ns3:TrackPointExtension>
            <ns3:hr>152</ns3:hr>
            <ns3:cad>89</ns3:cad>
          </ns3:TrackPointExtension>
        </extensions>
      </trkpt>
      <trkpt lat="31.2181339971721172332763671875" lon="121.3849546574056148529052734375">
        <ele>8.80000019073486328125</ele>
        <time>2026-08-31T11:14:59.000Z</time>
        <extensions>
          <ns3:TrackPointExtension>
            <ns3:hr>152</ns3:hr>
            <ns3:cad>89</ns3:cad>
          </ns3:TrackPointExtension>
        </extensions>
      </trkpt>
      <trkpt lat="31.2181127071380615234375" lon="121.38494770042598247528076171875">
        <ele>8.80000019073486328125</ele>
        <time>2026-08-31T11:15:00.000Z</time>
        <extensions>
          <ns3:TrackPointExtension>
            <ns3:hr>151</ns3:hr>
            <ns3:cad>89</ns3:cad>
          </ns3:TrackPointExtension>
        </extensions>
      </trkpt>
      <trkpt lat="31.21808831579983234405517578125" lon="121.38493730686604976654052734375">
        <ele>8.80000019073486328125</ele>
        <time>2026-08-31T11:15:01.000Z</time>
        <extensions>
          <ns3:TrackPointExtension>
            <ns3:hr>152</ns3:hr>
            <ns3:cad>89</ns3:cad>
          </ns3:TrackPointExtension>
        </extensions>
      </trkpt>
      <trkpt lat="31.2180659361183643341064453125" lon="121.38492490164935588836669921875">
        <ele>8.80000019073486328125</ele>
        <time>2026-08-31T11:15:02.000Z</time>
        <extensions>
          <ns3:TrackPointExtension>
            <ns3:hr>152</ns3:hr>
            <ns3:cad>87</ns3:cad>
          </ns3:TrackPointExtension>
        </extensions>
      </trkpt>
      <trkpt lat="31.2180424667894840240478515625" lon="121.384912244975566864013671875">
        <ele>8.80000019073486328125</ele>
        <time>2026-08-31T11:15:03.000Z</time>
        <extensions>
          <ns3:TrackPointExtension>
            <ns3:hr>151</ns3:hr>
            <ns3:cad>87</ns3:cad>
          </ns3:TrackPointExtension>
        </extensions>
      </trkpt>
      <trkpt lat="31.21802008710801601409912109375" lon="121.38489824719727039337158203125">
        <ele>8.6000003814697265625</ele>
        <time>2026-08-31T11:15:04.000Z</time>
        <extensions>
          <ns3:TrackPointExtension>
            <ns3:hr>152</ns3:hr>
            <ns3:cad>88</ns3:cad>
          </ns3:TrackPointExtension>
        </extensions>
      </trkpt>
      <trkpt lat="31.21799695305526256561279296875" lon="121.38488600961863994598388671875">
        <ele>8.80000019073486328125</ele>
        <time>2026-08-31T11:15:05.000Z</time>
        <extensions>
          <ns3:TrackPointExtension>
            <ns3:hr>152</ns3:hr>
            <ns3:cad>89</ns3:cad>
          </ns3:TrackPointExtension>
        </extensions>
      </trkpt>
      <trkpt lat="31.2179772555828094482421875" lon="121.384872682392597198486328125">
        <ele>8.80000019073486328125</ele>
        <time>2026-08-31T11:15:06.000Z</time>
        <extensions>
          <ns3:TrackPointExtension>
            <ns3:hr>152</ns3:hr>
            <ns3:cad>89</ns3:cad>
          </ns3:TrackPointExtension>
        </extensions>
      </trkpt>
      <trkpt lat="31.217952780425548553466796875" lon="121.38484996743500232696533203125">
        <ele>8.80000019073486328125</ele>
        <time>2026-08-31T11:15:07.000Z</time>
        <extensions>
          <ns3:TrackPointExtension>
            <ns3:hr>152</ns3:hr>
            <ns3:cad>89</ns3:cad>
          </ns3:TrackPointExtension>
        </extensions>
      </trkpt>
      <trkpt lat="31.21793459169566631317138671875" lon="121.3848347961902618408203125">
        <ele>8.80000019073486328125</ele>
        <time>2026-08-31T11:15:08.000Z</time>
        <extensions>
          <ns3:TrackPointExtension>
            <ns3:hr>152</ns3:hr>
            <ns3:cad>88</ns3:cad>
          </ns3:TrackPointExtension>
        </extensions>
      </trkpt>
      <trkpt lat="31.2179083563387393951416015625" lon="121.3848202116787433624267578125">
        <ele>8.80000019073486328125</ele>
        <time>2026-08-31T11:15:09.000Z</time>
        <extensions>
          <ns3:TrackPointExtension>
            <ns3:hr>153</ns3:hr>
            <ns3:cad>88</ns3:cad>
          </ns3:TrackPointExtension>
        </extensions>
      </trkpt>
      <trkpt lat="31.21788614429533481597900390625" lon="121.384805627167224884033203125">
        <ele>8.80000019073486328125</ele>
        <time>2026-08-31T11:15:10.000Z</time>
        <extensions>
          <ns3:TrackPointExtension>
            <ns3:hr>153</ns3:hr>
            <ns3:cad>88</ns3:cad>
          </ns3:TrackPointExtension>
        </extensions>
      </trkpt>
      <trkpt lat="31.2178590707480907440185546875" lon="121.3847903721034526824951171875">
        <ele>8.6000003814697265625</ele>
        <time>2026-08-31T11:15:11.000Z</time>
        <extensions>
          <ns3:TrackPointExtension>
            <ns3:hr>153</ns3:hr>
            <ns3:cad>89</ns3:cad>
          </ns3:TrackPointExtension>
        </extensions>
      </trkpt>
      <trkpt lat="31.2178352661430835723876953125" lon="121.38477084226906299591064453125">
        <ele>8.6000003814697265625</ele>
        <time>2026-08-31T11:15:12.000Z</time>
        <extensions>
          <ns3:TrackPointExtension>
            <ns3:hr>153</ns3:hr>
            <ns3:cad>89</ns3:cad>
          </ns3:TrackPointExtension>
        </extensions>
      </trkpt>
      <trkpt lat="31.21780970133841037750244140625" lon="121.38476028107106685638427734375">
        <ele>8.6000003814697265625</ele>
        <time>2026-08-31T11:15:13.000Z</time>
        <extensions>
          <ns3:TrackPointExtension>
            <ns3:hr>153</ns3:hr>
            <ns3:cad>88</ns3:cad>
          </ns3:TrackPointExtension>
        </extensions>
      </trkpt>
      <trkpt lat="31.21778958477079868316650390625" lon="121.38474971987307071685791015625">
        <ele>8.6000003814697265625</ele>
        <time>2026-08-31T11:15:14.000Z</time>
        <extensions>
          <ns3:TrackPointExtension>
            <ns3:hr>152</ns3:hr>
            <ns3:cad>88</ns3:cad>
          </ns3:TrackPointExtension>
        </extensions>
      </trkpt>
      <trkpt lat="31.21777399443089962005615234375" lon="121.38473882339894771575927734375">
        <ele>8.6000003814697265625</ele>
        <time>2026-08-31T11:15:15.000Z</time>
        <extensions>
          <ns3:TrackPointExtension>
            <ns3:hr>153</ns3:hr>
            <ns3:cad>88</ns3:cad>
          </ns3:TrackPointExtension>
        </extensions>
      </trkpt>
      <trkpt lat="31.21775069274008274078369140625" lon="121.384727843105792999267578125">
        <ele>8.6000003814697265625</ele>
        <time>2026-08-31T11:15:16.000Z</time>
        <extensions>
          <ns3:TrackPointExtension>
            <ns3:hr>153</ns3:hr>
            <ns3:cad>88</ns3:cad>
          </ns3:TrackPointExtension>
        </extensions>
      </trkpt>
      <trkpt lat="31.21773158200085163116455078125" lon="121.3847273401916027069091796875">
        <ele>8.6000003814697265625</ele>
        <time>2026-08-31T11:15:17.000Z</time>
        <extensions>
          <ns3:TrackPointExtension>
            <ns3:hr>153</ns3:hr>
            <ns3:cad>89</ns3:cad>
          </ns3:TrackPointExtension>
        </extensions>
      </trkpt>
      <trkpt lat="31.217705346643924713134765625" lon="121.3847223110496997833251953125">
        <ele>8.3999996185302734375</ele>
        <time>2026-08-31T11:15:18.000Z</time>
        <extensions>
          <ns3:TrackPointExtension>
            <ns3:hr>153</ns3:hr>
            <ns3:cad>89</ns3:cad>
          </ns3:TrackPointExtension>
        </extensions>
      </trkpt>
      <trkpt lat="31.21768447570502758026123046875" lon="121.38471988029778003692626953125">
        <ele>8.3999996185302734375</ele>
        <time>2026-08-31T11:15:19.000Z</time>
        <extensions>
          <ns3:TrackPointExtension>
            <ns3:hr>153</ns3:hr>
            <ns3:cad>88</ns3:cad>
          </ns3:TrackPointExtension>
        </extensions>
      </trkpt>
      <trkpt lat="31.217659413814544677734375" lon="121.38470940291881561279296875">
        <ele>8.3999996185302734375</ele>
        <time>2026-08-31T11:15:20.000Z</time>
        <extensions>
          <ns3:TrackPointExtension>
            <ns3:hr>153</ns3:hr>
            <ns3:cad>87</ns3:cad>
          </ns3:TrackPointExtension>
        </extensions>
      </trkpt>
      <trkpt lat="31.21763803996145725250244140625" lon="121.384705044329166412353515625">
        <ele>8.3999996185302734375</ele>
        <time>2026-08-31T11:15:21.000Z</time>
        <extensions>
          <ns3:TrackPointExtension>
            <ns3:hr>153</ns3:hr>
            <ns3:cad>87</ns3:cad>
          </ns3:TrackPointExtension>
        </extensions>
      </trkpt>
      <trkpt lat="31.21761574409902095794677734375" lon="121.38469238765537738800048828125">
        <ele>8.3999996185302734375</ele>
        <time>2026-08-31T11:15:22.000Z</time>
        <extensions>
          <ns3:TrackPointExtension>
            <ns3:hr>153</ns3:hr>
            <ns3:cad>87</ns3:cad>
          </ns3:TrackPointExtension>
        </extensions>
      </trkpt>
      <trkpt lat="31.2175965495407581329345703125" lon="121.38468333519995212554931640625">
        <ele>8.19999980926513671875</ele>
        <time>2026-08-31T11:15:23.000Z</time>
        <extensions>
          <ns3:TrackPointExtension>
            <ns3:hr>153</ns3:hr>
            <ns3:cad>88</ns3:cad>
          </ns3:TrackPointExtension>
        </extensions>
      </trkpt>
      <trkpt lat="31.2175767682492733001708984375" lon="121.384676210582256317138671875">
        <ele>8.19999980926513671875</ele>
        <time>2026-08-31T11:15:24.000Z</time>
        <extensions>
          <ns3:TrackPointExtension>
            <ns3:hr>153</ns3:hr>
            <ns3:cad>88</ns3:cad>
          </ns3:TrackPointExtension>
        </extensions>
      </trkpt>
      <trkpt lat="31.2175549753010272979736328125" lon="121.384666822850704193115234375">
        <ele>8.19999980926513671875</ele>
        <time>2026-08-31T11:15:25.000Z</time>
        <extensions>
          <ns3:TrackPointExtension>
            <ns3:hr>153</ns3:hr>
            <ns3:cad>88</ns3:cad>
          </ns3:TrackPointExtension>
        </extensions>
      </trkpt>
      <trkpt lat="31.2175318412482738494873046875" lon="121.38465869240462779998779296875">
        <ele>8.19999980926513671875</ele>
        <time>2026-08-31T11:15:26.000Z</time>
        <extensions>
          <ns3:TrackPointExtension>
            <ns3:hr>153</ns3:hr>
            <ns3:cad>88</ns3:cad>
          </ns3:TrackPointExtension>
        </extensions>
      </trkpt>
      <trkpt lat="31.2175123952329158782958984375" lon="121.3846519030630588531494140625">
        <ele>8.19999980926513671875</ele>
        <time>2026-08-31T11:15:27.000Z</time>
        <extensions>
          <ns3:TrackPointExtension>
            <ns3:hr>153</ns3:hr>
            <ns3:cad>87</ns3:cad>
          </ns3:TrackPointExtension>
        </extensions>
      </trkpt>
      <trkpt lat="31.21748884208500385284423828125" lon="121.38464427553117275238037109375">
        <ele>8.3999996185302734375</ele>
        <time>2026-08-31T11:15:28.000Z</time>
        <extensions>
          <ns3:TrackPointExtension>
            <ns3:hr>152</ns3:hr>
            <ns3:cad>86</ns3:cad>
          </ns3:TrackPointExtension>
        </extensions>
      </trkpt>
      <trkpt lat="31.21746503747999668121337890625" lon="121.38463287614285945892333984375">
        <ele>8.3999996185302734375</ele>
        <time>2026-08-31T11:15:29.000Z</time>
        <extensions>
          <ns3:TrackPointExtension>
            <ns3:hr>153</ns3:hr>
            <ns3:cad>86</ns3:cad>
          </ns3:TrackPointExtension>
        </extensions>
      </trkpt>
      <trkpt lat="31.21744676493108272552490234375" lon="121.3846242427825927734375">
        <ele>8.6000003814697265625</ele>
        <time>2026-08-31T11:15:30.000Z</time>
        <extensions>
          <ns3:TrackPointExtension>
            <ns3:hr>153</ns3:hr>
            <ns3:cad>87</ns3:cad>
          </ns3:TrackPointExtension>
        </extensions>
      </trkpt>
      <trkpt lat="31.21741977520287036895751953125" lon="121.38461208902299404144287109375">
        <ele>8.6000003814697265625</ele>
        <time>2026-08-31T11:15:31.000Z</time>
        <extensions>
          <ns3:TrackPointExtension>
            <ns3:hr>152</ns3:hr>
            <ns3:cad>88</ns3:cad>
          </ns3:TrackPointExtension>
        </extensions>
      </trkpt>
      <trkpt lat="31.21739412657916545867919921875" lon="121.3846096582710742950439453125">
        <ele>8.6000003814697265625</ele>
        <time>2026-08-31T11:15:32.000Z</time>
        <extensions>
          <ns3:TrackPointExtension>
            <ns3:hr>152</ns3:hr>
            <ns3:cad>87</ns3:cad>
          </ns3:TrackPointExtension>
        </extensions>
      </trkpt>
      <trkpt lat="31.21736294589936733245849609375" lon="121.38460404239594936370849609375">
        <ele>8.3999996185302734375</ele>
        <time>2026-08-31T11:15:33.000Z</time>
        <extensions>
          <ns3:TrackPointExtension>
            <ns3:hr>152</ns3:hr>
            <ns3:cad>87</ns3:cad>
          </ns3:TrackPointExtension>
        </extensions>
      </trkpt>
      <trkpt lat="31.217337213456630706787109375" lon="121.38460387475788593292236328125">
        <ele>8.3999996185302734375</ele>
        <time>2026-08-31T11:15:34.000Z</time>
        <extensions>
          <ns3:TrackPointExtension>
            <ns3:hr>152</ns3:hr>
            <ns3:cad>87</ns3:cad>
          </ns3:TrackPointExtension>
        </extensions>
      </trkpt>
      <trkpt lat="31.217313073575496673583984375" lon="121.38460286892950534820556640625">
        <ele>8.19999980926513671875</ele>
        <time>2026-08-31T11:15:35.000Z</time>
        <extensions>
          <ns3:TrackPointExtension>
            <ns3:hr>152</ns3:hr>
            <ns3:cad>86</ns3:cad>
          </ns3:TrackPointExtension>
        </extensions>
      </trkpt>
      <trkpt lat="31.21728767640888690948486328125" lon="121.3845942355692386627197265625">
        <ele>8.19999980926513671875</ele>
        <time>2026-08-31T11:15:36.000Z</time>
        <extensions>
          <ns3:TrackPointExtension>
            <ns3:hr>152</ns3:hr>
            <ns3:cad>86</ns3:cad>
          </ns3:TrackPointExtension>
        </extensions>
      </trkpt>
      <trkpt lat="31.2172686494886875152587890625" lon="121.3845925591886043548583984375">
        <ele>8</ele>
        <time>2026-08-31T11:15:37.000Z</time>
        <extensions>
          <ns3:TrackPointExtension>
            <ns3:hr>151</ns3:hr>
            <ns3:cad>86</ns3:cad>
          </ns3:TrackPointExtension>
        </extensions>
      </trkpt>
      <trkpt lat="31.21724811382591724395751953125" lon="121.384585015475749969482421875">
        <ele>8.19999980926513671875</ele>
        <time>2026-08-31T11:15:38.000Z</time>
        <extensions>
          <ns3:TrackPointExtension>
            <ns3:hr>151</ns3:hr>
            <ns3:cad>86</ns3:cad>
          </ns3:TrackPointExtension>
        </extensions>
      </trkpt>
      <trkpt lat="31.2172310985624790191650390625" lon="121.3845814950764179229736328125">
        <ele>8.3999996185302734375</ele>
        <time>2026-08-31T11:15:39.000Z</time>
        <extensions>
          <ns3:TrackPointExtension>
            <ns3:hr>151</ns3:hr>
            <ns3:cad>86</ns3:cad>
          </ns3:TrackPointExtension>
        </extensions>
      </trkpt>
      <trkpt lat="31.21720754541456699371337890625" lon="121.38457202352583408355712890625">
        <ele>8.6000003814697265625</ele>
        <time>2026-08-31T11:15:40.000Z</time>
        <extensions>
          <ns3:TrackPointExtension>
            <ns3:hr>151</ns3:hr>
            <ns3:cad>86</ns3:cad>
          </ns3:TrackPointExtension>
        </extensions>
      </trkpt>
      <trkpt lat="31.217186339199542999267578125" lon="121.38456456363201141357421875">
        <ele>8.6000003814697265625</ele>
        <time>2026-08-31T11:15:41.000Z</time>
        <extensions>
          <ns3:TrackPointExtension>
            <ns3:hr>152</ns3:hr>
            <ns3:cad>86</ns3:cad>
          </ns3:TrackPointExtension>
        </extensions>
      </trkpt>
      <trkpt lat="31.2171600200235843658447265625" lon="121.3845590315759181976318359375">
        <ele>8.6000003814697265625</ele>
        <time>2026-08-31T11:15:42.000Z</time>
        <extensions>
          <ns3:TrackPointExtension>
            <ns3:hr>151</ns3:hr>
            <ns3:cad>86</ns3:cad>
          </ns3:TrackPointExtension>
        </extensions>
      </trkpt>
      <trkpt lat="31.217135377228260040283203125" lon="121.38454847037792205810546875">
        <ele>8.3999996185302734375</ele>
        <time>2026-08-31T11:15:43.000Z</time>
        <extensions>
          <ns3:TrackPointExtension>
            <ns3:hr>151</ns3:hr>
            <ns3:cad>86</ns3:cad>
          </ns3:TrackPointExtension>
        </extensions>
      </trkpt>
      <trkpt lat="31.21711182408034801483154296875" lon="121.3845446147024631500244140625">
        <ele>8.3999996185302734375</ele>
        <time>2026-08-31T11:15:44.000Z</time>
        <extensions>
          <ns3:TrackPointExtension>
            <ns3:hr>152</ns3:hr>
            <ns3:cad>86</ns3:cad>
          </ns3:TrackPointExtension>
        </extensions>
      </trkpt>
      <trkpt lat="31.2170839123427867889404296875" lon="121.384538747370243072509765625">
        <ele>8.3999996185302734375</ele>
        <time>2026-08-31T11:15:45.000Z</time>
        <extensions>
          <ns3:TrackPointExtension>
            <ns3:hr>151</ns3:hr>
            <ns3:cad>86</ns3:cad>
          </ns3:TrackPointExtension>
        </extensions>
      </trkpt>
      <trkpt lat="31.21706186793744564056396484375" lon="121.384539417922496795654296875">
        <ele>8.3999996185302734375</ele>
        <time>2026-08-31T11:15:46.000Z</time>
        <extensions>
          <ns3:TrackPointExtension>
            <ns3:hr>151</ns3:hr>
            <ns3:cad>86</ns3:cad>
          </ns3:TrackPointExtension>
        </extensions>
      </trkpt>
      <trkpt lat="31.21703588403761386871337890625" lon="121.38454033993184566497802734375">
        <ele>8.3999996185302734375</ele>
        <time>2026-08-31T11:15:47.000Z</time>
        <extensions>
          <ns3:TrackPointExtension>
            <ns3:hr>152</ns3:hr>
            <ns3:cad>86</ns3:cad>
          </ns3:TrackPointExtension>
        </extensions>
      </trkpt>
      <trkpt lat="31.217014677822589874267578125" lon="121.38454176485538482666015625">
        <ele>8.3999996185302734375</ele>
        <time>2026-08-31T11:15:48.000Z</time>
        <extensions>
          <ns3:TrackPointExtension>
            <ns3:hr>152</ns3:hr>
            <ns3:cad>86</ns3:cad>
          </ns3:TrackPointExtension>
        </extensions>
      </trkpt>
      <trkpt lat="31.216988526284694671630859375" lon="121.38453296385705471038818359375">
        <ele>8.3999996185302734375</ele>
        <time>2026-08-31T11:15:49.000Z</time>
        <extensions>
          <ns3:TrackPointExtension>
            <ns3:hr>152</ns3:hr>
            <ns3:cad>87</ns3:cad>
          </ns3:TrackPointExtension>
        </extensions>
      </trkpt>
      <trkpt lat="31.21696715243160724639892578125" lon="121.38452961109578609466552734375">
        <ele>8.6000003814697265625</ele>
        <time>2026-08-31T11:15:50.000Z</time>
        <extensions>
          <ns3:TrackPointExtension>
            <ns3:hr>152</ns3:hr>
            <ns3:cad>87</ns3:cad>
          </ns3:TrackPointExtension>
        </extensions>
      </trkpt>
      <trkpt lat="31.216942928731441497802734375" lon="121.3845261745154857635498046875">
        <ele>8.6000003814697265625</ele>
        <time>2026-08-31T11:15:51.000Z</time>
        <extensions>
          <ns3:TrackPointExtension>
            <ns3:hr>153</ns3:hr>
            <ns3:cad>87</ns3:cad>
          </ns3:TrackPointExtension>
        </extensions>
      </trkpt>
      <trkpt lat="31.21692247688770294189453125" lon="121.384522654116153717041015625">
        <ele>8.6000003814697265625</ele>
        <time>2026-08-31T11:15:52.000Z</time>
        <extensions>
          <ns3:TrackPointExtension>
            <ns3:hr>153</ns3:hr>
            <ns3:cad>87</ns3:cad>
          </ns3:TrackPointExtension>
        </extensions>
      </trkpt>
      <trkpt lat="31.21689858846366405487060546875" lon="121.3845174573361873626708984375">
        <ele>8.6000003814697265625</ele>
        <time>2026-08-31T11:15:53.000Z</time>
        <extensions>
          <ns3:TrackPointExtension>
            <ns3:hr>153</ns3:hr>
            <ns3:cad>87</ns3:cad>
          </ns3:TrackPointExtension>
        </extensions>
      </trkpt>
      <trkpt lat="31.21687293983995914459228515625" lon="121.38451234437525272369384765625">
        <ele>8.6000003814697265625</ele>
        <time>2026-08-31T11:15:54.000Z</time>
        <extensions>
          <ns3:TrackPointExtension>
            <ns3:hr>153</ns3:hr>
            <ns3:cad>87</ns3:cad>
          </ns3:TrackPointExtension>
        </extensions>
      </trkpt>
      <trkpt lat="31.2168467044830322265625" lon="121.38451200909912586212158203125">
        <ele>8.6000003814697265625</ele>
        <time>2026-08-31T11:15:55.000Z</time>
        <extensions>
          <ns3:TrackPointExtension>
            <ns3:hr>153</ns3:hr>
            <ns3:cad>88</ns3:cad>
          </ns3:TrackPointExtension>
        </extensions>
      </trkpt>
      <trkpt lat="31.2168203853070735931396484375" lon="121.3845080696046352386474609375">
        <ele>8.3999996185302734375</ele>
        <time>2026-08-31T11:15:56.000Z</time>
        <extensions>
          <ns3:TrackPointExtension>
            <ns3:hr>154</ns3:hr>
            <ns3:cad>88</ns3:cad>
          </ns3:TrackPointExtension>
        </extensions>
      </trkpt>
      <trkpt lat="31.21679934673011302947998046875" lon="121.3845040462911128997802734375">
        <ele>8.3999996185302734375</ele>
        <time>2026-08-31T11:15:57.000Z</time>
        <extensions>
          <ns3:TrackPointExtension>
            <ns3:hr>154</ns3:hr>
            <ns3:cad>88</ns3:cad>
          </ns3:TrackPointExtension>
        </extensions>
      </trkpt>
      <trkpt lat="31.21677403338253498077392578125" lon="121.384501866996288299560546875">
        <ele>8.3999996185302734375</ele>
        <time>2026-08-31T11:15:58.000Z</time>
        <extensions>
          <ns3:TrackPointExtension>
            <ns3:hr>154</ns3:hr>
            <ns3:cad>88</ns3:cad>
          </ns3:TrackPointExtension>
        </extensions>
      </trkpt>
      <trkpt lat="31.21675274334847927093505859375" lon="121.3844968378543853759765625">
        <ele>8.3999996185302734375</ele>
        <time>2026-08-31T11:15:59.000Z</time>
        <extensions>
          <ns3:TrackPointExtension>
            <ns3:hr>155</ns3:hr>
            <ns3:cad>87</ns3:cad>
          </ns3:TrackPointExtension>
        </extensions>
      </trkpt>
      <trkpt lat="31.2167301960289478302001953125" lon="121.3844913057982921600341796875">
        <ele>8.3999996185302734375</ele>
        <time>2026-08-31T11:16:00.000Z</time>
        <extensions>
          <ns3:TrackPointExtension>
            <ns3:hr>154</ns3:hr>
            <ns3:cad>87</ns3:cad>
          </ns3:TrackPointExtension>
        </extensions>
      </trkpt>
      <trkpt lat="31.2167154438793659210205078125" lon="121.38449189253151416778564453125">
        <ele>8.3999996185302734375</ele>
        <time>2026-08-31T11:16:01.000Z</time>
        <extensions>
          <ns3:TrackPointExtension>
            <ns3:hr>154</ns3:hr>
            <ns3:cad>88</ns3:cad>
          </ns3:TrackPointExtension>
        </extensions>
      </trkpt>
      <trkpt lat="31.2166943214833736419677734375" lon="121.38448703102767467498779296875">
        <ele>8.3999996185302734375</ele>
        <time>2026-08-31T11:16:02.000Z</time>
        <extensions>
          <ns3:TrackPointExtension>
            <ns3:hr>155</ns3:hr>
            <ns3:cad>88</ns3:cad>
          </ns3:TrackPointExtension>
        </extensions>
      </trkpt>
      <trkpt lat="31.21668032370507717132568359375" lon="121.3844829238951206207275390625">
        <ele>8.3999996185302734375</ele>
        <time>2026-08-31T11:16:03.000Z</time>
        <extensions>
          <ns3:TrackPointExtension>
            <ns3:hr>155</ns3:hr>
            <ns3:cad>88</ns3:cad>
          </ns3:TrackPointExtension>
        </extensions>
      </trkpt>
      <trkpt lat="31.2166507355868816375732421875" lon="121.384475044906139373779296875">
        <ele>8.6000003814697265625</ele>
        <time>2026-08-31T11:16:04.000Z</time>
        <extensions>
          <ns3:TrackPointExtension>
            <ns3:hr>155</ns3:hr>
            <ns3:cad>87</ns3:cad>
          </ns3:TrackPointExtension>
        </extensions>
      </trkpt>
      <trkpt lat="31.2166307866573333740234375" lon="121.38447043485939502716064453125">
        <ele>8.6000003814697265625</ele>
        <time>2026-08-31T11:16:05.000Z</time>
        <extensions>
          <ns3:TrackPointExtension>
            <ns3:hr>155</ns3:hr>
            <ns3:cad>87</ns3:cad>
          </ns3:TrackPointExtension>
        </extensions>
      </trkpt>
      <trkpt lat="31.216606982052326202392578125" lon="121.3844691775739192962646484375">
        <ele>8.80000019073486328125</ele>
        <time>2026-08-31T11:16:06.000Z</time>
        <extensions>
          <ns3:TrackPointExtension>
            <ns3:hr>156</ns3:hr>
            <ns3:cad>87</ns3:cad>
          </ns3:TrackPointExtension>
        </extensions>
      </trkpt>
      <trkpt lat="31.216586865484714508056640625" lon="121.384465657174587249755859375">
        <ele>8.80000019073486328125</ele>
        <time>2026-08-31T11:16:07.000Z</time>
        <extensions>
          <ns3:TrackPointExtension>
            <ns3:hr>156</ns3:hr>
            <ns3:cad>88</ns3:cad>
          </ns3:TrackPointExtension>
        </extensions>
      </trkpt>
      <trkpt lat="31.2165689282119274139404296875" lon="121.384474374353885650634765625">
        <ele>8.80000019073486328125</ele>
        <time>2026-08-31T11:16:08.000Z</time>
        <extensions>
          <ns3:TrackPointExtension>
            <ns3:hr>156</ns3:hr>
            <ns3:cad>88</ns3:cad>
          </ns3:TrackPointExtension>
        </extensions>
      </trkpt>
      <trkpt lat="31.216547973453998565673828125" lon="121.3844886235892772674560546875">
        <ele>8.6000003814697265625</ele>
        <time>2026-08-31T11:16:09.000Z</time>
        <extensions>
          <ns3:TrackPointExtension>
            <ns3:hr>156</ns3:hr>
            <ns3:cad>88</ns3:cad>
          </ns3:TrackPointExtension>
        </extensions>
      </trkpt>
      <trkpt lat="31.21653355658054351806640625" lon="121.3845060579478740692138671875">
        <ele>8.6000003814697265625</ele>
        <time>2026-08-31T11:16:10.000Z</time>
        <extensions>
          <ns3:TrackPointExtension>
            <ns3:hr>156</ns3:hr>
            <ns3:cad>88</ns3:cad>
          </ns3:TrackPointExtension>
        </extensions>
      </trkpt>
      <trkpt lat="31.21652743779122829437255859375" lon="121.38451536186039447784423828125">
        <ele>8.6000003814697265625</ele>
        <time>2026-08-31T11:16:11.000Z</time>
        <extensions>
          <ns3:TrackPointExtension>
            <ns3:hr>156</ns3:hr>
            <ns3:cad>87</ns3:cad>
          </ns3:TrackPointExtension>
        </extensions>
      </trkpt>
      <trkpt lat="31.21652928180992603302001953125" lon="121.3845251686871051788330078125">
        <ele>8.6000003814697265625</ele>
        <time>2026-08-31T11:16:12.000Z</time>
        <extensions>
          <ns3:TrackPointExtension>
            <ns3:hr>156</ns3:hr>
            <ns3:cad>87</ns3:cad>
          </ns3:TrackPointExtension>
        </extensions>
      </trkpt>
      <trkpt lat="31.21652207337319850921630859375" lon="121.3845451176166534423828125">
        <ele>8.80000019073486328125</ele>
        <time>2026-08-31T11:16:13.000Z</time>
        <extensions>
          <ns3:TrackPointExtension>
            <ns3:hr>156</ns3:hr>
            <ns3:cad>87</ns3:cad>
          </ns3:TrackPointExtension>
        </extensions>
      </trkpt>
      <trkpt lat="31.216511093080043792724609375" lon="121.38456062413752079010009765625">
        <ele>8.80000019073486328125</ele>
        <time>2026-08-31T11:16:14.000Z</time>
        <extensions>
          <ns3:TrackPointExtension>
            <ns3:hr>156</ns3:hr>
            <ns3:cad>87</ns3:cad>
          </ns3:TrackPointExtension>
        </extensions>
      </trkpt>
      <trkpt lat="31.21649357490241527557373046875" lon="121.38458945788443088531494140625">
        <ele>8.80000019073486328125</ele>
        <time>2026-08-31T11:16:15.000Z</time>
        <extensions>
          <ns3:TrackPointExtension>
            <ns3:hr>156</ns3:hr>
            <ns3:cad>86</ns3:cad>
          </ns3:TrackPointExtension>
        </extensions>
      </trkpt>
      <trkpt lat="31.2164814211428165435791015625" lon="121.384619213640689849853515625">
        <ele>8.80000019073486328125</ele>
        <time>2026-08-31T11:16:16.000Z</time>
        <extensions>
          <ns3:TrackPointExtension>
            <ns3:hr>156</ns3:hr>
            <ns3:cad>85</ns3:cad>
          </ns3:TrackPointExtension>
        </extensions>
      </trkpt>
      <trkpt lat="31.21647546999156475067138671875" lon="121.384640671312808990478515625">
        <ele>8.80000019073486328125</ele>
        <time>2026-08-31T11:16:17.000Z</time>
        <extensions>
          <ns3:TrackPointExtension>
            <ns3:hr>156</ns3:hr>
            <ns3:cad>85</ns3:cad>
          </ns3:TrackPointExtension>
        </extensions>
      </trkpt>
      <trkpt lat="31.21646541170775890350341796875" lon="121.38466673903167247772216796875">
        <ele>8.80000019073486328125</ele>
        <time>2026-08-31T11:16:18.000Z</time>
        <extensions>
          <ns3:TrackPointExtension>
            <ns3:hr>156</ns3:hr>
            <ns3:cad>85</ns3:cad>
          </ns3:TrackPointExtension>
        </extensions>
      </trkpt>
      <trkpt lat="31.21645803563296794891357421875" lon="121.38469322584569454193115234375">
        <ele>8.80000019073486328125</ele>
        <time>2026-08-31T11:16:19.000Z</time>
        <extensions>
          <ns3:TrackPointExtension>
            <ns3:hr>156</ns3:hr>
            <ns3:cad>86</ns3:cad>
          </ns3:TrackPointExtension>
        </extensions>
      </trkpt>
      <trkpt lat="31.21645267121493816375732421875" lon="121.3847219757735729217529296875">
        <ele>8.6000003814697265625</ele>
        <time>2026-08-31T11:16:20.000Z</time>
        <extensions>
          <ns3:TrackPointExtension>
            <ns3:hr>155</ns3:hr>
            <ns3:cad>87</ns3:cad>
          </ns3:TrackPointExtension>
        </extensions>
      </trkpt>
      <trkpt lat="31.2164529226720333099365234375" lon="121.3847462832927703857421875">
        <ele>8.6000003814697265625</ele>
        <time>2026-08-31T11:16:21.000Z</time>
        <extensions>
          <ns3:TrackPointExtension>
            <ns3:hr>156</ns3:hr>
            <ns3:cad>87</ns3:cad>
          </ns3:TrackPointExtension>
        </extensions>
      </trkpt>
      <trkpt lat="31.2164505757391452789306640625" lon="121.384774781763553619384765625">
        <ele>8.6000003814697265625</ele>
        <time>2026-08-31T11:16:22.000Z</time>
        <extensions>
          <ns3:TrackPointExtension>
            <ns3:hr>156</ns3:hr>
            <ns3:cad>87</ns3:cad>
          </ns3:TrackPointExtension>
        </extensions>
      </trkpt>
      <trkpt lat="31.21644697152078151702880859375" lon="121.384796909987926483154296875">
        <ele>8.3999996185302734375</ele>
        <time>2026-08-31T11:16:23.000Z</time>
        <extensions>
          <ns3:TrackPointExtension>
            <ns3:hr>156</ns3:hr>
            <ns3:cad>87</ns3:cad>
          </ns3:TrackPointExtension>
        </extensions>
      </trkpt>
      <trkpt lat="31.21643741615116596221923828125" lon="121.38482918031513690948486328125">
        <ele>8.6000003814697265625</ele>
        <time>2026-08-31T11:16:24.000Z</time>
        <extensions>
          <ns3:TrackPointExtension>
            <ns3:hr>156</ns3:hr>
            <ns3:cad>87</ns3:cad>
          </ns3:TrackPointExtension>
        </extensions>
      </trkpt>
      <trkpt lat="31.216436326503753662109375" lon="121.3848544098436832427978515625">
        <ele>8.6000003814697265625</ele>
        <time>2026-08-31T11:16:25.000Z</time>
        <extensions>
          <ns3:TrackPointExtension>
            <ns3:hr>155</ns3:hr>
            <ns3:cad>87</ns3:cad>
          </ns3:TrackPointExtension>
        </extensions>
      </trkpt>
      <trkpt lat="31.216431967914104461669921875" lon="121.38488818891346454620361328125">
        <ele>8.6000003814697265625</ele>
        <time>2026-08-31T11:16:26.000Z</time>
        <extensions>
          <ns3:TrackPointExtension>
            <ns3:hr>155</ns3:hr>
            <ns3:cad>88</ns3:cad>
          </ns3:TrackPointExtension>
        </extensions>
      </trkpt>
      <trkpt lat="31.21642903424799442291259765625" lon="121.38490847311913967132568359375">
        <ele>8.6000003814697265625</ele>
        <time>2026-08-31T11:16:27.000Z</time>
        <extensions>
          <ns3:TrackPointExtension>
            <ns3:hr>155</ns3:hr>
            <ns3:cad>88</ns3:cad>
          </ns3:TrackPointExtension>
        </extensions>
      </trkpt>
      <trkpt lat="31.216427274048328399658203125" lon="121.38493848033249378204345703125">
        <ele>8.6000003814697265625</ele>
        <time>2026-08-31T11:16:28.000Z</time>
        <extensions>
          <ns3:TrackPointExtension>
            <ns3:hr>154</ns3:hr>
            <ns3:cad>88</ns3:cad>
          </ns3:TrackPointExtension>
        </extensions>
      </trkpt>
      <trkpt lat="31.2164204008877277374267578125" lon="121.3849667273461818695068359375">
        <ele>8.6000003814697265625</ele>
        <time>2026-08-31T11:16:29.000Z</time>
        <extensions>
          <ns3:TrackPointExtension>
            <ns3:hr>154</ns3:hr>
            <ns3:cad>87</ns3:cad>
          </ns3:TrackPointExtension>
        </extensions>
      </trkpt>
      <trkpt lat="31.21640875004231929779052734375" lon="121.38499916531145572662353515625">
        <ele>8.3999996185302734375</ele>
        <time>2026-08-31T11:16:30.000Z</time>
        <extensions>
          <ns3:TrackPointExtension>
            <ns3:hr>154</ns3:hr>
            <ns3:cad>87</ns3:cad>
          </ns3:TrackPointExtension>
        </extensions>
      </trkpt>
      <trkpt lat="31.21640053577721118927001953125" lon="121.38502129353582859039306640625">
        <ele>8.3999996185302734375</ele>
        <time>2026-08-31T11:16:31.000Z</time>
        <extensions>
          <ns3:TrackPointExtension>
            <ns3:hr>153</ns3:hr>
            <ns3:cad>87</ns3:cad>
          </ns3:TrackPointExtension>
        </extensions>
      </trkpt>
      <trkpt lat="31.2163935787975788116455078125" lon="121.385045349597930908203125">
        <ele>8.3999996185302734375</ele>
        <time>2026-08-31T11:16:32.000Z</time>
        <extensions>
          <ns3:TrackPointExtension>
            <ns3:hr>153</ns3:hr>
            <ns3:cad>89</ns3:cad>
          </ns3:TrackPointExtension>
        </extensions>
      </trkpt>
      <trkpt lat="31.216383017599582672119140625" lon="121.38508222997188568115234375">
        <ele>8.3999996185302734375</ele>
        <time>2026-08-31T11:16:33.000Z</time>
        <extensions>
          <ns3:TrackPointExtension>
            <ns3:hr>153</ns3:hr>
            <ns3:cad>89</ns3:cad>
          </ns3:TrackPointExtension>
        </extensions>
      </trkpt>
      <trkpt lat="31.216377653181552886962890625" lon="121.3851172663271427154541015625">
        <ele>8.3999996185302734375</ele>
        <time>2026-08-31T11:16:34.000Z</time>
        <extensions>
          <ns3:TrackPointExtension>
            <ns3:hr>153</ns3:hr>
            <ns3:cad>88</ns3:cad>
          </ns3:TrackPointExtension>
        </extensions>
      </trkpt>
      <trkpt lat="31.21637530624866485595703125" lon="121.38514392077922821044921875">
        <ele>8.3999996185302734375</ele>
        <time>2026-08-31T11:16:35.000Z</time>
        <extensions>
          <ns3:TrackPointExtension>
            <ns3:hr>153</ns3:hr>
            <ns3:cad>88</ns3:cad>
          </ns3:TrackPointExtension>
        </extensions>
      </trkpt>
      <trkpt lat="31.21637388132512569427490234375" lon="121.38517476618289947509765625">
        <ele>8.19999980926513671875</ele>
        <time>2026-08-31T11:16:36.000Z</time>
        <extensions>
          <ns3:TrackPointExtension>
            <ns3:hr>154</ns3:hr>
            <ns3:cad>87</ns3:cad>
          </ns3:TrackPointExtension>
        </extensions>
      </trkpt>
      <trkpt lat="31.2163697741925716400146484375" lon="121.3852014206349849700927734375">
        <ele>8.19999980926513671875</ele>
        <time>2026-08-31T11:16:37.000Z</time>
        <extensions>
          <ns3:TrackPointExtension>
            <ns3:hr>153</ns3:hr>
            <ns3:cad>87</ns3:cad>
          </ns3:TrackPointExtension>
        </extensions>
      </trkpt>
      <trkpt lat="31.21636591851711273193359375" lon="121.385227404534816741943359375">
        <ele>8.19999980926513671875</ele>
        <time>2026-08-31T11:16:38.000Z</time>
        <extensions>
          <ns3:TrackPointExtension>
            <ns3:hr>154</ns3:hr>
            <ns3:cad>89</ns3:cad>
          </ns3:TrackPointExtension>
        </extensions>
      </trkpt>
      <trkpt lat="31.216359548270702362060546875" lon="121.38525363989174365997314453125">
        <ele>8.3999996185302734375</ele>
        <time>2026-08-31T11:16:39.000Z</time>
        <extensions>
          <ns3:TrackPointExtension>
            <ns3:hr>154</ns3:hr>
            <ns3:cad>89</ns3:cad>
          </ns3:TrackPointExtension>
        </extensions>
      </trkpt>
      <trkpt lat="31.2163531780242919921875" lon="121.3852761872112751007080078125">
        <ele>8.3999996185302734375</ele>
        <time>2026-08-31T11:16:40.000Z</time>
        <extensions>
          <ns3:TrackPointExtension>
            <ns3:hr>154</ns3:hr>
            <ns3:cad>89</ns3:cad>
          </ns3:TrackPointExtension>
        </extensions>
      </trkpt>
      <trkpt lat="31.2163452990353107452392578125" lon="121.38530728407204151153564453125">
        <ele>8.3999996185302734375</ele>
        <time>2026-08-31T11:16:41.000Z</time>
        <extensions>
          <ns3:TrackPointExtension>
            <ns3:hr>153</ns3:hr>
            <ns3:cad>88</ns3:cad>
          </ns3:TrackPointExtension>
        </extensions>
      </trkpt>
      <trkpt lat="31.2163432873785495758056640625" lon="121.385334022343158721923828125">
        <ele>8.3999996185302734375</ele>
        <time>2026-08-31T11:16:42.000Z</time>
        <extensions>
          <ns3:TrackPointExtension>
            <ns3:hr>153</ns3:hr>
            <ns3:cad>88</ns3:cad>
          </ns3:TrackPointExtension>
        </extensions>
      </trkpt>
      <trkpt lat="31.21633079834282398223876953125" lon="121.385364867746829986572265625">
        <ele>8.3999996185302734375</ele>
        <time>2026-08-31T11:16:43.000Z</time>
        <extensions>
          <ns3:TrackPointExtension>
            <ns3:hr>153</ns3:hr>
            <ns3:cad>88</ns3:cad>
          </ns3:TrackPointExtension>
        </extensions>
      </trkpt>
      <trkpt lat="31.2163281999528408050537109375" lon="121.38539311476051807403564453125">
        <ele>8.19999980926513671875</ele>
        <time>2026-08-31T11:16:44.000Z</time>
        <extensions>
          <ns3:TrackPointExtension>
            <ns3:hr>154</ns3:hr>
            <ns3:cad>90</ns3:cad>
          </ns3:TrackPointExtension>
        </extensions>
      </trkpt>
      <trkpt lat="31.21631889604032039642333984375" lon="121.38542287051677703857421875">
        <ele>8.3999996185302734375</ele>
        <time>2026-08-31T11:16:45.000Z</time>
        <extensions>
          <ns3:TrackPointExtension>
            <ns3:hr>153</ns3:hr>
            <ns3:cad>90</ns3:cad>
          </ns3:TrackPointExtension>
        </extensions>
      </trkpt>
      <trkpt lat="31.21631302870810031890869140625" lon="121.38544960878789424896240234375">
        <ele>8.3999996185302734375</ele>
        <time>2026-08-31T11:16:46.000Z</time>
        <extensions>
          <ns3:TrackPointExtension>
            <ns3:hr>153</ns3:hr>
            <ns3:cad>89</ns3:cad>
          </ns3:TrackPointExtension>
        </extensions>
      </trkpt>
      <trkpt lat="31.216302216053009033203125" lon="121.38548414222896099090576171875">
        <ele>8.3999996185302734375</ele>
        <time>2026-08-31T11:16:47.000Z</time>
        <extensions>
          <ns3:TrackPointExtension>
            <ns3:hr>153</ns3:hr>
            <ns3:cad>88</ns3:cad>
          </ns3:TrackPointExtension>
        </extensions>
      </trkpt>
      <trkpt lat="31.2162963487207889556884765625" lon="121.38550844974815845489501953125">
        <ele>8.3999996185302734375</ele>
        <time>2026-08-31T11:16:48.000Z</time>
        <extensions>
          <ns3:TrackPointExtension>
            <ns3:hr>153</ns3:hr>
            <ns3:cad>87</ns3:cad>
          </ns3:TrackPointExtension>
        </extensions>
      </trkpt>
      <trkpt lat="31.21628352440893650054931640625" lon="121.38553912751376628875732421875">
        <ele>8.19999980926513671875</ele>
        <time>2026-08-31T11:16:49.000Z</time>
        <extensions>
          <ns3:TrackPointExtension>
            <ns3:hr>154</ns3:hr>
            <ns3:cad>87</ns3:cad>
          </ns3:TrackPointExtension>
        </extensions>
      </trkpt>
      <trkpt lat="31.2162735499441623687744140625" lon="121.3855668716132640838623046875">
        <ele>8.19999980926513671875</ele>
        <time>2026-08-31T11:16:50.000Z</time>
        <extensions>
          <ns3:TrackPointExtension>
            <ns3:hr>154</ns3:hr>
            <ns3:cad>87</ns3:cad>
          </ns3:TrackPointExtension>
        </extensions>
      </trkpt>
      <trkpt lat="31.21627070009708404541015625" lon="121.3855957053601741790771484375">
        <ele>8.19999980926513671875</ele>
        <time>2026-08-31T11:16:51.000Z</time>
        <extensions>
          <ns3:TrackPointExtension>
            <ns3:hr>154</ns3:hr>
            <ns3:cad>89</ns3:cad>
          </ns3:TrackPointExtension>
        </extensions>
      </trkpt>
      <trkpt lat="31.21626357547938823699951171875" lon="121.3856225274503231048583984375">
        <ele>8</ele>
        <time>2026-08-31T11:16:52.000Z</time>
        <extensions>
          <ns3:TrackPointExtension>
            <ns3:hr>154</ns3:hr>
            <ns3:cad>89</ns3:cad>
          </ns3:TrackPointExtension>
        </extensions>
      </trkpt>
      <trkpt lat="31.2162604741752147674560546875" lon="121.3856573961675167083740234375">
        <ele>8</ele>
        <time>2026-08-31T11:16:53.000Z</time>
        <extensions>
          <ns3:TrackPointExtension>
            <ns3:hr>154</ns3:hr>
            <ns3:cad>88</ns3:cad>
          </ns3:TrackPointExtension>
        </extensions>
      </trkpt>
      <trkpt lat="31.216252930462360382080078125" lon="121.38568731956183910369873046875">
        <ele>8.19999980926513671875</ele>
        <time>2026-08-31T11:16:54.000Z</time>
        <extensions>
          <ns3:TrackPointExtension>
            <ns3:hr>154</ns3:hr>
            <ns3:cad>87</ns3:cad>
          </ns3:TrackPointExtension>
        </extensions>
      </trkpt>
      <trkpt lat="31.216249577701091766357421875" lon="121.38571347109973430633544921875">
        <ele>8.19999980926513671875</ele>
        <time>2026-08-31T11:16:55.000Z</time>
        <extensions>
          <ns3:TrackPointExtension>
            <ns3:hr>154</ns3:hr>
            <ns3:cad>87</ns3:cad>
          </ns3:TrackPointExtension>
        </extensions>
      </trkpt>
      <trkpt lat="31.21624161489307880401611328125" lon="121.38574163429439067840576171875">
        <ele>8.19999980926513671875</ele>
        <time>2026-08-31T11:16:56.000Z</time>
        <extensions>
          <ns3:TrackPointExtension>
            <ns3:hr>154</ns3:hr>
            <ns3:cad>87</ns3:cad>
          </ns3:TrackPointExtension>
        </extensions>
      </trkpt>
      <trkpt lat="31.21623658575117588043212890625" lon="121.38577021658420562744140625">
        <ele>8.19999980926513671875</ele>
        <time>2026-08-31T11:16:57.000Z</time>
        <extensions>
          <ns3:TrackPointExtension>
            <ns3:hr>154</ns3:hr>
            <ns3:cad>89</ns3:cad>
          </ns3:TrackPointExtension>
        </extensions>
      </trkpt>
      <trkpt lat="31.21623306535184383392333984375" lon="121.3857998885214328765869140625">
        <ele>8</ele>
        <time>2026-08-31T11:16:58.000Z</time>
        <extensions>
          <ns3:TrackPointExtension>
            <ns3:hr>154</ns3:hr>
            <ns3:cad>89</ns3:cad>
          </ns3:TrackPointExtension>
        </extensions>
      </trkpt>
      <trkpt lat="31.216224767267704010009765625" lon="121.38582394458353519439697265625">
        <ele>8</ele>
        <time>2026-08-31T11:16:59.000Z</time>
        <extensions>
          <ns3:TrackPointExtension>
            <ns3:hr>154</ns3:hr>
            <ns3:cad>88</ns3:cad>
          </ns3:TrackPointExtension>
        </extensions>
      </trkpt>
      <trkpt lat="31.2162195704877376556396484375" lon="121.3858575560152530670166015625">
        <ele>8.19999980926513671875</ele>
        <time>2026-08-31T11:17:00.000Z</time>
        <extensions>
          <ns3:TrackPointExtension>
            <ns3:hr>154</ns3:hr>
            <ns3:cad>88</ns3:cad>
          </ns3:TrackPointExtension>
        </extensions>
      </trkpt>
      <trkpt lat="31.21621437370777130126953125" lon="121.38587943278253078460693359375">
        <ele>8.19999980926513671875</ele>
        <time>2026-08-31T11:17:01.000Z</time>
        <extensions>
          <ns3:TrackPointExtension>
            <ns3:hr>155</ns3:hr>
            <ns3:cad>87</ns3:cad>
          </ns3:TrackPointExtension>
        </extensions>
      </trkpt>
      <trkpt lat="31.21620708145201206207275390625" lon="121.38591145165264606475830078125">
        <ele>8</ele>
        <time>2026-08-31T11:17:02.000Z</time>
        <extensions>
          <ns3:TrackPointExtension>
            <ns3:hr>154</ns3:hr>
            <ns3:cad>87</ns3:cad>
          </ns3:TrackPointExtension>
        </extensions>
      </trkpt>
      <trkpt lat="31.21620272286236286163330078125" lon="121.38593785464763641357421875">
        <ele>8</ele>
        <time>2026-08-31T11:17:03.000Z</time>
        <extensions>
          <ns3:TrackPointExtension>
            <ns3:hr>154</ns3:hr>
            <ns3:cad>89</ns3:cad>
          </ns3:TrackPointExtension>
        </extensions>
      </trkpt>
      <trkpt lat="31.21619484387338161468505859375" lon="121.38597481884062290191650390625">
        <ele>8</ele>
        <time>2026-08-31T11:17:04.000Z</time>
        <extensions>
          <ns3:TrackPointExtension>
            <ns3:hr>155</ns3:hr>
            <ns3:cad>89</ns3:cad>
          </ns3:TrackPointExtension>
        </extensions>
      </trkpt>
      <trkpt lat="31.21618998236954212188720703125" lon="121.3859983719885349273681640625">
        <ele>8</ele>
        <time>2026-08-31T11:17:05.000Z</time>
        <extensions>
          <ns3:TrackPointExtension>
            <ns3:hr>154</ns3:hr>
            <ns3:cad>88</ns3:cad>
          </ns3:TrackPointExtension>
        </extensions>
      </trkpt>
      <trkpt lat="31.2161816842854022979736328125" lon="121.38603282161056995391845703125">
        <ele>8</ele>
        <time>2026-08-31T11:17:06.000Z</time>
        <extensions>
          <ns3:TrackPointExtension>
            <ns3:hr>154</ns3:hr>
            <ns3:cad>88</ns3:cad>
          </ns3:TrackPointExtension>
        </extensions>
      </trkpt>
      <trkpt lat="31.21617908589541912078857421875" lon="121.38606165535748004913330078125">
        <ele>7.80000019073486328125</ele>
        <time>2026-08-31T11:17:07.000Z</time>
        <extensions>
          <ns3:TrackPointExtension>
            <ns3:hr>154</ns3:hr>
            <ns3:cad>88</ns3:cad>
          </ns3:TrackPointExtension>
        </extensions>
      </trkpt>
      <trkpt lat="31.2161776609718799591064453125" lon="121.38608939945697784423828125">
        <ele>8</ele>
        <time>2026-08-31T11:17:08.000Z</time>
        <extensions>
          <ns3:TrackPointExtension>
            <ns3:hr>154</ns3:hr>
            <ns3:cad>88</ns3:cad>
          </ns3:TrackPointExtension>
        </extensions>
      </trkpt>
      <trkpt lat="31.21616785414516925811767578125" lon="121.3861177302896976470947265625">
        <ele>8</ele>
        <time>2026-08-31T11:17:09.000Z</time>
        <extensions>
          <ns3:TrackPointExtension>
            <ns3:hr>155</ns3:hr>
            <ns3:cad>88</ns3:cad>
          </ns3:TrackPointExtension>
        </extensions>
      </trkpt>
      <trkpt lat="31.21616248972713947296142578125" lon="121.386152096092700958251953125">
        <ele>8</ele>
        <time>2026-08-31T11:17:10.000Z</time>
        <extensions>
          <ns3:TrackPointExtension>
            <ns3:hr>155</ns3:hr>
            <ns3:cad>88</ns3:cad>
          </ns3:TrackPointExtension>
        </extensions>
      </trkpt>
      <trkpt lat="31.21615494601428508758544921875" lon="121.38617883436381816864013671875">
        <ele>8</ele>
        <time>2026-08-31T11:17:11.000Z</time>
        <extensions>
          <ns3:TrackPointExtension>
            <ns3:hr>155</ns3:hr>
            <ns3:cad>88</ns3:cad>
          </ns3:TrackPointExtension>
        </extensions>
      </trkpt>
      <trkpt lat="31.2161521799862384796142578125" lon="121.38620607554912567138671875">
        <ele>8</ele>
        <time>2026-08-31T11:17:12.000Z</time>
        <extensions>
          <ns3:TrackPointExtension>
            <ns3:hr>155</ns3:hr>
            <ns3:cad>88</ns3:cad>
          </ns3:TrackPointExtension>
        </extensions>
      </trkpt>
      <trkpt lat="31.2161427922546863555908203125" lon="121.38623599894344806671142578125">
        <ele>8</ele>
        <time>2026-08-31T11:17:13.000Z</time>
        <extensions>
          <ns3:TrackPointExtension>
            <ns3:hr>154</ns3:hr>
            <ns3:cad>87</ns3:cad>
          </ns3:TrackPointExtension>
        </extensions>
      </trkpt>
      <trkpt lat="31.21613935567438602447509765625" lon="121.38626215048134326934814453125">
        <ele>8</ele>
        <time>2026-08-31T11:17:14.000Z</time>
        <extensions>
          <ns3:TrackPointExtension>
            <ns3:hr>155</ns3:hr>
            <ns3:cad>87</ns3:cad>
          </ns3:TrackPointExtension>
        </extensions>
      </trkpt>
      <trkpt lat="31.216130554676055908203125" lon="121.38629098422825336456298828125">
        <ele>8</ele>
        <time>2026-08-31T11:17:15.000Z</time>
        <extensions>
          <ns3:TrackPointExtension>
            <ns3:hr>155</ns3:hr>
            <ns3:cad>87</ns3:cad>
          </ns3:TrackPointExtension>
        </extensions>
      </trkpt>
      <trkpt lat="31.21612795628607273101806640625" lon="121.38631914742290973663330078125">
        <ele>7.80000019073486328125</ele>
        <time>2026-08-31T11:17:16.000Z</time>
        <extensions>
          <ns3:TrackPointExtension>
            <ns3:hr>155</ns3:hr>
            <ns3:cad>89</ns3:cad>
          </ns3:TrackPointExtension>
        </extensions>
      </trkpt>
      <trkpt lat="31.21611655689775943756103515625" lon="121.38634982518851757049560546875">
        <ele>7.80000019073486328125</ele>
        <time>2026-08-31T11:17:17.000Z</time>
        <extensions>
          <ns3:TrackPointExtension>
            <ns3:hr>154</ns3:hr>
            <ns3:cad>89</ns3:cad>
          </ns3:TrackPointExtension>
        </extensions>
      </trkpt>
      <trkpt lat="31.21610901318490505218505859375" lon="121.38637505471706390380859375">
        <ele>7.80000019073486328125</ele>
        <time>2026-08-31T11:17:18.000Z</time>
        <extensions>
          <ns3:TrackPointExtension>
            <ns3:hr>155</ns3:hr>
            <ns3:cad>88</ns3:cad>
          </ns3:TrackPointExtension>
        </extensions>
      </trkpt>
      <trkpt lat="31.216098368167877197265625" lon="121.38640732504427433013916015625">
        <ele>7.80000019073486328125</ele>
        <time>2026-08-31T11:17:19.000Z</time>
        <extensions>
          <ns3:TrackPointExtension>
            <ns3:hr>155</ns3:hr>
            <ns3:cad>87</ns3:cad>
          </ns3:TrackPointExtension>
        </extensions>
      </trkpt>
      <trkpt lat="31.21609359048306941986083984375" lon="121.386429704725742340087890625">
        <ele>7.80000019073486328125</ele>
        <time>2026-08-31T11:17:20.000Z</time>
        <extensions>
          <ns3:TrackPointExtension>
            <ns3:hr>155</ns3:hr>
            <ns3:cad>87</ns3:cad>
          </ns3:TrackPointExtension>
        </extensions>
      </trkpt>
      <trkpt lat="31.216089986264705657958984375" lon="121.38645996339619159698486328125">
        <ele>7.80000019073486328125</ele>
        <time>2026-08-31T11:17:21.000Z</time>
        <extensions>
          <ns3:TrackPointExtension>
            <ns3:hr>155</ns3:hr>
            <ns3:cad>87</ns3:cad>
          </ns3:TrackPointExtension>
        </extensions>
      </trkpt>
      <trkpt lat="31.21608856134116649627685546875" lon="121.38648427091538906097412109375">
        <ele>8</ele>
        <time>2026-08-31T11:17:22.000Z</time>
        <extensions>
          <ns3:TrackPointExtension>
            <ns3:hr>155</ns3:hr>
            <ns3:cad>88</ns3:cad>
          </ns3:TrackPointExtension>
        </extensions>
      </trkpt>
      <trkpt lat="31.216083951294422149658203125" lon="121.3865146972239017486572265625">
        <ele>8</ele>
        <time>2026-08-31T11:17:23.000Z</time>
        <extensions>
          <ns3:TrackPointExtension>
            <ns3:hr>156</ns3:hr>
            <ns3:cad>88</ns3:cad>
          </ns3:TrackPointExtension>
        </extensions>
      </trkpt>
      <trkpt lat="31.21607598848640918731689453125" lon="121.38654462061822414398193359375">
        <ele>8</ele>
        <time>2026-08-31T11:17:24.000Z</time>
        <extensions>
          <ns3:TrackPointExtension>
            <ns3:hr>156</ns3:hr>
            <ns3:cad>88</ns3:cad>
          </ns3:TrackPointExtension>
        </extensions>
      </trkpt>
      <trkpt lat="31.21606953442096710205078125" lon="121.3865716941654682159423828125">
        <ele>8</ele>
        <time>2026-08-31T11:17:25.000Z</time>
        <extensions>
          <ns3:TrackPointExtension>
            <ns3:hr>156</ns3:hr>
            <ns3:cad>87</ns3:cad>
          </ns3:TrackPointExtension>
        </extensions>
      </trkpt>
      <trkpt lat="31.2160653434693813323974609375" lon="121.3866035453975200653076171875">
        <ele>8</ele>
        <time>2026-08-31T11:17:26.000Z</time>
        <extensions>
          <ns3:TrackPointExtension>
            <ns3:hr>156</ns3:hr>
            <ns3:cad>87</ns3:cad>
          </ns3:TrackPointExtension>
        </extensions>
      </trkpt>
      <trkpt lat="31.21606391854584217071533203125" lon="121.38662273995578289031982421875">
        <ele>8</ele>
        <time>2026-08-31T11:17:27.000Z</time>
        <extensions>
          <ns3:TrackPointExtension>
            <ns3:hr>156</ns3:hr>
            <ns3:cad>87</ns3:cad>
          </ns3:TrackPointExtension>
        </extensions>
      </trkpt>
      <trkpt lat="31.21605972759425640106201171875" lon="121.38665400445461273193359375">
        <ele>8</ele>
        <time>2026-08-31T11:17:28.000Z</time>
        <extensions>
          <ns3:TrackPointExtension>
            <ns3:hr>156</ns3:hr>
            <ns3:cad>87</ns3:cad>
          </ns3:TrackPointExtension>
        </extensions>
      </trkpt>
      <trkpt lat="31.21605478227138519287109375" lon="121.386675126850605010986328125">
        <ele>8</ele>
        <time>2026-08-31T11:17:29.000Z</time>
        <extensions>
          <ns3:TrackPointExtension>
            <ns3:hr>156</ns3:hr>
            <ns3:cad>87</ns3:cad>
          </ns3:TrackPointExtension>
        </extensions>
      </trkpt>
      <trkpt lat="31.21604933403432369232177734375" lon="121.38670756481587886810302734375">
        <ele>8</ele>
        <time>2026-08-31T11:17:30.000Z</time>
        <extensions>
          <ns3:TrackPointExtension>
            <ns3:hr>155</ns3:hr>
            <ns3:cad>87</ns3:cad>
          </ns3:TrackPointExtension>
        </extensions>
      </trkpt>
      <trkpt lat="31.2160415388643741607666015625" lon="121.386736147105693817138671875">
        <ele>8</ele>
        <time>2026-08-31T11:17:31.000Z</time>
        <extensions>
          <ns3:TrackPointExtension>
            <ns3:hr>156</ns3:hr>
            <ns3:cad>87</ns3:cad>
          </ns3:TrackPointExtension>
        </extensions>
      </trkpt>
      <trkpt lat="31.21603257022798061370849609375" lon="121.3867654837667942047119140625">
        <ele>8</ele>
        <time>2026-08-31T11:17:32.000Z</time>
        <extensions>
          <ns3:TrackPointExtension>
            <ns3:hr>156</ns3:hr>
            <ns3:cad>87</ns3:cad>
          </ns3:TrackPointExtension>
        </extensions>
      </trkpt>
      <trkpt lat="31.216026283800601959228515625" lon="121.38679188676178455352783203125">
        <ele>8</ele>
        <time>2026-08-31T11:17:33.000Z</time>
        <extensions>
          <ns3:TrackPointExtension>
            <ns3:hr>156</ns3:hr>
            <ns3:cad>87</ns3:cad>
          </ns3:TrackPointExtension>
        </extensions>
      </trkpt>
      <trkpt lat="31.21602469123899936676025390625" lon="121.38682709075510501861572265625">
        <ele>8</ele>
        <time>2026-08-31T11:17:34.000Z</time>
        <extensions>
          <ns3:TrackPointExtension>
            <ns3:hr>157</ns3:hr>
            <ns3:cad>88</ns3:cad>
          </ns3:TrackPointExtension>
        </extensions>
      </trkpt>
      <trkpt lat="31.21601312421262264251708984375" lon="121.3868598639965057373046875">
        <ele>8</ele>
        <time>2026-08-31T11:17:35.000Z</time>
        <extensions>
          <ns3:TrackPointExtension>
            <ns3:hr>157</ns3:hr>
            <ns3:cad>88</ns3:cad>
          </ns3:TrackPointExtension>
        </extensions>
      </trkpt>
      <trkpt lat="31.216002814471721649169921875" lon="121.3868831656873226165771484375">
        <ele>8</ele>
        <time>2026-08-31T11:17:36.000Z</time>
        <extensions>
          <ns3:TrackPointExtension>
            <ns3:hr>157</ns3:hr>
            <ns3:cad>88</ns3:cad>
          </ns3:TrackPointExtension>
        </extensions>
      </trkpt>
      <trkpt lat="31.215996108949184417724609375" lon="121.386916525661945343017578125">
        <ele>8</ele>
        <time>2026-08-31T11:17:37.000Z</time>
        <extensions>
          <ns3:TrackPointExtension>
            <ns3:hr>157</ns3:hr>
            <ns3:cad>87</ns3:cad>
          </ns3:TrackPointExtension>
        </extensions>
      </trkpt>
      <trkpt lat="31.21599250473082065582275390625" lon="121.38693806715309619903564453125">
        <ele>8</ele>
        <time>2026-08-31T11:17:38.000Z</time>
        <extensions>
          <ns3:TrackPointExtension>
            <ns3:hr>157</ns3:hr>
            <ns3:cad>87</ns3:cad>
          </ns3:TrackPointExtension>
        </extensions>
      </trkpt>
      <trkpt lat="31.2159832008183002471923828125" lon="121.3869639672338962554931640625">
        <ele>8</ele>
        <time>2026-08-31T11:17:39.000Z</time>
        <extensions>
          <ns3:TrackPointExtension>
            <ns3:hr>157</ns3:hr>
            <ns3:cad>86</ns3:cad>
          </ns3:TrackPointExtension>
        </extensions>
      </trkpt>
      <trkpt lat="31.21597473509609699249267578125" lon="121.386985592544078826904296875">
        <ele>8</ele>
        <time>2026-08-31T11:17:40.000Z</time>
        <extensions>
          <ns3:TrackPointExtension>
            <ns3:hr>158</ns3:hr>
            <ns3:cad>86</ns3:cad>
          </ns3:TrackPointExtension>
        </extensions>
      </trkpt>
      <trkpt lat="31.2159669399261474609375" lon="121.38701937161386013031005859375">
        <ele>8</ele>
        <time>2026-08-31T11:17:41.000Z</time>
        <extensions>
          <ns3:TrackPointExtension>
            <ns3:hr>158</ns3:hr>
            <ns3:cad>87</ns3:cad>
          </ns3:TrackPointExtension>
        </extensions>
      </trkpt>
      <trkpt lat="31.21595880948007106781005859375" lon="121.3870434276759624481201171875">
        <ele>8</ele>
        <time>2026-08-31T11:17:42.000Z</time>
        <extensions>
          <ns3:TrackPointExtension>
            <ns3:hr>158</ns3:hr>
            <ns3:cad>87</ns3:cad>
          </ns3:TrackPointExtension>
        </extensions>
      </trkpt>
      <trkpt lat="31.21595629490911960601806640625" lon="121.38707251287996768951416015625">
        <ele>8</ele>
        <time>2026-08-31T11:17:43.000Z</time>
        <extensions>
          <ns3:TrackPointExtension>
            <ns3:hr>158</ns3:hr>
            <ns3:cad>87</ns3:cad>
          </ns3:TrackPointExtension>
        </extensions>
      </trkpt>
      <trkpt lat="31.21595545671880245208740234375" lon="121.3871031068265438079833984375">
        <ele>8</ele>
        <time>2026-08-31T11:17:44.000Z</time>
        <extensions>
          <ns3:TrackPointExtension>
            <ns3:hr>158</ns3:hr>
            <ns3:cad>86</ns3:cad>
          </ns3:TrackPointExtension>
        </extensions>
      </trkpt>
      <trkpt lat="31.21596149168908596038818359375" lon="121.38712615706026554107666015625">
        <ele>8</ele>
        <time>2026-08-31T11:17:45.000Z</time>
        <extensions>
          <ns3:TrackPointExtension>
            <ns3:hr>157</ns3:hr>
            <ns3:cad>86</ns3:cad>
          </ns3:TrackPointExtension>
        </extensions>
      </trkpt>
      <trkpt lat="31.2159694544970989227294921875" lon="121.38715717010200023651123046875">
        <ele>8.19999980926513671875</ele>
        <time>2026-08-31T11:17:46.000Z</time>
        <extensions>
          <ns3:TrackPointExtension>
            <ns3:hr>158</ns3:hr>
            <ns3:cad>86</ns3:cad>
          </ns3:TrackPointExtension>
        </extensions>
      </trkpt>
      <trkpt lat="31.21598638594150543212890625" lon="121.3871777057647705078125">
        <ele>8.19999980926513671875</ele>
        <time>2026-08-31T11:17:47.000Z</time>
        <extensions>
          <ns3:TrackPointExtension>
            <ns3:hr>158</ns3:hr>
            <ns3:cad>87</ns3:cad>
          </ns3:TrackPointExtension>
        </extensions>
      </trkpt>
      <trkpt lat="31.21600759215652942657470703125" lon="121.38720327056944370269775390625">
        <ele>8.19999980926513671875</ele>
        <time>2026-08-31T11:17:48.000Z</time>
        <extensions>
          <ns3:TrackPointExtension>
            <ns3:hr>158</ns3:hr>
            <ns3:cad>87</ns3:cad>
          </ns3:TrackPointExtension>
        </extensions>
      </trkpt>
      <trkpt lat="31.21602452360093593597412109375" lon="121.3872154243290424346923828125">
        <ele>8.19999980926513671875</ele>
        <time>2026-08-31T11:17:49.000Z</time>
        <extensions>
          <ns3:TrackPointExtension>
            <ns3:hr>158</ns3:hr>
            <ns3:cad>87</ns3:cad>
          </ns3:TrackPointExtension>
        </extensions>
      </trkpt>
      <trkpt lat="31.21604631654918193817138671875" lon="121.38723042793571949005126953125">
        <ele>8.19999980926513671875</ele>
        <time>2026-08-31T11:17:50.000Z</time>
        <extensions>
          <ns3:TrackPointExtension>
            <ns3:hr>159</ns3:hr>
            <ns3:cad>86</ns3:cad>
          </ns3:TrackPointExtension>
        </extensions>
      </trkpt>
      <trkpt lat="31.21606928296387195587158203125" lon="121.38724316842854022979736328125">
        <ele>8.19999980926513671875</ele>
        <time>2026-08-31T11:17:51.000Z</time>
        <extensions>
          <ns3:TrackPointExtension>
            <ns3:hr>159</ns3:hr>
            <ns3:cad>86</ns3:cad>
          </ns3:TrackPointExtension>
        </extensions>
      </trkpt>
      <trkpt lat="31.2160914950072765350341796875" lon="121.3872415758669376373291015625">
        <ele>8.19999980926513671875</ele>
        <time>2026-08-31T11:17:52.000Z</time>
        <extensions>
          <ns3:TrackPointExtension>
            <ns3:hr>159</ns3:hr>
            <ns3:cad>86</ns3:cad>
          </ns3:TrackPointExtension>
        </extensions>
      </trkpt>
      <trkpt lat="31.21612074784934520721435546875" lon="121.38724811375141143798828125">
        <ele>8.19999980926513671875</ele>
        <time>2026-08-31T11:17:53.000Z</time>
        <extensions>
          <ns3:TrackPointExtension>
            <ns3:hr>159</ns3:hr>
            <ns3:cad>86</ns3:cad>
          </ns3:TrackPointExtension>
        </extensions>
      </trkpt>
      <trkpt lat="31.21613784693181514739990234375" lon="121.3872506283223628997802734375">
        <ele>8</ele>
        <time>2026-08-31T11:17:54.000Z</time>
        <extensions>
          <ns3:TrackPointExtension>
            <ns3:hr>159</ns3:hr>
            <ns3:cad>86</ns3:cad>
          </ns3:TrackPointExtension>
        </extensions>
      </trkpt>
      <trkpt lat="31.21615980751812458038330078125" lon="121.38726009987294673919677734375">
        <ele>8.19999980926513671875</ele>
        <time>2026-08-31T11:17:55.000Z</time>
        <extensions>
          <ns3:TrackPointExtension>
            <ns3:hr>159</ns3:hr>
            <ns3:cad>86</ns3:cad>
          </ns3:TrackPointExtension>
        </extensions>
      </trkpt>
      <trkpt lat="31.21617573313415050506591796875" lon="121.38727032579481601715087890625">
        <ele>8.19999980926513671875</ele>
        <time>2026-08-31T11:17:56.000Z</time>
        <extensions>
          <ns3:TrackPointExtension>
            <ns3:hr>159</ns3:hr>
            <ns3:cad>86</ns3:cad>
          </ns3:TrackPointExtension>
        </extensions>
      </trkpt>
      <trkpt lat="31.21619752608239650726318359375" lon="121.38728658668696880340576171875">
        <ele>8.19999980926513671875</ele>
        <time>2026-08-31T11:17:57.000Z</time>
        <extensions>
          <ns3:TrackPointExtension>
            <ns3:hr>159</ns3:hr>
            <ns3:cad>86</ns3:cad>
          </ns3:TrackPointExtension>
        </extensions>
      </trkpt>
      <trkpt lat="31.21621848084032535552978515625" lon="121.3872989080846309661865234375">
        <ele>8.19999980926513671875</ele>
        <time>2026-08-31T11:17:58.000Z</time>
        <extensions>
          <ns3:TrackPointExtension>
            <ns3:hr>159</ns3:hr>
            <ns3:cad>87</ns3:cad>
          </ns3:TrackPointExtension>
        </extensions>
      </trkpt>
      <trkpt lat="31.21624127961695194244384765625" lon="121.3873131573200225830078125">
        <ele>8</ele>
        <time>2026-08-31T11:17:59.000Z</time>
        <extensions>
          <ns3:TrackPointExtension>
            <ns3:hr>159</ns3:hr>
            <ns3:cad>87</ns3:cad>
          </ns3:TrackPointExtension>
        </extensions>
      </trkpt>
      <trkpt lat="31.2162655033171176910400390625" lon="121.38732581399381160736083984375">
        <ele>8</ele>
        <time>2026-08-31T11:18:00.000Z</time>
        <extensions>
          <ns3:TrackPointExtension>
            <ns3:hr>160</ns3:hr>
            <ns3:cad>87</ns3:cad>
          </ns3:TrackPointExtension>
        </extensions>
      </trkpt>
      <trkpt lat="31.216290481388568878173828125" lon="121.38733721338212490081787109375">
        <ele>8</ele>
        <time>2026-08-31T11:18:01.000Z</time>
        <extensions>
          <ns3:TrackPointExtension>
            <ns3:hr>160</ns3:hr>
            <ns3:cad>86</ns3:cad>
          </ns3:TrackPointExtension>
        </extensions>
      </trkpt>
      <trkpt lat="31.216315291821956634521484375" lon="121.3873485289514064788818359375">
        <ele>8</ele>
        <time>2026-08-31T11:18:02.000Z</time>
        <extensions>
          <ns3:TrackPointExtension>
            <ns3:hr>160</ns3:hr>
            <ns3:cad>86</ns3:cad>
          </ns3:TrackPointExtension>
        </extensions>
      </trkpt>
      <trkpt lat="31.21634337119758129119873046875" lon="121.387357749044895172119140625">
        <ele>8</ele>
        <time>2026-08-31T11:18:03.000Z</time>
        <extensions>
          <ns3:TrackPointExtension>
            <ns3:hr>160</ns3:hr>
            <ns3:cad>86</ns3:cad>
          </ns3:TrackPointExtension>
        </extensions>
      </trkpt>
      <trkpt lat="31.216368936002254486083984375" lon="121.3873713277280330657958984375">
        <ele>8</ele>
        <time>2026-08-31T11:18:04.000Z</time>
        <extensions>
          <ns3:TrackPointExtension>
            <ns3:hr>160</ns3:hr>
            <ns3:cad>87</ns3:cad>
          </ns3:TrackPointExtension>
        </extensions>
      </trkpt>
      <trkpt lat="31.21639366261661052703857421875" lon="121.38737954199314117431640625">
        <ele>8</ele>
        <time>2026-08-31T11:18:05.000Z</time>
        <extensions>
          <ns3:TrackPointExtension>
            <ns3:hr>160</ns3:hr>
            <ns3:cad>87</ns3:cad>
          </ns3:TrackPointExtension>
        </extensions>
      </trkpt>
      <trkpt lat="31.21642350219190120697021484375" lon="121.38739965856075286865234375">
        <ele>8</ele>
        <time>2026-08-31T11:18:06.000Z</time>
        <extensions>
          <ns3:TrackPointExtension>
            <ns3:hr>159</ns3:hr>
            <ns3:cad>88</ns3:cad>
          </ns3:TrackPointExtension>
        </extensions>
      </trkpt>
      <trkpt lat="31.2164435349404811859130859375" lon="121.387408040463924407958984375">
        <ele>8</ele>
        <time>2026-08-31T11:18:07.000Z</time>
        <extensions>
          <ns3:TrackPointExtension>
            <ns3:hr>159</ns3:hr>
            <ns3:cad>88</ns3:cad>
          </ns3:TrackPointExtension>
        </extensions>
      </trkpt>
      <trkpt lat="31.2164693512022495269775390625" lon="121.387422792613506317138671875">
        <ele>8</ele>
        <time>2026-08-31T11:18:08.000Z</time>
        <extensions>
          <ns3:TrackPointExtension>
            <ns3:hr>159</ns3:hr>
            <ns3:cad>88</ns3:cad>
          </ns3:TrackPointExtension>
        </extensions>
      </trkpt>
      <trkpt lat="31.21648837812244892120361328125" lon="121.38743008486926555633544921875">
        <ele>8</ele>
        <time>2026-08-31T11:18:09.000Z</time>
        <extensions>
          <ns3:TrackPointExtension>
            <ns3:hr>159</ns3:hr>
            <ns3:cad>87</ns3:cad>
          </ns3:TrackPointExtension>
        </extensions>
      </trkpt>
      <trkpt lat="31.2165159545838832855224609375" lon="121.38743712566792964935302734375">
        <ele>8</ele>
        <time>2026-08-31T11:18:10.000Z</time>
        <extensions>
          <ns3:TrackPointExtension>
            <ns3:hr>159</ns3:hr>
            <ns3:cad>87</ns3:cad>
          </ns3:TrackPointExtension>
        </extensions>
      </trkpt>
      <trkpt lat="31.21654026210308074951171875" lon="121.3874437473714351654052734375">
        <ele>8</ele>
        <time>2026-08-31T11:18:11.000Z</time>
        <extensions>
          <ns3:TrackPointExtension>
            <ns3:hr>159</ns3:hr>
            <ns3:cad>87</ns3:cad>
          </ns3:TrackPointExtension>
        </extensions>
      </trkpt>
      <trkpt lat="31.21656850911676883697509765625" lon="121.3874497823417186737060546875">
        <ele>8</ele>
        <time>2026-08-31T11:18:12.000Z</time>
        <extensions>
          <ns3:TrackPointExtension>
            <ns3:hr>160</ns3:hr>
            <ns3:cad>87</ns3:cad>
          </ns3:TrackPointExtension>
        </extensions>
      </trkpt>
      <trkpt lat="31.21659315191209316253662109375" lon="121.38746201992034912109375">
        <ele>8.19999980926513671875</ele>
        <time>2026-08-31T11:18:13.000Z</time>
        <extensions>
          <ns3:TrackPointExtension>
            <ns3:hr>159</ns3:hr>
            <ns3:cad>88</ns3:cad>
          </ns3:TrackPointExtension>
        </extensions>
      </trkpt>
      <trkpt lat="31.21661980636417865753173828125" lon="121.38747383840382099151611328125">
        <ele>8.19999980926513671875</ele>
        <time>2026-08-31T11:18:14.000Z</time>
        <extensions>
          <ns3:TrackPointExtension>
            <ns3:hr>159</ns3:hr>
            <ns3:cad>88</ns3:cad>
          </ns3:TrackPointExtension>
        </extensions>
      </trkpt>
      <trkpt lat="31.21664478443562984466552734375" lon="121.38748976401984691619873046875">
        <ele>8.19999980926513671875</ele>
        <time>2026-08-31T11:18:15.000Z</time>
        <extensions>
          <ns3:TrackPointExtension>
            <ns3:hr>159</ns3:hr>
            <ns3:cad>88</ns3:cad>
          </ns3:TrackPointExtension>
        </extensions>
      </trkpt>
      <trkpt lat="31.21666875667870044708251953125" lon="121.3874977268278598785400390625">
        <ele>8.19999980926513671875</ele>
        <time>2026-08-31T11:18:16.000Z</time>
        <extensions>
          <ns3:TrackPointExtension>
            <ns3:hr>159</ns3:hr>
            <ns3:cad>87</ns3:cad>
          </ns3:TrackPointExtension>
        </extensions>
      </trkpt>
      <trkpt lat="31.216698177158832550048828125" lon="121.38751306571066379547119140625">
        <ele>8</ele>
        <time>2026-08-31T11:18:17.000Z</time>
        <extensions>
          <ns3:TrackPointExtension>
            <ns3:hr>159</ns3:hr>
            <ns3:cad>87</ns3:cad>
          </ns3:TrackPointExtension>
        </extensions>
      </trkpt>
      <trkpt lat="31.21671804226934909820556640625" lon="121.38752035796642303466796875">
        <ele>8</ele>
        <time>2026-08-31T11:18:18.000Z</time>
        <extensions>
          <ns3:TrackPointExtension>
            <ns3:hr>160</ns3:hr>
            <ns3:cad>87</ns3:cad>
          </ns3:TrackPointExtension>
        </extensions>
      </trkpt>
      <trkpt lat="31.21674855239689350128173828125" lon="121.38753108680248260498046875">
        <ele>8</ele>
        <time>2026-08-31T11:18:19.000Z</time>
        <extensions>
          <ns3:TrackPointExtension>
            <ns3:hr>160</ns3:hr>
            <ns3:cad>88</ns3:cad>
          </ns3:TrackPointExtension>
        </extensions>
      </trkpt>
      <trkpt lat="31.216771267354488372802734375" lon="121.387537457048892974853515625">
        <ele>8.19999980926513671875</ele>
        <time>2026-08-31T11:18:20.000Z</time>
        <extensions>
          <ns3:TrackPointExtension>
            <ns3:hr>159</ns3:hr>
            <ns3:cad>88</ns3:cad>
          </ns3:TrackPointExtension>
        </extensions>
      </trkpt>
      <trkpt lat="31.21679414995014667510986328125" lon="121.38755396939814090728759765625">
        <ele>8.19999980926513671875</ele>
        <time>2026-08-31T11:18:21.000Z</time>
        <extensions>
          <ns3:TrackPointExtension>
            <ns3:hr>159</ns3:hr>
            <ns3:cad>88</ns3:cad>
          </ns3:TrackPointExtension>
        </extensions>
      </trkpt>
      <trkpt lat="31.21681326068937778472900390625" lon="121.38756905682384967803955078125">
        <ele>8.19999980926513671875</ele>
        <time>2026-08-31T11:18:22.000Z</time>
        <extensions>
          <ns3:TrackPointExtension>
            <ns3:hr>160</ns3:hr>
            <ns3:cad>87</ns3:cad>
          </ns3:TrackPointExtension>
        </extensions>
      </trkpt>
      <trkpt lat="31.216838993132114410400390625" lon="121.387582719326019287109375">
        <ele>8.19999980926513671875</ele>
        <time>2026-08-31T11:18:23.000Z</time>
        <extensions>
          <ns3:TrackPointExtension>
            <ns3:hr>160</ns3:hr>
            <ns3:cad>86</ns3:cad>
          </ns3:TrackPointExtension>
        </extensions>
      </trkpt>
      <trkpt lat="31.21686070226132869720458984375" lon="121.3875932805240154266357421875">
        <ele>8.19999980926513671875</ele>
        <time>2026-08-31T11:18:24.000Z</time>
        <extensions>
          <ns3:TrackPointExtension>
            <ns3:hr>160</ns3:hr>
            <ns3:cad>86</ns3:cad>
          </ns3:TrackPointExtension>
        </extensions>
      </trkpt>
      <trkpt lat="31.21688869781792163848876953125" lon="121.38760023750364780426025390625">
        <ele>8.19999980926513671875</ele>
        <time>2026-08-31T11:18:25.000Z</time>
        <extensions>
          <ns3:TrackPointExtension>
            <ns3:hr>160</ns3:hr>
            <ns3:cad>88</ns3:cad>
          </ns3:TrackPointExtension>
        </extensions>
      </trkpt>
      <trkpt lat="31.2169132567942142486572265625" lon="121.38761549256742000579833984375">
        <ele>8.19999980926513671875</ele>
        <time>2026-08-31T11:18:26.000Z</time>
        <extensions>
          <ns3:TrackPointExtension>
            <ns3:hr>160</ns3:hr>
            <ns3:cad>88</ns3:cad>
          </ns3:TrackPointExtension>
        </extensions>
      </trkpt>
      <trkpt lat="31.216934882104396820068359375" lon="121.3876214437186717987060546875">
        <ele>8.19999980926513671875</ele>
        <time>2026-08-31T11:18:27.000Z</time>
        <extensions>
          <ns3:TrackPointExtension>
            <ns3:hr>159</ns3:hr>
            <ns3:cad>87</ns3:cad>
          </ns3:TrackPointExtension>
        </extensions>
      </trkpt>
      <trkpt lat="31.21696346439421176910400390625" lon="121.38763376511633396148681640625">
        <ele>8.3999996185302734375</ele>
        <time>2026-08-31T11:18:28.000Z</time>
        <extensions>
          <ns3:TrackPointExtension>
            <ns3:hr>160</ns3:hr>
            <ns3:cad>87</ns3:cad>
          </ns3:TrackPointExtension>
        </extensions>
      </trkpt>
      <trkpt lat="31.21698978357017040252685546875" lon="121.387639380991458892822265625">
        <ele>8.3999996185302734375</ele>
        <time>2026-08-31T11:18:29.000Z</time>
        <extensions>
          <ns3:TrackPointExtension>
            <ns3:hr>160</ns3:hr>
            <ns3:cad>87</ns3:cad>
          </ns3:TrackPointExtension>
        </extensions>
      </trkpt>
      <trkpt lat="31.21701727621257305145263671875" lon="121.38764918781816959381103515625">
        <ele>8.6000003814697265625</ele>
        <time>2026-08-31T11:18:30.000Z</time>
        <extensions>
          <ns3:TrackPointExtension>
            <ns3:hr>160</ns3:hr>
            <ns3:cad>87</ns3:cad>
          </ns3:TrackPointExtension>
        </extensions>
      </trkpt>
      <trkpt lat="31.21704124845564365386962890625" lon="121.3876564800739288330078125">
        <ele>8.6000003814697265625</ele>
        <time>2026-08-31T11:18:31.000Z</time>
        <extensions>
          <ns3:TrackPointExtension>
            <ns3:hr>160</ns3:hr>
            <ns3:cad>87</ns3:cad>
          </ns3:TrackPointExtension>
        </extensions>
      </trkpt>
      <trkpt lat="31.2170728482306003570556640625" lon="121.38767047785222530364990234375">
        <ele>8.6000003814697265625</ele>
        <time>2026-08-31T11:18:32.000Z</time>
        <extensions>
          <ns3:TrackPointExtension>
            <ns3:hr>160</ns3:hr>
            <ns3:cad>87</ns3:cad>
          </ns3:TrackPointExtension>
        </extensions>
      </trkpt>
      <trkpt lat="31.21709522791206836700439453125" lon="121.38768053613603115081787109375">
        <ele>8.6000003814697265625</ele>
        <time>2026-08-31T11:18:33.000Z</time>
        <extensions>
          <ns3:TrackPointExtension>
            <ns3:hr>160</ns3:hr>
            <ns3:cad>87</ns3:cad>
          </ns3:TrackPointExtension>
        </extensions>
      </trkpt>
      <trkpt lat="31.21711869724094867706298828125" lon="121.38769428245723247528076171875">
        <ele>8.6000003814697265625</ele>
        <time>2026-08-31T11:18:34.000Z</time>
        <extensions>
          <ns3:TrackPointExtension>
            <ns3:hr>161</ns3:hr>
            <ns3:cad>87</ns3:cad>
          </ns3:TrackPointExtension>
        </extensions>
      </trkpt>
      <trkpt lat="31.21714350767433643341064453125" lon="121.38770878314971923828125">
        <ele>8.6000003814697265625</ele>
        <time>2026-08-31T11:18:35.000Z</time>
        <extensions>
          <ns3:TrackPointExtension>
            <ns3:hr>160</ns3:hr>
            <ns3:cad>87</ns3:cad>
          </ns3:TrackPointExtension>
        </extensions>
      </trkpt>
      <trkpt lat="31.21717083267867565155029296875" lon="121.38771884143352508544921875">
        <ele>8.6000003814697265625</ele>
        <time>2026-08-31T11:18:36.000Z</time>
        <extensions>
          <ns3:TrackPointExtension>
            <ns3:hr>160</ns3:hr>
            <ns3:cad>87</ns3:cad>
          </ns3:TrackPointExtension>
        </extensions>
      </trkpt>
      <trkpt lat="31.21719413436949253082275390625" lon="121.38773166574537754058837890625">
        <ele>8.6000003814697265625</ele>
        <time>2026-08-31T11:18:37.000Z</time>
        <extensions>
          <ns3:TrackPointExtension>
            <ns3:hr>160</ns3:hr>
            <ns3:cad>87</ns3:cad>
          </ns3:TrackPointExtension>
        </extensions>
      </trkpt>
      <trkpt lat="31.2172196991741657257080078125" lon="121.3877354376018047332763671875">
        <ele>8.6000003814697265625</ele>
        <time>2026-08-31T11:18:38.000Z</time>
        <extensions>
          <ns3:TrackPointExtension>
            <ns3:hr>161</ns3:hr>
            <ns3:cad>89</ns3:cad>
          </ns3:TrackPointExtension>
        </extensions>
      </trkpt>
      <trkpt lat="31.217243336141109466552734375" lon="121.387749351561069488525390625">
        <ele>8.6000003814697265625</ele>
        <time>2026-08-31T11:18:39.000Z</time>
        <extensions>
          <ns3:TrackPointExtension>
            <ns3:hr>161</ns3:hr>
            <ns3:cad>89</ns3:cad>
          </ns3:TrackPointExtension>
        </extensions>
      </trkpt>
      <trkpt lat="31.2172639556229114532470703125" lon="121.38775505125522613525390625">
        <ele>8.6000003814697265625</ele>
        <time>2026-08-31T11:18:40.000Z</time>
        <extensions>
          <ns3:TrackPointExtension>
            <ns3:hr>161</ns3:hr>
            <ns3:cad>88</ns3:cad>
          </ns3:TrackPointExtension>
        </extensions>
      </trkpt>
      <trkpt lat="31.21728717349469661712646484375" lon="121.387772820889949798583984375">
        <ele>8.6000003814697265625</ele>
        <time>2026-08-31T11:18:41.000Z</time>
        <extensions>
          <ns3:TrackPointExtension>
            <ns3:hr>161</ns3:hr>
            <ns3:cad>87</ns3:cad>
          </ns3:TrackPointExtension>
        </extensions>
      </trkpt>
      <trkpt lat="31.21730930171906948089599609375" lon="121.387781538069248199462890625">
        <ele>8.6000003814697265625</ele>
        <time>2026-08-31T11:18:42.000Z</time>
        <extensions>
          <ns3:TrackPointExtension>
            <ns3:hr>161</ns3:hr>
            <ns3:cad>87</ns3:cad>
          </ns3:TrackPointExtension>
        </extensions>
      </trkpt>
      <trkpt lat="31.217337884008884429931640625" lon="121.38779486529529094696044921875">
        <ele>8.6000003814697265625</ele>
        <time>2026-08-31T11:18:43.000Z</time>
        <extensions>
          <ns3:TrackPointExtension>
            <ns3:hr>161</ns3:hr>
            <ns3:cad>87</ns3:cad>
          </ns3:TrackPointExtension>
        </extensions>
      </trkpt>
      <trkpt lat="31.2173635326325893402099609375" lon="121.38780743815004825592041015625">
        <ele>8.80000019073486328125</ele>
        <time>2026-08-31T11:18:44.000Z</time>
        <extensions>
          <ns3:TrackPointExtension>
            <ns3:hr>160</ns3:hr>
            <ns3:cad>88</ns3:cad>
          </ns3:TrackPointExtension>
        </extensions>
      </trkpt>
      <trkpt lat="31.21738708578050136566162109375" lon="121.38782017864286899566650390625">
        <ele>8.80000019073486328125</ele>
        <time>2026-08-31T11:18:45.000Z</time>
        <extensions>
          <ns3:TrackPointExtension>
            <ns3:hr>161</ns3:hr>
            <ns3:cad>88</ns3:cad>
          </ns3:TrackPointExtension>
        </extensions>
      </trkpt>
      <trkpt lat="31.2174081243574619293212890625" lon="121.387831829488277435302734375">
        <ele>8.80000019073486328125</ele>
        <time>2026-08-31T11:18:46.000Z</time>
        <extensions>
          <ns3:TrackPointExtension>
            <ns3:hr>161</ns3:hr>
            <ns3:cad>88</ns3:cad>
          </ns3:TrackPointExtension>
        </extensions>
      </trkpt>
      <trkpt lat="31.21743000112473964691162109375" lon="121.38784448616206645965576171875">
        <ele>8.80000019073486328125</ele>
        <time>2026-08-31T11:18:47.000Z</time>
        <extensions>
          <ns3:TrackPointExtension>
            <ns3:hr>161</ns3:hr>
            <ns3:cad>87</ns3:cad>
          </ns3:TrackPointExtension>
        </extensions>
      </trkpt>
      <trkpt lat="31.217457912862300872802734375" lon="121.38786233961582183837890625">
        <ele>8.80000019073486328125</ele>
        <time>2026-08-31T11:18:48.000Z</time>
        <extensions>
          <ns3:TrackPointExtension>
            <ns3:hr>160</ns3:hr>
            <ns3:cad>87</ns3:cad>
          </ns3:TrackPointExtension>
        </extensions>
      </trkpt>
      <trkpt lat="31.217479705810546875" lon="121.38787038624286651611328125">
        <ele>8.80000019073486328125</ele>
        <time>2026-08-31T11:18:49.000Z</time>
        <extensions>
          <ns3:TrackPointExtension>
            <ns3:hr>161</ns3:hr>
            <ns3:cad>87</ns3:cad>
          </ns3:TrackPointExtension>
        </extensions>
      </trkpt>
      <trkpt lat="31.21750057674944400787353515625" lon="121.387880109250545501708984375">
        <ele>8.80000019073486328125</ele>
        <time>2026-08-31T11:18:50.000Z</time>
        <extensions>
          <ns3:TrackPointExtension>
            <ns3:hr>161</ns3:hr>
            <ns3:cad>87</ns3:cad>
          </ns3:TrackPointExtension>
        </extensions>
      </trkpt>
      <trkpt lat="31.21752186678349971771240234375" lon="121.3878786005079746246337890625">
        <ele>9</ele>
        <time>2026-08-31T11:18:51.000Z</time>
        <extensions>
          <ns3:TrackPointExtension>
            <ns3:hr>161</ns3:hr>
            <ns3:cad>87</ns3:cad>
          </ns3:TrackPointExtension>
        </extensions>
      </trkpt>
    </trkseg>
  </trk>
</gpx>
