<gpx xmlns:ns3="http://www.garmin.com/xmlschemas/TrackPointExtension/v1" xmlns="http://www.topografix.com/GPX/1/1" xmlns:xsi="http://www.w3.org/2001/XMLSchema-instance" xmlns:ns2="http://www.garmin.com/xmlschemas/GpxExtensions/v3" creator="Garmin Connect" version="1.1" xsi:schemaLocation="http://www.topografix.com/GPX/1/1 http://www.topografix.com/GPX/11.xsd">
  <extensions>
<distance>5007.65</distance>
<average_hr>153.0</average_hr>
<average_speed>2.74399995803833</average_speed>
<start_time>2026-09-01T10:24:20+00:00</start_time>
<end_time>2026-09-01T10:54:44.910000+00:00</end_time>
<moving_time>1823.262</moving_time>
<elapsed_time>1824.91</elapsed_time>
</extensions>
<metadata>
    <link href="connect.garmin.com">
      <text>Garmin Connect</text>
    </link>
    <time>2026-09-01T10:24:20.000Z</time>
  </metadata>
  <trk>
    <name>Changning Running</name>
    <type>running</type>
    <trkseg>
      <trkpt lat="31.2175239622592926025390625" lon="121.38794925995171070098876953125">
        <ele>13.19999980926513671875</ele>
        <time>2026-09-01T10:24:20.000Z</time>
        <extensions>
          <ns3:TrackPointExtension>
            <ns3:hr>104</ns3:hr>
            <ns3:cad>52</ns3:cad>
          </ns3:TrackPointExtension>
        </extensions>
      </trkpt>
      <trkpt lat="31.2176924385130405426025390625" lon="121.388022936880588531494140625">
        <ele>13.19999980926513671875</ele>
        <time>2026-09-01T10:24:21.000Z</time>
        <extensions>
          <ns3:TrackPointExtension>
            <ns3:hr>105</ns3:hr>
            <ns3:cad>52</ns3:cad>
          </ns3:TrackPointExtension>
        </extensions>
      </trkpt>
      <trkpt lat="31.217687912285327911376953125" lon="121.38802838511765003204345703125">
        <ele>13.19999980926513671875</ele>
        <time>2026-09-01T10:24:22.000Z</time>
        <extensions>
          <ns3:TrackPointExtension>
            <ns3:hr>106</ns3:hr>
            <ns3:cad>52</ns3:cad>
          </ns3:TrackPointExtension>
        </extensions>
      </trkpt>
      <trkpt lat="31.21765010990202426910400390625" lon="121.3879992999136447906494140625">
        <ele>13</ele>
        <time>2026-09-01T10:24:23.000Z</time>
        <extensions>
          <ns3:TrackPointExtension>
            <ns3:hr>106</ns3:hr>
            <ns3:cad>52</ns3:cad>
          </ns3:TrackPointExtension>
        </extensions>
      </trkpt>
      <trkpt lat="31.2176527082920074462890625" lon="121.38800508342683315277099609375">
        <ele>13</ele>
        <time>2026-09-01T10:24:24.000Z</time>
        <extensions>
          <ns3:TrackPointExtension>
            <ns3:hr>107</ns3:hr>
            <ns3:cad>83</ns3:cad>
          </ns3:TrackPointExtension>
        </extensions>
      </trkpt>
      <trkpt lat="31.21766888536512851715087890625" lon="121.38800106011331081390380859375">
        <ele>12.80000019073486328125</ele>
        <time>2026-09-01T10:24:25.000Z</time>
        <extensions>
          <ns3:TrackPointExtension>
            <ns3:hr>108</ns3:hr>
            <ns3:cad>83</ns3:cad>
          </ns3:TrackPointExtension>
        </extensions>
      </trkpt>
      <trkpt lat="31.21766201220452785491943359375" lon="121.38800960965454578399658203125">
        <ele>12.80000019073486328125</ele>
        <time>2026-09-01T10:24:26.000Z</time>
        <extensions>
          <ns3:TrackPointExtension>
            <ns3:hr>109</ns3:hr>
            <ns3:cad>83</ns3:cad>
          </ns3:TrackPointExtension>
        </extensions>
      </trkpt>
      <trkpt lat="31.217677183449268341064453125" lon="121.38802058994770050048828125">
        <ele>12.80000019073486328125</ele>
        <time>2026-09-01T10:24:27.000Z</time>
        <extensions>
          <ns3:TrackPointExtension>
            <ns3:hr>110</ns3:hr>
            <ns3:cad>83</ns3:cad>
          </ns3:TrackPointExtension>
        </extensions>
      </trkpt>
      <trkpt lat="31.21768682263791561126708984375" lon="121.38802704401314258575439453125">
        <ele>12.6000003814697265625</ele>
        <time>2026-09-01T10:24:28.000Z</time>
        <extensions>
          <ns3:TrackPointExtension>
            <ns3:hr>111</ns3:hr>
            <ns3:cad>84</ns3:cad>
          </ns3:TrackPointExtension>
        </extensions>
      </trkpt>
      <trkpt lat="31.2177045084536075592041015625" lon="121.38804397545754909515380859375">
        <ele>12.6000003814697265625</ele>
        <time>2026-09-01T10:24:29.000Z</time>
        <extensions>
          <ns3:TrackPointExtension>
            <ns3:hr>111</ns3:hr>
            <ns3:cad>84</ns3:cad>
          </ns3:TrackPointExtension>
        </extensions>
      </trkpt>
      <trkpt lat="31.21771565638482570648193359375" lon="121.388058476150035858154296875">
        <ele>12.80000019073486328125</ele>
        <time>2026-09-01T10:24:30.000Z</time>
        <extensions>
          <ns3:TrackPointExtension>
            <ns3:hr>111</ns3:hr>
            <ns3:cad>85</ns3:cad>
          </ns3:TrackPointExtension>
        </extensions>
      </trkpt>
      <trkpt lat="31.217743568122386932373046875" lon="121.38806350529193878173828125">
        <ele>12.80000019073486328125</ele>
        <time>2026-09-01T10:24:31.000Z</time>
        <extensions>
          <ns3:TrackPointExtension>
            <ns3:hr>112</ns3:hr>
            <ns3:cad>85</ns3:cad>
          </ns3:TrackPointExtension>
        </extensions>
      </trkpt>
      <trkpt lat="31.21776460669934749603271484375" lon="121.38807331211864948272705078125">
        <ele>12.80000019073486328125</ele>
        <time>2026-09-01T10:24:32.000Z</time>
        <extensions>
          <ns3:TrackPointExtension>
            <ns3:hr>111</ns3:hr>
            <ns3:cad>84</ns3:cad>
          </ns3:TrackPointExtension>
        </extensions>
      </trkpt>
      <trkpt lat="31.21779176406562328338623046875" lon="121.3880673609673976898193359375">
        <ele>12.80000019073486328125</ele>
        <time>2026-09-01T10:24:33.000Z</time>
        <extensions>
          <ns3:TrackPointExtension>
            <ns3:hr>110</ns3:hr>
            <ns3:cad>84</ns3:cad>
          </ns3:TrackPointExtension>
        </extensions>
      </trkpt>
      <trkpt lat="31.21781489811837673187255859375" lon="121.388075239956378936767578125">
        <ele>12.80000019073486328125</ele>
        <time>2026-09-01T10:24:34.000Z</time>
        <extensions>
          <ns3:TrackPointExtension>
            <ns3:hr>110</ns3:hr>
            <ns3:cad>84</ns3:cad>
          </ns3:TrackPointExtension>
        </extensions>
      </trkpt>
      <trkpt lat="31.2178359366953372955322265625" lon="121.388077251613140106201171875">
        <ele>12.80000019073486328125</ele>
        <time>2026-09-01T10:24:35.000Z</time>
        <extensions>
          <ns3:TrackPointExtension>
            <ns3:hr>110</ns3:hr>
            <ns3:cad>84</ns3:cad>
          </ns3:TrackPointExtension>
        </extensions>
      </trkpt>
      <trkpt lat="31.21785856783390045166015625" lon="121.38807825744152069091796875">
        <ele>12.80000019073486328125</ele>
        <time>2026-09-01T10:24:36.000Z</time>
        <extensions>
          <ns3:TrackPointExtension>
            <ns3:hr>110</ns3:hr>
            <ns3:cad>86</ns3:cad>
          </ns3:TrackPointExtension>
        </extensions>
      </trkpt>
      <trkpt lat="31.21787994168698787689208984375" lon="121.3880881480872631072998046875">
        <ele>12.80000019073486328125</ele>
        <time>2026-09-01T10:24:37.000Z</time>
        <extensions>
          <ns3:TrackPointExtension>
            <ns3:hr>110</ns3:hr>
            <ns3:cad>86</ns3:cad>
          </ns3:TrackPointExtension>
        </extensions>
      </trkpt>
      <trkpt lat="31.21790827251970767974853515625" lon="121.38810080476105213165283203125">
        <ele>13</ele>
        <time>2026-09-01T10:24:38.000Z</time>
        <extensions>
          <ns3:TrackPointExtension>
            <ns3:hr>111</ns3:hr>
            <ns3:cad>85</ns3:cad>
          </ns3:TrackPointExtension>
        </extensions>
      </trkpt>
      <trkpt lat="31.21792369522154331207275390625" lon="121.38811522163450717926025390625">
        <ele>13</ele>
        <time>2026-09-01T10:24:39.000Z</time>
        <extensions>
          <ns3:TrackPointExtension>
            <ns3:hr>111</ns3:hr>
            <ns3:cad>85</ns3:cad>
          </ns3:TrackPointExtension>
        </extensions>
      </trkpt>
      <trkpt lat="31.217950768768787384033203125" lon="121.38812695629894733428955078125">
        <ele>13</ele>
        <time>2026-09-01T10:24:40.000Z</time>
        <extensions>
          <ns3:TrackPointExtension>
            <ns3:hr>111</ns3:hr>
            <ns3:cad>85</ns3:cad>
          </ns3:TrackPointExtension>
        </extensions>
      </trkpt>
      <trkpt lat="31.217974908649921417236328125" lon="121.3881317339837551116943359375">
        <ele>13</ele>
        <time>2026-09-01T10:24:41.000Z</time>
        <extensions>
          <ns3:TrackPointExtension>
            <ns3:hr>112</ns3:hr>
            <ns3:cad>85</ns3:cad>
          </ns3:TrackPointExtension>
        </extensions>
      </trkpt>
      <trkpt lat="31.21800231747329235076904296875" lon="121.38814154081046581268310546875">
        <ele>13</ele>
        <time>2026-09-01T10:24:42.000Z</time>
        <extensions>
          <ns3:TrackPointExtension>
            <ns3:hr>112</ns3:hr>
            <ns3:cad>85</ns3:cad>
          </ns3:TrackPointExtension>
        </extensions>
      </trkpt>
      <trkpt lat="31.21802628971636295318603515625" lon="121.3881461508572101593017578125">
        <ele>13</ele>
        <time>2026-09-01T10:24:43.000Z</time>
        <extensions>
          <ns3:TrackPointExtension>
            <ns3:hr>113</ns3:hr>
            <ns3:cad>85</ns3:cad>
          </ns3:TrackPointExtension>
        </extensions>
      </trkpt>
      <trkpt lat="31.21804766356945037841796875" lon="121.3881474919617176055908203125">
        <ele>13</ele>
        <time>2026-09-01T10:24:44.000Z</time>
        <extensions>
          <ns3:TrackPointExtension>
            <ns3:hr>114</ns3:hr>
            <ns3:cad>85</ns3:cad>
          </ns3:TrackPointExtension>
        </extensions>
      </trkpt>
      <trkpt lat="31.21806618757545948028564453125" lon="121.38815159909427165985107421875">
        <ele>13.19999980926513671875</ele>
        <time>2026-09-01T10:24:45.000Z</time>
        <extensions>
          <ns3:TrackPointExtension>
            <ns3:hr>115</ns3:hr>
            <ns3:cad>84</ns3:cad>
          </ns3:TrackPointExtension>
        </extensions>
      </trkpt>
      <trkpt lat="31.21808865107595920562744140625" lon="121.38815511949360370635986328125">
        <ele>13.19999980926513671875</ele>
        <time>2026-09-01T10:24:46.000Z</time>
        <extensions>
          <ns3:TrackPointExtension>
            <ns3:hr>116</ns3:hr>
            <ns3:cad>84</ns3:cad>
          </ns3:TrackPointExtension>
        </extensions>
      </trkpt>
      <trkpt lat="31.21810323558747768402099609375" lon="121.38815947808325290679931640625">
        <ele>13.19999980926513671875</ele>
        <time>2026-09-01T10:24:47.000Z</time>
        <extensions>
          <ns3:TrackPointExtension>
            <ns3:hr>116</ns3:hr>
            <ns3:cad>86</ns3:cad>
          </ns3:TrackPointExtension>
        </extensions>
      </trkpt>
      <trkpt lat="31.2181256152689456939697265625" lon="121.38816920109093189239501953125">
        <ele>13.19999980926513671875</ele>
        <time>2026-09-01T10:24:48.000Z</time>
        <extensions>
          <ns3:TrackPointExtension>
            <ns3:hr>116</ns3:hr>
            <ns3:cad>86</ns3:cad>
          </ns3:TrackPointExtension>
        </extensions>
      </trkpt>
      <trkpt lat="31.21813676320016384124755859375" lon="121.38817481696605682373046875">
        <ele>13.19999980926513671875</ele>
        <time>2026-09-01T10:24:49.000Z</time>
        <extensions>
          <ns3:TrackPointExtension>
            <ns3:hr>116</ns3:hr>
            <ns3:cad>86</ns3:cad>
          </ns3:TrackPointExtension>
        </extensions>
      </trkpt>
      <trkpt lat="31.21816325001418590545654296875" lon="121.3881880603730678558349609375">
        <ele>13.19999980926513671875</ele>
        <time>2026-09-01T10:24:50.000Z</time>
        <extensions>
          <ns3:TrackPointExtension>
            <ns3:hr>117</ns3:hr>
            <ns3:cad>85</ns3:cad>
          </ns3:TrackPointExtension>
        </extensions>
      </trkpt>
      <trkpt lat="31.2181799300014972686767578125" lon="121.38820432126522064208984375">
        <ele>13.19999980926513671875</ele>
        <time>2026-09-01T10:24:51.000Z</time>
        <extensions>
          <ns3:TrackPointExtension>
            <ns3:hr>118</ns3:hr>
            <ns3:cad>85</ns3:cad>
          </ns3:TrackPointExtension>
        </extensions>
      </trkpt>
      <trkpt lat="31.218201555311679840087890625" lon="121.388210356235504150390625">
        <ele>13.19999980926513671875</ele>
        <time>2026-09-01T10:24:52.000Z</time>
        <extensions>
          <ns3:TrackPointExtension>
            <ns3:hr>118</ns3:hr>
            <ns3:cad>86</ns3:cad>
          </ns3:TrackPointExtension>
        </extensions>
      </trkpt>
      <trkpt lat="31.2182208336889743804931640625" lon="121.38821345753967761993408203125">
        <ele>13.19999980926513671875</ele>
        <time>2026-09-01T10:24:53.000Z</time>
        <extensions>
          <ns3:TrackPointExtension>
            <ns3:hr>119</ns3:hr>
            <ns3:cad>86</ns3:cad>
          </ns3:TrackPointExtension>
        </extensions>
      </trkpt>
      <trkpt lat="31.218237094581127166748046875" lon="121.3882224261760711669921875">
        <ele>13.19999980926513671875</ele>
        <time>2026-09-01T10:24:54.000Z</time>
        <extensions>
          <ns3:TrackPointExtension>
            <ns3:hr>119</ns3:hr>
            <ns3:cad>86</ns3:cad>
          </ns3:TrackPointExtension>
        </extensions>
      </trkpt>
      <trkpt lat="31.21825679205358028411865234375" lon="121.388233490288257598876953125">
        <ele>13.19999980926513671875</ele>
        <time>2026-09-01T10:24:55.000Z</time>
        <extensions>
          <ns3:TrackPointExtension>
            <ns3:hr>120</ns3:hr>
            <ns3:cad>86</ns3:cad>
          </ns3:TrackPointExtension>
        </extensions>
      </trkpt>
      <trkpt lat="31.2182825244963169097900390625" lon="121.38823910616338253021240234375">
        <ele>13.19999980926513671875</ele>
        <time>2026-09-01T10:24:56.000Z</time>
        <extensions>
          <ns3:TrackPointExtension>
            <ns3:hr>120</ns3:hr>
            <ns3:cad>86</ns3:cad>
          </ns3:TrackPointExtension>
        </extensions>
      </trkpt>
      <trkpt lat="31.21830607764422893524169921875" lon="121.38825519941747188568115234375">
        <ele>13.3999996185302734375</ele>
        <time>2026-09-01T10:24:57.000Z</time>
        <extensions>
          <ns3:TrackPointExtension>
            <ns3:hr>121</ns3:hr>
            <ns3:cad>86</ns3:cad>
          </ns3:TrackPointExtension>
        </extensions>
      </trkpt>
      <trkpt lat="31.2183304689824581146240234375" lon="121.3882571272552013397216796875">
        <ele>13.3999996185302734375</ele>
        <time>2026-09-01T10:24:58.000Z</time>
        <extensions>
          <ns3:TrackPointExtension>
            <ns3:hr>122</ns3:hr>
            <ns3:cad>86</ns3:cad>
          </ns3:TrackPointExtension>
        </extensions>
      </trkpt>
      <trkpt lat="31.2183536030352115631103515625" lon="121.38826760463416576385498046875">
        <ele>13.3999996185302734375</ele>
        <time>2026-09-01T10:24:59.000Z</time>
        <extensions>
          <ns3:TrackPointExtension>
            <ns3:hr>123</ns3:hr>
            <ns3:cad>86</ns3:cad>
          </ns3:TrackPointExtension>
        </extensions>
      </trkpt>
      <trkpt lat="31.21837556362152099609375" lon="121.3882769085466861724853515625">
        <ele>13.19999980926513671875</ele>
        <time>2026-09-01T10:25:00.000Z</time>
        <extensions>
          <ns3:TrackPointExtension>
            <ns3:hr>125</ns3:hr>
            <ns3:cad>86</ns3:cad>
          </ns3:TrackPointExtension>
        </extensions>
      </trkpt>
      <trkpt lat="31.218402720987796783447265625" lon="121.388282440602779388427734375">
        <ele>13.19999980926513671875</ele>
        <time>2026-09-01T10:25:01.000Z</time>
        <extensions>
          <ns3:TrackPointExtension>
            <ns3:hr>128</ns3:hr>
            <ns3:cad>87</ns3:cad>
          </ns3:TrackPointExtension>
        </extensions>
      </trkpt>
      <trkpt lat="31.218428872525691986083984375" lon="121.38829845003783702850341796875">
        <ele>13.19999980926513671875</ele>
        <time>2026-09-01T10:25:02.000Z</time>
        <extensions>
          <ns3:TrackPointExtension>
            <ns3:hr>130</ns3:hr>
            <ns3:cad>87</ns3:cad>
          </ns3:TrackPointExtension>
        </extensions>
      </trkpt>
      <trkpt lat="31.21845929883420467376708984375" lon="121.388307921588420867919921875">
        <ele>13.19999980926513671875</ele>
        <time>2026-09-01T10:25:03.000Z</time>
        <extensions>
          <ns3:TrackPointExtension>
            <ns3:hr>132</ns3:hr>
            <ns3:cad>87</ns3:cad>
          </ns3:TrackPointExtension>
        </extensions>
      </trkpt>
      <trkpt lat="31.21848779730498790740966796875" lon="121.38831831514835357666015625">
        <ele>13.19999980926513671875</ele>
        <time>2026-09-01T10:25:04.000Z</time>
        <extensions>
          <ns3:TrackPointExtension>
            <ns3:hr>134</ns3:hr>
            <ns3:cad>86</ns3:cad>
          </ns3:TrackPointExtension>
        </extensions>
      </trkpt>
      <trkpt lat="31.21851705014705657958984375" lon="121.38832074590027332305908203125">
        <ele>13.19999980926513671875</ele>
        <time>2026-09-01T10:25:05.000Z</time>
        <extensions>
          <ns3:TrackPointExtension>
            <ns3:hr>135</ns3:hr>
            <ns3:cad>87</ns3:cad>
          </ns3:TrackPointExtension>
        </extensions>
      </trkpt>
      <trkpt lat="31.2185393460094928741455078125" lon="121.38832946307957172393798828125">
        <ele>13.19999980926513671875</ele>
        <time>2026-09-01T10:25:06.000Z</time>
        <extensions>
          <ns3:TrackPointExtension>
            <ns3:hr>135</ns3:hr>
            <ns3:cad>87</ns3:cad>
          </ns3:TrackPointExtension>
        </extensions>
      </trkpt>
      <trkpt lat="31.218566000461578369140625" lon="121.38833709061145782470703125">
        <ele>13.19999980926513671875</ele>
        <time>2026-09-01T10:25:07.000Z</time>
        <extensions>
          <ns3:TrackPointExtension>
            <ns3:hr>136</ns3:hr>
            <ns3:cad>87</ns3:cad>
          </ns3:TrackPointExtension>
        </extensions>
      </trkpt>
      <trkpt lat="31.218591816723346710205078125" lon="121.3883466459810733795166015625">
        <ele>13.19999980926513671875</ele>
        <time>2026-09-01T10:25:08.000Z</time>
        <extensions>
          <ns3:TrackPointExtension>
            <ns3:hr>136</ns3:hr>
            <ns3:cad>87</ns3:cad>
          </ns3:TrackPointExtension>
        </extensions>
      </trkpt>
      <trkpt lat="31.21861721388995647430419921875" lon="121.38835242949426174163818359375">
        <ele>13.3999996185302734375</ele>
        <time>2026-09-01T10:25:09.000Z</time>
        <extensions>
          <ns3:TrackPointExtension>
            <ns3:hr>136</ns3:hr>
            <ns3:cad>86</ns3:cad>
          </ns3:TrackPointExtension>
        </extensions>
      </trkpt>
      <trkpt lat="31.2186456285417079925537109375" lon="121.38836315833032131195068359375">
        <ele>13.3999996185302734375</ele>
        <time>2026-09-01T10:25:10.000Z</time>
        <extensions>
          <ns3:TrackPointExtension>
            <ns3:hr>136</ns3:hr>
            <ns3:cad>86</ns3:cad>
          </ns3:TrackPointExtension>
        </extensions>
      </trkpt>
      <trkpt lat="31.21866851113736629486083984375" lon="121.38836584053933620452880859375">
        <ele>13.3999996185302734375</ele>
        <time>2026-09-01T10:25:11.000Z</time>
        <extensions>
          <ns3:TrackPointExtension>
            <ns3:hr>137</ns3:hr>
            <ns3:cad>86</ns3:cad>
          </ns3:TrackPointExtension>
        </extensions>
      </trkpt>
      <trkpt lat="31.2186949141323566436767578125" lon="121.38836885802447795867919921875">
        <ele>13.3999996185302734375</ele>
        <time>2026-09-01T10:25:12.000Z</time>
        <extensions>
          <ns3:TrackPointExtension>
            <ns3:hr>137</ns3:hr>
            <ns3:cad>87</ns3:cad>
          </ns3:TrackPointExtension>
        </extensions>
      </trkpt>
      <trkpt lat="31.2187177129089832305908203125" lon="121.38837874867022037506103515625">
        <ele>13.3999996185302734375</ele>
        <time>2026-09-01T10:25:13.000Z</time>
        <extensions>
          <ns3:TrackPointExtension>
            <ns3:hr>137</ns3:hr>
            <ns3:cad>88</ns3:cad>
          </ns3:TrackPointExtension>
        </extensions>
      </trkpt>
      <trkpt lat="31.21874595992267131805419921875" lon="121.38838008977472782135009765625">
        <ele>13.3999996185302734375</ele>
        <time>2026-09-01T10:25:14.000Z</time>
        <extensions>
          <ns3:TrackPointExtension>
            <ns3:hr>138</ns3:hr>
            <ns3:cad>88</ns3:cad>
          </ns3:TrackPointExtension>
        </extensions>
      </trkpt>
      <trkpt lat="31.21877211146056652069091796875" lon="121.3883935846388339996337890625">
        <ele>13.3999996185302734375</ele>
        <time>2026-09-01T10:25:15.000Z</time>
        <extensions>
          <ns3:TrackPointExtension>
            <ns3:hr>137</ns3:hr>
            <ns3:cad>87</ns3:cad>
          </ns3:TrackPointExtension>
        </extensions>
      </trkpt>
      <trkpt lat="31.2187995202839374542236328125" lon="121.388394422829151153564453125">
        <ele>13.3999996185302734375</ele>
        <time>2026-09-01T10:25:16.000Z</time>
        <extensions>
          <ns3:TrackPointExtension>
            <ns3:hr>137</ns3:hr>
            <ns3:cad>86</ns3:cad>
          </ns3:TrackPointExtension>
        </extensions>
      </trkpt>
      <trkpt lat="31.21882391162216663360595703125" lon="121.38840054161846637725830078125">
        <ele>13.3999996185302734375</ele>
        <time>2026-09-01T10:25:17.000Z</time>
        <extensions>
          <ns3:TrackPointExtension>
            <ns3:hr>138</ns3:hr>
            <ns3:cad>86</ns3:cad>
          </ns3:TrackPointExtension>
        </extensions>
      </trkpt>
      <trkpt lat="31.21885090135037899017333984375" lon="121.3883955962955951690673828125">
        <ele>13.3999996185302734375</ele>
        <time>2026-09-01T10:25:18.000Z</time>
        <extensions>
          <ns3:TrackPointExtension>
            <ns3:hr>138</ns3:hr>
            <ns3:cad>88</ns3:cad>
          </ns3:TrackPointExtension>
        </extensions>
      </trkpt>
      <trkpt lat="31.2188742868602275848388671875" lon="121.3883919082581996917724609375">
        <ele>13.3999996185302734375</ele>
        <time>2026-09-01T10:25:19.000Z</time>
        <extensions>
          <ns3:TrackPointExtension>
            <ns3:hr>138</ns3:hr>
            <ns3:cad>88</ns3:cad>
          </ns3:TrackPointExtension>
        </extensions>
      </trkpt>
      <trkpt lat="31.21889515779912471771240234375" lon="121.38838796876370906829833984375">
        <ele>13.6000003814697265625</ele>
        <time>2026-09-01T10:25:20.000Z</time>
        <extensions>
          <ns3:TrackPointExtension>
            <ns3:hr>138</ns3:hr>
            <ns3:cad>87</ns3:cad>
          </ns3:TrackPointExtension>
        </extensions>
      </trkpt>
      <trkpt lat="31.2189155258238315582275390625" lon="121.388390399515628814697265625">
        <ele>13.6000003814697265625</ele>
        <time>2026-09-01T10:25:21.000Z</time>
        <extensions>
          <ns3:TrackPointExtension>
            <ns3:hr>138</ns3:hr>
            <ns3:cad>87</ns3:cad>
          </ns3:TrackPointExtension>
        </extensions>
      </trkpt>
      <trkpt lat="31.21893639676272869110107421875" lon="121.38838679529726505279541015625">
        <ele>13.6000003814697265625</ele>
        <time>2026-09-01T10:25:22.000Z</time>
        <extensions>
          <ns3:TrackPointExtension>
            <ns3:hr>138</ns3:hr>
            <ns3:cad>87</ns3:cad>
          </ns3:TrackPointExtension>
        </extensions>
      </trkpt>
      <trkpt lat="31.2189678288996219635009765625" lon="121.3883852027356624603271484375">
        <ele>13.6000003814697265625</ele>
        <time>2026-09-01T10:25:23.000Z</time>
        <extensions>
          <ns3:TrackPointExtension>
            <ns3:hr>138</ns3:hr>
            <ns3:cad>86</ns3:cad>
          </ns3:TrackPointExtension>
        </extensions>
      </trkpt>
      <trkpt lat="31.218993477523326873779296875" lon="121.38839115388691425323486328125">
        <ele>13.6000003814697265625</ele>
        <time>2026-09-01T10:25:24.000Z</time>
        <extensions>
          <ns3:TrackPointExtension>
            <ns3:hr>139</ns3:hr>
            <ns3:cad>86</ns3:cad>
          </ns3:TrackPointExtension>
        </extensions>
      </trkpt>
      <trkpt lat="31.21901920996606349945068359375" lon="121.388384364545345306396484375">
        <ele>13.6000003814697265625</ele>
        <time>2026-09-01T10:25:25.000Z</time>
        <extensions>
          <ns3:TrackPointExtension>
            <ns3:hr>139</ns3:hr>
            <ns3:cad>87</ns3:cad>
          </ns3:TrackPointExtension>
        </extensions>
      </trkpt>
      <trkpt lat="31.21904871426522731781005859375" lon="121.38838780112564563751220703125">
        <ele>13.6000003814697265625</ele>
        <time>2026-09-01T10:25:26.000Z</time>
        <extensions>
          <ns3:TrackPointExtension>
            <ns3:hr>139</ns3:hr>
            <ns3:cad>87</ns3:cad>
          </ns3:TrackPointExtension>
        </extensions>
      </trkpt>
      <trkpt lat="31.21907184831798076629638671875" lon="121.38838126324117183685302734375">
        <ele>13.6000003814697265625</ele>
        <time>2026-09-01T10:25:27.000Z</time>
        <extensions>
          <ns3:TrackPointExtension>
            <ns3:hr>139</ns3:hr>
            <ns3:cad>87</ns3:cad>
          </ns3:TrackPointExtension>
        </extensions>
      </trkpt>
      <trkpt lat="31.21910453774034976959228515625" lon="121.38838109560310840606689453125">
        <ele>13.6000003814697265625</ele>
        <time>2026-09-01T10:25:28.000Z</time>
        <extensions>
          <ns3:TrackPointExtension>
            <ns3:hr>140</ns3:hr>
            <ns3:cad>87</ns3:cad>
          </ns3:TrackPointExtension>
        </extensions>
      </trkpt>
      <trkpt lat="31.21912884525954723358154296875" lon="121.3883784972131252288818359375">
        <ele>13.80000019073486328125</ele>
        <time>2026-09-01T10:25:29.000Z</time>
        <extensions>
          <ns3:TrackPointExtension>
            <ns3:hr>140</ns3:hr>
            <ns3:cad>86</ns3:cad>
          </ns3:TrackPointExtension>
        </extensions>
      </trkpt>
      <trkpt lat="31.219155751168727874755859375" lon="121.388377659022808074951171875">
        <ele>13.80000019073486328125</ele>
        <time>2026-09-01T10:25:30.000Z</time>
        <extensions>
          <ns3:TrackPointExtension>
            <ns3:hr>140</ns3:hr>
            <ns3:cad>86</ns3:cad>
          </ns3:TrackPointExtension>
        </extensions>
      </trkpt>
      <trkpt lat="31.2191793881356716156005859375" lon="121.38837472535669803619384765625">
        <ele>13.80000019073486328125</ele>
        <time>2026-09-01T10:25:31.000Z</time>
        <extensions>
          <ns3:TrackPointExtension>
            <ns3:hr>140</ns3:hr>
            <ns3:cad>87</ns3:cad>
          </ns3:TrackPointExtension>
        </extensions>
      </trkpt>
      <trkpt lat="31.21920377947390079498291015625" lon="121.3883704505860805511474609375">
        <ele>13.80000019073486328125</ele>
        <time>2026-09-01T10:25:32.000Z</time>
        <extensions>
          <ns3:TrackPointExtension>
            <ns3:hr>141</ns3:hr>
            <ns3:cad>87</ns3:cad>
          </ns3:TrackPointExtension>
        </extensions>
      </trkpt>
      <trkpt lat="31.21922783553600311279296875" lon="121.38836818747222423553466796875">
        <ele>14</ele>
        <time>2026-09-01T10:25:33.000Z</time>
        <extensions>
          <ns3:TrackPointExtension>
            <ns3:hr>141</ns3:hr>
            <ns3:cad>86</ns3:cad>
          </ns3:TrackPointExtension>
        </extensions>
      </trkpt>
      <trkpt lat="31.2192539870738983154296875" lon="121.3883654214441776275634765625">
        <ele>14</ele>
        <time>2026-09-01T10:25:34.000Z</time>
        <extensions>
          <ns3:TrackPointExtension>
            <ns3:hr>141</ns3:hr>
            <ns3:cad>86</ns3:cad>
          </ns3:TrackPointExtension>
        </extensions>
      </trkpt>
      <trkpt lat="31.2192776240408420562744140625" lon="121.38836349360644817352294921875">
        <ele>14</ele>
        <time>2026-09-01T10:25:35.000Z</time>
        <extensions>
          <ns3:TrackPointExtension>
            <ns3:hr>140</ns3:hr>
            <ns3:cad>86</ns3:cad>
          </ns3:TrackPointExtension>
        </extensions>
      </trkpt>
      <trkpt lat="31.2193007580935955047607421875" lon="121.38836131431162357330322265625">
        <ele>13.80000019073486328125</ele>
        <time>2026-09-01T10:25:36.000Z</time>
        <extensions>
          <ns3:TrackPointExtension>
            <ns3:hr>140</ns3:hr>
            <ns3:cad>87</ns3:cad>
          </ns3:TrackPointExtension>
        </extensions>
      </trkpt>
      <trkpt lat="31.21932716108858585357666015625" lon="121.38836123049259185791015625">
        <ele>13.80000019073486328125</ele>
        <time>2026-09-01T10:25:37.000Z</time>
        <extensions>
          <ns3:TrackPointExtension>
            <ns3:hr>140</ns3:hr>
            <ns3:cad>87</ns3:cad>
          </ns3:TrackPointExtension>
        </extensions>
      </trkpt>
      <trkpt lat="31.2193473614752292633056640625" lon="121.3883560337126255035400390625">
        <ele>13.80000019073486328125</ele>
        <time>2026-09-01T10:25:38.000Z</time>
        <extensions>
          <ns3:TrackPointExtension>
            <ns3:hr>140</ns3:hr>
            <ns3:cad>87</ns3:cad>
          </ns3:TrackPointExtension>
        </extensions>
      </trkpt>
      <trkpt lat="31.21937158517539501190185546875" lon="121.38835963793098926544189453125">
        <ele>13.80000019073486328125</ele>
        <time>2026-09-01T10:25:39.000Z</time>
        <extensions>
          <ns3:TrackPointExtension>
            <ns3:hr>140</ns3:hr>
            <ns3:cad>86</ns3:cad>
          </ns3:TrackPointExtension>
        </extensions>
      </trkpt>
      <trkpt lat="31.21939790435135364532470703125" lon="121.38836969621479511260986328125">
        <ele>13.80000019073486328125</ele>
        <time>2026-09-01T10:25:40.000Z</time>
        <extensions>
          <ns3:TrackPointExtension>
            <ns3:hr>140</ns3:hr>
            <ns3:cad>86</ns3:cad>
          </ns3:TrackPointExtension>
        </extensions>
      </trkpt>
      <trkpt lat="31.2194181047379970550537109375" lon="121.38837103731930255889892578125">
        <ele>14</ele>
        <time>2026-09-01T10:25:41.000Z</time>
        <extensions>
          <ns3:TrackPointExtension>
            <ns3:hr>140</ns3:hr>
            <ns3:cad>86</ns3:cad>
          </ns3:TrackPointExtension>
        </extensions>
      </trkpt>
      <trkpt lat="31.21944031678140163421630859375" lon="121.38837195932865142822265625">
        <ele>14</ele>
        <time>2026-09-01T10:25:42.000Z</time>
        <extensions>
          <ns3:TrackPointExtension>
            <ns3:hr>141</ns3:hr>
            <ns3:cad>86</ns3:cad>
          </ns3:TrackPointExtension>
        </extensions>
      </trkpt>
      <trkpt lat="31.219462864100933074951171875" lon="121.38836701400578022003173828125">
        <ele>14</ele>
        <time>2026-09-01T10:25:43.000Z</time>
        <extensions>
          <ns3:TrackPointExtension>
            <ns3:hr>141</ns3:hr>
            <ns3:cad>87</ns3:cad>
          </ns3:TrackPointExtension>
        </extensions>
      </trkpt>
      <trkpt lat="31.2194868363440036773681640625" lon="121.38836818747222423553466796875">
        <ele>14</ele>
        <time>2026-09-01T10:25:44.000Z</time>
        <extensions>
          <ns3:TrackPointExtension>
            <ns3:hr>141</ns3:hr>
            <ns3:cad>87</ns3:cad>
          </ns3:TrackPointExtension>
        </extensions>
      </trkpt>
      <trkpt lat="31.21950821019709110260009765625" lon="121.3883613981306552886962890625">
        <ele>14</ele>
        <time>2026-09-01T10:25:45.000Z</time>
        <extensions>
          <ns3:TrackPointExtension>
            <ns3:hr>141</ns3:hr>
            <ns3:cad>87</ns3:cad>
          </ns3:TrackPointExtension>
        </extensions>
      </trkpt>
      <trkpt lat="31.219533272087574005126953125" lon="121.3883587159216403961181640625">
        <ele>14</ele>
        <time>2026-09-01T10:25:46.000Z</time>
        <extensions>
          <ns3:TrackPointExtension>
            <ns3:hr>142</ns3:hr>
            <ns3:cad>86</ns3:cad>
          </ns3:TrackPointExtension>
        </extensions>
      </trkpt>
      <trkpt lat="31.21955816633999347686767578125" lon="121.38836516998708248138427734375">
        <ele>14</ele>
        <time>2026-09-01T10:25:47.000Z</time>
        <extensions>
          <ns3:TrackPointExtension>
            <ns3:hr>141</ns3:hr>
            <ns3:cad>86</ns3:cad>
          </ns3:TrackPointExtension>
        </extensions>
      </trkpt>
      <trkpt lat="31.2195827253162860870361328125" lon="121.38836148194968700408935546875">
        <ele>14.19999980926513671875</ele>
        <time>2026-09-01T10:25:48.000Z</time>
        <extensions>
          <ns3:TrackPointExtension>
            <ns3:hr>141</ns3:hr>
            <ns3:cad>86</ns3:cad>
          </ns3:TrackPointExtension>
        </extensions>
      </trkpt>
      <trkpt lat="31.21961097232997417449951171875" lon="121.38836525380611419677734375">
        <ele>14.19999980926513671875</ele>
        <time>2026-09-01T10:25:49.000Z</time>
        <extensions>
          <ns3:TrackPointExtension>
            <ns3:hr>142</ns3:hr>
            <ns3:cad>87</ns3:cad>
          </ns3:TrackPointExtension>
        </extensions>
      </trkpt>
      <trkpt lat="31.219638548791408538818359375" lon="121.38836324214935302734375">
        <ele>14.19999980926513671875</ele>
        <time>2026-09-01T10:25:50.000Z</time>
        <extensions>
          <ns3:TrackPointExtension>
            <ns3:hr>142</ns3:hr>
            <ns3:cad>87</ns3:cad>
          </ns3:TrackPointExtension>
        </extensions>
      </trkpt>
      <trkpt lat="31.21967014856636524200439453125" lon="121.38836164958775043487548828125">
        <ele>14.19999980926513671875</ele>
        <time>2026-09-01T10:25:51.000Z</time>
        <extensions>
          <ns3:TrackPointExtension>
            <ns3:hr>142</ns3:hr>
            <ns3:cad>87</ns3:cad>
          </ns3:TrackPointExtension>
        </extensions>
      </trkpt>
      <trkpt lat="31.21970635838806629180908203125" lon="121.38835695572197437286376953125">
        <ele>14.19999980926513671875</ele>
        <time>2026-09-01T10:25:52.000Z</time>
        <extensions>
          <ns3:TrackPointExtension>
            <ns3:hr>143</ns3:hr>
            <ns3:cad>86</ns3:cad>
          </ns3:TrackPointExtension>
        </extensions>
      </trkpt>
      <trkpt lat="31.2197426520287990570068359375" lon="121.3883546926081180572509765625">
        <ele>14.19999980926513671875</ele>
        <time>2026-09-01T10:25:53.000Z</time>
        <extensions>
          <ns3:TrackPointExtension>
            <ns3:hr>143</ns3:hr>
            <ns3:cad>86</ns3:cad>
          </ns3:TrackPointExtension>
        </extensions>
      </trkpt>
      <trkpt lat="31.219776012003421783447265625" lon="121.38835662044584751129150390625">
        <ele>14.19999980926513671875</ele>
        <time>2026-09-01T10:25:54.000Z</time>
        <extensions>
          <ns3:TrackPointExtension>
            <ns3:hr>143</ns3:hr>
            <ns3:cad>86</ns3:cad>
          </ns3:TrackPointExtension>
        </extensions>
      </trkpt>
      <trkpt lat="31.21981733478605747222900390625" lon="121.38834773562848567962646484375">
        <ele>14.3999996185302734375</ele>
        <time>2026-09-01T10:25:55.000Z</time>
        <extensions>
          <ns3:TrackPointExtension>
            <ns3:hr>143</ns3:hr>
            <ns3:cad>86</ns3:cad>
          </ns3:TrackPointExtension>
        </extensions>
      </trkpt>
      <trkpt lat="31.21983527205884456634521484375" lon="121.38834522105753421783447265625">
        <ele>14.3999996185302734375</ele>
        <time>2026-09-01T10:25:56.000Z</time>
        <extensions>
          <ns3:TrackPointExtension>
            <ns3:hr>143</ns3:hr>
            <ns3:cad>86</ns3:cad>
          </ns3:TrackPointExtension>
        </extensions>
      </trkpt>
      <trkpt lat="31.21984566561877727508544921875" lon="121.388313286006450653076171875">
        <ele>14.3999996185302734375</ele>
        <time>2026-09-01T10:25:57.000Z</time>
        <extensions>
          <ns3:TrackPointExtension>
            <ns3:hr>143</ns3:hr>
            <ns3:cad>85</ns3:cad>
          </ns3:TrackPointExtension>
        </extensions>
      </trkpt>
      <trkpt lat="31.21985890902578830718994140625" lon="121.3882836140692234039306640625">
        <ele>14.3999996185302734375</ele>
        <time>2026-09-01T10:25:58.000Z</time>
        <extensions>
          <ns3:TrackPointExtension>
            <ns3:hr>143</ns3:hr>
            <ns3:cad>85</ns3:cad>
          </ns3:TrackPointExtension>
        </extensions>
      </trkpt>
      <trkpt lat="31.21985890902578830718994140625" lon="121.3882836140692234039306640625">
        <ele>14.3999996185302734375</ele>
        <time>2026-09-01T10:25:59.000Z</time>
        <extensions>
          <ns3:TrackPointExtension>
            <ns3:hr>142</ns3:hr>
            <ns3:cad>85</ns3:cad>
          </ns3:TrackPointExtension>
        </extensions>
      </trkpt>
      <trkpt lat="31.21988874860107898712158203125" lon="121.38821831904351711273193359375">
        <ele>14.3999996185302734375</ele>
        <time>2026-09-01T10:26:00.000Z</time>
        <extensions>
          <ns3:TrackPointExtension>
            <ns3:hr>143</ns3:hr>
            <ns3:cad>85</ns3:cad>
          </ns3:TrackPointExtension>
        </extensions>
      </trkpt>
      <trkpt lat="31.2199022434651851654052734375" lon="121.38818697072565555572509765625">
        <ele>14.6000003814697265625</ele>
        <time>2026-09-01T10:26:01.000Z</time>
        <extensions>
          <ns3:TrackPointExtension>
            <ns3:hr>143</ns3:hr>
            <ns3:cad>84</ns3:cad>
          </ns3:TrackPointExtension>
        </extensions>
      </trkpt>
      <trkpt lat="31.21991104446351528167724609375" lon="121.38816249556839466094970703125">
        <ele>14.80000019073486328125</ele>
        <time>2026-09-01T10:26:02.000Z</time>
        <extensions>
          <ns3:TrackPointExtension>
            <ns3:hr>143</ns3:hr>
            <ns3:cad>83</ns3:cad>
          </ns3:TrackPointExtension>
        </extensions>
      </trkpt>
      <trkpt lat="31.21991892345249652862548828125" lon="121.3881320692598819732666015625">
        <ele>14.80000019073486328125</ele>
        <time>2026-09-01T10:26:03.000Z</time>
        <extensions>
          <ns3:TrackPointExtension>
            <ns3:hr>143</ns3:hr>
            <ns3:cad>83</ns3:cad>
          </ns3:TrackPointExtension>
        </extensions>
      </trkpt>
      <trkpt lat="31.2199210189282894134521484375" lon="121.38811983168125152587890625">
        <ele>14.80000019073486328125</ele>
        <time>2026-09-01T10:26:04.000Z</time>
        <extensions>
          <ns3:TrackPointExtension>
            <ns3:hr>143</ns3:hr>
            <ns3:cad>83</ns3:cad>
          </ns3:TrackPointExtension>
        </extensions>
      </trkpt>
      <trkpt lat="31.21992311440408229827880859375" lon="121.38809837400913238525390625">
        <ele>14.80000019073486328125</ele>
        <time>2026-09-01T10:26:05.000Z</time>
        <extensions>
          <ns3:TrackPointExtension>
            <ns3:hr>143</ns3:hr>
            <ns3:cad>85</ns3:cad>
          </ns3:TrackPointExtension>
        </extensions>
      </trkpt>
      <trkpt lat="31.2199260480701923370361328125" lon="121.38807616196572780609130859375">
        <ele>14.80000019073486328125</ele>
        <time>2026-09-01T10:26:06.000Z</time>
        <extensions>
          <ns3:TrackPointExtension>
            <ns3:hr>144</ns3:hr>
            <ns3:cad>86</ns3:cad>
          </ns3:TrackPointExtension>
        </extensions>
      </trkpt>
      <trkpt lat="31.21992864646017551422119140625" lon="121.388054452836513519287109375">
        <ele>14.80000019073486328125</ele>
        <time>2026-09-01T10:26:07.000Z</time>
        <extensions>
          <ns3:TrackPointExtension>
            <ns3:hr>144</ns3:hr>
            <ns3:cad>86</ns3:cad>
          </ns3:TrackPointExtension>
        </extensions>
      </trkpt>
      <trkpt lat="31.2199327535927295684814453125" lon="121.3880291394889354705810546875">
        <ele>14.80000019073486328125</ele>
        <time>2026-09-01T10:26:08.000Z</time>
        <extensions>
          <ns3:TrackPointExtension>
            <ns3:hr>144</ns3:hr>
            <ns3:cad>87</ns3:cad>
          </ns3:TrackPointExtension>
        </extensions>
      </trkpt>
      <trkpt lat="31.21993250213563442230224609375" lon="121.38800374232232570648193359375">
        <ele>15</ele>
        <time>2026-09-01T10:26:09.000Z</time>
        <extensions>
          <ns3:TrackPointExtension>
            <ns3:hr>144</ns3:hr>
            <ns3:cad>87</ns3:cad>
          </ns3:TrackPointExtension>
        </extensions>
      </trkpt>
      <trkpt lat="31.219934932887554168701171875" lon="121.38796820305287837982177734375">
        <ele>15</ele>
        <time>2026-09-01T10:26:10.000Z</time>
        <extensions>
          <ns3:TrackPointExtension>
            <ns3:hr>144</ns3:hr>
            <ns3:cad>86</ns3:cad>
          </ns3:TrackPointExtension>
        </extensions>
      </trkpt>
      <trkpt lat="31.2199330888688564300537109375" lon="121.3879459910094738006591796875">
        <ele>15</ele>
        <time>2026-09-01T10:26:11.000Z</time>
        <extensions>
          <ns3:TrackPointExtension>
            <ns3:hr>144</ns3:hr>
            <ns3:cad>86</ns3:cad>
          </ns3:TrackPointExtension>
        </extensions>
      </trkpt>
      <trkpt lat="31.21993166394531726837158203125" lon="121.38791606761515140533447265625">
        <ele>15</ele>
        <time>2026-09-01T10:26:12.000Z</time>
        <extensions>
          <ns3:TrackPointExtension>
            <ns3:hr>144</ns3:hr>
            <ns3:cad>86</ns3:cad>
          </ns3:TrackPointExtension>
        </extensions>
      </trkpt>
      <trkpt lat="31.21993166394531726837158203125" lon="121.38789058662950992584228515625">
        <ele>15</ele>
        <time>2026-09-01T10:26:13.000Z</time>
        <extensions>
          <ns3:TrackPointExtension>
            <ns3:hr>144</ns3:hr>
            <ns3:cad>86</ns3:cad>
          </ns3:TrackPointExtension>
        </extensions>
      </trkpt>
      <trkpt lat="31.21992914937436580657958984375" lon="121.3878598250448703765869140625">
        <ele>15</ele>
        <time>2026-09-01T10:26:14.000Z</time>
        <extensions>
          <ns3:TrackPointExtension>
            <ns3:hr>144</ns3:hr>
            <ns3:cad>87</ns3:cad>
          </ns3:TrackPointExtension>
        </extensions>
      </trkpt>
      <trkpt lat="31.21993082575500011444091796875" lon="121.38783342204988002777099609375">
        <ele>15</ele>
        <time>2026-09-01T10:26:15.000Z</time>
        <extensions>
          <ns3:TrackPointExtension>
            <ns3:hr>144</ns3:hr>
            <ns3:cad>87</ns3:cad>
          </ns3:TrackPointExtension>
        </extensions>
      </trkpt>
      <trkpt lat="31.219928562641143798828125" lon="121.3878085277974605560302734375">
        <ele>14.80000019073486328125</ele>
        <time>2026-09-01T10:26:16.000Z</time>
        <extensions>
          <ns3:TrackPointExtension>
            <ns3:hr>144</ns3:hr>
            <ns3:cad>86</ns3:cad>
          </ns3:TrackPointExtension>
        </extensions>
      </trkpt>
      <trkpt lat="31.2199310772120952606201171875" lon="121.3877743296325206756591796875">
        <ele>14.80000019073486328125</ele>
        <time>2026-09-01T10:26:17.000Z</time>
        <extensions>
          <ns3:TrackPointExtension>
            <ns3:hr>144</ns3:hr>
            <ns3:cad>86</ns3:cad>
          </ns3:TrackPointExtension>
        </extensions>
      </trkpt>
      <trkpt lat="31.21993300504982471466064453125" lon="121.3877468369901180267333984375">
        <ele>14.80000019073486328125</ele>
        <time>2026-09-01T10:26:18.000Z</time>
        <extensions>
          <ns3:TrackPointExtension>
            <ns3:hr>143</ns3:hr>
            <ns3:cad>86</ns3:cad>
          </ns3:TrackPointExtension>
        </extensions>
      </trkpt>
      <trkpt lat="31.21993191540241241455078125" lon="121.3877149857580661773681640625">
        <ele>14.80000019073486328125</ele>
        <time>2026-09-01T10:26:19.000Z</time>
        <extensions>
          <ns3:TrackPointExtension>
            <ns3:hr>144</ns3:hr>
            <ns3:cad>86</ns3:cad>
          </ns3:TrackPointExtension>
        </extensions>
      </trkpt>
      <trkpt lat="31.21992898173630237579345703125" lon="121.38768799602985382080078125">
        <ele>14.80000019073486328125</ele>
        <time>2026-09-01T10:26:20.000Z</time>
        <extensions>
          <ns3:TrackPointExtension>
            <ns3:hr>144</ns3:hr>
            <ns3:cad>87</ns3:cad>
          </ns3:TrackPointExtension>
        </extensions>
      </trkpt>
      <trkpt lat="31.2199277244508266448974609375" lon="121.3876596651971340179443359375">
        <ele>14.80000019073486328125</ele>
        <time>2026-09-01T10:26:21.000Z</time>
        <extensions>
          <ns3:TrackPointExtension>
            <ns3:hr>143</ns3:hr>
            <ns3:cad>87</ns3:cad>
          </ns3:TrackPointExtension>
        </extensions>
      </trkpt>
      <trkpt lat="31.21992780826985836029052734375" lon="121.38763259164988994598388671875">
        <ele>14.80000019073486328125</ele>
        <time>2026-09-01T10:26:22.000Z</time>
        <extensions>
          <ns3:TrackPointExtension>
            <ns3:hr>143</ns3:hr>
            <ns3:cad>86</ns3:cad>
          </ns3:TrackPointExtension>
        </extensions>
      </trkpt>
      <trkpt lat="31.21992629952728748321533203125" lon="121.3876013271510601043701171875">
        <ele>15</ele>
        <time>2026-09-01T10:26:23.000Z</time>
        <extensions>
          <ns3:TrackPointExtension>
            <ns3:hr>143</ns3:hr>
            <ns3:cad>86</ns3:cad>
          </ns3:TrackPointExtension>
        </extensions>
      </trkpt>
      <trkpt lat="31.21992780826985836029052734375" lon="121.3875688053667545318603515625">
        <ele>15</ele>
        <time>2026-09-01T10:26:24.000Z</time>
        <extensions>
          <ns3:TrackPointExtension>
            <ns3:hr>143</ns3:hr>
            <ns3:cad>86</ns3:cad>
          </ns3:TrackPointExtension>
        </extensions>
      </trkpt>
      <trkpt lat="31.2199233658611774444580078125" lon="121.38754391111433506011962890625">
        <ele>15</ele>
        <time>2026-09-01T10:26:25.000Z</time>
        <extensions>
          <ns3:TrackPointExtension>
            <ns3:hr>143</ns3:hr>
            <ns3:cad>86</ns3:cad>
          </ns3:TrackPointExtension>
        </extensions>
      </trkpt>
      <trkpt lat="31.2199186719954013824462890625" lon="121.38750971294939517974853515625">
        <ele>15</ele>
        <time>2026-09-01T10:26:26.000Z</time>
        <extensions>
          <ns3:TrackPointExtension>
            <ns3:hr>144</ns3:hr>
            <ns3:cad>86</ns3:cad>
          </ns3:TrackPointExtension>
        </extensions>
      </trkpt>
      <trkpt lat="31.2199109606444835662841796875" lon="121.3874833099544048309326171875">
        <ele>15</ele>
        <time>2026-09-01T10:26:27.000Z</time>
        <extensions>
          <ns3:TrackPointExtension>
            <ns3:hr>143</ns3:hr>
            <ns3:cad>86</ns3:cad>
          </ns3:TrackPointExtension>
        </extensions>
      </trkpt>
      <trkpt lat="31.2199153192341327667236328125" lon="121.3874487765133380889892578125">
        <ele>15</ele>
        <time>2026-09-01T10:26:28.000Z</time>
        <extensions>
          <ns3:TrackPointExtension>
            <ns3:hr>143</ns3:hr>
            <ns3:cad>86</ns3:cad>
          </ns3:TrackPointExtension>
        </extensions>
      </trkpt>
      <trkpt lat="31.2199133075773715972900390625" lon="121.38742153532803058624267578125">
        <ele>15</ele>
        <time>2026-09-01T10:26:29.000Z</time>
        <extensions>
          <ns3:TrackPointExtension>
            <ns3:hr>143</ns3:hr>
            <ns3:cad>86</ns3:cad>
          </ns3:TrackPointExtension>
        </extensions>
      </trkpt>
      <trkpt lat="31.2199076078832149505615234375" lon="121.387393288314342498779296875">
        <ele>14.80000019073486328125</ele>
        <time>2026-09-01T10:26:30.000Z</time>
        <extensions>
          <ns3:TrackPointExtension>
            <ns3:hr>143</ns3:hr>
            <ns3:cad>85</ns3:cad>
          </ns3:TrackPointExtension>
        </extensions>
      </trkpt>
      <trkpt lat="31.219910122454166412353515625" lon="121.3873676396906375885009765625">
        <ele>14.80000019073486328125</ele>
        <time>2026-09-01T10:26:31.000Z</time>
        <extensions>
          <ns3:TrackPointExtension>
            <ns3:hr>143</ns3:hr>
            <ns3:cad>85</ns3:cad>
          </ns3:TrackPointExtension>
        </extensions>
      </trkpt>
      <trkpt lat="31.21990651823580265045166015625" lon="121.38734408654272556304931640625">
        <ele>14.80000019073486328125</ele>
        <time>2026-09-01T10:26:32.000Z</time>
        <extensions>
          <ns3:TrackPointExtension>
            <ns3:hr>143</ns3:hr>
            <ns3:cad>86</ns3:cad>
          </ns3:TrackPointExtension>
        </extensions>
      </trkpt>
      <trkpt lat="31.21990651823580265045166015625" lon="121.3873170129954814910888671875">
        <ele>14.80000019073486328125</ele>
        <time>2026-09-01T10:26:33.000Z</time>
        <extensions>
          <ns3:TrackPointExtension>
            <ns3:hr>143</ns3:hr>
            <ns3:cad>87</ns3:cad>
          </ns3:TrackPointExtension>
        </extensions>
      </trkpt>
      <trkpt lat="31.219906099140644073486328125" lon="121.38729547150433063507080078125">
        <ele>14.80000019073486328125</ele>
        <time>2026-09-01T10:26:34.000Z</time>
        <extensions>
          <ns3:TrackPointExtension>
            <ns3:hr>143</ns3:hr>
            <ns3:cad>87</ns3:cad>
          </ns3:TrackPointExtension>
        </extensions>
      </trkpt>
      <trkpt lat="31.21990517713129520416259765625" lon="121.38726630248129367828369140625">
        <ele>14.80000019073486328125</ele>
        <time>2026-09-01T10:26:35.000Z</time>
        <extensions>
          <ns3:TrackPointExtension>
            <ns3:hr>144</ns3:hr>
            <ns3:cad>86</ns3:cad>
          </ns3:TrackPointExtension>
        </extensions>
      </trkpt>
      <trkpt lat="31.219902746379375457763671875" lon="121.387244760990142822265625">
        <ele>14.80000019073486328125</ele>
        <time>2026-09-01T10:26:36.000Z</time>
        <extensions>
          <ns3:TrackPointExtension>
            <ns3:hr>144</ns3:hr>
            <ns3:cad>86</ns3:cad>
          </ns3:TrackPointExtension>
        </extensions>
      </trkpt>
      <trkpt lat="31.21989729814231395721435546875" lon="121.38721483759582042694091796875">
        <ele>14.80000019073486328125</ele>
        <time>2026-09-01T10:26:37.000Z</time>
        <extensions>
          <ns3:TrackPointExtension>
            <ns3:hr>144</ns3:hr>
            <ns3:cad>86</ns3:cad>
          </ns3:TrackPointExtension>
        </extensions>
      </trkpt>
      <trkpt lat="31.219898723065853118896484375" lon="121.38718700967729091644287109375">
        <ele>15</ele>
        <time>2026-09-01T10:26:38.000Z</time>
        <extensions>
          <ns3:TrackPointExtension>
            <ns3:hr>144</ns3:hr>
            <ns3:cad>86</ns3:cad>
          </ns3:TrackPointExtension>
        </extensions>
      </trkpt>
      <trkpt lat="31.21989981271326541900634765625" lon="121.38715951703488826751708984375">
        <ele>15</ele>
        <time>2026-09-01T10:26:39.000Z</time>
        <extensions>
          <ns3:TrackPointExtension>
            <ns3:hr>144</ns3:hr>
            <ns3:cad>87</ns3:cad>
          </ns3:TrackPointExtension>
        </extensions>
      </trkpt>
      <trkpt lat="31.21990065090358257293701171875" lon="121.38712414540350437164306640625">
        <ele>15</ele>
        <time>2026-09-01T10:26:40.000Z</time>
        <extensions>
          <ns3:TrackPointExtension>
            <ns3:hr>144</ns3:hr>
            <ns3:cad>87</ns3:cad>
          </ns3:TrackPointExtension>
        </extensions>
      </trkpt>
      <trkpt lat="31.21989847160875797271728515625" lon="121.38709723949432373046875">
        <ele>15</ele>
        <time>2026-09-01T10:26:41.000Z</time>
        <extensions>
          <ns3:TrackPointExtension>
            <ns3:hr>144</ns3:hr>
            <ns3:cad>86</ns3:cad>
          </ns3:TrackPointExtension>
        </extensions>
      </trkpt>
      <trkpt lat="31.2198938615620136260986328125" lon="121.387063376605510711669921875">
        <ele>14.80000019073486328125</ele>
        <time>2026-09-01T10:26:42.000Z</time>
        <extensions>
          <ns3:TrackPointExtension>
            <ns3:hr>145</ns3:hr>
            <ns3:cad>86</ns3:cad>
          </ns3:TrackPointExtension>
        </extensions>
      </trkpt>
      <trkpt lat="31.219891011714935302734375" lon="121.38704267330467700958251953125">
        <ele>14.80000019073486328125</ele>
        <time>2026-09-01T10:26:43.000Z</time>
        <extensions>
          <ns3:TrackPointExtension>
            <ns3:hr>144</ns3:hr>
            <ns3:cad>86</ns3:cad>
          </ns3:TrackPointExtension>
        </extensions>
      </trkpt>
      <trkpt lat="31.21989059261977672576904296875" lon="121.387008391320705413818359375">
        <ele>14.6000003814697265625</ele>
        <time>2026-09-01T10:26:44.000Z</time>
        <extensions>
          <ns3:TrackPointExtension>
            <ns3:hr>144</ns3:hr>
            <ns3:cad>86</ns3:cad>
          </ns3:TrackPointExtension>
        </extensions>
      </trkpt>
      <trkpt lat="31.2198931910097599029541015625" lon="121.3869827426970005035400390625">
        <ele>14.6000003814697265625</ele>
        <time>2026-09-01T10:26:45.000Z</time>
        <extensions>
          <ns3:TrackPointExtension>
            <ns3:hr>144</ns3:hr>
            <ns3:cad>86</ns3:cad>
          </ns3:TrackPointExtension>
        </extensions>
      </trkpt>
      <trkpt lat="31.219891346991062164306640625" lon="121.3869522325694561004638671875">
        <ele>14.6000003814697265625</ele>
        <time>2026-09-01T10:26:46.000Z</time>
        <extensions>
          <ns3:TrackPointExtension>
            <ns3:hr>145</ns3:hr>
            <ns3:cad>87</ns3:cad>
          </ns3:TrackPointExtension>
        </extensions>
      </trkpt>
      <trkpt lat="31.2198923528194427490234375" lon="121.38692147098481655120849609375">
        <ele>14.6000003814697265625</ele>
        <time>2026-09-01T10:26:47.000Z</time>
        <extensions>
          <ns3:TrackPointExtension>
            <ns3:hr>144</ns3:hr>
            <ns3:cad>87</ns3:cad>
          </ns3:TrackPointExtension>
        </extensions>
      </trkpt>
      <trkpt lat="31.2198844738304615020751953125" lon="121.3868947327136993408203125">
        <ele>14.6000003814697265625</ele>
        <time>2026-09-01T10:26:48.000Z</time>
        <extensions>
          <ns3:TrackPointExtension>
            <ns3:hr>145</ns3:hr>
            <ns3:cad>86</ns3:cad>
          </ns3:TrackPointExtension>
        </extensions>
      </trkpt>
      <trkpt lat="31.219880282878875732421875" lon="121.3868664018809795379638671875">
        <ele>14.6000003814697265625</ele>
        <time>2026-09-01T10:26:49.000Z</time>
        <extensions>
          <ns3:TrackPointExtension>
            <ns3:hr>145</ns3:hr>
            <ns3:cad>86</ns3:cad>
          </ns3:TrackPointExtension>
        </extensions>
      </trkpt>
      <trkpt lat="31.21987734921276569366455078125" lon="121.3868375681340694427490234375">
        <ele>14.6000003814697265625</ele>
        <time>2026-09-01T10:26:50.000Z</time>
        <extensions>
          <ns3:TrackPointExtension>
            <ns3:hr>145</ns3:hr>
            <ns3:cad>86</ns3:cad>
          </ns3:TrackPointExtension>
        </extensions>
      </trkpt>
      <trkpt lat="31.21988740749657154083251953125" lon="121.3868087343871593475341796875">
        <ele>14.80000019073486328125</ele>
        <time>2026-09-01T10:26:51.000Z</time>
        <extensions>
          <ns3:TrackPointExtension>
            <ns3:hr>145</ns3:hr>
            <ns3:cad>87</ns3:cad>
          </ns3:TrackPointExtension>
        </extensions>
      </trkpt>
      <trkpt lat="31.21988640166819095611572265625" lon="121.38677897863090038299560546875">
        <ele>14.80000019073486328125</ele>
        <time>2026-09-01T10:26:52.000Z</time>
        <extensions>
          <ns3:TrackPointExtension>
            <ns3:hr>146</ns3:hr>
            <ns3:cad>88</ns3:cad>
          </ns3:TrackPointExtension>
        </extensions>
      </trkpt>
      <trkpt lat="31.21989025734364986419677734375" lon="121.38674930669367313385009765625">
        <ele>14.80000019073486328125</ele>
        <time>2026-09-01T10:26:53.000Z</time>
        <extensions>
          <ns3:TrackPointExtension>
            <ns3:hr>145</ns3:hr>
            <ns3:cad>88</ns3:cad>
          </ns3:TrackPointExtension>
        </extensions>
      </trkpt>
      <trkpt lat="31.21989042498171329498291015625" lon="121.3867205567657947540283203125">
        <ele>14.80000019073486328125</ele>
        <time>2026-09-01T10:26:54.000Z</time>
        <extensions>
          <ns3:TrackPointExtension>
            <ns3:hr>146</ns3:hr>
            <ns3:cad>87</ns3:cad>
          </ns3:TrackPointExtension>
        </extensions>
      </trkpt>
      <trkpt lat="31.21988522820174694061279296875" lon="121.38668945990502834320068359375">
        <ele>14.80000019073486328125</ele>
        <time>2026-09-01T10:26:55.000Z</time>
        <extensions>
          <ns3:TrackPointExtension>
            <ns3:hr>146</ns3:hr>
            <ns3:cad>86</ns3:cad>
          </ns3:TrackPointExtension>
        </extensions>
      </trkpt>
      <trkpt lat="31.21988774277269840240478515625" lon="121.38665693812072277069091796875">
        <ele>14.80000019073486328125</ele>
        <time>2026-09-01T10:26:56.000Z</time>
        <extensions>
          <ns3:TrackPointExtension>
            <ns3:hr>146</ns3:hr>
            <ns3:cad>85</ns3:cad>
          </ns3:TrackPointExtension>
        </extensions>
      </trkpt>
      <trkpt lat="31.219882629811763763427734375" lon="121.38662911020219326019287109375">
        <ele>14.80000019073486328125</ele>
        <time>2026-09-01T10:26:57.000Z</time>
        <extensions>
          <ns3:TrackPointExtension>
            <ns3:hr>145</ns3:hr>
            <ns3:cad>85</ns3:cad>
          </ns3:TrackPointExtension>
        </extensions>
      </trkpt>
      <trkpt lat="31.2198797799646854400634765625" lon="121.386597342789173126220703125">
        <ele>14.6000003814697265625</ele>
        <time>2026-09-01T10:26:58.000Z</time>
        <extensions>
          <ns3:TrackPointExtension>
            <ns3:hr>146</ns3:hr>
            <ns3:cad>85</ns3:cad>
          </ns3:TrackPointExtension>
        </extensions>
      </trkpt>
      <trkpt lat="31.21987014077603816986083984375" lon="121.38657462783157825469970703125">
        <ele>14.6000003814697265625</ele>
        <time>2026-09-01T10:26:59.000Z</time>
        <extensions>
          <ns3:TrackPointExtension>
            <ns3:hr>146</ns3:hr>
            <ns3:cad>85</ns3:cad>
          </ns3:TrackPointExtension>
        </extensions>
      </trkpt>
      <trkpt lat="31.21986259706318378448486328125" lon="121.3865421898663043975830078125">
        <ele>14.6000003814697265625</ele>
        <time>2026-09-01T10:27:00.000Z</time>
        <extensions>
          <ns3:TrackPointExtension>
            <ns3:hr>146</ns3:hr>
            <ns3:cad>85</ns3:cad>
          </ns3:TrackPointExtension>
        </extensions>
      </trkpt>
      <trkpt lat="31.21986343525350093841552734375" lon="121.38651729561388492584228515625">
        <ele>14.6000003814697265625</ele>
        <time>2026-09-01T10:27:01.000Z</time>
        <extensions>
          <ns3:TrackPointExtension>
            <ns3:hr>147</ns3:hr>
            <ns3:cad>86</ns3:cad>
          </ns3:TrackPointExtension>
        </extensions>
      </trkpt>
      <trkpt lat="31.2198613397777080535888671875" lon="121.3864892162382602691650390625">
        <ele>14.6000003814697265625</ele>
        <time>2026-09-01T10:27:02.000Z</time>
        <extensions>
          <ns3:TrackPointExtension>
            <ns3:hr>147</ns3:hr>
            <ns3:cad>86</ns3:cad>
          </ns3:TrackPointExtension>
        </extensions>
      </trkpt>
      <trkpt lat="31.219860501587390899658203125" lon="121.38646314851939678192138671875">
        <ele>14.6000003814697265625</ele>
        <time>2026-09-01T10:27:03.000Z</time>
        <extensions>
          <ns3:TrackPointExtension>
            <ns3:hr>147</ns3:hr>
            <ns3:cad>86</ns3:cad>
          </ns3:TrackPointExtension>
        </extensions>
      </trkpt>
      <trkpt lat="31.21986008249223232269287109375" lon="121.38643817044794559478759765625">
        <ele>14.6000003814697265625</ele>
        <time>2026-09-01T10:27:04.000Z</time>
        <extensions>
          <ns3:TrackPointExtension>
            <ns3:hr>147</ns3:hr>
            <ns3:cad>87</ns3:cad>
          </ns3:TrackPointExtension>
        </extensions>
      </trkpt>
      <trkpt lat="31.2198656983673572540283203125" lon="121.38640615157783031463623046875">
        <ele>14.80000019073486328125</ele>
        <time>2026-09-01T10:27:05.000Z</time>
        <extensions>
          <ns3:TrackPointExtension>
            <ns3:hr>147</ns3:hr>
            <ns3:cad>87</ns3:cad>
          </ns3:TrackPointExtension>
        </extensions>
      </trkpt>
      <trkpt lat="31.21986360289156436920166015625" lon="121.38638251461088657379150390625">
        <ele>14.6000003814697265625</ele>
        <time>2026-09-01T10:27:06.000Z</time>
        <extensions>
          <ns3:TrackPointExtension>
            <ns3:hr>147</ns3:hr>
            <ns3:cad>86</ns3:cad>
          </ns3:TrackPointExtension>
        </extensions>
      </trkpt>
      <trkpt lat="31.21986486017704010009765625" lon="121.38634764589369297027587890625">
        <ele>14.6000003814697265625</ele>
        <time>2026-09-01T10:27:07.000Z</time>
        <extensions>
          <ns3:TrackPointExtension>
            <ns3:hr>146</ns3:hr>
            <ns3:cad>86</ns3:cad>
          </ns3:TrackPointExtension>
        </extensions>
      </trkpt>
      <trkpt lat="31.21986343525350093841552734375" lon="121.3863242603838443756103515625">
        <ele>14.6000003814697265625</ele>
        <time>2026-09-01T10:27:08.000Z</time>
        <extensions>
          <ns3:TrackPointExtension>
            <ns3:hr>147</ns3:hr>
            <ns3:cad>86</ns3:cad>
          </ns3:TrackPointExtension>
        </extensions>
      </trkpt>
      <trkpt lat="31.21986192651093006134033203125" lon="121.38629232533276081085205078125">
        <ele>14.6000003814697265625</ele>
        <time>2026-09-01T10:27:09.000Z</time>
        <extensions>
          <ns3:TrackPointExtension>
            <ns3:hr>147</ns3:hr>
            <ns3:cad>86</ns3:cad>
          </ns3:TrackPointExtension>
        </extensions>
      </trkpt>
      <trkpt lat="31.21986293233931064605712890625" lon="121.3862644135951995849609375">
        <ele>14.6000003814697265625</ele>
        <time>2026-09-01T10:27:10.000Z</time>
        <extensions>
          <ns3:TrackPointExtension>
            <ns3:hr>147</ns3:hr>
            <ns3:cad>87</ns3:cad>
          </ns3:TrackPointExtension>
        </extensions>
      </trkpt>
      <trkpt lat="31.2198574841022491455078125" lon="121.38623817823827266693115234375">
        <ele>14.6000003814697265625</ele>
        <time>2026-09-01T10:27:11.000Z</time>
        <extensions>
          <ns3:TrackPointExtension>
            <ns3:hr>147</ns3:hr>
            <ns3:cad>87</ns3:cad>
          </ns3:TrackPointExtension>
        </extensions>
      </trkpt>
      <trkpt lat="31.2198569811880588531494140625" lon="121.38620666228234767913818359375">
        <ele>14.6000003814697265625</ele>
        <time>2026-09-01T10:27:12.000Z</time>
        <extensions>
          <ns3:TrackPointExtension>
            <ns3:hr>147</ns3:hr>
            <ns3:cad>86</ns3:cad>
          </ns3:TrackPointExtension>
        </extensions>
      </trkpt>
      <trkpt lat="31.21985488571226596832275390625" lon="121.38617699034512042999267578125">
        <ele>14.6000003814697265625</ele>
        <time>2026-09-01T10:27:13.000Z</time>
        <extensions>
          <ns3:TrackPointExtension>
            <ns3:hr>147</ns3:hr>
            <ns3:cad>86</ns3:cad>
          </ns3:TrackPointExtension>
        </extensions>
      </trkpt>
      <trkpt lat="31.21985522098839282989501953125" lon="121.38614513911306858062744140625">
        <ele>14.6000003814697265625</ele>
        <time>2026-09-01T10:27:14.000Z</time>
        <extensions>
          <ns3:TrackPointExtension>
            <ns3:hr>147</ns3:hr>
            <ns3:cad>86</ns3:cad>
          </ns3:TrackPointExtension>
        </extensions>
      </trkpt>
      <trkpt lat="31.21985136531293392181396484375" lon="121.38612435199320316314697265625">
        <ele>14.6000003814697265625</ele>
        <time>2026-09-01T10:27:15.000Z</time>
        <extensions>
          <ns3:TrackPointExtension>
            <ns3:hr>146</ns3:hr>
            <ns3:cad>86</ns3:cad>
          </ns3:TrackPointExtension>
        </extensions>
      </trkpt>
      <trkpt lat="31.21984717436134815216064453125" lon="121.3860962726175785064697265625">
        <ele>14.6000003814697265625</ele>
        <time>2026-09-01T10:27:16.000Z</time>
        <extensions>
          <ns3:TrackPointExtension>
            <ns3:hr>146</ns3:hr>
            <ns3:cad>87</ns3:cad>
          </ns3:TrackPointExtension>
        </extensions>
      </trkpt>
      <trkpt lat="31.219844408333301544189453125" lon="121.38607062399387359619140625">
        <ele>14.80000019073486328125</ele>
        <time>2026-09-01T10:27:17.000Z</time>
        <extensions>
          <ns3:TrackPointExtension>
            <ns3:hr>146</ns3:hr>
            <ns3:cad>88</ns3:cad>
          </ns3:TrackPointExtension>
        </extensions>
      </trkpt>
      <trkpt lat="31.2198408879339694976806640625" lon="121.3860409520566463470458984375">
        <ele>14.80000019073486328125</ele>
        <time>2026-09-01T10:27:18.000Z</time>
        <extensions>
          <ns3:TrackPointExtension>
            <ns3:hr>146</ns3:hr>
            <ns3:cad>88</ns3:cad>
          </ns3:TrackPointExtension>
        </extensions>
      </trkpt>
      <trkpt lat="31.21984851546585559844970703125" lon="121.38600826263427734375">
        <ele>14.6000003814697265625</ele>
        <time>2026-09-01T10:27:19.000Z</time>
        <extensions>
          <ns3:TrackPointExtension>
            <ns3:hr>145</ns3:hr>
            <ns3:cad>86</ns3:cad>
          </ns3:TrackPointExtension>
        </extensions>
      </trkpt>
      <trkpt lat="31.21985035948455333709716796875" lon="121.385981775820255279541015625">
        <ele>14.6000003814697265625</ele>
        <time>2026-09-01T10:27:20.000Z</time>
        <extensions>
          <ns3:TrackPointExtension>
            <ns3:hr>145</ns3:hr>
            <ns3:cad>86</ns3:cad>
          </ns3:TrackPointExtension>
        </extensions>
      </trkpt>
      <trkpt lat="31.21985237114131450653076171875" lon="121.38594849966466426849365234375">
        <ele>14.6000003814697265625</ele>
        <time>2026-09-01T10:27:21.000Z</time>
        <extensions>
          <ns3:TrackPointExtension>
            <ns3:hr>145</ns3:hr>
            <ns3:cad>86</ns3:cad>
          </ns3:TrackPointExtension>
        </extensions>
      </trkpt>
      <trkpt lat="31.219855137169361114501953125" lon="121.38592234812676906585693359375">
        <ele>14.6000003814697265625</ele>
        <time>2026-09-01T10:27:22.000Z</time>
        <extensions>
          <ns3:TrackPointExtension>
            <ns3:hr>145</ns3:hr>
            <ns3:cad>86</ns3:cad>
          </ns3:TrackPointExtension>
        </extensions>
      </trkpt>
      <trkpt lat="31.21985471807420253753662109375" lon="121.38589267618954181671142578125">
        <ele>14.80000019073486328125</ele>
        <time>2026-09-01T10:27:23.000Z</time>
        <extensions>
          <ns3:TrackPointExtension>
            <ns3:hr>144</ns3:hr>
            <ns3:cad>87</ns3:cad>
          </ns3:TrackPointExtension>
        </extensions>
      </trkpt>
      <trkpt lat="31.219853125512599945068359375" lon="121.3858639262616634368896484375">
        <ele>14.80000019073486328125</ele>
        <time>2026-09-01T10:27:24.000Z</time>
        <extensions>
          <ns3:TrackPointExtension>
            <ns3:hr>144</ns3:hr>
            <ns3:cad>87</ns3:cad>
          </ns3:TrackPointExtension>
        </extensions>
      </trkpt>
      <trkpt lat="31.21985589154064655303955078125" lon="121.3858283869922161102294921875">
        <ele>14.80000019073486328125</ele>
        <time>2026-09-01T10:27:25.000Z</time>
        <extensions>
          <ns3:TrackPointExtension>
            <ns3:hr>144</ns3:hr>
            <ns3:cad>86</ns3:cad>
          </ns3:TrackPointExtension>
        </extensions>
      </trkpt>
      <trkpt lat="31.2198553048074245452880859375" lon="121.3858015649020671844482421875">
        <ele>14.80000019073486328125</ele>
        <time>2026-09-01T10:27:26.000Z</time>
        <extensions>
          <ns3:TrackPointExtension>
            <ns3:hr>144</ns3:hr>
            <ns3:cad>86</ns3:cad>
          </ns3:TrackPointExtension>
        </extensions>
      </trkpt>
      <trkpt lat="31.21985404752194881439208984375" lon="121.38577214442193508148193359375">
        <ele>14.80000019073486328125</ele>
        <time>2026-09-01T10:27:27.000Z</time>
        <extensions>
          <ns3:TrackPointExtension>
            <ns3:hr>144</ns3:hr>
            <ns3:cad>86</ns3:cad>
          </ns3:TrackPointExtension>
        </extensions>
      </trkpt>
      <trkpt lat="31.2198522873222827911376953125" lon="121.38574146665632724761962890625">
        <ele>14.80000019073486328125</ele>
        <time>2026-09-01T10:27:28.000Z</time>
        <extensions>
          <ns3:TrackPointExtension>
            <ns3:hr>144</ns3:hr>
            <ns3:cad>87</ns3:cad>
          </ns3:TrackPointExtension>
        </extensions>
      </trkpt>
      <trkpt lat="31.21984801255166530609130859375" lon="121.3857140578329563140869140625">
        <ele>14.80000019073486328125</ele>
        <time>2026-09-01T10:27:29.000Z</time>
        <extensions>
          <ns3:TrackPointExtension>
            <ns3:hr>145</ns3:hr>
            <ns3:cad>87</ns3:cad>
          </ns3:TrackPointExtension>
        </extensions>
      </trkpt>
      <trkpt lat="31.21985153295099735260009765625" lon="121.3856879062950611114501953125">
        <ele>14.80000019073486328125</ele>
        <time>2026-09-01T10:27:30.000Z</time>
        <extensions>
          <ns3:TrackPointExtension>
            <ns3:hr>144</ns3:hr>
            <ns3:cad>87</ns3:cad>
          </ns3:TrackPointExtension>
        </extensions>
      </trkpt>
      <trkpt lat="31.219848431646823883056640625" lon="121.3856617547571659088134765625">
        <ele>14.80000019073486328125</ele>
        <time>2026-09-01T10:27:31.000Z</time>
        <extensions>
          <ns3:TrackPointExtension>
            <ns3:hr>145</ns3:hr>
            <ns3:cad>86</ns3:cad>
          </ns3:TrackPointExtension>
        </extensions>
      </trkpt>
      <trkpt lat="31.2198439054191112518310546875" lon="121.3856287300586700439453125">
        <ele>14.80000019073486328125</ele>
        <time>2026-09-01T10:27:32.000Z</time>
        <extensions>
          <ns3:TrackPointExtension>
            <ns3:hr>145</ns3:hr>
            <ns3:cad>86</ns3:cad>
          </ns3:TrackPointExtension>
        </extensions>
      </trkpt>
      <trkpt lat="31.21983979828655719757080078125" lon="121.38560299761593341827392578125">
        <ele>14.80000019073486328125</ele>
        <time>2026-09-01T10:27:33.000Z</time>
        <extensions>
          <ns3:TrackPointExtension>
            <ns3:hr>144</ns3:hr>
            <ns3:cad>86</ns3:cad>
          </ns3:TrackPointExtension>
        </extensions>
      </trkpt>
      <trkpt lat="31.21982689015567302703857421875" lon="121.3855826295912265777587890625">
        <ele>14.80000019073486328125</ele>
        <time>2026-09-01T10:27:34.000Z</time>
        <extensions>
          <ns3:TrackPointExtension>
            <ns3:hr>144</ns3:hr>
            <ns3:cad>86</ns3:cad>
          </ns3:TrackPointExtension>
        </extensions>
      </trkpt>
      <trkpt lat="31.219811551272869110107421875" lon="121.38556662015616893768310546875">
        <ele>14.80000019073486328125</ele>
        <time>2026-09-01T10:27:35.000Z</time>
        <extensions>
          <ns3:TrackPointExtension>
            <ns3:hr>144</ns3:hr>
            <ns3:cad>86</ns3:cad>
          </ns3:TrackPointExtension>
        </extensions>
      </trkpt>
      <trkpt lat="31.21979922987520694732666015625" lon="121.38554801233112812042236328125">
        <ele>14.80000019073486328125</ele>
        <time>2026-09-01T10:27:36.000Z</time>
        <extensions>
          <ns3:TrackPointExtension>
            <ns3:hr>143</ns3:hr>
            <ns3:cad>85</ns3:cad>
          </ns3:TrackPointExtension>
        </extensions>
      </trkpt>
      <trkpt lat="31.21978565119206905364990234375" lon="121.3855195976793766021728515625">
        <ele>14.80000019073486328125</ele>
        <time>2026-09-01T10:27:37.000Z</time>
        <extensions>
          <ns3:TrackPointExtension>
            <ns3:hr>144</ns3:hr>
            <ns3:cad>84</ns3:cad>
          </ns3:TrackPointExtension>
        </extensions>
      </trkpt>
      <trkpt lat="31.21976654045283794403076171875" lon="121.3854994811117649078369140625">
        <ele>14.80000019073486328125</ele>
        <time>2026-09-01T10:27:38.000Z</time>
        <extensions>
          <ns3:TrackPointExtension>
            <ns3:hr>145</ns3:hr>
            <ns3:cad>84</ns3:cad>
          </ns3:TrackPointExtension>
        </extensions>
      </trkpt>
      <trkpt lat="31.21974022127687931060791015625" lon="121.38548967428505420684814453125">
        <ele>14.80000019073486328125</ele>
        <time>2026-09-01T10:27:39.000Z</time>
        <extensions>
          <ns3:TrackPointExtension>
            <ns3:hr>145</ns3:hr>
            <ns3:cad>84</ns3:cad>
          </ns3:TrackPointExtension>
        </extensions>
      </trkpt>
      <trkpt lat="31.21971155516803264617919921875" lon="121.38548447750508785247802734375">
        <ele>14.6000003814697265625</ele>
        <time>2026-09-01T10:27:40.000Z</time>
        <extensions>
          <ns3:TrackPointExtension>
            <ns3:hr>145</ns3:hr>
            <ns3:cad>84</ns3:cad>
          </ns3:TrackPointExtension>
        </extensions>
      </trkpt>
      <trkpt lat="31.2196900136768817901611328125" lon="121.38548632152378559112548828125">
        <ele>14.3999996185302734375</ele>
        <time>2026-09-01T10:27:41.000Z</time>
        <extensions>
          <ns3:TrackPointExtension>
            <ns3:hr>144</ns3:hr>
            <ns3:cad>85</ns3:cad>
          </ns3:TrackPointExtension>
        </extensions>
      </trkpt>
      <trkpt lat="31.21966545470058917999267578125" lon="121.385489590466022491455078125">
        <ele>14.3999996185302734375</ele>
        <time>2026-09-01T10:27:42.000Z</time>
        <extensions>
          <ns3:TrackPointExtension>
            <ns3:hr>144</ns3:hr>
            <ns3:cad>85</ns3:cad>
          </ns3:TrackPointExtension>
        </extensions>
      </trkpt>
      <trkpt lat="31.219643913209438323974609375" lon="121.385492943227291107177734375">
        <ele>14.3999996185302734375</ele>
        <time>2026-09-01T10:27:43.000Z</time>
        <extensions>
          <ns3:TrackPointExtension>
            <ns3:hr>144</ns3:hr>
            <ns3:cad>85</ns3:cad>
          </ns3:TrackPointExtension>
        </extensions>
      </trkpt>
      <trkpt lat="31.21961675584316253662109375" lon="121.38549118302762508392333984375">
        <ele>14.3999996185302734375</ele>
        <time>2026-09-01T10:27:44.000Z</time>
        <extensions>
          <ns3:TrackPointExtension>
            <ns3:hr>144</ns3:hr>
            <ns3:cad>86</ns3:cad>
          </ns3:TrackPointExtension>
        </extensions>
      </trkpt>
      <trkpt lat="31.2195973098278045654296875" lon="121.38548799790441989898681640625">
        <ele>14.3999996185302734375</ele>
        <time>2026-09-01T10:27:45.000Z</time>
        <extensions>
          <ns3:TrackPointExtension>
            <ns3:hr>144</ns3:hr>
            <ns3:cad>86</ns3:cad>
          </ns3:TrackPointExtension>
        </extensions>
      </trkpt>
      <trkpt lat="31.219570152461528778076171875" lon="121.38548414222896099090576171875">
        <ele>14.3999996185302734375</ele>
        <time>2026-09-01T10:27:46.000Z</time>
        <extensions>
          <ns3:TrackPointExtension>
            <ns3:hr>144</ns3:hr>
            <ns3:cad>86</ns3:cad>
          </ns3:TrackPointExtension>
        </extensions>
      </trkpt>
      <trkpt lat="31.21955011971294879913330078125" lon="121.38548078946769237518310546875">
        <ele>14.3999996185302734375</ele>
        <time>2026-09-01T10:27:47.000Z</time>
        <extensions>
          <ns3:TrackPointExtension>
            <ns3:hr>144</ns3:hr>
            <ns3:cad>87</ns3:cad>
          </ns3:TrackPointExtension>
        </extensions>
      </trkpt>
      <trkpt lat="31.2195297516882419586181640625" lon="121.3854785263538360595703125">
        <ele>14.3999996185302734375</ele>
        <time>2026-09-01T10:27:48.000Z</time>
        <extensions>
          <ns3:TrackPointExtension>
            <ns3:hr>144</ns3:hr>
            <ns3:cad>87</ns3:cad>
          </ns3:TrackPointExtension>
        </extensions>
      </trkpt>
      <trkpt lat="31.2195066176354885101318359375" lon="121.38547425158321857452392578125">
        <ele>14.3999996185302734375</ele>
        <time>2026-09-01T10:27:49.000Z</time>
        <extensions>
          <ns3:TrackPointExtension>
            <ns3:hr>144</ns3:hr>
            <ns3:cad>87</ns3:cad>
          </ns3:TrackPointExtension>
        </extensions>
      </trkpt>
      <trkpt lat="31.2194851599633693695068359375" lon="121.38547458685934543609619140625">
        <ele>14.3999996185302734375</ele>
        <time>2026-09-01T10:27:50.000Z</time>
        <extensions>
          <ns3:TrackPointExtension>
            <ns3:hr>144</ns3:hr>
            <ns3:cad>87</ns3:cad>
          </ns3:TrackPointExtension>
        </extensions>
      </trkpt>
      <trkpt lat="31.21945758350193500518798828125" lon="121.38547022826969623565673828125">
        <ele>14.3999996185302734375</ele>
        <time>2026-09-01T10:27:51.000Z</time>
        <extensions>
          <ns3:TrackPointExtension>
            <ns3:hr>144</ns3:hr>
            <ns3:cad>87</ns3:cad>
          </ns3:TrackPointExtension>
        </extensions>
      </trkpt>
      <trkpt lat="31.21943679638206958770751953125" lon="121.3854760117828845977783203125">
        <ele>14.3999996185302734375</ele>
        <time>2026-09-01T10:27:52.000Z</time>
        <extensions>
          <ns3:TrackPointExtension>
            <ns3:hr>144</ns3:hr>
            <ns3:cad>87</ns3:cad>
          </ns3:TrackPointExtension>
        </extensions>
      </trkpt>
      <trkpt lat="31.21941198594868183135986328125" lon="121.385476849973201751708984375">
        <ele>14.3999996185302734375</ele>
        <time>2026-09-01T10:27:53.000Z</time>
        <extensions>
          <ns3:TrackPointExtension>
            <ns3:hr>144</ns3:hr>
            <ns3:cad>88</ns3:cad>
          </ns3:TrackPointExtension>
        </extensions>
      </trkpt>
      <trkpt lat="31.219387762248516082763671875" lon="121.3854783587157726287841796875">
        <ele>14.3999996185302734375</ele>
        <time>2026-09-01T10:27:54.000Z</time>
        <extensions>
          <ns3:TrackPointExtension>
            <ns3:hr>145</ns3:hr>
            <ns3:cad>88</ns3:cad>
          </ns3:TrackPointExtension>
        </extensions>
      </trkpt>
      <trkpt lat="31.21935817413032054901123046875" lon="121.3854740001261234283447265625">
        <ele>14.3999996185302734375</ele>
        <time>2026-09-01T10:27:55.000Z</time>
        <extensions>
          <ns3:TrackPointExtension>
            <ns3:hr>145</ns3:hr>
            <ns3:cad>88</ns3:cad>
          </ns3:TrackPointExtension>
        </extensions>
      </trkpt>
      <trkpt lat="31.21933554299175739288330078125" lon="121.38547324575483798980712890625">
        <ele>14.3999996185302734375</ele>
        <time>2026-09-01T10:27:56.000Z</time>
        <extensions>
          <ns3:TrackPointExtension>
            <ns3:hr>145</ns3:hr>
            <ns3:cad>87</ns3:cad>
          </ns3:TrackPointExtension>
        </extensions>
      </trkpt>
      <trkpt lat="31.21931341476738452911376953125" lon="121.385471820831298828125">
        <ele>14.3999996185302734375</ele>
        <time>2026-09-01T10:27:57.000Z</time>
        <extensions>
          <ns3:TrackPointExtension>
            <ns3:hr>145</ns3:hr>
            <ns3:cad>87</ns3:cad>
          </ns3:TrackPointExtension>
        </extensions>
      </trkpt>
      <trkpt lat="31.21929564513266086578369140625" lon="121.38546846807003021240234375">
        <ele>14.3999996185302734375</ele>
        <time>2026-09-01T10:27:58.000Z</time>
        <extensions>
          <ns3:TrackPointExtension>
            <ns3:hr>145</ns3:hr>
            <ns3:cad>87</ns3:cad>
          </ns3:TrackPointExtension>
        </extensions>
      </trkpt>
      <trkpt lat="31.21927368454635143280029296875" lon="121.385470815002918243408203125">
        <ele>14.3999996185302734375</ele>
        <time>2026-09-01T10:27:59.000Z</time>
        <extensions>
          <ns3:TrackPointExtension>
            <ns3:hr>145</ns3:hr>
            <ns3:cad>87</ns3:cad>
          </ns3:TrackPointExtension>
        </extensions>
      </trkpt>
      <trkpt lat="31.21924770064651966094970703125" lon="121.38546989299356937408447265625">
        <ele>14.3999996185302734375</ele>
        <time>2026-09-01T10:28:00.000Z</time>
        <extensions>
          <ns3:TrackPointExtension>
            <ns3:hr>145</ns3:hr>
            <ns3:cad>87</ns3:cad>
          </ns3:TrackPointExtension>
        </extensions>
      </trkpt>
      <trkpt lat="31.21922557242214679718017578125" lon="121.3854676298797130584716796875">
        <ele>14.3999996185302734375</ele>
        <time>2026-09-01T10:28:01.000Z</time>
        <extensions>
          <ns3:TrackPointExtension>
            <ns3:hr>145</ns3:hr>
            <ns3:cad>87</ns3:cad>
          </ns3:TrackPointExtension>
        </extensions>
      </trkpt>
      <trkpt lat="31.2191981635987758636474609375" lon="121.38546578586101531982421875">
        <ele>14.3999996185302734375</ele>
        <time>2026-09-01T10:28:02.000Z</time>
        <extensions>
          <ns3:TrackPointExtension>
            <ns3:hr>146</ns3:hr>
            <ns3:cad>87</ns3:cad>
          </ns3:TrackPointExtension>
        </extensions>
      </trkpt>
      <trkpt lat="31.219174861907958984375" lon="121.3854679651558399200439453125">
        <ele>14.3999996185302734375</ele>
        <time>2026-09-01T10:28:03.000Z</time>
        <extensions>
          <ns3:TrackPointExtension>
            <ns3:hr>146</ns3:hr>
            <ns3:cad>87</ns3:cad>
          </ns3:TrackPointExtension>
        </extensions>
      </trkpt>
      <trkpt lat="31.21914912946522235870361328125" lon="121.38545799069106578826904296875">
        <ele>14.3999996185302734375</ele>
        <time>2026-09-01T10:28:04.000Z</time>
        <extensions>
          <ns3:TrackPointExtension>
            <ns3:hr>146</ns3:hr>
            <ns3:cad>86</ns3:cad>
          </ns3:TrackPointExtension>
        </extensions>
      </trkpt>
      <trkpt lat="31.2191290967166423797607421875" lon="121.3854538835585117340087890625">
        <ele>14.6000003814697265625</ele>
        <time>2026-09-01T10:28:05.000Z</time>
        <extensions>
          <ns3:TrackPointExtension>
            <ns3:hr>146</ns3:hr>
            <ns3:cad>87</ns3:cad>
          </ns3:TrackPointExtension>
        </extensions>
      </trkpt>
      <trkpt lat="31.21910152025520801544189453125" lon="121.38544977642595767974853515625">
        <ele>14.3999996185302734375</ele>
        <time>2026-09-01T10:28:06.000Z</time>
        <extensions>
          <ns3:TrackPointExtension>
            <ns3:hr>146</ns3:hr>
            <ns3:cad>88</ns3:cad>
          </ns3:TrackPointExtension>
        </extensions>
      </trkpt>
      <trkpt lat="31.21907754801213741302490234375" lon="121.3854455016553401947021484375">
        <ele>14.3999996185302734375</ele>
        <time>2026-09-01T10:28:07.000Z</time>
        <extensions>
          <ns3:TrackPointExtension>
            <ns3:hr>146</ns3:hr>
            <ns3:cad>88</ns3:cad>
          </ns3:TrackPointExtension>
        </extensions>
      </trkpt>
      <trkpt lat="31.2190528213977813720703125" lon="121.3854421488940715789794921875">
        <ele>14.3999996185302734375</ele>
        <time>2026-09-01T10:28:08.000Z</time>
        <extensions>
          <ns3:TrackPointExtension>
            <ns3:hr>146</ns3:hr>
            <ns3:cad>88</ns3:cad>
          </ns3:TrackPointExtension>
        </extensions>
      </trkpt>
      <trkpt lat="31.21902759186923503875732421875" lon="121.385435275733470916748046875">
        <ele>14.3999996185302734375</ele>
        <time>2026-09-01T10:28:09.000Z</time>
        <extensions>
          <ns3:TrackPointExtension>
            <ns3:hr>146</ns3:hr>
            <ns3:cad>87</ns3:cad>
          </ns3:TrackPointExtension>
        </extensions>
      </trkpt>
      <trkpt lat="31.2189991772174835205078125" lon="121.38543519191443920135498046875">
        <ele>14.3999996185302734375</ele>
        <time>2026-09-01T10:28:10.000Z</time>
        <extensions>
          <ns3:TrackPointExtension>
            <ns3:hr>146</ns3:hr>
            <ns3:cad>87</ns3:cad>
          </ns3:TrackPointExtension>
        </extensions>
      </trkpt>
      <trkpt lat="31.21896489523351192474365234375" lon="121.38542664237320423126220703125">
        <ele>14.3999996185302734375</ele>
        <time>2026-09-01T10:28:11.000Z</time>
        <extensions>
          <ns3:TrackPointExtension>
            <ns3:hr>146</ns3:hr>
            <ns3:cad>87</ns3:cad>
          </ns3:TrackPointExtension>
        </extensions>
      </trkpt>
      <trkpt lat="31.218943856656551361083984375" lon="121.385421864688396453857421875">
        <ele>14.3999996185302734375</ele>
        <time>2026-09-01T10:28:12.000Z</time>
        <extensions>
          <ns3:TrackPointExtension>
            <ns3:hr>145</ns3:hr>
            <ns3:cad>88</ns3:cad>
          </ns3:TrackPointExtension>
        </extensions>
      </trkpt>
      <trkpt lat="31.218917034566402435302734375" lon="121.38540870510041713714599609375">
        <ele>14.3999996185302734375</ele>
        <time>2026-09-01T10:28:13.000Z</time>
        <extensions>
          <ns3:TrackPointExtension>
            <ns3:hr>146</ns3:hr>
            <ns3:cad>88</ns3:cad>
          </ns3:TrackPointExtension>
        </extensions>
      </trkpt>
      <trkpt lat="31.21890328824520111083984375" lon="121.3854049332439899444580078125">
        <ele>14.3999996185302734375</ele>
        <time>2026-09-01T10:28:14.000Z</time>
        <extensions>
          <ns3:TrackPointExtension>
            <ns3:hr>146</ns3:hr>
            <ns3:cad>88</ns3:cad>
          </ns3:TrackPointExtension>
        </extensions>
      </trkpt>
      <trkpt lat="31.2188766337931156158447265625" lon="121.38539738953113555908203125">
        <ele>14.3999996185302734375</ele>
        <time>2026-09-01T10:28:15.000Z</time>
        <extensions>
          <ns3:TrackPointExtension>
            <ns3:hr>146</ns3:hr>
            <ns3:cad>87</ns3:cad>
          </ns3:TrackPointExtension>
        </extensions>
      </trkpt>
      <trkpt lat="31.218847297132015228271484375" lon="121.385388337075710296630859375">
        <ele>14.3999996185302734375</ele>
        <time>2026-09-01T10:28:16.000Z</time>
        <extensions>
          <ns3:TrackPointExtension>
            <ns3:hr>146</ns3:hr>
            <ns3:cad>86</ns3:cad>
          </ns3:TrackPointExtension>
        </extensions>
      </trkpt>
      <trkpt lat="31.21882709674537181854248046875" lon="121.385384313762187957763671875">
        <ele>14.19999980926513671875</ele>
        <time>2026-09-01T10:28:17.000Z</time>
        <extensions>
          <ns3:TrackPointExtension>
            <ns3:hr>146</ns3:hr>
            <ns3:cad>86</ns3:cad>
          </ns3:TrackPointExtension>
        </extensions>
      </trkpt>
      <trkpt lat="31.2188038788735866546630859375" lon="121.385372914373874664306640625">
        <ele>14.19999980926513671875</ele>
        <time>2026-09-01T10:28:18.000Z</time>
        <extensions>
          <ns3:TrackPointExtension>
            <ns3:hr>146</ns3:hr>
            <ns3:cad>88</ns3:cad>
          </ns3:TrackPointExtension>
        </extensions>
      </trkpt>
      <trkpt lat="31.21878325939178466796875" lon="121.3853650353848934173583984375">
        <ele>14.3999996185302734375</ele>
        <time>2026-09-01T10:28:19.000Z</time>
        <extensions>
          <ns3:TrackPointExtension>
            <ns3:hr>147</ns3:hr>
            <ns3:cad>88</ns3:cad>
          </ns3:TrackPointExtension>
        </extensions>
      </trkpt>
      <trkpt lat="31.218763478100299835205078125" lon="121.38534785248339176177978515625">
        <ele>14.3999996185302734375</ele>
        <time>2026-09-01T10:28:20.000Z</time>
        <extensions>
          <ns3:TrackPointExtension>
            <ns3:hr>147</ns3:hr>
            <ns3:cad>88</ns3:cad>
          </ns3:TrackPointExtension>
        </extensions>
      </trkpt>
      <trkpt lat="31.21874361298978328704833984375" lon="121.38533930294215679168701171875">
        <ele>14.3999996185302734375</ele>
        <time>2026-09-01T10:28:21.000Z</time>
        <extensions>
          <ns3:TrackPointExtension>
            <ns3:hr>147</ns3:hr>
            <ns3:cad>87</ns3:cad>
          </ns3:TrackPointExtension>
        </extensions>
      </trkpt>
      <trkpt lat="31.21871612034738063812255859375" lon="121.38532371260225772857666015625">
        <ele>14.6000003814697265625</ele>
        <time>2026-09-01T10:28:22.000Z</time>
        <extensions>
          <ns3:TrackPointExtension>
            <ns3:hr>147</ns3:hr>
            <ns3:cad>87</ns3:cad>
          </ns3:TrackPointExtension>
        </extensions>
      </trkpt>
      <trkpt lat="31.2186939083039760589599609375" lon="121.385309882462024688720703125">
        <ele>14.6000003814697265625</ele>
        <time>2026-09-01T10:28:23.000Z</time>
        <extensions>
          <ns3:TrackPointExtension>
            <ns3:hr>147</ns3:hr>
            <ns3:cad>87</ns3:cad>
          </ns3:TrackPointExtension>
        </extensions>
      </trkpt>
      <trkpt lat="31.21867236681282520294189453125" lon="121.3852989859879016876220703125">
        <ele>14.6000003814697265625</ele>
        <time>2026-09-01T10:28:24.000Z</time>
        <extensions>
          <ns3:TrackPointExtension>
            <ns3:hr>146</ns3:hr>
            <ns3:cad>87</ns3:cad>
          </ns3:TrackPointExtension>
        </extensions>
      </trkpt>
      <trkpt lat="31.21865241788327693939208984375" lon="121.38528767041862010955810546875">
        <ele>14.6000003814697265625</ele>
        <time>2026-09-01T10:28:25.000Z</time>
        <extensions>
          <ns3:TrackPointExtension>
            <ns3:hr>146</ns3:hr>
            <ns3:cad>87</ns3:cad>
          </ns3:TrackPointExtension>
        </extensions>
      </trkpt>
      <trkpt lat="31.21862291358411312103271484375" lon="121.3852746784687042236328125">
        <ele>14.6000003814697265625</ele>
        <time>2026-09-01T10:28:26.000Z</time>
        <extensions>
          <ns3:TrackPointExtension>
            <ns3:hr>146</ns3:hr>
            <ns3:cad>87</ns3:cad>
          </ns3:TrackPointExtension>
        </extensions>
      </trkpt>
      <trkpt lat="31.21860690414905548095703125" lon="121.3852590881288051605224609375">
        <ele>14.6000003814697265625</ele>
        <time>2026-09-01T10:28:27.000Z</time>
        <extensions>
          <ns3:TrackPointExtension>
            <ns3:hr>146</ns3:hr>
            <ns3:cad>87</ns3:cad>
          </ns3:TrackPointExtension>
        </extensions>
      </trkpt>
      <trkpt lat="31.218581758439540863037109375" lon="121.38525028713047504425048828125">
        <ele>14.6000003814697265625</ele>
        <time>2026-09-01T10:28:28.000Z</time>
        <extensions>
          <ns3:TrackPointExtension>
            <ns3:hr>146</ns3:hr>
            <ns3:cad>86</ns3:cad>
          </ns3:TrackPointExtension>
        </extensions>
      </trkpt>
      <trkpt lat="31.21855652891099452972412109375" lon="121.385237462818622589111328125">
        <ele>14.6000003814697265625</ele>
        <time>2026-09-01T10:28:29.000Z</time>
        <extensions>
          <ns3:TrackPointExtension>
            <ns3:hr>146</ns3:hr>
            <ns3:cad>86</ns3:cad>
          </ns3:TrackPointExtension>
        </extensions>
      </trkpt>
      <trkpt lat="31.218529455363750457763671875" lon="121.385224722325801849365234375">
        <ele>14.6000003814697265625</ele>
        <time>2026-09-01T10:28:30.000Z</time>
        <extensions>
          <ns3:TrackPointExtension>
            <ns3:hr>146</ns3:hr>
            <ns3:cad>86</ns3:cad>
          </ns3:TrackPointExtension>
        </extensions>
      </trkpt>
      <trkpt lat="31.21850095689296722412109375" lon="121.38521776534616947174072265625">
        <ele>14.6000003814697265625</ele>
        <time>2026-09-01T10:28:31.000Z</time>
        <extensions>
          <ns3:TrackPointExtension>
            <ns3:hr>146</ns3:hr>
            <ns3:cad>88</ns3:cad>
          </ns3:TrackPointExtension>
        </extensions>
      </trkpt>
      <trkpt lat="31.2184722907841205596923828125" lon="121.385210640728473663330078125">
        <ele>14.6000003814697265625</ele>
        <time>2026-09-01T10:28:32.000Z</time>
        <extensions>
          <ns3:TrackPointExtension>
            <ns3:hr>145</ns3:hr>
            <ns3:cad>88</ns3:cad>
          </ns3:TrackPointExtension>
        </extensions>
      </trkpt>
      <trkpt lat="31.21844119392335414886474609375" lon="121.3851984031498432159423828125">
        <ele>14.3999996185302734375</ele>
        <time>2026-09-01T10:28:33.000Z</time>
        <extensions>
          <ns3:TrackPointExtension>
            <ns3:hr>146</ns3:hr>
            <ns3:cad>87</ns3:cad>
          </ns3:TrackPointExtension>
        </extensions>
      </trkpt>
      <trkpt lat="31.218418814241886138916015625" lon="121.3851821422576904296875">
        <ele>14.3999996185302734375</ele>
        <time>2026-09-01T10:28:34.000Z</time>
        <extensions>
          <ns3:TrackPointExtension>
            <ns3:hr>146</ns3:hr>
            <ns3:cad>87</ns3:cad>
          </ns3:TrackPointExtension>
        </extensions>
      </trkpt>
      <trkpt lat="31.21839827857911586761474609375" lon="121.38516110368072986602783203125">
        <ele>14.3999996185302734375</ele>
        <time>2026-09-01T10:28:35.000Z</time>
        <extensions>
          <ns3:TrackPointExtension>
            <ns3:hr>146</ns3:hr>
            <ns3:cad>86</ns3:cad>
          </ns3:TrackPointExtension>
        </extensions>
      </trkpt>
      <trkpt lat="31.218383945524692535400390625" lon="121.38514786027371883392333984375">
        <ele>14.3999996185302734375</ele>
        <time>2026-09-01T10:28:36.000Z</time>
        <extensions>
          <ns3:TrackPointExtension>
            <ns3:hr>145</ns3:hr>
            <ns3:cad>86</ns3:cad>
          </ns3:TrackPointExtension>
        </extensions>
      </trkpt>
      <trkpt lat="31.2183603085577487945556640625" lon="121.38512891717255115509033203125">
        <ele>14.3999996185302734375</ele>
        <time>2026-09-01T10:28:37.000Z</time>
        <extensions>
          <ns3:TrackPointExtension>
            <ns3:hr>146</ns3:hr>
            <ns3:cad>88</ns3:cad>
          </ns3:TrackPointExtension>
        </extensions>
      </trkpt>
      <trkpt lat="31.21834279038012027740478515625" lon="121.38511232100427150726318359375">
        <ele>14.6000003814697265625</ele>
        <time>2026-09-01T10:28:38.000Z</time>
        <extensions>
          <ns3:TrackPointExtension>
            <ns3:hr>146</ns3:hr>
            <ns3:cad>88</ns3:cad>
          </ns3:TrackPointExtension>
        </extensions>
      </trkpt>
      <trkpt lat="31.2183197401463985443115234375" lon="121.38510293327271938323974609375">
        <ele>14.6000003814697265625</ele>
        <time>2026-09-01T10:28:39.000Z</time>
        <extensions>
          <ns3:TrackPointExtension>
            <ns3:hr>146</ns3:hr>
            <ns3:cad>87</ns3:cad>
          </ns3:TrackPointExtension>
        </extensions>
      </trkpt>
      <trkpt lat="31.21829819865524768829345703125" lon="121.38509069569408893585205078125">
        <ele>14.3999996185302734375</ele>
        <time>2026-09-01T10:28:40.000Z</time>
        <extensions>
          <ns3:TrackPointExtension>
            <ns3:hr>146</ns3:hr>
            <ns3:cad>87</ns3:cad>
          </ns3:TrackPointExtension>
        </extensions>
      </trkpt>
      <trkpt lat="31.21827456168830394744873046875" lon="121.38507979921996593475341796875">
        <ele>14.3999996185302734375</ele>
        <time>2026-09-01T10:28:41.000Z</time>
        <extensions>
          <ns3:TrackPointExtension>
            <ns3:hr>147</ns3:hr>
            <ns3:cad>86</ns3:cad>
          </ns3:TrackPointExtension>
        </extensions>
      </trkpt>
      <trkpt lat="31.21824924834072589874267578125" lon="121.38507124967873096466064453125">
        <ele>14.3999996185302734375</ele>
        <time>2026-09-01T10:28:42.000Z</time>
        <extensions>
          <ns3:TrackPointExtension>
            <ns3:hr>147</ns3:hr>
            <ns3:cad>86</ns3:cad>
          </ns3:TrackPointExtension>
        </extensions>
      </trkpt>
      <trkpt lat="31.2182282097637653350830078125" lon="121.38506806455552577972412109375">
        <ele>14.3999996185302734375</ele>
        <time>2026-09-01T10:28:43.000Z</time>
        <extensions>
          <ns3:TrackPointExtension>
            <ns3:hr>148</ns3:hr>
            <ns3:cad>88</ns3:cad>
          </ns3:TrackPointExtension>
        </extensions>
      </trkpt>
      <trkpt lat="31.21820230968296527862548828125" lon="121.38505482114851474761962890625">
        <ele>14.3999996185302734375</ele>
        <time>2026-09-01T10:28:44.000Z</time>
        <extensions>
          <ns3:TrackPointExtension>
            <ns3:hr>148</ns3:hr>
            <ns3:cad>88</ns3:cad>
          </ns3:TrackPointExtension>
        </extensions>
      </trkpt>
      <trkpt lat="31.2181869708001613616943359375" lon="121.385039649903774261474609375">
        <ele>14.3999996185302734375</ele>
        <time>2026-09-01T10:28:45.000Z</time>
        <extensions>
          <ns3:TrackPointExtension>
            <ns3:hr>148</ns3:hr>
            <ns3:cad>87</ns3:cad>
          </ns3:TrackPointExtension>
        </extensions>
      </trkpt>
      <trkpt lat="31.21816425584256649017333984375" lon="121.38501777313649654388427734375">
        <ele>14.3999996185302734375</ele>
        <time>2026-09-01T10:28:46.000Z</time>
        <extensions>
          <ns3:TrackPointExtension>
            <ns3:hr>148</ns3:hr>
            <ns3:cad>87</ns3:cad>
          </ns3:TrackPointExtension>
        </extensions>
      </trkpt>
      <trkpt lat="31.2181447260081768035888671875" lon="121.38500637374818325042724609375">
        <ele>14.6000003814697265625</ele>
        <time>2026-09-01T10:28:47.000Z</time>
        <extensions>
          <ns3:TrackPointExtension>
            <ns3:hr>147</ns3:hr>
            <ns3:cad>87</ns3:cad>
          </ns3:TrackPointExtension>
        </extensions>
      </trkpt>
      <trkpt lat="31.2181194126605987548828125" lon="121.3849881850183010101318359375">
        <ele>14.3999996185302734375</ele>
        <time>2026-09-01T10:28:48.000Z</time>
        <extensions>
          <ns3:TrackPointExtension>
            <ns3:hr>148</ns3:hr>
            <ns3:cad>87</ns3:cad>
          </ns3:TrackPointExtension>
        </extensions>
      </trkpt>
      <trkpt lat="31.2181001342833042144775390625" lon="121.38497292995452880859375">
        <ele>14.6000003814697265625</ele>
        <time>2026-09-01T10:28:49.000Z</time>
        <extensions>
          <ns3:TrackPointExtension>
            <ns3:hr>148</ns3:hr>
            <ns3:cad>87</ns3:cad>
          </ns3:TrackPointExtension>
        </extensions>
      </trkpt>
      <trkpt lat="31.21807985007762908935546875" lon="121.38495884835720062255859375">
        <ele>14.6000003814697265625</ele>
        <time>2026-09-01T10:28:50.000Z</time>
        <extensions>
          <ns3:TrackPointExtension>
            <ns3:hr>147</ns3:hr>
            <ns3:cad>88</ns3:cad>
          </ns3:TrackPointExtension>
        </extensions>
      </trkpt>
      <trkpt lat="31.218057386577129364013671875" lon="121.38494501821696758270263671875">
        <ele>14.3999996185302734375</ele>
        <time>2026-09-01T10:28:51.000Z</time>
        <extensions>
          <ns3:TrackPointExtension>
            <ns3:hr>148</ns3:hr>
            <ns3:cad>88</ns3:cad>
          </ns3:TrackPointExtension>
        </extensions>
      </trkpt>
      <trkpt lat="31.21803886257112026214599609375" lon="121.38492875732481479644775390625">
        <ele>14.6000003814697265625</ele>
        <time>2026-09-01T10:28:52.000Z</time>
        <extensions>
          <ns3:TrackPointExtension>
            <ns3:hr>148</ns3:hr>
            <ns3:cad>88</ns3:cad>
          </ns3:TrackPointExtension>
        </extensions>
      </trkpt>
      <trkpt lat="31.21801690198481082916259765625" lon="121.38491283170878887176513671875">
        <ele>14.6000003814697265625</ele>
        <time>2026-09-01T10:28:53.000Z</time>
        <extensions>
          <ns3:TrackPointExtension>
            <ns3:hr>148</ns3:hr>
            <ns3:cad>87</ns3:cad>
          </ns3:TrackPointExtension>
        </extensions>
      </trkpt>
      <trkpt lat="31.2180013954639434814453125" lon="121.3849114067852497100830078125">
        <ele>14.6000003814697265625</ele>
        <time>2026-09-01T10:28:54.000Z</time>
        <extensions>
          <ns3:TrackPointExtension>
            <ns3:hr>148</ns3:hr>
            <ns3:cad>87</ns3:cad>
          </ns3:TrackPointExtension>
        </extensions>
      </trkpt>
      <trkpt lat="31.21797331608831882476806640625" lon="121.38489673845469951629638671875">
        <ele>14.6000003814697265625</ele>
        <time>2026-09-01T10:28:55.000Z</time>
        <extensions>
          <ns3:TrackPointExtension>
            <ns3:hr>148</ns3:hr>
            <ns3:cad>87</ns3:cad>
          </ns3:TrackPointExtension>
        </extensions>
      </trkpt>
      <trkpt lat="31.21795470826327800750732421875" lon="121.38488265685737133026123046875">
        <ele>14.6000003814697265625</ele>
        <time>2026-09-01T10:28:56.000Z</time>
        <extensions>
          <ns3:TrackPointExtension>
            <ns3:hr>149</ns3:hr>
            <ns3:cad>87</ns3:cad>
          </ns3:TrackPointExtension>
        </extensions>
      </trkpt>
      <trkpt lat="31.217933334410190582275390625" lon="121.3848627917468547821044921875">
        <ele>14.6000003814697265625</ele>
        <time>2026-09-01T10:28:57.000Z</time>
        <extensions>
          <ns3:TrackPointExtension>
            <ns3:hr>148</ns3:hr>
            <ns3:cad>87</ns3:cad>
          </ns3:TrackPointExtension>
        </extensions>
      </trkpt>
      <trkpt lat="31.2179160676896572113037109375" lon="121.38485155999660491943359375">
        <ele>14.6000003814697265625</ele>
        <time>2026-09-01T10:28:58.000Z</time>
        <extensions>
          <ns3:TrackPointExtension>
            <ns3:hr>148</ns3:hr>
            <ns3:cad>87</ns3:cad>
          </ns3:TrackPointExtension>
        </extensions>
      </trkpt>
      <trkpt lat="31.2178899161517620086669921875" lon="121.38483353890478610992431640625">
        <ele>14.6000003814697265625</ele>
        <time>2026-09-01T10:28:59.000Z</time>
        <extensions>
          <ns3:TrackPointExtension>
            <ns3:hr>149</ns3:hr>
            <ns3:cad>87</ns3:cad>
          </ns3:TrackPointExtension>
        </extensions>
      </trkpt>
      <trkpt lat="31.21787390671670436859130859375" lon="121.3848218880593776702880859375">
        <ele>14.3999996185302734375</ele>
        <time>2026-09-01T10:29:00.000Z</time>
        <extensions>
          <ns3:TrackPointExtension>
            <ns3:hr>148</ns3:hr>
            <ns3:cad>87</ns3:cad>
          </ns3:TrackPointExtension>
        </extensions>
      </trkpt>
      <trkpt lat="31.21784783899784088134765625" lon="121.3848078064620494842529296875">
        <ele>14.3999996185302734375</ele>
        <time>2026-09-01T10:29:01.000Z</time>
        <extensions>
          <ns3:TrackPointExtension>
            <ns3:hr>148</ns3:hr>
            <ns3:cad>87</ns3:cad>
          </ns3:TrackPointExtension>
        </extensions>
      </trkpt>
      <trkpt lat="31.21782512404024600982666015625" lon="121.384794898331165313720703125">
        <ele>14.3999996185302734375</ele>
        <time>2026-09-01T10:29:02.000Z</time>
        <extensions>
          <ns3:TrackPointExtension>
            <ns3:hr>149</ns3:hr>
            <ns3:cad>88</ns3:cad>
          </ns3:TrackPointExtension>
        </extensions>
      </trkpt>
      <trkpt lat="31.2178034149110317230224609375" lon="121.38478693552315235137939453125">
        <ele>14.3999996185302734375</ele>
        <time>2026-09-01T10:29:03.000Z</time>
        <extensions>
          <ns3:TrackPointExtension>
            <ns3:hr>148</ns3:hr>
            <ns3:cad>88</ns3:cad>
          </ns3:TrackPointExtension>
        </extensions>
      </trkpt>
      <trkpt lat="31.2177786044776439666748046875" lon="121.38477134518325328826904296875">
        <ele>14.3999996185302734375</ele>
        <time>2026-09-01T10:29:04.000Z</time>
        <extensions>
          <ns3:TrackPointExtension>
            <ns3:hr>148</ns3:hr>
            <ns3:cad>88</ns3:cad>
          </ns3:TrackPointExtension>
        </extensions>
      </trkpt>
      <trkpt lat="31.21776142157614231109619140625" lon="121.384763382375240325927734375">
        <ele>14.3999996185302734375</ele>
        <time>2026-09-01T10:29:05.000Z</time>
        <extensions>
          <ns3:TrackPointExtension>
            <ns3:hr>149</ns3:hr>
            <ns3:cad>87</ns3:cad>
          </ns3:TrackPointExtension>
        </extensions>
      </trkpt>
      <trkpt lat="31.21773325838148593902587890625" lon="121.3847489655017852783203125">
        <ele>14.6000003814697265625</ele>
        <time>2026-09-01T10:29:06.000Z</time>
        <extensions>
          <ns3:TrackPointExtension>
            <ns3:hr>148</ns3:hr>
            <ns3:cad>86</ns3:cad>
          </ns3:TrackPointExtension>
        </extensions>
      </trkpt>
      <trkpt lat="31.21770710684359073638916015625" lon="121.38474083505570888519287109375">
        <ele>14.3999996185302734375</ele>
        <time>2026-09-01T10:29:07.000Z</time>
        <extensions>
          <ns3:TrackPointExtension>
            <ns3:hr>148</ns3:hr>
            <ns3:cad>86</ns3:cad>
          </ns3:TrackPointExtension>
        </extensions>
      </trkpt>
      <trkpt lat="31.2176786921918392181396484375" lon="121.38473111204802989959716796875">
        <ele>14.3999996185302734375</ele>
        <time>2026-09-01T10:29:08.000Z</time>
        <extensions>
          <ns3:TrackPointExtension>
            <ns3:hr>148</ns3:hr>
            <ns3:cad>88</ns3:cad>
          </ns3:TrackPointExtension>
        </extensions>
      </trkpt>
      <trkpt lat="31.21765698306262493133544921875" lon="121.38472172431647777557373046875">
        <ele>14.3999996185302734375</ele>
        <time>2026-09-01T10:29:09.000Z</time>
        <extensions>
          <ns3:TrackPointExtension>
            <ns3:hr>148</ns3:hr>
            <ns3:cad>88</ns3:cad>
          </ns3:TrackPointExtension>
        </extensions>
      </trkpt>
      <trkpt lat="31.217625550925731658935546875" lon="121.384713090956211090087890625">
        <ele>14.3999996185302734375</ele>
        <time>2026-09-01T10:29:10.000Z</time>
        <extensions>
          <ns3:TrackPointExtension>
            <ns3:hr>148</ns3:hr>
            <ns3:cad>87</ns3:cad>
          </ns3:TrackPointExtension>
        </extensions>
      </trkpt>
      <trkpt lat="31.2176025845110416412353515625" lon="121.384704373776912689208984375">
        <ele>14.3999996185302734375</ele>
        <time>2026-09-01T10:29:11.000Z</time>
        <extensions>
          <ns3:TrackPointExtension>
            <ns3:hr>147</ns3:hr>
            <ns3:cad>87</ns3:cad>
          </ns3:TrackPointExtension>
        </extensions>
      </trkpt>
      <trkpt lat="31.2175740860402584075927734375" lon="121.38469062745571136474609375">
        <ele>14.3999996185302734375</ele>
        <time>2026-09-01T10:29:12.000Z</time>
        <extensions>
          <ns3:TrackPointExtension>
            <ns3:hr>147</ns3:hr>
            <ns3:cad>87</ns3:cad>
          </ns3:TrackPointExtension>
        </extensions>
      </trkpt>
      <trkpt lat="31.21755002997815608978271484375" lon="121.38468015007674694061279296875">
        <ele>14.3999996185302734375</ele>
        <time>2026-09-01T10:29:13.000Z</time>
        <extensions>
          <ns3:TrackPointExtension>
            <ns3:hr>147</ns3:hr>
            <ns3:cad>88</ns3:cad>
          </ns3:TrackPointExtension>
        </extensions>
      </trkpt>
      <trkpt lat="31.21752304024994373321533203125" lon="121.38467361219227313995361328125">
        <ele>14.3999996185302734375</ele>
        <time>2026-09-01T10:29:14.000Z</time>
        <extensions>
          <ns3:TrackPointExtension>
            <ns3:hr>147</ns3:hr>
            <ns3:cad>88</ns3:cad>
          </ns3:TrackPointExtension>
        </extensions>
      </trkpt>
      <trkpt lat="31.21750074438750743865966796875" lon="121.384663470089435577392578125">
        <ele>14.3999996185302734375</ele>
        <time>2026-09-01T10:29:15.000Z</time>
        <extensions>
          <ns3:TrackPointExtension>
            <ns3:hr>147</ns3:hr>
            <ns3:cad>89</ns3:cad>
          </ns3:TrackPointExtension>
        </extensions>
      </trkpt>
      <trkpt lat="31.217478029429912567138671875" lon="121.38465802185237407684326171875">
        <ele>14.3999996185302734375</ele>
        <time>2026-09-01T10:29:16.000Z</time>
        <extensions>
          <ns3:TrackPointExtension>
            <ns3:hr>147</ns3:hr>
            <ns3:cad>89</ns3:cad>
          </ns3:TrackPointExtension>
        </extensions>
      </trkpt>
      <trkpt lat="31.2174503691494464874267578125" lon="121.38464109040796756744384765625">
        <ele>14.3999996185302734375</ele>
        <time>2026-09-01T10:29:17.000Z</time>
        <extensions>
          <ns3:TrackPointExtension>
            <ns3:hr>147</ns3:hr>
            <ns3:cad>87</ns3:cad>
          </ns3:TrackPointExtension>
        </extensions>
      </trkpt>
      <trkpt lat="31.217428743839263916015625" lon="121.3846314512193202972412109375">
        <ele>14.3999996185302734375</ele>
        <time>2026-09-01T10:29:18.000Z</time>
        <extensions>
          <ns3:TrackPointExtension>
            <ns3:hr>147</ns3:hr>
            <ns3:cad>87</ns3:cad>
          </ns3:TrackPointExtension>
        </extensions>
      </trkpt>
      <trkpt lat="31.2174017541110515594482421875" lon="121.3846217282116413116455078125">
        <ele>14.3999996185302734375</ele>
        <time>2026-09-01T10:29:19.000Z</time>
        <extensions>
          <ns3:TrackPointExtension>
            <ns3:hr>148</ns3:hr>
            <ns3:cad>87</ns3:cad>
          </ns3:TrackPointExtension>
        </extensions>
      </trkpt>
      <trkpt lat="31.21737803332507610321044921875" lon="121.38461284339427947998046875">
        <ele>14.3999996185302734375</ele>
        <time>2026-09-01T10:29:20.000Z</time>
        <extensions>
          <ns3:TrackPointExtension>
            <ns3:hr>147</ns3:hr>
            <ns3:cad>88</ns3:cad>
          </ns3:TrackPointExtension>
        </extensions>
      </trkpt>
      <trkpt lat="31.217353641986846923828125" lon="121.3846083171665668487548828125">
        <ele>14.3999996185302734375</ele>
        <time>2026-09-01T10:29:21.000Z</time>
        <extensions>
          <ns3:TrackPointExtension>
            <ns3:hr>147</ns3:hr>
            <ns3:cad>88</ns3:cad>
          </ns3:TrackPointExtension>
        </extensions>
      </trkpt>
      <trkpt lat="31.21733008883893489837646484375" lon="121.3846049644052982330322265625">
        <ele>14.3999996185302734375</ele>
        <time>2026-09-01T10:29:22.000Z</time>
        <extensions>
          <ns3:TrackPointExtension>
            <ns3:hr>147</ns3:hr>
            <ns3:cad>88</ns3:cad>
          </ns3:TrackPointExtension>
        </extensions>
      </trkpt>
      <trkpt lat="31.21729957871139049530029296875" lon="121.38460136018693447113037109375">
        <ele>14.3999996185302734375</ele>
        <time>2026-09-01T10:29:23.000Z</time>
        <extensions>
          <ns3:TrackPointExtension>
            <ns3:hr>147</ns3:hr>
            <ns3:cad>87</ns3:cad>
          </ns3:TrackPointExtension>
        </extensions>
      </trkpt>
      <trkpt lat="31.2172783724963665008544921875" lon="121.3845982588827610015869140625">
        <ele>14.3999996185302734375</ele>
        <time>2026-09-01T10:29:24.000Z</time>
        <extensions>
          <ns3:TrackPointExtension>
            <ns3:hr>148</ns3:hr>
            <ns3:cad>87</ns3:cad>
          </ns3:TrackPointExtension>
        </extensions>
      </trkpt>
      <trkpt lat="31.21725238859653472900390625" lon="121.38459666632115840911865234375">
        <ele>14.19999980926513671875</ele>
        <time>2026-09-01T10:29:25.000Z</time>
        <extensions>
          <ns3:TrackPointExtension>
            <ns3:hr>148</ns3:hr>
            <ns3:cad>87</ns3:cad>
          </ns3:TrackPointExtension>
        </extensions>
      </trkpt>
      <trkpt lat="31.21723000891506671905517578125" lon="121.38459046371281147003173828125">
        <ele>14.19999980926513671875</ele>
        <time>2026-09-01T10:29:26.000Z</time>
        <extensions>
          <ns3:TrackPointExtension>
            <ns3:hr>148</ns3:hr>
            <ns3:cad>88</ns3:cad>
          </ns3:TrackPointExtension>
        </extensions>
      </trkpt>
      <trkpt lat="31.21720871888101100921630859375" lon="121.38458241708576679229736328125">
        <ele>14.19999980926513671875</ele>
        <time>2026-09-01T10:29:27.000Z</time>
        <extensions>
          <ns3:TrackPointExtension>
            <ns3:hr>148</ns3:hr>
            <ns3:cad>88</ns3:cad>
          </ns3:TrackPointExtension>
        </extensions>
      </trkpt>
      <trkpt lat="31.2171885184943675994873046875" lon="121.38457286171615123748779296875">
        <ele>14.19999980926513671875</ele>
        <time>2026-09-01T10:29:28.000Z</time>
        <extensions>
          <ns3:TrackPointExtension>
            <ns3:hr>148</ns3:hr>
            <ns3:cad>88</ns3:cad>
          </ns3:TrackPointExtension>
        </extensions>
      </trkpt>
      <trkpt lat="31.21716680936515331268310546875" lon="121.3845700956881046295166015625">
        <ele>14.19999980926513671875</ele>
        <time>2026-09-01T10:29:29.000Z</time>
        <extensions>
          <ns3:TrackPointExtension>
            <ns3:hr>148</ns3:hr>
            <ns3:cad>87</ns3:cad>
          </ns3:TrackPointExtension>
        </extensions>
      </trkpt>
      <trkpt lat="31.21714283712208271026611328125" lon="121.38456456363201141357421875">
        <ele>14.19999980926513671875</ele>
        <time>2026-09-01T10:29:30.000Z</time>
        <extensions>
          <ns3:TrackPointExtension>
            <ns3:hr>148</ns3:hr>
            <ns3:cad>87</ns3:cad>
          </ns3:TrackPointExtension>
        </extensions>
      </trkpt>
      <trkpt lat="31.21712590567767620086669921875" lon="121.3845590315759181976318359375">
        <ele>14.3999996185302734375</ele>
        <time>2026-09-01T10:29:31.000Z</time>
        <extensions>
          <ns3:TrackPointExtension>
            <ns3:hr>148</ns3:hr>
            <ns3:cad>87</ns3:cad>
          </ns3:TrackPointExtension>
        </extensions>
      </trkpt>
      <trkpt lat="31.2170996703207492828369140625" lon="121.38454922474920749664306640625">
        <ele>14.3999996185302734375</ele>
        <time>2026-09-01T10:29:32.000Z</time>
        <extensions>
          <ns3:TrackPointExtension>
            <ns3:hr>149</ns3:hr>
            <ns3:cad>88</ns3:cad>
          </ns3:TrackPointExtension>
        </extensions>
      </trkpt>
      <trkpt lat="31.21708164922893047332763671875" lon="121.384542770683765411376953125">
        <ele>14.19999980926513671875</ele>
        <time>2026-09-01T10:29:33.000Z</time>
        <extensions>
          <ns3:TrackPointExtension>
            <ns3:hr>149</ns3:hr>
            <ns3:cad>88</ns3:cad>
          </ns3:TrackPointExtension>
        </extensions>
      </trkpt>
      <trkpt lat="31.21705918572843074798583984375" lon="121.3845372386276721954345703125">
        <ele>14.19999980926513671875</ele>
        <time>2026-09-01T10:29:34.000Z</time>
        <extensions>
          <ns3:TrackPointExtension>
            <ns3:hr>149</ns3:hr>
            <ns3:cad>88</ns3:cad>
          </ns3:TrackPointExtension>
        </extensions>
      </trkpt>
      <trkpt lat="31.217038817703723907470703125" lon="121.384536065161228179931640625">
        <ele>14.19999980926513671875</ele>
        <time>2026-09-01T10:29:35.000Z</time>
        <extensions>
          <ns3:TrackPointExtension>
            <ns3:hr>149</ns3:hr>
            <ns3:cad>87</ns3:cad>
          </ns3:TrackPointExtension>
        </extensions>
      </trkpt>
      <trkpt lat="31.21701124124228954315185546875" lon="121.38454134576022624969482421875">
        <ele>14.19999980926513671875</ele>
        <time>2026-09-01T10:29:36.000Z</time>
        <extensions>
          <ns3:TrackPointExtension>
            <ns3:hr>148</ns3:hr>
            <ns3:cad>87</ns3:cad>
          </ns3:TrackPointExtension>
        </extensions>
      </trkpt>
      <trkpt lat="31.216985173523426055908203125" lon="121.3845369033515453338623046875">
        <ele>14.19999980926513671875</ele>
        <time>2026-09-01T10:29:37.000Z</time>
        <extensions>
          <ns3:TrackPointExtension>
            <ns3:hr>149</ns3:hr>
            <ns3:cad>87</ns3:cad>
          </ns3:TrackPointExtension>
        </extensions>
      </trkpt>
      <trkpt lat="31.2169601954519748687744140625" lon="121.38453832827508449554443359375">
        <ele>14.19999980926513671875</ele>
        <time>2026-09-01T10:29:38.000Z</time>
        <extensions>
          <ns3:TrackPointExtension>
            <ns3:hr>148</ns3:hr>
            <ns3:cad>88</ns3:cad>
          </ns3:TrackPointExtension>
        </extensions>
      </trkpt>
      <trkpt lat="31.21693764813244342803955078125" lon="121.38453095220029354095458984375">
        <ele>14.3999996185302734375</ele>
        <time>2026-09-01T10:29:39.000Z</time>
        <extensions>
          <ns3:TrackPointExtension>
            <ns3:hr>148</ns3:hr>
            <ns3:cad>89</ns3:cad>
          </ns3:TrackPointExtension>
        </extensions>
      </trkpt>
      <trkpt lat="31.21691149659454822540283203125" lon="121.38452240265905857086181640625">
        <ele>14.3999996185302734375</ele>
        <time>2026-09-01T10:29:40.000Z</time>
        <extensions>
          <ns3:TrackPointExtension>
            <ns3:hr>148</ns3:hr>
            <ns3:cad>89</ns3:cad>
          </ns3:TrackPointExtension>
        </extensions>
      </trkpt>
      <trkpt lat="31.2168904580175876617431640625" lon="121.3845137692987918853759765625">
        <ele>14.3999996185302734375</ele>
        <time>2026-09-01T10:29:41.000Z</time>
        <extensions>
          <ns3:TrackPointExtension>
            <ns3:hr>148</ns3:hr>
            <ns3:cad>88</ns3:cad>
          </ns3:TrackPointExtension>
        </extensions>
      </trkpt>
      <trkpt lat="31.216868497431278228759765625" lon="121.3845075666904449462890625">
        <ele>14.3999996185302734375</ele>
        <time>2026-09-01T10:29:42.000Z</time>
        <extensions>
          <ns3:TrackPointExtension>
            <ns3:hr>149</ns3:hr>
            <ns3:cad>87</ns3:cad>
          </ns3:TrackPointExtension>
        </extensions>
      </trkpt>
      <trkpt lat="31.2168445251882076263427734375" lon="121.38450060971081256866455078125">
        <ele>14.3999996185302734375</ele>
        <time>2026-09-01T10:29:43.000Z</time>
        <extensions>
          <ns3:TrackPointExtension>
            <ns3:hr>148</ns3:hr>
            <ns3:cad>87</ns3:cad>
          </ns3:TrackPointExtension>
        </extensions>
      </trkpt>
      <trkpt lat="31.21682516299188137054443359375" lon="121.38449491001665592193603515625">
        <ele>14.3999996185302734375</ele>
        <time>2026-09-01T10:29:44.000Z</time>
        <extensions>
          <ns3:TrackPointExtension>
            <ns3:hr>148</ns3:hr>
            <ns3:cad>87</ns3:cad>
          </ns3:TrackPointExtension>
        </extensions>
      </trkpt>
      <trkpt lat="31.216802112758159637451171875" lon="121.38448753394186496734619140625">
        <ele>14.3999996185302734375</ele>
        <time>2026-09-01T10:29:45.000Z</time>
        <extensions>
          <ns3:TrackPointExtension>
            <ns3:hr>149</ns3:hr>
            <ns3:cad>88</ns3:cad>
          </ns3:TrackPointExtension>
        </extensions>
      </trkpt>
      <trkpt lat="31.21677638031542301177978515625" lon="121.3844902999699115753173828125">
        <ele>14.3999996185302734375</ele>
        <time>2026-09-01T10:29:46.000Z</time>
        <extensions>
          <ns3:TrackPointExtension>
            <ns3:hr>149</ns3:hr>
            <ns3:cad>88</ns3:cad>
          </ns3:TrackPointExtension>
        </extensions>
      </trkpt>
      <trkpt lat="31.2167516537010669708251953125" lon="121.38448870740830898284912109375">
        <ele>14.3999996185302734375</ele>
        <time>2026-09-01T10:29:47.000Z</time>
        <extensions>
          <ns3:TrackPointExtension>
            <ns3:hr>149</ns3:hr>
            <ns3:cad>88</ns3:cad>
          </ns3:TrackPointExtension>
        </extensions>
      </trkpt>
      <trkpt lat="31.21672944165766239166259765625" lon="121.3844882883131504058837890625">
        <ele>14.3999996185302734375</ele>
        <time>2026-09-01T10:29:48.000Z</time>
        <extensions>
          <ns3:TrackPointExtension>
            <ns3:hr>148</ns3:hr>
            <ns3:cad>87</ns3:cad>
          </ns3:TrackPointExtension>
        </extensions>
      </trkpt>
      <trkpt lat="31.21670295484364032745361328125" lon="121.384481079876422882080078125">
        <ele>14.3999996185302734375</ele>
        <time>2026-09-01T10:29:49.000Z</time>
        <extensions>
          <ns3:TrackPointExtension>
            <ns3:hr>148</ns3:hr>
            <ns3:cad>87</ns3:cad>
          </ns3:TrackPointExtension>
        </extensions>
      </trkpt>
      <trkpt lat="31.216682083904743194580078125" lon="121.3844825886189937591552734375">
        <ele>14.3999996185302734375</ele>
        <time>2026-09-01T10:29:50.000Z</time>
        <extensions>
          <ns3:TrackPointExtension>
            <ns3:hr>148</ns3:hr>
            <ns3:cad>87</ns3:cad>
          </ns3:TrackPointExtension>
        </extensions>
      </trkpt>
      <trkpt lat="31.21665517799556255340576171875" lon="121.3844812475144863128662109375">
        <ele>14.6000003814697265625</ele>
        <time>2026-09-01T10:29:51.000Z</time>
        <extensions>
          <ns3:TrackPointExtension>
            <ns3:hr>149</ns3:hr>
            <ns3:cad>88</ns3:cad>
          </ns3:TrackPointExtension>
        </extensions>
      </trkpt>
      <trkpt lat="31.2166289426386356353759765625" lon="121.38448552228510379791259765625">
        <ele>14.6000003814697265625</ele>
        <time>2026-09-01T10:29:52.000Z</time>
        <extensions>
          <ns3:TrackPointExtension>
            <ns3:hr>148</ns3:hr>
            <ns3:cad>88</ns3:cad>
          </ns3:TrackPointExtension>
        </extensions>
      </trkpt>
      <trkpt lat="31.21660606004297733306884765625" lon="121.38449306599795818328857421875">
        <ele>14.6000003814697265625</ele>
        <time>2026-09-01T10:29:53.000Z</time>
        <extensions>
          <ns3:TrackPointExtension>
            <ns3:hr>148</ns3:hr>
            <ns3:cad>88</ns3:cad>
          </ns3:TrackPointExtension>
        </extensions>
      </trkpt>
      <trkpt lat="31.2165833450853824615478515625" lon="121.38449809513986110687255859375">
        <ele>14.80000019073486328125</ele>
        <time>2026-09-01T10:29:54.000Z</time>
        <extensions>
          <ns3:TrackPointExtension>
            <ns3:hr>148</ns3:hr>
            <ns3:cad>87</ns3:cad>
          </ns3:TrackPointExtension>
        </extensions>
      </trkpt>
      <trkpt lat="31.2165602110326290130615234375" lon="121.3845022022724151611328125">
        <ele>14.80000019073486328125</ele>
        <time>2026-09-01T10:29:55.000Z</time>
        <extensions>
          <ns3:TrackPointExtension>
            <ns3:hr>148</ns3:hr>
            <ns3:cad>87</ns3:cad>
          </ns3:TrackPointExtension>
        </extensions>
      </trkpt>
      <trkpt lat="31.2165384180843830108642578125" lon="121.38450865633785724639892578125">
        <ele>14.6000003814697265625</ele>
        <time>2026-09-01T10:29:56.000Z</time>
        <extensions>
          <ns3:TrackPointExtension>
            <ns3:hr>148</ns3:hr>
            <ns3:cad>87</ns3:cad>
          </ns3:TrackPointExtension>
        </extensions>
      </trkpt>
      <trkpt lat="31.21652374975383281707763671875" lon="121.38452223502099514007568359375">
        <ele>14.6000003814697265625</ele>
        <time>2026-09-01T10:29:57.000Z</time>
        <extensions>
          <ns3:TrackPointExtension>
            <ns3:hr>147</ns3:hr>
            <ns3:cad>87</ns3:cad>
          </ns3:TrackPointExtension>
        </extensions>
      </trkpt>
      <trkpt lat="31.2165156193077564239501953125" lon="121.384546123445034027099609375">
        <ele>14.6000003814697265625</ele>
        <time>2026-09-01T10:29:58.000Z</time>
        <extensions>
          <ns3:TrackPointExtension>
            <ns3:hr>147</ns3:hr>
            <ns3:cad>88</ns3:cad>
          </ns3:TrackPointExtension>
        </extensions>
      </trkpt>
      <trkpt lat="31.21650765649974346160888671875" lon="121.38456682674586772918701171875">
        <ele>14.80000019073486328125</ele>
        <time>2026-09-01T10:29:59.000Z</time>
        <extensions>
          <ns3:TrackPointExtension>
            <ns3:hr>147</ns3:hr>
            <ns3:cad>88</ns3:cad>
          </ns3:TrackPointExtension>
        </extensions>
      </trkpt>
      <trkpt lat="31.21650212444365024566650390625" lon="121.38458828441798686981201171875">
        <ele>14.80000019073486328125</ele>
        <time>2026-09-01T10:30:00.000Z</time>
        <extensions>
          <ns3:TrackPointExtension>
            <ns3:hr>147</ns3:hr>
            <ns3:cad>86</ns3:cad>
          </ns3:TrackPointExtension>
        </extensions>
      </trkpt>
      <trkpt lat="31.21649323962628841400146484375" lon="121.38461695052683353424072265625">
        <ele>15</ele>
        <time>2026-09-01T10:30:01.000Z</time>
        <extensions>
          <ns3:TrackPointExtension>
            <ns3:hr>147</ns3:hr>
            <ns3:cad>84</ns3:cad>
          </ns3:TrackPointExtension>
        </extensions>
      </trkpt>
      <trkpt lat="31.216490305960178375244140625" lon="121.38463723473250865936279296875">
        <ele>15</ele>
        <time>2026-09-01T10:30:02.000Z</time>
        <extensions>
          <ns3:TrackPointExtension>
            <ns3:hr>147</ns3:hr>
            <ns3:cad>83</ns3:cad>
          </ns3:TrackPointExtension>
        </extensions>
      </trkpt>
      <trkpt lat="31.2164800800383090972900390625" lon="121.3846676610410213470458984375">
        <ele>15</ele>
        <time>2026-09-01T10:30:03.000Z</time>
        <extensions>
          <ns3:TrackPointExtension>
            <ns3:hr>147</ns3:hr>
            <ns3:cad>83</ns3:cad>
          </ns3:TrackPointExtension>
        </extensions>
      </trkpt>
      <trkpt lat="31.21647463180124759674072265625" lon="121.3846901245415210723876953125">
        <ele>14.80000019073486328125</ele>
        <time>2026-09-01T10:30:04.000Z</time>
        <extensions>
          <ns3:TrackPointExtension>
            <ns3:hr>147</ns3:hr>
            <ns3:cad>83</ns3:cad>
          </ns3:TrackPointExtension>
        </extensions>
      </trkpt>
      <trkpt lat="31.21646658517420291900634765625" lon="121.38471770100295543670654296875">
        <ele>14.6000003814697265625</ele>
        <time>2026-09-01T10:30:05.000Z</time>
        <extensions>
          <ns3:TrackPointExtension>
            <ns3:hr>147</ns3:hr>
            <ns3:cad>85</ns3:cad>
          </ns3:TrackPointExtension>
        </extensions>
      </trkpt>
      <trkpt lat="31.21646608226001262664794921875" lon="121.3847409188747406005859375">
        <ele>14.6000003814697265625</ele>
        <time>2026-09-01T10:30:06.000Z</time>
        <extensions>
          <ns3:TrackPointExtension>
            <ns3:hr>147</ns3:hr>
            <ns3:cad>86</ns3:cad>
          </ns3:TrackPointExtension>
        </extensions>
      </trkpt>
      <trkpt lat="31.21646440587937831878662109375" lon="121.3847682438790798187255859375">
        <ele>14.6000003814697265625</ele>
        <time>2026-09-01T10:30:07.000Z</time>
        <extensions>
          <ns3:TrackPointExtension>
            <ns3:hr>147</ns3:hr>
            <ns3:cad>86</ns3:cad>
          </ns3:TrackPointExtension>
        </extensions>
      </trkpt>
      <trkpt lat="31.216455437242984771728515625" lon="121.38479255139827728271484375">
        <ele>14.6000003814697265625</ele>
        <time>2026-09-01T10:30:08.000Z</time>
        <extensions>
          <ns3:TrackPointExtension>
            <ns3:hr>147</ns3:hr>
            <ns3:cad>86</ns3:cad>
          </ns3:TrackPointExtension>
        </extensions>
      </trkpt>
      <trkpt lat="31.2164525873959064483642578125" lon="121.38482498936355113983154296875">
        <ele>14.80000019073486328125</ele>
        <time>2026-09-01T10:30:09.000Z</time>
        <extensions>
          <ns3:TrackPointExtension>
            <ns3:hr>147</ns3:hr>
            <ns3:cad>86</ns3:cad>
          </ns3:TrackPointExtension>
        </extensions>
      </trkpt>
      <trkpt lat="31.216446049511432647705078125" lon="121.3848550803959369659423828125">
        <ele>14.80000019073486328125</ele>
        <time>2026-09-01T10:30:10.000Z</time>
        <extensions>
          <ns3:TrackPointExtension>
            <ns3:hr>148</ns3:hr>
            <ns3:cad>87</ns3:cad>
          </ns3:TrackPointExtension>
        </extensions>
      </trkpt>
      <trkpt lat="31.21643967926502227783203125" lon="121.3848802261054515838623046875">
        <ele>14.80000019073486328125</ele>
        <time>2026-09-01T10:30:11.000Z</time>
        <extensions>
          <ns3:TrackPointExtension>
            <ns3:hr>148</ns3:hr>
            <ns3:cad>88</ns3:cad>
          </ns3:TrackPointExtension>
        </extensions>
      </trkpt>
      <trkpt lat="31.21642920188605785369873046875" lon="121.38490646146237850189208984375">
        <ele>14.80000019073486328125</ele>
        <time>2026-09-01T10:30:12.000Z</time>
        <extensions>
          <ns3:TrackPointExtension>
            <ns3:hr>148</ns3:hr>
            <ns3:cad>88</ns3:cad>
          </ns3:TrackPointExtension>
        </extensions>
      </trkpt>
      <trkpt lat="31.2164261005818843841552734375" lon="121.3849321939051151275634765625">
        <ele>14.80000019073486328125</ele>
        <time>2026-09-01T10:30:13.000Z</time>
        <extensions>
          <ns3:TrackPointExtension>
            <ns3:hr>148</ns3:hr>
            <ns3:cad>87</ns3:cad>
          </ns3:TrackPointExtension>
        </extensions>
      </trkpt>
      <trkpt lat="31.21642224490642547607421875" lon="121.3849563337862491607666015625">
        <ele>14.80000019073486328125</ele>
        <time>2026-09-01T10:30:14.000Z</time>
        <extensions>
          <ns3:TrackPointExtension>
            <ns3:hr>149</ns3:hr>
            <ns3:cad>87</ns3:cad>
          </ns3:TrackPointExtension>
        </extensions>
      </trkpt>
      <trkpt lat="31.2164167128503322601318359375" lon="121.384979970753192901611328125">
        <ele>14.80000019073486328125</ele>
        <time>2026-09-01T10:30:15.000Z</time>
        <extensions>
          <ns3:TrackPointExtension>
            <ns3:hr>148</ns3:hr>
            <ns3:cad>87</ns3:cad>
          </ns3:TrackPointExtension>
        </extensions>
      </trkpt>
      <trkpt lat="31.2164086662232875823974609375" lon="121.38500302098691463470458984375">
        <ele>14.80000019073486328125</ele>
        <time>2026-09-01T10:30:16.000Z</time>
        <extensions>
          <ns3:TrackPointExtension>
            <ns3:hr>148</ns3:hr>
            <ns3:cad>89</ns3:cad>
          </ns3:TrackPointExtension>
        </extensions>
      </trkpt>
      <trkpt lat="31.21640422381460666656494140625" lon="121.38502364046871662139892578125">
        <ele>14.6000003814697265625</ele>
        <time>2026-09-01T10:30:17.000Z</time>
        <extensions>
          <ns3:TrackPointExtension>
            <ns3:hr>149</ns3:hr>
            <ns3:cad>89</ns3:cad>
          </ns3:TrackPointExtension>
        </extensions>
      </trkpt>
      <trkpt lat="31.216396428644657135009765625" lon="121.38505113311111927032470703125">
        <ele>14.6000003814697265625</ele>
        <time>2026-09-01T10:30:18.000Z</time>
        <extensions>
          <ns3:TrackPointExtension>
            <ns3:hr>148</ns3:hr>
            <ns3:cad>88</ns3:cad>
          </ns3:TrackPointExtension>
        </extensions>
      </trkpt>
      <trkpt lat="31.21638947166502475738525390625" lon="121.3850716687738895416259765625">
        <ele>14.6000003814697265625</ele>
        <time>2026-09-01T10:30:19.000Z</time>
        <extensions>
          <ns3:TrackPointExtension>
            <ns3:hr>148</ns3:hr>
            <ns3:cad>87</ns3:cad>
          </ns3:TrackPointExtension>
        </extensions>
      </trkpt>
      <trkpt lat="31.21637823991477489471435546875" lon="121.3850974850356578826904296875">
        <ele>14.6000003814697265625</ele>
        <time>2026-09-01T10:30:20.000Z</time>
        <extensions>
          <ns3:TrackPointExtension>
            <ns3:hr>149</ns3:hr>
            <ns3:cad>87</ns3:cad>
          </ns3:TrackPointExtension>
        </extensions>
      </trkpt>
      <trkpt lat="31.21636901982128620147705078125" lon="121.38512514531612396240234375">
        <ele>14.6000003814697265625</ele>
        <time>2026-09-01T10:30:21.000Z</time>
        <extensions>
          <ns3:TrackPointExtension>
            <ns3:hr>148</ns3:hr>
            <ns3:cad>87</ns3:cad>
          </ns3:TrackPointExtension>
        </extensions>
      </trkpt>
      <trkpt lat="31.21636281721293926239013671875" lon="121.3851474411785602569580078125">
        <ele>14.6000003814697265625</ele>
        <time>2026-09-01T10:30:22.000Z</time>
        <extensions>
          <ns3:TrackPointExtension>
            <ns3:hr>148</ns3:hr>
            <ns3:cad>87</ns3:cad>
          </ns3:TrackPointExtension>
        </extensions>
      </trkpt>
      <trkpt lat="31.21635259129106998443603515625" lon="121.38517870567739009857177734375">
        <ele>14.3999996185302734375</ele>
        <time>2026-09-01T10:30:23.000Z</time>
        <extensions>
          <ns3:TrackPointExtension>
            <ns3:hr>149</ns3:hr>
            <ns3:cad>87</ns3:cad>
          </ns3:TrackPointExtension>
        </extensions>
      </trkpt>
      <trkpt lat="31.216346807777881622314453125" lon="121.38520695269107818603515625">
        <ele>14.3999996185302734375</ele>
        <time>2026-09-01T10:30:24.000Z</time>
        <extensions>
          <ns3:TrackPointExtension>
            <ns3:hr>149</ns3:hr>
            <ns3:cad>87</ns3:cad>
          </ns3:TrackPointExtension>
        </extensions>
      </trkpt>
      <trkpt lat="31.21634236536920070648193359375" lon="121.38524760492146015167236328125">
        <ele>14.3999996185302734375</ele>
        <time>2026-09-01T10:30:25.000Z</time>
        <extensions>
          <ns3:TrackPointExtension>
            <ns3:hr>149</ns3:hr>
            <ns3:cad>87</ns3:cad>
          </ns3:TrackPointExtension>
        </extensions>
      </trkpt>
      <trkpt lat="31.21633708477020263671875" lon="121.3852724991738796234130859375">
        <ele>14.3999996185302734375</ele>
        <time>2026-09-01T10:30:26.000Z</time>
        <extensions>
          <ns3:TrackPointExtension>
            <ns3:hr>148</ns3:hr>
            <ns3:cad>86</ns3:cad>
          </ns3:TrackPointExtension>
        </extensions>
      </trkpt>
      <trkpt lat="31.2163278646767139434814453125" lon="121.38531113974750041961669921875">
        <ele>14.19999980926513671875</ele>
        <time>2026-09-01T10:30:27.000Z</time>
        <extensions>
          <ns3:TrackPointExtension>
            <ns3:hr>149</ns3:hr>
            <ns3:cad>86</ns3:cad>
          </ns3:TrackPointExtension>
        </extensions>
      </trkpt>
      <trkpt lat="31.216324009001255035400390625" lon="121.38534332625567913055419921875">
        <ele>14.19999980926513671875</ele>
        <time>2026-09-01T10:30:28.000Z</time>
        <extensions>
          <ns3:TrackPointExtension>
            <ns3:hr>149</ns3:hr>
            <ns3:cad>86</ns3:cad>
          </ns3:TrackPointExtension>
        </extensions>
      </trkpt>
      <trkpt lat="31.21631856076419353485107421875" lon="121.38537316583096981048583984375">
        <ele>14.19999980926513671875</ele>
        <time>2026-09-01T10:30:29.000Z</time>
        <extensions>
          <ns3:TrackPointExtension>
            <ns3:hr>149</ns3:hr>
            <ns3:cad>87</ns3:cad>
          </ns3:TrackPointExtension>
        </extensions>
      </trkpt>
      <trkpt lat="31.21631587855517864227294921875" lon="121.38540099374949932098388671875">
        <ele>14.19999980926513671875</ele>
        <time>2026-09-01T10:30:30.000Z</time>
        <extensions>
          <ns3:TrackPointExtension>
            <ns3:hr>149</ns3:hr>
            <ns3:cad>88</ns3:cad>
          </ns3:TrackPointExtension>
        </extensions>
      </trkpt>
      <trkpt lat="31.21631252579391002655029296875" lon="121.385435275733470916748046875">
        <ele>14.19999980926513671875</ele>
        <time>2026-09-01T10:30:31.000Z</time>
        <extensions>
          <ns3:TrackPointExtension>
            <ns3:hr>150</ns3:hr>
            <ns3:cad>88</ns3:cad>
          </ns3:TrackPointExtension>
        </extensions>
      </trkpt>
      <trkpt lat="31.21630883775651454925537109375" lon="121.3854646123945713043212890625">
        <ele>14.19999980926513671875</ele>
        <time>2026-09-01T10:30:32.000Z</time>
        <extensions>
          <ns3:TrackPointExtension>
            <ns3:hr>150</ns3:hr>
            <ns3:cad>88</ns3:cad>
          </ns3:TrackPointExtension>
        </extensions>
      </trkpt>
      <trkpt lat="31.21630531735718250274658203125" lon="121.38549168594181537628173828125">
        <ele>14.19999980926513671875</ele>
        <time>2026-09-01T10:30:33.000Z</time>
        <extensions>
          <ns3:TrackPointExtension>
            <ns3:hr>150</ns3:hr>
            <ns3:cad>87</ns3:cad>
          </ns3:TrackPointExtension>
        </extensions>
      </trkpt>
      <trkpt lat="31.21629483997821807861328125" lon="121.38551808893680572509765625">
        <ele>14.19999980926513671875</ele>
        <time>2026-09-01T10:30:34.000Z</time>
        <extensions>
          <ns3:TrackPointExtension>
            <ns3:hr>150</ns3:hr>
            <ns3:cad>87</ns3:cad>
          </ns3:TrackPointExtension>
        </extensions>
      </trkpt>
      <trkpt lat="31.21629240922629833221435546875" lon="121.385545246303081512451171875">
        <ele>14.19999980926513671875</ele>
        <time>2026-09-01T10:30:35.000Z</time>
        <extensions>
          <ns3:TrackPointExtension>
            <ns3:hr>151</ns3:hr>
            <ns3:cad>87</ns3:cad>
          </ns3:TrackPointExtension>
        </extensions>
      </trkpt>
      <trkpt lat="31.2162802554666996002197265625" lon="121.38557064346969127655029296875">
        <ele>14.19999980926513671875</ele>
        <time>2026-09-01T10:30:36.000Z</time>
        <extensions>
          <ns3:TrackPointExtension>
            <ns3:hr>151</ns3:hr>
            <ns3:cad>88</ns3:cad>
          </ns3:TrackPointExtension>
        </extensions>
      </trkpt>
      <trkpt lat="31.21626609005033969879150390625" lon="121.38557801954448223114013671875">
        <ele>14.19999980926513671875</ele>
        <time>2026-09-01T10:30:37.000Z</time>
        <extensions>
          <ns3:TrackPointExtension>
            <ns3:hr>151</ns3:hr>
            <ns3:cad>88</ns3:cad>
          </ns3:TrackPointExtension>
        </extensions>
      </trkpt>
      <trkpt lat="31.2162574566900730133056640625" lon="121.38560601510107517242431640625">
        <ele>14.19999980926513671875</ele>
        <time>2026-09-01T10:30:38.000Z</time>
        <extensions>
          <ns3:TrackPointExtension>
            <ns3:hr>152</ns3:hr>
            <ns3:cad>88</ns3:cad>
          </ns3:TrackPointExtension>
        </extensions>
      </trkpt>
      <trkpt lat="31.2162499129772186279296875" lon="121.38563334010541439056396484375">
        <ele>14.19999980926513671875</ele>
        <time>2026-09-01T10:30:39.000Z</time>
        <extensions>
          <ns3:TrackPointExtension>
            <ns3:hr>152</ns3:hr>
            <ns3:cad>87</ns3:cad>
          </ns3:TrackPointExtension>
        </extensions>
      </trkpt>
      <trkpt lat="31.2162458896636962890625" lon="121.38566317968070507049560546875">
        <ele>14.19999980926513671875</ele>
        <time>2026-09-01T10:30:40.000Z</time>
        <extensions>
          <ns3:TrackPointExtension>
            <ns3:hr>152</ns3:hr>
            <ns3:cad>87</ns3:cad>
          </ns3:TrackPointExtension>
        </extensions>
      </trkpt>
      <trkpt lat="31.21624496765434741973876953125" lon="121.385687403380870819091796875">
        <ele>14.19999980926513671875</ele>
        <time>2026-09-01T10:30:41.000Z</time>
        <extensions>
          <ns3:TrackPointExtension>
            <ns3:hr>153</ns3:hr>
            <ns3:cad>86</ns3:cad>
          </ns3:TrackPointExtension>
        </extensions>
      </trkpt>
      <trkpt lat="31.2162366695702075958251953125" lon="121.385715566575527191162109375">
        <ele>14.19999980926513671875</ele>
        <time>2026-09-01T10:30:42.000Z</time>
        <extensions>
          <ns3:TrackPointExtension>
            <ns3:hr>153</ns3:hr>
            <ns3:cad>86</ns3:cad>
          </ns3:TrackPointExtension>
        </extensions>
      </trkpt>
      <trkpt lat="31.2162299640476703643798828125" lon="121.3857400417327880859375">
        <ele>14</ele>
        <time>2026-09-01T10:30:43.000Z</time>
        <extensions>
          <ns3:TrackPointExtension>
            <ns3:hr>153</ns3:hr>
            <ns3:cad>88</ns3:cad>
          </ns3:TrackPointExtension>
        </extensions>
      </trkpt>
      <trkpt lat="31.21622434817254543304443359375" lon="121.38576929457485675811767578125">
        <ele>13.80000019073486328125</ele>
        <time>2026-09-01T10:30:44.000Z</time>
        <extensions>
          <ns3:TrackPointExtension>
            <ns3:hr>153</ns3:hr>
            <ns3:cad>88</ns3:cad>
          </ns3:TrackPointExtension>
        </extensions>
      </trkpt>
      <trkpt lat="31.21621646918356418609619140625" lon="121.38579863123595714569091796875">
        <ele>14</ele>
        <time>2026-09-01T10:30:45.000Z</time>
        <extensions>
          <ns3:TrackPointExtension>
            <ns3:hr>152</ns3:hr>
            <ns3:cad>88</ns3:cad>
          </ns3:TrackPointExtension>
        </extensions>
      </trkpt>
      <trkpt lat="31.21621169149875640869140625" lon="121.385827548801898956298828125">
        <ele>14</ele>
        <time>2026-09-01T10:30:46.000Z</time>
        <extensions>
          <ns3:TrackPointExtension>
            <ns3:hr>153</ns3:hr>
            <ns3:cad>87</ns3:cad>
          </ns3:TrackPointExtension>
        </extensions>
      </trkpt>
      <trkpt lat="31.21620657853782176971435546875" lon="121.38586032204329967498779296875">
        <ele>14</ele>
        <time>2026-09-01T10:30:47.000Z</time>
        <extensions>
          <ns3:TrackPointExtension>
            <ns3:hr>153</ns3:hr>
            <ns3:cad>87</ns3:cad>
          </ns3:TrackPointExtension>
        </extensions>
      </trkpt>
      <trkpt lat="31.2162038125097751617431640625" lon="121.385881863534450531005859375">
        <ele>14</ele>
        <time>2026-09-01T10:30:48.000Z</time>
        <extensions>
          <ns3:TrackPointExtension>
            <ns3:hr>153</ns3:hr>
            <ns3:cad>88</ns3:cad>
          </ns3:TrackPointExtension>
        </extensions>
      </trkpt>
      <trkpt lat="31.216197945177555084228515625" lon="121.38590960763394832611083984375">
        <ele>14</ele>
        <time>2026-09-01T10:30:49.000Z</time>
        <extensions>
          <ns3:TrackPointExtension>
            <ns3:hr>153</ns3:hr>
            <ns3:cad>88</ns3:cad>
          </ns3:TrackPointExtension>
        </extensions>
      </trkpt>
      <trkpt lat="31.216197945177555084228515625" lon="121.38593525625765323638916015625">
        <ele>14</ele>
        <time>2026-09-01T10:30:50.000Z</time>
        <extensions>
          <ns3:TrackPointExtension>
            <ns3:hr>153</ns3:hr>
            <ns3:cad>88</ns3:cad>
          </ns3:TrackPointExtension>
        </extensions>
      </trkpt>
      <trkpt lat="31.21619350276887416839599609375" lon="121.3859631679952144622802734375">
        <ele>14</ele>
        <time>2026-09-01T10:30:51.000Z</time>
        <extensions>
          <ns3:TrackPointExtension>
            <ns3:hr>153</ns3:hr>
            <ns3:cad>87</ns3:cad>
          </ns3:TrackPointExtension>
        </extensions>
      </trkpt>
      <trkpt lat="31.21619283221662044525146484375" lon="121.38599191792309284210205078125">
        <ele>14</ele>
        <time>2026-09-01T10:30:52.000Z</time>
        <extensions>
          <ns3:TrackPointExtension>
            <ns3:hr>153</ns3:hr>
            <ns3:cad>87</ns3:cad>
          </ns3:TrackPointExtension>
        </extensions>
      </trkpt>
      <trkpt lat="31.21619015000760555267333984375" lon="121.38602368533611297607421875">
        <ele>14</ele>
        <time>2026-09-01T10:30:53.000Z</time>
        <extensions>
          <ns3:TrackPointExtension>
            <ns3:hr>153</ns3:hr>
            <ns3:cad>87</ns3:cad>
          </ns3:TrackPointExtension>
        </extensions>
      </trkpt>
      <trkpt lat="31.21618730016052722930908203125" lon="121.38604841195046901702880859375">
        <ele>13.80000019073486328125</ele>
        <time>2026-09-01T10:30:54.000Z</time>
        <extensions>
          <ns3:TrackPointExtension>
            <ns3:hr>153</ns3:hr>
            <ns3:cad>89</ns3:cad>
          </ns3:TrackPointExtension>
        </extensions>
      </trkpt>
      <trkpt lat="31.21617707423865795135498046875" lon="121.38607841916382312774658203125">
        <ele>13.80000019073486328125</ele>
        <time>2026-09-01T10:30:55.000Z</time>
        <extensions>
          <ns3:TrackPointExtension>
            <ns3:hr>153</ns3:hr>
            <ns3:cad>89</ns3:cad>
          </ns3:TrackPointExtension>
        </extensions>
      </trkpt>
      <trkpt lat="31.21617154218256473541259765625" lon="121.386102139949798583984375">
        <ele>13.80000019073486328125</ele>
        <time>2026-09-01T10:30:56.000Z</time>
        <extensions>
          <ns3:TrackPointExtension>
            <ns3:hr>153</ns3:hr>
            <ns3:cad>88</ns3:cad>
          </ns3:TrackPointExtension>
        </extensions>
      </trkpt>
      <trkpt lat="31.2161635793745517730712890625" lon="121.386125274002552032470703125">
        <ele>13.80000019073486328125</ele>
        <time>2026-09-01T10:30:57.000Z</time>
        <extensions>
          <ns3:TrackPointExtension>
            <ns3:hr>153</ns3:hr>
            <ns3:cad>88</ns3:cad>
          </ns3:TrackPointExtension>
        </extensions>
      </trkpt>
      <trkpt lat="31.2161575444042682647705078125" lon="121.38614865951240062713623046875">
        <ele>13.80000019073486328125</ele>
        <time>2026-09-01T10:30:58.000Z</time>
        <extensions>
          <ns3:TrackPointExtension>
            <ns3:hr>153</ns3:hr>
            <ns3:cad>87</ns3:cad>
          </ns3:TrackPointExtension>
        </extensions>
      </trkpt>
      <trkpt lat="31.2161491625010967254638671875" lon="121.38617699034512042999267578125">
        <ele>13.80000019073486328125</ele>
        <time>2026-09-01T10:30:59.000Z</time>
        <extensions>
          <ns3:TrackPointExtension>
            <ns3:hr>153</ns3:hr>
            <ns3:cad>87</ns3:cad>
          </ns3:TrackPointExtension>
        </extensions>
      </trkpt>
      <trkpt lat="31.2161417864263057708740234375" lon="121.386205740272998809814453125">
        <ele>13.80000019073486328125</ele>
        <time>2026-09-01T10:31:00.000Z</time>
        <extensions>
          <ns3:TrackPointExtension>
            <ns3:hr>153</ns3:hr>
            <ns3:cad>88</ns3:cad>
          </ns3:TrackPointExtension>
        </extensions>
      </trkpt>
      <trkpt lat="31.21613332070410251617431640625" lon="121.386236585676670074462890625">
        <ele>13.80000019073486328125</ele>
        <time>2026-09-01T10:31:01.000Z</time>
        <extensions>
          <ns3:TrackPointExtension>
            <ns3:hr>152</ns3:hr>
            <ns3:cad>89</ns3:cad>
          </ns3:TrackPointExtension>
        </extensions>
      </trkpt>
      <trkpt lat="31.2161238491535186767578125" lon="121.38626902364194393157958984375">
        <ele>13.80000019073486328125</ele>
        <time>2026-09-01T10:31:02.000Z</time>
        <extensions>
          <ns3:TrackPointExtension>
            <ns3:hr>153</ns3:hr>
            <ns3:cad>89</ns3:cad>
          </ns3:TrackPointExtension>
        </extensions>
      </trkpt>
      <trkpt lat="31.21611773036420345306396484375" lon="121.3862966001033782958984375">
        <ele>13.80000019073486328125</ele>
        <time>2026-09-01T10:31:03.000Z</time>
        <extensions>
          <ns3:TrackPointExtension>
            <ns3:hr>152</ns3:hr>
            <ns3:cad>88</ns3:cad>
          </ns3:TrackPointExtension>
        </extensions>
      </trkpt>
      <trkpt lat="31.2161095999181270599365234375" lon="121.3863262720406055450439453125">
        <ele>14</ele>
        <time>2026-09-01T10:31:04.000Z</time>
        <extensions>
          <ns3:TrackPointExtension>
            <ns3:hr>152</ns3:hr>
            <ns3:cad>87</ns3:cad>
          </ns3:TrackPointExtension>
        </extensions>
      </trkpt>
      <trkpt lat="31.21610683389008045196533203125" lon="121.386354602873325347900390625">
        <ele>14</ele>
        <time>2026-09-01T10:31:05.000Z</time>
        <extensions>
          <ns3:TrackPointExtension>
            <ns3:hr>152</ns3:hr>
            <ns3:cad>87</ns3:cad>
          </ns3:TrackPointExtension>
        </extensions>
      </trkpt>
      <trkpt lat="31.21609895490109920501708984375" lon="121.38638083823025226593017578125">
        <ele>14</ele>
        <time>2026-09-01T10:31:06.000Z</time>
        <extensions>
          <ns3:TrackPointExtension>
            <ns3:hr>151</ns3:hr>
            <ns3:cad>88</ns3:cad>
          </ns3:TrackPointExtension>
        </extensions>
      </trkpt>
      <trkpt lat="31.21609878726303577423095703125" lon="121.3864020444452762603759765625">
        <ele>14</ele>
        <time>2026-09-01T10:31:07.000Z</time>
        <extensions>
          <ns3:TrackPointExtension>
            <ns3:hr>150</ns3:hr>
            <ns3:cad>89</ns3:cad>
          </ns3:TrackPointExtension>
        </extensions>
      </trkpt>
      <trkpt lat="31.216087304055690765380859375" lon="121.3864312134683132171630859375">
        <ele>14</ele>
        <time>2026-09-01T10:31:08.000Z</time>
        <extensions>
          <ns3:TrackPointExtension>
            <ns3:hr>150</ns3:hr>
            <ns3:cad>89</ns3:cad>
          </ns3:TrackPointExtension>
        </extensions>
      </trkpt>
      <trkpt lat="31.2160847894847393035888671875" lon="121.386459879577159881591796875">
        <ele>14</ele>
        <time>2026-09-01T10:31:09.000Z</time>
        <extensions>
          <ns3:TrackPointExtension>
            <ns3:hr>150</ns3:hr>
            <ns3:cad>88</ns3:cad>
          </ns3:TrackPointExtension>
        </extensions>
      </trkpt>
      <trkpt lat="31.216079257428646087646484375" lon="121.38649114407598972320556640625">
        <ele>14</ele>
        <time>2026-09-01T10:31:10.000Z</time>
        <extensions>
          <ns3:TrackPointExtension>
            <ns3:hr>150</ns3:hr>
            <ns3:cad>87</ns3:cad>
          </ns3:TrackPointExtension>
        </extensions>
      </trkpt>
      <trkpt lat="31.216076575219631195068359375" lon="121.38652064837515354156494140625">
        <ele>13.80000019073486328125</ele>
        <time>2026-09-01T10:31:11.000Z</time>
        <extensions>
          <ns3:TrackPointExtension>
            <ns3:hr>150</ns3:hr>
            <ns3:cad>87</ns3:cad>
          </ns3:TrackPointExtension>
        </extensions>
      </trkpt>
      <trkpt lat="31.21606911532580852508544921875" lon="121.3865514099597930908203125">
        <ele>13.80000019073486328125</ele>
        <time>2026-09-01T10:31:12.000Z</time>
        <extensions>
          <ns3:TrackPointExtension>
            <ns3:hr>149</ns3:hr>
            <ns3:cad>87</ns3:cad>
          </ns3:TrackPointExtension>
        </extensions>
      </trkpt>
      <trkpt lat="31.21606341563165187835693359375" lon="121.38657328672707080841064453125">
        <ele>13.80000019073486328125</ele>
        <time>2026-09-01T10:31:13.000Z</time>
        <extensions>
          <ns3:TrackPointExtension>
            <ns3:hr>150</ns3:hr>
            <ns3:cad>88</ns3:cad>
          </ns3:TrackPointExtension>
        </extensions>
      </trkpt>
      <trkpt lat="31.216057129204273223876953125" lon="121.38660681433975696563720703125">
        <ele>14</ele>
        <time>2026-09-01T10:31:14.000Z</time>
        <extensions>
          <ns3:TrackPointExtension>
            <ns3:hr>149</ns3:hr>
            <ns3:cad>88</ns3:cad>
          </ns3:TrackPointExtension>
        </extensions>
      </trkpt>
      <trkpt lat="31.2160492502152919769287109375" lon="121.3866310380399227142333984375">
        <ele>13.80000019073486328125</ele>
        <time>2026-09-01T10:31:15.000Z</time>
        <extensions>
          <ns3:TrackPointExtension>
            <ns3:hr>149</ns3:hr>
            <ns3:cad>88</ns3:cad>
          </ns3:TrackPointExtension>
        </extensions>
      </trkpt>
      <trkpt lat="31.2160428799688816070556640625" lon="121.3866548426449298858642578125">
        <ele>14</ele>
        <time>2026-09-01T10:31:16.000Z</time>
        <extensions>
          <ns3:TrackPointExtension>
            <ns3:hr>149</ns3:hr>
            <ns3:cad>87</ns3:cad>
          </ns3:TrackPointExtension>
        </extensions>
      </trkpt>
      <trkpt lat="31.21603441424667835235595703125" lon="121.38668174855411052703857421875">
        <ele>14</ele>
        <time>2026-09-01T10:31:17.000Z</time>
        <extensions>
          <ns3:TrackPointExtension>
            <ns3:hr>149</ns3:hr>
            <ns3:cad>87</ns3:cad>
          </ns3:TrackPointExtension>
        </extensions>
      </trkpt>
      <trkpt lat="31.21603106148540973663330078125" lon="121.3867068104445934295654296875">
        <ele>14</ele>
        <time>2026-09-01T10:31:18.000Z</time>
        <extensions>
          <ns3:TrackPointExtension>
            <ns3:hr>149</ns3:hr>
            <ns3:cad>87</ns3:cad>
          </ns3:TrackPointExtension>
        </extensions>
      </trkpt>
      <trkpt lat="31.21602033264935016632080078125" lon="121.3867383264005184173583984375">
        <ele>14</ele>
        <time>2026-09-01T10:31:19.000Z</time>
        <extensions>
          <ns3:TrackPointExtension>
            <ns3:hr>149</ns3:hr>
            <ns3:cad>87</ns3:cad>
          </ns3:TrackPointExtension>
        </extensions>
      </trkpt>
      <trkpt lat="31.216018237173557281494140625" lon="121.38676422648131847381591796875">
        <ele>13.80000019073486328125</ele>
        <time>2026-09-01T10:31:20.000Z</time>
        <extensions>
          <ns3:TrackPointExtension>
            <ns3:hr>149</ns3:hr>
            <ns3:cad>87</ns3:cad>
          </ns3:TrackPointExtension>
        </extensions>
      </trkpt>
      <trkpt lat="31.2160093523561954498291015625" lon="121.38678819872438907623291015625">
        <ele>13.80000019073486328125</ele>
        <time>2026-09-01T10:31:21.000Z</time>
        <extensions>
          <ns3:TrackPointExtension>
            <ns3:hr>150</ns3:hr>
            <ns3:cad>88</ns3:cad>
          </ns3:TrackPointExtension>
        </extensions>
      </trkpt>
      <trkpt lat="31.21600239537656307220458984375" lon="121.386812590062618255615234375">
        <ele>13.80000019073486328125</ele>
        <time>2026-09-01T10:31:22.000Z</time>
        <extensions>
          <ns3:TrackPointExtension>
            <ns3:hr>149</ns3:hr>
            <ns3:cad>88</ns3:cad>
          </ns3:TrackPointExtension>
        </extensions>
      </trkpt>
      <trkpt lat="31.215994767844676971435546875" lon="121.386836059391498565673828125">
        <ele>13.80000019073486328125</ele>
        <time>2026-09-01T10:31:23.000Z</time>
        <extensions>
          <ns3:TrackPointExtension>
            <ns3:hr>149</ns3:hr>
            <ns3:cad>87</ns3:cad>
          </ns3:TrackPointExtension>
        </extensions>
      </trkpt>
      <trkpt lat="31.21598848141729831695556640625" lon="121.38686128892004489898681640625">
        <ele>13.80000019073486328125</ele>
        <time>2026-09-01T10:31:24.000Z</time>
        <extensions>
          <ns3:TrackPointExtension>
            <ns3:hr>149</ns3:hr>
            <ns3:cad>87</ns3:cad>
          </ns3:TrackPointExtension>
        </extensions>
      </trkpt>
      <trkpt lat="31.21598529629409313201904296875" lon="121.3868848420679569244384765625">
        <ele>14</ele>
        <time>2026-09-01T10:31:25.000Z</time>
        <extensions>
          <ns3:TrackPointExtension>
            <ns3:hr>149</ns3:hr>
            <ns3:cad>87</ns3:cad>
          </ns3:TrackPointExtension>
        </extensions>
      </trkpt>
      <trkpt lat="31.2159763276576995849609375" lon="121.386913172900676727294921875">
        <ele>14</ele>
        <time>2026-09-01T10:31:26.000Z</time>
        <extensions>
          <ns3:TrackPointExtension>
            <ns3:hr>149</ns3:hr>
            <ns3:cad>87</ns3:cad>
          </ns3:TrackPointExtension>
        </extensions>
      </trkpt>
      <trkpt lat="31.215971969068050384521484375" lon="121.38694100081920623779296875">
        <ele>14</ele>
        <time>2026-09-01T10:31:27.000Z</time>
        <extensions>
          <ns3:TrackPointExtension>
            <ns3:hr>150</ns3:hr>
            <ns3:cad>88</ns3:cad>
          </ns3:TrackPointExtension>
        </extensions>
      </trkpt>
      <trkpt lat="31.2159697897732257843017578125" lon="121.38697125948965549468994140625">
        <ele>13.80000019073486328125</ele>
        <time>2026-09-01T10:31:28.000Z</time>
        <extensions>
          <ns3:TrackPointExtension>
            <ns3:hr>150</ns3:hr>
            <ns3:cad>87</ns3:cad>
          </ns3:TrackPointExtension>
        </extensions>
      </trkpt>
      <trkpt lat="31.2159650959074497222900390625" lon="121.386997997760772705078125">
        <ele>13.80000019073486328125</ele>
        <time>2026-09-01T10:31:29.000Z</time>
        <extensions>
          <ns3:TrackPointExtension>
            <ns3:hr>150</ns3:hr>
            <ns3:cad>87</ns3:cad>
          </ns3:TrackPointExtension>
        </extensions>
      </trkpt>
      <trkpt lat="31.21596249751746654510498046875" lon="121.387027837336063385009765625">
        <ele>13.80000019073486328125</ele>
        <time>2026-09-01T10:31:30.000Z</time>
        <extensions>
          <ns3:TrackPointExtension>
            <ns3:hr>150</ns3:hr>
            <ns3:cad>87</ns3:cad>
          </ns3:TrackPointExtension>
        </extensions>
      </trkpt>
      <trkpt lat="31.2159607373178005218505859375" lon="121.38705365359783172607421875">
        <ele>13.80000019073486328125</ele>
        <time>2026-09-01T10:31:31.000Z</time>
        <extensions>
          <ns3:TrackPointExtension>
            <ns3:hr>150</ns3:hr>
            <ns3:cad>87</ns3:cad>
          </ns3:TrackPointExtension>
        </extensions>
      </trkpt>
      <trkpt lat="31.215956211090087890625" lon="121.38708181679248809814453125">
        <ele>13.80000019073486328125</ele>
        <time>2026-09-01T10:31:32.000Z</time>
        <extensions>
          <ns3:TrackPointExtension>
            <ns3:hr>150</ns3:hr>
            <ns3:cad>87</ns3:cad>
          </ns3:TrackPointExtension>
        </extensions>
      </trkpt>
      <trkpt lat="31.2159553728997707366943359375" lon="121.38710788451135158538818359375">
        <ele>13.80000019073486328125</ele>
        <time>2026-09-01T10:31:33.000Z</time>
        <extensions>
          <ns3:TrackPointExtension>
            <ns3:hr>150</ns3:hr>
            <ns3:cad>87</ns3:cad>
          </ns3:TrackPointExtension>
        </extensions>
      </trkpt>
      <trkpt lat="31.2159540317952632904052734375" lon="121.3871373049914836883544921875">
        <ele>13.80000019073486328125</ele>
        <time>2026-09-01T10:31:34.000Z</time>
        <extensions>
          <ns3:TrackPointExtension>
            <ns3:hr>150</ns3:hr>
            <ns3:cad>87</ns3:cad>
          </ns3:TrackPointExtension>
        </extensions>
      </trkpt>
      <trkpt lat="31.215953528881072998046875" lon="121.3871701620519161224365234375">
        <ele>14</ele>
        <time>2026-09-01T10:31:35.000Z</time>
        <extensions>
          <ns3:TrackPointExtension>
            <ns3:hr>149</ns3:hr>
            <ns3:cad>86</ns3:cad>
          </ns3:TrackPointExtension>
        </extensions>
      </trkpt>
      <trkpt lat="31.21596199460327625274658203125" lon="121.387193463742733001708984375">
        <ele>14</ele>
        <time>2026-09-01T10:31:36.000Z</time>
        <extensions>
          <ns3:TrackPointExtension>
            <ns3:hr>149</ns3:hr>
            <ns3:cad>86</ns3:cad>
          </ns3:TrackPointExtension>
        </extensions>
      </trkpt>
      <trkpt lat="31.21597724966704845428466796875" lon="121.387223303318023681640625">
        <ele>14</ele>
        <time>2026-09-01T10:31:37.000Z</time>
        <extensions>
          <ns3:TrackPointExtension>
            <ns3:hr>149</ns3:hr>
            <ns3:cad>85</ns3:cad>
          </ns3:TrackPointExtension>
        </extensions>
      </trkpt>
      <trkpt lat="31.2159956060349941253662109375" lon="121.38723713345825672149658203125">
        <ele>14</ele>
        <time>2026-09-01T10:31:38.000Z</time>
        <extensions>
          <ns3:TrackPointExtension>
            <ns3:hr>149</ns3:hr>
            <ns3:cad>85</ns3:cad>
          </ns3:TrackPointExtension>
        </extensions>
      </trkpt>
      <trkpt lat="31.21602502651512622833251953125" lon="121.38726043514907360076904296875">
        <ele>13.80000019073486328125</ele>
        <time>2026-09-01T10:31:39.000Z</time>
        <extensions>
          <ns3:TrackPointExtension>
            <ns3:hr>150</ns3:hr>
            <ns3:cad>85</ns3:cad>
          </ns3:TrackPointExtension>
        </extensions>
      </trkpt>
      <trkpt lat="31.216042041778564453125" lon="121.38727485202252864837646484375">
        <ele>13.80000019073486328125</ele>
        <time>2026-09-01T10:31:40.000Z</time>
        <extensions>
          <ns3:TrackPointExtension>
            <ns3:hr>149</ns3:hr>
            <ns3:cad>84</ns3:cad>
          </ns3:TrackPointExtension>
        </extensions>
      </trkpt>
      <trkpt lat="31.21606626547873020172119140625" lon="121.38729077763855457305908203125">
        <ele>13.80000019073486328125</ele>
        <time>2026-09-01T10:31:41.000Z</time>
        <extensions>
          <ns3:TrackPointExtension>
            <ns3:hr>149</ns3:hr>
            <ns3:cad>84</ns3:cad>
          </ns3:TrackPointExtension>
        </extensions>
      </trkpt>
      <trkpt lat="31.216088645160198211669921875" lon="121.38730586506426334381103515625">
        <ele>13.80000019073486328125</ele>
        <time>2026-09-01T10:31:42.000Z</time>
        <extensions>
          <ns3:TrackPointExtension>
            <ns3:hr>149</ns3:hr>
            <ns3:cad>85</ns3:cad>
          </ns3:TrackPointExtension>
        </extensions>
      </trkpt>
      <trkpt lat="31.21611244976520538330078125" lon="121.38730955310165882110595703125">
        <ele>13.80000019073486328125</ele>
        <time>2026-09-01T10:31:43.000Z</time>
        <extensions>
          <ns3:TrackPointExtension>
            <ns3:hr>149</ns3:hr>
            <ns3:cad>86</ns3:cad>
          </ns3:TrackPointExtension>
        </extensions>
      </trkpt>
      <trkpt lat="31.21613516472280025482177734375" lon="121.38731726445257663726806640625">
        <ele>13.80000019073486328125</ele>
        <time>2026-09-01T10:31:44.000Z</time>
        <extensions>
          <ns3:TrackPointExtension>
            <ns3:hr>149</ns3:hr>
            <ns3:cad>88</ns3:cad>
          </ns3:TrackPointExtension>
        </extensions>
      </trkpt>
      <trkpt lat="31.216157041490077972412109375" lon="121.387324221432209014892578125">
        <ele>13.6000003814697265625</ele>
        <time>2026-09-01T10:31:45.000Z</time>
        <extensions>
          <ns3:TrackPointExtension>
            <ns3:hr>150</ns3:hr>
            <ns3:cad>88</ns3:cad>
          </ns3:TrackPointExtension>
        </extensions>
      </trkpt>
      <trkpt lat="31.21618243865668773651123046875" lon="121.3873372972011566162109375">
        <ele>13.80000019073486328125</ele>
        <time>2026-09-01T10:31:46.000Z</time>
        <extensions>
          <ns3:TrackPointExtension>
            <ns3:hr>150</ns3:hr>
            <ns3:cad>88</ns3:cad>
          </ns3:TrackPointExtension>
        </extensions>
      </trkpt>
      <trkpt lat="31.2162064947187900543212890625" lon="121.3873418234288692474365234375">
        <ele>13.80000019073486328125</ele>
        <time>2026-09-01T10:31:47.000Z</time>
        <extensions>
          <ns3:TrackPointExtension>
            <ns3:hr>150</ns3:hr>
            <ns3:cad>88</ns3:cad>
          </ns3:TrackPointExtension>
        </extensions>
      </trkpt>
      <trkpt lat="31.2162338197231292724609375" lon="121.38735297136008739471435546875">
        <ele>13.80000019073486328125</ele>
        <time>2026-09-01T10:31:48.000Z</time>
        <extensions>
          <ns3:TrackPointExtension>
            <ns3:hr>150</ns3:hr>
            <ns3:cad>88</ns3:cad>
          </ns3:TrackPointExtension>
        </extensions>
      </trkpt>
      <trkpt lat="31.21624932624399662017822265625" lon="121.3873575814068317413330078125">
        <ele>13.80000019073486328125</ele>
        <time>2026-09-01T10:31:49.000Z</time>
        <extensions>
          <ns3:TrackPointExtension>
            <ns3:hr>150</ns3:hr>
            <ns3:cad>88</ns3:cad>
          </ns3:TrackPointExtension>
        </extensions>
      </trkpt>
      <trkpt lat="31.2162738852202892303466796875" lon="121.3873669691383838653564453125">
        <ele>13.80000019073486328125</ele>
        <time>2026-09-01T10:31:50.000Z</time>
        <extensions>
          <ns3:TrackPointExtension>
            <ns3:hr>150</ns3:hr>
            <ns3:cad>88</ns3:cad>
          </ns3:TrackPointExtension>
        </extensions>
      </trkpt>
      <trkpt lat="31.21629307977855205535888671875" lon="121.38737308792769908905029296875">
        <ele>13.80000019073486328125</ele>
        <time>2026-09-01T10:31:51.000Z</time>
        <extensions>
          <ns3:TrackPointExtension>
            <ns3:hr>150</ns3:hr>
            <ns3:cad>88</ns3:cad>
          </ns3:TrackPointExtension>
        </extensions>
      </trkpt>
      <trkpt lat="31.21631654910743236541748046875" lon="121.3873833976686000823974609375">
        <ele>13.80000019073486328125</ele>
        <time>2026-09-01T10:31:52.000Z</time>
        <extensions>
          <ns3:TrackPointExtension>
            <ns3:hr>150</ns3:hr>
            <ns3:cad>89</ns3:cad>
          </ns3:TrackPointExtension>
        </extensions>
      </trkpt>
      <trkpt lat="31.2163412757217884063720703125" lon="121.38738892972469329833984375">
        <ele>13.80000019073486328125</ele>
        <time>2026-09-01T10:31:53.000Z</time>
        <extensions>
          <ns3:TrackPointExtension>
            <ns3:hr>151</ns3:hr>
            <ns3:cad>89</ns3:cad>
          </ns3:TrackPointExtension>
        </extensions>
      </trkpt>
      <trkpt lat="31.2163634039461612701416015625" lon="121.3874016702175140380859375">
        <ele>14</ele>
        <time>2026-09-01T10:31:54.000Z</time>
        <extensions>
          <ns3:TrackPointExtension>
            <ns3:hr>151</ns3:hr>
            <ns3:cad>88</ns3:cad>
          </ns3:TrackPointExtension>
        </extensions>
      </trkpt>
      <trkpt lat="31.21637891046702861785888671875" lon="121.38741130940616130828857421875">
        <ele>14</ele>
        <time>2026-09-01T10:31:55.000Z</time>
        <extensions>
          <ns3:TrackPointExtension>
            <ns3:hr>151</ns3:hr>
            <ns3:cad>87</ns3:cad>
          </ns3:TrackPointExtension>
        </extensions>
      </trkpt>
      <trkpt lat="31.21640036813914775848388671875" lon="121.38742111623287200927734375">
        <ele>14</ele>
        <time>2026-09-01T10:31:56.000Z</time>
        <extensions>
          <ns3:TrackPointExtension>
            <ns3:hr>151</ns3:hr>
            <ns3:cad>87</ns3:cad>
          </ns3:TrackPointExtension>
        </extensions>
      </trkpt>
      <trkpt lat="31.21641444973647594451904296875" lon="121.3874333538115024566650390625">
        <ele>14</ele>
        <time>2026-09-01T10:31:57.000Z</time>
        <extensions>
          <ns3:TrackPointExtension>
            <ns3:hr>151</ns3:hr>
            <ns3:cad>87</ns3:cad>
          </ns3:TrackPointExtension>
        </extensions>
      </trkpt>
      <trkpt lat="31.216446720063686370849609375" lon="121.3874474354088306427001953125">
        <ele>14</ele>
        <time>2026-09-01T10:31:58.000Z</time>
        <extensions>
          <ns3:TrackPointExtension>
            <ns3:hr>151</ns3:hr>
            <ns3:cad>89</ns3:cad>
          </ns3:TrackPointExtension>
        </extensions>
      </trkpt>
      <trkpt lat="31.21647044084966182708740234375" lon="121.387456320226192474365234375">
        <ele>13.80000019073486328125</ele>
        <time>2026-09-01T10:31:59.000Z</time>
        <extensions>
          <ns3:TrackPointExtension>
            <ns3:hr>152</ns3:hr>
            <ns3:cad>89</ns3:cad>
          </ns3:TrackPointExtension>
        </extensions>
      </trkpt>
      <trkpt lat="31.21650011278688907623291015625" lon="121.38746864162385463714599609375">
        <ele>13.80000019073486328125</ele>
        <time>2026-09-01T10:32:00.000Z</time>
        <extensions>
          <ns3:TrackPointExtension>
            <ns3:hr>151</ns3:hr>
            <ns3:cad>87</ns3:cad>
          </ns3:TrackPointExtension>
        </extensions>
      </trkpt>
      <trkpt lat="31.21652525849640369415283203125" lon="121.3874802924692630767822265625">
        <ele>13.80000019073486328125</ele>
        <time>2026-09-01T10:32:01.000Z</time>
        <extensions>
          <ns3:TrackPointExtension>
            <ns3:hr>151</ns3:hr>
            <ns3:cad>87</ns3:cad>
          </ns3:TrackPointExtension>
        </extensions>
      </trkpt>
      <trkpt lat="31.21654830873012542724609375" lon="121.3874856568872928619384765625">
        <ele>13.80000019073486328125</ele>
        <time>2026-09-01T10:32:02.000Z</time>
        <extensions>
          <ns3:TrackPointExtension>
            <ns3:hr>152</ns3:hr>
            <ns3:cad>87</ns3:cad>
          </ns3:TrackPointExtension>
        </extensions>
      </trkpt>
      <trkpt lat="31.21657454408705234527587890625" lon="121.38749755918979644775390625">
        <ele>14</ele>
        <time>2026-09-01T10:32:03.000Z</time>
        <extensions>
          <ns3:TrackPointExtension>
            <ns3:hr>152</ns3:hr>
            <ns3:cad>87</ns3:cad>
          </ns3:TrackPointExtension>
        </extensions>
      </trkpt>
      <trkpt lat="31.21659667231142520904541015625" lon="121.38750485144555568695068359375">
        <ele>14</ele>
        <time>2026-09-01T10:32:04.000Z</time>
        <extensions>
          <ns3:TrackPointExtension>
            <ns3:hr>152</ns3:hr>
            <ns3:cad>87</ns3:cad>
          </ns3:TrackPointExtension>
        </extensions>
      </trkpt>
      <trkpt lat="31.21662341058254241943359375" lon="121.38751365244388580322265625">
        <ele>14</ele>
        <time>2026-09-01T10:32:05.000Z</time>
        <extensions>
          <ns3:TrackPointExtension>
            <ns3:hr>152</ns3:hr>
            <ns3:cad>88</ns3:cad>
          </ns3:TrackPointExtension>
        </extensions>
      </trkpt>
      <trkpt lat="31.21664076112210750579833984375" lon="121.38751558028161525726318359375">
        <ele>14</ele>
        <time>2026-09-01T10:32:06.000Z</time>
        <extensions>
          <ns3:TrackPointExtension>
            <ns3:hr>151</ns3:hr>
            <ns3:cad>88</ns3:cad>
          </ns3:TrackPointExtension>
        </extensions>
      </trkpt>
      <trkpt lat="31.21667194180190563201904296875" lon="121.3875228725373744964599609375">
        <ele>14</ele>
        <time>2026-09-01T10:32:07.000Z</time>
        <extensions>
          <ns3:TrackPointExtension>
            <ns3:hr>152</ns3:hr>
            <ns3:cad>88</ns3:cad>
          </ns3:TrackPointExtension>
        </extensions>
      </trkpt>
      <trkpt lat="31.21669306419789791107177734375" lon="121.38752639293670654296875">
        <ele>14</ele>
        <time>2026-09-01T10:32:08.000Z</time>
        <extensions>
          <ns3:TrackPointExtension>
            <ns3:hr>152</ns3:hr>
            <ns3:cad>88</ns3:cad>
          </ns3:TrackPointExtension>
        </extensions>
      </trkpt>
      <trkpt lat="31.21672131121158599853515625" lon="121.3875362835824489593505859375">
        <ele>13.80000019073486328125</ele>
        <time>2026-09-01T10:32:09.000Z</time>
        <extensions>
          <ns3:TrackPointExtension>
            <ns3:hr>152</ns3:hr>
            <ns3:cad>88</ns3:cad>
          </ns3:TrackPointExtension>
        </extensions>
      </trkpt>
      <trkpt lat="31.216743104159832000732421875" lon="121.38754357583820819854736328125">
        <ele>14</ele>
        <time>2026-09-01T10:32:10.000Z</time>
        <extensions>
          <ns3:TrackPointExtension>
            <ns3:hr>152</ns3:hr>
            <ns3:cad>88</ns3:cad>
          </ns3:TrackPointExtension>
        </extensions>
      </trkpt>
      <trkpt lat="31.2167674116790294647216796875" lon="121.38754944317042827606201171875">
        <ele>14</ele>
        <time>2026-09-01T10:32:11.000Z</time>
        <extensions>
          <ns3:TrackPointExtension>
            <ns3:hr>153</ns3:hr>
            <ns3:cad>88</ns3:cad>
          </ns3:TrackPointExtension>
        </extensions>
      </trkpt>
      <trkpt lat="31.21678694151341915130615234375" lon="121.38755933381617069244384765625">
        <ele>14</ele>
        <time>2026-09-01T10:32:12.000Z</time>
        <extensions>
          <ns3:TrackPointExtension>
            <ns3:hr>153</ns3:hr>
            <ns3:cad>88</ns3:cad>
          </ns3:TrackPointExtension>
        </extensions>
      </trkpt>
      <trkpt lat="31.21680504642426967620849609375" lon="121.38756687752902507781982421875">
        <ele>14</ele>
        <time>2026-09-01T10:32:13.000Z</time>
        <extensions>
          <ns3:TrackPointExtension>
            <ns3:hr>153</ns3:hr>
            <ns3:cad>88</ns3:cad>
          </ns3:TrackPointExtension>
        </extensions>
      </trkpt>
      <trkpt lat="31.2168292701244354248046875" lon="121.38757961802184581756591796875">
        <ele>14</ele>
        <time>2026-09-01T10:32:14.000Z</time>
        <extensions>
          <ns3:TrackPointExtension>
            <ns3:hr>153</ns3:hr>
            <ns3:cad>87</ns3:cad>
          </ns3:TrackPointExtension>
        </extensions>
      </trkpt>
      <trkpt lat="31.21685139834880828857421875" lon="121.3875862397253513336181640625">
        <ele>14</ele>
        <time>2026-09-01T10:32:15.000Z</time>
        <extensions>
          <ns3:TrackPointExtension>
            <ns3:hr>153</ns3:hr>
            <ns3:cad>87</ns3:cad>
          </ns3:TrackPointExtension>
        </extensions>
      </trkpt>
      <trkpt lat="31.21687277220189571380615234375" lon="121.38759219087660312652587890625">
        <ele>14</ele>
        <time>2026-09-01T10:32:16.000Z</time>
        <extensions>
          <ns3:TrackPointExtension>
            <ns3:hr>153</ns3:hr>
            <ns3:cad>87</ns3:cad>
          </ns3:TrackPointExtension>
        </extensions>
      </trkpt>
      <trkpt lat="31.2168896198272705078125" lon="121.38759939931333065032958984375">
        <ele>14.19999980926513671875</ele>
        <time>2026-09-01T10:32:17.000Z</time>
        <extensions>
          <ns3:TrackPointExtension>
            <ns3:hr>153</ns3:hr>
            <ns3:cad>87</ns3:cad>
          </ns3:TrackPointExtension>
        </extensions>
      </trkpt>
      <trkpt lat="31.216918118298053741455078125" lon="121.387605853378772735595703125">
        <ele>14.19999980926513671875</ele>
        <time>2026-09-01T10:32:18.000Z</time>
        <extensions>
          <ns3:TrackPointExtension>
            <ns3:hr>153</ns3:hr>
            <ns3:cad>87</ns3:cad>
          </ns3:TrackPointExtension>
        </extensions>
      </trkpt>
      <trkpt lat="31.21693580411374568939208984375" lon="121.387623287737369537353515625">
        <ele>14.3999996185302734375</ele>
        <time>2026-09-01T10:32:19.000Z</time>
        <extensions>
          <ns3:TrackPointExtension>
            <ns3:hr>153</ns3:hr>
            <ns3:cad>87</ns3:cad>
          </ns3:TrackPointExtension>
        </extensions>
      </trkpt>
      <trkpt lat="31.21695273555815219879150390625" lon="121.38763443566858768463134765625">
        <ele>14.3999996185302734375</ele>
        <time>2026-09-01T10:32:20.000Z</time>
        <extensions>
          <ns3:TrackPointExtension>
            <ns3:hr>153</ns3:hr>
            <ns3:cad>87</ns3:cad>
          </ns3:TrackPointExtension>
        </extensions>
      </trkpt>
      <trkpt lat="31.216973774135112762451171875" lon="121.387648098170757293701171875">
        <ele>14.19999980926513671875</ele>
        <time>2026-09-01T10:32:21.000Z</time>
        <extensions>
          <ns3:TrackPointExtension>
            <ns3:hr>153</ns3:hr>
            <ns3:cad>86</ns3:cad>
          </ns3:TrackPointExtension>
        </extensions>
      </trkpt>
      <trkpt lat="31.2169987522065639495849609375" lon="121.3876536302268505096435546875">
        <ele>14.19999980926513671875</ele>
        <time>2026-09-01T10:32:22.000Z</time>
        <extensions>
          <ns3:TrackPointExtension>
            <ns3:hr>153</ns3:hr>
            <ns3:cad>86</ns3:cad>
          </ns3:TrackPointExtension>
        </extensions>
      </trkpt>
      <trkpt lat="31.217023395001888275146484375" lon="121.38766628690063953399658203125">
        <ele>14.19999980926513671875</ele>
        <time>2026-09-01T10:32:23.000Z</time>
        <extensions>
          <ns3:TrackPointExtension>
            <ns3:hr>153</ns3:hr>
            <ns3:cad>88</ns3:cad>
          </ns3:TrackPointExtension>
        </extensions>
      </trkpt>
      <trkpt lat="31.217045523226261138916015625" lon="121.3876750878989696502685546875">
        <ele>14.19999980926513671875</ele>
        <time>2026-09-01T10:32:24.000Z</time>
        <extensions>
          <ns3:TrackPointExtension>
            <ns3:hr>153</ns3:hr>
            <ns3:cad>88</ns3:cad>
          </ns3:TrackPointExtension>
        </extensions>
      </trkpt>
      <trkpt lat="31.217071004211902618408203125" lon="121.3876886665821075439453125">
        <ele>14.19999980926513671875</ele>
        <time>2026-09-01T10:32:25.000Z</time>
        <extensions>
          <ns3:TrackPointExtension>
            <ns3:hr>153</ns3:hr>
            <ns3:cad>87</ns3:cad>
          </ns3:TrackPointExtension>
        </extensions>
      </trkpt>
      <trkpt lat="31.2170939706265926361083984375" lon="121.38769470155239105224609375">
        <ele>14.19999980926513671875</ele>
        <time>2026-09-01T10:32:26.000Z</time>
        <extensions>
          <ns3:TrackPointExtension>
            <ns3:hr>153</ns3:hr>
            <ns3:cad>87</ns3:cad>
          </ns3:TrackPointExtension>
        </extensions>
      </trkpt>
      <trkpt lat="31.2171191163361072540283203125" lon="121.38771037571132183074951171875">
        <ele>14.19999980926513671875</ele>
        <time>2026-09-01T10:32:27.000Z</time>
        <extensions>
          <ns3:TrackPointExtension>
            <ns3:hr>153</ns3:hr>
            <ns3:cad>87</ns3:cad>
          </ns3:TrackPointExtension>
        </extensions>
      </trkpt>
      <trkpt lat="31.2171445973217487335205078125" lon="121.387719176709651947021484375">
        <ele>14.19999980926513671875</ele>
        <time>2026-09-01T10:32:28.000Z</time>
        <extensions>
          <ns3:TrackPointExtension>
            <ns3:hr>153</ns3:hr>
            <ns3:cad>87</ns3:cad>
          </ns3:TrackPointExtension>
        </extensions>
      </trkpt>
      <trkpt lat="31.21716429479420185089111328125" lon="121.38773183338344097137451171875">
        <ele>14.19999980926513671875</ele>
        <time>2026-09-01T10:32:29.000Z</time>
        <extensions>
          <ns3:TrackPointExtension>
            <ns3:hr>153</ns3:hr>
            <ns3:cad>88</ns3:cad>
          </ns3:TrackPointExtension>
        </extensions>
      </trkpt>
      <trkpt lat="31.2171828188002109527587890625" lon="121.38773200102150440216064453125">
        <ele>14.19999980926513671875</ele>
        <time>2026-09-01T10:32:30.000Z</time>
        <extensions>
          <ns3:TrackPointExtension>
            <ns3:hr>153</ns3:hr>
            <ns3:cad>88</ns3:cad>
          </ns3:TrackPointExtension>
        </extensions>
      </trkpt>
      <trkpt lat="31.21720100753009319305419921875" lon="121.38774700462818145751953125">
        <ele>14.19999980926513671875</ele>
        <time>2026-09-01T10:32:31.000Z</time>
        <extensions>
          <ns3:TrackPointExtension>
            <ns3:hr>153</ns3:hr>
            <ns3:cad>88</ns3:cad>
          </ns3:TrackPointExtension>
        </extensions>
      </trkpt>
      <trkpt lat="31.21721793897449970245361328125" lon="121.3877552188932895660400390625">
        <ele>14.19999980926513671875</ele>
        <time>2026-09-01T10:32:32.000Z</time>
        <extensions>
          <ns3:TrackPointExtension>
            <ns3:hr>152</ns3:hr>
            <ns3:cad>87</ns3:cad>
          </ns3:TrackPointExtension>
        </extensions>
      </trkpt>
      <trkpt lat="31.21723788790404796600341796875" lon="121.3877636007964611053466796875">
        <ele>14.19999980926513671875</ele>
        <time>2026-09-01T10:32:33.000Z</time>
        <extensions>
          <ns3:TrackPointExtension>
            <ns3:hr>152</ns3:hr>
            <ns3:cad>87</ns3:cad>
          </ns3:TrackPointExtension>
        </extensions>
      </trkpt>
      <trkpt lat="31.21726001612842082977294921875" lon="121.3877750001847743988037109375">
        <ele>14.19999980926513671875</ele>
        <time>2026-09-01T10:32:34.000Z</time>
        <extensions>
          <ns3:TrackPointExtension>
            <ns3:hr>152</ns3:hr>
            <ns3:cad>87</ns3:cad>
          </ns3:TrackPointExtension>
        </extensions>
      </trkpt>
      <trkpt lat="31.21728264726698398590087890625" lon="121.38778698630630970001220703125">
        <ele>14.3999996185302734375</ele>
        <time>2026-09-01T10:32:35.000Z</time>
        <extensions>
          <ns3:TrackPointExtension>
            <ns3:hr>153</ns3:hr>
            <ns3:cad>88</ns3:cad>
          </ns3:TrackPointExtension>
        </extensions>
      </trkpt>
      <trkpt lat="31.21730376966297626495361328125" lon="121.38779687695205211639404296875">
        <ele>14.3999996185302734375</ele>
        <time>2026-09-01T10:32:36.000Z</time>
        <extensions>
          <ns3:TrackPointExtension>
            <ns3:hr>153</ns3:hr>
            <ns3:cad>88</ns3:cad>
          </ns3:TrackPointExtension>
        </extensions>
      </trkpt>
      <trkpt lat="31.21732790954411029815673828125" lon="121.387809030711650848388671875">
        <ele>14.3999996185302734375</ele>
        <time>2026-09-01T10:32:37.000Z</time>
        <extensions>
          <ns3:TrackPointExtension>
            <ns3:hr>153</ns3:hr>
            <ns3:cad>88</ns3:cad>
          </ns3:TrackPointExtension>
        </extensions>
      </trkpt>
      <trkpt lat="31.2173571623861789703369140625" lon="121.387825123965740203857421875">
        <ele>14.3999996185302734375</ele>
        <time>2026-09-01T10:32:38.000Z</time>
        <extensions>
          <ns3:TrackPointExtension>
            <ns3:hr>153</ns3:hr>
            <ns3:cad>88</ns3:cad>
          </ns3:TrackPointExtension>
        </extensions>
      </trkpt>
      <trkpt lat="31.21738222427666187286376953125" lon="121.38783291913568973541259765625">
        <ele>14.3999996185302734375</ele>
        <time>2026-09-01T10:32:39.000Z</time>
        <extensions>
          <ns3:TrackPointExtension>
            <ns3:hr>153</ns3:hr>
            <ns3:cad>87</ns3:cad>
          </ns3:TrackPointExtension>
        </extensions>
      </trkpt>
      <trkpt lat="31.21740929782390594482421875" lon="121.3878437317907810211181640625">
        <ele>14.3999996185302734375</ele>
        <time>2026-09-01T10:32:40.000Z</time>
        <extensions>
          <ns3:TrackPointExtension>
            <ns3:hr>153</ns3:hr>
            <ns3:cad>87</ns3:cad>
          </ns3:TrackPointExtension>
        </extensions>
      </trkpt>
      <trkpt lat="31.217433102428913116455078125" lon="121.387845575809478759765625">
        <ele>14.3999996185302734375</ele>
        <time>2026-09-01T10:32:41.000Z</time>
        <extensions>
          <ns3:TrackPointExtension>
            <ns3:hr>152</ns3:hr>
            <ns3:cad>87</ns3:cad>
          </ns3:TrackPointExtension>
        </extensions>
      </trkpt>
      <trkpt lat="31.2174631096422672271728515625" lon="121.387855298817157745361328125">
        <ele>14.3999996185302734375</ele>
        <time>2026-09-01T10:32:42.000Z</time>
        <extensions>
          <ns3:TrackPointExtension>
            <ns3:hr>152</ns3:hr>
            <ns3:cad>88</ns3:cad>
          </ns3:TrackPointExtension>
        </extensions>
      </trkpt>
      <trkpt lat="31.21748666279017925262451171875" lon="121.387862674891948699951171875">
        <ele>14.3999996185302734375</ele>
        <time>2026-09-01T10:32:43.000Z</time>
        <extensions>
          <ns3:TrackPointExtension>
            <ns3:hr>152</ns3:hr>
            <ns3:cad>88</ns3:cad>
          </ns3:TrackPointExtension>
        </extensions>
      </trkpt>
      <trkpt lat="31.21751968748867511749267578125" lon="121.38786770403385162353515625">
        <ele>14.3999996185302734375</ele>
        <time>2026-09-01T10:32:44.000Z</time>
        <extensions>
          <ns3:TrackPointExtension>
            <ns3:hr>151</ns3:hr>
            <ns3:cad>87</ns3:cad>
          </ns3:TrackPointExtension>
        </extensions>
      </trkpt>
      <trkpt lat="31.2175442464649677276611328125" lon="121.387872397899627685546875">
        <ele>14.3999996185302734375</ele>
        <time>2026-09-01T10:32:45.000Z</time>
        <extensions>
          <ns3:TrackPointExtension>
            <ns3:hr>151</ns3:hr>
            <ns3:cad>87</ns3:cad>
          </ns3:TrackPointExtension>
        </extensions>
      </trkpt>
      <trkpt lat="31.21757048182189464569091796875" lon="121.3878866471350193023681640625">
        <ele>14.3999996185302734375</ele>
        <time>2026-09-01T10:32:46.000Z</time>
        <extensions>
          <ns3:TrackPointExtension>
            <ns3:hr>151</ns3:hr>
            <ns3:cad>87</ns3:cad>
          </ns3:TrackPointExtension>
        </extensions>
      </trkpt>
      <trkpt lat="31.2175945378839969635009765625" lon="121.38789745979011058807373046875">
        <ele>14.3999996185302734375</ele>
        <time>2026-09-01T10:32:47.000Z</time>
        <extensions>
          <ns3:TrackPointExtension>
            <ns3:hr>152</ns3:hr>
            <ns3:cad>87</ns3:cad>
          </ns3:TrackPointExtension>
        </extensions>
      </trkpt>
      <trkpt lat="31.21762462891638278961181640625" lon="121.38790768571197986602783203125">
        <ele>14.19999980926513671875</ele>
        <time>2026-09-01T10:32:48.000Z</time>
        <extensions>
          <ns3:TrackPointExtension>
            <ns3:hr>152</ns3:hr>
            <ns3:cad>89</ns3:cad>
          </ns3:TrackPointExtension>
        </extensions>
      </trkpt>
      <trkpt lat="31.217648684978485107421875" lon="121.387921683490276336669921875">
        <ele>14.19999980926513671875</ele>
        <time>2026-09-01T10:32:49.000Z</time>
        <extensions>
          <ns3:TrackPointExtension>
            <ns3:hr>152</ns3:hr>
            <ns3:cad>89</ns3:cad>
          </ns3:TrackPointExtension>
        </extensions>
      </trkpt>
      <trkpt lat="31.21767793782055377960205078125" lon="121.387932412326335906982421875">
        <ele>14.19999980926513671875</ele>
        <time>2026-09-01T10:32:50.000Z</time>
        <extensions>
          <ns3:TrackPointExtension>
            <ns3:hr>151</ns3:hr>
            <ns3:cad>88</ns3:cad>
          </ns3:TrackPointExtension>
        </extensions>
      </trkpt>
      <trkpt lat="31.21770157478749752044677734375" lon="121.38794372789561748504638671875">
        <ele>14.19999980926513671875</ele>
        <time>2026-09-01T10:32:51.000Z</time>
        <extensions>
          <ns3:TrackPointExtension>
            <ns3:hr>152</ns3:hr>
            <ns3:cad>87</ns3:cad>
          </ns3:TrackPointExtension>
        </extensions>
      </trkpt>
      <trkpt lat="31.2177229486405849456787109375" lon="121.38795361854135990142822265625">
        <ele>14.19999980926513671875</ele>
        <time>2026-09-01T10:32:52.000Z</time>
        <extensions>
          <ns3:TrackPointExtension>
            <ns3:hr>152</ns3:hr>
            <ns3:cad>87</ns3:cad>
          </ns3:TrackPointExtension>
        </extensions>
      </trkpt>
      <trkpt lat="31.21774918399751186370849609375" lon="121.38796602375805377960205078125">
        <ele>14.19999980926513671875</ele>
        <time>2026-09-01T10:32:53.000Z</time>
        <extensions>
          <ns3:TrackPointExtension>
            <ns3:hr>151</ns3:hr>
            <ns3:cad>87</ns3:cad>
          </ns3:TrackPointExtension>
        </extensions>
      </trkpt>
      <trkpt lat="31.21777005493640899658203125" lon="121.38797222636640071868896484375">
        <ele>14.19999980926513671875</ele>
        <time>2026-09-01T10:32:54.000Z</time>
        <extensions>
          <ns3:TrackPointExtension>
            <ns3:hr>152</ns3:hr>
            <ns3:cad>89</ns3:cad>
          </ns3:TrackPointExtension>
        </extensions>
      </trkpt>
      <trkpt lat="31.2177963741123676300048828125" lon="121.387985050678253173828125">
        <ele>14.19999980926513671875</ele>
        <time>2026-09-01T10:32:55.000Z</time>
        <extensions>
          <ns3:TrackPointExtension>
            <ns3:hr>152</ns3:hr>
            <ns3:cad>89</ns3:cad>
          </ns3:TrackPointExtension>
        </extensions>
      </trkpt>
      <trkpt lat="31.21781489811837673187255859375" lon="121.3879892416298389434814453125">
        <ele>14.19999980926513671875</ele>
        <time>2026-09-01T10:32:56.000Z</time>
        <extensions>
          <ns3:TrackPointExtension>
            <ns3:hr>152</ns3:hr>
            <ns3:cad>88</ns3:cad>
          </ns3:TrackPointExtension>
        </extensions>
      </trkpt>
      <trkpt lat="31.2178356014192104339599609375" lon="121.38799779117107391357421875">
        <ele>14.19999980926513671875</ele>
        <time>2026-09-01T10:32:57.000Z</time>
        <extensions>
          <ns3:TrackPointExtension>
            <ns3:hr>153</ns3:hr>
            <ns3:cad>87</ns3:cad>
          </ns3:TrackPointExtension>
        </extensions>
      </trkpt>
      <trkpt lat="31.21784892864525318145751953125" lon="121.38800256885588169097900390625">
        <ele>14</ele>
        <time>2026-09-01T10:32:58.000Z</time>
        <extensions>
          <ns3:TrackPointExtension>
            <ns3:hr>153</ns3:hr>
            <ns3:cad>87</ns3:cad>
          </ns3:TrackPointExtension>
        </extensions>
      </trkpt>
      <trkpt lat="31.217867620289325714111328125" lon="121.38801815919578075408935546875">
        <ele>14.19999980926513671875</ele>
        <time>2026-09-01T10:32:59.000Z</time>
        <extensions>
          <ns3:TrackPointExtension>
            <ns3:hr>153</ns3:hr>
            <ns3:cad>87</ns3:cad>
          </ns3:TrackPointExtension>
        </extensions>
      </trkpt>
      <trkpt lat="31.21788379736244678497314453125" lon="121.38802955858409404754638671875">
        <ele>14.19999980926513671875</ele>
        <time>2026-09-01T10:33:00.000Z</time>
        <extensions>
          <ns3:TrackPointExtension>
            <ns3:hr>153</ns3:hr>
            <ns3:cad>88</ns3:cad>
          </ns3:TrackPointExtension>
        </extensions>
      </trkpt>
      <trkpt lat="31.21790978126227855682373046875" lon="121.388038694858551025390625">
        <ele>14.19999980926513671875</ele>
        <time>2026-09-01T10:33:01.000Z</time>
        <extensions>
          <ns3:TrackPointExtension>
            <ns3:hr>153</ns3:hr>
            <ns3:cad>88</ns3:cad>
          </ns3:TrackPointExtension>
        </extensions>
      </trkpt>
      <trkpt lat="31.21792620979249477386474609375" lon="121.3880459032952785491943359375">
        <ele>14.19999980926513671875</ele>
        <time>2026-09-01T10:33:02.000Z</time>
        <extensions>
          <ns3:TrackPointExtension>
            <ns3:hr>153</ns3:hr>
            <ns3:cad>88</ns3:cad>
          </ns3:TrackPointExtension>
        </extensions>
      </trkpt>
      <trkpt lat="31.21795152314007282257080078125" lon="121.38805503956973552703857421875">
        <ele>14</ele>
        <time>2026-09-01T10:33:03.000Z</time>
        <extensions>
          <ns3:TrackPointExtension>
            <ns3:hr>153</ns3:hr>
            <ns3:cad>87</ns3:cad>
          </ns3:TrackPointExtension>
        </extensions>
      </trkpt>
      <trkpt lat="31.21797331608831882476806640625" lon="121.388064511120319366455078125">
        <ele>14.19999980926513671875</ele>
        <time>2026-09-01T10:33:04.000Z</time>
        <extensions>
          <ns3:TrackPointExtension>
            <ns3:hr>154</ns3:hr>
            <ns3:cad>87</ns3:cad>
          </ns3:TrackPointExtension>
        </extensions>
      </trkpt>
      <trkpt lat="31.21800013817846775054931640625" lon="121.38807465322315692901611328125">
        <ele>14.19999980926513671875</ele>
        <time>2026-09-01T10:33:05.000Z</time>
        <extensions>
          <ns3:TrackPointExtension>
            <ns3:hr>153</ns3:hr>
            <ns3:cad>87</ns3:cad>
          </ns3:TrackPointExtension>
        </extensions>
      </trkpt>
      <trkpt lat="31.21802151203155517578125" lon="121.38808554969727993011474609375">
        <ele>14.19999980926513671875</ele>
        <time>2026-09-01T10:33:06.000Z</time>
        <extensions>
          <ns3:TrackPointExtension>
            <ns3:hr>153</ns3:hr>
            <ns3:cad>88</ns3:cad>
          </ns3:TrackPointExtension>
        </extensions>
      </trkpt>
      <trkpt lat="31.21803903020918369293212890625" lon="121.38809745199978351593017578125">
        <ele>14.19999980926513671875</ele>
        <time>2026-09-01T10:33:07.000Z</time>
        <extensions>
          <ns3:TrackPointExtension>
            <ns3:hr>153</ns3:hr>
            <ns3:cad>88</ns3:cad>
          </ns3:TrackPointExtension>
        </extensions>
      </trkpt>
      <trkpt lat="31.21806149370968341827392578125" lon="121.3881106115877628326416015625">
        <ele>14.19999980926513671875</ele>
        <time>2026-09-01T10:33:08.000Z</time>
        <extensions>
          <ns3:TrackPointExtension>
            <ns3:hr>153</ns3:hr>
            <ns3:cad>88</ns3:cad>
          </ns3:TrackPointExtension>
        </extensions>
      </trkpt>
      <trkpt lat="31.21808127500116825103759765625" lon="121.38811622746288776397705078125">
        <ele>14.19999980926513671875</ele>
        <time>2026-09-01T10:33:09.000Z</time>
        <extensions>
          <ns3:TrackPointExtension>
            <ns3:hr>154</ns3:hr>
            <ns3:cad>88</ns3:cad>
          </ns3:TrackPointExtension>
        </extensions>
      </trkpt>
      <trkpt lat="31.21810792945325374603271484375" lon="121.38812846504151821136474609375">
        <ele>14.19999980926513671875</ele>
        <time>2026-09-01T10:33:10.000Z</time>
        <extensions>
          <ns3:TrackPointExtension>
            <ns3:hr>153</ns3:hr>
            <ns3:cad>88</ns3:cad>
          </ns3:TrackPointExtension>
        </extensions>
      </trkpt>
      <trkpt lat="31.218134500086307525634765625" lon="121.38813785277307033538818359375">
        <ele>14</ele>
        <time>2026-09-01T10:33:11.000Z</time>
        <extensions>
          <ns3:TrackPointExtension>
            <ns3:hr>153</ns3:hr>
            <ns3:cad>88</ns3:cad>
          </ns3:TrackPointExtension>
        </extensions>
      </trkpt>
      <trkpt lat="31.21815805323421955108642578125" lon="121.3881568796932697296142578125">
        <ele>14</ele>
        <time>2026-09-01T10:33:12.000Z</time>
        <extensions>
          <ns3:TrackPointExtension>
            <ns3:hr>153</ns3:hr>
            <ns3:cad>88</ns3:cad>
          </ns3:TrackPointExtension>
        </extensions>
      </trkpt>
      <trkpt lat="31.2181816063821315765380859375" lon="121.38816433958709239959716796875">
        <ele>14.19999980926513671875</ele>
        <time>2026-09-01T10:33:13.000Z</time>
        <extensions>
          <ns3:TrackPointExtension>
            <ns3:hr>153</ns3:hr>
            <ns3:cad>89</ns3:cad>
          </ns3:TrackPointExtension>
        </extensions>
      </trkpt>
      <trkpt lat="31.21820633299648761749267578125" lon="121.38817775063216686248779296875">
        <ele>14.19999980926513671875</ele>
        <time>2026-09-01T10:33:14.000Z</time>
        <extensions>
          <ns3:TrackPointExtension>
            <ns3:hr>153</ns3:hr>
            <ns3:cad>89</ns3:cad>
          </ns3:TrackPointExtension>
        </extensions>
      </trkpt>
      <trkpt lat="31.21822142042219638824462890625" lon="121.38818646781146526336669921875">
        <ele>14.19999980926513671875</ele>
        <time>2026-09-01T10:33:15.000Z</time>
        <extensions>
          <ns3:TrackPointExtension>
            <ns3:hr>153</ns3:hr>
            <ns3:cad>88</ns3:cad>
          </ns3:TrackPointExtension>
        </extensions>
      </trkpt>
      <trkpt lat="31.2182493321597576141357421875" lon="121.3881964422762393951416015625">
        <ele>14.19999980926513671875</ele>
        <time>2026-09-01T10:33:16.000Z</time>
        <extensions>
          <ns3:TrackPointExtension>
            <ns3:hr>153</ns3:hr>
            <ns3:cad>88</ns3:cad>
          </ns3:TrackPointExtension>
        </extensions>
      </trkpt>
      <trkpt lat="31.21826701797544956207275390625" lon="121.38820373453199863433837890625">
        <ele>14.19999980926513671875</ele>
        <time>2026-09-01T10:33:17.000Z</time>
        <extensions>
          <ns3:TrackPointExtension>
            <ns3:hr>153</ns3:hr>
            <ns3:cad>88</ns3:cad>
          </ns3:TrackPointExtension>
        </extensions>
      </trkpt>
      <trkpt lat="31.218284703791141510009765625" lon="121.3882175646722316741943359375">
        <ele>14.19999980926513671875</ele>
        <time>2026-09-01T10:33:18.000Z</time>
        <extensions>
          <ns3:TrackPointExtension>
            <ns3:hr>153</ns3:hr>
            <ns3:cad>88</ns3:cad>
          </ns3:TrackPointExtension>
        </extensions>
      </trkpt>
      <trkpt lat="31.21830289252102375030517578125" lon="121.38823005370795726776123046875">
        <ele>14.19999980926513671875</ele>
        <time>2026-09-01T10:33:19.000Z</time>
        <extensions>
          <ns3:TrackPointExtension>
            <ns3:hr>153</ns3:hr>
            <ns3:cad>89</ns3:cad>
          </ns3:TrackPointExtension>
        </extensions>
      </trkpt>
      <trkpt lat="31.218322925269603729248046875" lon="121.3882390223443508148193359375">
        <ele>14.19999980926513671875</ele>
        <time>2026-09-01T10:33:20.000Z</time>
        <extensions>
          <ns3:TrackPointExtension>
            <ns3:hr>153</ns3:hr>
            <ns3:cad>89</ns3:cad>
          </ns3:TrackPointExtension>
        </extensions>
      </trkpt>
      <trkpt lat="31.21834413148462772369384765625" lon="121.38824882917106151580810546875">
        <ele>14.19999980926513671875</ele>
        <time>2026-09-01T10:33:21.000Z</time>
        <extensions>
          <ns3:TrackPointExtension>
            <ns3:hr>153</ns3:hr>
            <ns3:cad>88</ns3:cad>
          </ns3:TrackPointExtension>
        </extensions>
      </trkpt>
      <trkpt lat="31.21836978010833263397216796875" lon="121.38825972564518451690673828125">
        <ele>14.19999980926513671875</ele>
        <time>2026-09-01T10:33:22.000Z</time>
        <extensions>
          <ns3:TrackPointExtension>
            <ns3:hr>153</ns3:hr>
            <ns3:cad>88</ns3:cad>
          </ns3:TrackPointExtension>
        </extensions>
      </trkpt>
      <trkpt lat="31.218389980494976043701171875" lon="121.38827011920511722564697265625">
        <ele>14.19999980926513671875</ele>
        <time>2026-09-01T10:33:23.000Z</time>
        <extensions>
          <ns3:TrackPointExtension>
            <ns3:hr>153</ns3:hr>
            <ns3:cad>88</ns3:cad>
          </ns3:TrackPointExtension>
        </extensions>
      </trkpt>
      <trkpt lat="31.2184152938425540924072265625" lon="121.3882785849273204803466796875">
        <ele>14.3999996185302734375</ele>
        <time>2026-09-01T10:33:24.000Z</time>
        <extensions>
          <ns3:TrackPointExtension>
            <ns3:hr>153</ns3:hr>
            <ns3:cad>88</ns3:cad>
          </ns3:TrackPointExtension>
        </extensions>
      </trkpt>
      <trkpt lat="31.21843650005757808685302734375" lon="121.38829057104885578155517578125">
        <ele>14.3999996185302734375</ele>
        <time>2026-09-01T10:33:25.000Z</time>
        <extensions>
          <ns3:TrackPointExtension>
            <ns3:hr>153</ns3:hr>
            <ns3:cad>89</ns3:cad>
          </ns3:TrackPointExtension>
        </extensions>
      </trkpt>
      <trkpt lat="31.218462400138378143310546875" lon="121.3882953487336635589599609375">
        <ele>14.3999996185302734375</ele>
        <time>2026-09-01T10:33:26.000Z</time>
        <extensions>
          <ns3:TrackPointExtension>
            <ns3:hr>153</ns3:hr>
            <ns3:cad>89</ns3:cad>
          </ns3:TrackPointExtension>
        </extensions>
      </trkpt>
      <trkpt lat="31.21848561801016330718994140625" lon="121.38830356299877166748046875">
        <ele>14.3999996185302734375</ele>
        <time>2026-09-01T10:33:27.000Z</time>
        <extensions>
          <ns3:TrackPointExtension>
            <ns3:hr>153</ns3:hr>
            <ns3:cad>88</ns3:cad>
          </ns3:TrackPointExtension>
        </extensions>
      </trkpt>
      <trkpt lat="31.21851227246224880218505859375" lon="121.3883070833981037139892578125">
        <ele>14.3999996185302734375</ele>
        <time>2026-09-01T10:33:28.000Z</time>
        <extensions>
          <ns3:TrackPointExtension>
            <ns3:hr>153</ns3:hr>
            <ns3:cad>88</ns3:cad>
          </ns3:TrackPointExtension>
        </extensions>
      </trkpt>
      <trkpt lat="31.21853909455239772796630859375" lon="121.38832091353833675384521484375">
        <ele>14.3999996185302734375</ele>
        <time>2026-09-01T10:33:29.000Z</time>
        <extensions>
          <ns3:TrackPointExtension>
            <ns3:hr>153</ns3:hr>
            <ns3:cad>88</ns3:cad>
          </ns3:TrackPointExtension>
        </extensions>
      </trkpt>
      <trkpt lat="31.21856541372835636138916015625" lon="121.38833038508892059326171875">
        <ele>14.3999996185302734375</ele>
        <time>2026-09-01T10:33:30.000Z</time>
        <extensions>
          <ns3:TrackPointExtension>
            <ns3:hr>153</ns3:hr>
            <ns3:cad>88</ns3:cad>
          </ns3:TrackPointExtension>
        </extensions>
      </trkpt>
      <trkpt lat="31.21859324164688587188720703125" lon="121.388343460857868194580078125">
        <ele>14.19999980926513671875</ele>
        <time>2026-09-01T10:33:31.000Z</time>
        <extensions>
          <ns3:TrackPointExtension>
            <ns3:hr>153</ns3:hr>
            <ns3:cad>88</ns3:cad>
          </ns3:TrackPointExtension>
        </extensions>
      </trkpt>
      <trkpt lat="31.218617297708988189697265625" lon="121.3883463107049465179443359375">
        <ele>14.19999980926513671875</ele>
        <time>2026-09-01T10:33:32.000Z</time>
        <extensions>
          <ns3:TrackPointExtension>
            <ns3:hr>153</ns3:hr>
            <ns3:cad>89</ns3:cad>
          </ns3:TrackPointExtension>
        </extensions>
      </trkpt>
      <trkpt lat="31.21864738874137401580810546875" lon="121.38835678808391094207763671875">
        <ele>14.19999980926513671875</ele>
        <time>2026-09-01T10:33:33.000Z</time>
        <extensions>
          <ns3:TrackPointExtension>
            <ns3:hr>153</ns3:hr>
            <ns3:cad>89</ns3:cad>
          </ns3:TrackPointExtension>
        </extensions>
      </trkpt>
      <trkpt lat="31.2186697684228420257568359375" lon="121.38835360296070575714111328125">
        <ele>14.19999980926513671875</ele>
        <time>2026-09-01T10:33:34.000Z</time>
        <extensions>
          <ns3:TrackPointExtension>
            <ns3:hr>153</ns3:hr>
            <ns3:cad>88</ns3:cad>
          </ns3:TrackPointExtension>
        </extensions>
      </trkpt>
      <trkpt lat="31.21870346367359161376953125" lon="121.3883580453693866729736328125">
        <ele>14.19999980926513671875</ele>
        <time>2026-09-01T10:33:35.000Z</time>
        <extensions>
          <ns3:TrackPointExtension>
            <ns3:hr>153</ns3:hr>
            <ns3:cad>88</ns3:cad>
          </ns3:TrackPointExtension>
        </extensions>
      </trkpt>
      <trkpt lat="31.21872366406023502349853515625" lon="121.3883583806455135345458984375">
        <ele>14.19999980926513671875</ele>
        <time>2026-09-01T10:33:36.000Z</time>
        <extensions>
          <ns3:TrackPointExtension>
            <ns3:hr>153</ns3:hr>
            <ns3:cad>87</ns3:cad>
          </ns3:TrackPointExtension>
        </extensions>
      </trkpt>
      <trkpt lat="31.21875233016908168792724609375" lon="121.38836349360644817352294921875">
        <ele>14.19999980926513671875</ele>
        <time>2026-09-01T10:33:37.000Z</time>
        <extensions>
          <ns3:TrackPointExtension>
            <ns3:hr>153</ns3:hr>
            <ns3:cad>87</ns3:cad>
          </ns3:TrackPointExtension>
        </extensions>
      </trkpt>
      <trkpt lat="31.2187757156789302825927734375" lon="121.38836391270160675048828125">
        <ele>14.19999980926513671875</ele>
        <time>2026-09-01T10:33:38.000Z</time>
        <extensions>
          <ns3:TrackPointExtension>
            <ns3:hr>153</ns3:hr>
            <ns3:cad>88</ns3:cad>
          </ns3:TrackPointExtension>
        </extensions>
      </trkpt>
      <trkpt lat="31.2187980115413665771484375" lon="121.38836332596838474273681640625">
        <ele>14.19999980926513671875</ele>
        <time>2026-09-01T10:33:39.000Z</time>
        <extensions>
          <ns3:TrackPointExtension>
            <ns3:hr>153</ns3:hr>
            <ns3:cad>89</ns3:cad>
          </ns3:TrackPointExtension>
        </extensions>
      </trkpt>
      <trkpt lat="31.218817122280597686767578125" lon="121.38836081139743328094482421875">
        <ele>14.19999980926513671875</ele>
        <time>2026-09-01T10:33:40.000Z</time>
        <extensions>
          <ns3:TrackPointExtension>
            <ns3:hr>153</ns3:hr>
            <ns3:cad>89</ns3:cad>
          </ns3:TrackPointExtension>
        </extensions>
      </trkpt>
      <trkpt lat="31.21884000487625598907470703125" lon="121.38836324214935302734375">
        <ele>14.19999980926513671875</ele>
        <time>2026-09-01T10:33:41.000Z</time>
        <extensions>
          <ns3:TrackPointExtension>
            <ns3:hr>153</ns3:hr>
            <ns3:cad>88</ns3:cad>
          </ns3:TrackPointExtension>
        </extensions>
      </trkpt>
      <trkpt lat="31.21886297129094600677490234375" lon="121.3883699476718902587890625">
        <ele>14.19999980926513671875</ele>
        <time>2026-09-01T10:33:42.000Z</time>
        <extensions>
          <ns3:TrackPointExtension>
            <ns3:hr>153</ns3:hr>
            <ns3:cad>87</ns3:cad>
          </ns3:TrackPointExtension>
        </extensions>
      </trkpt>
      <trkpt lat="31.21888979338109493255615234375" lon="121.388370953500270843505859375">
        <ele>14</ele>
        <time>2026-09-01T10:33:43.000Z</time>
        <extensions>
          <ns3:TrackPointExtension>
            <ns3:hr>153</ns3:hr>
            <ns3:cad>87</ns3:cad>
          </ns3:TrackPointExtension>
        </extensions>
      </trkpt>
      <trkpt lat="31.2189121730625629425048828125" lon="121.388379670679569244384765625">
        <ele>14</ele>
        <time>2026-09-01T10:33:44.000Z</time>
        <extensions>
          <ns3:TrackPointExtension>
            <ns3:hr>153</ns3:hr>
            <ns3:cad>88</ns3:cad>
          </ns3:TrackPointExtension>
        </extensions>
      </trkpt>
      <trkpt lat="31.21893706731498241424560546875" lon="121.38838361017405986785888671875">
        <ele>14</ele>
        <time>2026-09-01T10:33:45.000Z</time>
        <extensions>
          <ns3:TrackPointExtension>
            <ns3:hr>153</ns3:hr>
            <ns3:cad>89</ns3:cad>
          </ns3:TrackPointExtension>
        </extensions>
      </trkpt>
      <trkpt lat="31.218958608806133270263671875" lon="121.38838880695402622222900390625">
        <ele>14</ele>
        <time>2026-09-01T10:33:46.000Z</time>
        <extensions>
          <ns3:TrackPointExtension>
            <ns3:hr>153</ns3:hr>
            <ns3:cad>89</ns3:cad>
          </ns3:TrackPointExtension>
        </extensions>
      </trkpt>
      <trkpt lat="31.21898375451564788818359375" lon="121.38838746584951877593994140625">
        <ele>14.19999980926513671875</ele>
        <time>2026-09-01T10:33:47.000Z</time>
        <extensions>
          <ns3:TrackPointExtension>
            <ns3:hr>153</ns3:hr>
            <ns3:cad>88</ns3:cad>
          </ns3:TrackPointExtension>
        </extensions>
      </trkpt>
      <trkpt lat="31.219008229672908782958984375" lon="121.38839115388691425323486328125">
        <ele>14.19999980926513671875</ele>
        <time>2026-09-01T10:33:48.000Z</time>
        <extensions>
          <ns3:TrackPointExtension>
            <ns3:hr>153</ns3:hr>
            <ns3:cad>88</ns3:cad>
          </ns3:TrackPointExtension>
        </extensions>
      </trkpt>
      <trkpt lat="31.21903262101113796234130859375" lon="121.38839718885719776153564453125">
        <ele>14.19999980926513671875</ele>
        <time>2026-09-01T10:33:49.000Z</time>
        <extensions>
          <ns3:TrackPointExtension>
            <ns3:hr>153</ns3:hr>
            <ns3:cad>88</ns3:cad>
          </ns3:TrackPointExtension>
        </extensions>
      </trkpt>
      <trkpt lat="31.21905374340713024139404296875" lon="121.3883989490568637847900390625">
        <ele>14.19999980926513671875</ele>
        <time>2026-09-01T10:33:50.000Z</time>
        <extensions>
          <ns3:TrackPointExtension>
            <ns3:hr>153</ns3:hr>
            <ns3:cad>88</ns3:cad>
          </ns3:TrackPointExtension>
        </extensions>
      </trkpt>
      <trkpt lat="31.21907704509794712066650390625" lon="121.388395093381404876708984375">
        <ele>14.19999980926513671875</ele>
        <time>2026-09-01T10:33:51.000Z</time>
        <extensions>
          <ns3:TrackPointExtension>
            <ns3:hr>154</ns3:hr>
            <ns3:cad>90</ns3:cad>
          </ns3:TrackPointExtension>
        </extensions>
      </trkpt>
      <trkpt lat="31.21910168789327144622802734375" lon="121.3883982785046100616455078125">
        <ele>14</ele>
        <time>2026-09-01T10:33:52.000Z</time>
        <extensions>
          <ns3:TrackPointExtension>
            <ns3:hr>154</ns3:hr>
            <ns3:cad>90</ns3:cad>
          </ns3:TrackPointExtension>
        </extensions>
      </trkpt>
      <trkpt lat="31.21912331320345401763916015625" lon="121.3883935846388339996337890625">
        <ele>14</ele>
        <time>2026-09-01T10:33:53.000Z</time>
        <extensions>
          <ns3:TrackPointExtension>
            <ns3:hr>154</ns3:hr>
            <ns3:cad>88</ns3:cad>
          </ns3:TrackPointExtension>
        </extensions>
      </trkpt>
      <trkpt lat="31.21915130876004695892333984375" lon="121.388393081724643707275390625">
        <ele>14</ele>
        <time>2026-09-01T10:33:54.000Z</time>
        <extensions>
          <ns3:TrackPointExtension>
            <ns3:hr>155</ns3:hr>
            <ns3:cad>88</ns3:cad>
          </ns3:TrackPointExtension>
        </extensions>
      </trkpt>
      <trkpt lat="31.2191790528595447540283203125" lon="121.3883925788104534149169921875">
        <ele>14</ele>
        <time>2026-09-01T10:33:55.000Z</time>
        <extensions>
          <ns3:TrackPointExtension>
            <ns3:hr>155</ns3:hr>
            <ns3:cad>88</ns3:cad>
          </ns3:TrackPointExtension>
        </extensions>
      </trkpt>
      <trkpt lat="31.219208054244518280029296875" lon="121.38839400373399257659912109375">
        <ele>14</ele>
        <time>2026-09-01T10:33:56.000Z</time>
        <extensions>
          <ns3:TrackPointExtension>
            <ns3:hr>155</ns3:hr>
            <ns3:cad>88</ns3:cad>
          </ns3:TrackPointExtension>
        </extensions>
      </trkpt>
      <trkpt lat="31.21923009864985942840576171875" lon="121.38838469982147216796875">
        <ele>14</ele>
        <time>2026-09-01T10:33:57.000Z</time>
        <extensions>
          <ns3:TrackPointExtension>
            <ns3:hr>155</ns3:hr>
            <ns3:cad>89</ns3:cad>
          </ns3:TrackPointExtension>
        </extensions>
      </trkpt>
      <trkpt lat="31.219259016215801239013671875" lon="121.3883805088698863983154296875">
        <ele>14</ele>
        <time>2026-09-01T10:33:58.000Z</time>
        <extensions>
          <ns3:TrackPointExtension>
            <ns3:hr>155</ns3:hr>
            <ns3:cad>89</ns3:cad>
          </ns3:TrackPointExtension>
        </extensions>
      </trkpt>
      <trkpt lat="31.219278462231159210205078125" lon="121.38837690465152263641357421875">
        <ele>14</ele>
        <time>2026-09-01T10:33:59.000Z</time>
        <extensions>
          <ns3:TrackPointExtension>
            <ns3:hr>155</ns3:hr>
            <ns3:cad>89</ns3:cad>
          </ns3:TrackPointExtension>
        </extensions>
      </trkpt>
      <trkpt lat="31.21930771507322788238525390625" lon="121.3883677683770656585693359375">
        <ele>14.19999980926513671875</ele>
        <time>2026-09-01T10:34:00.000Z</time>
        <extensions>
          <ns3:TrackPointExtension>
            <ns3:hr>156</ns3:hr>
            <ns3:cad>88</ns3:cad>
          </ns3:TrackPointExtension>
        </extensions>
      </trkpt>
      <trkpt lat="31.21932984329760074615478515625" lon="121.38836114667356014251708984375">
        <ele>14.19999980926513671875</ele>
        <time>2026-09-01T10:34:01.000Z</time>
        <extensions>
          <ns3:TrackPointExtension>
            <ns3:hr>155</ns3:hr>
            <ns3:cad>87</ns3:cad>
          </ns3:TrackPointExtension>
        </extensions>
      </trkpt>
      <trkpt lat="31.21935616247355937957763671875" lon="121.38835854828357696533203125">
        <ele>14.19999980926513671875</ele>
        <time>2026-09-01T10:34:02.000Z</time>
        <extensions>
          <ns3:TrackPointExtension>
            <ns3:hr>155</ns3:hr>
            <ns3:cad>87</ns3:cad>
          </ns3:TrackPointExtension>
        </extensions>
      </trkpt>
      <trkpt lat="31.21937979944050312042236328125" lon="121.38835360296070575714111328125">
        <ele>14.19999980926513671875</ele>
        <time>2026-09-01T10:34:03.000Z</time>
        <extensions>
          <ns3:TrackPointExtension>
            <ns3:hr>155</ns3:hr>
            <ns3:cad>88</ns3:cad>
          </ns3:TrackPointExtension>
        </extensions>
      </trkpt>
      <trkpt lat="31.2194040231406688690185546875" lon="121.38835226185619831085205078125">
        <ele>14</ele>
        <time>2026-09-01T10:34:04.000Z</time>
        <extensions>
          <ns3:TrackPointExtension>
            <ns3:hr>155</ns3:hr>
            <ns3:cad>89</ns3:cad>
          </ns3:TrackPointExtension>
        </extensions>
      </trkpt>
      <trkpt lat="31.21942589990794658660888671875" lon="121.38835729099810123443603515625">
        <ele>14</ele>
        <time>2026-09-01T10:34:05.000Z</time>
        <extensions>
          <ns3:TrackPointExtension>
            <ns3:hr>155</ns3:hr>
            <ns3:cad>89</ns3:cad>
          </ns3:TrackPointExtension>
        </extensions>
      </trkpt>
      <trkpt lat="31.2194543145596981048583984375" lon="121.3883567042648792266845703125">
        <ele>14.19999980926513671875</ele>
        <time>2026-09-01T10:34:06.000Z</time>
        <extensions>
          <ns3:TrackPointExtension>
            <ns3:hr>155</ns3:hr>
            <ns3:cad>88</ns3:cad>
          </ns3:TrackPointExtension>
        </extensions>
      </trkpt>
      <trkpt lat="31.21947820298373699188232421875" lon="121.3883556984364986419677734375">
        <ele>14.19999980926513671875</ele>
        <time>2026-09-01T10:34:07.000Z</time>
        <extensions>
          <ns3:TrackPointExtension>
            <ns3:hr>155</ns3:hr>
            <ns3:cad>87</ns3:cad>
          </ns3:TrackPointExtension>
        </extensions>
      </trkpt>
      <trkpt lat="31.21950150467455387115478515625" lon="121.3883536867797374725341796875">
        <ele>14.19999980926513671875</ele>
        <time>2026-09-01T10:34:08.000Z</time>
        <extensions>
          <ns3:TrackPointExtension>
            <ns3:hr>155</ns3:hr>
            <ns3:cad>87</ns3:cad>
          </ns3:TrackPointExtension>
        </extensions>
      </trkpt>
      <trkpt lat="31.21952715329825878143310546875" lon="121.3883565366268157958984375">
        <ele>14.19999980926513671875</ele>
        <time>2026-09-01T10:34:09.000Z</time>
        <extensions>
          <ns3:TrackPointExtension>
            <ns3:hr>154</ns3:hr>
            <ns3:cad>88</ns3:cad>
          </ns3:TrackPointExtension>
        </extensions>
      </trkpt>
      <trkpt lat="31.21955112554132938385009765625" lon="121.38835720717906951904296875">
        <ele>14.19999980926513671875</ele>
        <time>2026-09-01T10:34:10.000Z</time>
        <extensions>
          <ns3:TrackPointExtension>
            <ns3:hr>155</ns3:hr>
            <ns3:cad>89</ns3:cad>
          </ns3:TrackPointExtension>
        </extensions>
      </trkpt>
      <trkpt lat="31.21957140974700450897216796875" lon="121.3883578777313232421875">
        <ele>14.19999980926513671875</ele>
        <time>2026-09-01T10:34:11.000Z</time>
        <extensions>
          <ns3:TrackPointExtension>
            <ns3:hr>154</ns3:hr>
            <ns3:cad>89</ns3:cad>
          </ns3:TrackPointExtension>
        </extensions>
      </trkpt>
      <trkpt lat="31.2195887602865695953369140625" lon="121.38835913501679897308349609375">
        <ele>14.19999980926513671875</ele>
        <time>2026-09-01T10:34:12.000Z</time>
        <extensions>
          <ns3:TrackPointExtension>
            <ns3:hr>154</ns3:hr>
            <ns3:cad>88</ns3:cad>
          </ns3:TrackPointExtension>
        </extensions>
      </trkpt>
      <trkpt lat="31.21960761956870555877685546875" lon="121.38835125602781772613525390625">
        <ele>14.19999980926513671875</ele>
        <time>2026-09-01T10:34:13.000Z</time>
        <extensions>
          <ns3:TrackPointExtension>
            <ns3:hr>154</ns3:hr>
            <ns3:cad>88</ns3:cad>
          </ns3:TrackPointExtension>
        </extensions>
      </trkpt>
      <trkpt lat="31.21962388046085834503173828125" lon="121.3883466459810733795166015625">
        <ele>14.19999980926513671875</ele>
        <time>2026-09-01T10:34:14.000Z</time>
        <extensions>
          <ns3:TrackPointExtension>
            <ns3:hr>155</ns3:hr>
            <ns3:cad>88</ns3:cad>
          </ns3:TrackPointExtension>
        </extensions>
      </trkpt>
      <trkpt lat="31.219646930694580078125" lon="121.3883458077907562255859375">
        <ele>14.19999980926513671875</ele>
        <time>2026-09-01T10:34:15.000Z</time>
        <extensions>
          <ns3:TrackPointExtension>
            <ns3:hr>154</ns3:hr>
            <ns3:cad>88</ns3:cad>
          </ns3:TrackPointExtension>
        </extensions>
      </trkpt>
      <trkpt lat="31.21966771781444549560546875" lon="121.3883463107049465179443359375">
        <ele>14.19999980926513671875</ele>
        <time>2026-09-01T10:34:16.000Z</time>
        <extensions>
          <ns3:TrackPointExtension>
            <ns3:hr>154</ns3:hr>
            <ns3:cad>89</ns3:cad>
          </ns3:TrackPointExtension>
        </extensions>
      </trkpt>
      <trkpt lat="31.2196890078485012054443359375" lon="121.38834421522915363311767578125">
        <ele>14.3999996185302734375</ele>
        <time>2026-09-01T10:34:17.000Z</time>
        <extensions>
          <ns3:TrackPointExtension>
            <ns3:hr>154</ns3:hr>
            <ns3:cad>89</ns3:cad>
          </ns3:TrackPointExtension>
        </extensions>
      </trkpt>
      <trkpt lat="31.2197126448154449462890625" lon="121.388343460857868194580078125">
        <ele>14.3999996185302734375</ele>
        <time>2026-09-01T10:34:18.000Z</time>
        <extensions>
          <ns3:TrackPointExtension>
            <ns3:hr>154</ns3:hr>
            <ns3:cad>88</ns3:cad>
          </ns3:TrackPointExtension>
        </extensions>
      </trkpt>
      <trkpt lat="31.219747178256511688232421875" lon="121.3883436284959316253662109375">
        <ele>14.3999996185302734375</ele>
        <time>2026-09-01T10:34:19.000Z</time>
        <extensions>
          <ns3:TrackPointExtension>
            <ns3:hr>154</ns3:hr>
            <ns3:cad>88</ns3:cad>
          </ns3:TrackPointExtension>
        </extensions>
      </trkpt>
      <trkpt lat="31.21977391652762889862060546875" lon="121.38834069482982158660888671875">
        <ele>14.19999980926513671875</ele>
        <time>2026-09-01T10:34:20.000Z</time>
        <extensions>
          <ns3:TrackPointExtension>
            <ns3:hr>154</ns3:hr>
            <ns3:cad>87</ns3:cad>
          </ns3:TrackPointExtension>
        </extensions>
      </trkpt>
      <trkpt lat="31.21980660594999790191650390625" lon="121.3883312232792377471923828125">
        <ele>14.19999980926513671875</ele>
        <time>2026-09-01T10:34:21.000Z</time>
        <extensions>
          <ns3:TrackPointExtension>
            <ns3:hr>154</ns3:hr>
            <ns3:cad>87</ns3:cad>
          </ns3:TrackPointExtension>
        </extensions>
      </trkpt>
      <trkpt lat="31.2198358587920665740966796875" lon="121.38833038508892059326171875">
        <ele>14.19999980926513671875</ele>
        <time>2026-09-01T10:34:22.000Z</time>
        <extensions>
          <ns3:TrackPointExtension>
            <ns3:hr>154</ns3:hr>
            <ns3:cad>87</ns3:cad>
          </ns3:TrackPointExtension>
        </extensions>
      </trkpt>
      <trkpt lat="31.21986678801476955413818359375" lon="121.388317644596099853515625">
        <ele>14.19999980926513671875</ele>
        <time>2026-09-01T10:34:23.000Z</time>
        <extensions>
          <ns3:TrackPointExtension>
            <ns3:hr>154</ns3:hr>
            <ns3:cad>88</ns3:cad>
          </ns3:TrackPointExtension>
        </extensions>
      </trkpt>
      <trkpt lat="31.21990014798939228057861328125" lon="121.388306915760040283203125">
        <ele>14.19999980926513671875</ele>
        <time>2026-09-01T10:34:24.000Z</time>
        <extensions>
          <ns3:TrackPointExtension>
            <ns3:hr>154</ns3:hr>
            <ns3:cad>88</ns3:cad>
          </ns3:TrackPointExtension>
        </extensions>
      </trkpt>
      <trkpt lat="31.2199136428534984588623046875" lon="121.38829224742949008941650390625">
        <ele>14.3999996185302734375</ele>
        <time>2026-09-01T10:34:25.000Z</time>
        <extensions>
          <ns3:TrackPointExtension>
            <ns3:hr>153</ns3:hr>
            <ns3:cad>88</ns3:cad>
          </ns3:TrackPointExtension>
        </extensions>
      </trkpt>
      <trkpt lat="31.219928897917270660400390625" lon="121.38826944865286350250244140625">
        <ele>14.3999996185302734375</ele>
        <time>2026-09-01T10:34:26.000Z</time>
        <extensions>
          <ns3:TrackPointExtension>
            <ns3:hr>153</ns3:hr>
            <ns3:cad>87</ns3:cad>
          </ns3:TrackPointExtension>
        </extensions>
      </trkpt>
      <trkpt lat="31.2199374474585056304931640625" lon="121.38824765570461750030517578125">
        <ele>14.3999996185302734375</ele>
        <time>2026-09-01T10:34:27.000Z</time>
        <extensions>
          <ns3:TrackPointExtension>
            <ns3:hr>153</ns3:hr>
            <ns3:cad>87</ns3:cad>
          </ns3:TrackPointExtension>
        </extensions>
      </trkpt>
      <trkpt lat="31.2199421413242816925048828125" lon="121.388224773108959197998046875">
        <ele>14.6000003814697265625</ele>
        <time>2026-09-01T10:34:28.000Z</time>
        <extensions>
          <ns3:TrackPointExtension>
            <ns3:hr>152</ns3:hr>
            <ns3:cad>86</ns3:cad>
          </ns3:TrackPointExtension>
        </extensions>
      </trkpt>
      <trkpt lat="31.21995203197002410888671875" lon="121.38819552026689052581787109375">
        <ele>14.6000003814697265625</ele>
        <time>2026-09-01T10:34:29.000Z</time>
        <extensions>
          <ns3:TrackPointExtension>
            <ns3:hr>152</ns3:hr>
            <ns3:cad>86</ns3:cad>
          </ns3:TrackPointExtension>
        </extensions>
      </trkpt>
      <trkpt lat="31.21995748020708560943603515625" lon="121.388173140585422515869140625">
        <ele>14.6000003814697265625</ele>
        <time>2026-09-01T10:34:30.000Z</time>
        <extensions>
          <ns3:TrackPointExtension>
            <ns3:hr>152</ns3:hr>
            <ns3:cad>84</ns3:cad>
          </ns3:TrackPointExtension>
        </extensions>
      </trkpt>
      <trkpt lat="31.21995530091226100921630859375" lon="121.38814321719110012054443359375">
        <ele>14.6000003814697265625</ele>
        <time>2026-09-01T10:34:31.000Z</time>
        <extensions>
          <ns3:TrackPointExtension>
            <ns3:hr>152</ns3:hr>
            <ns3:cad>84</ns3:cad>
          </ns3:TrackPointExtension>
        </extensions>
      </trkpt>
      <trkpt lat="31.21995395980775356292724609375" lon="121.38812243007123470306396484375">
        <ele>14.6000003814697265625</ele>
        <time>2026-09-01T10:34:32.000Z</time>
        <extensions>
          <ns3:TrackPointExtension>
            <ns3:hr>152</ns3:hr>
            <ns3:cad>84</ns3:cad>
          </ns3:TrackPointExtension>
        </extensions>
      </trkpt>
      <trkpt lat="31.2199491821229457855224609375" lon="121.38809493742883205413818359375">
        <ele>14.80000019073486328125</ele>
        <time>2026-09-01T10:34:33.000Z</time>
        <extensions>
          <ns3:TrackPointExtension>
            <ns3:hr>152</ns3:hr>
            <ns3:cad>85</ns3:cad>
          </ns3:TrackPointExtension>
        </extensions>
      </trkpt>
      <trkpt lat="31.21994239278137683868408203125" lon="121.38807532377541065216064453125">
        <ele>14.80000019073486328125</ele>
        <time>2026-09-01T10:34:34.000Z</time>
        <extensions>
          <ns3:TrackPointExtension>
            <ns3:hr>153</ns3:hr>
            <ns3:cad>86</ns3:cad>
          </ns3:TrackPointExtension>
        </extensions>
      </trkpt>
      <trkpt lat="31.2199377827346324920654296875" lon="121.38804581947624683380126953125">
        <ele>14.80000019073486328125</ele>
        <time>2026-09-01T10:34:35.000Z</time>
        <extensions>
          <ns3:TrackPointExtension>
            <ns3:hr>152</ns3:hr>
            <ns3:cad>87</ns3:cad>
          </ns3:TrackPointExtension>
        </extensions>
      </trkpt>
      <trkpt lat="31.21993166394531726837158203125" lon="121.3880266249179840087890625">
        <ele>14.80000019073486328125</ele>
        <time>2026-09-01T10:34:36.000Z</time>
        <extensions>
          <ns3:TrackPointExtension>
            <ns3:hr>153</ns3:hr>
            <ns3:cad>88</ns3:cad>
          </ns3:TrackPointExtension>
        </extensions>
      </trkpt>
      <trkpt lat="31.21992613188922405242919921875" lon="121.38799645006656646728515625">
        <ele>14.80000019073486328125</ele>
        <time>2026-09-01T10:34:37.000Z</time>
        <extensions>
          <ns3:TrackPointExtension>
            <ns3:hr>153</ns3:hr>
            <ns3:cad>88</ns3:cad>
          </ns3:TrackPointExtension>
        </extensions>
      </trkpt>
      <trkpt lat="31.2199243716895580291748046875" lon="121.3879738189280033111572265625">
        <ele>14.80000019073486328125</ele>
        <time>2026-09-01T10:34:38.000Z</time>
        <extensions>
          <ns3:TrackPointExtension>
            <ns3:hr>153</ns3:hr>
            <ns3:cad>87</ns3:cad>
          </ns3:TrackPointExtension>
        </extensions>
      </trkpt>
      <trkpt lat="31.2199190072715282440185546875" lon="121.3879439793527126312255859375">
        <ele>14.80000019073486328125</ele>
        <time>2026-09-01T10:34:39.000Z</time>
        <extensions>
          <ns3:TrackPointExtension>
            <ns3:hr>153</ns3:hr>
            <ns3:cad>87</ns3:cad>
          </ns3:TrackPointExtension>
        </extensions>
      </trkpt>
      <trkpt lat="31.21991582214832305908203125" lon="121.38791807927191257476806640625">
        <ele>14.80000019073486328125</ele>
        <time>2026-09-01T10:34:40.000Z</time>
        <extensions>
          <ns3:TrackPointExtension>
            <ns3:hr>153</ns3:hr>
            <ns3:cad>87</ns3:cad>
          </ns3:TrackPointExtension>
        </extensions>
      </trkpt>
      <trkpt lat="31.219916157424449920654296875" lon="121.38788874261081218719482421875">
        <ele>14.6000003814697265625</ele>
        <time>2026-09-01T10:34:41.000Z</time>
        <extensions>
          <ns3:TrackPointExtension>
            <ns3:hr>154</ns3:hr>
            <ns3:cad>88</ns3:cad>
          </ns3:TrackPointExtension>
        </extensions>
      </trkpt>
      <trkpt lat="31.2199156545102596282958984375" lon="121.387859322130680084228515625">
        <ele>14.6000003814697265625</ele>
        <time>2026-09-01T10:34:42.000Z</time>
        <extensions>
          <ns3:TrackPointExtension>
            <ns3:hr>154</ns3:hr>
            <ns3:cad>88</ns3:cad>
          </ns3:TrackPointExtension>
        </extensions>
      </trkpt>
      <trkpt lat="31.2199119664728641510009765625" lon="121.38782604597508907318115234375">
        <ele>14.6000003814697265625</ele>
        <time>2026-09-01T10:34:43.000Z</time>
        <extensions>
          <ns3:TrackPointExtension>
            <ns3:hr>154</ns3:hr>
            <ns3:cad>88</ns3:cad>
          </ns3:TrackPointExtension>
        </extensions>
      </trkpt>
      <trkpt lat="31.21991657651960849761962890625" lon="121.3877932727336883544921875">
        <ele>14.6000003814697265625</ele>
        <time>2026-09-01T10:34:44.000Z</time>
        <extensions>
          <ns3:TrackPointExtension>
            <ns3:hr>154</ns3:hr>
            <ns3:cad>87</ns3:cad>
          </ns3:TrackPointExtension>
        </extensions>
      </trkpt>
      <trkpt lat="31.219917833805084228515625" lon="121.3877679593861103057861328125">
        <ele>14.3999996185302734375</ele>
        <time>2026-09-01T10:34:45.000Z</time>
        <extensions>
          <ns3:TrackPointExtension>
            <ns3:hr>155</ns3:hr>
            <ns3:cad>87</ns3:cad>
          </ns3:TrackPointExtension>
        </extensions>
      </trkpt>
      <trkpt lat="31.219920180737972259521484375" lon="121.38774189166724681854248046875">
        <ele>14.3999996185302734375</ele>
        <time>2026-09-01T10:34:46.000Z</time>
        <extensions>
          <ns3:TrackPointExtension>
            <ns3:hr>155</ns3:hr>
            <ns3:cad>87</ns3:cad>
          </ns3:TrackPointExtension>
        </extensions>
      </trkpt>
      <trkpt lat="31.219922862946987152099609375" lon="121.387717835605144500732421875">
        <ele>14.3999996185302734375</ele>
        <time>2026-09-01T10:34:47.000Z</time>
        <extensions>
          <ns3:TrackPointExtension>
            <ns3:hr>155</ns3:hr>
            <ns3:cad>87</ns3:cad>
          </ns3:TrackPointExtension>
        </extensions>
      </trkpt>
      <trkpt lat="31.2199247069656848907470703125" lon="121.38769067823886871337890625">
        <ele>14.3999996185302734375</ele>
        <time>2026-09-01T10:34:48.000Z</time>
        <extensions>
          <ns3:TrackPointExtension>
            <ns3:hr>154</ns3:hr>
            <ns3:cad>89</ns3:cad>
          </ns3:TrackPointExtension>
        </extensions>
      </trkpt>
      <trkpt lat="31.21992252767086029052734375" lon="121.38766494579613208770751953125">
        <ele>14.3999996185302734375</ele>
        <time>2026-09-01T10:34:49.000Z</time>
        <extensions>
          <ns3:TrackPointExtension>
            <ns3:hr>155</ns3:hr>
            <ns3:cad>89</ns3:cad>
          </ns3:TrackPointExtension>
        </extensions>
      </trkpt>
      <trkpt lat="31.2199260480701923370361328125" lon="121.387634687125682830810546875">
        <ele>14.3999996185302734375</ele>
        <time>2026-09-01T10:34:50.000Z</time>
        <extensions>
          <ns3:TrackPointExtension>
            <ns3:hr>155</ns3:hr>
            <ns3:cad>88</ns3:cad>
          </ns3:TrackPointExtension>
        </extensions>
      </trkpt>
      <trkpt lat="31.21992160566151142120361328125" lon="121.3876120559871196746826171875">
        <ele>14.3999996185302734375</ele>
        <time>2026-09-01T10:34:51.000Z</time>
        <extensions>
          <ns3:TrackPointExtension>
            <ns3:hr>155</ns3:hr>
            <ns3:cad>87</ns3:cad>
          </ns3:TrackPointExtension>
        </extensions>
      </trkpt>
      <trkpt lat="31.21992344968020915985107421875" lon="121.387580372393131256103515625">
        <ele>14.3999996185302734375</ele>
        <time>2026-09-01T10:34:52.000Z</time>
        <extensions>
          <ns3:TrackPointExtension>
            <ns3:hr>155</ns3:hr>
            <ns3:cad>87</ns3:cad>
          </ns3:TrackPointExtension>
        </extensions>
      </trkpt>
      <trkpt lat="31.21991741470992565155029296875" lon="121.3875517062842845916748046875">
        <ele>14.6000003814697265625</ele>
        <time>2026-09-01T10:34:53.000Z</time>
        <extensions>
          <ns3:TrackPointExtension>
            <ns3:hr>155</ns3:hr>
            <ns3:cad>87</ns3:cad>
          </ns3:TrackPointExtension>
        </extensions>
      </trkpt>
      <trkpt lat="31.21991607360541820526123046875" lon="121.38751893304288387298583984375">
        <ele>14.3999996185302734375</ele>
        <time>2026-09-01T10:34:54.000Z</time>
        <extensions>
          <ns3:TrackPointExtension>
            <ns3:hr>155</ns3:hr>
            <ns3:cad>89</ns3:cad>
          </ns3:TrackPointExtension>
        </extensions>
      </trkpt>
      <trkpt lat="31.21990920044481754302978515625" lon="121.38748959638178348541259765625">
        <ele>14.3999996185302734375</ele>
        <time>2026-09-01T10:34:55.000Z</time>
        <extensions>
          <ns3:TrackPointExtension>
            <ns3:hr>155</ns3:hr>
            <ns3:cad>89</ns3:cad>
          </ns3:TrackPointExtension>
        </extensions>
      </trkpt>
      <trkpt lat="31.219907440245151519775390625" lon="121.3874541409313678741455078125">
        <ele>14.3999996185302734375</ele>
        <time>2026-09-01T10:34:56.000Z</time>
        <extensions>
          <ns3:TrackPointExtension>
            <ns3:hr>154</ns3:hr>
            <ns3:cad>88</ns3:cad>
          </ns3:TrackPointExtension>
        </extensions>
      </trkpt>
      <trkpt lat="31.21990601532161235809326171875" lon="121.3874256424605846405029296875">
        <ele>14.3999996185302734375</ele>
        <time>2026-09-01T10:34:57.000Z</time>
        <extensions>
          <ns3:TrackPointExtension>
            <ns3:hr>155</ns3:hr>
            <ns3:cad>88</ns3:cad>
          </ns3:TrackPointExtension>
        </extensions>
      </trkpt>
      <trkpt lat="31.21990534476935863494873046875" lon="121.3873937912285327911376953125">
        <ele>14.3999996185302734375</ele>
        <time>2026-09-01T10:34:58.000Z</time>
        <extensions>
          <ns3:TrackPointExtension>
            <ns3:hr>155</ns3:hr>
            <ns3:cad>88</ns3:cad>
          </ns3:TrackPointExtension>
        </extensions>
      </trkpt>
      <trkpt lat="31.2199022434651851654052734375" lon="121.38736722059547901153564453125">
        <ele>14.3999996185302734375</ele>
        <time>2026-09-01T10:34:59.000Z</time>
        <extensions>
          <ns3:TrackPointExtension>
            <ns3:hr>155</ns3:hr>
            <ns3:cad>88</ns3:cad>
          </ns3:TrackPointExtension>
        </extensions>
      </trkpt>
      <trkpt lat="31.21990165673196315765380859375" lon="121.3873334415256977081298828125">
        <ele>14.19999980926513671875</ele>
        <time>2026-09-01T10:35:00.000Z</time>
        <extensions>
          <ns3:TrackPointExtension>
            <ns3:hr>156</ns3:hr>
            <ns3:cad>90</ns3:cad>
          </ns3:TrackPointExtension>
        </extensions>
      </trkpt>
      <trkpt lat="31.21990366838872432708740234375" lon="121.38730167411267757415771484375">
        <ele>14.3999996185302734375</ele>
        <time>2026-09-01T10:35:01.000Z</time>
        <extensions>
          <ns3:TrackPointExtension>
            <ns3:hr>156</ns3:hr>
            <ns3:cad>90</ns3:cad>
          </ns3:TrackPointExtension>
        </extensions>
      </trkpt>
      <trkpt lat="31.21990517713129520416259765625" lon="121.3872729241847991943359375">
        <ele>14.3999996185302734375</ele>
        <time>2026-09-01T10:35:02.000Z</time>
        <extensions>
          <ns3:TrackPointExtension>
            <ns3:hr>156</ns3:hr>
            <ns3:cad>89</ns3:cad>
          </ns3:TrackPointExtension>
        </extensions>
      </trkpt>
      <trkpt lat="31.2199057638645172119140625" lon="121.38724702410399913787841796875">
        <ele>14.3999996185302734375</ele>
        <time>2026-09-01T10:35:03.000Z</time>
        <extensions>
          <ns3:TrackPointExtension>
            <ns3:hr>156</ns3:hr>
            <ns3:cad>89</ns3:cad>
          </ns3:TrackPointExtension>
        </extensions>
      </trkpt>
      <trkpt lat="31.219909451901912689208984375" lon="121.38721592724323272705078125">
        <ele>14.3999996185302734375</ele>
        <time>2026-09-01T10:35:04.000Z</time>
        <extensions>
          <ns3:TrackPointExtension>
            <ns3:hr>156</ns3:hr>
            <ns3:cad>88</ns3:cad>
          </ns3:TrackPointExtension>
        </extensions>
      </trkpt>
      <trkpt lat="31.21990668587386608123779296875" lon="121.387191452085971832275390625">
        <ele>14.3999996185302734375</ele>
        <time>2026-09-01T10:35:05.000Z</time>
        <extensions>
          <ns3:TrackPointExtension>
            <ns3:hr>156</ns3:hr>
            <ns3:cad>88</ns3:cad>
          </ns3:TrackPointExtension>
        </extensions>
      </trkpt>
      <trkpt lat="31.2199022434651851654052734375" lon="121.38716454617679119110107421875">
        <ele>14.3999996185302734375</ele>
        <time>2026-09-01T10:35:06.000Z</time>
        <extensions>
          <ns3:TrackPointExtension>
            <ns3:hr>156</ns3:hr>
            <ns3:cad>90</ns3:cad>
          </ns3:TrackPointExtension>
        </extensions>
      </trkpt>
      <trkpt lat="31.219904422760009765625" lon="121.3871379755437374114990234375">
        <ele>14.3999996185302734375</ele>
        <time>2026-09-01T10:35:07.000Z</time>
        <extensions>
          <ns3:TrackPointExtension>
            <ns3:hr>156</ns3:hr>
            <ns3:cad>90</ns3:cad>
          </ns3:TrackPointExtension>
        </extensions>
      </trkpt>
      <trkpt lat="31.21989930979907512664794921875" lon="121.3871074654161930084228515625">
        <ele>14.3999996185302734375</ele>
        <time>2026-09-01T10:35:08.000Z</time>
        <extensions>
          <ns3:TrackPointExtension>
            <ns3:hr>157</ns3:hr>
            <ns3:cad>88</ns3:cad>
          </ns3:TrackPointExtension>
        </extensions>
      </trkpt>
      <trkpt lat="31.2198982201516628265380859375" lon="121.3870798051357269287109375">
        <ele>14.3999996185302734375</ele>
        <time>2026-09-01T10:35:09.000Z</time>
        <extensions>
          <ns3:TrackPointExtension>
            <ns3:hr>156</ns3:hr>
            <ns3:cad>88</ns3:cad>
          </ns3:TrackPointExtension>
        </extensions>
      </trkpt>
      <trkpt lat="31.21988774277269840240478515625" lon="121.38704937882721424102783203125">
        <ele>14.3999996185302734375</ele>
        <time>2026-09-01T10:35:10.000Z</time>
        <extensions>
          <ns3:TrackPointExtension>
            <ns3:hr>156</ns3:hr>
            <ns3:cad>88</ns3:cad>
          </ns3:TrackPointExtension>
        </extensions>
      </trkpt>
      <trkpt lat="31.2198871560394763946533203125" lon="121.38701786287128925323486328125">
        <ele>14.3999996185302734375</ele>
        <time>2026-09-01T10:35:11.000Z</time>
        <extensions>
          <ns3:TrackPointExtension>
            <ns3:hr>156</ns3:hr>
            <ns3:cad>88</ns3:cad>
          </ns3:TrackPointExtension>
        </extensions>
      </trkpt>
      <trkpt lat="31.21988304890692234039306640625" lon="121.38699154369533061981201171875">
        <ele>14.3999996185302734375</ele>
        <time>2026-09-01T10:35:12.000Z</time>
        <extensions>
          <ns3:TrackPointExtension>
            <ns3:hr>156</ns3:hr>
            <ns3:cad>89</ns3:cad>
          </ns3:TrackPointExtension>
        </extensions>
      </trkpt>
      <trkpt lat="31.21988640166819095611572265625" lon="121.386959441006183624267578125">
        <ele>14.3999996185302734375</ele>
        <time>2026-09-01T10:35:13.000Z</time>
        <extensions>
          <ns3:TrackPointExtension>
            <ns3:hr>156</ns3:hr>
            <ns3:cad>90</ns3:cad>
          </ns3:TrackPointExtension>
        </extensions>
      </trkpt>
      <trkpt lat="31.2198787741363048553466796875" lon="121.38693639077246189117431640625">
        <ele>14.3999996185302734375</ele>
        <time>2026-09-01T10:35:14.000Z</time>
        <extensions>
          <ns3:TrackPointExtension>
            <ns3:hr>156</ns3:hr>
            <ns3:cad>90</ns3:cad>
          </ns3:TrackPointExtension>
        </extensions>
      </trkpt>
      <trkpt lat="31.21988086961209774017333984375" lon="121.38690185733139514923095703125">
        <ele>14.3999996185302734375</ele>
        <time>2026-09-01T10:35:15.000Z</time>
        <extensions>
          <ns3:TrackPointExtension>
            <ns3:hr>156</ns3:hr>
            <ns3:cad>88</ns3:cad>
          </ns3:TrackPointExtension>
        </extensions>
      </trkpt>
      <trkpt lat="31.21987961232662200927734375" lon="121.3868734426796436309814453125">
        <ele>14.3999996185302734375</ele>
        <time>2026-09-01T10:35:16.000Z</time>
        <extensions>
          <ns3:TrackPointExtension>
            <ns3:hr>156</ns3:hr>
            <ns3:cad>87</ns3:cad>
          </ns3:TrackPointExtension>
        </extensions>
      </trkpt>
      <trkpt lat="31.2198821268975734710693359375" lon="121.38683681376278400421142578125">
        <ele>14.19999980926513671875</ele>
        <time>2026-09-01T10:35:17.000Z</time>
        <extensions>
          <ns3:TrackPointExtension>
            <ns3:hr>156</ns3:hr>
            <ns3:cad>87</ns3:cad>
          </ns3:TrackPointExtension>
        </extensions>
      </trkpt>
      <trkpt lat="31.21988003142178058624267578125" lon="121.38681091368198394775390625">
        <ele>14.19999980926513671875</ele>
        <time>2026-09-01T10:35:18.000Z</time>
        <extensions>
          <ns3:TrackPointExtension>
            <ns3:hr>156</ns3:hr>
            <ns3:cad>88</ns3:cad>
          </ns3:TrackPointExtension>
        </extensions>
      </trkpt>
      <trkpt lat="31.21988229453563690185546875" lon="121.38677445240318775177001953125">
        <ele>14.19999980926513671875</ele>
        <time>2026-09-01T10:35:19.000Z</time>
        <extensions>
          <ns3:TrackPointExtension>
            <ns3:hr>156</ns3:hr>
            <ns3:cad>90</ns3:cad>
          </ns3:TrackPointExtension>
        </extensions>
      </trkpt>
      <trkpt lat="31.2198831327259540557861328125" lon="121.38675081543624401092529296875">
        <ele>14.19999980926513671875</ele>
        <time>2026-09-01T10:35:20.000Z</time>
        <extensions>
          <ns3:TrackPointExtension>
            <ns3:hr>156</ns3:hr>
            <ns3:cad>90</ns3:cad>
          </ns3:TrackPointExtension>
        </extensions>
      </trkpt>
      <trkpt lat="31.219882965087890625" lon="121.38671569526195526123046875">
        <ele>14.19999980926513671875</ele>
        <time>2026-09-01T10:35:21.000Z</time>
        <extensions>
          <ns3:TrackPointExtension>
            <ns3:hr>156</ns3:hr>
            <ns3:cad>89</ns3:cad>
          </ns3:TrackPointExtension>
        </extensions>
      </trkpt>
      <trkpt lat="31.21988170780241489410400390625" lon="121.38669180683791637420654296875">
        <ele>14.19999980926513671875</ele>
        <time>2026-09-01T10:35:22.000Z</time>
        <extensions>
          <ns3:TrackPointExtension>
            <ns3:hr>156</ns3:hr>
            <ns3:cad>88</ns3:cad>
          </ns3:TrackPointExtension>
        </extensions>
      </trkpt>
      <trkpt lat="31.21988086961209774017333984375" lon="121.3866578601300716400146484375">
        <ele>14.19999980926513671875</ele>
        <time>2026-09-01T10:35:23.000Z</time>
        <extensions>
          <ns3:TrackPointExtension>
            <ns3:hr>156</ns3:hr>
            <ns3:cad>88</ns3:cad>
          </ns3:TrackPointExtension>
        </extensions>
      </trkpt>
      <trkpt lat="31.21987701393663883209228515625" lon="121.386631540954113006591796875">
        <ele>14.19999980926513671875</ele>
        <time>2026-09-01T10:35:24.000Z</time>
        <extensions>
          <ns3:TrackPointExtension>
            <ns3:hr>156</ns3:hr>
            <ns3:cad>89</ns3:cad>
          </ns3:TrackPointExtension>
        </extensions>
      </trkpt>
      <trkpt lat="31.2198770977556705474853515625" lon="121.38660027645528316497802734375">
        <ele>14.3999996185302734375</ele>
        <time>2026-09-01T10:35:25.000Z</time>
        <extensions>
          <ns3:TrackPointExtension>
            <ns3:hr>156</ns3:hr>
            <ns3:cad>91</ns3:cad>
          </ns3:TrackPointExtension>
        </extensions>
      </trkpt>
      <trkpt lat="31.21987299062311649322509765625" lon="121.386575885117053985595703125">
        <ele>14.3999996185302734375</ele>
        <time>2026-09-01T10:35:26.000Z</time>
        <extensions>
          <ns3:TrackPointExtension>
            <ns3:hr>156</ns3:hr>
            <ns3:cad>91</ns3:cad>
          </ns3:TrackPointExtension>
        </extensions>
      </trkpt>
      <trkpt lat="31.21987349353730678558349609375" lon="121.3865411840379238128662109375">
        <ele>14.3999996185302734375</ele>
        <time>2026-09-01T10:35:27.000Z</time>
        <extensions>
          <ns3:TrackPointExtension>
            <ns3:hr>156</ns3:hr>
            <ns3:cad>89</ns3:cad>
          </ns3:TrackPointExtension>
        </extensions>
      </trkpt>
      <trkpt lat="31.219867877662181854248046875" lon="121.386515535414218902587890625">
        <ele>14.3999996185302734375</ele>
        <time>2026-09-01T10:35:28.000Z</time>
        <extensions>
          <ns3:TrackPointExtension>
            <ns3:hr>156</ns3:hr>
            <ns3:cad>88</ns3:cad>
          </ns3:TrackPointExtension>
        </extensions>
      </trkpt>
      <trkpt lat="31.21986410580575466156005859375" lon="121.38648812659084796905517578125">
        <ele>14.3999996185302734375</ele>
        <time>2026-09-01T10:35:29.000Z</time>
        <extensions>
          <ns3:TrackPointExtension>
            <ns3:hr>156</ns3:hr>
            <ns3:cad>88</ns3:cad>
          </ns3:TrackPointExtension>
        </extensions>
      </trkpt>
      <trkpt lat="31.2198653630912303924560546875" lon="121.386459879577159881591796875">
        <ele>14.3999996185302734375</ele>
        <time>2026-09-01T10:35:30.000Z</time>
        <extensions>
          <ns3:TrackPointExtension>
            <ns3:hr>155</ns3:hr>
            <ns3:cad>88</ns3:cad>
          </ns3:TrackPointExtension>
        </extensions>
      </trkpt>
      <trkpt lat="31.21986527927219867706298828125" lon="121.3864305429160594940185546875">
        <ele>14.19999980926513671875</ele>
        <time>2026-09-01T10:35:31.000Z</time>
        <extensions>
          <ns3:TrackPointExtension>
            <ns3:hr>155</ns3:hr>
            <ns3:cad>90</ns3:cad>
          </ns3:TrackPointExtension>
        </extensions>
      </trkpt>
      <trkpt lat="31.219864524900913238525390625" lon="121.38640631921589374542236328125">
        <ele>14.19999980926513671875</ele>
        <time>2026-09-01T10:35:32.000Z</time>
        <extensions>
          <ns3:TrackPointExtension>
            <ns3:hr>155</ns3:hr>
            <ns3:cad>90</ns3:cad>
          </ns3:TrackPointExtension>
        </extensions>
      </trkpt>
      <trkpt lat="31.2198626808822154998779296875" lon="121.3863748870790004730224609375">
        <ele>14.19999980926513671875</ele>
        <time>2026-09-01T10:35:33.000Z</time>
        <extensions>
          <ns3:TrackPointExtension>
            <ns3:hr>155</ns3:hr>
            <ns3:cad>89</ns3:cad>
          </ns3:TrackPointExtension>
        </extensions>
      </trkpt>
      <trkpt lat="31.2198596633970737457275390625" lon="121.38634781353175640106201171875">
        <ele>14.3999996185302734375</ele>
        <time>2026-09-01T10:35:34.000Z</time>
        <extensions>
          <ns3:TrackPointExtension>
            <ns3:hr>155</ns3:hr>
            <ns3:cad>88</ns3:cad>
          </ns3:TrackPointExtension>
        </extensions>
      </trkpt>
      <trkpt lat="31.21985723264515399932861328125" lon="121.38631830923259258270263671875">
        <ele>14.3999996185302734375</ele>
        <time>2026-09-01T10:35:35.000Z</time>
        <extensions>
          <ns3:TrackPointExtension>
            <ns3:hr>155</ns3:hr>
            <ns3:cad>88</ns3:cad>
          </ns3:TrackPointExtension>
        </extensions>
      </trkpt>
      <trkpt lat="31.219855807721614837646484375" lon="121.38629081659018993377685546875">
        <ele>14.3999996185302734375</ele>
        <time>2026-09-01T10:35:36.000Z</time>
        <extensions>
          <ns3:TrackPointExtension>
            <ns3:hr>155</ns3:hr>
            <ns3:cad>88</ns3:cad>
          </ns3:TrackPointExtension>
        </extensions>
      </trkpt>
      <trkpt lat="31.2198521196842193603515625" lon="121.38625795952975749969482421875">
        <ele>14.19999980926513671875</ele>
        <time>2026-09-01T10:35:37.000Z</time>
        <extensions>
          <ns3:TrackPointExtension>
            <ns3:hr>155</ns3:hr>
            <ns3:cad>89</ns3:cad>
          </ns3:TrackPointExtension>
        </extensions>
      </trkpt>
      <trkpt lat="31.219852454960346221923828125" lon="121.38622828759253025054931640625">
        <ele>14.19999980926513671875</ele>
        <time>2026-09-01T10:35:38.000Z</time>
        <extensions>
          <ns3:TrackPointExtension>
            <ns3:hr>154</ns3:hr>
            <ns3:cad>89</ns3:cad>
          </ns3:TrackPointExtension>
        </extensions>
      </trkpt>
      <trkpt lat="31.21985279023647308349609375" lon="121.38619643636047840118408203125">
        <ele>14.19999980926513671875</ele>
        <time>2026-09-01T10:35:39.000Z</time>
        <extensions>
          <ns3:TrackPointExtension>
            <ns3:hr>155</ns3:hr>
            <ns3:cad>89</ns3:cad>
          </ns3:TrackPointExtension>
        </extensions>
      </trkpt>
      <trkpt lat="31.2198549695312976837158203125" lon="121.3861650042235851287841796875">
        <ele>14.19999980926513671875</ele>
        <time>2026-09-01T10:35:40.000Z</time>
        <extensions>
          <ns3:TrackPointExtension>
            <ns3:hr>155</ns3:hr>
            <ns3:cad>89</ns3:cad>
          </ns3:TrackPointExtension>
        </extensions>
      </trkpt>
      <trkpt lat="31.219852454960346221923828125" lon="121.38613357208669185638427734375">
        <ele>14</ele>
        <time>2026-09-01T10:35:41.000Z</time>
        <extensions>
          <ns3:TrackPointExtension>
            <ns3:hr>154</ns3:hr>
            <ns3:cad>89</ns3:cad>
          </ns3:TrackPointExtension>
        </extensions>
      </trkpt>
      <trkpt lat="31.2198539637029170989990234375" lon="121.386101134121417999267578125">
        <ele>14</ele>
        <time>2026-09-01T10:35:42.000Z</time>
        <extensions>
          <ns3:TrackPointExtension>
            <ns3:hr>155</ns3:hr>
            <ns3:cad>88</ns3:cad>
          </ns3:TrackPointExtension>
        </extensions>
      </trkpt>
      <trkpt lat="31.219853125512599945068359375" lon="121.3860811851918697357177734375">
        <ele>14</ele>
        <time>2026-09-01T10:35:43.000Z</time>
        <extensions>
          <ns3:TrackPointExtension>
            <ns3:hr>155</ns3:hr>
            <ns3:cad>88</ns3:cad>
          </ns3:TrackPointExtension>
        </extensions>
      </trkpt>
      <trkpt lat="31.21985622681677341461181640625" lon="121.38604874722659587860107421875">
        <ele>14.19999980926513671875</ele>
        <time>2026-09-01T10:35:44.000Z</time>
        <extensions>
          <ns3:TrackPointExtension>
            <ns3:hr>154</ns3:hr>
            <ns3:cad>89</ns3:cad>
          </ns3:TrackPointExtension>
        </extensions>
      </trkpt>
      <trkpt lat="31.21984901838004589080810546875" lon="121.38603173196315765380859375">
        <ele>14.19999980926513671875</ele>
        <time>2026-09-01T10:35:45.000Z</time>
        <extensions>
          <ns3:TrackPointExtension>
            <ns3:hr>155</ns3:hr>
            <ns3:cad>89</ns3:cad>
          </ns3:TrackPointExtension>
        </extensions>
      </trkpt>
      <trkpt lat="31.2198521196842193603515625" lon="121.38600432313978672027587890625">
        <ele>14.19999980926513671875</ele>
        <time>2026-09-01T10:35:46.000Z</time>
        <extensions>
          <ns3:TrackPointExtension>
            <ns3:hr>155</ns3:hr>
            <ns3:cad>88</ns3:cad>
          </ns3:TrackPointExtension>
        </extensions>
      </trkpt>
      <trkpt lat="31.21985010802745819091796875" lon="121.38598152436316013336181640625">
        <ele>14.19999980926513671875</ele>
        <time>2026-09-01T10:35:47.000Z</time>
        <extensions>
          <ns3:TrackPointExtension>
            <ns3:hr>154</ns3:hr>
            <ns3:cad>87</ns3:cad>
          </ns3:TrackPointExtension>
        </extensions>
      </trkpt>
      <trkpt lat="31.2198532931506633758544921875" lon="121.3859507627785205841064453125">
        <ele>14.19999980926513671875</ele>
        <time>2026-09-01T10:35:48.000Z</time>
        <extensions>
          <ns3:TrackPointExtension>
            <ns3:hr>155</ns3:hr>
            <ns3:cad>87</ns3:cad>
          </ns3:TrackPointExtension>
        </extensions>
      </trkpt>
      <trkpt lat="31.21985237114131450653076171875" lon="121.38592519797384738922119140625">
        <ele>14.19999980926513671875</ele>
        <time>2026-09-01T10:35:49.000Z</time>
        <extensions>
          <ns3:TrackPointExtension>
            <ns3:hr>155</ns3:hr>
            <ns3:cad>87</ns3:cad>
          </ns3:TrackPointExtension>
        </extensions>
      </trkpt>
      <trkpt lat="31.21985438279807567596435546875" lon="121.38588781468570232391357421875">
        <ele>14.19999980926513671875</ele>
        <time>2026-09-01T10:35:50.000Z</time>
        <extensions>
          <ns3:TrackPointExtension>
            <ns3:hr>154</ns3:hr>
            <ns3:cad>90</ns3:cad>
          </ns3:TrackPointExtension>
        </extensions>
      </trkpt>
      <trkpt lat="31.21985337696969509124755859375" lon="121.38586032204329967498779296875">
        <ele>14.19999980926513671875</ele>
        <time>2026-09-01T10:35:51.000Z</time>
        <extensions>
          <ns3:TrackPointExtension>
            <ns3:hr>154</ns3:hr>
            <ns3:cad>90</ns3:cad>
          </ns3:TrackPointExtension>
        </extensions>
      </trkpt>
      <trkpt lat="31.21985203586518764495849609375" lon="121.385830231010913848876953125">
        <ele>14.19999980926513671875</ele>
        <time>2026-09-01T10:35:52.000Z</time>
        <extensions>
          <ns3:TrackPointExtension>
            <ns3:hr>154</ns3:hr>
            <ns3:cad>88</ns3:cad>
          </ns3:TrackPointExtension>
        </extensions>
      </trkpt>
      <trkpt lat="31.21985505335032939910888671875" lon="121.38580433093011379241943359375">
        <ele>14.19999980926513671875</ele>
        <time>2026-09-01T10:35:53.000Z</time>
        <extensions>
          <ns3:TrackPointExtension>
            <ns3:hr>153</ns3:hr>
            <ns3:cad>88</ns3:cad>
          </ns3:TrackPointExtension>
        </extensions>
      </trkpt>
      <trkpt lat="31.21985941193997859954833984375" lon="121.38577398844063282012939453125">
        <ele>14.19999980926513671875</ele>
        <time>2026-09-01T10:35:54.000Z</time>
        <extensions>
          <ns3:TrackPointExtension>
            <ns3:hr>153</ns3:hr>
            <ns3:cad>88</ns3:cad>
          </ns3:TrackPointExtension>
        </extensions>
      </trkpt>
      <trkpt lat="31.21985949575901031494140625" lon="121.3857459090650081634521484375">
        <ele>14.19999980926513671875</ele>
        <time>2026-09-01T10:35:55.000Z</time>
        <extensions>
          <ns3:TrackPointExtension>
            <ns3:hr>153</ns3:hr>
            <ns3:cad>88</ns3:cad>
          </ns3:TrackPointExtension>
        </extensions>
      </trkpt>
      <trkpt lat="31.21986075304448604583740234375" lon="121.385715566575527191162109375">
        <ele>14.19999980926513671875</ele>
        <time>2026-09-01T10:35:56.000Z</time>
        <extensions>
          <ns3:TrackPointExtension>
            <ns3:hr>153</ns3:hr>
            <ns3:cad>88</ns3:cad>
          </ns3:TrackPointExtension>
        </extensions>
      </trkpt>
      <trkpt lat="31.2198586575686931610107421875" lon="121.3856835477054119110107421875">
        <ele>14.19999980926513671875</ele>
        <time>2026-09-01T10:35:57.000Z</time>
        <extensions>
          <ns3:TrackPointExtension>
            <ns3:hr>153</ns3:hr>
            <ns3:cad>88</ns3:cad>
          </ns3:TrackPointExtension>
        </extensions>
      </trkpt>
      <trkpt lat="31.21985203586518764495849609375" lon="121.3856563903391361236572265625">
        <ele>14.19999980926513671875</ele>
        <time>2026-09-01T10:35:58.000Z</time>
        <extensions>
          <ns3:TrackPointExtension>
            <ns3:hr>153</ns3:hr>
            <ns3:cad>88</ns3:cad>
          </ns3:TrackPointExtension>
        </extensions>
      </trkpt>
      <trkpt lat="31.2198405526578426361083984375" lon="121.385624706745147705078125">
        <ele>14.19999980926513671875</ele>
        <time>2026-09-01T10:35:59.000Z</time>
        <extensions>
          <ns3:TrackPointExtension>
            <ns3:hr>153</ns3:hr>
            <ns3:cad>87</ns3:cad>
          </ns3:TrackPointExtension>
        </extensions>
      </trkpt>
      <trkpt lat="31.2198264710605144500732421875" lon="121.3855992257595062255859375">
        <ele>14.19999980926513671875</ele>
        <time>2026-09-01T10:36:00.000Z</time>
        <extensions>
          <ns3:TrackPointExtension>
            <ns3:hr>153</ns3:hr>
            <ns3:cad>87</ns3:cad>
          </ns3:TrackPointExtension>
        </extensions>
      </trkpt>
      <trkpt lat="31.2198150716722011566162109375" lon="121.385570056736469268798828125">
        <ele>14.19999980926513671875</ele>
        <time>2026-09-01T10:36:01.000Z</time>
        <extensions>
          <ns3:TrackPointExtension>
            <ns3:hr>153</ns3:hr>
            <ns3:cad>87</ns3:cad>
          </ns3:TrackPointExtension>
        </extensions>
      </trkpt>
      <trkpt lat="31.21980442665517330169677734375" lon="121.3855494372546672821044921875">
        <ele>14.19999980926513671875</ele>
        <time>2026-09-01T10:36:02.000Z</time>
        <extensions>
          <ns3:TrackPointExtension>
            <ns3:hr>153</ns3:hr>
            <ns3:cad>87</ns3:cad>
          </ns3:TrackPointExtension>
        </extensions>
      </trkpt>
      <trkpt lat="31.219792105257511138916015625" lon="121.38552152551710605621337890625">
        <ele>14.19999980926513671875</ele>
        <time>2026-09-01T10:36:03.000Z</time>
        <extensions>
          <ns3:TrackPointExtension>
            <ns3:hr>153</ns3:hr>
            <ns3:cad>87</ns3:cad>
          </ns3:TrackPointExtension>
        </extensions>
      </trkpt>
      <trkpt lat="31.21977441944181919097900390625" lon="121.38550057075917720794677734375">
        <ele>14.19999980926513671875</ele>
        <time>2026-09-01T10:36:04.000Z</time>
        <extensions>
          <ns3:TrackPointExtension>
            <ns3:hr>152</ns3:hr>
            <ns3:cad>88</ns3:cad>
          </ns3:TrackPointExtension>
        </extensions>
      </trkpt>
      <trkpt lat="31.2197537161409854888916015625" lon="121.3854857347905635833740234375">
        <ele>14</ele>
        <time>2026-09-01T10:36:05.000Z</time>
        <extensions>
          <ns3:TrackPointExtension>
            <ns3:hr>153</ns3:hr>
            <ns3:cad>88</ns3:cad>
          </ns3:TrackPointExtension>
        </extensions>
      </trkpt>
      <trkpt lat="31.2197242118418216705322265625" lon="121.38547492213547229766845703125">
        <ele>14</ele>
        <time>2026-09-01T10:36:06.000Z</time>
        <extensions>
          <ns3:TrackPointExtension>
            <ns3:hr>153</ns3:hr>
            <ns3:cad>85</ns3:cad>
          </ns3:TrackPointExtension>
        </extensions>
      </trkpt>
      <trkpt lat="31.21970132924616336822509765625" lon="121.38547785580158233642578125">
        <ele>14</ele>
        <time>2026-09-01T10:36:07.000Z</time>
        <extensions>
          <ns3:TrackPointExtension>
            <ns3:hr>153</ns3:hr>
            <ns3:cad>84</ns3:cad>
          </ns3:TrackPointExtension>
        </extensions>
      </trkpt>
      <trkpt lat="31.21967635117471218109130859375" lon="121.38547919690608978271484375">
        <ele>14</ele>
        <time>2026-09-01T10:36:08.000Z</time>
        <extensions>
          <ns3:TrackPointExtension>
            <ns3:hr>153</ns3:hr>
            <ns3:cad>84</ns3:cad>
          </ns3:TrackPointExtension>
        </extensions>
      </trkpt>
      <trkpt lat="31.21965430676937103271484375" lon="121.385482884943485260009765625">
        <ele>14</ele>
        <time>2026-09-01T10:36:09.000Z</time>
        <extensions>
          <ns3:TrackPointExtension>
            <ns3:hr>153</ns3:hr>
            <ns3:cad>85</ns3:cad>
          </ns3:TrackPointExtension>
        </extensions>
      </trkpt>
      <trkpt lat="31.21962614357471466064453125" lon="121.38548380695283412933349609375">
        <ele>14</ele>
        <time>2026-09-01T10:36:10.000Z</time>
        <extensions>
          <ns3:TrackPointExtension>
            <ns3:hr>153</ns3:hr>
            <ns3:cad>86</ns3:cad>
          </ns3:TrackPointExtension>
        </extensions>
      </trkpt>
      <trkpt lat="31.2196048535406589508056640625" lon="121.3854874111711978912353515625">
        <ele>14</ele>
        <time>2026-09-01T10:36:11.000Z</time>
        <extensions>
          <ns3:TrackPointExtension>
            <ns3:hr>153</ns3:hr>
            <ns3:cad>87</ns3:cad>
          </ns3:TrackPointExtension>
        </extensions>
      </trkpt>
      <trkpt lat="31.21957526542246341705322265625" lon="121.38548984192311763763427734375">
        <ele>13.80000019073486328125</ele>
        <time>2026-09-01T10:36:12.000Z</time>
        <extensions>
          <ns3:TrackPointExtension>
            <ns3:hr>153</ns3:hr>
            <ns3:cad>87</ns3:cad>
          </ns3:TrackPointExtension>
        </extensions>
      </trkpt>
      <trkpt lat="31.21955431066453456878662109375" lon="121.385494954884052276611328125">
        <ele>13.80000019073486328125</ele>
        <time>2026-09-01T10:36:13.000Z</time>
        <extensions>
          <ns3:TrackPointExtension>
            <ns3:hr>153</ns3:hr>
            <ns3:cad>87</ns3:cad>
          </ns3:TrackPointExtension>
        </extensions>
      </trkpt>
      <trkpt lat="31.21952765621244907379150390625" lon="121.3854944519698619842529296875">
        <ele>13.80000019073486328125</ele>
        <time>2026-09-01T10:36:14.000Z</time>
        <extensions>
          <ns3:TrackPointExtension>
            <ns3:hr>153</ns3:hr>
            <ns3:cad>87</ns3:cad>
          </ns3:TrackPointExtension>
        </extensions>
      </trkpt>
      <trkpt lat="31.21950703673064708709716796875" lon="121.38549235649406909942626953125">
        <ele>13.80000019073486328125</ele>
        <time>2026-09-01T10:36:15.000Z</time>
        <extensions>
          <ns3:TrackPointExtension>
            <ns3:hr>153</ns3:hr>
            <ns3:cad>88</ns3:cad>
          </ns3:TrackPointExtension>
        </extensions>
      </trkpt>
      <trkpt lat="31.21948339976370334625244140625" lon="121.3854904286563396453857421875">
        <ele>13.80000019073486328125</ele>
        <time>2026-09-01T10:36:16.000Z</time>
        <extensions>
          <ns3:TrackPointExtension>
            <ns3:hr>153</ns3:hr>
            <ns3:cad>89</ns3:cad>
          </ns3:TrackPointExtension>
        </extensions>
      </trkpt>
      <trkpt lat="31.21946227736771106719970703125" lon="121.3854910992085933685302734375">
        <ele>13.80000019073486328125</ele>
        <time>2026-09-01T10:36:17.000Z</time>
        <extensions>
          <ns3:TrackPointExtension>
            <ns3:hr>154</ns3:hr>
            <ns3:cad>89</ns3:cad>
          </ns3:TrackPointExtension>
        </extensions>
      </trkpt>
      <trkpt lat="31.21943796984851360321044921875" lon="121.385490596294403076171875">
        <ele>14</ele>
        <time>2026-09-01T10:36:18.000Z</time>
        <extensions>
          <ns3:TrackPointExtension>
            <ns3:hr>154</ns3:hr>
            <ns3:cad>88</ns3:cad>
          </ns3:TrackPointExtension>
        </extensions>
      </trkpt>
      <trkpt lat="31.21941667981445789337158203125" lon="121.38548967428505420684814453125">
        <ele>14</ele>
        <time>2026-09-01T10:36:19.000Z</time>
        <extensions>
          <ns3:TrackPointExtension>
            <ns3:hr>154</ns3:hr>
            <ns3:cad>88</ns3:cad>
          </ns3:TrackPointExtension>
        </extensions>
      </trkpt>
      <trkpt lat="31.21939069591462612152099609375" lon="121.38548783026635646820068359375">
        <ele>14</ele>
        <time>2026-09-01T10:36:20.000Z</time>
        <extensions>
          <ns3:TrackPointExtension>
            <ns3:hr>154</ns3:hr>
            <ns3:cad>88</ns3:cad>
          </ns3:TrackPointExtension>
        </extensions>
      </trkpt>
      <trkpt lat="31.21936471201479434967041015625" lon="121.38548380695283412933349609375">
        <ele>13.80000019073486328125</ele>
        <time>2026-09-01T10:36:21.000Z</time>
        <extensions>
          <ns3:TrackPointExtension>
            <ns3:hr>154</ns3:hr>
            <ns3:cad>88</ns3:cad>
          </ns3:TrackPointExtension>
        </extensions>
      </trkpt>
      <trkpt lat="31.21934191323816776275634765625" lon="121.38548598624765872955322265625">
        <ele>13.80000019073486328125</ele>
        <time>2026-09-01T10:36:22.000Z</time>
        <extensions>
          <ns3:TrackPointExtension>
            <ns3:hr>155</ns3:hr>
            <ns3:cad>89</ns3:cad>
          </ns3:TrackPointExtension>
        </extensions>
      </trkpt>
      <trkpt lat="31.219317018985748291015625" lon="121.3854833878576755523681640625">
        <ele>13.80000019073486328125</ele>
        <time>2026-09-01T10:36:23.000Z</time>
        <extensions>
          <ns3:TrackPointExtension>
            <ns3:hr>155</ns3:hr>
            <ns3:cad>89</ns3:cad>
          </ns3:TrackPointExtension>
        </extensions>
      </trkpt>
      <trkpt lat="31.2192940525710582733154296875" lon="121.3854838907718658447265625">
        <ele>13.80000019073486328125</ele>
        <time>2026-09-01T10:36:24.000Z</time>
        <extensions>
          <ns3:TrackPointExtension>
            <ns3:hr>155</ns3:hr>
            <ns3:cad>88</ns3:cad>
          </ns3:TrackPointExtension>
        </extensions>
      </trkpt>
      <trkpt lat="31.21926647610962390899658203125" lon="121.38547726906836032867431640625">
        <ele>13.80000019073486328125</ele>
        <time>2026-09-01T10:36:25.000Z</time>
        <extensions>
          <ns3:TrackPointExtension>
            <ns3:hr>155</ns3:hr>
            <ns3:cad>87</ns3:cad>
          </ns3:TrackPointExtension>
        </extensions>
      </trkpt>
      <trkpt lat="31.21924468316137790679931640625" lon="121.38547441922128200531005859375">
        <ele>13.80000019073486328125</ele>
        <time>2026-09-01T10:36:26.000Z</time>
        <extensions>
          <ns3:TrackPointExtension>
            <ns3:hr>155</ns3:hr>
            <ns3:cad>87</ns3:cad>
          </ns3:TrackPointExtension>
        </extensions>
      </trkpt>
      <trkpt lat="31.21921719051897525787353515625" lon="121.38547341339290142059326171875">
        <ele>13.80000019073486328125</ele>
        <time>2026-09-01T10:36:27.000Z</time>
        <extensions>
          <ns3:TrackPointExtension>
            <ns3:hr>155</ns3:hr>
            <ns3:cad>87</ns3:cad>
          </ns3:TrackPointExtension>
        </extensions>
      </trkpt>
      <trkpt lat="31.21919522993266582489013671875" lon="121.38547324575483798980712890625">
        <ele>13.80000019073486328125</ele>
        <time>2026-09-01T10:36:28.000Z</time>
        <extensions>
          <ns3:TrackPointExtension>
            <ns3:hr>156</ns3:hr>
            <ns3:cad>90</ns3:cad>
          </ns3:TrackPointExtension>
        </extensions>
      </trkpt>
      <trkpt lat="31.2191681563854217529296875" lon="121.3854699768126010894775390625">
        <ele>13.80000019073486328125</ele>
        <time>2026-09-01T10:36:29.000Z</time>
        <extensions>
          <ns3:TrackPointExtension>
            <ns3:hr>156</ns3:hr>
            <ns3:cad>90</ns3:cad>
          </ns3:TrackPointExtension>
        </extensions>
      </trkpt>
      <trkpt lat="31.2191461957991123199462890625" lon="121.38546570204198360443115234375">
        <ele>13.80000019073486328125</ele>
        <time>2026-09-01T10:36:30.000Z</time>
        <extensions>
          <ns3:TrackPointExtension>
            <ns3:hr>155</ns3:hr>
            <ns3:cad>89</ns3:cad>
          </ns3:TrackPointExtension>
        </extensions>
      </trkpt>
      <trkpt lat="31.2191233970224857330322265625" lon="121.38546452857553958892822265625">
        <ele>13.80000019073486328125</ele>
        <time>2026-09-01T10:36:31.000Z</time>
        <extensions>
          <ns3:TrackPointExtension>
            <ns3:hr>156</ns3:hr>
            <ns3:cad>88</ns3:cad>
          </ns3:TrackPointExtension>
        </extensions>
      </trkpt>
      <trkpt lat="31.2191019393503665924072265625" lon="121.38546100817620754241943359375">
        <ele>13.80000019073486328125</ele>
        <time>2026-09-01T10:36:32.000Z</time>
        <extensions>
          <ns3:TrackPointExtension>
            <ns3:hr>156</ns3:hr>
            <ns3:cad>88</ns3:cad>
          </ns3:TrackPointExtension>
        </extensions>
      </trkpt>
      <trkpt lat="31.2190784700214862823486328125" lon="121.3854542188346385955810546875">
        <ele>13.80000019073486328125</ele>
        <time>2026-09-01T10:36:33.000Z</time>
        <extensions>
          <ns3:TrackPointExtension>
            <ns3:hr>156</ns3:hr>
            <ns3:cad>88</ns3:cad>
          </ns3:TrackPointExtension>
        </extensions>
      </trkpt>
      <trkpt lat="31.2190573476254940032958984375" lon="121.38545379973948001861572265625">
        <ele>13.80000019073486328125</ele>
        <time>2026-09-01T10:36:34.000Z</time>
        <extensions>
          <ns3:TrackPointExtension>
            <ns3:hr>156</ns3:hr>
            <ns3:cad>88</ns3:cad>
          </ns3:TrackPointExtension>
        </extensions>
      </trkpt>
      <trkpt lat="31.2190365605056285858154296875" lon="121.3854371197521686553955078125">
        <ele>13.80000019073486328125</ele>
        <time>2026-09-01T10:36:35.000Z</time>
        <extensions>
          <ns3:TrackPointExtension>
            <ns3:hr>155</ns3:hr>
            <ns3:cad>89</ns3:cad>
          </ns3:TrackPointExtension>
        </extensions>
      </trkpt>
      <trkpt lat="31.21901929378509521484375" lon="121.3854277320206165313720703125">
        <ele>13.80000019073486328125</ele>
        <time>2026-09-01T10:36:36.000Z</time>
        <extensions>
          <ns3:TrackPointExtension>
            <ns3:hr>156</ns3:hr>
            <ns3:cad>89</ns3:cad>
          </ns3:TrackPointExtension>
        </extensions>
      </trkpt>
      <trkpt lat="31.2189916335046291351318359375" lon="121.38542396016418933868408203125">
        <ele>13.80000019073486328125</ele>
        <time>2026-09-01T10:36:37.000Z</time>
        <extensions>
          <ns3:TrackPointExtension>
            <ns3:hr>156</ns3:hr>
            <ns3:cad>88</ns3:cad>
          </ns3:TrackPointExtension>
        </extensions>
      </trkpt>
      <trkpt lat="31.21897009201347827911376953125" lon="121.38542546890676021575927734375">
        <ele>13.80000019073486328125</ele>
        <time>2026-09-01T10:36:38.000Z</time>
        <extensions>
          <ns3:TrackPointExtension>
            <ns3:hr>156</ns3:hr>
            <ns3:cad>88</ns3:cad>
          </ns3:TrackPointExtension>
        </extensions>
      </trkpt>
      <trkpt lat="31.21894444338977336883544921875" lon="121.38542060740292072296142578125">
        <ele>13.80000019073486328125</ele>
        <time>2026-09-01T10:36:39.000Z</time>
        <extensions>
          <ns3:TrackPointExtension>
            <ns3:hr>156</ns3:hr>
            <ns3:cad>88</ns3:cad>
          </ns3:TrackPointExtension>
        </extensions>
      </trkpt>
      <trkpt lat="31.2189222313463687896728515625" lon="121.38541239313781261444091796875">
        <ele>13.80000019073486328125</ele>
        <time>2026-09-01T10:36:40.000Z</time>
        <extensions>
          <ns3:TrackPointExtension>
            <ns3:hr>156</ns3:hr>
            <ns3:cad>89</ns3:cad>
          </ns3:TrackPointExtension>
        </extensions>
      </trkpt>
      <trkpt lat="31.218894235789775848388671875" lon="121.38540283776819705963134765625">
        <ele>13.80000019073486328125</ele>
        <time>2026-09-01T10:36:41.000Z</time>
        <extensions>
          <ns3:TrackPointExtension>
            <ns3:hr>156</ns3:hr>
            <ns3:cad>90</ns3:cad>
          </ns3:TrackPointExtension>
        </extensions>
      </trkpt>
      <trkpt lat="31.21887135319411754608154296875" lon="121.3853955455124378204345703125">
        <ele>13.80000019073486328125</ele>
        <time>2026-09-01T10:36:42.000Z</time>
        <extensions>
          <ns3:TrackPointExtension>
            <ns3:hr>156</ns3:hr>
            <ns3:cad>90</ns3:cad>
          </ns3:TrackPointExtension>
        </extensions>
      </trkpt>
      <trkpt lat="31.21884905733168125152587890625" lon="121.38538406230509281158447265625">
        <ele>13.80000019073486328125</ele>
        <time>2026-09-01T10:36:43.000Z</time>
        <extensions>
          <ns3:TrackPointExtension>
            <ns3:hr>156</ns3:hr>
            <ns3:cad>88</ns3:cad>
          </ns3:TrackPointExtension>
        </extensions>
      </trkpt>
      <trkpt lat="31.21883757412433624267578125" lon="121.3853717409074306488037109375">
        <ele>13.6000003814697265625</ele>
        <time>2026-09-01T10:36:44.000Z</time>
        <extensions>
          <ns3:TrackPointExtension>
            <ns3:hr>156</ns3:hr>
            <ns3:cad>87</ns3:cad>
          </ns3:TrackPointExtension>
        </extensions>
      </trkpt>
      <trkpt lat="31.218813769519329071044921875" lon="121.3853600062429904937744140625">
        <ele>13.6000003814697265625</ele>
        <time>2026-09-01T10:36:45.000Z</time>
        <extensions>
          <ns3:TrackPointExtension>
            <ns3:hr>155</ns3:hr>
            <ns3:cad>87</ns3:cad>
          </ns3:TrackPointExtension>
        </extensions>
      </trkpt>
      <trkpt lat="31.21878753416240215301513671875" lon="121.3853502832353115081787109375">
        <ele>13.80000019073486328125</ele>
        <time>2026-09-01T10:36:46.000Z</time>
        <extensions>
          <ns3:TrackPointExtension>
            <ns3:hr>155</ns3:hr>
            <ns3:cad>88</ns3:cad>
          </ns3:TrackPointExtension>
        </extensions>
      </trkpt>
      <trkpt lat="31.21875903569161891937255859375" lon="121.3853452540934085845947265625">
        <ele>13.80000019073486328125</ele>
        <time>2026-09-01T10:36:47.000Z</time>
        <extensions>
          <ns3:TrackPointExtension>
            <ns3:hr>155</ns3:hr>
            <ns3:cad>89</ns3:cad>
          </ns3:TrackPointExtension>
        </extensions>
      </trkpt>
      <trkpt lat="31.21873456053435802459716796875" lon="121.38533242978155612945556640625">
        <ele>13.80000019073486328125</ele>
        <time>2026-09-01T10:36:48.000Z</time>
        <extensions>
          <ns3:TrackPointExtension>
            <ns3:hr>155</ns3:hr>
            <ns3:cad>89</ns3:cad>
          </ns3:TrackPointExtension>
        </extensions>
      </trkpt>
      <trkpt lat="31.2187113426625728607177734375" lon="121.3853224553167819976806640625">
        <ele>13.80000019073486328125</ele>
        <time>2026-09-01T10:36:49.000Z</time>
        <extensions>
          <ns3:TrackPointExtension>
            <ns3:hr>155</ns3:hr>
            <ns3:cad>88</ns3:cad>
          </ns3:TrackPointExtension>
        </extensions>
      </trkpt>
      <trkpt lat="31.21869231574237346649169921875" lon="121.38530761934816837310791015625">
        <ele>13.6000003814697265625</ele>
        <time>2026-09-01T10:36:50.000Z</time>
        <extensions>
          <ns3:TrackPointExtension>
            <ns3:hr>155</ns3:hr>
            <ns3:cad>88</ns3:cad>
          </ns3:TrackPointExtension>
        </extensions>
      </trkpt>
      <trkpt lat="31.21867236681282520294189453125" lon="121.3852939568459987640380859375">
        <ele>13.6000003814697265625</ele>
        <time>2026-09-01T10:36:51.000Z</time>
        <extensions>
          <ns3:TrackPointExtension>
            <ns3:hr>156</ns3:hr>
            <ns3:cad>88</ns3:cad>
          </ns3:TrackPointExtension>
        </extensions>
      </trkpt>
      <trkpt lat="31.2186499871313571929931640625" lon="121.3852795399725437164306640625">
        <ele>13.3999996185302734375</ele>
        <time>2026-09-01T10:36:52.000Z</time>
        <extensions>
          <ns3:TrackPointExtension>
            <ns3:hr>156</ns3:hr>
            <ns3:cad>88</ns3:cad>
          </ns3:TrackPointExtension>
        </extensions>
      </trkpt>
      <trkpt lat="31.2186278589069843292236328125" lon="121.385266967117786407470703125">
        <ele>13.6000003814697265625</ele>
        <time>2026-09-01T10:36:53.000Z</time>
        <extensions>
          <ns3:TrackPointExtension>
            <ns3:hr>156</ns3:hr>
            <ns3:cad>90</ns3:cad>
          </ns3:TrackPointExtension>
        </extensions>
      </trkpt>
      <trkpt lat="31.21859676204621791839599609375" lon="121.385252885520458221435546875">
        <ele>13.6000003814697265625</ele>
        <time>2026-09-01T10:36:54.000Z</time>
        <extensions>
          <ns3:TrackPointExtension>
            <ns3:hr>155</ns3:hr>
            <ns3:cad>90</ns3:cad>
          </ns3:TrackPointExtension>
        </extensions>
      </trkpt>
      <trkpt lat="31.21857480145990848541259765625" lon="121.3852398097515106201171875">
        <ele>13.6000003814697265625</ele>
        <time>2026-09-01T10:36:55.000Z</time>
        <extensions>
          <ns3:TrackPointExtension>
            <ns3:hr>155</ns3:hr>
            <ns3:cad>90</ns3:cad>
          </ns3:TrackPointExtension>
        </extensions>
      </trkpt>
      <trkpt lat="31.21854730881750583648681640625" lon="121.38522212393581867218017578125">
        <ele>13.6000003814697265625</ele>
        <time>2026-09-01T10:36:56.000Z</time>
        <extensions>
          <ns3:TrackPointExtension>
            <ns3:hr>155</ns3:hr>
            <ns3:cad>89</ns3:cad>
          </ns3:TrackPointExtension>
        </extensions>
      </trkpt>
      <trkpt lat="31.218523420393466949462890625" lon="121.38520561158657073974609375">
        <ele>13.6000003814697265625</ele>
        <time>2026-09-01T10:36:57.000Z</time>
        <extensions>
          <ns3:TrackPointExtension>
            <ns3:hr>154</ns3:hr>
            <ns3:cad>88</ns3:cad>
          </ns3:TrackPointExtension>
        </extensions>
      </trkpt>
      <trkpt lat="31.21849802322685718536376953125" lon="121.3851942121982574462890625">
        <ele>13.6000003814697265625</ele>
        <time>2026-09-01T10:36:58.000Z</time>
        <extensions>
          <ns3:TrackPointExtension>
            <ns3:hr>154</ns3:hr>
            <ns3:cad>88</ns3:cad>
          </ns3:TrackPointExtension>
        </extensions>
      </trkpt>
      <trkpt lat="31.2184734642505645751953125" lon="121.385184489190578460693359375">
        <ele>13.6000003814697265625</ele>
        <time>2026-09-01T10:36:59.000Z</time>
        <extensions>
          <ns3:TrackPointExtension>
            <ns3:hr>154</ns3:hr>
            <ns3:cad>88</ns3:cad>
          </ns3:TrackPointExtension>
        </extensions>
      </trkpt>
      <trkpt lat="31.218444295227527618408203125" lon="121.38517116196453571319580078125">
        <ele>13.6000003814697265625</ele>
        <time>2026-09-01T10:37:00.000Z</time>
        <extensions>
          <ns3:TrackPointExtension>
            <ns3:hr>154</ns3:hr>
            <ns3:cad>90</ns3:cad>
          </ns3:TrackPointExtension>
        </extensions>
      </trkpt>
      <trkpt lat="31.2184293754398822784423828125" lon="121.38515925966203212738037109375">
        <ele>13.6000003814697265625</ele>
        <time>2026-09-01T10:37:01.000Z</time>
        <extensions>
          <ns3:TrackPointExtension>
            <ns3:hr>155</ns3:hr>
            <ns3:cad>90</ns3:cad>
          </ns3:TrackPointExtension>
        </extensions>
      </trkpt>
      <trkpt lat="31.2184049002826213836669921875" lon="121.385143585503101348876953125">
        <ele>13.6000003814697265625</ele>
        <time>2026-09-01T10:37:02.000Z</time>
        <extensions>
          <ns3:TrackPointExtension>
            <ns3:hr>154</ns3:hr>
            <ns3:cad>89</ns3:cad>
          </ns3:TrackPointExtension>
        </extensions>
      </trkpt>
      <trkpt lat="31.21838738210499286651611328125" lon="121.38513721525669097900390625">
        <ele>13.6000003814697265625</ele>
        <time>2026-09-01T10:37:03.000Z</time>
        <extensions>
          <ns3:TrackPointExtension>
            <ns3:hr>154</ns3:hr>
            <ns3:cad>89</ns3:cad>
          </ns3:TrackPointExtension>
        </extensions>
      </trkpt>
      <trkpt lat="31.218361146748065948486328125" lon="121.38512271456420421600341796875">
        <ele>13.6000003814697265625</ele>
        <time>2026-09-01T10:37:04.000Z</time>
        <extensions>
          <ns3:TrackPointExtension>
            <ns3:hr>154</ns3:hr>
            <ns3:cad>89</ns3:cad>
          </ns3:TrackPointExtension>
        </extensions>
      </trkpt>
      <trkpt lat="31.21834463439881801605224609375" lon="121.3851155899465084075927734375">
        <ele>13.6000003814697265625</ele>
        <time>2026-09-01T10:37:05.000Z</time>
        <extensions>
          <ns3:TrackPointExtension>
            <ns3:hr>153</ns3:hr>
            <ns3:cad>89</ns3:cad>
          </ns3:TrackPointExtension>
        </extensions>
      </trkpt>
      <trkpt lat="31.21831965632736682891845703125" lon="121.3851008377969264984130859375">
        <ele>13.3999996185302734375</ele>
        <time>2026-09-01T10:37:06.000Z</time>
        <extensions>
          <ns3:TrackPointExtension>
            <ns3:hr>153</ns3:hr>
            <ns3:cad>90</ns3:cad>
          </ns3:TrackPointExtension>
        </extensions>
      </trkpt>
      <trkpt lat="31.2182992883026599884033203125" lon="121.3850857503712177276611328125">
        <ele>13.3999996185302734375</ele>
        <time>2026-09-01T10:37:07.000Z</time>
        <extensions>
          <ns3:TrackPointExtension>
            <ns3:hr>153</ns3:hr>
            <ns3:cad>90</ns3:cad>
          </ns3:TrackPointExtension>
        </extensions>
      </trkpt>
      <trkpt lat="31.2182768248021602630615234375" lon="121.38507057912647724151611328125">
        <ele>13.3999996185302734375</ele>
        <time>2026-09-01T10:37:08.000Z</time>
        <extensions>
          <ns3:TrackPointExtension>
            <ns3:hr>153</ns3:hr>
            <ns3:cad>90</ns3:cad>
          </ns3:TrackPointExtension>
        </extensions>
      </trkpt>
      <trkpt lat="31.2182573787868022918701171875" lon="121.38505951501429080963134765625">
        <ele>13.3999996185302734375</ele>
        <time>2026-09-01T10:37:09.000Z</time>
        <extensions>
          <ns3:TrackPointExtension>
            <ns3:hr>153</ns3:hr>
            <ns3:cad>89</ns3:cad>
          </ns3:TrackPointExtension>
        </extensions>
      </trkpt>
      <trkpt lat="31.21822996996343135833740234375" lon="121.38504124246537685394287109375">
        <ele>13.6000003814697265625</ele>
        <time>2026-09-01T10:37:10.000Z</time>
        <extensions>
          <ns3:TrackPointExtension>
            <ns3:hr>153</ns3:hr>
            <ns3:cad>89</ns3:cad>
          </ns3:TrackPointExtension>
        </extensions>
      </trkpt>
      <trkpt lat="31.218209601938724517822265625" lon="121.38502665795385837554931640625">
        <ele>13.6000003814697265625</ele>
        <time>2026-09-01T10:37:11.000Z</time>
        <extensions>
          <ns3:TrackPointExtension>
            <ns3:hr>153</ns3:hr>
            <ns3:cad>89</ns3:cad>
          </ns3:TrackPointExtension>
        </extensions>
      </trkpt>
      <trkpt lat="31.21818588115274906158447265625" lon="121.3850069604814052581787109375">
        <ele>13.6000003814697265625</ele>
        <time>2026-09-01T10:37:12.000Z</time>
        <extensions>
          <ns3:TrackPointExtension>
            <ns3:hr>153</ns3:hr>
            <ns3:cad>90</ns3:cad>
          </ns3:TrackPointExtension>
        </extensions>
      </trkpt>
      <trkpt lat="31.218166686594486236572265625" lon="121.38499346561729907989501953125">
        <ele>13.6000003814697265625</ele>
        <time>2026-09-01T10:37:13.000Z</time>
        <extensions>
          <ns3:TrackPointExtension>
            <ns3:hr>152</ns3:hr>
            <ns3:cad>90</ns3:cad>
          </ns3:TrackPointExtension>
        </extensions>
      </trkpt>
      <trkpt lat="31.21814288198947906494140625" lon="121.384977288544178009033203125">
        <ele>13.6000003814697265625</ele>
        <time>2026-09-01T10:37:14.000Z</time>
        <extensions>
          <ns3:TrackPointExtension>
            <ns3:hr>152</ns3:hr>
            <ns3:cad>89</ns3:cad>
          </ns3:TrackPointExtension>
        </extensions>
      </trkpt>
      <trkpt lat="31.21812519617378711700439453125" lon="121.38496982865035533905029296875">
        <ele>13.6000003814697265625</ele>
        <time>2026-09-01T10:37:15.000Z</time>
        <extensions>
          <ns3:TrackPointExtension>
            <ns3:hr>152</ns3:hr>
            <ns3:cad>88</ns3:cad>
          </ns3:TrackPointExtension>
        </extensions>
      </trkpt>
      <trkpt lat="31.21810105629265308380126953125" lon="121.3849570043385028839111328125">
        <ele>13.6000003814697265625</ele>
        <time>2026-09-01T10:37:16.000Z</time>
        <extensions>
          <ns3:TrackPointExtension>
            <ns3:hr>152</ns3:hr>
            <ns3:cad>88</ns3:cad>
          </ns3:TrackPointExtension>
        </extensions>
      </trkpt>
      <trkpt lat="31.2180816940963268280029296875" lon="121.38494468294084072113037109375">
        <ele>13.6000003814697265625</ele>
        <time>2026-09-01T10:37:17.000Z</time>
        <extensions>
          <ns3:TrackPointExtension>
            <ns3:hr>151</ns3:hr>
            <ns3:cad>88</ns3:cad>
          </ns3:TrackPointExtension>
        </extensions>
      </trkpt>
      <trkpt lat="31.21805981732904911041259765625" lon="121.38492532074451446533203125">
        <ele>13.6000003814697265625</ele>
        <time>2026-09-01T10:37:18.000Z</time>
        <extensions>
          <ns3:TrackPointExtension>
            <ns3:hr>151</ns3:hr>
            <ns3:cad>88</ns3:cad>
          </ns3:TrackPointExtension>
        </extensions>
      </trkpt>
      <trkpt lat="31.2180384434759616851806640625" lon="121.384914256632328033447265625">
        <ele>13.6000003814697265625</ele>
        <time>2026-09-01T10:37:19.000Z</time>
        <extensions>
          <ns3:TrackPointExtension>
            <ns3:hr>151</ns3:hr>
            <ns3:cad>90</ns3:cad>
          </ns3:TrackPointExtension>
        </extensions>
      </trkpt>
      <trkpt lat="31.2180149741470813751220703125" lon="121.38489606790244579315185546875">
        <ele>13.80000019073486328125</ele>
        <time>2026-09-01T10:37:20.000Z</time>
        <extensions>
          <ns3:TrackPointExtension>
            <ns3:hr>150</ns3:hr>
            <ns3:cad>90</ns3:cad>
          </ns3:TrackPointExtension>
        </extensions>
      </trkpt>
      <trkpt lat="31.217995025217533111572265625" lon="121.38488550670444965362548828125">
        <ele>13.80000019073486328125</ele>
        <time>2026-09-01T10:37:21.000Z</time>
        <extensions>
          <ns3:TrackPointExtension>
            <ns3:hr>150</ns3:hr>
            <ns3:cad>89</ns3:cad>
          </ns3:TrackPointExtension>
        </extensions>
      </trkpt>
      <trkpt lat="31.2179720588028430938720703125" lon="121.3848691619932651519775390625">
        <ele>13.80000019073486328125</ele>
        <time>2026-09-01T10:37:22.000Z</time>
        <extensions>
          <ns3:TrackPointExtension>
            <ns3:hr>150</ns3:hr>
            <ns3:cad>88</ns3:cad>
          </ns3:TrackPointExtension>
        </extensions>
      </trkpt>
      <trkpt lat="31.2179557979106903076171875" lon="121.38485549949109554290771484375">
        <ele>13.80000019073486328125</ele>
        <time>2026-09-01T10:37:23.000Z</time>
        <extensions>
          <ns3:TrackPointExtension>
            <ns3:hr>149</ns3:hr>
            <ns3:cad>88</ns3:cad>
          </ns3:TrackPointExtension>
        </extensions>
      </trkpt>
      <trkpt lat="31.21793341822922229766845703125" lon="121.384840495884418487548828125">
        <ele>13.80000019073486328125</ele>
        <time>2026-09-01T10:37:24.000Z</time>
        <extensions>
          <ns3:TrackPointExtension>
            <ns3:hr>149</ns3:hr>
            <ns3:cad>88</ns3:cad>
          </ns3:TrackPointExtension>
        </extensions>
      </trkpt>
      <trkpt lat="31.2179170735180377960205078125" lon="121.38482783921062946319580078125">
        <ele>13.6000003814697265625</ele>
        <time>2026-09-01T10:37:25.000Z</time>
        <extensions>
          <ns3:TrackPointExtension>
            <ns3:hr>149</ns3:hr>
            <ns3:cad>89</ns3:cad>
          </ns3:TrackPointExtension>
        </extensions>
      </trkpt>
      <trkpt lat="31.21789352037012577056884765625" lon="121.38481442816555500030517578125">
        <ele>13.6000003814697265625</ele>
        <time>2026-09-01T10:37:26.000Z</time>
        <extensions>
          <ns3:TrackPointExtension>
            <ns3:hr>149</ns3:hr>
            <ns3:cad>89</ns3:cad>
          </ns3:TrackPointExtension>
        </extensions>
      </trkpt>
      <trkpt lat="31.2178699672222137451171875" lon="121.384802274405956268310546875">
        <ele>13.6000003814697265625</ele>
        <time>2026-09-01T10:37:27.000Z</time>
        <extensions>
          <ns3:TrackPointExtension>
            <ns3:hr>149</ns3:hr>
            <ns3:cad>89</ns3:cad>
          </ns3:TrackPointExtension>
        </extensions>
      </trkpt>
      <trkpt lat="31.217847168445587158203125" lon="121.38479213230311870574951171875">
        <ele>13.6000003814697265625</ele>
        <time>2026-09-01T10:37:28.000Z</time>
        <extensions>
          <ns3:TrackPointExtension>
            <ns3:hr>148</ns3:hr>
            <ns3:cad>88</ns3:cad>
          </ns3:TrackPointExtension>
        </extensions>
      </trkpt>
      <trkpt lat="31.21782646514475345611572265625" lon="121.38478006236255168914794921875">
        <ele>13.6000003814697265625</ele>
        <time>2026-09-01T10:37:29.000Z</time>
        <extensions>
          <ns3:TrackPointExtension>
            <ns3:hr>148</ns3:hr>
            <ns3:cad>88</ns3:cad>
          </ns3:TrackPointExtension>
        </extensions>
      </trkpt>
      <trkpt lat="31.21780450455844402313232421875" lon="121.384773440659046173095703125">
        <ele>13.6000003814697265625</ele>
        <time>2026-09-01T10:37:30.000Z</time>
        <extensions>
          <ns3:TrackPointExtension>
            <ns3:hr>148</ns3:hr>
            <ns3:cad>88</ns3:cad>
          </ns3:TrackPointExtension>
        </extensions>
      </trkpt>
      <trkpt lat="31.217780448496341705322265625" lon="121.38476346619427204132080078125">
        <ele>13.6000003814697265625</ele>
        <time>2026-09-01T10:37:31.000Z</time>
        <extensions>
          <ns3:TrackPointExtension>
            <ns3:hr>149</ns3:hr>
            <ns3:cad>88</ns3:cad>
          </ns3:TrackPointExtension>
        </extensions>
      </trkpt>
      <trkpt lat="31.2177628464996814727783203125" lon="121.38475223444402217864990234375">
        <ele>13.6000003814697265625</ele>
        <time>2026-09-01T10:37:32.000Z</time>
        <extensions>
          <ns3:TrackPointExtension>
            <ns3:hr>149</ns3:hr>
            <ns3:cad>89</ns3:cad>
          </ns3:TrackPointExtension>
        </extensions>
      </trkpt>
      <trkpt lat="31.217738874256610870361328125" lon="121.3847409188747406005859375">
        <ele>13.6000003814697265625</ele>
        <time>2026-09-01T10:37:33.000Z</time>
        <extensions>
          <ns3:TrackPointExtension>
            <ns3:hr>149</ns3:hr>
            <ns3:cad>89</ns3:cad>
          </ns3:TrackPointExtension>
        </extensions>
      </trkpt>
      <trkpt lat="31.21772102080285549163818359375" lon="121.38473714701831340789794921875">
        <ele>13.6000003814697265625</ele>
        <time>2026-09-01T10:37:34.000Z</time>
        <extensions>
          <ns3:TrackPointExtension>
            <ns3:hr>149</ns3:hr>
            <ns3:cad>88</ns3:cad>
          </ns3:TrackPointExtension>
        </extensions>
      </trkpt>
      <trkpt lat="31.2176897563040256500244140625" lon="121.3847315311431884765625">
        <ele>13.6000003814697265625</ele>
        <time>2026-09-01T10:37:35.000Z</time>
        <extensions>
          <ns3:TrackPointExtension>
            <ns3:hr>148</ns3:hr>
            <ns3:cad>87</ns3:cad>
          </ns3:TrackPointExtension>
        </extensions>
      </trkpt>
      <trkpt lat="31.2176693044602870941162109375" lon="121.38472490943968296051025390625">
        <ele>13.6000003814697265625</ele>
        <time>2026-09-01T10:37:36.000Z</time>
        <extensions>
          <ns3:TrackPointExtension>
            <ns3:hr>149</ns3:hr>
            <ns3:cad>87</ns3:cad>
          </ns3:TrackPointExtension>
        </extensions>
      </trkpt>
      <trkpt lat="31.21764038689434528350830078125" lon="121.38471149839460849761962890625">
        <ele>13.6000003814697265625</ele>
        <time>2026-09-01T10:37:37.000Z</time>
        <extensions>
          <ns3:TrackPointExtension>
            <ns3:hr>149</ns3:hr>
            <ns3:cad>88</ns3:cad>
          </ns3:TrackPointExtension>
        </extensions>
      </trkpt>
      <trkpt lat="31.21761775575578212738037109375" lon="121.3847055472433567047119140625">
        <ele>13.3999996185302734375</ele>
        <time>2026-09-01T10:37:38.000Z</time>
        <extensions>
          <ns3:TrackPointExtension>
            <ns3:hr>148</ns3:hr>
            <ns3:cad>89</ns3:cad>
          </ns3:TrackPointExtension>
        </extensions>
      </trkpt>
      <trkpt lat="31.21759437024593353271484375" lon="121.38469062745571136474609375">
        <ele>13.3999996185302734375</ele>
        <time>2026-09-01T10:37:39.000Z</time>
        <extensions>
          <ns3:TrackPointExtension>
            <ns3:hr>148</ns3:hr>
            <ns3:cad>89</ns3:cad>
          </ns3:TrackPointExtension>
        </extensions>
      </trkpt>
      <trkpt lat="31.21757400222122669219970703125" lon="121.38467847369611263275146484375">
        <ele>13.3999996185302734375</ele>
        <time>2026-09-01T10:37:40.000Z</time>
        <extensions>
          <ns3:TrackPointExtension>
            <ns3:hr>148</ns3:hr>
            <ns3:cad>88</ns3:cad>
          </ns3:TrackPointExtension>
        </extensions>
      </trkpt>
      <trkpt lat="31.21754449792206287384033203125" lon="121.3846723549067974090576171875">
        <ele>13.3999996185302734375</ele>
        <time>2026-09-01T10:37:41.000Z</time>
        <extensions>
          <ns3:TrackPointExtension>
            <ns3:hr>148</ns3:hr>
            <ns3:cad>87</ns3:cad>
          </ns3:TrackPointExtension>
        </extensions>
      </trkpt>
      <trkpt lat="31.2175239622592926025390625" lon="121.38466606847941875457763671875">
        <ele>13.19999980926513671875</ele>
        <time>2026-09-01T10:37:42.000Z</time>
        <extensions>
          <ns3:TrackPointExtension>
            <ns3:hr>149</ns3:hr>
            <ns3:cad>87</ns3:cad>
          </ns3:TrackPointExtension>
        </extensions>
      </trkpt>
      <trkpt lat="31.21750141493976116180419921875" lon="121.3846550881862640380859375">
        <ele>13.3999996185302734375</ele>
        <time>2026-09-01T10:37:43.000Z</time>
        <extensions>
          <ns3:TrackPointExtension>
            <ns3:hr>148</ns3:hr>
            <ns3:cad>87</ns3:cad>
          </ns3:TrackPointExtension>
        </extensions>
      </trkpt>
      <trkpt lat="31.217476688325405120849609375" lon="121.38464502990245819091796875">
        <ele>13.3999996185302734375</ele>
        <time>2026-09-01T10:37:44.000Z</time>
        <extensions>
          <ns3:TrackPointExtension>
            <ns3:hr>149</ns3:hr>
            <ns3:cad>88</ns3:cad>
          </ns3:TrackPointExtension>
        </extensions>
      </trkpt>
      <trkpt lat="31.2174475193023681640625" lon="121.3846324570477008819580078125">
        <ele>13.3999996185302734375</ele>
        <time>2026-09-01T10:37:45.000Z</time>
        <extensions>
          <ns3:TrackPointExtension>
            <ns3:hr>149</ns3:hr>
            <ns3:cad>89</ns3:cad>
          </ns3:TrackPointExtension>
        </extensions>
      </trkpt>
      <trkpt lat="31.21742296032607555389404296875" lon="121.38462214730679988861083984375">
        <ele>13.3999996185302734375</ele>
        <time>2026-09-01T10:37:46.000Z</time>
        <extensions>
          <ns3:TrackPointExtension>
            <ns3:hr>150</ns3:hr>
            <ns3:cad>89</ns3:cad>
          </ns3:TrackPointExtension>
        </extensions>
      </trkpt>
      <trkpt lat="31.21739110909402370452880859375" lon="121.38461284339427947998046875">
        <ele>13.19999980926513671875</ele>
        <time>2026-09-01T10:37:47.000Z</time>
        <extensions>
          <ns3:TrackPointExtension>
            <ns3:hr>150</ns3:hr>
            <ns3:cad>88</ns3:cad>
          </ns3:TrackPointExtension>
        </extensions>
      </trkpt>
      <trkpt lat="31.2173645384609699249267578125" lon="121.384603790938854217529296875">
        <ele>13.19999980926513671875</ele>
        <time>2026-09-01T10:37:48.000Z</time>
        <extensions>
          <ns3:TrackPointExtension>
            <ns3:hr>150</ns3:hr>
            <ns3:cad>87</ns3:cad>
          </ns3:TrackPointExtension>
        </extensions>
      </trkpt>
      <trkpt lat="31.21733562089502811431884765625" lon="121.3845992647111415863037109375">
        <ele>13.19999980926513671875</ele>
        <time>2026-09-01T10:37:49.000Z</time>
        <extensions>
          <ns3:TrackPointExtension>
            <ns3:hr>151</ns3:hr>
            <ns3:cad>87</ns3:cad>
          </ns3:TrackPointExtension>
        </extensions>
      </trkpt>
      <trkpt lat="31.21731047518551349639892578125" lon="121.3845959119498729705810546875">
        <ele>13.19999980926513671875</ele>
        <time>2026-09-01T10:37:50.000Z</time>
        <extensions>
          <ns3:TrackPointExtension>
            <ns3:hr>151</ns3:hr>
            <ns3:cad>88</ns3:cad>
          </ns3:TrackPointExtension>
        </extensions>
      </trkpt>
      <trkpt lat="31.217288933694362640380859375" lon="121.38459482230246067047119140625">
        <ele>13.19999980926513671875</ele>
        <time>2026-09-01T10:37:51.000Z</time>
        <extensions>
          <ns3:TrackPointExtension>
            <ns3:hr>151</ns3:hr>
            <ns3:cad>89</ns3:cad>
          </ns3:TrackPointExtension>
        </extensions>
      </trkpt>
      <trkpt lat="31.217263452708721160888671875" lon="121.38458576984703540802001953125">
        <ele>13.19999980926513671875</ele>
        <time>2026-09-01T10:37:52.000Z</time>
        <extensions>
          <ns3:TrackPointExtension>
            <ns3:hr>151</ns3:hr>
            <ns3:cad>89</ns3:cad>
          </ns3:TrackPointExtension>
        </extensions>
      </trkpt>
      <trkpt lat="31.21724576689302921295166015625" lon="121.3845855183899402618408203125">
        <ele>13</ele>
        <time>2026-09-01T10:37:53.000Z</time>
        <extensions>
          <ns3:TrackPointExtension>
            <ns3:hr>151</ns3:hr>
            <ns3:cad>88</ns3:cad>
          </ns3:TrackPointExtension>
        </extensions>
      </trkpt>
      <trkpt lat="31.2172163464128971099853515625" lon="121.3845791481435298919677734375">
        <ele>13</ele>
        <time>2026-09-01T10:37:54.000Z</time>
        <extensions>
          <ns3:TrackPointExtension>
            <ns3:hr>150</ns3:hr>
            <ns3:cad>87</ns3:cad>
          </ns3:TrackPointExtension>
        </extensions>
      </trkpt>
      <trkpt lat="31.21719497255980968475341796875" lon="121.38457671739161014556884765625">
        <ele>13.19999980926513671875</ele>
        <time>2026-09-01T10:37:55.000Z</time>
        <extensions>
          <ns3:TrackPointExtension>
            <ns3:hr>150</ns3:hr>
            <ns3:cad>87</ns3:cad>
          </ns3:TrackPointExtension>
        </extensions>
      </trkpt>
      <trkpt lat="31.21717234142124652862548828125" lon="121.38456850312650203704833984375">
        <ele>13.19999980926513671875</ele>
        <time>2026-09-01T10:37:56.000Z</time>
        <extensions>
          <ns3:TrackPointExtension>
            <ns3:hr>150</ns3:hr>
            <ns3:cad>88</ns3:cad>
          </ns3:TrackPointExtension>
        </extensions>
      </trkpt>
      <trkpt lat="31.21715038083493709564208984375" lon="121.38456213288009166717529296875">
        <ele>13.19999980926513671875</ele>
        <time>2026-09-01T10:37:57.000Z</time>
        <extensions>
          <ns3:TrackPointExtension>
            <ns3:hr>151</ns3:hr>
            <ns3:cad>89</ns3:cad>
          </ns3:TrackPointExtension>
        </extensions>
      </trkpt>
      <trkpt lat="31.21712523512542247772216796875" lon="121.38455458916723728179931640625">
        <ele>13.19999980926513671875</ele>
        <time>2026-09-01T10:37:58.000Z</time>
        <extensions>
          <ns3:TrackPointExtension>
            <ns3:hr>150</ns3:hr>
            <ns3:cad>89</ns3:cad>
          </ns3:TrackPointExtension>
        </extensions>
      </trkpt>
      <trkpt lat="31.21710930950939655303955078125" lon="121.38455475680530071258544921875">
        <ele>13</ele>
        <time>2026-09-01T10:37:59.000Z</time>
        <extensions>
          <ns3:TrackPointExtension>
            <ns3:hr>150</ns3:hr>
            <ns3:cad>88</ns3:cad>
          </ns3:TrackPointExtension>
        </extensions>
      </trkpt>
      <trkpt lat="31.2170867621898651123046875" lon="121.3845506496727466583251953125">
        <ele>13</ele>
        <time>2026-09-01T10:38:00.000Z</time>
        <extensions>
          <ns3:TrackPointExtension>
            <ns3:hr>150</ns3:hr>
            <ns3:cad>88</ns3:cad>
          </ns3:TrackPointExtension>
        </extensions>
      </trkpt>
      <trkpt lat="31.21706597506999969482421875" lon="121.38454235158860683441162109375">
        <ele>13</ele>
        <time>2026-09-01T10:38:01.000Z</time>
        <extensions>
          <ns3:TrackPointExtension>
            <ns3:hr>150</ns3:hr>
            <ns3:cad>88</ns3:cad>
          </ns3:TrackPointExtension>
        </extensions>
      </trkpt>
      <trkpt lat="31.21704912744462490081787109375" lon="121.38454847037792205810546875">
        <ele>13</ele>
        <time>2026-09-01T10:38:02.000Z</time>
        <extensions>
          <ns3:TrackPointExtension>
            <ns3:hr>150</ns3:hr>
            <ns3:cad>88</ns3:cad>
          </ns3:TrackPointExtension>
        </extensions>
      </trkpt>
      <trkpt lat="31.2170302681624889373779296875" lon="121.38454302214086055755615234375">
        <ele>13.19999980926513671875</ele>
        <time>2026-09-01T10:38:03.000Z</time>
        <extensions>
          <ns3:TrackPointExtension>
            <ns3:hr>150</ns3:hr>
            <ns3:cad>89</ns3:cad>
          </ns3:TrackPointExtension>
        </extensions>
      </trkpt>
      <trkpt lat="31.21700017713010311126708984375" lon="121.3845328800380229949951171875">
        <ele>13.19999980926513671875</ele>
        <time>2026-09-01T10:38:04.000Z</time>
        <extensions>
          <ns3:TrackPointExtension>
            <ns3:hr>149</ns3:hr>
            <ns3:cad>89</ns3:cad>
          </ns3:TrackPointExtension>
        </extensions>
      </trkpt>
      <trkpt lat="31.21697804890573024749755859375" lon="121.38453061692416667938232421875">
        <ele>13.19999980926513671875</ele>
        <time>2026-09-01T10:38:05.000Z</time>
        <extensions>
          <ns3:TrackPointExtension>
            <ns3:hr>149</ns3:hr>
            <ns3:cad>88</ns3:cad>
          </ns3:TrackPointExtension>
        </extensions>
      </trkpt>
      <trkpt lat="31.21694787405431270599365234375" lon="121.3845244981348514556884765625">
        <ele>13.19999980926513671875</ele>
        <time>2026-09-01T10:38:06.000Z</time>
        <extensions>
          <ns3:TrackPointExtension>
            <ns3:hr>148</ns3:hr>
            <ns3:cad>88</ns3:cad>
          </ns3:TrackPointExtension>
        </extensions>
      </trkpt>
      <trkpt lat="31.2169258296489715576171875" lon="121.38452122919261455535888671875">
        <ele>13.19999980926513671875</ele>
        <time>2026-09-01T10:38:07.000Z</time>
        <extensions>
          <ns3:TrackPointExtension>
            <ns3:hr>148</ns3:hr>
            <ns3:cad>88</ns3:cad>
          </ns3:TrackPointExtension>
        </extensions>
      </trkpt>
      <trkpt lat="31.2168998457491397857666015625" lon="121.3845137692987918853759765625">
        <ele>13</ele>
        <time>2026-09-01T10:38:08.000Z</time>
        <extensions>
          <ns3:TrackPointExtension>
            <ns3:hr>148</ns3:hr>
            <ns3:cad>88</ns3:cad>
          </ns3:TrackPointExtension>
        </extensions>
      </trkpt>
      <trkpt lat="31.21687746606767177581787109375" lon="121.384508907794952392578125">
        <ele>13</ele>
        <time>2026-09-01T10:38:09.000Z</time>
        <extensions>
          <ns3:TrackPointExtension>
            <ns3:hr>147</ns3:hr>
            <ns3:cad>89</ns3:cad>
          </ns3:TrackPointExtension>
        </extensions>
      </trkpt>
      <trkpt lat="31.2168508954346179962158203125" lon="121.38450429774820804595947265625">
        <ele>13.19999980926513671875</ele>
        <time>2026-09-01T10:38:10.000Z</time>
        <extensions>
          <ns3:TrackPointExtension>
            <ns3:hr>147</ns3:hr>
            <ns3:cad>89</ns3:cad>
          </ns3:TrackPointExtension>
        </extensions>
      </trkpt>
      <trkpt lat="31.21682784520089626312255859375" lon="121.38450496830046176910400390625">
        <ele>13.19999980926513671875</ele>
        <time>2026-09-01T10:38:11.000Z</time>
        <extensions>
          <ns3:TrackPointExtension>
            <ns3:hr>147</ns3:hr>
            <ns3:cad>89</ns3:cad>
          </ns3:TrackPointExtension>
        </extensions>
      </trkpt>
      <trkpt lat="31.21680119074881076812744140625" lon="121.3845010288059711456298828125">
        <ele>13.19999980926513671875</ele>
        <time>2026-09-01T10:38:12.000Z</time>
        <extensions>
          <ns3:TrackPointExtension>
            <ns3:hr>147</ns3:hr>
            <ns3:cad>88</ns3:cad>
          </ns3:TrackPointExtension>
        </extensions>
      </trkpt>
      <trkpt lat="31.21677822433412075042724609375" lon="121.38449306599795818328857421875">
        <ele>13.3999996185302734375</ele>
        <time>2026-09-01T10:38:13.000Z</time>
        <extensions>
          <ns3:TrackPointExtension>
            <ns3:hr>148</ns3:hr>
            <ns3:cad>88</ns3:cad>
          </ns3:TrackPointExtension>
        </extensions>
      </trkpt>
      <trkpt lat="31.2167516537010669708251953125" lon="121.38449088670313358306884765625">
        <ele>13.3999996185302734375</ele>
        <time>2026-09-01T10:38:14.000Z</time>
        <extensions>
          <ns3:TrackPointExtension>
            <ns3:hr>147</ns3:hr>
            <ns3:cad>88</ns3:cad>
          </ns3:TrackPointExtension>
        </extensions>
      </trkpt>
      <trkpt lat="31.2167244963347911834716796875" lon="121.384483762085437774658203125">
        <ele>13.3999996185302734375</ele>
        <time>2026-09-01T10:38:15.000Z</time>
        <extensions>
          <ns3:TrackPointExtension>
            <ns3:hr>147</ns3:hr>
            <ns3:cad>88</ns3:cad>
          </ns3:TrackPointExtension>
        </extensions>
      </trkpt>
      <trkpt lat="31.21670312248170375823974609375" lon="121.3844822533428668975830078125">
        <ele>13.3999996185302734375</ele>
        <time>2026-09-01T10:38:16.000Z</time>
        <extensions>
          <ns3:TrackPointExtension>
            <ns3:hr>147</ns3:hr>
            <ns3:cad>89</ns3:cad>
          </ns3:TrackPointExtension>
        </extensions>
      </trkpt>
      <trkpt lat="31.21667210943996906280517578125" lon="121.38447663746774196624755859375">
        <ele>13.3999996185302734375</ele>
        <time>2026-09-01T10:38:17.000Z</time>
        <extensions>
          <ns3:TrackPointExtension>
            <ns3:hr>147</ns3:hr>
            <ns3:cad>89</ns3:cad>
          </ns3:TrackPointExtension>
        </extensions>
      </trkpt>
      <trkpt lat="31.2166527472436428070068359375" lon="121.3844698481261730194091796875">
        <ele>13.6000003814697265625</ele>
        <time>2026-09-01T10:38:18.000Z</time>
        <extensions>
          <ns3:TrackPointExtension>
            <ns3:hr>148</ns3:hr>
            <ns3:cad>88</ns3:cad>
          </ns3:TrackPointExtension>
        </extensions>
      </trkpt>
      <trkpt lat="31.216624416410923004150390625" lon="121.38446607626974582672119140625">
        <ele>13.6000003814697265625</ele>
        <time>2026-09-01T10:38:19.000Z</time>
        <extensions>
          <ns3:TrackPointExtension>
            <ns3:hr>148</ns3:hr>
            <ns3:cad>87</ns3:cad>
          </ns3:TrackPointExtension>
        </extensions>
      </trkpt>
      <trkpt lat="31.21660153381526470184326171875" lon="121.3844725303351879119873046875">
        <ele>13.6000003814697265625</ele>
        <time>2026-09-01T10:38:20.000Z</time>
        <extensions>
          <ns3:TrackPointExtension>
            <ns3:hr>148</ns3:hr>
            <ns3:cad>87</ns3:cad>
          </ns3:TrackPointExtension>
        </extensions>
      </trkpt>
      <trkpt lat="31.216570436954498291015625" lon="121.3844711892306804656982421875">
        <ele>13.6000003814697265625</ele>
        <time>2026-09-01T10:38:21.000Z</time>
        <extensions>
          <ns3:TrackPointExtension>
            <ns3:hr>148</ns3:hr>
            <ns3:cad>88</ns3:cad>
          </ns3:TrackPointExtension>
        </extensions>
      </trkpt>
      <trkpt lat="31.21655166149139404296875" lon="121.38448141515254974365234375">
        <ele>13.6000003814697265625</ele>
        <time>2026-09-01T10:38:22.000Z</time>
        <extensions>
          <ns3:TrackPointExtension>
            <ns3:hr>148</ns3:hr>
            <ns3:cad>89</ns3:cad>
          </ns3:TrackPointExtension>
        </extensions>
      </trkpt>
      <trkpt lat="31.21652827598154544830322265625" lon="121.3844954967498779296875">
        <ele>13.6000003814697265625</ele>
        <time>2026-09-01T10:38:23.000Z</time>
        <extensions>
          <ns3:TrackPointExtension>
            <ns3:hr>148</ns3:hr>
            <ns3:cad>89</ns3:cad>
          </ns3:TrackPointExtension>
        </extensions>
      </trkpt>
      <trkpt lat="31.2165152840316295623779296875" lon="121.384519971907138824462890625">
        <ele>13.6000003814697265625</ele>
        <time>2026-09-01T10:38:24.000Z</time>
        <extensions>
          <ns3:TrackPointExtension>
            <ns3:hr>148</ns3:hr>
            <ns3:cad>88</ns3:cad>
          </ns3:TrackPointExtension>
        </extensions>
      </trkpt>
      <trkpt lat="31.216510422527790069580078125" lon="121.3845504820346832275390625">
        <ele>13.80000019073486328125</ele>
        <time>2026-09-01T10:38:25.000Z</time>
        <extensions>
          <ns3:TrackPointExtension>
            <ns3:hr>148</ns3:hr>
            <ns3:cad>87</ns3:cad>
          </ns3:TrackPointExtension>
        </extensions>
      </trkpt>
      <trkpt lat="31.21650002896785736083984375" lon="121.38457663357257843017578125">
        <ele>13.80000019073486328125</ele>
        <time>2026-09-01T10:38:26.000Z</time>
        <extensions>
          <ns3:TrackPointExtension>
            <ns3:hr>149</ns3:hr>
            <ns3:cad>87</ns3:cad>
          </ns3:TrackPointExtension>
        </extensions>
      </trkpt>
      <trkpt lat="31.21649424545466899871826171875" lon="121.38459817506372928619384765625">
        <ele>13.80000019073486328125</ele>
        <time>2026-09-01T10:38:27.000Z</time>
        <extensions>
          <ns3:TrackPointExtension>
            <ns3:hr>149</ns3:hr>
            <ns3:cad>87</ns3:cad>
          </ns3:TrackPointExtension>
        </extensions>
      </trkpt>
      <trkpt lat="31.216485612094402313232421875" lon="121.38462348841130733489990234375">
        <ele>13.80000019073486328125</ele>
        <time>2026-09-01T10:38:28.000Z</time>
        <extensions>
          <ns3:TrackPointExtension>
            <ns3:hr>149</ns3:hr>
            <ns3:cad>87</ns3:cad>
          </ns3:TrackPointExtension>
        </extensions>
      </trkpt>
      <trkpt lat="31.2164794094860553741455078125" lon="121.3846401683986186981201171875">
        <ele>13.80000019073486328125</ele>
        <time>2026-09-01T10:38:29.000Z</time>
        <extensions>
          <ns3:TrackPointExtension>
            <ns3:hr>150</ns3:hr>
            <ns3:cad>87</ns3:cad>
          </ns3:TrackPointExtension>
        </extensions>
      </trkpt>
      <trkpt lat="31.2164725363254547119140625" lon="121.3846631348133087158203125">
        <ele>13.80000019073486328125</ele>
        <time>2026-09-01T10:38:30.000Z</time>
        <extensions>
          <ns3:TrackPointExtension>
            <ns3:hr>150</ns3:hr>
            <ns3:cad>87</ns3:cad>
          </ns3:TrackPointExtension>
        </extensions>
      </trkpt>
      <trkpt lat="31.21646474115550518035888671875" lon="121.38468551449477672576904296875">
        <ele>13.80000019073486328125</ele>
        <time>2026-09-01T10:38:31.000Z</time>
        <extensions>
          <ns3:TrackPointExtension>
            <ns3:hr>151</ns3:hr>
            <ns3:cad>87</ns3:cad>
          </ns3:TrackPointExtension>
        </extensions>
      </trkpt>
      <trkpt lat="31.21645669452846050262451171875" lon="121.3847142644226551055908203125">
        <ele>13.80000019073486328125</ele>
        <time>2026-09-01T10:38:32.000Z</time>
        <extensions>
          <ns3:TrackPointExtension>
            <ns3:hr>152</ns3:hr>
            <ns3:cad>86</ns3:cad>
          </ns3:TrackPointExtension>
        </extensions>
      </trkpt>
      <trkpt lat="31.2164515815675258636474609375" lon="121.3847367279231548309326171875">
        <ele>13.80000019073486328125</ele>
        <time>2026-09-01T10:38:33.000Z</time>
        <extensions>
          <ns3:TrackPointExtension>
            <ns3:hr>152</ns3:hr>
            <ns3:cad>86</ns3:cad>
          </ns3:TrackPointExtension>
        </extensions>
      </trkpt>
      <trkpt lat="31.21644638478755950927734375" lon="121.38477511703968048095703125">
        <ele>13.80000019073486328125</ele>
        <time>2026-09-01T10:38:34.000Z</time>
        <extensions>
          <ns3:TrackPointExtension>
            <ns3:hr>152</ns3:hr>
            <ns3:cad>89</ns3:cad>
          </ns3:TrackPointExtension>
        </extensions>
      </trkpt>
      <trkpt lat="31.21644546277821063995361328125" lon="121.38480185531079769134521484375">
        <ele>13.80000019073486328125</ele>
        <time>2026-09-01T10:38:35.000Z</time>
        <extensions>
          <ns3:TrackPointExtension>
            <ns3:hr>153</ns3:hr>
            <ns3:cad>89</ns3:cad>
          </ns3:TrackPointExtension>
        </extensions>
      </trkpt>
      <trkpt lat="31.216440685093402862548828125" lon="121.3848356343805789947509765625">
        <ele>13.80000019073486328125</ele>
        <time>2026-09-01T10:38:36.000Z</time>
        <extensions>
          <ns3:TrackPointExtension>
            <ns3:hr>153</ns3:hr>
            <ns3:cad>89</ns3:cad>
          </ns3:TrackPointExtension>
        </extensions>
      </trkpt>
      <trkpt lat="31.21643741615116596221923828125" lon="121.38486337848007678985595703125">
        <ele>13.80000019073486328125</ele>
        <time>2026-09-01T10:38:37.000Z</time>
        <extensions>
          <ns3:TrackPointExtension>
            <ns3:hr>153</ns3:hr>
            <ns3:cad>88</ns3:cad>
          </ns3:TrackPointExtension>
        </extensions>
      </trkpt>
      <trkpt lat="31.2164324708282947540283203125" lon="121.384896151721477508544921875">
        <ele>13.80000019073486328125</ele>
        <time>2026-09-01T10:38:38.000Z</time>
        <extensions>
          <ns3:TrackPointExtension>
            <ns3:hr>153</ns3:hr>
            <ns3:cad>87</ns3:cad>
          </ns3:TrackPointExtension>
        </extensions>
      </trkpt>
      <trkpt lat="31.2164294533431529998779296875" lon="121.3849233090877532958984375">
        <ele>14</ele>
        <time>2026-09-01T10:38:39.000Z</time>
        <extensions>
          <ns3:TrackPointExtension>
            <ns3:hr>153</ns3:hr>
            <ns3:cad>87</ns3:cad>
          </ns3:TrackPointExtension>
        </extensions>
      </trkpt>
      <trkpt lat="31.216424591839313507080078125" lon="121.38495239429175853729248046875">
        <ele>14</ele>
        <time>2026-09-01T10:38:40.000Z</time>
        <extensions>
          <ns3:TrackPointExtension>
            <ns3:hr>153</ns3:hr>
            <ns3:cad>88</ns3:cad>
          </ns3:TrackPointExtension>
        </extensions>
      </trkpt>
      <trkpt lat="31.21641646139323711395263671875" lon="121.38498030602931976318359375">
        <ele>14</ele>
        <time>2026-09-01T10:38:41.000Z</time>
        <extensions>
          <ns3:TrackPointExtension>
            <ns3:hr>153</ns3:hr>
            <ns3:cad>89</ns3:cad>
          </ns3:TrackPointExtension>
        </extensions>
      </trkpt>
      <trkpt lat="31.21640724129974842071533203125" lon="121.38500587083399295806884765625">
        <ele>14</ele>
        <time>2026-09-01T10:38:42.000Z</time>
        <extensions>
          <ns3:TrackPointExtension>
            <ns3:hr>153</ns3:hr>
            <ns3:cad>89</ns3:cad>
          </ns3:TrackPointExtension>
        </extensions>
      </trkpt>
      <trkpt lat="31.21639600954949855804443359375" lon="121.385034956037998199462890625">
        <ele>13.80000019073486328125</ele>
        <time>2026-09-01T10:38:43.000Z</time>
        <extensions>
          <ns3:TrackPointExtension>
            <ns3:hr>153</ns3:hr>
            <ns3:cad>88</ns3:cad>
          </ns3:TrackPointExtension>
        </extensions>
      </trkpt>
      <trkpt lat="31.21639349497854709625244140625" lon="121.3850572519004344940185546875">
        <ele>13.80000019073486328125</ele>
        <time>2026-09-01T10:38:44.000Z</time>
        <extensions>
          <ns3:TrackPointExtension>
            <ns3:hr>153</ns3:hr>
            <ns3:cad>88</ns3:cad>
          </ns3:TrackPointExtension>
        </extensions>
      </trkpt>
      <trkpt lat="31.21638461016118526458740234375" lon="121.385091952979564666748046875">
        <ele>13.80000019073486328125</ele>
        <time>2026-09-01T10:38:45.000Z</time>
        <extensions>
          <ns3:TrackPointExtension>
            <ns3:hr>153</ns3:hr>
            <ns3:cad>88</ns3:cad>
          </ns3:TrackPointExtension>
        </extensions>
      </trkpt>
      <trkpt lat="31.216381005942821502685546875" lon="121.38511969707906246185302734375">
        <ele>13.80000019073486328125</ele>
        <time>2026-09-01T10:38:46.000Z</time>
        <extensions>
          <ns3:TrackPointExtension>
            <ns3:hr>153</ns3:hr>
            <ns3:cad>88</ns3:cad>
          </ns3:TrackPointExtension>
        </extensions>
      </trkpt>
      <trkpt lat="31.21637119911611080169677734375" lon="121.3851507939398288726806640625">
        <ele>13.6000003814697265625</ele>
        <time>2026-09-01T10:38:47.000Z</time>
        <extensions>
          <ns3:TrackPointExtension>
            <ns3:hr>153</ns3:hr>
            <ns3:cad>89</ns3:cad>
          </ns3:TrackPointExtension>
        </extensions>
      </trkpt>
      <trkpt lat="31.21636801399290561676025390625" lon="121.3851781189441680908203125">
        <ele>13.6000003814697265625</ele>
        <time>2026-09-01T10:38:48.000Z</time>
        <extensions>
          <ns3:TrackPointExtension>
            <ns3:hr>153</ns3:hr>
            <ns3:cad>89</ns3:cad>
          </ns3:TrackPointExtension>
        </extensions>
      </trkpt>
      <trkpt lat="31.21635728515684604644775390625" lon="121.38520519249141216278076171875">
        <ele>13.6000003814697265625</ele>
        <time>2026-09-01T10:38:49.000Z</time>
        <extensions>
          <ns3:TrackPointExtension>
            <ns3:hr>153</ns3:hr>
            <ns3:cad>88</ns3:cad>
          </ns3:TrackPointExtension>
        </extensions>
      </trkpt>
      <trkpt lat="31.2163533456623554229736328125" lon="121.38522597961127758026123046875">
        <ele>13.6000003814697265625</ele>
        <time>2026-09-01T10:38:50.000Z</time>
        <extensions>
          <ns3:TrackPointExtension>
            <ns3:hr>153</ns3:hr>
            <ns3:cad>88</ns3:cad>
          </ns3:TrackPointExtension>
        </extensions>
      </trkpt>
      <trkpt lat="31.21634538285434246063232421875" lon="121.38525917194783687591552734375">
        <ele>13.6000003814697265625</ele>
        <time>2026-09-01T10:38:51.000Z</time>
        <extensions>
          <ns3:TrackPointExtension>
            <ns3:hr>153</ns3:hr>
            <ns3:cad>88</ns3:cad>
          </ns3:TrackPointExtension>
        </extensions>
      </trkpt>
      <trkpt lat="31.2163442932069301605224609375" lon="121.3852822221815586090087890625">
        <ele>13.6000003814697265625</ele>
        <time>2026-09-01T10:38:52.000Z</time>
        <extensions>
          <ns3:TrackPointExtension>
            <ns3:hr>153</ns3:hr>
            <ns3:cad>88</ns3:cad>
          </ns3:TrackPointExtension>
        </extensions>
      </trkpt>
      <trkpt lat="31.21633951552212238311767578125" lon="121.38530225493013858795166015625">
        <ele>13.6000003814697265625</ele>
        <time>2026-09-01T10:38:53.000Z</time>
        <extensions>
          <ns3:TrackPointExtension>
            <ns3:hr>153</ns3:hr>
            <ns3:cad>90</ns3:cad>
          </ns3:TrackPointExtension>
        </extensions>
      </trkpt>
      <trkpt lat="31.21633775532245635986328125" lon="121.3853288255631923675537109375">
        <ele>13.6000003814697265625</ele>
        <time>2026-09-01T10:38:54.000Z</time>
        <extensions>
          <ns3:TrackPointExtension>
            <ns3:hr>153</ns3:hr>
            <ns3:cad>90</ns3:cad>
          </ns3:TrackPointExtension>
        </extensions>
      </trkpt>
      <trkpt lat="31.2163295410573482513427734375" lon="121.38535506092011928558349609375">
        <ele>13.6000003814697265625</ele>
        <time>2026-09-01T10:38:55.000Z</time>
        <extensions>
          <ns3:TrackPointExtension>
            <ns3:hr>153</ns3:hr>
            <ns3:cad>89</ns3:cad>
          </ns3:TrackPointExtension>
        </extensions>
      </trkpt>
      <trkpt lat="31.21632560156285762786865234375" lon="121.38537970371544361114501953125">
        <ele>13.6000003814697265625</ele>
        <time>2026-09-01T10:38:56.000Z</time>
        <extensions>
          <ns3:TrackPointExtension>
            <ns3:hr>152</ns3:hr>
            <ns3:cad>87</ns3:cad>
          </ns3:TrackPointExtension>
        </extensions>
      </trkpt>
      <trkpt lat="31.21631487272679805755615234375" lon="121.3854129798710346221923828125">
        <ele>13.6000003814697265625</ele>
        <time>2026-09-01T10:38:57.000Z</time>
        <extensions>
          <ns3:TrackPointExtension>
            <ns3:hr>153</ns3:hr>
            <ns3:cad>87</ns3:cad>
          </ns3:TrackPointExtension>
        </extensions>
      </trkpt>
      <trkpt lat="31.2163111008703708648681640625" lon="121.38543636538088321685791015625">
        <ele>13.3999996185302734375</ele>
        <time>2026-09-01T10:38:58.000Z</time>
        <extensions>
          <ns3:TrackPointExtension>
            <ns3:hr>153</ns3:hr>
            <ns3:cad>88</ns3:cad>
          </ns3:TrackPointExtension>
        </extensions>
      </trkpt>
      <trkpt lat="31.21630196459591388702392578125" lon="121.38546444475650787353515625">
        <ele>13.3999996185302734375</ele>
        <time>2026-09-01T10:38:59.000Z</time>
        <extensions>
          <ns3:TrackPointExtension>
            <ns3:hr>153</ns3:hr>
            <ns3:cad>89</ns3:cad>
          </ns3:TrackPointExtension>
        </extensions>
      </trkpt>
      <trkpt lat="31.216293163597583770751953125" lon="121.38548883609473705291748046875">
        <ele>13.3999996185302734375</ele>
        <time>2026-09-01T10:39:00.000Z</time>
        <extensions>
          <ns3:TrackPointExtension>
            <ns3:hr>153</ns3:hr>
            <ns3:cad>89</ns3:cad>
          </ns3:TrackPointExtension>
        </extensions>
      </trkpt>
      <trkpt lat="31.21628503315150737762451171875" lon="121.3855155743658542633056640625">
        <ele>13.3999996185302734375</ele>
        <time>2026-09-01T10:39:01.000Z</time>
        <extensions>
          <ns3:TrackPointExtension>
            <ns3:hr>152</ns3:hr>
            <ns3:cad>89</ns3:cad>
          </ns3:TrackPointExtension>
        </extensions>
      </trkpt>
      <trkpt lat="31.216282434761524200439453125" lon="121.3855373673141002655029296875">
        <ele>13.6000003814697265625</ele>
        <time>2026-09-01T10:39:02.000Z</time>
        <extensions>
          <ns3:TrackPointExtension>
            <ns3:hr>153</ns3:hr>
            <ns3:cad>88</ns3:cad>
          </ns3:TrackPointExtension>
        </extensions>
      </trkpt>
      <trkpt lat="31.21627665124833583831787109375" lon="121.385577432811260223388671875">
        <ele>13.6000003814697265625</ele>
        <time>2026-09-01T10:39:03.000Z</time>
        <extensions>
          <ns3:TrackPointExtension>
            <ns3:hr>153</ns3:hr>
            <ns3:cad>88</ns3:cad>
          </ns3:TrackPointExtension>
        </extensions>
      </trkpt>
      <trkpt lat="31.21627497486770153045654296875" lon="121.3856040872633457183837890625">
        <ele>13.3999996185302734375</ele>
        <time>2026-09-01T10:39:04.000Z</time>
        <extensions>
          <ns3:TrackPointExtension>
            <ns3:hr>153</ns3:hr>
            <ns3:cad>88</ns3:cad>
          </ns3:TrackPointExtension>
        </extensions>
      </trkpt>
      <trkpt lat="31.2162735499441623687744140625" lon="121.38564121909439563751220703125">
        <ele>13.3999996185302734375</ele>
        <time>2026-09-01T10:39:05.000Z</time>
        <extensions>
          <ns3:TrackPointExtension>
            <ns3:hr>153</ns3:hr>
            <ns3:cad>88</ns3:cad>
          </ns3:TrackPointExtension>
        </extensions>
      </trkpt>
      <trkpt lat="31.2162671796977519989013671875" lon="121.38566485606133937835693359375">
        <ele>13.6000003814697265625</ele>
        <time>2026-09-01T10:39:06.000Z</time>
        <extensions>
          <ns3:TrackPointExtension>
            <ns3:hr>152</ns3:hr>
            <ns3:cad>89</ns3:cad>
          </ns3:TrackPointExtension>
        </extensions>
      </trkpt>
      <trkpt lat="31.2162655033171176910400390625" lon="121.38569285161793231964111328125">
        <ele>13.6000003814697265625</ele>
        <time>2026-09-01T10:39:07.000Z</time>
        <extensions>
          <ns3:TrackPointExtension>
            <ns3:hr>153</ns3:hr>
            <ns3:cad>89</ns3:cad>
          </ns3:TrackPointExtension>
        </extensions>
      </trkpt>
      <trkpt lat="31.21625519357621669769287109375" lon="121.3857241161167621612548828125">
        <ele>13.6000003814697265625</ele>
        <time>2026-09-01T10:39:08.000Z</time>
        <extensions>
          <ns3:TrackPointExtension>
            <ns3:hr>153</ns3:hr>
            <ns3:cad>88</ns3:cad>
          </ns3:TrackPointExtension>
        </extensions>
      </trkpt>
      <trkpt lat="31.21625385247170925140380859375" lon="121.385754458606243133544921875">
        <ele>13.6000003814697265625</ele>
        <time>2026-09-01T10:39:09.000Z</time>
        <extensions>
          <ns3:TrackPointExtension>
            <ns3:hr>153</ns3:hr>
            <ns3:cad>87</ns3:cad>
          </ns3:TrackPointExtension>
        </extensions>
      </trkpt>
      <trkpt lat="31.21624630875885486602783203125" lon="121.38578790239989757537841796875">
        <ele>13.6000003814697265625</ele>
        <time>2026-09-01T10:39:10.000Z</time>
        <extensions>
          <ns3:TrackPointExtension>
            <ns3:hr>153</ns3:hr>
            <ns3:cad>87</ns3:cad>
          </ns3:TrackPointExtension>
        </extensions>
      </trkpt>
      <trkpt lat="31.2162458896636962890625" lon="121.38581707142293453216552734375">
        <ele>13.6000003814697265625</ele>
        <time>2026-09-01T10:39:11.000Z</time>
        <extensions>
          <ns3:TrackPointExtension>
            <ns3:hr>153</ns3:hr>
            <ns3:cad>87</ns3:cad>
          </ns3:TrackPointExtension>
        </extensions>
      </trkpt>
      <trkpt lat="31.21623960323631763458251953125" lon="121.38584473170340061187744140625">
        <ele>13.3999996185302734375</ele>
        <time>2026-09-01T10:39:12.000Z</time>
        <extensions>
          <ns3:TrackPointExtension>
            <ns3:hr>153</ns3:hr>
            <ns3:cad>89</ns3:cad>
          </ns3:TrackPointExtension>
        </extensions>
      </trkpt>
      <trkpt lat="31.216237507760524749755859375" lon="121.38587356545031070709228515625">
        <ele>13.3999996185302734375</ele>
        <time>2026-09-01T10:39:13.000Z</time>
        <extensions>
          <ns3:TrackPointExtension>
            <ns3:hr>152</ns3:hr>
            <ns3:cad>89</ns3:cad>
          </ns3:TrackPointExtension>
        </extensions>
      </trkpt>
      <trkpt lat="31.216232478618621826171875" lon="121.38590357266366481781005859375">
        <ele>13.3999996185302734375</ele>
        <time>2026-09-01T10:39:14.000Z</time>
        <extensions>
          <ns3:TrackPointExtension>
            <ns3:hr>153</ns3:hr>
            <ns3:cad>88</ns3:cad>
          </ns3:TrackPointExtension>
        </extensions>
      </trkpt>
      <trkpt lat="31.21622719801962375640869140625" lon="121.38592586852610111236572265625">
        <ele>13.3999996185302734375</ele>
        <time>2026-09-01T10:39:15.000Z</time>
        <extensions>
          <ns3:TrackPointExtension>
            <ns3:hr>152</ns3:hr>
            <ns3:cad>88</ns3:cad>
          </ns3:TrackPointExtension>
        </extensions>
      </trkpt>
      <trkpt lat="31.21622149832546710968017578125" lon="121.3859546184539794921875">
        <ele>13.3999996185302734375</ele>
        <time>2026-09-01T10:39:16.000Z</time>
        <extensions>
          <ns3:TrackPointExtension>
            <ns3:hr>153</ns3:hr>
            <ns3:cad>87</ns3:cad>
          </ns3:TrackPointExtension>
        </extensions>
      </trkpt>
      <trkpt lat="31.2162168882787227630615234375" lon="121.3859806023538112640380859375">
        <ele>13.3999996185302734375</ele>
        <time>2026-09-01T10:39:17.000Z</time>
        <extensions>
          <ns3:TrackPointExtension>
            <ns3:hr>153</ns3:hr>
            <ns3:cad>87</ns3:cad>
          </ns3:TrackPointExtension>
        </extensions>
      </trkpt>
      <trkpt lat="31.21620657853782176971435546875" lon="121.386013962328433990478515625">
        <ele>13.3999996185302734375</ele>
        <time>2026-09-01T10:39:18.000Z</time>
        <extensions>
          <ns3:TrackPointExtension>
            <ns3:hr>153</ns3:hr>
            <ns3:cad>89</ns3:cad>
          </ns3:TrackPointExtension>
        </extensions>
      </trkpt>
      <trkpt lat="31.2161961011588573455810546875" lon="121.386036761105060577392578125">
        <ele>13.3999996185302734375</ele>
        <time>2026-09-01T10:39:19.000Z</time>
        <extensions>
          <ns3:TrackPointExtension>
            <ns3:hr>153</ns3:hr>
            <ns3:cad>89</ns3:cad>
          </ns3:TrackPointExtension>
        </extensions>
      </trkpt>
      <trkpt lat="31.21618461795151233673095703125" lon="121.386068277060985565185546875">
        <ele>13.3999996185302734375</ele>
        <time>2026-09-01T10:39:20.000Z</time>
        <extensions>
          <ns3:TrackPointExtension>
            <ns3:hr>153</ns3:hr>
            <ns3:cad>88</ns3:cad>
          </ns3:TrackPointExtension>
        </extensions>
      </trkpt>
      <trkpt lat="31.21618160046637058258056640625" lon="121.386089064180850982666015625">
        <ele>13.3999996185302734375</ele>
        <time>2026-09-01T10:39:21.000Z</time>
        <extensions>
          <ns3:TrackPointExtension>
            <ns3:hr>153</ns3:hr>
            <ns3:cad>88</ns3:cad>
          </ns3:TrackPointExtension>
        </extensions>
      </trkpt>
      <trkpt lat="31.216175816953182220458984375" lon="121.3861204124987125396728515625">
        <ele>13.3999996185302734375</ele>
        <time>2026-09-01T10:39:22.000Z</time>
        <extensions>
          <ns3:TrackPointExtension>
            <ns3:hr>153</ns3:hr>
            <ns3:cad>88</ns3:cad>
          </ns3:TrackPointExtension>
        </extensions>
      </trkpt>
      <trkpt lat="31.216168105602264404296875" lon="121.38614170253276824951171875">
        <ele>13.3999996185302734375</ele>
        <time>2026-09-01T10:39:23.000Z</time>
        <extensions>
          <ns3:TrackPointExtension>
            <ns3:hr>152</ns3:hr>
            <ns3:cad>88</ns3:cad>
          </ns3:TrackPointExtension>
        </extensions>
      </trkpt>
      <trkpt lat="31.21616014279425144195556640625" lon="121.38617062009871006011962890625">
        <ele>13.3999996185302734375</ele>
        <time>2026-09-01T10:39:24.000Z</time>
        <extensions>
          <ns3:TrackPointExtension>
            <ns3:hr>153</ns3:hr>
            <ns3:cad>89</ns3:cad>
          </ns3:TrackPointExtension>
        </extensions>
      </trkpt>
      <trkpt lat="31.21615109033882617950439453125" lon="121.386190988123416900634765625">
        <ele>13.6000003814697265625</ele>
        <time>2026-09-01T10:39:25.000Z</time>
        <extensions>
          <ns3:TrackPointExtension>
            <ns3:hr>153</ns3:hr>
            <ns3:cad>89</ns3:cad>
          </ns3:TrackPointExtension>
        </extensions>
      </trkpt>
      <trkpt lat="31.21614220552146434783935546875" lon="121.3862156309187412261962890625">
        <ele>13.3999996185302734375</ele>
        <time>2026-09-01T10:39:26.000Z</time>
        <extensions>
          <ns3:TrackPointExtension>
            <ns3:hr>153</ns3:hr>
            <ns3:cad>88</ns3:cad>
          </ns3:TrackPointExtension>
        </extensions>
      </trkpt>
      <trkpt lat="31.21613767929375171661376953125" lon="121.38624253682792186737060546875">
        <ele>13.3999996185302734375</ele>
        <time>2026-09-01T10:39:27.000Z</time>
        <extensions>
          <ns3:TrackPointExtension>
            <ns3:hr>153</ns3:hr>
            <ns3:cad>88</ns3:cad>
          </ns3:TrackPointExtension>
        </extensions>
      </trkpt>
      <trkpt lat="31.2161317281424999237060546875" lon="121.38627137057483196258544921875">
        <ele>13.3999996185302734375</ele>
        <time>2026-09-01T10:39:28.000Z</time>
        <extensions>
          <ns3:TrackPointExtension>
            <ns3:hr>152</ns3:hr>
            <ns3:cad>87</ns3:cad>
          </ns3:TrackPointExtension>
        </extensions>
      </trkpt>
      <trkpt lat="31.21612477116286754608154296875" lon="121.38629785738885402679443359375">
        <ele>13.19999980926513671875</ele>
        <time>2026-09-01T10:39:29.000Z</time>
        <extensions>
          <ns3:TrackPointExtension>
            <ns3:hr>153</ns3:hr>
            <ns3:cad>87</ns3:cad>
          </ns3:TrackPointExtension>
        </extensions>
      </trkpt>
      <trkpt lat="31.2161223404109477996826171875" lon="121.3863252662122249603271484375">
        <ele>13.19999980926513671875</ele>
        <time>2026-09-01T10:39:30.000Z</time>
        <extensions>
          <ns3:TrackPointExtension>
            <ns3:hr>153</ns3:hr>
            <ns3:cad>87</ns3:cad>
          </ns3:TrackPointExtension>
        </extensions>
      </trkpt>
      <trkpt lat="31.2161149643361568450927734375" lon="121.386355273425579071044921875">
        <ele>13.19999980926513671875</ele>
        <time>2026-09-01T10:39:31.000Z</time>
        <extensions>
          <ns3:TrackPointExtension>
            <ns3:hr>152</ns3:hr>
            <ns3:cad>89</ns3:cad>
          </ns3:TrackPointExtension>
        </extensions>
      </trkpt>
      <trkpt lat="31.21611177921295166015625" lon="121.38638519681990146636962890625">
        <ele>13.19999980926513671875</ele>
        <time>2026-09-01T10:39:32.000Z</time>
        <extensions>
          <ns3:TrackPointExtension>
            <ns3:hr>153</ns3:hr>
            <ns3:cad>89</ns3:cad>
          </ns3:TrackPointExtension>
        </extensions>
      </trkpt>
      <trkpt lat="31.2161018885672092437744140625" lon="121.386415623128414154052734375">
        <ele>13.19999980926513671875</ele>
        <time>2026-09-01T10:39:33.000Z</time>
        <extensions>
          <ns3:TrackPointExtension>
            <ns3:hr>153</ns3:hr>
            <ns3:cad>88</ns3:cad>
          </ns3:TrackPointExtension>
        </extensions>
      </trkpt>
      <trkpt lat="31.21609845198690891265869140625" lon="121.3864412717521190643310546875">
        <ele>13.19999980926513671875</ele>
        <time>2026-09-01T10:39:34.000Z</time>
        <extensions>
          <ns3:TrackPointExtension>
            <ns3:hr>153</ns3:hr>
            <ns3:cad>87</ns3:cad>
          </ns3:TrackPointExtension>
        </extensions>
      </trkpt>
      <trkpt lat="31.2160878069698810577392578125" lon="121.38647287152707576751708984375">
        <ele>13.19999980926513671875</ele>
        <time>2026-09-01T10:39:35.000Z</time>
        <extensions>
          <ns3:TrackPointExtension>
            <ns3:hr>153</ns3:hr>
            <ns3:cad>87</ns3:cad>
          </ns3:TrackPointExtension>
        </extensions>
      </trkpt>
      <trkpt lat="31.21608671732246875762939453125" lon="121.38649952597916126251220703125">
        <ele>13.19999980926513671875</ele>
        <time>2026-09-01T10:39:36.000Z</time>
        <extensions>
          <ns3:TrackPointExtension>
            <ns3:hr>152</ns3:hr>
            <ns3:cad>87</ns3:cad>
          </ns3:TrackPointExtension>
        </extensions>
      </trkpt>
      <trkpt lat="31.21607917360961437225341796875" lon="121.38652928173542022705078125">
        <ele>13.19999980926513671875</ele>
        <time>2026-09-01T10:39:37.000Z</time>
        <extensions>
          <ns3:TrackPointExtension>
            <ns3:hr>153</ns3:hr>
            <ns3:cad>89</ns3:cad>
          </ns3:TrackPointExtension>
        </extensions>
      </trkpt>
      <trkpt lat="31.21607783250510692596435546875" lon="121.3865540921688079833984375">
        <ele>13.19999980926513671875</ele>
        <time>2026-09-01T10:39:38.000Z</time>
        <extensions>
          <ns3:TrackPointExtension>
            <ns3:hr>153</ns3:hr>
            <ns3:cad>89</ns3:cad>
          </ns3:TrackPointExtension>
        </extensions>
      </trkpt>
      <trkpt lat="31.2160686962306499481201171875" lon="121.38658368028700351715087890625">
        <ele>13.19999980926513671875</ele>
        <time>2026-09-01T10:39:39.000Z</time>
        <extensions>
          <ns3:TrackPointExtension>
            <ns3:hr>152</ns3:hr>
            <ns3:cad>89</ns3:cad>
          </ns3:TrackPointExtension>
        </extensions>
      </trkpt>
      <trkpt lat="31.21606576256453990936279296875" lon="121.3866032101213932037353515625">
        <ele>13.3999996185302734375</ele>
        <time>2026-09-01T10:39:40.000Z</time>
        <extensions>
          <ns3:TrackPointExtension>
            <ns3:hr>152</ns3:hr>
            <ns3:cad>88</ns3:cad>
          </ns3:TrackPointExtension>
        </extensions>
      </trkpt>
      <trkpt lat="31.21606240980327129364013671875" lon="121.38663363642990589141845703125">
        <ele>13.3999996185302734375</ele>
        <time>2026-09-01T10:39:41.000Z</time>
        <extensions>
          <ns3:TrackPointExtension>
            <ns3:hr>152</ns3:hr>
            <ns3:cad>88</ns3:cad>
          </ns3:TrackPointExtension>
        </extensions>
      </trkpt>
      <trkpt lat="31.21606106869876384735107421875" lon="121.38666096143424510955810546875">
        <ele>13.3999996185302734375</ele>
        <time>2026-09-01T10:39:42.000Z</time>
        <extensions>
          <ns3:TrackPointExtension>
            <ns3:hr>152</ns3:hr>
            <ns3:cad>88</ns3:cad>
          </ns3:TrackPointExtension>
        </extensions>
      </trkpt>
      <trkpt lat="31.21605620719492435455322265625" lon="121.3866913877427577972412109375">
        <ele>13.3999996185302734375</ele>
        <time>2026-09-01T10:39:43.000Z</time>
        <extensions>
          <ns3:TrackPointExtension>
            <ns3:hr>152</ns3:hr>
            <ns3:cad>89</ns3:cad>
          </ns3:TrackPointExtension>
        </extensions>
      </trkpt>
      <trkpt lat="31.216051764786243438720703125" lon="121.386719048023223876953125">
        <ele>13.3999996185302734375</ele>
        <time>2026-09-01T10:39:44.000Z</time>
        <extensions>
          <ns3:TrackPointExtension>
            <ns3:hr>151</ns3:hr>
            <ns3:cad>89</ns3:cad>
          </ns3:TrackPointExtension>
        </extensions>
      </trkpt>
      <trkpt lat="31.2160428799688816070556640625" lon="121.3867487199604511260986328125">
        <ele>13.3999996185302734375</ele>
        <time>2026-09-01T10:39:45.000Z</time>
        <extensions>
          <ns3:TrackPointExtension>
            <ns3:hr>151</ns3:hr>
            <ns3:cad>88</ns3:cad>
          </ns3:TrackPointExtension>
        </extensions>
      </trkpt>
      <trkpt lat="31.2160318158566951751708984375" lon="121.38676741160452365875244140625">
        <ele>13.3999996185302734375</ele>
        <time>2026-09-01T10:39:46.000Z</time>
        <extensions>
          <ns3:TrackPointExtension>
            <ns3:hr>152</ns3:hr>
            <ns3:cad>88</ns3:cad>
          </ns3:TrackPointExtension>
        </extensions>
      </trkpt>
      <trkpt lat="31.2160219252109527587890625" lon="121.38679440133273601531982421875">
        <ele>13.3999996185302734375</ele>
        <time>2026-09-01T10:39:47.000Z</time>
        <extensions>
          <ns3:TrackPointExtension>
            <ns3:hr>152</ns3:hr>
            <ns3:cad>88</ns3:cad>
          </ns3:TrackPointExtension>
        </extensions>
      </trkpt>
      <trkpt lat="31.21601345948874950408935546875" lon="121.3868174515664577484130859375">
        <ele>13.3999996185302734375</ele>
        <time>2026-09-01T10:39:48.000Z</time>
        <extensions>
          <ns3:TrackPointExtension>
            <ns3:hr>152</ns3:hr>
            <ns3:cad>88</ns3:cad>
          </ns3:TrackPointExtension>
        </extensions>
      </trkpt>
      <trkpt lat="31.2160083465278148651123046875" lon="121.38684578239917755126953125">
        <ele>13.3999996185302734375</ele>
        <time>2026-09-01T10:39:49.000Z</time>
        <extensions>
          <ns3:TrackPointExtension>
            <ns3:hr>152</ns3:hr>
            <ns3:cad>90</ns3:cad>
          </ns3:TrackPointExtension>
        </extensions>
      </trkpt>
      <trkpt lat="31.21600390411913394927978515625" lon="121.38686983846127986907958984375">
        <ele>13.3999996185302734375</ele>
        <time>2026-09-01T10:39:50.000Z</time>
        <extensions>
          <ns3:TrackPointExtension>
            <ns3:hr>152</ns3:hr>
            <ns3:cad>90</ns3:cad>
          </ns3:TrackPointExtension>
        </extensions>
      </trkpt>
      <trkpt lat="31.2159972824156284332275390625" lon="121.38689800165593624114990234375">
        <ele>13.3999996185302734375</ele>
        <time>2026-09-01T10:39:51.000Z</time>
        <extensions>
          <ns3:TrackPointExtension>
            <ns3:hr>152</ns3:hr>
            <ns3:cad>88</ns3:cad>
          </ns3:TrackPointExtension>
        </extensions>
      </trkpt>
      <trkpt lat="31.21599334292113780975341796875" lon="121.38692532666027545928955078125">
        <ele>13.3999996185302734375</ele>
        <time>2026-09-01T10:39:52.000Z</time>
        <extensions>
          <ns3:TrackPointExtension>
            <ns3:hr>152</ns3:hr>
            <ns3:cad>88</ns3:cad>
          </ns3:TrackPointExtension>
        </extensions>
      </trkpt>
      <trkpt lat="31.21598680503666400909423828125" lon="121.38695097528398036956787109375">
        <ele>13.19999980926513671875</ele>
        <time>2026-09-01T10:39:53.000Z</time>
        <extensions>
          <ns3:TrackPointExtension>
            <ns3:hr>152</ns3:hr>
            <ns3:cad>88</ns3:cad>
          </ns3:TrackPointExtension>
        </extensions>
      </trkpt>
      <trkpt lat="31.21597691439092159271240234375" lon="121.38697922229766845703125">
        <ele>13.19999980926513671875</ele>
        <time>2026-09-01T10:39:54.000Z</time>
        <extensions>
          <ns3:TrackPointExtension>
            <ns3:hr>153</ns3:hr>
            <ns3:cad>88</ns3:cad>
          </ns3:TrackPointExtension>
        </extensions>
      </trkpt>
      <trkpt lat="31.2159754894673824310302734375" lon="121.387007050216197967529296875">
        <ele>13.19999980926513671875</ele>
        <time>2026-09-01T10:39:55.000Z</time>
        <extensions>
          <ns3:TrackPointExtension>
            <ns3:hr>153</ns3:hr>
            <ns3:cad>88</ns3:cad>
          </ns3:TrackPointExtension>
        </extensions>
      </trkpt>
      <trkpt lat="31.2159669399261474609375" lon="121.38703487813472747802734375">
        <ele>13.19999980926513671875</ele>
        <time>2026-09-01T10:39:56.000Z</time>
        <extensions>
          <ns3:TrackPointExtension>
            <ns3:hr>153</ns3:hr>
            <ns3:cad>88</ns3:cad>
          </ns3:TrackPointExtension>
        </extensions>
      </trkpt>
      <trkpt lat="31.21596467681229114532470703125" lon="121.38705767691135406494140625">
        <ele>13.19999980926513671875</ele>
        <time>2026-09-01T10:39:57.000Z</time>
        <extensions>
          <ns3:TrackPointExtension>
            <ns3:hr>153</ns3:hr>
            <ns3:cad>88</ns3:cad>
          </ns3:TrackPointExtension>
        </extensions>
      </trkpt>
      <trkpt lat="31.21596115641295909881591796875" lon="121.387089528143405914306640625">
        <ele>13.19999980926513671875</ele>
        <time>2026-09-01T10:39:58.000Z</time>
        <extensions>
          <ns3:TrackPointExtension>
            <ns3:hr>153</ns3:hr>
            <ns3:cad>88</ns3:cad>
          </ns3:TrackPointExtension>
        </extensions>
      </trkpt>
      <trkpt lat="31.2159627489745616912841796875" lon="121.387110985815525054931640625">
        <ele>13.3999996185302734375</ele>
        <time>2026-09-01T10:39:59.000Z</time>
        <extensions>
          <ns3:TrackPointExtension>
            <ns3:hr>153</ns3:hr>
            <ns3:cad>87</ns3:cad>
          </ns3:TrackPointExtension>
        </extensions>
      </trkpt>
      <trkpt lat="31.21596735902130603790283203125" lon="121.387139149010181427001953125">
        <ele>13.3999996185302734375</ele>
        <time>2026-09-01T10:40:00.000Z</time>
        <extensions>
          <ns3:TrackPointExtension>
            <ns3:hr>153</ns3:hr>
            <ns3:cad>87</ns3:cad>
          </ns3:TrackPointExtension>
        </extensions>
      </trkpt>
      <trkpt lat="31.21597976423799991607666015625" lon="121.38715851120650768280029296875">
        <ele>13.3999996185302734375</ele>
        <time>2026-09-01T10:40:01.000Z</time>
        <extensions>
          <ns3:TrackPointExtension>
            <ns3:hr>153</ns3:hr>
            <ns3:cad>88</ns3:cad>
          </ns3:TrackPointExtension>
        </extensions>
      </trkpt>
      <trkpt lat="31.21598638594150543212890625" lon="121.3871829025447368621826171875">
        <ele>13.3999996185302734375</ele>
        <time>2026-09-01T10:40:02.000Z</time>
        <extensions>
          <ns3:TrackPointExtension>
            <ns3:hr>154</ns3:hr>
            <ns3:cad>89</ns3:cad>
          </ns3:TrackPointExtension>
        </extensions>
      </trkpt>
      <trkpt lat="31.2159992940723896026611328125" lon="121.38720310293138027191162109375">
        <ele>13.3999996185302734375</ele>
        <time>2026-09-01T10:40:03.000Z</time>
        <extensions>
          <ns3:TrackPointExtension>
            <ns3:hr>154</ns3:hr>
            <ns3:cad>89</ns3:cad>
          </ns3:TrackPointExtension>
        </extensions>
      </trkpt>
      <trkpt lat="31.2160192430019378662109375" lon="121.3872187770903110504150390625">
        <ele>13.3999996185302734375</ele>
        <time>2026-09-01T10:40:04.000Z</time>
        <extensions>
          <ns3:TrackPointExtension>
            <ns3:hr>154</ns3:hr>
            <ns3:cad>89</ns3:cad>
          </ns3:TrackPointExtension>
        </extensions>
      </trkpt>
      <trkpt lat="31.21603575535118579864501953125" lon="121.387234367430210113525390625">
        <ele>13.3999996185302734375</ele>
        <time>2026-09-01T10:40:05.000Z</time>
        <extensions>
          <ns3:TrackPointExtension>
            <ns3:hr>154</ns3:hr>
            <ns3:cad>87</ns3:cad>
          </ns3:TrackPointExtension>
        </extensions>
      </trkpt>
      <trkpt lat="31.2160589732229709625244140625" lon="121.387245766818523406982421875">
        <ele>13.6000003814697265625</ele>
        <time>2026-09-01T10:40:06.000Z</time>
        <extensions>
          <ns3:TrackPointExtension>
            <ns3:hr>154</ns3:hr>
            <ns3:cad>86</ns3:cad>
          </ns3:TrackPointExtension>
        </extensions>
      </trkpt>
      <trkpt lat="31.21608118526637554168701171875" lon="121.38726194389164447784423828125">
        <ele>13.6000003814697265625</ele>
        <time>2026-09-01T10:40:07.000Z</time>
        <extensions>
          <ns3:TrackPointExtension>
            <ns3:hr>154</ns3:hr>
            <ns3:cad>86</ns3:cad>
          </ns3:TrackPointExtension>
        </extensions>
      </trkpt>
      <trkpt lat="31.2161025591194629669189453125" lon="121.3872838206589221954345703125">
        <ele>13.6000003814697265625</ele>
        <time>2026-09-01T10:40:08.000Z</time>
        <extensions>
          <ns3:TrackPointExtension>
            <ns3:hr>154</ns3:hr>
            <ns3:cad>88</ns3:cad>
          </ns3:TrackPointExtension>
        </extensions>
      </trkpt>
      <trkpt lat="31.21612292714416980743408203125" lon="121.387300752103328704833984375">
        <ele>13.6000003814697265625</ele>
        <time>2026-09-01T10:40:09.000Z</time>
        <extensions>
          <ns3:TrackPointExtension>
            <ns3:hr>154</ns3:hr>
            <ns3:cad>88</ns3:cad>
          </ns3:TrackPointExtension>
        </extensions>
      </trkpt>
      <trkpt lat="31.2161458097398281097412109375" lon="121.38731659390032291412353515625">
        <ele>13.6000003814697265625</ele>
        <time>2026-09-01T10:40:10.000Z</time>
        <extensions>
          <ns3:TrackPointExtension>
            <ns3:hr>154</ns3:hr>
            <ns3:cad>88</ns3:cad>
          </ns3:TrackPointExtension>
        </extensions>
      </trkpt>
      <trkpt lat="31.21616936288774013519287109375" lon="121.38733587227761745452880859375">
        <ele>13.3999996185302734375</ele>
        <time>2026-09-01T10:40:11.000Z</time>
        <extensions>
          <ns3:TrackPointExtension>
            <ns3:hr>154</ns3:hr>
            <ns3:cad>87</ns3:cad>
          </ns3:TrackPointExtension>
        </extensions>
      </trkpt>
      <trkpt lat="31.21618763543665409088134765625" lon="121.38734408654272556304931640625">
        <ele>13.3999996185302734375</ele>
        <time>2026-09-01T10:40:12.000Z</time>
        <extensions>
          <ns3:TrackPointExtension>
            <ns3:hr>154</ns3:hr>
            <ns3:cad>87</ns3:cad>
          </ns3:TrackPointExtension>
        </extensions>
      </trkpt>
      <trkpt lat="31.21621211059391498565673828125" lon="121.38735079206526279449462890625">
        <ele>13.3999996185302734375</ele>
        <time>2026-09-01T10:40:13.000Z</time>
        <extensions>
          <ns3:TrackPointExtension>
            <ns3:hr>154</ns3:hr>
            <ns3:cad>87</ns3:cad>
          </ns3:TrackPointExtension>
        </extensions>
      </trkpt>
      <trkpt lat="31.2162289582192897796630859375" lon="121.387360431253910064697265625">
        <ele>13.3999996185302734375</ele>
        <time>2026-09-01T10:40:14.000Z</time>
        <extensions>
          <ns3:TrackPointExtension>
            <ns3:hr>154</ns3:hr>
            <ns3:cad>87</ns3:cad>
          </ns3:TrackPointExtension>
        </extensions>
      </trkpt>
      <trkpt lat="31.2162500806152820587158203125" lon="121.3873708248138427734375">
        <ele>13.19999980926513671875</ele>
        <time>2026-09-01T10:40:15.000Z</time>
        <extensions>
          <ns3:TrackPointExtension>
            <ns3:hr>154</ns3:hr>
            <ns3:cad>87</ns3:cad>
          </ns3:TrackPointExtension>
        </extensions>
      </trkpt>
      <trkpt lat="31.2162701971828937530517578125" lon="121.38737342320382595062255859375">
        <ele>13.19999980926513671875</ele>
        <time>2026-09-01T10:40:16.000Z</time>
        <extensions>
          <ns3:TrackPointExtension>
            <ns3:hr>154</ns3:hr>
            <ns3:cad>86</ns3:cad>
          </ns3:TrackPointExtension>
        </extensions>
      </trkpt>
      <trkpt lat="31.21629525907337665557861328125" lon="121.387381218373775482177734375">
        <ele>13.19999980926513671875</ele>
        <time>2026-09-01T10:40:17.000Z</time>
        <extensions>
          <ns3:TrackPointExtension>
            <ns3:hr>154</ns3:hr>
            <ns3:cad>86</ns3:cad>
          </ns3:TrackPointExtension>
        </extensions>
      </trkpt>
      <trkpt lat="31.21631562709808349609375" lon="121.3873837329447269439697265625">
        <ele>13.19999980926513671875</ele>
        <time>2026-09-01T10:40:18.000Z</time>
        <extensions>
          <ns3:TrackPointExtension>
            <ns3:hr>154</ns3:hr>
            <ns3:cad>87</ns3:cad>
          </ns3:TrackPointExtension>
        </extensions>
      </trkpt>
      <trkpt lat="31.21633850969374179840087890625" lon="121.38739404268562793731689453125">
        <ele>13.19999980926513671875</ele>
        <time>2026-09-01T10:40:19.000Z</time>
        <extensions>
          <ns3:TrackPointExtension>
            <ns3:hr>153</ns3:hr>
            <ns3:cad>88</ns3:cad>
          </ns3:TrackPointExtension>
        </extensions>
      </trkpt>
      <trkpt lat="31.216364912688732147216796875" lon="121.38739722780883312225341796875">
        <ele>13.19999980926513671875</ele>
        <time>2026-09-01T10:40:20.000Z</time>
        <extensions>
          <ns3:TrackPointExtension>
            <ns3:hr>153</ns3:hr>
            <ns3:cad>88</ns3:cad>
          </ns3:TrackPointExtension>
        </extensions>
      </trkpt>
      <trkpt lat="31.2163929082453250885009765625" lon="121.38740661554038524627685546875">
        <ele>13.19999980926513671875</ele>
        <time>2026-09-01T10:40:21.000Z</time>
        <extensions>
          <ns3:TrackPointExtension>
            <ns3:hr>153</ns3:hr>
            <ns3:cad>90</ns3:cad>
          </ns3:TrackPointExtension>
        </extensions>
      </trkpt>
      <trkpt lat="31.2164147011935710906982421875" lon="121.3874150812625885009765625">
        <ele>13.19999980926513671875</ele>
        <time>2026-09-01T10:40:22.000Z</time>
        <extensions>
          <ns3:TrackPointExtension>
            <ns3:hr>153</ns3:hr>
            <ns3:cad>90</ns3:cad>
          </ns3:TrackPointExtension>
        </extensions>
      </trkpt>
      <trkpt lat="31.2164395116269588470458984375" lon="121.3874258100986480712890625">
        <ele>13.19999980926513671875</ele>
        <time>2026-09-01T10:40:23.000Z</time>
        <extensions>
          <ns3:TrackPointExtension>
            <ns3:hr>153</ns3:hr>
            <ns3:cad>89</ns3:cad>
          </ns3:TrackPointExtension>
        </extensions>
      </trkpt>
      <trkpt lat="31.21645350940525531768798828125" lon="121.3874383829534053802490234375">
        <ele>13.19999980926513671875</ele>
        <time>2026-09-01T10:40:24.000Z</time>
        <extensions>
          <ns3:TrackPointExtension>
            <ns3:hr>153</ns3:hr>
            <ns3:cad>88</ns3:cad>
          </ns3:TrackPointExtension>
        </extensions>
      </trkpt>
      <trkpt lat="31.216476894915103912353515625" lon="121.387450955808162689208984375">
        <ele>13.19999980926513671875</ele>
        <time>2026-09-01T10:40:25.000Z</time>
        <extensions>
          <ns3:TrackPointExtension>
            <ns3:hr>153</ns3:hr>
            <ns3:cad>88</ns3:cad>
          </ns3:TrackPointExtension>
        </extensions>
      </trkpt>
      <trkpt lat="31.21649391017854213714599609375" lon="121.38746000826358795166015625">
        <ele>13.19999980926513671875</ele>
        <time>2026-09-01T10:40:26.000Z</time>
        <extensions>
          <ns3:TrackPointExtension>
            <ns3:hr>153</ns3:hr>
            <ns3:cad>88</ns3:cad>
          </ns3:TrackPointExtension>
        </extensions>
      </trkpt>
      <trkpt lat="31.216516792774200439453125" lon="121.38747266493737697601318359375">
        <ele>13</ele>
        <time>2026-09-01T10:40:27.000Z</time>
        <extensions>
          <ns3:TrackPointExtension>
            <ns3:hr>153</ns3:hr>
            <ns3:cad>89</ns3:cad>
          </ns3:TrackPointExtension>
        </extensions>
      </trkpt>
      <trkpt lat="31.2165387533605098724365234375" lon="121.3874836452305316925048828125">
        <ele>13</ele>
        <time>2026-09-01T10:40:28.000Z</time>
        <extensions>
          <ns3:TrackPointExtension>
            <ns3:hr>153</ns3:hr>
            <ns3:cad>89</ns3:cad>
          </ns3:TrackPointExtension>
        </extensions>
      </trkpt>
      <trkpt lat="31.216563396155834197998046875" lon="121.38749194331467151641845703125">
        <ele>13</ele>
        <time>2026-09-01T10:40:29.000Z</time>
        <extensions>
          <ns3:TrackPointExtension>
            <ns3:hr>153</ns3:hr>
            <ns3:cad>88</ns3:cad>
          </ns3:TrackPointExtension>
        </extensions>
      </trkpt>
      <trkpt lat="31.21658493764698505401611328125" lon="121.38750317506492137908935546875">
        <ele>13</ele>
        <time>2026-09-01T10:40:30.000Z</time>
        <extensions>
          <ns3:TrackPointExtension>
            <ns3:hr>153</ns3:hr>
            <ns3:cad>88</ns3:cad>
          </ns3:TrackPointExtension>
        </extensions>
      </trkpt>
      <trkpt lat="31.21661192737519741058349609375" lon="121.387512981891632080078125">
        <ele>13</ele>
        <time>2026-09-01T10:40:31.000Z</time>
        <extensions>
          <ns3:TrackPointExtension>
            <ns3:hr>153</ns3:hr>
            <ns3:cad>88</ns3:cad>
          </ns3:TrackPointExtension>
        </extensions>
      </trkpt>
      <trkpt lat="31.2166363187134265899658203125" lon="121.387526057660579681396484375">
        <ele>13</ele>
        <time>2026-09-01T10:40:32.000Z</time>
        <extensions>
          <ns3:TrackPointExtension>
            <ns3:hr>153</ns3:hr>
            <ns3:cad>88</ns3:cad>
          </ns3:TrackPointExtension>
        </extensions>
      </trkpt>
      <trkpt lat="31.21665962040424346923828125" lon="121.387533433735370635986328125">
        <ele>13</ele>
        <time>2026-09-01T10:40:33.000Z</time>
        <extensions>
          <ns3:TrackPointExtension>
            <ns3:hr>153</ns3:hr>
            <ns3:cad>90</ns3:cad>
          </ns3:TrackPointExtension>
        </extensions>
      </trkpt>
      <trkpt lat="31.21668753214180469512939453125" lon="121.38754340820014476776123046875">
        <ele>13.19999980926513671875</ele>
        <time>2026-09-01T10:40:34.000Z</time>
        <extensions>
          <ns3:TrackPointExtension>
            <ns3:hr>153</ns3:hr>
            <ns3:cad>90</ns3:cad>
          </ns3:TrackPointExtension>
        </extensions>
      </trkpt>
      <trkpt lat="31.21670865453779697418212890625" lon="121.38755028136074542999267578125">
        <ele>13.19999980926513671875</ele>
        <time>2026-09-01T10:40:35.000Z</time>
        <extensions>
          <ns3:TrackPointExtension>
            <ns3:hr>153</ns3:hr>
            <ns3:cad>89</ns3:cad>
          </ns3:TrackPointExtension>
        </extensions>
      </trkpt>
      <trkpt lat="31.21673069894313812255859375" lon="121.38756168074905872344970703125">
        <ele>13.19999980926513671875</ele>
        <time>2026-09-01T10:40:36.000Z</time>
        <extensions>
          <ns3:TrackPointExtension>
            <ns3:hr>153</ns3:hr>
            <ns3:cad>89</ns3:cad>
          </ns3:TrackPointExtension>
        </extensions>
      </trkpt>
      <trkpt lat="31.21675441972911357879638671875" lon="121.387562938034534454345703125">
        <ele>13.19999980926513671875</ele>
        <time>2026-09-01T10:40:37.000Z</time>
        <extensions>
          <ns3:TrackPointExtension>
            <ns3:hr>153</ns3:hr>
            <ns3:cad>88</ns3:cad>
          </ns3:TrackPointExtension>
        </extensions>
      </trkpt>
      <trkpt lat="31.216781996190547943115234375" lon="121.38756805099546909332275390625">
        <ele>13.19999980926513671875</ele>
        <time>2026-09-01T10:40:38.000Z</time>
        <extensions>
          <ns3:TrackPointExtension>
            <ns3:hr>153</ns3:hr>
            <ns3:cad>88</ns3:cad>
          </ns3:TrackPointExtension>
        </extensions>
      </trkpt>
      <trkpt lat="31.21681191958487033843994140625" lon="121.38757240958511829376220703125">
        <ele>13.19999980926513671875</ele>
        <time>2026-09-01T10:40:39.000Z</time>
        <extensions>
          <ns3:TrackPointExtension>
            <ns3:hr>153</ns3:hr>
            <ns3:cad>89</ns3:cad>
          </ns3:TrackPointExtension>
        </extensions>
      </trkpt>
      <trkpt lat="31.21683538891375064849853515625" lon="121.3875771872699260711669921875">
        <ele>13.19999980926513671875</ele>
        <time>2026-09-01T10:40:40.000Z</time>
        <extensions>
          <ns3:TrackPointExtension>
            <ns3:hr>153</ns3:hr>
            <ns3:cad>89</ns3:cad>
          </ns3:TrackPointExtension>
        </extensions>
      </trkpt>
      <trkpt lat="31.2168512307107448577880859375" lon="121.387581042945384979248046875">
        <ele>13.3999996185302734375</ele>
        <time>2026-09-01T10:40:41.000Z</time>
        <extensions>
          <ns3:TrackPointExtension>
            <ns3:hr>153</ns3:hr>
            <ns3:cad>88</ns3:cad>
          </ns3:TrackPointExtension>
        </extensions>
      </trkpt>
      <trkpt lat="31.2168753705918788909912109375" lon="121.387593783438205718994140625">
        <ele>13.3999996185302734375</ele>
        <time>2026-09-01T10:40:42.000Z</time>
        <extensions>
          <ns3:TrackPointExtension>
            <ns3:hr>153</ns3:hr>
            <ns3:cad>88</ns3:cad>
          </ns3:TrackPointExtension>
        </extensions>
      </trkpt>
      <trkpt lat="31.21689355932176113128662109375" lon="121.3875983096659183502197265625">
        <ele>13.6000003814697265625</ele>
        <time>2026-09-01T10:40:43.000Z</time>
        <extensions>
          <ns3:TrackPointExtension>
            <ns3:hr>153</ns3:hr>
            <ns3:cad>88</ns3:cad>
          </ns3:TrackPointExtension>
        </extensions>
      </trkpt>
      <trkpt lat="31.21692113578319549560546875" lon="121.387601830065250396728515625">
        <ele>13.6000003814697265625</ele>
        <time>2026-09-01T10:40:44.000Z</time>
        <extensions>
          <ns3:TrackPointExtension>
            <ns3:hr>153</ns3:hr>
            <ns3:cad>88</ns3:cad>
          </ns3:TrackPointExtension>
        </extensions>
      </trkpt>
      <trkpt lat="31.21694066561758518218994140625" lon="121.38760375790297985076904296875">
        <ele>13.6000003814697265625</ele>
        <time>2026-09-01T10:40:45.000Z</time>
        <extensions>
          <ns3:TrackPointExtension>
            <ns3:hr>153</ns3:hr>
            <ns3:cad>90</ns3:cad>
          </ns3:TrackPointExtension>
        </extensions>
      </trkpt>
      <trkpt lat="31.21696430258452892303466796875" lon="121.3876068592071533203125">
        <ele>13.6000003814697265625</ele>
        <time>2026-09-01T10:40:46.000Z</time>
        <extensions>
          <ns3:TrackPointExtension>
            <ns3:hr>153</ns3:hr>
            <ns3:cad>90</ns3:cad>
          </ns3:TrackPointExtension>
        </extensions>
      </trkpt>
      <trkpt lat="31.21698626317083835601806640625" lon="121.38761515729129314422607421875">
        <ele>13.6000003814697265625</ele>
        <time>2026-09-01T10:40:47.000Z</time>
        <extensions>
          <ns3:TrackPointExtension>
            <ns3:hr>153</ns3:hr>
            <ns3:cad>89</ns3:cad>
          </ns3:TrackPointExtension>
        </extensions>
      </trkpt>
      <trkpt lat="31.21700705029070377349853515625" lon="121.38762638904154300689697265625">
        <ele>13.3999996185302734375</ele>
        <time>2026-09-01T10:40:48.000Z</time>
        <extensions>
          <ns3:TrackPointExtension>
            <ns3:hr>153</ns3:hr>
            <ns3:cad>88</ns3:cad>
          </ns3:TrackPointExtension>
        </extensions>
      </trkpt>
      <trkpt lat="31.21702632866799831390380859375" lon="121.3876398839056491851806640625">
        <ele>13.6000003814697265625</ele>
        <time>2026-09-01T10:40:49.000Z</time>
        <extensions>
          <ns3:TrackPointExtension>
            <ns3:hr>153</ns3:hr>
            <ns3:cad>88</ns3:cad>
          </ns3:TrackPointExtension>
        </extensions>
      </trkpt>
      <trkpt lat="31.21704644523561000823974609375" lon="121.387651450932025909423828125">
        <ele>13.6000003814697265625</ele>
        <time>2026-09-01T10:40:50.000Z</time>
        <extensions>
          <ns3:TrackPointExtension>
            <ns3:hr>153</ns3:hr>
            <ns3:cad>88</ns3:cad>
          </ns3:TrackPointExtension>
        </extensions>
      </trkpt>
      <trkpt lat="31.2170661427080631256103515625" lon="121.3876606710255146026611328125">
        <ele>13.6000003814697265625</ele>
        <time>2026-09-01T10:40:51.000Z</time>
        <extensions>
          <ns3:TrackPointExtension>
            <ns3:hr>153</ns3:hr>
            <ns3:cad>88</ns3:cad>
          </ns3:TrackPointExtension>
        </extensions>
      </trkpt>
      <trkpt lat="31.217093802988529205322265625" lon="121.38767466880381107330322265625">
        <ele>13.6000003814697265625</ele>
        <time>2026-09-01T10:40:52.000Z</time>
        <extensions>
          <ns3:TrackPointExtension>
            <ns3:hr>153</ns3:hr>
            <ns3:cad>90</ns3:cad>
          </ns3:TrackPointExtension>
        </extensions>
      </trkpt>
      <trkpt lat="31.21711517684161663055419921875" lon="121.387689672410488128662109375">
        <ele>13.6000003814697265625</ele>
        <time>2026-09-01T10:40:53.000Z</time>
        <extensions>
          <ns3:TrackPointExtension>
            <ns3:hr>154</ns3:hr>
            <ns3:cad>90</ns3:cad>
          </ns3:TrackPointExtension>
        </extensions>
      </trkpt>
      <trkpt lat="31.2171355448663234710693359375" lon="121.38770400546491146087646484375">
        <ele>13.80000019073486328125</ele>
        <time>2026-09-01T10:40:54.000Z</time>
        <extensions>
          <ns3:TrackPointExtension>
            <ns3:hr>154</ns3:hr>
            <ns3:cad>89</ns3:cad>
          </ns3:TrackPointExtension>
        </extensions>
      </trkpt>
      <trkpt lat="31.21715851128101348876953125" lon="121.38771674595773220062255859375">
        <ele>13.80000019073486328125</ele>
        <time>2026-09-01T10:40:55.000Z</time>
        <extensions>
          <ns3:TrackPointExtension>
            <ns3:hr>154</ns3:hr>
            <ns3:cad>87</ns3:cad>
          </ns3:TrackPointExtension>
        </extensions>
      </trkpt>
      <trkpt lat="31.217180974781513214111328125" lon="121.38772278092801570892333984375">
        <ele>13.80000019073486328125</ele>
        <time>2026-09-01T10:40:56.000Z</time>
        <extensions>
          <ns3:TrackPointExtension>
            <ns3:hr>154</ns3:hr>
            <ns3:cad>87</ns3:cad>
          </ns3:TrackPointExtension>
        </extensions>
      </trkpt>
      <trkpt lat="31.21720067225396633148193359375" lon="121.38773535378277301788330078125">
        <ele>13.80000019073486328125</ele>
        <time>2026-09-01T10:40:57.000Z</time>
        <extensions>
          <ns3:TrackPointExtension>
            <ns3:hr>154</ns3:hr>
            <ns3:cad>89</ns3:cad>
          </ns3:TrackPointExtension>
        </extensions>
      </trkpt>
      <trkpt lat="31.21722078882157802581787109375" lon="121.38774356804788112640380859375">
        <ele>13.80000019073486328125</ele>
        <time>2026-09-01T10:40:58.000Z</time>
        <extensions>
          <ns3:TrackPointExtension>
            <ns3:hr>154</ns3:hr>
            <ns3:cad>89</ns3:cad>
          </ns3:TrackPointExtension>
        </extensions>
      </trkpt>
      <trkpt lat="31.21724300086498260498046875" lon="121.3877552188932895660400390625">
        <ele>13.6000003814697265625</ele>
        <time>2026-09-01T10:40:59.000Z</time>
        <extensions>
          <ns3:TrackPointExtension>
            <ns3:hr>154</ns3:hr>
            <ns3:cad>89</ns3:cad>
          </ns3:TrackPointExtension>
        </extensions>
      </trkpt>
      <trkpt lat="31.21726336888968944549560546875" lon="121.3877622596919536590576171875">
        <ele>13.6000003814697265625</ele>
        <time>2026-09-01T10:41:00.000Z</time>
        <extensions>
          <ns3:TrackPointExtension>
            <ns3:hr>154</ns3:hr>
            <ns3:cad>88</ns3:cad>
          </ns3:TrackPointExtension>
        </extensions>
      </trkpt>
      <trkpt lat="31.21728817932307720184326171875" lon="121.38777022249996662139892578125">
        <ele>13.6000003814697265625</ele>
        <time>2026-09-01T10:41:01.000Z</time>
        <extensions>
          <ns3:TrackPointExtension>
            <ns3:hr>154</ns3:hr>
            <ns3:cad>88</ns3:cad>
          </ns3:TrackPointExtension>
        </extensions>
      </trkpt>
      <trkpt lat="31.21731047518551349639892578125" lon="121.3877806998789310455322265625">
        <ele>13.6000003814697265625</ele>
        <time>2026-09-01T10:41:02.000Z</time>
        <extensions>
          <ns3:TrackPointExtension>
            <ns3:hr>154</ns3:hr>
            <ns3:cad>88</ns3:cad>
          </ns3:TrackPointExtension>
        </extensions>
      </trkpt>
      <trkpt lat="31.217333190143108367919921875" lon="121.38778866268694400787353515625">
        <ele>13.6000003814697265625</ele>
        <time>2026-09-01T10:41:03.000Z</time>
        <extensions>
          <ns3:TrackPointExtension>
            <ns3:hr>154</ns3:hr>
            <ns3:cad>89</ns3:cad>
          </ns3:TrackPointExtension>
        </extensions>
      </trkpt>
      <trkpt lat="31.217356659471988677978515625" lon="121.38779754750430583953857421875">
        <ele>13.6000003814697265625</ele>
        <time>2026-09-01T10:41:04.000Z</time>
        <extensions>
          <ns3:TrackPointExtension>
            <ns3:hr>155</ns3:hr>
            <ns3:cad>91</ns3:cad>
          </ns3:TrackPointExtension>
        </extensions>
      </trkpt>
      <trkpt lat="31.21738390065729618072509765625" lon="121.38781531713902950286865234375">
        <ele>13.3999996185302734375</ele>
        <time>2026-09-01T10:41:05.000Z</time>
        <extensions>
          <ns3:TrackPointExtension>
            <ns3:hr>155</ns3:hr>
            <ns3:cad>91</ns3:cad>
          </ns3:TrackPointExtension>
        </extensions>
      </trkpt>
      <trkpt lat="31.2174111418426036834716796875" lon="121.38782738707959651947021484375">
        <ele>13.3999996185302734375</ele>
        <time>2026-09-01T10:41:06.000Z</time>
        <extensions>
          <ns3:TrackPointExtension>
            <ns3:hr>155</ns3:hr>
            <ns3:cad>91</ns3:cad>
          </ns3:TrackPointExtension>
        </extensions>
      </trkpt>
      <trkpt lat="31.217431761324405670166015625" lon="121.38784616254270076751708984375">
        <ele>13.6000003814697265625</ele>
        <time>2026-09-01T10:41:07.000Z</time>
        <extensions>
          <ns3:TrackPointExtension>
            <ns3:hr>154</ns3:hr>
            <ns3:cad>90</ns3:cad>
          </ns3:TrackPointExtension>
        </extensions>
      </trkpt>
      <trkpt lat="31.21745917014777660369873046875" lon="121.3878554664552211761474609375">
        <ele>13.6000003814697265625</ele>
        <time>2026-09-01T10:41:08.000Z</time>
        <extensions>
          <ns3:TrackPointExtension>
            <ns3:hr>155</ns3:hr>
            <ns3:cad>90</ns3:cad>
          </ns3:TrackPointExtension>
        </extensions>
      </trkpt>
      <trkpt lat="31.21748263947665691375732421875" lon="121.38786762021481990814208984375">
        <ele>13.80000019073486328125</ele>
        <time>2026-09-01T10:41:09.000Z</time>
        <extensions>
          <ns3:TrackPointExtension>
            <ns3:hr>155</ns3:hr>
            <ns3:cad>90</ns3:cad>
          </ns3:TrackPointExtension>
        </extensions>
      </trkpt>
      <trkpt lat="31.21750862337648868560791015625" lon="121.38787281699478626251220703125">
        <ele>13.80000019073486328125</ele>
        <time>2026-09-01T10:41:10.000Z</time>
        <extensions>
          <ns3:TrackPointExtension>
            <ns3:hr>155</ns3:hr>
            <ns3:cad>90</ns3:cad>
          </ns3:TrackPointExtension>
        </extensions>
      </trkpt>
      <trkpt lat="31.21753326617181301116943359375" lon="121.38788958080112934112548828125">
        <ele>13.80000019073486328125</ele>
        <time>2026-09-01T10:41:11.000Z</time>
        <extensions>
          <ns3:TrackPointExtension>
            <ns3:hr>155</ns3:hr>
            <ns3:cad>91</ns3:cad>
          </ns3:TrackPointExtension>
        </extensions>
      </trkpt>
      <trkpt lat="31.21756411157548427581787109375" lon="121.3878951966762542724609375">
        <ele>13.80000019073486328125</ele>
        <time>2026-09-01T10:41:12.000Z</time>
        <extensions>
          <ns3:TrackPointExtension>
            <ns3:hr>156</ns3:hr>
            <ns3:cad>91</ns3:cad>
          </ns3:TrackPointExtension>
        </extensions>
      </trkpt>
      <trkpt lat="31.217592023313045501708984375" lon="121.387908942997455596923828125">
        <ele>13.6000003814697265625</ele>
        <time>2026-09-01T10:41:13.000Z</time>
        <extensions>
          <ns3:TrackPointExtension>
            <ns3:hr>156</ns3:hr>
            <ns3:cad>88</ns3:cad>
          </ns3:TrackPointExtension>
        </extensions>
      </trkpt>
      <trkpt lat="31.21761390008032321929931640625" lon="121.38791506178677082061767578125">
        <ele>13.6000003814697265625</ele>
        <time>2026-09-01T10:41:14.000Z</time>
        <extensions>
          <ns3:TrackPointExtension>
            <ns3:hr>156</ns3:hr>
            <ns3:cad>88</ns3:cad>
          </ns3:TrackPointExtension>
        </extensions>
      </trkpt>
      <trkpt lat="31.2176419794559478759765625" lon="121.387933753430843353271484375">
        <ele>13.6000003814697265625</ele>
        <time>2026-09-01T10:41:15.000Z</time>
        <extensions>
          <ns3:TrackPointExtension>
            <ns3:hr>156</ns3:hr>
            <ns3:cad>88</ns3:cad>
          </ns3:TrackPointExtension>
        </extensions>
      </trkpt>
      <trkpt lat="31.2176659516990184783935546875" lon="121.3879382796585559844970703125">
        <ele>13.80000019073486328125</ele>
        <time>2026-09-01T10:41:16.000Z</time>
        <extensions>
          <ns3:TrackPointExtension>
            <ns3:hr>156</ns3:hr>
            <ns3:cad>88</ns3:cad>
          </ns3:TrackPointExtension>
        </extensions>
      </trkpt>
      <trkpt lat="31.21769738383591175079345703125" lon="121.38795085251331329345703125">
        <ele>13.80000019073486328125</ele>
        <time>2026-09-01T10:41:17.000Z</time>
        <extensions>
          <ns3:TrackPointExtension>
            <ns3:hr>156</ns3:hr>
            <ns3:cad>89</ns3:cad>
          </ns3:TrackPointExtension>
        </extensions>
      </trkpt>
      <trkpt lat="31.2177197635173797607421875" lon="121.3879542052745819091796875">
        <ele>13.80000019073486328125</ele>
        <time>2026-09-01T10:41:18.000Z</time>
        <extensions>
          <ns3:TrackPointExtension>
            <ns3:hr>156</ns3:hr>
            <ns3:cad>89</ns3:cad>
          </ns3:TrackPointExtension>
        </extensions>
      </trkpt>
      <trkpt lat="31.21774767525494098663330078125" lon="121.387966610491275787353515625">
        <ele>14</ele>
        <time>2026-09-01T10:41:19.000Z</time>
        <extensions>
          <ns3:TrackPointExtension>
            <ns3:hr>156</ns3:hr>
            <ns3:cad>89</ns3:cad>
          </ns3:TrackPointExtension>
        </extensions>
      </trkpt>
      <trkpt lat="31.21776946820318698883056640625" lon="121.3879751600325107574462890625">
        <ele>14</ele>
        <time>2026-09-01T10:41:20.000Z</time>
        <extensions>
          <ns3:TrackPointExtension>
            <ns3:hr>156</ns3:hr>
            <ns3:cad>88</ns3:cad>
          </ns3:TrackPointExtension>
        </extensions>
      </trkpt>
      <trkpt lat="31.2177987210452556610107421875" lon="121.38798731379210948944091796875">
        <ele>14</ele>
        <time>2026-09-01T10:41:21.000Z</time>
        <extensions>
          <ns3:TrackPointExtension>
            <ns3:hr>156</ns3:hr>
            <ns3:cad>88</ns3:cad>
          </ns3:TrackPointExtension>
        </extensions>
      </trkpt>
      <trkpt lat="31.21781791560351848602294921875" lon="121.38799267821013927459716796875">
        <ele>14</ele>
        <time>2026-09-01T10:41:22.000Z</time>
        <extensions>
          <ns3:TrackPointExtension>
            <ns3:hr>155</ns3:hr>
            <ns3:cad>88</ns3:cad>
          </ns3:TrackPointExtension>
        </extensions>
      </trkpt>
      <trkpt lat="31.21783769689500331878662109375" lon="121.3880103640258312225341796875">
        <ele>13.80000019073486328125</ele>
        <time>2026-09-01T10:41:23.000Z</time>
        <extensions>
          <ns3:TrackPointExtension>
            <ns3:hr>155</ns3:hr>
            <ns3:cad>89</ns3:cad>
          </ns3:TrackPointExtension>
        </extensions>
      </trkpt>
      <trkpt lat="31.2178547121584415435791015625" lon="121.38802184723317623138427734375">
        <ele>13.80000019073486328125</ele>
        <time>2026-09-01T10:41:24.000Z</time>
        <extensions>
          <ns3:TrackPointExtension>
            <ns3:hr>155</ns3:hr>
            <ns3:cad>89</ns3:cad>
          </ns3:TrackPointExtension>
        </extensions>
      </trkpt>
      <trkpt lat="31.2178785167634487152099609375" lon="121.3880385272204875946044921875">
        <ele>13.80000019073486328125</ele>
        <time>2026-09-01T10:41:25.000Z</time>
        <extensions>
          <ns3:TrackPointExtension>
            <ns3:hr>155</ns3:hr>
            <ns3:cad>88</ns3:cad>
          </ns3:TrackPointExtension>
        </extensions>
      </trkpt>
      <trkpt lat="31.21789519675076007843017578125" lon="121.3880522735416889190673828125">
        <ele>13.80000019073486328125</ele>
        <time>2026-09-01T10:41:26.000Z</time>
        <extensions>
          <ns3:TrackPointExtension>
            <ns3:hr>155</ns3:hr>
            <ns3:cad>88</ns3:cad>
          </ns3:TrackPointExtension>
        </extensions>
      </trkpt>
      <trkpt lat="31.21791682206094264984130859375" lon="121.38806593604385852813720703125">
        <ele>13.80000019073486328125</ele>
        <time>2026-09-01T10:41:27.000Z</time>
        <extensions>
          <ns3:TrackPointExtension>
            <ns3:hr>155</ns3:hr>
            <ns3:cad>88</ns3:cad>
          </ns3:TrackPointExtension>
        </extensions>
      </trkpt>
      <trkpt lat="31.217932999134063720703125" lon="121.38808018527925014495849609375">
        <ele>13.80000019073486328125</ele>
        <time>2026-09-01T10:41:28.000Z</time>
        <extensions>
          <ns3:TrackPointExtension>
            <ns3:hr>155</ns3:hr>
            <ns3:cad>88</ns3:cad>
          </ns3:TrackPointExtension>
        </extensions>
      </trkpt>
      <trkpt lat="31.21796049177646636962890625" lon="121.38809426687657833099365234375">
        <ele>13.80000019073486328125</ele>
        <time>2026-09-01T10:41:29.000Z</time>
        <extensions>
          <ns3:TrackPointExtension>
            <ns3:hr>155</ns3:hr>
            <ns3:cad>89</ns3:cad>
          </ns3:TrackPointExtension>
        </extensions>
      </trkpt>
      <trkpt lat="31.217982955276966094970703125" lon="121.3881022296845912933349609375">
        <ele>13.80000019073486328125</ele>
        <time>2026-09-01T10:41:30.000Z</time>
        <extensions>
          <ns3:TrackPointExtension>
            <ns3:hr>155</ns3:hr>
            <ns3:cad>89</ns3:cad>
          </ns3:TrackPointExtension>
        </extensions>
      </trkpt>
      <trkpt lat="31.218007095158100128173828125" lon="121.3881136290729045867919921875">
        <ele>13.80000019073486328125</ele>
        <time>2026-09-01T10:41:31.000Z</time>
        <extensions>
          <ns3:TrackPointExtension>
            <ns3:hr>154</ns3:hr>
            <ns3:cad>89</ns3:cad>
          </ns3:TrackPointExtension>
        </extensions>
      </trkpt>
      <trkpt lat="31.21802729554474353790283203125" lon="121.3881267048418521881103515625">
        <ele>13.80000019073486328125</ele>
        <time>2026-09-01T10:41:32.000Z</time>
        <extensions>
          <ns3:TrackPointExtension>
            <ns3:hr>155</ns3:hr>
            <ns3:cad>89</ns3:cad>
          </ns3:TrackPointExtension>
        </extensions>
      </trkpt>
      <trkpt lat="31.21805034577846527099609375" lon="121.38813785277307033538818359375">
        <ele>13.80000019073486328125</ele>
        <time>2026-09-01T10:41:33.000Z</time>
        <extensions>
          <ns3:TrackPointExtension>
            <ns3:hr>155</ns3:hr>
            <ns3:cad>88</ns3:cad>
          </ns3:TrackPointExtension>
        </extensions>
      </trkpt>
      <trkpt lat="31.21807205490767955780029296875" lon="121.38813986442983150482177734375">
        <ele>13.80000019073486328125</ele>
        <time>2026-09-01T10:41:34.000Z</time>
        <extensions>
          <ns3:TrackPointExtension>
            <ns3:hr>155</ns3:hr>
            <ns3:cad>88</ns3:cad>
          </ns3:TrackPointExtension>
        </extensions>
      </trkpt>
      <trkpt lat="31.21809971518814563751220703125" lon="121.38814824633300304412841796875">
        <ele>13.80000019073486328125</ele>
        <time>2026-09-01T10:41:35.000Z</time>
        <extensions>
          <ns3:TrackPointExtension>
            <ns3:hr>154</ns3:hr>
            <ns3:cad>89</ns3:cad>
          </ns3:TrackPointExtension>
        </extensions>
      </trkpt>
      <trkpt lat="31.21812251396477222442626953125" lon="121.3881588913500308990478515625">
        <ele>13.80000019073486328125</ele>
        <time>2026-09-01T10:41:36.000Z</time>
        <extensions>
          <ns3:TrackPointExtension>
            <ns3:hr>155</ns3:hr>
            <ns3:cad>89</ns3:cad>
          </ns3:TrackPointExtension>
        </extensions>
      </trkpt>
      <trkpt lat="31.2181464023888111114501953125" lon="121.3881605677306652069091796875">
        <ele>13.80000019073486328125</ele>
        <time>2026-09-01T10:41:37.000Z</time>
        <extensions>
          <ns3:TrackPointExtension>
            <ns3:hr>155</ns3:hr>
            <ns3:cad>89</ns3:cad>
          </ns3:TrackPointExtension>
        </extensions>
      </trkpt>
      <trkpt lat="31.21816660277545452117919921875" lon="121.3881672732532024383544921875">
        <ele>13.80000019073486328125</ele>
        <time>2026-09-01T10:41:38.000Z</time>
        <extensions>
          <ns3:TrackPointExtension>
            <ns3:hr>155</ns3:hr>
            <ns3:cad>89</ns3:cad>
          </ns3:TrackPointExtension>
        </extensions>
      </trkpt>
      <trkpt lat="31.21819057501852512359619140625" lon="121.3881776668131351470947265625">
        <ele>13.80000019073486328125</ele>
        <time>2026-09-01T10:41:39.000Z</time>
        <extensions>
          <ns3:TrackPointExtension>
            <ns3:hr>155</ns3:hr>
            <ns3:cad>88</ns3:cad>
          </ns3:TrackPointExtension>
        </extensions>
      </trkpt>
      <trkpt lat="31.21821127831935882568359375" lon="121.38818697072565555572509765625">
        <ele>13.6000003814697265625</ele>
        <time>2026-09-01T10:41:40.000Z</time>
        <extensions>
          <ns3:TrackPointExtension>
            <ns3:hr>155</ns3:hr>
            <ns3:cad>88</ns3:cad>
          </ns3:TrackPointExtension>
        </extensions>
      </trkpt>
      <trkpt lat="31.2182369269430637359619140625" lon="121.38819267041981220245361328125">
        <ele>13.6000003814697265625</ele>
        <time>2026-09-01T10:41:41.000Z</time>
        <extensions>
          <ns3:TrackPointExtension>
            <ns3:hr>155</ns3:hr>
            <ns3:cad>88</ns3:cad>
          </ns3:TrackPointExtension>
        </extensions>
      </trkpt>
      <trkpt lat="31.2182627432048320770263671875" lon="121.388200633227825164794921875">
        <ele>13.6000003814697265625</ele>
        <time>2026-09-01T10:41:42.000Z</time>
        <extensions>
          <ns3:TrackPointExtension>
            <ns3:hr>155</ns3:hr>
            <ns3:cad>89</ns3:cad>
          </ns3:TrackPointExtension>
        </extensions>
      </trkpt>
      <trkpt lat="31.21828529052436351776123046875" lon="121.38821236789226531982421875">
        <ele>13.6000003814697265625</ele>
        <time>2026-09-01T10:41:43.000Z</time>
        <extensions>
          <ns3:TrackPointExtension>
            <ns3:hr>155</ns3:hr>
            <ns3:cad>89</ns3:cad>
          </ns3:TrackPointExtension>
        </extensions>
      </trkpt>
      <trkpt lat="31.21830725111067295074462890625" lon="121.38822485692799091339111328125">
        <ele>13.6000003814697265625</ele>
        <time>2026-09-01T10:41:44.000Z</time>
        <extensions>
          <ns3:TrackPointExtension>
            <ns3:hr>155</ns3:hr>
            <ns3:cad>89</ns3:cad>
          </ns3:TrackPointExtension>
        </extensions>
      </trkpt>
      <trkpt lat="31.2183291278779506683349609375" lon="121.38823374174535274505615234375">
        <ele>13.6000003814697265625</ele>
        <time>2026-09-01T10:41:45.000Z</time>
        <extensions>
          <ns3:TrackPointExtension>
            <ns3:hr>156</ns3:hr>
            <ns3:cad>89</ns3:cad>
          </ns3:TrackPointExtension>
        </extensions>
      </trkpt>
      <trkpt lat="31.21835217811167240142822265625" lon="121.38824530877172946929931640625">
        <ele>13.6000003814697265625</ele>
        <time>2026-09-01T10:41:46.000Z</time>
        <extensions>
          <ns3:TrackPointExtension>
            <ns3:hr>156</ns3:hr>
            <ns3:cad>89</ns3:cad>
          </ns3:TrackPointExtension>
        </extensions>
      </trkpt>
      <trkpt lat="31.21837581507861614227294921875" lon="121.388251595199108123779296875">
        <ele>13.6000003814697265625</ele>
        <time>2026-09-01T10:41:47.000Z</time>
        <extensions>
          <ns3:TrackPointExtension>
            <ns3:hr>156</ns3:hr>
            <ns3:cad>89</ns3:cad>
          </ns3:TrackPointExtension>
        </extensions>
      </trkpt>
      <trkpt lat="31.21840129606425762176513671875" lon="121.38826626352965831756591796875">
        <ele>13.6000003814697265625</ele>
        <time>2026-09-01T10:41:48.000Z</time>
        <extensions>
          <ns3:TrackPointExtension>
            <ns3:hr>156</ns3:hr>
            <ns3:cad>90</ns3:cad>
          </ns3:TrackPointExtension>
        </extensions>
      </trkpt>
      <trkpt lat="31.2184226699173450469970703125" lon="121.38827263377606868743896484375">
        <ele>13.6000003814697265625</ele>
        <time>2026-09-01T10:41:49.000Z</time>
        <extensions>
          <ns3:TrackPointExtension>
            <ns3:hr>156</ns3:hr>
            <ns3:cad>90</ns3:cad>
          </ns3:TrackPointExtension>
        </extensions>
      </trkpt>
      <trkpt lat="31.21844706125557422637939453125" lon="121.3882829435169696807861328125">
        <ele>13.80000019073486328125</ele>
        <time>2026-09-01T10:41:50.000Z</time>
        <extensions>
          <ns3:TrackPointExtension>
            <ns3:hr>156</ns3:hr>
            <ns3:cad>90</ns3:cad>
          </ns3:TrackPointExtension>
        </extensions>
      </trkpt>
      <trkpt lat="31.21846784837543964385986328125" lon="121.3882867991924285888671875">
        <ele>13.80000019073486328125</ele>
        <time>2026-09-01T10:41:51.000Z</time>
        <extensions>
          <ns3:TrackPointExtension>
            <ns3:hr>156</ns3:hr>
            <ns3:cad>89</ns3:cad>
          </ns3:TrackPointExtension>
        </extensions>
      </trkpt>
      <trkpt lat="31.21849567629396915435791015625" lon="121.38829819858074188232421875">
        <ele>13.80000019073486328125</ele>
        <time>2026-09-01T10:41:52.000Z</time>
        <extensions>
          <ns3:TrackPointExtension>
            <ns3:hr>156</ns3:hr>
            <ns3:cad>89</ns3:cad>
          </ns3:TrackPointExtension>
        </extensions>
      </trkpt>
      <trkpt lat="31.218517720699310302734375" lon="121.38830062933266162872314453125">
        <ele>13.80000019073486328125</ele>
        <time>2026-09-01T10:41:53.000Z</time>
        <extensions>
          <ns3:TrackPointExtension>
            <ns3:hr>156</ns3:hr>
            <ns3:cad>89</ns3:cad>
          </ns3:TrackPointExtension>
        </extensions>
      </trkpt>
      <trkpt lat="31.21854362078011035919189453125" lon="121.3883067481219768524169921875">
        <ele>13.80000019073486328125</ele>
        <time>2026-09-01T10:41:54.000Z</time>
        <extensions>
          <ns3:TrackPointExtension>
            <ns3:hr>156</ns3:hr>
            <ns3:cad>89</ns3:cad>
          </ns3:TrackPointExtension>
        </extensions>
      </trkpt>
      <trkpt lat="31.21857044287025928497314453125" lon="121.38831387273967266082763671875">
        <ele>13.80000019073486328125</ele>
        <time>2026-09-01T10:41:55.000Z</time>
        <extensions>
          <ns3:TrackPointExtension>
            <ns3:hr>156</ns3:hr>
            <ns3:cad>89</ns3:cad>
          </ns3:TrackPointExtension>
        </extensions>
      </trkpt>
      <trkpt lat="31.21859961189329624176025390625" lon="121.3883215002715587615966796875">
        <ele>13.80000019073486328125</ele>
        <time>2026-09-01T10:41:56.000Z</time>
        <extensions>
          <ns3:TrackPointExtension>
            <ns3:hr>156</ns3:hr>
            <ns3:cad>89</ns3:cad>
          </ns3:TrackPointExtension>
        </extensions>
      </trkpt>
      <trkpt lat="31.2186178006231784820556640625" lon="121.388320662081241607666015625">
        <ele>13.80000019073486328125</ele>
        <time>2026-09-01T10:41:57.000Z</time>
        <extensions>
          <ns3:TrackPointExtension>
            <ns3:hr>156</ns3:hr>
            <ns3:cad>89</ns3:cad>
          </ns3:TrackPointExtension>
        </extensions>
      </trkpt>
      <trkpt lat="31.218642778694629669189453125" lon="121.38832694850862026214599609375">
        <ele>13.80000019073486328125</ele>
        <time>2026-09-01T10:41:58.000Z</time>
        <extensions>
          <ns3:TrackPointExtension>
            <ns3:hr>156</ns3:hr>
            <ns3:cad>89</ns3:cad>
          </ns3:TrackPointExtension>
        </extensions>
      </trkpt>
      <trkpt lat="31.21866247616708278656005859375" lon="121.38832946307957172393798828125">
        <ele>14</ele>
        <time>2026-09-01T10:41:59.000Z</time>
        <extensions>
          <ns3:TrackPointExtension>
            <ns3:hr>156</ns3:hr>
            <ns3:cad>89</ns3:cad>
          </ns3:TrackPointExtension>
        </extensions>
      </trkpt>
      <trkpt lat="31.21869298629462718963623046875" lon="121.3883342407643795013427734375">
        <ele>14</ele>
        <time>2026-09-01T10:42:00.000Z</time>
        <extensions>
          <ns3:TrackPointExtension>
            <ns3:hr>156</ns3:hr>
            <ns3:cad>90</ns3:cad>
          </ns3:TrackPointExtension>
        </extensions>
      </trkpt>
      <trkpt lat="31.218715198338031768798828125" lon="121.3883369229733943939208984375">
        <ele>14</ele>
        <time>2026-09-01T10:42:01.000Z</time>
        <extensions>
          <ns3:TrackPointExtension>
            <ns3:hr>156</ns3:hr>
            <ns3:cad>90</ns3:cad>
          </ns3:TrackPointExtension>
        </extensions>
      </trkpt>
      <trkpt lat="31.2187425233423709869384765625" lon="121.388344801962375640869140625">
        <ele>14</ele>
        <time>2026-09-01T10:42:02.000Z</time>
        <extensions>
          <ns3:TrackPointExtension>
            <ns3:hr>156</ns3:hr>
            <ns3:cad>90</ns3:cad>
          </ns3:TrackPointExtension>
        </extensions>
      </trkpt>
      <trkpt lat="31.21876372955739498138427734375" lon="121.38834605924785137176513671875">
        <ele>14</ele>
        <time>2026-09-01T10:42:03.000Z</time>
        <extensions>
          <ns3:TrackPointExtension>
            <ns3:hr>156</ns3:hr>
            <ns3:cad>88</ns3:cad>
          </ns3:TrackPointExtension>
        </extensions>
      </trkpt>
      <trkpt lat="31.21878367848694324493408203125" lon="121.388353519141674041748046875">
        <ele>14</ele>
        <time>2026-09-01T10:42:04.000Z</time>
        <extensions>
          <ns3:TrackPointExtension>
            <ns3:hr>156</ns3:hr>
            <ns3:cad>88</ns3:cad>
          </ns3:TrackPointExtension>
        </extensions>
      </trkpt>
      <trkpt lat="31.21880580671131610870361328125" lon="121.3883597217500209808349609375">
        <ele>14</ele>
        <time>2026-09-01T10:42:05.000Z</time>
        <extensions>
          <ns3:TrackPointExtension>
            <ns3:hr>156</ns3:hr>
            <ns3:cad>88</ns3:cad>
          </ns3:TrackPointExtension>
        </extensions>
      </trkpt>
      <trkpt lat="31.21884017251431941986083984375" lon="121.3883670978248119354248046875">
        <ele>14</ele>
        <time>2026-09-01T10:42:06.000Z</time>
        <extensions>
          <ns3:TrackPointExtension>
            <ns3:hr>156</ns3:hr>
            <ns3:cad>89</ns3:cad>
          </ns3:TrackPointExtension>
        </extensions>
      </trkpt>
      <trkpt lat="31.21886246837675571441650390625" lon="121.3883681036531925201416015625">
        <ele>14</ele>
        <time>2026-09-01T10:42:07.000Z</time>
        <extensions>
          <ns3:TrackPointExtension>
            <ns3:hr>156</ns3:hr>
            <ns3:cad>90</ns3:cad>
          </ns3:TrackPointExtension>
        </extensions>
      </trkpt>
      <trkpt lat="31.21889264322817325592041015625" lon="121.38836927711963653564453125">
        <ele>14</ele>
        <time>2026-09-01T10:42:08.000Z</time>
        <extensions>
          <ns3:TrackPointExtension>
            <ns3:hr>156</ns3:hr>
            <ns3:cad>90</ns3:cad>
          </ns3:TrackPointExtension>
        </extensions>
      </trkpt>
      <trkpt lat="31.21891862712800502777099609375" lon="121.38836500234901905059814453125">
        <ele>14</ele>
        <time>2026-09-01T10:42:09.000Z</time>
        <extensions>
          <ns3:TrackPointExtension>
            <ns3:hr>157</ns3:hr>
            <ns3:cad>89</ns3:cad>
          </ns3:TrackPointExtension>
        </extensions>
      </trkpt>
      <trkpt lat="31.2189480476081371307373046875" lon="121.3883707858622074127197265625">
        <ele>14</ele>
        <time>2026-09-01T10:42:10.000Z</time>
        <extensions>
          <ns3:TrackPointExtension>
            <ns3:hr>157</ns3:hr>
            <ns3:cad>89</ns3:cad>
          </ns3:TrackPointExtension>
        </extensions>
      </trkpt>
      <trkpt lat="31.21896564960479736328125" lon="121.3883795030415058135986328125">
        <ele>14</ele>
        <time>2026-09-01T10:42:11.000Z</time>
        <extensions>
          <ns3:TrackPointExtension>
            <ns3:hr>157</ns3:hr>
            <ns3:cad>89</ns3:cad>
          </ns3:TrackPointExtension>
        </extensions>
      </trkpt>
      <trkpt lat="31.2189924716949462890625" lon="121.38838696293532848358154296875">
        <ele>14</ele>
        <time>2026-09-01T10:42:12.000Z</time>
        <extensions>
          <ns3:TrackPointExtension>
            <ns3:hr>157</ns3:hr>
            <ns3:cad>89</ns3:cad>
          </ns3:TrackPointExtension>
        </extensions>
      </trkpt>
      <trkpt lat="31.21901283971965312957763671875" lon="121.3883868791162967681884765625">
        <ele>14</ele>
        <time>2026-09-01T10:42:13.000Z</time>
        <extensions>
          <ns3:TrackPointExtension>
            <ns3:hr>157</ns3:hr>
            <ns3:cad>91</ns3:cad>
          </ns3:TrackPointExtension>
        </extensions>
      </trkpt>
      <trkpt lat="31.219039075076580047607421875" lon="121.38839014805853366851806640625">
        <ele>14</ele>
        <time>2026-09-01T10:42:14.000Z</time>
        <extensions>
          <ns3:TrackPointExtension>
            <ns3:hr>157</ns3:hr>
            <ns3:cad>91</ns3:cad>
          </ns3:TrackPointExtension>
        </extensions>
      </trkpt>
      <trkpt lat="31.219058521091938018798828125" lon="121.38838939368724822998046875">
        <ele>14</ele>
        <time>2026-09-01T10:42:15.000Z</time>
        <extensions>
          <ns3:TrackPointExtension>
            <ns3:hr>157</ns3:hr>
            <ns3:cad>90</ns3:cad>
          </ns3:TrackPointExtension>
        </extensions>
      </trkpt>
      <trkpt lat="31.219088025391101837158203125" lon="121.388389058411121368408203125">
        <ele>14</ele>
        <time>2026-09-01T10:42:16.000Z</time>
        <extensions>
          <ns3:TrackPointExtension>
            <ns3:hr>157</ns3:hr>
            <ns3:cad>89</ns3:cad>
          </ns3:TrackPointExtension>
        </extensions>
      </trkpt>
      <trkpt lat="31.21910554356873035430908203125" lon="121.38838813640177249908447265625">
        <ele>14</ele>
        <time>2026-09-01T10:42:17.000Z</time>
        <extensions>
          <ns3:TrackPointExtension>
            <ns3:hr>158</ns3:hr>
            <ns3:cad>89</ns3:cad>
          </ns3:TrackPointExtension>
        </extensions>
      </trkpt>
      <trkpt lat="31.21913529932498931884765625" lon="121.38839568011462688446044921875">
        <ele>14</ele>
        <time>2026-09-01T10:42:18.000Z</time>
        <extensions>
          <ns3:TrackPointExtension>
            <ns3:hr>157</ns3:hr>
            <ns3:cad>88</ns3:cad>
          </ns3:TrackPointExtension>
        </extensions>
      </trkpt>
      <trkpt lat="31.2191542424261569976806640625" lon="121.388395093381404876708984375">
        <ele>14</ele>
        <time>2026-09-01T10:42:19.000Z</time>
        <extensions>
          <ns3:TrackPointExtension>
            <ns3:hr>157</ns3:hr>
            <ns3:cad>88</ns3:cad>
          </ns3:TrackPointExtension>
        </extensions>
      </trkpt>
      <trkpt lat="31.219184584915637969970703125" lon="121.3883955962955951690673828125">
        <ele>14</ele>
        <time>2026-09-01T10:42:20.000Z</time>
        <extensions>
          <ns3:TrackPointExtension>
            <ns3:hr>157</ns3:hr>
            <ns3:cad>89</ns3:cad>
          </ns3:TrackPointExtension>
        </extensions>
      </trkpt>
      <trkpt lat="31.21920579113066196441650390625" lon="121.38839014805853366851806640625">
        <ele>14</ele>
        <time>2026-09-01T10:42:21.000Z</time>
        <extensions>
          <ns3:TrackPointExtension>
            <ns3:hr>157</ns3:hr>
            <ns3:cad>89</ns3:cad>
          </ns3:TrackPointExtension>
        </extensions>
      </trkpt>
      <trkpt lat="31.21923546306788921356201171875" lon="121.3883892260491847991943359375">
        <ele>14</ele>
        <time>2026-09-01T10:42:22.000Z</time>
        <extensions>
          <ns3:TrackPointExtension>
            <ns3:hr>157</ns3:hr>
            <ns3:cad>88</ns3:cad>
          </ns3:TrackPointExtension>
        </extensions>
      </trkpt>
      <trkpt lat="31.21926002204418182373046875" lon="121.38838595710694789886474609375">
        <ele>14</ele>
        <time>2026-09-01T10:42:23.000Z</time>
        <extensions>
          <ns3:TrackPointExtension>
            <ns3:hr>157</ns3:hr>
            <ns3:cad>88</ns3:cad>
          </ns3:TrackPointExtension>
        </extensions>
      </trkpt>
      <trkpt lat="31.2192850001156330108642578125" lon="121.38838612474501132965087890625">
        <ele>14</ele>
        <time>2026-09-01T10:42:24.000Z</time>
        <extensions>
          <ns3:TrackPointExtension>
            <ns3:hr>157</ns3:hr>
            <ns3:cad>88</ns3:cad>
          </ns3:TrackPointExtension>
        </extensions>
      </trkpt>
      <trkpt lat="31.21930520050227642059326171875" lon="121.3883771561086177825927734375">
        <ele>14</ele>
        <time>2026-09-01T10:42:25.000Z</time>
        <extensions>
          <ns3:TrackPointExtension>
            <ns3:hr>157</ns3:hr>
            <ns3:cad>90</ns3:cad>
          </ns3:TrackPointExtension>
        </extensions>
      </trkpt>
      <trkpt lat="31.21933319605886936187744140625" lon="121.388372294604778289794921875">
        <ele>14</ele>
        <time>2026-09-01T10:42:26.000Z</time>
        <extensions>
          <ns3:TrackPointExtension>
            <ns3:hr>157</ns3:hr>
            <ns3:cad>90</ns3:cad>
          </ns3:TrackPointExtension>
        </extensions>
      </trkpt>
      <trkpt lat="31.21935867704451084136962890625" lon="121.388370953500270843505859375">
        <ele>14</ele>
        <time>2026-09-01T10:42:27.000Z</time>
        <extensions>
          <ns3:TrackPointExtension>
            <ns3:hr>157</ns3:hr>
            <ns3:cad>90</ns3:cad>
          </ns3:TrackPointExtension>
        </extensions>
      </trkpt>
      <trkpt lat="31.21938331983983516693115234375" lon="121.38836617581546306610107421875">
        <ele>13.80000019073486328125</ele>
        <time>2026-09-01T10:42:28.000Z</time>
        <extensions>
          <ns3:TrackPointExtension>
            <ns3:hr>157</ns3:hr>
            <ns3:cad>89</ns3:cad>
          </ns3:TrackPointExtension>
        </extensions>
      </trkpt>
      <trkpt lat="31.2194023467600345611572265625" lon="121.38836734928190708160400390625">
        <ele>13.80000019073486328125</ele>
        <time>2026-09-01T10:42:29.000Z</time>
        <extensions>
          <ns3:TrackPointExtension>
            <ns3:hr>157</ns3:hr>
            <ns3:cad>88</ns3:cad>
          </ns3:TrackPointExtension>
        </extensions>
      </trkpt>
      <trkpt lat="31.2194288335740566253662109375" lon="121.38836969621479511260986328125">
        <ele>13.80000019073486328125</ele>
        <time>2026-09-01T10:42:30.000Z</time>
        <extensions>
          <ns3:TrackPointExtension>
            <ns3:hr>156</ns3:hr>
            <ns3:cad>88</ns3:cad>
          </ns3:TrackPointExtension>
        </extensions>
      </trkpt>
      <trkpt lat="31.21944568119943141937255859375" lon="121.38837053440511226654052734375">
        <ele>13.80000019073486328125</ele>
        <time>2026-09-01T10:42:31.000Z</time>
        <extensions>
          <ns3:TrackPointExtension>
            <ns3:hr>156</ns3:hr>
            <ns3:cad>88</ns3:cad>
          </ns3:TrackPointExtension>
        </extensions>
      </trkpt>
      <trkpt lat="31.21947216801345348358154296875" lon="121.388368941843509674072265625">
        <ele>13.80000019073486328125</ele>
        <time>2026-09-01T10:42:32.000Z</time>
        <extensions>
          <ns3:TrackPointExtension>
            <ns3:hr>156</ns3:hr>
            <ns3:cad>89</ns3:cad>
          </ns3:TrackPointExtension>
        </extensions>
      </trkpt>
      <trkpt lat="31.21949530206620693206787109375" lon="121.388366930186748504638671875">
        <ele>13.80000019073486328125</ele>
        <time>2026-09-01T10:42:33.000Z</time>
        <extensions>
          <ns3:TrackPointExtension>
            <ns3:hr>157</ns3:hr>
            <ns3:cad>89</ns3:cad>
          </ns3:TrackPointExtension>
        </extensions>
      </trkpt>
      <trkpt lat="31.21951759792864322662353515625" lon="121.388363577425479888916015625">
        <ele>14</ele>
        <time>2026-09-01T10:42:34.000Z</time>
        <extensions>
          <ns3:TrackPointExtension>
            <ns3:hr>156</ns3:hr>
            <ns3:cad>88</ns3:cad>
          </ns3:TrackPointExtension>
        </extensions>
      </trkpt>
      <trkpt lat="31.2195361219346523284912109375" lon="121.38836768455803394317626953125">
        <ele>14</ele>
        <time>2026-09-01T10:42:35.000Z</time>
        <extensions>
          <ns3:TrackPointExtension>
            <ns3:hr>156</ns3:hr>
            <ns3:cad>88</ns3:cad>
          </ns3:TrackPointExtension>
        </extensions>
      </trkpt>
      <trkpt lat="31.21955598704516887664794921875" lon="121.38836500234901905059814453125">
        <ele>14</ele>
        <time>2026-09-01T10:42:36.000Z</time>
        <extensions>
          <ns3:TrackPointExtension>
            <ns3:hr>156</ns3:hr>
            <ns3:cad>88</ns3:cad>
          </ns3:TrackPointExtension>
        </extensions>
      </trkpt>
      <trkpt lat="31.2195776961743831634521484375" lon="121.38836801983416080474853515625">
        <ele>14</ele>
        <time>2026-09-01T10:42:37.000Z</time>
        <extensions>
          <ns3:TrackPointExtension>
            <ns3:hr>156</ns3:hr>
            <ns3:cad>88</ns3:cad>
          </ns3:TrackPointExtension>
        </extensions>
      </trkpt>
      <trkpt lat="31.2195964716374874114990234375" lon="121.38836164958775043487548828125">
        <ele>14</ele>
        <time>2026-09-01T10:42:38.000Z</time>
        <extensions>
          <ns3:TrackPointExtension>
            <ns3:hr>156</ns3:hr>
            <ns3:cad>89</ns3:cad>
          </ns3:TrackPointExtension>
        </extensions>
      </trkpt>
      <trkpt lat="31.2196196056902408599853515625" lon="121.38836500234901905059814453125">
        <ele>13.80000019073486328125</ele>
        <time>2026-09-01T10:42:39.000Z</time>
        <extensions>
          <ns3:TrackPointExtension>
            <ns3:hr>157</ns3:hr>
            <ns3:cad>89</ns3:cad>
          </ns3:TrackPointExtension>
        </extensions>
      </trkpt>
      <trkpt lat="31.2196375429630279541015625" lon="121.38835175894200801849365234375">
        <ele>13.80000019073486328125</ele>
        <time>2026-09-01T10:42:40.000Z</time>
        <extensions>
          <ns3:TrackPointExtension>
            <ns3:hr>156</ns3:hr>
            <ns3:cad>89</ns3:cad>
          </ns3:TrackPointExtension>
        </extensions>
      </trkpt>
      <trkpt lat="31.21966143138706684112548828125" lon="121.388355195522308349609375">
        <ele>13.6000003814697265625</ele>
        <time>2026-09-01T10:42:41.000Z</time>
        <extensions>
          <ns3:TrackPointExtension>
            <ns3:hr>156</ns3:hr>
            <ns3:cad>88</ns3:cad>
          </ns3:TrackPointExtension>
        </extensions>
      </trkpt>
      <trkpt lat="31.2196789495646953582763671875" lon="121.38835796155035495758056640625">
        <ele>13.6000003814697265625</ele>
        <time>2026-09-01T10:42:42.000Z</time>
        <extensions>
          <ns3:TrackPointExtension>
            <ns3:hr>156</ns3:hr>
            <ns3:cad>88</ns3:cad>
          </ns3:TrackPointExtension>
        </extensions>
      </trkpt>
      <trkpt lat="31.2197074480354785919189453125" lon="121.38835561461746692657470703125">
        <ele>13.6000003814697265625</ele>
        <time>2026-09-01T10:42:43.000Z</time>
        <extensions>
          <ns3:TrackPointExtension>
            <ns3:hr>156</ns3:hr>
            <ns3:cad>88</ns3:cad>
          </ns3:TrackPointExtension>
        </extensions>
      </trkpt>
      <trkpt lat="31.2197325937449932098388671875" lon="121.38834823854267597198486328125">
        <ele>13.80000019073486328125</ele>
        <time>2026-09-01T10:42:44.000Z</time>
        <extensions>
          <ns3:TrackPointExtension>
            <ns3:hr>156</ns3:hr>
            <ns3:cad>89</ns3:cad>
          </ns3:TrackPointExtension>
        </extensions>
      </trkpt>
      <trkpt lat="31.2197728268802165985107421875" lon="121.388344131410121917724609375">
        <ele>14</ele>
        <time>2026-09-01T10:42:45.000Z</time>
        <extensions>
          <ns3:TrackPointExtension>
            <ns3:hr>157</ns3:hr>
            <ns3:cad>89</ns3:cad>
          </ns3:TrackPointExtension>
        </extensions>
      </trkpt>
      <trkpt lat="31.2198019959032535552978515625" lon="121.3883385993540287017822265625">
        <ele>14.19999980926513671875</ele>
        <time>2026-09-01T10:42:46.000Z</time>
        <extensions>
          <ns3:TrackPointExtension>
            <ns3:hr>156</ns3:hr>
            <ns3:cad>88</ns3:cad>
          </ns3:TrackPointExtension>
        </extensions>
      </trkpt>
      <trkpt lat="31.21983669698238372802734375" lon="121.38833700679242610931396484375">
        <ele>14.19999980926513671875</ele>
        <time>2026-09-01T10:42:47.000Z</time>
        <extensions>
          <ns3:TrackPointExtension>
            <ns3:hr>157</ns3:hr>
            <ns3:cad>87</ns3:cad>
          </ns3:TrackPointExtension>
        </extensions>
      </trkpt>
      <trkpt lat="31.21985890902578830718994140625" lon="121.388333737850189208984375">
        <ele>14.19999980926513671875</ele>
        <time>2026-09-01T10:42:48.000Z</time>
        <extensions>
          <ns3:TrackPointExtension>
            <ns3:hr>157</ns3:hr>
            <ns3:cad>87</ns3:cad>
          </ns3:TrackPointExtension>
        </extensions>
      </trkpt>
      <trkpt lat="31.21988506056368350982666015625" lon="121.388315297663211822509765625">
        <ele>14.19999980926513671875</ele>
        <time>2026-09-01T10:42:49.000Z</time>
        <extensions>
          <ns3:TrackPointExtension>
            <ns3:hr>157</ns3:hr>
            <ns3:cad>88</ns3:cad>
          </ns3:TrackPointExtension>
        </extensions>
      </trkpt>
      <trkpt lat="31.21990106999874114990234375" lon="121.38829090632498264312744140625">
        <ele>14.19999980926513671875</ele>
        <time>2026-09-01T10:42:50.000Z</time>
        <extensions>
          <ns3:TrackPointExtension>
            <ns3:hr>157</ns3:hr>
            <ns3:cad>88</ns3:cad>
          </ns3:TrackPointExtension>
        </extensions>
      </trkpt>
      <trkpt lat="31.21991774998605251312255859375" lon="121.38827414251863956451416015625">
        <ele>14.19999980926513671875</ele>
        <time>2026-09-01T10:42:51.000Z</time>
        <extensions>
          <ns3:TrackPointExtension>
            <ns3:hr>157</ns3:hr>
            <ns3:cad>88</ns3:cad>
          </ns3:TrackPointExtension>
        </extensions>
      </trkpt>
      <trkpt lat="31.21993283741176128387451171875" lon="121.38823776505887508392333984375">
        <ele>14.3999996185302734375</ele>
        <time>2026-09-01T10:42:52.000Z</time>
        <extensions>
          <ns3:TrackPointExtension>
            <ns3:hr>158</ns3:hr>
            <ns3:cad>88</ns3:cad>
          </ns3:TrackPointExtension>
        </extensions>
      </trkpt>
      <trkpt lat="31.2199334241449832916259765625" lon="121.3882170617580413818359375">
        <ele>14.3999996185302734375</ele>
        <time>2026-09-01T10:42:53.000Z</time>
        <extensions>
          <ns3:TrackPointExtension>
            <ns3:hr>158</ns3:hr>
            <ns3:cad>88</ns3:cad>
          </ns3:TrackPointExtension>
        </extensions>
      </trkpt>
      <trkpt lat="31.219942308962345123291015625" lon="121.38818613253533840179443359375">
        <ele>14.6000003814697265625</ele>
        <time>2026-09-01T10:42:54.000Z</time>
        <extensions>
          <ns3:TrackPointExtension>
            <ns3:hr>158</ns3:hr>
            <ns3:cad>87</ns3:cad>
          </ns3:TrackPointExtension>
        </extensions>
      </trkpt>
      <trkpt lat="31.21994373388588428497314453125" lon="121.3881655968725681304931640625">
        <ele>14.6000003814697265625</ele>
        <time>2026-09-01T10:42:55.000Z</time>
        <extensions>
          <ns3:TrackPointExtension>
            <ns3:hr>158</ns3:hr>
            <ns3:cad>85</ns3:cad>
          </ns3:TrackPointExtension>
        </extensions>
      </trkpt>
      <trkpt lat="31.219947002828121185302734375" lon="121.38813097961246967315673828125">
        <ele>14.80000019073486328125</ele>
        <time>2026-09-01T10:42:56.000Z</time>
        <extensions>
          <ns3:TrackPointExtension>
            <ns3:hr>159</ns3:hr>
            <ns3:cad>85</ns3:cad>
          </ns3:TrackPointExtension>
        </extensions>
      </trkpt>
      <trkpt lat="31.2199548818171024322509765625" lon="121.38811203651130199432373046875">
        <ele>14.80000019073486328125</ele>
        <time>2026-09-01T10:42:57.000Z</time>
        <extensions>
          <ns3:TrackPointExtension>
            <ns3:hr>159</ns3:hr>
            <ns3:cad>86</ns3:cad>
          </ns3:TrackPointExtension>
        </extensions>
      </trkpt>
      <trkpt lat="31.219955049455165863037109375" lon="121.38808856718242168426513671875">
        <ele>15</ele>
        <time>2026-09-01T10:42:58.000Z</time>
        <extensions>
          <ns3:TrackPointExtension>
            <ns3:hr>159</ns3:hr>
            <ns3:cad>88</ns3:cad>
          </ns3:TrackPointExtension>
        </extensions>
      </trkpt>
      <trkpt lat="31.21995337307453155517578125" lon="121.3880666904151439666748046875">
        <ele>15</ele>
        <time>2026-09-01T10:42:59.000Z</time>
        <extensions>
          <ns3:TrackPointExtension>
            <ns3:hr>159</ns3:hr>
            <ns3:cad>88</ns3:cad>
          </ns3:TrackPointExtension>
        </extensions>
      </trkpt>
      <trkpt lat="31.2199535407125949859619140625" lon="121.3880373537540435791015625">
        <ele>15</ele>
        <time>2026-09-01T10:43:00.000Z</time>
        <extensions>
          <ns3:TrackPointExtension>
            <ns3:hr>158</ns3:hr>
            <ns3:cad>88</ns3:cad>
          </ns3:TrackPointExtension>
        </extensions>
      </trkpt>
      <trkpt lat="31.21995278634130954742431640625" lon="121.388011872768402099609375">
        <ele>14.80000019073486328125</ele>
        <time>2026-09-01T10:43:01.000Z</time>
        <extensions>
          <ns3:TrackPointExtension>
            <ns3:hr>159</ns3:hr>
            <ns3:cad>87</ns3:cad>
          </ns3:TrackPointExtension>
        </extensions>
      </trkpt>
      <trkpt lat="31.2199481762945652008056640625" lon="121.3879761658608913421630859375">
        <ele>14.80000019073486328125</ele>
        <time>2026-09-01T10:43:02.000Z</time>
        <extensions>
          <ns3:TrackPointExtension>
            <ns3:hr>159</ns3:hr>
            <ns3:cad>87</ns3:cad>
          </ns3:TrackPointExtension>
        </extensions>
      </trkpt>
      <trkpt lat="31.21994641609489917755126953125" lon="121.38794691301882266998291015625">
        <ele>14.6000003814697265625</ele>
        <time>2026-09-01T10:43:03.000Z</time>
        <extensions>
          <ns3:TrackPointExtension>
            <ns3:hr>159</ns3:hr>
            <ns3:cad>87</ns3:cad>
          </ns3:TrackPointExtension>
        </extensions>
      </trkpt>
      <trkpt lat="31.21993325650691986083984375" lon="121.387916319072246551513671875">
        <ele>14.6000003814697265625</ele>
        <time>2026-09-01T10:43:04.000Z</time>
        <extensions>
          <ns3:TrackPointExtension>
            <ns3:hr>159</ns3:hr>
            <ns3:cad>88</ns3:cad>
          </ns3:TrackPointExtension>
        </extensions>
      </trkpt>
      <trkpt lat="31.2199280597269535064697265625" lon="121.38788505457341670989990234375">
        <ele>14.6000003814697265625</ele>
        <time>2026-09-01T10:43:05.000Z</time>
        <extensions>
          <ns3:TrackPointExtension>
            <ns3:hr>159</ns3:hr>
            <ns3:cad>88</ns3:cad>
          </ns3:TrackPointExtension>
        </extensions>
      </trkpt>
      <trkpt lat="31.21992386877536773681640625" lon="121.38785756193101406097412109375">
        <ele>14.6000003814697265625</ele>
        <time>2026-09-01T10:43:06.000Z</time>
        <extensions>
          <ns3:TrackPointExtension>
            <ns3:hr>159</ns3:hr>
            <ns3:cad>87</ns3:cad>
          </ns3:TrackPointExtension>
        </extensions>
      </trkpt>
      <trkpt lat="31.219917498528957366943359375" lon="121.387827135622501373291015625">
        <ele>14.6000003814697265625</ele>
        <time>2026-09-01T10:43:07.000Z</time>
        <extensions>
          <ns3:TrackPointExtension>
            <ns3:hr>159</ns3:hr>
            <ns3:cad>87</ns3:cad>
          </ns3:TrackPointExtension>
        </extensions>
      </trkpt>
      <trkpt lat="31.21991238556802272796630859375" lon="121.38779670931398868560791015625">
        <ele>14.6000003814697265625</ele>
        <time>2026-09-01T10:43:08.000Z</time>
        <extensions>
          <ns3:TrackPointExtension>
            <ns3:hr>159</ns3:hr>
            <ns3:cad>87</ns3:cad>
          </ns3:TrackPointExtension>
        </extensions>
      </trkpt>
      <trkpt lat="31.21990643441677093505859375" lon="121.387770809233188629150390625">
        <ele>14.6000003814697265625</ele>
        <time>2026-09-01T10:43:09.000Z</time>
        <extensions>
          <ns3:TrackPointExtension>
            <ns3:hr>159</ns3:hr>
            <ns3:cad>90</ns3:cad>
          </ns3:TrackPointExtension>
        </extensions>
      </trkpt>
      <trkpt lat="31.21990869753062725067138671875" lon="121.3877488486468791961669921875">
        <ele>14.6000003814697265625</ele>
        <time>2026-09-01T10:43:10.000Z</time>
        <extensions>
          <ns3:TrackPointExtension>
            <ns3:hr>159</ns3:hr>
            <ns3:cad>90</ns3:cad>
          </ns3:TrackPointExtension>
        </extensions>
      </trkpt>
      <trkpt lat="31.21990769170224666595458984375" lon="121.38772428967058658599853515625">
        <ele>14.6000003814697265625</ele>
        <time>2026-09-01T10:43:11.000Z</time>
        <extensions>
          <ns3:TrackPointExtension>
            <ns3:hr>159</ns3:hr>
            <ns3:cad>89</ns3:cad>
          </ns3:TrackPointExtension>
        </extensions>
      </trkpt>
      <trkpt lat="31.2199035845696926116943359375" lon="121.38769512064754962921142578125">
        <ele>14.6000003814697265625</ele>
        <time>2026-09-01T10:43:12.000Z</time>
        <extensions>
          <ns3:TrackPointExtension>
            <ns3:hr>159</ns3:hr>
            <ns3:cad>88</ns3:cad>
          </ns3:TrackPointExtension>
        </extensions>
      </trkpt>
      <trkpt lat="31.2199032492935657501220703125" lon="121.3876626826822757720947265625">
        <ele>14.6000003814697265625</ele>
        <time>2026-09-01T10:43:13.000Z</time>
        <extensions>
          <ns3:TrackPointExtension>
            <ns3:hr>160</ns3:hr>
            <ns3:cad>88</ns3:cad>
          </ns3:TrackPointExtension>
        </extensions>
      </trkpt>
      <trkpt lat="31.21990115381777286529541015625" lon="121.387631334364414215087890625">
        <ele>14.6000003814697265625</ele>
        <time>2026-09-01T10:43:14.000Z</time>
        <extensions>
          <ns3:TrackPointExtension>
            <ns3:hr>159</ns3:hr>
            <ns3:cad>88</ns3:cad>
          </ns3:TrackPointExtension>
        </extensions>
      </trkpt>
      <trkpt lat="31.2198950350284576416015625" lon="121.38759872876107692718505859375">
        <ele>14.3999996185302734375</ele>
        <time>2026-09-01T10:43:15.000Z</time>
        <extensions>
          <ns3:TrackPointExtension>
            <ns3:hr>159</ns3:hr>
            <ns3:cad>90</ns3:cad>
          </ns3:TrackPointExtension>
        </extensions>
      </trkpt>
      <trkpt lat="31.21988925151526927947998046875" lon="121.3875711522996425628662109375">
        <ele>14.3999996185302734375</ele>
        <time>2026-09-01T10:43:16.000Z</time>
        <extensions>
          <ns3:TrackPointExtension>
            <ns3:hr>159</ns3:hr>
            <ns3:cad>90</ns3:cad>
          </ns3:TrackPointExtension>
        </extensions>
      </trkpt>
      <trkpt lat="31.219890676438808441162109375" lon="121.38753737322986125946044921875">
        <ele>14.3999996185302734375</ele>
        <time>2026-09-01T10:43:17.000Z</time>
        <extensions>
          <ns3:TrackPointExtension>
            <ns3:hr>159</ns3:hr>
            <ns3:cad>89</ns3:cad>
          </ns3:TrackPointExtension>
        </extensions>
      </trkpt>
      <trkpt lat="31.21988807804882526397705078125" lon="121.38751122169196605682373046875">
        <ele>14.3999996185302734375</ele>
        <time>2026-09-01T10:43:18.000Z</time>
        <extensions>
          <ns3:TrackPointExtension>
            <ns3:hr>159</ns3:hr>
            <ns3:cad>88</ns3:cad>
          </ns3:TrackPointExtension>
        </extensions>
      </trkpt>
      <trkpt lat="31.21988941915333271026611328125" lon="121.38747869990766048431396484375">
        <ele>14.3999996185302734375</ele>
        <time>2026-09-01T10:43:19.000Z</time>
        <extensions>
          <ns3:TrackPointExtension>
            <ns3:hr>159</ns3:hr>
            <ns3:cad>88</ns3:cad>
          </ns3:TrackPointExtension>
        </extensions>
      </trkpt>
      <trkpt lat="31.21988640166819095611572265625" lon="121.38745464384555816650390625">
        <ele>14.3999996185302734375</ele>
        <time>2026-09-01T10:43:20.000Z</time>
        <extensions>
          <ns3:TrackPointExtension>
            <ns3:hr>159</ns3:hr>
            <ns3:cad>88</ns3:cad>
          </ns3:TrackPointExtension>
        </extensions>
      </trkpt>
      <trkpt lat="31.21989310719072818756103515625" lon="121.38742321170866489410400390625">
        <ele>14.3999996185302734375</ele>
        <time>2026-09-01T10:43:21.000Z</time>
        <extensions>
          <ns3:TrackPointExtension>
            <ns3:hr>159</ns3:hr>
            <ns3:cad>89</ns3:cad>
          </ns3:TrackPointExtension>
        </extensions>
      </trkpt>
      <trkpt lat="31.21989478357136249542236328125" lon="121.38739689253270626068115234375">
        <ele>14.3999996185302734375</ele>
        <time>2026-09-01T10:43:22.000Z</time>
        <extensions>
          <ns3:TrackPointExtension>
            <ns3:hr>159</ns3:hr>
            <ns3:cad>90</ns3:cad>
          </ns3:TrackPointExtension>
        </extensions>
      </trkpt>
      <trkpt lat="31.219898723065853118896484375" lon="121.3873694837093353271484375">
        <ele>14.3999996185302734375</ele>
        <time>2026-09-01T10:43:23.000Z</time>
        <extensions>
          <ns3:TrackPointExtension>
            <ns3:hr>158</ns3:hr>
            <ns3:cad>90</ns3:cad>
          </ns3:TrackPointExtension>
        </extensions>
      </trkpt>
      <trkpt lat="31.219894029200077056884765625" lon="121.38734844513237476348876953125">
        <ele>14.3999996185302734375</ele>
        <time>2026-09-01T10:43:24.000Z</time>
        <extensions>
          <ns3:TrackPointExtension>
            <ns3:hr>158</ns3:hr>
            <ns3:cad>88</ns3:cad>
          </ns3:TrackPointExtension>
        </extensions>
      </trkpt>
      <trkpt lat="31.2198895029723644256591796875" lon="121.38731759972870349884033203125">
        <ele>14.3999996185302734375</ele>
        <time>2026-09-01T10:43:25.000Z</time>
        <extensions>
          <ns3:TrackPointExtension>
            <ns3:hr>158</ns3:hr>
            <ns3:cad>88</ns3:cad>
          </ns3:TrackPointExtension>
        </extensions>
      </trkpt>
      <trkpt lat="31.2198864854872226715087890625" lon="121.38729295693337917327880859375">
        <ele>14.3999996185302734375</ele>
        <time>2026-09-01T10:43:26.000Z</time>
        <extensions>
          <ns3:TrackPointExtension>
            <ns3:hr>158</ns3:hr>
            <ns3:cad>88</ns3:cad>
          </ns3:TrackPointExtension>
        </extensions>
      </trkpt>
      <trkpt lat="31.21988656930625438690185546875" lon="121.3872623629868030548095703125">
        <ele>14.3999996185302734375</ele>
        <time>2026-09-01T10:43:27.000Z</time>
        <extensions>
          <ns3:TrackPointExtension>
            <ns3:hr>157</ns3:hr>
            <ns3:cad>88</ns3:cad>
          </ns3:TrackPointExtension>
        </extensions>
      </trkpt>
      <trkpt lat="31.21988405473530292510986328125" lon="121.38723378069698810577392578125">
        <ele>14.3999996185302734375</ele>
        <time>2026-09-01T10:43:28.000Z</time>
        <extensions>
          <ns3:TrackPointExtension>
            <ns3:hr>157</ns3:hr>
            <ns3:cad>90</ns3:cad>
          </ns3:TrackPointExtension>
        </extensions>
      </trkpt>
      <trkpt lat="31.21988137252628803253173828125" lon="121.3872016780078411102294921875">
        <ele>14.3999996185302734375</ele>
        <time>2026-09-01T10:43:29.000Z</time>
        <extensions>
          <ns3:TrackPointExtension>
            <ns3:hr>157</ns3:hr>
            <ns3:cad>90</ns3:cad>
          </ns3:TrackPointExtension>
        </extensions>
      </trkpt>
      <trkpt lat="31.2198787741363048553466796875" lon="121.3871763646602630615234375">
        <ele>14.3999996185302734375</ele>
        <time>2026-09-01T10:43:30.000Z</time>
        <extensions>
          <ns3:TrackPointExtension>
            <ns3:hr>157</ns3:hr>
            <ns3:cad>88</ns3:cad>
          </ns3:TrackPointExtension>
        </extensions>
      </trkpt>
      <trkpt lat="31.21988120488822460174560546875" lon="121.38714325614273548126220703125">
        <ele>14.6000003814697265625</ele>
        <time>2026-09-01T10:43:31.000Z</time>
        <extensions>
          <ns3:TrackPointExtension>
            <ns3:hr>157</ns3:hr>
            <ns3:cad>88</ns3:cad>
          </ns3:TrackPointExtension>
        </extensions>
      </trkpt>
      <trkpt lat="31.219879277050495147705078125" lon="121.3871155120432376861572265625">
        <ele>14.6000003814697265625</ele>
        <time>2026-09-01T10:43:32.000Z</time>
        <extensions>
          <ns3:TrackPointExtension>
            <ns3:hr>157</ns3:hr>
            <ns3:cad>88</ns3:cad>
          </ns3:TrackPointExtension>
        </extensions>
      </trkpt>
      <trkpt lat="31.2198770977556705474853515625" lon="121.38708173297345638275146484375">
        <ele>14.6000003814697265625</ele>
        <time>2026-09-01T10:43:33.000Z</time>
        <extensions>
          <ns3:TrackPointExtension>
            <ns3:hr>156</ns3:hr>
            <ns3:cad>88</ns3:cad>
          </ns3:TrackPointExtension>
        </extensions>
      </trkpt>
      <trkpt lat="31.219877265393733978271484375" lon="121.3870558328926563262939453125">
        <ele>14.6000003814697265625</ele>
        <time>2026-09-01T10:43:34.000Z</time>
        <extensions>
          <ns3:TrackPointExtension>
            <ns3:hr>156</ns3:hr>
            <ns3:cad>90</ns3:cad>
          </ns3:TrackPointExtension>
        </extensions>
      </trkpt>
      <trkpt lat="31.21988070197403430938720703125" lon="121.387021131813526153564453125">
        <ele>14.3999996185302734375</ele>
        <time>2026-09-01T10:43:35.000Z</time>
        <extensions>
          <ns3:TrackPointExtension>
            <ns3:hr>156</ns3:hr>
            <ns3:cad>90</ns3:cad>
          </ns3:TrackPointExtension>
        </extensions>
      </trkpt>
      <trkpt lat="31.219882965087890625" lon="121.38699456118047237396240234375">
        <ele>14.3999996185302734375</ele>
        <time>2026-09-01T10:43:36.000Z</time>
        <extensions>
          <ns3:TrackPointExtension>
            <ns3:hr>156</ns3:hr>
            <ns3:cad>88</ns3:cad>
          </ns3:TrackPointExtension>
        </extensions>
      </trkpt>
      <trkpt lat="31.21988170780241489410400390625" lon="121.38696287758648395538330078125">
        <ele>14.19999980926513671875</ele>
        <time>2026-09-01T10:43:37.000Z</time>
        <extensions>
          <ns3:TrackPointExtension>
            <ns3:hr>156</ns3:hr>
            <ns3:cad>88</ns3:cad>
          </ns3:TrackPointExtension>
        </extensions>
      </trkpt>
      <trkpt lat="31.219882965087890625" lon="121.38693437911570072174072265625">
        <ele>14.19999980926513671875</ele>
        <time>2026-09-01T10:43:38.000Z</time>
        <extensions>
          <ns3:TrackPointExtension>
            <ns3:hr>156</ns3:hr>
            <ns3:cad>88</ns3:cad>
          </ns3:TrackPointExtension>
        </extensions>
      </trkpt>
      <trkpt lat="31.219879947602748870849609375" lon="121.386907137930393218994140625">
        <ele>14.19999980926513671875</ele>
        <time>2026-09-01T10:43:39.000Z</time>
        <extensions>
          <ns3:TrackPointExtension>
            <ns3:hr>156</ns3:hr>
            <ns3:cad>88</ns3:cad>
          </ns3:TrackPointExtension>
        </extensions>
      </trkpt>
      <trkpt lat="31.2198774330317974090576171875" lon="121.38688266277313232421875">
        <ele>14.19999980926513671875</ele>
        <time>2026-09-01T10:43:40.000Z</time>
        <extensions>
          <ns3:TrackPointExtension>
            <ns3:hr>156</ns3:hr>
            <ns3:cad>89</ns3:cad>
          </ns3:TrackPointExtension>
        </extensions>
      </trkpt>
      <trkpt lat="31.21987902559340000152587890625" lon="121.38685843907296657562255859375">
        <ele>14.19999980926513671875</ele>
        <time>2026-09-01T10:43:41.000Z</time>
        <extensions>
          <ns3:TrackPointExtension>
            <ns3:hr>156</ns3:hr>
            <ns3:cad>89</ns3:cad>
          </ns3:TrackPointExtension>
        </extensions>
      </trkpt>
      <trkpt lat="31.2198807857930660247802734375" lon="121.3868298567831516265869140625">
        <ele>14.19999980926513671875</ele>
        <time>2026-09-01T10:43:42.000Z</time>
        <extensions>
          <ns3:TrackPointExtension>
            <ns3:hr>156</ns3:hr>
            <ns3:cad>89</ns3:cad>
          </ns3:TrackPointExtension>
        </extensions>
      </trkpt>
      <trkpt lat="31.2198814563453197479248046875" lon="121.38680043630301952362060546875">
        <ele>14.3999996185302734375</ele>
        <time>2026-09-01T10:43:43.000Z</time>
        <extensions>
          <ns3:TrackPointExtension>
            <ns3:hr>156</ns3:hr>
            <ns3:cad>88</ns3:cad>
          </ns3:TrackPointExtension>
        </extensions>
      </trkpt>
      <trkpt lat="31.21988539583981037139892578125" lon="121.3867668248713016510009765625">
        <ele>14.3999996185302734375</ele>
        <time>2026-09-01T10:43:44.000Z</time>
        <extensions>
          <ns3:TrackPointExtension>
            <ns3:hr>156</ns3:hr>
            <ns3:cad>88</ns3:cad>
          </ns3:TrackPointExtension>
        </extensions>
      </trkpt>
      <trkpt lat="31.21988355182111263275146484375" lon="121.38673807494342327117919921875">
        <ele>14.19999980926513671875</ele>
        <time>2026-09-01T10:43:45.000Z</time>
        <extensions>
          <ns3:TrackPointExtension>
            <ns3:hr>156</ns3:hr>
            <ns3:cad>88</ns3:cad>
          </ns3:TrackPointExtension>
        </extensions>
      </trkpt>
      <trkpt lat="31.21988497674465179443359375" lon="121.38671309687197208404541015625">
        <ele>14.19999980926513671875</ele>
        <time>2026-09-01T10:43:46.000Z</time>
        <extensions>
          <ns3:TrackPointExtension>
            <ns3:hr>156</ns3:hr>
            <ns3:cad>89</ns3:cad>
          </ns3:TrackPointExtension>
        </extensions>
      </trkpt>
      <trkpt lat="31.21988371945917606353759765625" lon="121.38668845407664775848388671875">
        <ele>14.19999980926513671875</ele>
        <time>2026-09-01T10:43:47.000Z</time>
        <extensions>
          <ns3:TrackPointExtension>
            <ns3:hr>156</ns3:hr>
            <ns3:cad>89</ns3:cad>
          </ns3:TrackPointExtension>
        </extensions>
      </trkpt>
      <trkpt lat="31.21988229453563690185546875" lon="121.38665660284459590911865234375">
        <ele>14.19999980926513671875</ele>
        <time>2026-09-01T10:43:48.000Z</time>
        <extensions>
          <ns3:TrackPointExtension>
            <ns3:hr>156</ns3:hr>
            <ns3:cad>89</ns3:cad>
          </ns3:TrackPointExtension>
        </extensions>
      </trkpt>
      <trkpt lat="31.21988304890692234039306640625" lon="121.38662986457347869873046875">
        <ele>14.19999980926513671875</ele>
        <time>2026-09-01T10:43:49.000Z</time>
        <extensions>
          <ns3:TrackPointExtension>
            <ns3:hr>156</ns3:hr>
            <ns3:cad>88</ns3:cad>
          </ns3:TrackPointExtension>
        </extensions>
      </trkpt>
      <trkpt lat="31.21988522820174694061279296875" lon="121.38659901916980743408203125">
        <ele>14.19999980926513671875</ele>
        <time>2026-09-01T10:43:50.000Z</time>
        <extensions>
          <ns3:TrackPointExtension>
            <ns3:hr>155</ns3:hr>
            <ns3:cad>88</ns3:cad>
          </ns3:TrackPointExtension>
        </extensions>
      </trkpt>
      <trkpt lat="31.21988221071660518646240234375" lon="121.38657496310770511627197265625">
        <ele>14.19999980926513671875</ele>
        <time>2026-09-01T10:43:51.000Z</time>
        <extensions>
          <ns3:TrackPointExtension>
            <ns3:hr>156</ns3:hr>
            <ns3:cad>88</ns3:cad>
          </ns3:TrackPointExtension>
        </extensions>
      </trkpt>
      <trkpt lat="31.2198821268975734710693359375" lon="121.38654160313308238983154296875">
        <ele>14.19999980926513671875</ele>
        <time>2026-09-01T10:43:52.000Z</time>
        <extensions>
          <ns3:TrackPointExtension>
            <ns3:hr>155</ns3:hr>
            <ns3:cad>90</ns3:cad>
          </ns3:TrackPointExtension>
        </extensions>
      </trkpt>
      <trkpt lat="31.21987701393663883209228515625" lon="121.386518217623233795166015625">
        <ele>14.19999980926513671875</ele>
        <time>2026-09-01T10:43:53.000Z</time>
        <extensions>
          <ns3:TrackPointExtension>
            <ns3:hr>155</ns3:hr>
            <ns3:cad>90</ns3:cad>
          </ns3:TrackPointExtension>
        </extensions>
      </trkpt>
      <trkpt lat="31.21987818740308284759521484375" lon="121.386490054428577423095703125">
        <ele>14</ele>
        <time>2026-09-01T10:43:54.000Z</time>
        <extensions>
          <ns3:TrackPointExtension>
            <ns3:hr>155</ns3:hr>
            <ns3:cad>88</ns3:cad>
          </ns3:TrackPointExtension>
        </extensions>
      </trkpt>
      <trkpt lat="31.21987366117537021636962890625" lon="121.38646448962390422821044921875">
        <ele>14.19999980926513671875</ele>
        <time>2026-09-01T10:43:55.000Z</time>
        <extensions>
          <ns3:TrackPointExtension>
            <ns3:hr>155</ns3:hr>
            <ns3:cad>88</ns3:cad>
          </ns3:TrackPointExtension>
        </extensions>
      </trkpt>
      <trkpt lat="31.21986879967153072357177734375" lon="121.38643180020153522491455078125">
        <ele>14.19999980926513671875</ele>
        <time>2026-09-01T10:43:56.000Z</time>
        <extensions>
          <ns3:TrackPointExtension>
            <ns3:hr>155</ns3:hr>
            <ns3:cad>88</ns3:cad>
          </ns3:TrackPointExtension>
        </extensions>
      </trkpt>
      <trkpt lat="31.219864524900913238525390625" lon="121.3864060677587985992431640625">
        <ele>14.19999980926513671875</ele>
        <time>2026-09-01T10:43:57.000Z</time>
        <extensions>
          <ns3:TrackPointExtension>
            <ns3:hr>154</ns3:hr>
            <ns3:cad>89</ns3:cad>
          </ns3:TrackPointExtension>
        </extensions>
      </trkpt>
      <trkpt lat="31.21985605917870998382568359375" lon="121.38637564145028591156005859375">
        <ele>14.19999980926513671875</ele>
        <time>2026-09-01T10:43:58.000Z</time>
        <extensions>
          <ns3:TrackPointExtension>
            <ns3:hr>154</ns3:hr>
            <ns3:cad>90</ns3:cad>
          </ns3:TrackPointExtension>
        </extensions>
      </trkpt>
      <trkpt lat="31.21985287405550479888916015625" lon="121.38635200448334217071533203125">
        <ele>14.19999980926513671875</ele>
        <time>2026-09-01T10:43:59.000Z</time>
        <extensions>
          <ns3:TrackPointExtension>
            <ns3:hr>154</ns3:hr>
            <ns3:cad>90</ns3:cad>
          </ns3:TrackPointExtension>
        </extensions>
      </trkpt>
      <trkpt lat="31.219853796064853668212890625" lon="121.38631629757583141326904296875">
        <ele>14.19999980926513671875</ele>
        <time>2026-09-01T10:44:00.000Z</time>
        <extensions>
          <ns3:TrackPointExtension>
            <ns3:hr>155</ns3:hr>
            <ns3:cad>88</ns3:cad>
          </ns3:TrackPointExtension>
        </extensions>
      </trkpt>
      <trkpt lat="31.2198494374752044677734375" lon="121.38628729619085788726806640625">
        <ele>14</ele>
        <time>2026-09-01T10:44:01.000Z</time>
        <extensions>
          <ns3:TrackPointExtension>
            <ns3:hr>154</ns3:hr>
            <ns3:cad>88</ns3:cad>
          </ns3:TrackPointExtension>
        </extensions>
      </trkpt>
      <trkpt lat="31.21985371224582195281982421875" lon="121.38625225983560085296630859375">
        <ele>14.19999980926513671875</ele>
        <time>2026-09-01T10:44:02.000Z</time>
        <extensions>
          <ns3:TrackPointExtension>
            <ns3:hr>154</ns3:hr>
            <ns3:cad>87</ns3:cad>
          </ns3:TrackPointExtension>
        </extensions>
      </trkpt>
      <trkpt lat="31.2198553048074245452880859375" lon="121.38622753322124481201171875">
        <ele>14.19999980926513671875</ele>
        <time>2026-09-01T10:44:03.000Z</time>
        <extensions>
          <ns3:TrackPointExtension>
            <ns3:hr>154</ns3:hr>
            <ns3:cad>87</ns3:cad>
          </ns3:TrackPointExtension>
        </extensions>
      </trkpt>
      <trkpt lat="31.21985840611159801483154296875" lon="121.3861951790750026702880859375">
        <ele>14</ele>
        <time>2026-09-01T10:44:04.000Z</time>
        <extensions>
          <ns3:TrackPointExtension>
            <ns3:hr>153</ns3:hr>
            <ns3:cad>88</ns3:cad>
          </ns3:TrackPointExtension>
        </extensions>
      </trkpt>
      <trkpt lat="31.2198563106358051300048828125" lon="121.38617464341223239898681640625">
        <ele>14</ele>
        <time>2026-09-01T10:44:05.000Z</time>
        <extensions>
          <ns3:TrackPointExtension>
            <ns3:hr>153</ns3:hr>
            <ns3:cad>89</ns3:cad>
          </ns3:TrackPointExtension>
        </extensions>
      </trkpt>
      <trkpt lat="31.21986159123480319976806640625" lon="121.3861432112753391265869140625">
        <ele>14</ele>
        <time>2026-09-01T10:44:06.000Z</time>
        <extensions>
          <ns3:TrackPointExtension>
            <ns3:hr>153</ns3:hr>
            <ns3:cad>89</ns3:cad>
          </ns3:TrackPointExtension>
        </extensions>
      </trkpt>
      <trkpt lat="31.21985823847353458404541015625" lon="121.38611697591841220855712890625">
        <ele>14</ele>
        <time>2026-09-01T10:44:07.000Z</time>
        <extensions>
          <ns3:TrackPointExtension>
            <ns3:hr>153</ns3:hr>
            <ns3:cad>88</ns3:cad>
          </ns3:TrackPointExtension>
        </extensions>
      </trkpt>
      <trkpt lat="31.219852454960346221923828125" lon="121.38608931563794612884521484375">
        <ele>14</ele>
        <time>2026-09-01T10:44:08.000Z</time>
        <extensions>
          <ns3:TrackPointExtension>
            <ns3:hr>153</ns3:hr>
            <ns3:cad>88</ns3:cad>
          </ns3:TrackPointExtension>
        </extensions>
      </trkpt>
      <trkpt lat="31.2198507785797119140625" lon="121.386060900986194610595703125">
        <ele>14</ele>
        <time>2026-09-01T10:44:09.000Z</time>
        <extensions>
          <ns3:TrackPointExtension>
            <ns3:hr>153</ns3:hr>
            <ns3:cad>88</ns3:cad>
          </ns3:TrackPointExtension>
        </extensions>
      </trkpt>
      <trkpt lat="31.2198462523519992828369140625" lon="121.38603248633444309234619140625">
        <ele>14.19999980926513671875</ele>
        <time>2026-09-01T10:44:10.000Z</time>
        <extensions>
          <ns3:TrackPointExtension>
            <ns3:hr>153</ns3:hr>
            <ns3:cad>88</ns3:cad>
          </ns3:TrackPointExtension>
        </extensions>
      </trkpt>
      <trkpt lat="31.21984432451426982879638671875" lon="121.38600951991975307464599609375">
        <ele>14.19999980926513671875</ele>
        <time>2026-09-01T10:44:11.000Z</time>
        <extensions>
          <ns3:TrackPointExtension>
            <ns3:hr>153</ns3:hr>
            <ns3:cad>89</ns3:cad>
          </ns3:TrackPointExtension>
        </extensions>
      </trkpt>
      <trkpt lat="31.21984030120074748992919921875" lon="121.38598001562058925628662109375">
        <ele>14</ele>
        <time>2026-09-01T10:44:12.000Z</time>
        <extensions>
          <ns3:TrackPointExtension>
            <ns3:hr>153</ns3:hr>
            <ns3:cad>89</ns3:cad>
          </ns3:TrackPointExtension>
        </extensions>
      </trkpt>
      <trkpt lat="31.21984298340976238250732421875" lon="121.385953612625598907470703125">
        <ele>14</ele>
        <time>2026-09-01T10:44:13.000Z</time>
        <extensions>
          <ns3:TrackPointExtension>
            <ns3:hr>154</ns3:hr>
            <ns3:cad>89</ns3:cad>
          </ns3:TrackPointExtension>
        </extensions>
      </trkpt>
      <trkpt lat="31.2198412232100963592529296875" lon="121.3859264552593231201171875">
        <ele>14</ele>
        <time>2026-09-01T10:44:14.000Z</time>
        <extensions>
          <ns3:TrackPointExtension>
            <ns3:hr>153</ns3:hr>
            <ns3:cad>88</ns3:cad>
          </ns3:TrackPointExtension>
        </extensions>
      </trkpt>
      <trkpt lat="31.2198425643146038055419921875" lon="121.385895274579524993896484375">
        <ele>14</ele>
        <time>2026-09-01T10:44:15.000Z</time>
        <extensions>
          <ns3:TrackPointExtension>
            <ns3:hr>153</ns3:hr>
            <ns3:cad>88</ns3:cad>
          </ns3:TrackPointExtension>
        </extensions>
      </trkpt>
      <trkpt lat="31.21984030120074748992919921875" lon="121.38587155379354953765869140625">
        <ele>14</ele>
        <time>2026-09-01T10:44:16.000Z</time>
        <extensions>
          <ns3:TrackPointExtension>
            <ns3:hr>154</ns3:hr>
            <ns3:cad>88</ns3:cad>
          </ns3:TrackPointExtension>
        </extensions>
      </trkpt>
      <trkpt lat="31.21984449215233325958251953125" lon="121.3858394511044025421142578125">
        <ele>14.19999980926513671875</ele>
        <time>2026-09-01T10:44:17.000Z</time>
        <extensions>
          <ns3:TrackPointExtension>
            <ns3:hr>154</ns3:hr>
            <ns3:cad>89</ns3:cad>
          </ns3:TrackPointExtension>
        </extensions>
      </trkpt>
      <trkpt lat="31.219845078885555267333984375" lon="121.3858139701187610626220703125">
        <ele>14.19999980926513671875</ele>
        <time>2026-09-01T10:44:18.000Z</time>
        <extensions>
          <ns3:TrackPointExtension>
            <ns3:hr>154</ns3:hr>
            <ns3:cad>89</ns3:cad>
          </ns3:TrackPointExtension>
        </extensions>
      </trkpt>
      <trkpt lat="31.21985186822712421417236328125" lon="121.3857770897448062896728515625">
        <ele>14.19999980926513671875</ele>
        <time>2026-09-01T10:44:19.000Z</time>
        <extensions>
          <ns3:TrackPointExtension>
            <ns3:hr>154</ns3:hr>
            <ns3:cad>88</ns3:cad>
          </ns3:TrackPointExtension>
        </extensions>
      </trkpt>
      <trkpt lat="31.219847090542316436767578125" lon="121.3857549615204334259033203125">
        <ele>14.19999980926513671875</ele>
        <time>2026-09-01T10:44:20.000Z</time>
        <extensions>
          <ns3:TrackPointExtension>
            <ns3:hr>154</ns3:hr>
            <ns3:cad>88</ns3:cad>
          </ns3:TrackPointExtension>
        </extensions>
      </trkpt>
      <trkpt lat="31.2198485992848873138427734375" lon="121.38571799732744693756103515625">
        <ele>14</ele>
        <time>2026-09-01T10:44:21.000Z</time>
        <extensions>
          <ns3:TrackPointExtension>
            <ns3:hr>155</ns3:hr>
            <ns3:cad>87</ns3:cad>
          </ns3:TrackPointExtension>
        </extensions>
      </trkpt>
      <trkpt lat="31.21984608471393585205078125" lon="121.3856919296085834503173828125">
        <ele>14</ele>
        <time>2026-09-01T10:44:22.000Z</time>
        <extensions>
          <ns3:TrackPointExtension>
            <ns3:hr>155</ns3:hr>
            <ns3:cad>87</ns3:cad>
          </ns3:TrackPointExtension>
        </extensions>
      </trkpt>
      <trkpt lat="31.21984248049557209014892578125" lon="121.38565815053880214691162109375">
        <ele>14</ele>
        <time>2026-09-01T10:44:23.000Z</time>
        <extensions>
          <ns3:TrackPointExtension>
            <ns3:hr>155</ns3:hr>
            <ns3:cad>88</ns3:cad>
          </ns3:TrackPointExtension>
        </extensions>
      </trkpt>
      <trkpt lat="31.219833008944988250732421875" lon="121.3856352679431438446044921875">
        <ele>14</ele>
        <time>2026-09-01T10:44:24.000Z</time>
        <extensions>
          <ns3:TrackPointExtension>
            <ns3:hr>155</ns3:hr>
            <ns3:cad>88</ns3:cad>
          </ns3:TrackPointExtension>
        </extensions>
      </trkpt>
      <trkpt lat="31.21982253156602382659912109375" lon="121.385606266558170318603515625">
        <ele>14.19999980926513671875</ele>
        <time>2026-09-01T10:44:25.000Z</time>
        <extensions>
          <ns3:TrackPointExtension>
            <ns3:hr>155</ns3:hr>
            <ns3:cad>88</ns3:cad>
          </ns3:TrackPointExtension>
        </extensions>
      </trkpt>
      <trkpt lat="31.21981381438672542572021484375" lon="121.3855846412479877471923828125">
        <ele>14.19999980926513671875</ele>
        <time>2026-09-01T10:44:26.000Z</time>
        <extensions>
          <ns3:TrackPointExtension>
            <ns3:hr>156</ns3:hr>
            <ns3:cad>87</ns3:cad>
          </ns3:TrackPointExtension>
        </extensions>
      </trkpt>
      <trkpt lat="31.21980023570358753204345703125" lon="121.3855608366429805755615234375">
        <ele>14.19999980926513671875</ele>
        <time>2026-09-01T10:44:27.000Z</time>
        <extensions>
          <ns3:TrackPointExtension>
            <ns3:hr>156</ns3:hr>
            <ns3:cad>87</ns3:cad>
          </ns3:TrackPointExtension>
        </extensions>
      </trkpt>
      <trkpt lat="31.21978632174432277679443359375" lon="121.38553476892411708831787109375">
        <ele>14.19999980926513671875</ele>
        <time>2026-09-01T10:44:28.000Z</time>
        <extensions>
          <ns3:TrackPointExtension>
            <ns3:hr>156</ns3:hr>
            <ns3:cad>87</ns3:cad>
          </ns3:TrackPointExtension>
        </extensions>
      </trkpt>
      <trkpt lat="31.21977592818439006805419921875" lon="121.3855189271271228790283203125">
        <ele>14.19999980926513671875</ele>
        <time>2026-09-01T10:44:29.000Z</time>
        <extensions>
          <ns3:TrackPointExtension>
            <ns3:hr>156</ns3:hr>
            <ns3:cad>89</ns3:cad>
          </ns3:TrackPointExtension>
        </extensions>
      </trkpt>
      <trkpt lat="31.21975312940776348114013671875" lon="121.3854961283504962921142578125">
        <ele>14.19999980926513671875</ele>
        <time>2026-09-01T10:44:30.000Z</time>
        <extensions>
          <ns3:TrackPointExtension>
            <ns3:hr>156</ns3:hr>
            <ns3:cad>89</ns3:cad>
          </ns3:TrackPointExtension>
        </extensions>
      </trkpt>
      <trkpt lat="31.21973217464983463287353515625" lon="121.38548749499022960662841796875">
        <ele>14</ele>
        <time>2026-09-01T10:44:31.000Z</time>
        <extensions>
          <ns3:TrackPointExtension>
            <ns3:hr>156</ns3:hr>
            <ns3:cad>88</ns3:cad>
          </ns3:TrackPointExtension>
        </extensions>
      </trkpt>
      <trkpt lat="31.21970568783581256866455078125" lon="121.3854820467531681060791015625">
        <ele>13.80000019073486328125</ele>
        <time>2026-09-01T10:44:32.000Z</time>
        <extensions>
          <ns3:TrackPointExtension>
            <ns3:hr>156</ns3:hr>
            <ns3:cad>87</ns3:cad>
          </ns3:TrackPointExtension>
        </extensions>
      </trkpt>
      <trkpt lat="31.21968607418239116668701171875" lon="121.38548280112445354461669921875">
        <ele>13.80000019073486328125</ele>
        <time>2026-09-01T10:44:33.000Z</time>
        <extensions>
          <ns3:TrackPointExtension>
            <ns3:hr>156</ns3:hr>
            <ns3:cad>85</ns3:cad>
          </ns3:TrackPointExtension>
        </extensions>
      </trkpt>
      <trkpt lat="31.21965422295033931732177734375" lon="121.385484896600246429443359375">
        <ele>13.80000019073486328125</ele>
        <time>2026-09-01T10:44:34.000Z</time>
        <extensions>
          <ns3:TrackPointExtension>
            <ns3:hr>156</ns3:hr>
            <ns3:cad>85</ns3:cad>
          </ns3:TrackPointExtension>
        </extensions>
      </trkpt>
      <trkpt lat="31.21963083744049072265625" lon="121.3854847289621829986572265625">
        <ele>13.6000003814697265625</ele>
        <time>2026-09-01T10:44:35.000Z</time>
        <extensions>
          <ns3:TrackPointExtension>
            <ns3:hr>156</ns3:hr>
            <ns3:cad>85</ns3:cad>
          </ns3:TrackPointExtension>
        </extensions>
      </trkpt>
      <trkpt lat="31.219606697559356689453125" lon="121.385487578809261322021484375">
        <ele>13.6000003814697265625</ele>
        <time>2026-09-01T10:44:36.000Z</time>
        <extensions>
          <ns3:TrackPointExtension>
            <ns3:hr>157</ns3:hr>
            <ns3:cad>87</ns3:cad>
          </ns3:TrackPointExtension>
        </extensions>
      </trkpt>
      <trkpt lat="31.21958188712596893310546875" lon="121.38548783026635646820068359375">
        <ele>13.80000019073486328125</ele>
        <time>2026-09-01T10:44:37.000Z</time>
        <extensions>
          <ns3:TrackPointExtension>
            <ns3:hr>157</ns3:hr>
            <ns3:cad>88</ns3:cad>
          </ns3:TrackPointExtension>
        </extensions>
      </trkpt>
      <trkpt lat="31.21956269256770610809326171875" lon="121.385487578809261322021484375">
        <ele>13.80000019073486328125</ele>
        <time>2026-09-01T10:44:38.000Z</time>
        <extensions>
          <ns3:TrackPointExtension>
            <ns3:hr>157</ns3:hr>
            <ns3:cad>88</ns3:cad>
          </ns3:TrackPointExtension>
        </extensions>
      </trkpt>
      <trkpt lat="31.219537965953350067138671875" lon="121.38548665679991245269775390625">
        <ele>13.6000003814697265625</ele>
        <time>2026-09-01T10:44:39.000Z</time>
        <extensions>
          <ns3:TrackPointExtension>
            <ns3:hr>157</ns3:hr>
            <ns3:cad>87</ns3:cad>
          </ns3:TrackPointExtension>
        </extensions>
      </trkpt>
      <trkpt lat="31.21951927430927753448486328125" lon="121.38548883609473705291748046875">
        <ele>13.6000003814697265625</ele>
        <time>2026-09-01T10:44:40.000Z</time>
        <extensions>
          <ns3:TrackPointExtension>
            <ns3:hr>157</ns3:hr>
            <ns3:cad>87</ns3:cad>
          </ns3:TrackPointExtension>
        </extensions>
      </trkpt>
      <trkpt lat="31.219494044780731201171875" lon="121.3854877464473247528076171875">
        <ele>13.6000003814697265625</ele>
        <time>2026-09-01T10:44:41.000Z</time>
        <extensions>
          <ns3:TrackPointExtension>
            <ns3:hr>157</ns3:hr>
            <ns3:cad>87</ns3:cad>
          </ns3:TrackPointExtension>
        </extensions>
      </trkpt>
      <trkpt lat="31.21947233565151691436767578125" lon="121.3854864053428173065185546875">
        <ele>13.6000003814697265625</ele>
        <time>2026-09-01T10:44:42.000Z</time>
        <extensions>
          <ns3:TrackPointExtension>
            <ns3:hr>157</ns3:hr>
            <ns3:cad>89</ns3:cad>
          </ns3:TrackPointExtension>
        </extensions>
      </trkpt>
      <trkpt lat="31.219448111951351165771484375" lon="121.38548347167670726776123046875">
        <ele>13.6000003814697265625</ele>
        <time>2026-09-01T10:44:43.000Z</time>
        <extensions>
          <ns3:TrackPointExtension>
            <ns3:hr>156</ns3:hr>
            <ns3:cad>89</ns3:cad>
          </ns3:TrackPointExtension>
        </extensions>
      </trkpt>
      <trkpt lat="31.2194211222231388092041015625" lon="121.38548648916184902191162109375">
        <ele>13.80000019073486328125</ele>
        <time>2026-09-01T10:44:44.000Z</time>
        <extensions>
          <ns3:TrackPointExtension>
            <ns3:hr>156</ns3:hr>
            <ns3:cad>88</ns3:cad>
          </ns3:TrackPointExtension>
        </extensions>
      </trkpt>
      <trkpt lat="31.2193906120955944061279296875" lon="121.38548363931477069854736328125">
        <ele>13.80000019073486328125</ele>
        <time>2026-09-01T10:44:45.000Z</time>
        <extensions>
          <ns3:TrackPointExtension>
            <ns3:hr>156</ns3:hr>
            <ns3:cad>88</ns3:cad>
          </ns3:TrackPointExtension>
        </extensions>
      </trkpt>
      <trkpt lat="31.21936487965285778045654296875" lon="121.3854870758950710296630859375">
        <ele>13.80000019073486328125</ele>
        <time>2026-09-01T10:44:46.000Z</time>
        <extensions>
          <ns3:TrackPointExtension>
            <ns3:hr>156</ns3:hr>
            <ns3:cad>88</ns3:cad>
          </ns3:TrackPointExtension>
        </extensions>
      </trkpt>
      <trkpt lat="31.21933520771563053131103515625" lon="121.38548464514315128326416015625">
        <ele>13.80000019073486328125</ele>
        <time>2026-09-01T10:44:47.000Z</time>
        <extensions>
          <ns3:TrackPointExtension>
            <ns3:hr>156</ns3:hr>
            <ns3:cad>88</ns3:cad>
          </ns3:TrackPointExtension>
        </extensions>
      </trkpt>
      <trkpt lat="31.21931391768157482147216796875" lon="121.385485567152500152587890625">
        <ele>13.6000003814697265625</ele>
        <time>2026-09-01T10:44:48.000Z</time>
        <extensions>
          <ns3:TrackPointExtension>
            <ns3:hr>155</ns3:hr>
            <ns3:cad>89</ns3:cad>
          </ns3:TrackPointExtension>
        </extensions>
      </trkpt>
      <trkpt lat="31.2192900292575359344482421875" lon="121.3854817114770412445068359375">
        <ele>13.6000003814697265625</ele>
        <time>2026-09-01T10:44:49.000Z</time>
        <extensions>
          <ns3:TrackPointExtension>
            <ns3:hr>155</ns3:hr>
            <ns3:cad>89</ns3:cad>
          </ns3:TrackPointExtension>
        </extensions>
      </trkpt>
      <trkpt lat="31.21926681138575077056884765625" lon="121.3854853995144367218017578125">
        <ele>13.6000003814697265625</ele>
        <time>2026-09-01T10:44:50.000Z</time>
        <extensions>
          <ns3:TrackPointExtension>
            <ns3:hr>155</ns3:hr>
            <ns3:cad>88</ns3:cad>
          </ns3:TrackPointExtension>
        </extensions>
      </trkpt>
      <trkpt lat="31.219241581857204437255859375" lon="121.3854840584099292755126953125">
        <ele>13.6000003814697265625</ele>
        <time>2026-09-01T10:44:51.000Z</time>
        <extensions>
          <ns3:TrackPointExtension>
            <ns3:hr>155</ns3:hr>
            <ns3:cad>88</ns3:cad>
          </ns3:TrackPointExtension>
        </extensions>
      </trkpt>
      <trkpt lat="31.21921618469059467315673828125" lon="121.385480873286724090576171875">
        <ele>13.80000019073486328125</ele>
        <time>2026-09-01T10:44:52.000Z</time>
        <extensions>
          <ns3:TrackPointExtension>
            <ns3:hr>155</ns3:hr>
            <ns3:cad>87</ns3:cad>
          </ns3:TrackPointExtension>
        </extensions>
      </trkpt>
      <trkpt lat="31.21919305063784122467041015625" lon="121.38548095710575580596923828125">
        <ele>13.80000019073486328125</ele>
        <time>2026-09-01T10:44:53.000Z</time>
        <extensions>
          <ns3:TrackPointExtension>
            <ns3:hr>155</ns3:hr>
            <ns3:cad>87</ns3:cad>
          </ns3:TrackPointExtension>
        </extensions>
      </trkpt>
      <trkpt lat="31.2191693298518657684326171875" lon="121.3854796998202800750732421875">
        <ele>13.80000019073486328125</ele>
        <time>2026-09-01T10:44:54.000Z</time>
        <extensions>
          <ns3:TrackPointExtension>
            <ns3:hr>154</ns3:hr>
            <ns3:cad>89</ns3:cad>
          </ns3:TrackPointExtension>
        </extensions>
      </trkpt>
      <trkpt lat="31.21914627961814403533935546875" lon="121.3854763470590114593505859375">
        <ele>13.80000019073486328125</ele>
        <time>2026-09-01T10:44:55.000Z</time>
        <extensions>
          <ns3:TrackPointExtension>
            <ns3:hr>154</ns3:hr>
            <ns3:cad>89</ns3:cad>
          </ns3:TrackPointExtension>
        </extensions>
      </trkpt>
      <trkpt lat="31.2191252410411834716796875" lon="121.38547425158321857452392578125">
        <ele>13.80000019073486328125</ele>
        <time>2026-09-01T10:44:56.000Z</time>
        <extensions>
          <ns3:TrackPointExtension>
            <ns3:hr>154</ns3:hr>
            <ns3:cad>88</ns3:cad>
          </ns3:TrackPointExtension>
        </extensions>
      </trkpt>
      <trkpt lat="31.21909908950328826904296875" lon="121.38546469621360301971435546875">
        <ele>13.80000019073486328125</ele>
        <time>2026-09-01T10:44:57.000Z</time>
        <extensions>
          <ns3:TrackPointExtension>
            <ns3:hr>154</ns3:hr>
            <ns3:cad>88</ns3:cad>
          </ns3:TrackPointExtension>
        </extensions>
      </trkpt>
      <trkpt lat="31.219078637659549713134765625" lon="121.38545564375817775726318359375">
        <ele>13.80000019073486328125</ele>
        <time>2026-09-01T10:44:58.000Z</time>
        <extensions>
          <ns3:TrackPointExtension>
            <ns3:hr>155</ns3:hr>
            <ns3:cad>88</ns3:cad>
          </ns3:TrackPointExtension>
        </extensions>
      </trkpt>
      <trkpt lat="31.2190553359687328338623046875" lon="121.38544910587370395660400390625">
        <ele>13.80000019073486328125</ele>
        <time>2026-09-01T10:44:59.000Z</time>
        <extensions>
          <ns3:TrackPointExtension>
            <ns3:hr>154</ns3:hr>
            <ns3:cad>88</ns3:cad>
          </ns3:TrackPointExtension>
        </extensions>
      </trkpt>
      <trkpt lat="31.21903295628726482391357421875" lon="121.385436616837978363037109375">
        <ele>13.6000003814697265625</ele>
        <time>2026-09-01T10:45:00.000Z</time>
        <extensions>
          <ns3:TrackPointExtension>
            <ns3:hr>154</ns3:hr>
            <ns3:cad>88</ns3:cad>
          </ns3:TrackPointExtension>
        </extensions>
      </trkpt>
      <trkpt lat="31.21901233680546283721923828125" lon="121.38543083332479000091552734375">
        <ele>13.6000003814697265625</ele>
        <time>2026-09-01T10:45:01.000Z</time>
        <extensions>
          <ns3:TrackPointExtension>
            <ns3:hr>154</ns3:hr>
            <ns3:cad>89</ns3:cad>
          </ns3:TrackPointExtension>
        </extensions>
      </trkpt>
      <trkpt lat="31.2189855985343456268310546875" lon="121.385425888001918792724609375">
        <ele>13.6000003814697265625</ele>
        <time>2026-09-01T10:45:02.000Z</time>
        <extensions>
          <ns3:TrackPointExtension>
            <ns3:hr>154</ns3:hr>
            <ns3:cad>89</ns3:cad>
          </ns3:TrackPointExtension>
        </extensions>
      </trkpt>
      <trkpt lat="31.21896187774837017059326171875" lon="121.38541792519390583038330078125">
        <ele>13.6000003814697265625</ele>
        <time>2026-09-01T10:45:03.000Z</time>
        <extensions>
          <ns3:TrackPointExtension>
            <ns3:hr>153</ns3:hr>
            <ns3:cad>88</ns3:cad>
          </ns3:TrackPointExtension>
        </extensions>
      </trkpt>
      <trkpt lat="31.21893740259110927581787109375" lon="121.38540736399590969085693359375">
        <ele>13.6000003814697265625</ele>
        <time>2026-09-01T10:45:04.000Z</time>
        <extensions>
          <ns3:TrackPointExtension>
            <ns3:hr>153</ns3:hr>
            <ns3:cad>88</ns3:cad>
          </ns3:TrackPointExtension>
        </extensions>
      </trkpt>
      <trkpt lat="31.21891393326222896575927734375" lon="121.38540275394916534423828125">
        <ele>13.80000019073486328125</ele>
        <time>2026-09-01T10:45:05.000Z</time>
        <extensions>
          <ns3:TrackPointExtension>
            <ns3:hr>153</ns3:hr>
            <ns3:cad>88</ns3:cad>
          </ns3:TrackPointExtension>
        </extensions>
      </trkpt>
      <trkpt lat="31.2188887037336826324462890625" lon="121.385392360389232635498046875">
        <ele>13.80000019073486328125</ele>
        <time>2026-09-01T10:45:06.000Z</time>
        <extensions>
          <ns3:TrackPointExtension>
            <ns3:hr>153</ns3:hr>
            <ns3:cad>88</ns3:cad>
          </ns3:TrackPointExtension>
        </extensions>
      </trkpt>
      <trkpt lat="31.2188638933002948760986328125" lon="121.385388337075710296630859375">
        <ele>14</ele>
        <time>2026-09-01T10:45:07.000Z</time>
        <extensions>
          <ns3:TrackPointExtension>
            <ns3:hr>152</ns3:hr>
            <ns3:cad>89</ns3:cad>
          </ns3:TrackPointExtension>
        </extensions>
      </trkpt>
      <trkpt lat="31.21883883140981197357177734375" lon="121.38537718914449214935302734375">
        <ele>14</ele>
        <time>2026-09-01T10:45:08.000Z</time>
        <extensions>
          <ns3:TrackPointExtension>
            <ns3:hr>153</ns3:hr>
            <ns3:cad>89</ns3:cad>
          </ns3:TrackPointExtension>
        </extensions>
      </trkpt>
      <trkpt lat="31.21881485916674137115478515625" lon="121.38537333346903324127197265625">
        <ele>13.80000019073486328125</ele>
        <time>2026-09-01T10:45:09.000Z</time>
        <extensions>
          <ns3:TrackPointExtension>
            <ns3:hr>152</ns3:hr>
            <ns3:cad>89</ns3:cad>
          </ns3:TrackPointExtension>
        </extensions>
      </trkpt>
      <trkpt lat="31.2187901325523853302001953125" lon="121.38536293990910053253173828125">
        <ele>13.80000019073486328125</ele>
        <time>2026-09-01T10:45:10.000Z</time>
        <extensions>
          <ns3:TrackPointExtension>
            <ns3:hr>152</ns3:hr>
            <ns3:cad>89</ns3:cad>
          </ns3:TrackPointExtension>
        </extensions>
      </trkpt>
      <trkpt lat="31.21877093799412250518798828125" lon="121.3853553123772144317626953125">
        <ele>13.6000003814697265625</ele>
        <time>2026-09-01T10:45:11.000Z</time>
        <extensions>
          <ns3:TrackPointExtension>
            <ns3:hr>152</ns3:hr>
            <ns3:cad>89</ns3:cad>
          </ns3:TrackPointExtension>
        </extensions>
      </trkpt>
      <trkpt lat="31.218745373189449310302734375" lon="121.3853390514850616455078125">
        <ele>13.6000003814697265625</ele>
        <time>2026-09-01T10:45:12.000Z</time>
        <extensions>
          <ns3:TrackPointExtension>
            <ns3:hr>152</ns3:hr>
            <ns3:cad>88</ns3:cad>
          </ns3:TrackPointExtension>
        </extensions>
      </trkpt>
      <trkpt lat="31.218725256621837615966796875" lon="121.38532773591578006744384765625">
        <ele>13.6000003814697265625</ele>
        <time>2026-09-01T10:45:13.000Z</time>
        <extensions>
          <ns3:TrackPointExtension>
            <ns3:hr>151</ns3:hr>
            <ns3:cad>88</ns3:cad>
          </ns3:TrackPointExtension>
        </extensions>
      </trkpt>
      <trkpt lat="31.21869918890297412872314453125" lon="121.38530979864299297332763671875">
        <ele>13.6000003814697265625</ele>
        <time>2026-09-01T10:45:14.000Z</time>
        <extensions>
          <ns3:TrackPointExtension>
            <ns3:hr>151</ns3:hr>
            <ns3:cad>89</ns3:cad>
          </ns3:TrackPointExtension>
        </extensions>
      </trkpt>
      <trkpt lat="31.2186798267066478729248046875" lon="121.3853030093014240264892578125">
        <ele>13.3999996185302734375</ele>
        <time>2026-09-01T10:45:15.000Z</time>
        <extensions>
          <ns3:TrackPointExtension>
            <ns3:hr>151</ns3:hr>
            <ns3:cad>89</ns3:cad>
          </ns3:TrackPointExtension>
        </extensions>
      </trkpt>
      <trkpt lat="31.21865426190197467803955078125" lon="121.38528834097087383270263671875">
        <ele>13.3999996185302734375</ele>
        <time>2026-09-01T10:45:16.000Z</time>
        <extensions>
          <ns3:TrackPointExtension>
            <ns3:hr>152</ns3:hr>
            <ns3:cad>88</ns3:cad>
          </ns3:TrackPointExtension>
        </extensions>
      </trkpt>
      <trkpt lat="31.2186325527727603912353515625" lon="121.3852745108306407928466796875">
        <ele>13.3999996185302734375</ele>
        <time>2026-09-01T10:45:17.000Z</time>
        <extensions>
          <ns3:TrackPointExtension>
            <ns3:hr>151</ns3:hr>
            <ns3:cad>87</ns3:cad>
          </ns3:TrackPointExtension>
        </extensions>
      </trkpt>
      <trkpt lat="31.218608580529689788818359375" lon="121.3852580823004245758056640625">
        <ele>13.3999996185302734375</ele>
        <time>2026-09-01T10:45:18.000Z</time>
        <extensions>
          <ns3:TrackPointExtension>
            <ns3:hr>151</ns3:hr>
            <ns3:cad>87</ns3:cad>
          </ns3:TrackPointExtension>
        </extensions>
      </trkpt>
      <trkpt lat="31.2185889668762683868408203125" lon="121.385236792266368865966796875">
        <ele>13.3999996185302734375</ele>
        <time>2026-09-01T10:45:19.000Z</time>
        <extensions>
          <ns3:TrackPointExtension>
            <ns3:hr>152</ns3:hr>
            <ns3:cad>87</ns3:cad>
          </ns3:TrackPointExtension>
        </extensions>
      </trkpt>
      <trkpt lat="31.21856306679546833038330078125" lon="121.38521768152713775634765625">
        <ele>13.6000003814697265625</ele>
        <time>2026-09-01T10:45:20.000Z</time>
        <extensions>
          <ns3:TrackPointExtension>
            <ns3:hr>151</ns3:hr>
            <ns3:cad>89</ns3:cad>
          </ns3:TrackPointExtension>
        </extensions>
      </trkpt>
      <trkpt lat="31.21854647062718868255615234375" lon="121.38520284555852413177490234375">
        <ele>13.6000003814697265625</ele>
        <time>2026-09-01T10:45:21.000Z</time>
        <extensions>
          <ns3:TrackPointExtension>
            <ns3:hr>151</ns3:hr>
            <ns3:cad>89</ns3:cad>
          </ns3:TrackPointExtension>
        </extensions>
      </trkpt>
      <trkpt lat="31.2185192294418811798095703125" lon="121.38518507592380046844482421875">
        <ele>13.6000003814697265625</ele>
        <time>2026-09-01T10:45:22.000Z</time>
        <extensions>
          <ns3:TrackPointExtension>
            <ns3:hr>152</ns3:hr>
            <ns3:cad>89</ns3:cad>
          </ns3:TrackPointExtension>
        </extensions>
      </trkpt>
      <trkpt lat="31.21849559247493743896484375" lon="121.3851719163358211517333984375">
        <ele>13.6000003814697265625</ele>
        <time>2026-09-01T10:45:23.000Z</time>
        <extensions>
          <ns3:TrackPointExtension>
            <ns3:hr>152</ns3:hr>
            <ns3:cad>88</ns3:cad>
          </ns3:TrackPointExtension>
        </extensions>
      </trkpt>
      <trkpt lat="31.2184689380228519439697265625" lon="121.3851568289101123809814453125">
        <ele>13.6000003814697265625</ele>
        <time>2026-09-01T10:45:24.000Z</time>
        <extensions>
          <ns3:TrackPointExtension>
            <ns3:hr>152</ns3:hr>
            <ns3:cad>88</ns3:cad>
          </ns3:TrackPointExtension>
        </extensions>
      </trkpt>
      <trkpt lat="31.21844756416976451873779296875" lon="121.38514283113181591033935546875">
        <ele>13.6000003814697265625</ele>
        <time>2026-09-01T10:45:25.000Z</time>
        <extensions>
          <ns3:TrackPointExtension>
            <ns3:hr>152</ns3:hr>
            <ns3:cad>88</ns3:cad>
          </ns3:TrackPointExtension>
        </extensions>
      </trkpt>
      <trkpt lat="31.2184223346412181854248046875" lon="121.38512942008674144744873046875">
        <ele>13.6000003814697265625</ele>
        <time>2026-09-01T10:45:26.000Z</time>
        <extensions>
          <ns3:TrackPointExtension>
            <ns3:hr>151</ns3:hr>
            <ns3:cad>89</ns3:cad>
          </ns3:TrackPointExtension>
        </extensions>
      </trkpt>
      <trkpt lat="31.2184002064168453216552734375" lon="121.3851189427077770233154296875">
        <ele>13.6000003814697265625</ele>
        <time>2026-09-01T10:45:27.000Z</time>
        <extensions>
          <ns3:TrackPointExtension>
            <ns3:hr>152</ns3:hr>
            <ns3:cad>90</ns3:cad>
          </ns3:TrackPointExtension>
        </extensions>
      </trkpt>
      <trkpt lat="31.21837564744055271148681640625" lon="121.38510645367205142974853515625">
        <ele>13.3999996185302734375</ele>
        <time>2026-09-01T10:45:28.000Z</time>
        <extensions>
          <ns3:TrackPointExtension>
            <ns3:hr>152</ns3:hr>
            <ns3:cad>90</ns3:cad>
          </ns3:TrackPointExtension>
        </extensions>
      </trkpt>
      <trkpt lat="31.21835418976843357086181640625" lon="121.38509488664567470550537109375">
        <ele>13.3999996185302734375</ele>
        <time>2026-09-01T10:45:29.000Z</time>
        <extensions>
          <ns3:TrackPointExtension>
            <ns3:hr>152</ns3:hr>
            <ns3:cad>88</ns3:cad>
          </ns3:TrackPointExtension>
        </extensions>
      </trkpt>
      <trkpt lat="31.21833323501050472259521484375" lon="121.38508114032447338104248046875">
        <ele>13.3999996185302734375</ele>
        <time>2026-09-01T10:45:30.000Z</time>
        <extensions>
          <ns3:TrackPointExtension>
            <ns3:hr>153</ns3:hr>
            <ns3:cad>88</ns3:cad>
          </ns3:TrackPointExtension>
        </extensions>
      </trkpt>
      <trkpt lat="31.21831127442419528961181640625" lon="121.38506538234651088714599609375">
        <ele>13.19999980926513671875</ele>
        <time>2026-09-01T10:45:31.000Z</time>
        <extensions>
          <ns3:TrackPointExtension>
            <ns3:hr>153</ns3:hr>
            <ns3:cad>88</ns3:cad>
          </ns3:TrackPointExtension>
        </extensions>
      </trkpt>
      <trkpt lat="31.21829048730432987213134765625" lon="121.3850559107959270477294921875">
        <ele>13.19999980926513671875</ele>
        <time>2026-09-01T10:45:32.000Z</time>
        <extensions>
          <ns3:TrackPointExtension>
            <ns3:hr>153</ns3:hr>
            <ns3:cad>88</ns3:cad>
          </ns3:TrackPointExtension>
        </extensions>
      </trkpt>
      <trkpt lat="31.21826617978513240814208984375" lon="121.385047025978565216064453125">
        <ele>13.19999980926513671875</ele>
        <time>2026-09-01T10:45:33.000Z</time>
        <extensions>
          <ns3:TrackPointExtension>
            <ns3:hr>153</ns3:hr>
            <ns3:cad>90</ns3:cad>
          </ns3:TrackPointExtension>
        </extensions>
      </trkpt>
      <trkpt lat="31.21824522502720355987548828125" lon="121.3850354589521884918212890625">
        <ele>13.3999996185302734375</ele>
        <time>2026-09-01T10:45:34.000Z</time>
        <extensions>
          <ns3:TrackPointExtension>
            <ns3:hr>154</ns3:hr>
            <ns3:cad>90</ns3:cad>
          </ns3:TrackPointExtension>
        </extensions>
      </trkpt>
      <trkpt lat="31.218225024640560150146484375" lon="121.38501727022230625152587890625">
        <ele>13.3999996185302734375</ele>
        <time>2026-09-01T10:45:35.000Z</time>
        <extensions>
          <ns3:TrackPointExtension>
            <ns3:hr>154</ns3:hr>
            <ns3:cad>88</ns3:cad>
          </ns3:TrackPointExtension>
        </extensions>
      </trkpt>
      <trkpt lat="31.21820633299648761749267578125" lon="121.38500855304300785064697265625">
        <ele>13.3999996185302734375</ele>
        <time>2026-09-01T10:45:36.000Z</time>
        <extensions>
          <ns3:TrackPointExtension>
            <ns3:hr>154</ns3:hr>
            <ns3:cad>88</ns3:cad>
          </ns3:TrackPointExtension>
        </extensions>
      </trkpt>
      <trkpt lat="31.21818772517144680023193359375" lon="121.38498994521796703338623046875">
        <ele>13.3999996185302734375</ele>
        <time>2026-09-01T10:45:37.000Z</time>
        <extensions>
          <ns3:TrackPointExtension>
            <ns3:hr>154</ns3:hr>
            <ns3:cad>88</ns3:cad>
          </ns3:TrackPointExtension>
        </extensions>
      </trkpt>
      <trkpt lat="31.21817129664123058319091796875" lon="121.38498139567673206329345703125">
        <ele>13.3999996185302734375</ele>
        <time>2026-09-01T10:45:38.000Z</time>
        <extensions>
          <ns3:TrackPointExtension>
            <ns3:hr>154</ns3:hr>
            <ns3:cad>89</ns3:cad>
          </ns3:TrackPointExtension>
        </extensions>
      </trkpt>
      <trkpt lat="31.2181507609784603118896484375" lon="121.38497100211679935455322265625">
        <ele>13.3999996185302734375</ele>
        <time>2026-09-01T10:45:39.000Z</time>
        <extensions>
          <ns3:TrackPointExtension>
            <ns3:hr>155</ns3:hr>
            <ns3:cad>89</ns3:cad>
          </ns3:TrackPointExtension>
        </extensions>
      </trkpt>
      <trkpt lat="31.218137182295322418212890625" lon="121.384957171976566314697265625">
        <ele>13.6000003814697265625</ele>
        <time>2026-09-01T10:45:40.000Z</time>
        <extensions>
          <ns3:TrackPointExtension>
            <ns3:hr>155</ns3:hr>
            <ns3:cad>89</ns3:cad>
          </ns3:TrackPointExtension>
        </extensions>
      </trkpt>
      <trkpt lat="31.21811262331902980804443359375" lon="121.38493915088474750518798828125">
        <ele>13.6000003814697265625</ele>
        <time>2026-09-01T10:45:41.000Z</time>
        <extensions>
          <ns3:TrackPointExtension>
            <ns3:hr>155</ns3:hr>
            <ns3:cad>88</ns3:cad>
          </ns3:TrackPointExtension>
        </extensions>
      </trkpt>
      <trkpt lat="31.218094266951084136962890625" lon="121.38492858968675136566162109375">
        <ele>13.3999996185302734375</ele>
        <time>2026-09-01T10:45:42.000Z</time>
        <extensions>
          <ns3:TrackPointExtension>
            <ns3:hr>155</ns3:hr>
            <ns3:cad>88</ns3:cad>
          </ns3:TrackPointExtension>
        </extensions>
      </trkpt>
      <trkpt lat="31.21806719340384006500244140625" lon="121.384908892214298248291015625">
        <ele>13.6000003814697265625</ele>
        <time>2026-09-01T10:45:43.000Z</time>
        <extensions>
          <ns3:TrackPointExtension>
            <ns3:hr>154</ns3:hr>
            <ns3:cad>88</ns3:cad>
          </ns3:TrackPointExtension>
        </extensions>
      </trkpt>
      <trkpt lat="31.218045316636562347412109375" lon="121.38489673845469951629638671875">
        <ele>13.3999996185302734375</ele>
        <time>2026-09-01T10:45:44.000Z</time>
        <extensions>
          <ns3:TrackPointExtension>
            <ns3:hr>155</ns3:hr>
            <ns3:cad>88</ns3:cad>
          </ns3:TrackPointExtension>
        </extensions>
      </trkpt>
      <trkpt lat="31.2180143035948276519775390625" lon="121.38488165102899074554443359375">
        <ele>13.3999996185302734375</ele>
        <time>2026-09-01T10:45:45.000Z</time>
        <extensions>
          <ns3:TrackPointExtension>
            <ns3:hr>155</ns3:hr>
            <ns3:cad>88</ns3:cad>
          </ns3:TrackPointExtension>
        </extensions>
      </trkpt>
      <trkpt lat="31.2179951928555965423583984375" lon="121.38487393967807292938232421875">
        <ele>13.19999980926513671875</ele>
        <time>2026-09-01T10:45:46.000Z</time>
        <extensions>
          <ns3:TrackPointExtension>
            <ns3:hr>155</ns3:hr>
            <ns3:cad>88</ns3:cad>
          </ns3:TrackPointExtension>
        </extensions>
      </trkpt>
      <trkpt lat="31.21796786785125732421875" lon="121.3848594389855861663818359375">
        <ele>13.19999980926513671875</ele>
        <time>2026-09-01T10:45:47.000Z</time>
        <extensions>
          <ns3:TrackPointExtension>
            <ns3:hr>154</ns3:hr>
            <ns3:cad>88</ns3:cad>
          </ns3:TrackPointExtension>
        </extensions>
      </trkpt>
      <trkpt lat="31.21794984675943851470947265625" lon="121.38485315255820751190185546875">
        <ele>13.19999980926513671875</ele>
        <time>2026-09-01T10:45:48.000Z</time>
        <extensions>
          <ns3:TrackPointExtension>
            <ns3:hr>155</ns3:hr>
            <ns3:cad>88</ns3:cad>
          </ns3:TrackPointExtension>
        </extensions>
      </trkpt>
      <trkpt lat="31.217923276126384735107421875" lon="121.384843848645687103271484375">
        <ele>13.19999980926513671875</ele>
        <time>2026-09-01T10:45:49.000Z</time>
        <extensions>
          <ns3:TrackPointExtension>
            <ns3:hr>155</ns3:hr>
            <ns3:cad>88</ns3:cad>
          </ns3:TrackPointExtension>
        </extensions>
      </trkpt>
      <trkpt lat="31.21790173463523387908935546875" lon="121.384835802018642425537109375">
        <ele>13.3999996185302734375</ele>
        <time>2026-09-01T10:45:50.000Z</time>
        <extensions>
          <ns3:TrackPointExtension>
            <ns3:hr>156</ns3:hr>
            <ns3:cad>88</ns3:cad>
          </ns3:TrackPointExtension>
        </extensions>
      </trkpt>
      <trkpt lat="31.21787223033607006072998046875" lon="121.38482431881129741668701171875">
        <ele>13.3999996185302734375</ele>
        <time>2026-09-01T10:45:51.000Z</time>
        <extensions>
          <ns3:TrackPointExtension>
            <ns3:hr>156</ns3:hr>
            <ns3:cad>90</ns3:cad>
          </ns3:TrackPointExtension>
        </extensions>
      </trkpt>
      <trkpt lat="31.217851527035236358642578125" lon="121.38481493107974529266357421875">
        <ele>13.3999996185302734375</ele>
        <time>2026-09-01T10:45:52.000Z</time>
        <extensions>
          <ns3:TrackPointExtension>
            <ns3:hr>156</ns3:hr>
            <ns3:cad>90</ns3:cad>
          </ns3:TrackPointExtension>
        </extensions>
      </trkpt>
      <trkpt lat="31.21782545931637287139892578125" lon="121.38479565270245075225830078125">
        <ele>13.3999996185302734375</ele>
        <time>2026-09-01T10:45:53.000Z</time>
        <extensions>
          <ns3:TrackPointExtension>
            <ns3:hr>156</ns3:hr>
            <ns3:cad>90</ns3:cad>
          </ns3:TrackPointExtension>
        </extensions>
      </trkpt>
      <trkpt lat="31.2178060971200466156005859375" lon="121.38478274457156658172607421875">
        <ele>13.3999996185302734375</ele>
        <time>2026-09-01T10:45:54.000Z</time>
        <extensions>
          <ns3:TrackPointExtension>
            <ns3:hr>156</ns3:hr>
            <ns3:cad>88</ns3:cad>
          </ns3:TrackPointExtension>
        </extensions>
      </trkpt>
      <trkpt lat="31.21777885593473911285400390625" lon="121.38476363383233547210693359375">
        <ele>13.19999980926513671875</ele>
        <time>2026-09-01T10:45:55.000Z</time>
        <extensions>
          <ns3:TrackPointExtension>
            <ns3:hr>156</ns3:hr>
            <ns3:cad>88</ns3:cad>
          </ns3:TrackPointExtension>
        </extensions>
      </trkpt>
      <trkpt lat="31.217756979167461395263671875" lon="121.3847491331398487091064453125">
        <ele>13.3999996185302734375</ele>
        <time>2026-09-01T10:45:56.000Z</time>
        <extensions>
          <ns3:TrackPointExtension>
            <ns3:hr>156</ns3:hr>
            <ns3:cad>88</ns3:cad>
          </ns3:TrackPointExtension>
        </extensions>
      </trkpt>
      <trkpt lat="31.21773208491504192352294921875" lon="121.384735889732837677001953125">
        <ele>13.3999996185302734375</ele>
        <time>2026-09-01T10:45:57.000Z</time>
        <extensions>
          <ns3:TrackPointExtension>
            <ns3:hr>156</ns3:hr>
            <ns3:cad>89</ns3:cad>
          </ns3:TrackPointExtension>
        </extensions>
      </trkpt>
      <trkpt lat="31.2177035026252269744873046875" lon="121.38472507707774639129638671875">
        <ele>13.3999996185302734375</ele>
        <time>2026-09-01T10:45:58.000Z</time>
        <extensions>
          <ns3:TrackPointExtension>
            <ns3:hr>156</ns3:hr>
            <ns3:cad>89</ns3:cad>
          </ns3:TrackPointExtension>
        </extensions>
      </trkpt>
      <trkpt lat="31.21768011711537837982177734375" lon="121.38471652753651142120361328125">
        <ele>13.3999996185302734375</ele>
        <time>2026-09-01T10:45:59.000Z</time>
        <extensions>
          <ns3:TrackPointExtension>
            <ns3:hr>156</ns3:hr>
            <ns3:cad>89</ns3:cad>
          </ns3:TrackPointExtension>
        </extensions>
      </trkpt>
      <trkpt lat="31.2176525406539440155029296875" lon="121.3847075589001178741455078125">
        <ele>13.3999996185302734375</ele>
        <time>2026-09-01T10:46:00.000Z</time>
        <extensions>
          <ns3:TrackPointExtension>
            <ns3:hr>156</ns3:hr>
            <ns3:cad>88</ns3:cad>
          </ns3:TrackPointExtension>
        </extensions>
      </trkpt>
      <trkpt lat="31.21763016097247600555419921875" lon="121.3846980035305023193359375">
        <ele>13.19999980926513671875</ele>
        <time>2026-09-01T10:46:01.000Z</time>
        <extensions>
          <ns3:TrackPointExtension>
            <ns3:hr>156</ns3:hr>
            <ns3:cad>88</ns3:cad>
          </ns3:TrackPointExtension>
        </extensions>
      </trkpt>
      <trkpt lat="31.21760149486362934112548828125" lon="121.38468266464769840240478515625">
        <ele>13.19999980926513671875</ele>
        <time>2026-09-01T10:46:02.000Z</time>
        <extensions>
          <ns3:TrackPointExtension>
            <ns3:hr>156</ns3:hr>
            <ns3:cad>87</ns3:cad>
          </ns3:TrackPointExtension>
        </extensions>
      </trkpt>
      <trkpt lat="31.217578947544097900390625" lon="121.384675540030002593994140625">
        <ele>13.19999980926513671875</ele>
        <time>2026-09-01T10:46:03.000Z</time>
        <extensions>
          <ns3:TrackPointExtension>
            <ns3:hr>156</ns3:hr>
            <ns3:cad>87</ns3:cad>
          </ns3:TrackPointExtension>
        </extensions>
      </trkpt>
      <trkpt lat="31.217555142939090728759765625" lon="121.384664475917816162109375">
        <ele>13.19999980926513671875</ele>
        <time>2026-09-01T10:46:04.000Z</time>
        <extensions>
          <ns3:TrackPointExtension>
            <ns3:hr>156</ns3:hr>
            <ns3:cad>89</ns3:cad>
          </ns3:TrackPointExtension>
        </extensions>
      </trkpt>
      <trkpt lat="31.21753259561955928802490234375" lon="121.38465802185237407684326171875">
        <ele>13.19999980926513671875</ele>
        <time>2026-09-01T10:46:05.000Z</time>
        <extensions>
          <ns3:TrackPointExtension>
            <ns3:hr>157</ns3:hr>
            <ns3:cad>89</ns3:cad>
          </ns3:TrackPointExtension>
        </extensions>
      </trkpt>
      <trkpt lat="31.217507533729076385498046875" lon="121.3846468739211559295654296875">
        <ele>13.19999980926513671875</ele>
        <time>2026-09-01T10:46:06.000Z</time>
        <extensions>
          <ns3:TrackPointExtension>
            <ns3:hr>156</ns3:hr>
            <ns3:cad>89</ns3:cad>
          </ns3:TrackPointExtension>
        </extensions>
      </trkpt>
      <trkpt lat="31.2174865789711475372314453125" lon="121.38464234769344329833984375">
        <ele>13.19999980926513671875</ele>
        <time>2026-09-01T10:46:07.000Z</time>
        <extensions>
          <ns3:TrackPointExtension>
            <ns3:hr>156</ns3:hr>
            <ns3:cad>88</ns3:cad>
          </ns3:TrackPointExtension>
        </extensions>
      </trkpt>
      <trkpt lat="31.21746000833809375762939453125" lon="121.38463337905704975128173828125">
        <ele>13.19999980926513671875</ele>
        <time>2026-09-01T10:46:08.000Z</time>
        <extensions>
          <ns3:TrackPointExtension>
            <ns3:hr>156</ns3:hr>
            <ns3:cad>88</ns3:cad>
          </ns3:TrackPointExtension>
        </extensions>
      </trkpt>
      <trkpt lat="31.217433772981166839599609375" lon="121.3846294395625591278076171875">
        <ele>13.19999980926513671875</ele>
        <time>2026-09-01T10:46:09.000Z</time>
        <extensions>
          <ns3:TrackPointExtension>
            <ns3:hr>157</ns3:hr>
            <ns3:cad>88</ns3:cad>
          </ns3:TrackPointExtension>
        </extensions>
      </trkpt>
      <trkpt lat="31.2174030952155590057373046875" lon="121.3846203871071338653564453125">
        <ele>13.19999980926513671875</ele>
        <time>2026-09-01T10:46:10.000Z</time>
        <extensions>
          <ns3:TrackPointExtension>
            <ns3:hr>157</ns3:hr>
            <ns3:cad>89</ns3:cad>
          </ns3:TrackPointExtension>
        </extensions>
      </trkpt>
      <trkpt lat="31.21738038025796413421630859375" lon="121.3846180401742458343505859375">
        <ele>13</ele>
        <time>2026-09-01T10:46:11.000Z</time>
        <extensions>
          <ns3:TrackPointExtension>
            <ns3:hr>157</ns3:hr>
            <ns3:cad>89</ns3:cad>
          </ns3:TrackPointExtension>
        </extensions>
      </trkpt>
      <trkpt lat="31.21735087595880031585693359375" lon="121.3846063055098056793212890625">
        <ele>13</ele>
        <time>2026-09-01T10:46:12.000Z</time>
        <extensions>
          <ns3:TrackPointExtension>
            <ns3:hr>157</ns3:hr>
            <ns3:cad>88</ns3:cad>
          </ns3:TrackPointExtension>
        </extensions>
      </trkpt>
      <trkpt lat="31.21732824482023715972900390625" lon="121.38459918089210987091064453125">
        <ele>13</ele>
        <time>2026-09-01T10:46:13.000Z</time>
        <extensions>
          <ns3:TrackPointExtension>
            <ns3:hr>157</ns3:hr>
            <ns3:cad>88</ns3:cad>
          </ns3:TrackPointExtension>
        </extensions>
      </trkpt>
      <trkpt lat="31.2173065356910228729248046875" lon="121.38459331355988979339599609375">
        <ele>13</ele>
        <time>2026-09-01T10:46:14.000Z</time>
        <extensions>
          <ns3:TrackPointExtension>
            <ns3:hr>157</ns3:hr>
            <ns3:cad>88</ns3:cad>
          </ns3:TrackPointExtension>
        </extensions>
      </trkpt>
      <trkpt lat="31.21728667058050632476806640625" lon="121.38458375819027423858642578125">
        <ele>13</ele>
        <time>2026-09-01T10:46:15.000Z</time>
        <extensions>
          <ns3:TrackPointExtension>
            <ns3:hr>157</ns3:hr>
            <ns3:cad>88</ns3:cad>
          </ns3:TrackPointExtension>
        </extensions>
      </trkpt>
      <trkpt lat="31.217264123260974884033203125" lon="121.3845771364867687225341796875">
        <ele>13</ele>
        <time>2026-09-01T10:46:16.000Z</time>
        <extensions>
          <ns3:TrackPointExtension>
            <ns3:hr>157</ns3:hr>
            <ns3:cad>89</ns3:cad>
          </ns3:TrackPointExtension>
        </extensions>
      </trkpt>
      <trkpt lat="31.21724341996014118194580078125" lon="121.38457135297358036041259765625">
        <ele>13</ele>
        <time>2026-09-01T10:46:17.000Z</time>
        <extensions>
          <ns3:TrackPointExtension>
            <ns3:hr>158</ns3:hr>
            <ns3:cad>89</ns3:cad>
          </ns3:TrackPointExtension>
        </extensions>
      </trkpt>
      <trkpt lat="31.21721592731773853302001953125" lon="121.38456732966005802154541015625">
        <ele>13</ele>
        <time>2026-09-01T10:46:18.000Z</time>
        <extensions>
          <ns3:TrackPointExtension>
            <ns3:hr>157</ns3:hr>
            <ns3:cad>89</ns3:cad>
          </ns3:TrackPointExtension>
        </extensions>
      </trkpt>
      <trkpt lat="31.21719229035079479217529296875" lon="121.38456783257424831390380859375">
        <ele>13</ele>
        <time>2026-09-01T10:46:19.000Z</time>
        <extensions>
          <ns3:TrackPointExtension>
            <ns3:hr>157</ns3:hr>
            <ns3:cad>88</ns3:cad>
          </ns3:TrackPointExtension>
        </extensions>
      </trkpt>
      <trkpt lat="31.21716898865997791290283203125" lon="121.384565569460391998291015625">
        <ele>13</ele>
        <time>2026-09-01T10:46:20.000Z</time>
        <extensions>
          <ns3:TrackPointExtension>
            <ns3:hr>157</ns3:hr>
            <ns3:cad>88</ns3:cad>
          </ns3:TrackPointExtension>
        </extensions>
      </trkpt>
      <trkpt lat="31.2171429209411144256591796875" lon="121.384562551975250244140625">
        <ele>13.19999980926513671875</ele>
        <time>2026-09-01T10:46:21.000Z</time>
        <extensions>
          <ns3:TrackPointExtension>
            <ns3:hr>157</ns3:hr>
            <ns3:cad>88</ns3:cad>
          </ns3:TrackPointExtension>
        </extensions>
      </trkpt>
      <trkpt lat="31.21711718849837779998779296875" lon="121.3845570199191570281982421875">
        <ele>13</ele>
        <time>2026-09-01T10:46:22.000Z</time>
        <extensions>
          <ns3:TrackPointExtension>
            <ns3:hr>156</ns3:hr>
            <ns3:cad>88</ns3:cad>
          </ns3:TrackPointExtension>
        </extensions>
      </trkpt>
      <trkpt lat="31.217090785503387451171875" lon="121.38455450534820556640625">
        <ele>13</ele>
        <time>2026-09-01T10:46:23.000Z</time>
        <extensions>
          <ns3:TrackPointExtension>
            <ns3:hr>156</ns3:hr>
            <ns3:cad>90</ns3:cad>
          </ns3:TrackPointExtension>
        </extensions>
      </trkpt>
      <trkpt lat="31.21706664562225341796875" lon="121.38455358333885669708251953125">
        <ele>13</ele>
        <time>2026-09-01T10:46:24.000Z</time>
        <extensions>
          <ns3:TrackPointExtension>
            <ns3:hr>156</ns3:hr>
            <ns3:cad>90</ns3:cad>
          </ns3:TrackPointExtension>
        </extensions>
      </trkpt>
      <trkpt lat="31.21703370474278926849365234375" lon="121.3845466263592243194580078125">
        <ele>13</ele>
        <time>2026-09-01T10:46:25.000Z</time>
        <extensions>
          <ns3:TrackPointExtension>
            <ns3:hr>156</ns3:hr>
            <ns3:cad>88</ns3:cad>
          </ns3:TrackPointExtension>
        </extensions>
      </trkpt>
      <trkpt lat="31.21700872667133808135986328125" lon="121.38454587198793888092041015625">
        <ele>13</ele>
        <time>2026-09-01T10:46:26.000Z</time>
        <extensions>
          <ns3:TrackPointExtension>
            <ns3:hr>156</ns3:hr>
            <ns3:cad>88</ns3:cad>
          </ns3:TrackPointExtension>
        </extensions>
      </trkpt>
      <trkpt lat="31.21698022820055484771728515625" lon="121.38454218395054340362548828125">
        <ele>13</ele>
        <time>2026-09-01T10:46:27.000Z</time>
        <extensions>
          <ns3:TrackPointExtension>
            <ns3:hr>157</ns3:hr>
            <ns3:cad>88</ns3:cad>
          </ns3:TrackPointExtension>
        </extensions>
      </trkpt>
      <trkpt lat="31.21695256792008876800537109375" lon="121.384534053504467010498046875">
        <ele>13.19999980926513671875</ele>
        <time>2026-09-01T10:46:28.000Z</time>
        <extensions>
          <ns3:TrackPointExtension>
            <ns3:hr>157</ns3:hr>
            <ns3:cad>90</ns3:cad>
          </ns3:TrackPointExtension>
        </extensions>
      </trkpt>
      <trkpt lat="31.216920800507068634033203125" lon="121.3845281861722469329833984375">
        <ele>13.19999980926513671875</ele>
        <time>2026-09-01T10:46:29.000Z</time>
        <extensions>
          <ns3:TrackPointExtension>
            <ns3:hr>157</ns3:hr>
            <ns3:cad>90</ns3:cad>
          </ns3:TrackPointExtension>
        </extensions>
      </trkpt>
      <trkpt lat="31.21689858846366405487060546875" lon="121.38452726416289806365966796875">
        <ele>13.19999980926513671875</ele>
        <time>2026-09-01T10:46:30.000Z</time>
        <extensions>
          <ns3:TrackPointExtension>
            <ns3:hr>157</ns3:hr>
            <ns3:cad>89</ns3:cad>
          </ns3:TrackPointExtension>
        </extensions>
      </trkpt>
      <trkpt lat="31.21687352657318115234375" lon="121.38451904989778995513916015625">
        <ele>13.19999980926513671875</ele>
        <time>2026-09-01T10:46:31.000Z</time>
        <extensions>
          <ns3:TrackPointExtension>
            <ns3:hr>157</ns3:hr>
            <ns3:cad>88</ns3:cad>
          </ns3:TrackPointExtension>
        </extensions>
      </trkpt>
      <trkpt lat="31.216853745281696319580078125" lon="121.38451251201331615447998046875">
        <ele>13.19999980926513671875</ele>
        <time>2026-09-01T10:46:32.000Z</time>
        <extensions>
          <ns3:TrackPointExtension>
            <ns3:hr>156</ns3:hr>
            <ns3:cad>88</ns3:cad>
          </ns3:TrackPointExtension>
        </extensions>
      </trkpt>
      <trkpt lat="31.21683253906667232513427734375" lon="121.38450689613819122314453125">
        <ele>13.19999980926513671875</ele>
        <time>2026-09-01T10:46:33.000Z</time>
        <extensions>
          <ns3:TrackPointExtension>
            <ns3:hr>157</ns3:hr>
            <ns3:cad>88</ns3:cad>
          </ns3:TrackPointExtension>
        </extensions>
      </trkpt>
      <trkpt lat="31.21681074611842632293701171875" lon="121.3845030404627323150634765625">
        <ele>13.19999980926513671875</ele>
        <time>2026-09-01T10:46:34.000Z</time>
        <extensions>
          <ns3:TrackPointExtension>
            <ns3:hr>157</ns3:hr>
            <ns3:cad>90</ns3:cad>
          </ns3:TrackPointExtension>
        </extensions>
      </trkpt>
      <trkpt lat="31.21678627096116542816162109375" lon="121.3844986818730831146240234375">
        <ele>13.19999980926513671875</ele>
        <time>2026-09-01T10:46:35.000Z</time>
        <extensions>
          <ns3:TrackPointExtension>
            <ns3:hr>157</ns3:hr>
            <ns3:cad>90</ns3:cad>
          </ns3:TrackPointExtension>
        </extensions>
      </trkpt>
      <trkpt lat="31.2167675793170928955078125" lon="121.384494490921497344970703125">
        <ele>13.19999980926513671875</ele>
        <time>2026-09-01T10:46:36.000Z</time>
        <extensions>
          <ns3:TrackPointExtension>
            <ns3:hr>157</ns3:hr>
            <ns3:cad>88</ns3:cad>
          </ns3:TrackPointExtension>
        </extensions>
      </trkpt>
      <trkpt lat="31.21674553491175174713134765625" lon="121.38448837213218212127685546875">
        <ele>13.19999980926513671875</ele>
        <time>2026-09-01T10:46:37.000Z</time>
        <extensions>
          <ns3:TrackPointExtension>
            <ns3:hr>157</ns3:hr>
            <ns3:cad>88</ns3:cad>
          </ns3:TrackPointExtension>
        </extensions>
      </trkpt>
      <trkpt lat="31.21672960929572582244873046875" lon="121.38448401354253292083740234375">
        <ele>13.19999980926513671875</ele>
        <time>2026-09-01T10:46:38.000Z</time>
        <extensions>
          <ns3:TrackPointExtension>
            <ns3:hr>157</ns3:hr>
            <ns3:cad>88</ns3:cad>
          </ns3:TrackPointExtension>
        </extensions>
      </trkpt>
      <trkpt lat="31.216701529920101165771484375" lon="121.38447060249745845794677734375">
        <ele>13.19999980926513671875</ele>
        <time>2026-09-01T10:46:39.000Z</time>
        <extensions>
          <ns3:TrackPointExtension>
            <ns3:hr>157</ns3:hr>
            <ns3:cad>88</ns3:cad>
          </ns3:TrackPointExtension>
        </extensions>
      </trkpt>
      <trkpt lat="31.2166844308376312255859375" lon="121.38447043485939502716064453125">
        <ele>13.19999980926513671875</ele>
        <time>2026-09-01T10:46:40.000Z</time>
        <extensions>
          <ns3:TrackPointExtension>
            <ns3:hr>157</ns3:hr>
            <ns3:cad>89</ns3:cad>
          </ns3:TrackPointExtension>
        </extensions>
      </trkpt>
      <trkpt lat="31.21665752492845058441162109375" lon="121.3844671659171581268310546875">
        <ele>13.19999980926513671875</ele>
        <time>2026-09-01T10:46:41.000Z</time>
        <extensions>
          <ns3:TrackPointExtension>
            <ns3:hr>156</ns3:hr>
            <ns3:cad>89</ns3:cad>
          </ns3:TrackPointExtension>
        </extensions>
      </trkpt>
      <trkpt lat="31.2166379950940608978271484375" lon="121.38446708209812641143798828125">
        <ele>13.19999980926513671875</ele>
        <time>2026-09-01T10:46:42.000Z</time>
        <extensions>
          <ns3:TrackPointExtension>
            <ns3:hr>156</ns3:hr>
            <ns3:cad>89</ns3:cad>
          </ns3:TrackPointExtension>
        </extensions>
      </trkpt>
      <trkpt lat="31.216615028679370880126953125" lon="121.38446020893752574920654296875">
        <ele>13.19999980926513671875</ele>
        <time>2026-09-01T10:46:43.000Z</time>
        <extensions>
          <ns3:TrackPointExtension>
            <ns3:hr>157</ns3:hr>
            <ns3:cad>88</ns3:cad>
          </ns3:TrackPointExtension>
        </extensions>
      </trkpt>
      <trkpt lat="31.2165917269885540008544921875" lon="121.3844611309468746185302734375">
        <ele>13.3999996185302734375</ele>
        <time>2026-09-01T10:46:44.000Z</time>
        <extensions>
          <ns3:TrackPointExtension>
            <ns3:hr>157</ns3:hr>
            <ns3:cad>87</ns3:cad>
          </ns3:TrackPointExtension>
        </extensions>
      </trkpt>
      <trkpt lat="31.2165679223835468292236328125" lon="121.38446959666907787322998046875">
        <ele>13.3999996185302734375</ele>
        <time>2026-09-01T10:46:45.000Z</time>
        <extensions>
          <ns3:TrackPointExtension>
            <ns3:hr>157</ns3:hr>
            <ns3:cad>87</ns3:cad>
          </ns3:TrackPointExtension>
        </extensions>
      </trkpt>
      <trkpt lat="31.216541267931461334228515625" lon="121.38447797857224941253662109375">
        <ele>13.3999996185302734375</ele>
        <time>2026-09-01T10:46:46.000Z</time>
        <extensions>
          <ns3:TrackPointExtension>
            <ns3:hr>156</ns3:hr>
            <ns3:cad>88</ns3:cad>
          </ns3:TrackPointExtension>
        </extensions>
      </trkpt>
      <trkpt lat="31.21653112582862377166748046875" lon="121.384493820369243621826171875">
        <ele>13.3999996185302734375</ele>
        <time>2026-09-01T10:46:47.000Z</time>
        <extensions>
          <ns3:TrackPointExtension>
            <ns3:hr>156</ns3:hr>
            <ns3:cad>88</ns3:cad>
          </ns3:TrackPointExtension>
        </extensions>
      </trkpt>
      <trkpt lat="31.2165132723748683929443359375" lon="121.384521983563899993896484375">
        <ele>13.19999980926513671875</ele>
        <time>2026-09-01T10:46:48.000Z</time>
        <extensions>
          <ns3:TrackPointExtension>
            <ns3:hr>156</ns3:hr>
            <ns3:cad>88</ns3:cad>
          </ns3:TrackPointExtension>
        </extensions>
      </trkpt>
      <trkpt lat="31.21650212444365024566650390625" lon="121.38454218395054340362548828125">
        <ele>13.19999980926513671875</ele>
        <time>2026-09-01T10:46:49.000Z</time>
        <extensions>
          <ns3:TrackPointExtension>
            <ns3:hr>157</ns3:hr>
            <ns3:cad>88</ns3:cad>
          </ns3:TrackPointExtension>
        </extensions>
      </trkpt>
      <trkpt lat="31.216485612094402313232421875" lon="121.384565569460391998291015625">
        <ele>13.19999980926513671875</ele>
        <time>2026-09-01T10:46:50.000Z</time>
        <extensions>
          <ns3:TrackPointExtension>
            <ns3:hr>157</ns3:hr>
            <ns3:cad>87</ns3:cad>
          </ns3:TrackPointExtension>
        </extensions>
      </trkpt>
      <trkpt lat="31.21647446416318416595458984375" lon="121.38459046371281147003173828125">
        <ele>13.19999980926513671875</ele>
        <time>2026-09-01T10:46:51.000Z</time>
        <extensions>
          <ns3:TrackPointExtension>
            <ns3:hr>156</ns3:hr>
            <ns3:cad>86</ns3:cad>
          </ns3:TrackPointExtension>
        </extensions>
      </trkpt>
      <trkpt lat="31.216468513011932373046875" lon="121.38461443595588207244873046875">
        <ele>13.3999996185302734375</ele>
        <time>2026-09-01T10:46:52.000Z</time>
        <extensions>
          <ns3:TrackPointExtension>
            <ns3:hr>156</ns3:hr>
            <ns3:cad>86</ns3:cad>
          </ns3:TrackPointExtension>
        </extensions>
      </trkpt>
      <trkpt lat="31.21646323241293430328369140625" lon="121.38464142568409442901611328125">
        <ele>13.3999996185302734375</ele>
        <time>2026-09-01T10:46:53.000Z</time>
        <extensions>
          <ns3:TrackPointExtension>
            <ns3:hr>156</ns3:hr>
            <ns3:cad>86</ns3:cad>
          </ns3:TrackPointExtension>
        </extensions>
      </trkpt>
      <trkpt lat="31.21645770035684108734130859375" lon="121.38467185199260711669921875">
        <ele>13.3999996185302734375</ele>
        <time>2026-09-01T10:46:54.000Z</time>
        <extensions>
          <ns3:TrackPointExtension>
            <ns3:hr>156</ns3:hr>
            <ns3:cad>86</ns3:cad>
          </ns3:TrackPointExtension>
        </extensions>
      </trkpt>
      <trkpt lat="31.21644998900592327117919921875" lon="121.384697668254375457763671875">
        <ele>13.3999996185302734375</ele>
        <time>2026-09-01T10:46:55.000Z</time>
        <extensions>
          <ns3:TrackPointExtension>
            <ns3:hr>157</ns3:hr>
            <ns3:cad>86</ns3:cad>
          </ns3:TrackPointExtension>
        </extensions>
      </trkpt>
      <trkpt lat="31.21644328348338603973388671875" lon="121.38472524471580982208251953125">
        <ele>13.3999996185302734375</ele>
        <time>2026-09-01T10:46:56.000Z</time>
        <extensions>
          <ns3:TrackPointExtension>
            <ns3:hr>156</ns3:hr>
            <ns3:cad>86</ns3:cad>
          </ns3:TrackPointExtension>
        </extensions>
      </trkpt>
      <trkpt lat="31.21643875725567340850830078125" lon="121.3847601972520351409912109375">
        <ele>13.3999996185302734375</ele>
        <time>2026-09-01T10:46:57.000Z</time>
        <extensions>
          <ns3:TrackPointExtension>
            <ns3:hr>157</ns3:hr>
            <ns3:cad>87</ns3:cad>
          </ns3:TrackPointExtension>
        </extensions>
      </trkpt>
      <trkpt lat="31.21644261293113231658935546875" lon="121.384794227778911590576171875">
        <ele>13.3999996185302734375</ele>
        <time>2026-09-01T10:46:58.000Z</time>
        <extensions>
          <ns3:TrackPointExtension>
            <ns3:hr>157</ns3:hr>
            <ns3:cad>87</ns3:cad>
          </ns3:TrackPointExtension>
        </extensions>
      </trkpt>
      <trkpt lat="31.21643624268472194671630859375" lon="121.384827755391597747802734375">
        <ele>13.3999996185302734375</ele>
        <time>2026-09-01T10:46:59.000Z</time>
        <extensions>
          <ns3:TrackPointExtension>
            <ns3:hr>157</ns3:hr>
            <ns3:cad>89</ns3:cad>
          </ns3:TrackPointExtension>
        </extensions>
      </trkpt>
      <trkpt lat="31.21643154881894588470458984375" lon="121.38485214672982692718505859375">
        <ele>13.3999996185302734375</ele>
        <time>2026-09-01T10:47:00.000Z</time>
        <extensions>
          <ns3:TrackPointExtension>
            <ns3:hr>157</ns3:hr>
            <ns3:cad>89</ns3:cad>
          </ns3:TrackPointExtension>
        </extensions>
      </trkpt>
      <trkpt lat="31.21641931124031543731689453125" lon="121.38488240540027618408203125">
        <ele>13.3999996185302734375</ele>
        <time>2026-09-01T10:47:01.000Z</time>
        <extensions>
          <ns3:TrackPointExtension>
            <ns3:hr>157</ns3:hr>
            <ns3:cad>89</ns3:cad>
          </ns3:TrackPointExtension>
        </extensions>
      </trkpt>
      <trkpt lat="31.21641294099390506744384765625" lon="121.384909562766551971435546875">
        <ele>13.19999980926513671875</ele>
        <time>2026-09-01T10:47:02.000Z</time>
        <extensions>
          <ns3:TrackPointExtension>
            <ns3:hr>158</ns3:hr>
            <ns3:cad>88</ns3:cad>
          </ns3:TrackPointExtension>
        </extensions>
      </trkpt>
      <trkpt lat="31.21640590019524097442626953125" lon="121.38494267128407955169677734375">
        <ele>13.19999980926513671875</ele>
        <time>2026-09-01T10:47:03.000Z</time>
        <extensions>
          <ns3:TrackPointExtension>
            <ns3:hr>158</ns3:hr>
            <ns3:cad>87</ns3:cad>
          </ns3:TrackPointExtension>
        </extensions>
      </trkpt>
      <trkpt lat="31.21640154160559177398681640625" lon="121.38496614061295986175537109375">
        <ele>13.19999980926513671875</ele>
        <time>2026-09-01T10:47:04.000Z</time>
        <extensions>
          <ns3:TrackPointExtension>
            <ns3:hr>158</ns3:hr>
            <ns3:cad>86</ns3:cad>
          </ns3:TrackPointExtension>
        </extensions>
      </trkpt>
      <trkpt lat="31.21639072895050048828125" lon="121.38499832712113857269287109375">
        <ele>13.19999980926513671875</ele>
        <time>2026-09-01T10:47:05.000Z</time>
        <extensions>
          <ns3:TrackPointExtension>
            <ns3:hr>157</ns3:hr>
            <ns3:cad>86</ns3:cad>
          </ns3:TrackPointExtension>
        </extensions>
      </trkpt>
      <trkpt lat="31.216383688151836395263671875" lon="121.38502732850611209869384765625">
        <ele>13.19999980926513671875</ele>
        <time>2026-09-01T10:47:06.000Z</time>
        <extensions>
          <ns3:TrackPointExtension>
            <ns3:hr>157</ns3:hr>
            <ns3:cad>87</ns3:cad>
          </ns3:TrackPointExtension>
        </extensions>
      </trkpt>
      <trkpt lat="31.2163751386106014251708984375" lon="121.38505834154784679412841796875">
        <ele>13.19999980926513671875</ele>
        <time>2026-09-01T10:47:07.000Z</time>
        <extensions>
          <ns3:TrackPointExtension>
            <ns3:hr>157</ns3:hr>
            <ns3:cad>87</ns3:cad>
          </ns3:TrackPointExtension>
        </extensions>
      </trkpt>
      <trkpt lat="31.21637086383998394012451171875" lon="121.38508767820894718170166015625">
        <ele>13.19999980926513671875</ele>
        <time>2026-09-01T10:47:08.000Z</time>
        <extensions>
          <ns3:TrackPointExtension>
            <ns3:hr>157</ns3:hr>
            <ns3:cad>87</ns3:cad>
          </ns3:TrackPointExtension>
        </extensions>
      </trkpt>
      <trkpt lat="31.21636382304131984710693359375" lon="121.3851209543645381927490234375">
        <ele>13.19999980926513671875</ele>
        <time>2026-09-01T10:47:09.000Z</time>
        <extensions>
          <ns3:TrackPointExtension>
            <ns3:hr>157</ns3:hr>
            <ns3:cad>87</ns3:cad>
          </ns3:TrackPointExtension>
        </extensions>
      </trkpt>
      <trkpt lat="31.216359548270702362060546875" lon="121.3851486146450042724609375">
        <ele>13.19999980926513671875</ele>
        <time>2026-09-01T10:47:10.000Z</time>
        <extensions>
          <ns3:TrackPointExtension>
            <ns3:hr>157</ns3:hr>
            <ns3:cad>88</ns3:cad>
          </ns3:TrackPointExtension>
        </extensions>
      </trkpt>
      <trkpt lat="31.21635275892913341522216796875" lon="121.38517652638256549835205078125">
        <ele>13.19999980926513671875</ele>
        <time>2026-09-01T10:47:11.000Z</time>
        <extensions>
          <ns3:TrackPointExtension>
            <ns3:hr>156</ns3:hr>
            <ns3:cad>88</ns3:cad>
          </ns3:TrackPointExtension>
        </extensions>
      </trkpt>
      <trkpt lat="31.2163496576249599456787109375" lon="121.3852030970156192779541015625">
        <ele>13.19999980926513671875</ele>
        <time>2026-09-01T10:47:12.000Z</time>
        <extensions>
          <ns3:TrackPointExtension>
            <ns3:hr>156</ns3:hr>
            <ns3:cad>90</ns3:cad>
          </ns3:TrackPointExtension>
        </extensions>
      </trkpt>
      <trkpt lat="31.216341443359851837158203125" lon="121.38522765599191188812255859375">
        <ele>13.19999980926513671875</ele>
        <time>2026-09-01T10:47:13.000Z</time>
        <extensions>
          <ns3:TrackPointExtension>
            <ns3:hr>156</ns3:hr>
            <ns3:cad>90</ns3:cad>
          </ns3:TrackPointExtension>
        </extensions>
      </trkpt>
      <trkpt lat="31.216336078941822052001953125" lon="121.38525380752980709075927734375">
        <ele>13.19999980926513671875</ele>
        <time>2026-09-01T10:47:14.000Z</time>
        <extensions>
          <ns3:TrackPointExtension>
            <ns3:hr>156</ns3:hr>
            <ns3:cad>89</ns3:cad>
          </ns3:TrackPointExtension>
        </extensions>
      </trkpt>
      <trkpt lat="31.216329373419284820556640625" lon="121.38529068790376186370849609375">
        <ele>13</ele>
        <time>2026-09-01T10:47:15.000Z</time>
        <extensions>
          <ns3:TrackPointExtension>
            <ns3:hr>156</ns3:hr>
            <ns3:cad>89</ns3:cad>
          </ns3:TrackPointExtension>
        </extensions>
      </trkpt>
      <trkpt lat="31.2163255177438259124755859375" lon="121.38532161712646484375">
        <ele>13</ele>
        <time>2026-09-01T10:47:16.000Z</time>
        <extensions>
          <ns3:TrackPointExtension>
            <ns3:hr>156</ns3:hr>
            <ns3:cad>89</ns3:cad>
          </ns3:TrackPointExtension>
        </extensions>
      </trkpt>
      <trkpt lat="31.21632325462996959686279296875" lon="121.3853516243398189544677734375">
        <ele>13</ele>
        <time>2026-09-01T10:47:17.000Z</time>
        <extensions>
          <ns3:TrackPointExtension>
            <ns3:hr>156</ns3:hr>
            <ns3:cad>89</ns3:cad>
          </ns3:TrackPointExtension>
        </extensions>
      </trkpt>
      <trkpt lat="31.216318309307098388671875" lon="121.38538188301026821136474609375">
        <ele>13</ele>
        <time>2026-09-01T10:47:18.000Z</time>
        <extensions>
          <ns3:TrackPointExtension>
            <ns3:hr>156</ns3:hr>
            <ns3:cad>90</ns3:cad>
          </ns3:TrackPointExtension>
        </extensions>
      </trkpt>
      <trkpt lat="31.21631302870810031890869140625" lon="121.38541256077587604522705078125">
        <ele>13</ele>
        <time>2026-09-01T10:47:19.000Z</time>
        <extensions>
          <ns3:TrackPointExtension>
            <ns3:hr>156</ns3:hr>
            <ns3:cad>90</ns3:cad>
          </ns3:TrackPointExtension>
        </extensions>
      </trkpt>
      <trkpt lat="31.216307915747165679931640625" lon="121.38544164597988128662109375">
        <ele>13.19999980926513671875</ele>
        <time>2026-09-01T10:47:20.000Z</time>
        <extensions>
          <ns3:TrackPointExtension>
            <ns3:hr>155</ns3:hr>
            <ns3:cad>89</ns3:cad>
          </ns3:TrackPointExtension>
        </extensions>
      </trkpt>
      <trkpt lat="31.216305904090404510498046875" lon="121.3854731619358062744140625">
        <ele>13.19999980926513671875</ele>
        <time>2026-09-01T10:47:21.000Z</time>
        <extensions>
          <ns3:TrackPointExtension>
            <ns3:hr>155</ns3:hr>
            <ns3:cad>89</ns3:cad>
          </ns3:TrackPointExtension>
        </extensions>
      </trkpt>
      <trkpt lat="31.21630548499524593353271484375" lon="121.38550207950174808502197265625">
        <ele>13.19999980926513671875</ele>
        <time>2026-09-01T10:47:22.000Z</time>
        <extensions>
          <ns3:TrackPointExtension>
            <ns3:hr>155</ns3:hr>
            <ns3:cad>89</ns3:cad>
          </ns3:TrackPointExtension>
        </extensions>
      </trkpt>
      <trkpt lat="31.2163064070045948028564453125" lon="121.38553594239056110382080078125">
        <ele>13</ele>
        <time>2026-09-01T10:47:23.000Z</time>
        <extensions>
          <ns3:TrackPointExtension>
            <ns3:hr>155</ns3:hr>
            <ns3:cad>89</ns3:cad>
          </ns3:TrackPointExtension>
        </extensions>
      </trkpt>
      <trkpt lat="31.21629777364432811737060546875" lon="121.38556511141359806060791015625">
        <ele>13</ele>
        <time>2026-09-01T10:47:24.000Z</time>
        <extensions>
          <ns3:TrackPointExtension>
            <ns3:hr>155</ns3:hr>
            <ns3:cad>90</ns3:cad>
          </ns3:TrackPointExtension>
        </extensions>
      </trkpt>
      <trkpt lat="31.21629291214048862457275390625" lon="121.3855916820466518402099609375">
        <ele>13</ele>
        <time>2026-09-01T10:47:25.000Z</time>
        <extensions>
          <ns3:TrackPointExtension>
            <ns3:hr>155</ns3:hr>
            <ns3:cad>90</ns3:cad>
          </ns3:TrackPointExtension>
        </extensions>
      </trkpt>
      <trkpt lat="31.2162829376757144927978515625" lon="121.3856215216219425201416015625">
        <ele>13</ele>
        <time>2026-09-01T10:47:26.000Z</time>
        <extensions>
          <ns3:TrackPointExtension>
            <ns3:hr>155</ns3:hr>
            <ns3:cad>89</ns3:cad>
          </ns3:TrackPointExtension>
        </extensions>
      </trkpt>
      <trkpt lat="31.21627715416252613067626953125" lon="121.38564859516918659210205078125">
        <ele>13</ele>
        <time>2026-09-01T10:47:27.000Z</time>
        <extensions>
          <ns3:TrackPointExtension>
            <ns3:hr>155</ns3:hr>
            <ns3:cad>88</ns3:cad>
          </ns3:TrackPointExtension>
        </extensions>
      </trkpt>
      <trkpt lat="31.21626743115484714508056640625" lon="121.38567759655416011810302734375">
        <ele>13</ele>
        <time>2026-09-01T10:47:28.000Z</time>
        <extensions>
          <ns3:TrackPointExtension>
            <ns3:hr>155</ns3:hr>
            <ns3:cad>88</ns3:cad>
          </ns3:TrackPointExtension>
        </extensions>
      </trkpt>
      <trkpt lat="31.21626223437488079071044921875" lon="121.385704167187213897705078125">
        <ele>13.19999980926513671875</ele>
        <time>2026-09-01T10:47:29.000Z</time>
        <extensions>
          <ns3:TrackPointExtension>
            <ns3:hr>155</ns3:hr>
            <ns3:cad>89</ns3:cad>
          </ns3:TrackPointExtension>
        </extensions>
      </trkpt>
      <trkpt lat="31.21624614112079143524169921875" lon="121.38573945499956607818603515625">
        <ele>13</ele>
        <time>2026-09-01T10:47:30.000Z</time>
        <extensions>
          <ns3:TrackPointExtension>
            <ns3:hr>154</ns3:hr>
            <ns3:cad>90</ns3:cad>
          </ns3:TrackPointExtension>
        </extensions>
      </trkpt>
      <trkpt lat="31.216242872178554534912109375" lon="121.3857670314610004425048828125">
        <ele>13</ele>
        <time>2026-09-01T10:47:31.000Z</time>
        <extensions>
          <ns3:TrackPointExtension>
            <ns3:hr>155</ns3:hr>
            <ns3:cad>90</ns3:cad>
          </ns3:TrackPointExtension>
        </extensions>
      </trkpt>
      <trkpt lat="31.2162346579134464263916015625" lon="121.3858025707304477691650390625">
        <ele>13</ele>
        <time>2026-09-01T10:47:32.000Z</time>
        <extensions>
          <ns3:TrackPointExtension>
            <ns3:hr>155</ns3:hr>
            <ns3:cad>90</ns3:cad>
          </ns3:TrackPointExtension>
        </extensions>
      </trkpt>
      <trkpt lat="31.21623273007571697235107421875" lon="121.3858325779438018798828125">
        <ele>13</ele>
        <time>2026-09-01T10:47:33.000Z</time>
        <extensions>
          <ns3:TrackPointExtension>
            <ns3:hr>155</ns3:hr>
            <ns3:cad>88</ns3:cad>
          </ns3:TrackPointExtension>
        </extensions>
      </trkpt>
      <trkpt lat="31.21622585691511631011962890625" lon="121.38586568646132946014404296875">
        <ele>13</ele>
        <time>2026-09-01T10:47:34.000Z</time>
        <extensions>
          <ns3:TrackPointExtension>
            <ns3:hr>155</ns3:hr>
            <ns3:cad>88</ns3:cad>
          </ns3:TrackPointExtension>
        </extensions>
      </trkpt>
      <trkpt lat="31.21622719801962375640869140625" lon="121.38588932342827320098876953125">
        <ele>13</ele>
        <time>2026-09-01T10:47:35.000Z</time>
        <extensions>
          <ns3:TrackPointExtension>
            <ns3:hr>155</ns3:hr>
            <ns3:cad>88</ns3:cad>
          </ns3:TrackPointExtension>
        </extensions>
      </trkpt>
      <trkpt lat="31.21622049249708652496337890625" lon="121.38592000119388103485107421875">
        <ele>13</ele>
        <time>2026-09-01T10:47:36.000Z</time>
        <extensions>
          <ns3:TrackPointExtension>
            <ns3:hr>155</ns3:hr>
            <ns3:cad>88</ns3:cad>
          </ns3:TrackPointExtension>
        </extensions>
      </trkpt>
      <trkpt lat="31.21621948666870594024658203125" lon="121.3859464041888713836669921875">
        <ele>13</ele>
        <time>2026-09-01T10:47:37.000Z</time>
        <extensions>
          <ns3:TrackPointExtension>
            <ns3:hr>155</ns3:hr>
            <ns3:cad>90</ns3:cad>
          </ns3:TrackPointExtension>
        </extensions>
      </trkpt>
      <trkpt lat="31.2162111885845661163330078125" lon="121.3859765790402889251708984375">
        <ele>13</ele>
        <time>2026-09-01T10:47:38.000Z</time>
        <extensions>
          <ns3:TrackPointExtension>
            <ns3:hr>155</ns3:hr>
            <ns3:cad>90</ns3:cad>
          </ns3:TrackPointExtension>
        </extensions>
      </trkpt>
      <trkpt lat="31.2162041477859020233154296875" lon="121.38599879108369350433349609375">
        <ele>13</ele>
        <time>2026-09-01T10:47:39.000Z</time>
        <extensions>
          <ns3:TrackPointExtension>
            <ns3:hr>156</ns3:hr>
            <ns3:cad>89</ns3:cad>
          </ns3:TrackPointExtension>
        </extensions>
      </trkpt>
      <trkpt lat="31.2161977775394916534423828125" lon="121.386026702821254730224609375">
        <ele>13</ele>
        <time>2026-09-01T10:47:40.000Z</time>
        <extensions>
          <ns3:TrackPointExtension>
            <ns3:hr>156</ns3:hr>
            <ns3:cad>89</ns3:cad>
          </ns3:TrackPointExtension>
        </extensions>
      </trkpt>
      <trkpt lat="31.21619316749274730682373046875" lon="121.38604941777884960174560546875">
        <ele>12.80000019073486328125</ele>
        <time>2026-09-01T10:47:41.000Z</time>
        <extensions>
          <ns3:TrackPointExtension>
            <ns3:hr>156</ns3:hr>
            <ns3:cad>88</ns3:cad>
          </ns3:TrackPointExtension>
        </extensions>
      </trkpt>
      <trkpt lat="31.21618763543665409088134765625" lon="121.3860785029828548431396484375">
        <ele>12.80000019073486328125</ele>
        <time>2026-09-01T10:47:42.000Z</time>
        <extensions>
          <ns3:TrackPointExtension>
            <ns3:hr>156</ns3:hr>
            <ns3:cad>88</ns3:cad>
          </ns3:TrackPointExtension>
        </extensions>
      </trkpt>
      <trkpt lat="31.21618646197021007537841796875" lon="121.3861033134162425994873046875">
        <ele>12.80000019073486328125</ele>
        <time>2026-09-01T10:47:43.000Z</time>
        <extensions>
          <ns3:TrackPointExtension>
            <ns3:hr>156</ns3:hr>
            <ns3:cad>90</ns3:cad>
          </ns3:TrackPointExtension>
        </extensions>
      </trkpt>
      <trkpt lat="31.2161843664944171905517578125" lon="121.3861318118870258331298828125">
        <ele>12.80000019073486328125</ele>
        <time>2026-09-01T10:47:44.000Z</time>
        <extensions>
          <ns3:TrackPointExtension>
            <ns3:hr>156</ns3:hr>
            <ns3:cad>90</ns3:cad>
          </ns3:TrackPointExtension>
        </extensions>
      </trkpt>
      <trkpt lat="31.21618562377989292144775390625" lon="121.3861552812159061431884765625">
        <ele>12.80000019073486328125</ele>
        <time>2026-09-01T10:47:45.000Z</time>
        <extensions>
          <ns3:TrackPointExtension>
            <ns3:hr>156</ns3:hr>
            <ns3:cad>89</ns3:cad>
          </ns3:TrackPointExtension>
        </extensions>
      </trkpt>
      <trkpt lat="31.216176487505435943603515625" lon="121.38618453405797481536865234375">
        <ele>12.80000019073486328125</ele>
        <time>2026-09-01T10:47:46.000Z</time>
        <extensions>
          <ns3:TrackPointExtension>
            <ns3:hr>156</ns3:hr>
            <ns3:cad>88</ns3:cad>
          </ns3:TrackPointExtension>
        </extensions>
      </trkpt>
      <trkpt lat="31.21616969816386699676513671875" lon="121.38621278107166290283203125">
        <ele>12.80000019073486328125</ele>
        <time>2026-09-01T10:47:47.000Z</time>
        <extensions>
          <ns3:TrackPointExtension>
            <ns3:hr>156</ns3:hr>
            <ns3:cad>88</ns3:cad>
          </ns3:TrackPointExtension>
        </extensions>
      </trkpt>
      <trkpt lat="31.216160394251346588134765625" lon="121.3862458057701587677001953125">
        <ele>12.80000019073486328125</ele>
        <time>2026-09-01T10:47:48.000Z</time>
        <extensions>
          <ns3:TrackPointExtension>
            <ns3:hr>156</ns3:hr>
            <ns3:cad>88</ns3:cad>
          </ns3:TrackPointExtension>
        </extensions>
      </trkpt>
      <trkpt lat="31.2161582149565219879150390625" lon="121.38627338223159313201904296875">
        <ele>12.80000019073486328125</ele>
        <time>2026-09-01T10:47:49.000Z</time>
        <extensions>
          <ns3:TrackPointExtension>
            <ns3:hr>156</ns3:hr>
            <ns3:cad>90</ns3:cad>
          </ns3:TrackPointExtension>
        </extensions>
      </trkpt>
      <trkpt lat="31.2161505036056041717529296875" lon="121.38629995286464691162109375">
        <ele>12.80000019073486328125</ele>
        <time>2026-09-01T10:47:50.000Z</time>
        <extensions>
          <ns3:TrackPointExtension>
            <ns3:hr>155</ns3:hr>
            <ns3:cad>90</ns3:cad>
          </ns3:TrackPointExtension>
        </extensions>
      </trkpt>
      <trkpt lat="31.21614539064466953277587890625" lon="121.3863262720406055450439453125">
        <ele>12.80000019073486328125</ele>
        <time>2026-09-01T10:47:51.000Z</time>
        <extensions>
          <ns3:TrackPointExtension>
            <ns3:hr>156</ns3:hr>
            <ns3:cad>88</ns3:cad>
          </ns3:TrackPointExtension>
        </extensions>
      </trkpt>
      <trkpt lat="31.21613902039825916290283203125" lon="121.38635225594043731689453125">
        <ele>12.80000019073486328125</ele>
        <time>2026-09-01T10:47:52.000Z</time>
        <extensions>
          <ns3:TrackPointExtension>
            <ns3:hr>156</ns3:hr>
            <ns3:cad>88</ns3:cad>
          </ns3:TrackPointExtension>
        </extensions>
      </trkpt>
      <trkpt lat="31.2161266990005970001220703125" lon="121.38637773692607879638671875">
        <ele>13</ele>
        <time>2026-09-01T10:47:53.000Z</time>
        <extensions>
          <ns3:TrackPointExtension>
            <ns3:hr>156</ns3:hr>
            <ns3:cad>88</ns3:cad>
          </ns3:TrackPointExtension>
        </extensions>
      </trkpt>
      <trkpt lat="31.21611789800226688385009765625" lon="121.3864087499678134918212890625">
        <ele>13</ele>
        <time>2026-09-01T10:47:54.000Z</time>
        <extensions>
          <ns3:TrackPointExtension>
            <ns3:hr>156</ns3:hr>
            <ns3:cad>88</ns3:cad>
          </ns3:TrackPointExtension>
        </extensions>
      </trkpt>
      <trkpt lat="31.216107420623302459716796875" lon="121.38643766753375530242919921875">
        <ele>13</ele>
        <time>2026-09-01T10:47:55.000Z</time>
        <extensions>
          <ns3:TrackPointExtension>
            <ns3:hr>156</ns3:hr>
            <ns3:cad>90</ns3:cad>
          </ns3:TrackPointExtension>
        </extensions>
      </trkpt>
      <trkpt lat="31.21609878726303577423095703125" lon="121.3864680938422679901123046875">
        <ele>13</ele>
        <time>2026-09-01T10:47:56.000Z</time>
        <extensions>
          <ns3:TrackPointExtension>
            <ns3:hr>156</ns3:hr>
            <ns3:cad>90</ns3:cad>
          </ns3:TrackPointExtension>
        </extensions>
      </trkpt>
      <trkpt lat="31.21609032154083251953125" lon="121.38649768196046352386474609375">
        <ele>13</ele>
        <time>2026-09-01T10:47:57.000Z</time>
        <extensions>
          <ns3:TrackPointExtension>
            <ns3:hr>157</ns3:hr>
            <ns3:cad>89</ns3:cad>
          </ns3:TrackPointExtension>
        </extensions>
      </trkpt>
      <trkpt lat="31.21608252637088298797607421875" lon="121.3865294493734836578369140625">
        <ele>12.80000019073486328125</ele>
        <time>2026-09-01T10:47:58.000Z</time>
        <extensions>
          <ns3:TrackPointExtension>
            <ns3:hr>157</ns3:hr>
            <ns3:cad>88</ns3:cad>
          </ns3:TrackPointExtension>
        </extensions>
      </trkpt>
      <trkpt lat="31.216075904667377471923828125" lon="121.3865596242249011993408203125">
        <ele>12.80000019073486328125</ele>
        <time>2026-09-01T10:47:59.000Z</time>
        <extensions>
          <ns3:TrackPointExtension>
            <ns3:hr>157</ns3:hr>
            <ns3:cad>88</ns3:cad>
          </ns3:TrackPointExtension>
        </extensions>
      </trkpt>
      <trkpt lat="31.21606911532580852508544921875" lon="121.38658937998116016387939453125">
        <ele>12.80000019073486328125</ele>
        <time>2026-09-01T10:48:00.000Z</time>
        <extensions>
          <ns3:TrackPointExtension>
            <ns3:hr>157</ns3:hr>
            <ns3:cad>88</ns3:cad>
          </ns3:TrackPointExtension>
        </extensions>
      </trkpt>
      <trkpt lat="31.21606509201228618621826171875" lon="121.38661913573741912841796875">
        <ele>12.80000019073486328125</ele>
        <time>2026-09-01T10:48:01.000Z</time>
        <extensions>
          <ns3:TrackPointExtension>
            <ns3:hr>157</ns3:hr>
            <ns3:cad>89</ns3:cad>
          </ns3:TrackPointExtension>
        </extensions>
      </trkpt>
      <trkpt lat="31.216060481965541839599609375" lon="121.386648975312709808349609375">
        <ele>12.80000019073486328125</ele>
        <time>2026-09-01T10:48:02.000Z</time>
        <extensions>
          <ns3:TrackPointExtension>
            <ns3:hr>157</ns3:hr>
            <ns3:cad>90</ns3:cad>
          </ns3:TrackPointExtension>
        </extensions>
      </trkpt>
      <trkpt lat="31.21605251915752887725830078125" lon="121.38667135499417781829833984375">
        <ele>12.80000019073486328125</ele>
        <time>2026-09-01T10:48:03.000Z</time>
        <extensions>
          <ns3:TrackPointExtension>
            <ns3:hr>156</ns3:hr>
            <ns3:cad>90</ns3:cad>
          </ns3:TrackPointExtension>
        </extensions>
      </trkpt>
      <trkpt lat="31.21604581363499164581298828125" lon="121.38669985346496105194091796875">
        <ele>12.80000019073486328125</ele>
        <time>2026-09-01T10:48:04.000Z</time>
        <extensions>
          <ns3:TrackPointExtension>
            <ns3:hr>157</ns3:hr>
            <ns3:cad>89</ns3:cad>
          </ns3:TrackPointExtension>
        </extensions>
      </trkpt>
      <trkpt lat="31.2160388566553592681884765625" lon="121.38672516681253910064697265625">
        <ele>12.80000019073486328125</ele>
        <time>2026-09-01T10:48:05.000Z</time>
        <extensions>
          <ns3:TrackPointExtension>
            <ns3:hr>157</ns3:hr>
            <ns3:cad>89</ns3:cad>
          </ns3:TrackPointExtension>
        </extensions>
      </trkpt>
      <trkpt lat="31.21604011394083499908447265625" lon="121.386753581464290618896484375">
        <ele>12.80000019073486328125</ele>
        <time>2026-09-01T10:48:06.000Z</time>
        <extensions>
          <ns3:TrackPointExtension>
            <ns3:hr>157</ns3:hr>
            <ns3:cad>89</ns3:cad>
          </ns3:TrackPointExtension>
        </extensions>
      </trkpt>
      <trkpt lat="31.2160361744463443756103515625" lon="121.386789791285991668701171875">
        <ele>12.80000019073486328125</ele>
        <time>2026-09-01T10:48:07.000Z</time>
        <extensions>
          <ns3:TrackPointExtension>
            <ns3:hr>157</ns3:hr>
            <ns3:cad>89</ns3:cad>
          </ns3:TrackPointExtension>
        </extensions>
      </trkpt>
      <trkpt lat="31.2160344980657100677490234375" lon="121.3868218101561069488525390625">
        <ele>12.80000019073486328125</ele>
        <time>2026-09-01T10:48:08.000Z</time>
        <extensions>
          <ns3:TrackPointExtension>
            <ns3:hr>158</ns3:hr>
            <ns3:cad>90</ns3:cad>
          </ns3:TrackPointExtension>
        </extensions>
      </trkpt>
      <trkpt lat="31.21602485887706279754638671875" lon="121.3868533261120319366455078125">
        <ele>12.80000019073486328125</ele>
        <time>2026-09-01T10:48:09.000Z</time>
        <extensions>
          <ns3:TrackPointExtension>
            <ns3:hr>158</ns3:hr>
            <ns3:cad>90</ns3:cad>
          </ns3:TrackPointExtension>
        </extensions>
      </trkpt>
      <trkpt lat="31.2160200811922550201416015625" lon="121.386880315840244293212890625">
        <ele>12.80000019073486328125</ele>
        <time>2026-09-01T10:48:10.000Z</time>
        <extensions>
          <ns3:TrackPointExtension>
            <ns3:hr>158</ns3:hr>
            <ns3:cad>88</ns3:cad>
          </ns3:TrackPointExtension>
        </extensions>
      </trkpt>
      <trkpt lat="31.2160083465278148651123046875" lon="121.38691158033907413482666015625">
        <ele>12.80000019073486328125</ele>
        <time>2026-09-01T10:48:11.000Z</time>
        <extensions>
          <ns3:TrackPointExtension>
            <ns3:hr>158</ns3:hr>
            <ns3:cad>87</ns3:cad>
          </ns3:TrackPointExtension>
        </extensions>
      </trkpt>
      <trkpt lat="31.21600490994751453399658203125" lon="121.3869347982108592987060546875">
        <ele>13</ele>
        <time>2026-09-01T10:48:12.000Z</time>
        <extensions>
          <ns3:TrackPointExtension>
            <ns3:hr>157</ns3:hr>
            <ns3:cad>87</ns3:cad>
          </ns3:TrackPointExtension>
        </extensions>
      </trkpt>
      <trkpt lat="31.2159959413111209869384765625" lon="121.38696673326194286346435546875">
        <ele>13</ele>
        <time>2026-09-01T10:48:13.000Z</time>
        <extensions>
          <ns3:TrackPointExtension>
            <ns3:hr>158</ns3:hr>
            <ns3:cad>87</ns3:cad>
          </ns3:TrackPointExtension>
        </extensions>
      </trkpt>
      <trkpt lat="31.215991415083408355712890625" lon="121.38699154369533061981201171875">
        <ele>13</ele>
        <time>2026-09-01T10:48:14.000Z</time>
        <extensions>
          <ns3:TrackPointExtension>
            <ns3:hr>158</ns3:hr>
            <ns3:cad>89</ns3:cad>
          </ns3:TrackPointExtension>
        </extensions>
      </trkpt>
      <trkpt lat="31.21598303318023681640625" lon="121.38702741824090480804443359375">
        <ele>13</ele>
        <time>2026-09-01T10:48:15.000Z</time>
        <extensions>
          <ns3:TrackPointExtension>
            <ns3:hr>157</ns3:hr>
            <ns3:cad>89</ns3:cad>
          </ns3:TrackPointExtension>
        </extensions>
      </trkpt>
      <trkpt lat="31.215978674590587615966796875" lon="121.38705340214073657989501953125">
        <ele>12.80000019073486328125</ele>
        <time>2026-09-01T10:48:16.000Z</time>
        <extensions>
          <ns3:TrackPointExtension>
            <ns3:hr>158</ns3:hr>
            <ns3:cad>88</ns3:cad>
          </ns3:TrackPointExtension>
        </extensions>
      </trkpt>
      <trkpt lat="31.215969957411289215087890625" lon="121.3870856724679470062255859375">
        <ele>12.80000019073486328125</ele>
        <time>2026-09-01T10:48:17.000Z</time>
        <extensions>
          <ns3:TrackPointExtension>
            <ns3:hr>157</ns3:hr>
            <ns3:cad>88</ns3:cad>
          </ns3:TrackPointExtension>
        </extensions>
      </trkpt>
      <trkpt lat="31.21596534736454486846923828125" lon="121.3871101476252079010009765625">
        <ele>12.80000019073486328125</ele>
        <time>2026-09-01T10:48:18.000Z</time>
        <extensions>
          <ns3:TrackPointExtension>
            <ns3:hr>158</ns3:hr>
            <ns3:cad>88</ns3:cad>
          </ns3:TrackPointExtension>
        </extensions>
      </trkpt>
      <trkpt lat="31.2159654311835765838623046875" lon="121.3871376402676105499267578125">
        <ele>13</ele>
        <time>2026-09-01T10:48:19.000Z</time>
        <extensions>
          <ns3:TrackPointExtension>
            <ns3:hr>158</ns3:hr>
            <ns3:cad>88</ns3:cad>
          </ns3:TrackPointExtension>
        </extensions>
      </trkpt>
      <trkpt lat="31.21597104705870151519775390625" lon="121.387167312204837799072265625">
        <ele>13</ele>
        <time>2026-09-01T10:48:20.000Z</time>
        <extensions>
          <ns3:TrackPointExtension>
            <ns3:hr>158</ns3:hr>
            <ns3:cad>89</ns3:cad>
          </ns3:TrackPointExtension>
        </extensions>
      </trkpt>
      <trkpt lat="31.21598613448441028594970703125" lon="121.38719044625759124755859375">
        <ele>13</ele>
        <time>2026-09-01T10:48:21.000Z</time>
        <extensions>
          <ns3:TrackPointExtension>
            <ns3:hr>158</ns3:hr>
            <ns3:cad>89</ns3:cad>
          </ns3:TrackPointExtension>
        </extensions>
      </trkpt>
      <trkpt lat="31.21600004844367504119873046875" lon="121.3872140832245349884033203125">
        <ele>13</ele>
        <time>2026-09-01T10:48:22.000Z</time>
        <extensions>
          <ns3:TrackPointExtension>
            <ns3:hr>158</ns3:hr>
            <ns3:cad>88</ns3:cad>
          </ns3:TrackPointExtension>
        </extensions>
      </trkpt>
      <trkpt lat="31.216017901897430419921875" lon="121.38722875155508518218994140625">
        <ele>13</ele>
        <time>2026-09-01T10:48:23.000Z</time>
        <extensions>
          <ns3:TrackPointExtension>
            <ns3:hr>159</ns3:hr>
            <ns3:cad>87</ns3:cad>
          </ns3:TrackPointExtension>
        </extensions>
      </trkpt>
      <trkpt lat="31.21604262851178646087646484375" lon="121.387249119579792022705078125">
        <ele>13</ele>
        <time>2026-09-01T10:48:24.000Z</time>
        <extensions>
          <ns3:TrackPointExtension>
            <ns3:hr>159</ns3:hr>
            <ns3:cad>87</ns3:cad>
          </ns3:TrackPointExtension>
        </extensions>
      </trkpt>
      <trkpt lat="31.2160589732229709625244140625" lon="121.38726009987294673919677734375">
        <ele>13.19999980926513671875</ele>
        <time>2026-09-01T10:48:25.000Z</time>
        <extensions>
          <ns3:TrackPointExtension>
            <ns3:hr>159</ns3:hr>
            <ns3:cad>87</ns3:cad>
          </ns3:TrackPointExtension>
        </extensions>
      </trkpt>
      <trkpt lat="31.2160797603428363800048828125" lon="121.38726781122386455535888671875">
        <ele>13.3999996185302734375</ele>
        <time>2026-09-01T10:48:26.000Z</time>
        <extensions>
          <ns3:TrackPointExtension>
            <ns3:hr>158</ns3:hr>
            <ns3:cad>88</ns3:cad>
          </ns3:TrackPointExtension>
        </extensions>
      </trkpt>
      <trkpt lat="31.2160998769104480743408203125" lon="121.3872714154422283172607421875">
        <ele>13.3999996185302734375</ele>
        <time>2026-09-01T10:48:27.000Z</time>
        <extensions>
          <ns3:TrackPointExtension>
            <ns3:hr>159</ns3:hr>
            <ns3:cad>88</ns3:cad>
          </ns3:TrackPointExtension>
        </extensions>
      </trkpt>
      <trkpt lat="31.21612024493515491485595703125" lon="121.3872838206589221954345703125">
        <ele>13.3999996185302734375</ele>
        <time>2026-09-01T10:48:28.000Z</time>
        <extensions>
          <ns3:TrackPointExtension>
            <ns3:hr>159</ns3:hr>
            <ns3:cad>88</ns3:cad>
          </ns3:TrackPointExtension>
        </extensions>
      </trkpt>
      <trkpt lat="31.2161367572844028472900390625" lon="121.387298740446567535400390625">
        <ele>13.19999980926513671875</ele>
        <time>2026-09-01T10:48:29.000Z</time>
        <extensions>
          <ns3:TrackPointExtension>
            <ns3:hr>159</ns3:hr>
            <ns3:cad>88</ns3:cad>
          </ns3:TrackPointExtension>
        </extensions>
      </trkpt>
      <trkpt lat="31.21616232208907604217529296875" lon="121.38731240294873714447021484375">
        <ele>13.19999980926513671875</ele>
        <time>2026-09-01T10:48:30.000Z</time>
        <extensions>
          <ns3:TrackPointExtension>
            <ns3:hr>159</ns3:hr>
            <ns3:cad>87</ns3:cad>
          </ns3:TrackPointExtension>
        </extensions>
      </trkpt>
      <trkpt lat="31.2161857075989246368408203125" lon="121.3873233832418918609619140625">
        <ele>13</ele>
        <time>2026-09-01T10:48:31.000Z</time>
        <extensions>
          <ns3:TrackPointExtension>
            <ns3:hr>160</ns3:hr>
            <ns3:cad>87</ns3:cad>
          </ns3:TrackPointExtension>
        </extensions>
      </trkpt>
      <trkpt lat="31.21621227823197841644287109375" lon="121.3873331062495708465576171875">
        <ele>12.80000019073486328125</ele>
        <time>2026-09-01T10:48:32.000Z</time>
        <extensions>
          <ns3:TrackPointExtension>
            <ns3:hr>159</ns3:hr>
            <ns3:cad>87</ns3:cad>
          </ns3:TrackPointExtension>
        </extensions>
      </trkpt>
      <trkpt lat="31.21623583137989044189453125" lon="121.38734643347561359405517578125">
        <ele>12.80000019073486328125</ele>
        <time>2026-09-01T10:48:33.000Z</time>
        <extensions>
          <ns3:TrackPointExtension>
            <ns3:hr>159</ns3:hr>
            <ns3:cad>87</ns3:cad>
          </ns3:TrackPointExtension>
        </extensions>
      </trkpt>
      <trkpt lat="31.21625854633748531341552734375" lon="121.3873502053320407867431640625">
        <ele>13</ele>
        <time>2026-09-01T10:48:34.000Z</time>
        <extensions>
          <ns3:TrackPointExtension>
            <ns3:hr>159</ns3:hr>
            <ns3:cad>87</ns3:cad>
          </ns3:TrackPointExtension>
        </extensions>
      </trkpt>
      <trkpt lat="31.21628100983798503875732421875" lon="121.38736152090132236480712890625">
        <ele>13</ele>
        <time>2026-09-01T10:48:35.000Z</time>
        <extensions>
          <ns3:TrackPointExtension>
            <ns3:hr>159</ns3:hr>
            <ns3:cad>86</ns3:cad>
          </ns3:TrackPointExtension>
        </extensions>
      </trkpt>
      <trkpt lat="31.2163040600717067718505859375" lon="121.38737593777477741241455078125">
        <ele>12.80000019073486328125</ele>
        <time>2026-09-01T10:48:36.000Z</time>
        <extensions>
          <ns3:TrackPointExtension>
            <ns3:hr>159</ns3:hr>
            <ns3:cad>86</ns3:cad>
          </ns3:TrackPointExtension>
        </extensions>
      </trkpt>
      <trkpt lat="31.2163308821618556976318359375" lon="121.38738700188696384429931640625">
        <ele>12.80000019073486328125</ele>
        <time>2026-09-01T10:48:37.000Z</time>
        <extensions>
          <ns3:TrackPointExtension>
            <ns3:hr>159</ns3:hr>
            <ns3:cad>87</ns3:cad>
          </ns3:TrackPointExtension>
        </extensions>
      </trkpt>
      <trkpt lat="31.21635125018656253814697265625" lon="121.38739739544689655303955078125">
        <ele>12.80000019073486328125</ele>
        <time>2026-09-01T10:48:38.000Z</time>
        <extensions>
          <ns3:TrackPointExtension>
            <ns3:hr>159</ns3:hr>
            <ns3:cad>87</ns3:cad>
          </ns3:TrackPointExtension>
        </extensions>
      </trkpt>
      <trkpt lat="31.216375641524791717529296875" lon="121.38741332106292247772216796875">
        <ele>12.80000019073486328125</ele>
        <time>2026-09-01T10:48:39.000Z</time>
        <extensions>
          <ns3:TrackPointExtension>
            <ns3:hr>159</ns3:hr>
            <ns3:cad>90</ns3:cad>
          </ns3:TrackPointExtension>
        </extensions>
      </trkpt>
      <trkpt lat="31.21639768593013286590576171875" lon="121.387416757643222808837890625">
        <ele>12.6000003814697265625</ele>
        <time>2026-09-01T10:48:40.000Z</time>
        <extensions>
          <ns3:TrackPointExtension>
            <ns3:hr>159</ns3:hr>
            <ns3:cad>90</ns3:cad>
          </ns3:TrackPointExtension>
        </extensions>
      </trkpt>
      <trkpt lat="31.21642165817320346832275390625" lon="121.3874293304979801177978515625">
        <ele>12.6000003814697265625</ele>
        <time>2026-09-01T10:48:41.000Z</time>
        <extensions>
          <ns3:TrackPointExtension>
            <ns3:hr>159</ns3:hr>
            <ns3:cad>89</ns3:cad>
          </ns3:TrackPointExtension>
        </extensions>
      </trkpt>
      <trkpt lat="31.2164395116269588470458984375" lon="121.38743896968662738800048828125">
        <ele>12.80000019073486328125</ele>
        <time>2026-09-01T10:48:42.000Z</time>
        <extensions>
          <ns3:TrackPointExtension>
            <ns3:hr>159</ns3:hr>
            <ns3:cad>88</ns3:cad>
          </ns3:TrackPointExtension>
        </extensions>
      </trkpt>
      <trkpt lat="31.2164618074893951416015625" lon="121.3874527998268604278564453125">
        <ele>12.80000019073486328125</ele>
        <time>2026-09-01T10:48:43.000Z</time>
        <extensions>
          <ns3:TrackPointExtension>
            <ns3:hr>159</ns3:hr>
            <ns3:cad>88</ns3:cad>
          </ns3:TrackPointExtension>
        </extensions>
      </trkpt>
      <trkpt lat="31.216480918228626251220703125" lon="121.38745808042585849761962890625">
        <ele>13</ele>
        <time>2026-09-01T10:48:44.000Z</time>
        <extensions>
          <ns3:TrackPointExtension>
            <ns3:hr>160</ns3:hr>
            <ns3:cad>88</ns3:cad>
          </ns3:TrackPointExtension>
        </extensions>
      </trkpt>
      <trkpt lat="31.2165069021284580230712890625" lon="121.3874745927751064300537109375">
        <ele>13</ele>
        <time>2026-09-01T10:48:45.000Z</time>
        <extensions>
          <ns3:TrackPointExtension>
            <ns3:hr>160</ns3:hr>
            <ns3:cad>90</ns3:cad>
          </ns3:TrackPointExtension>
        </extensions>
      </trkpt>
      <trkpt lat="31.216529868543148040771484375" lon="121.3874799571931362152099609375">
        <ele>13</ele>
        <time>2026-09-01T10:48:46.000Z</time>
        <extensions>
          <ns3:TrackPointExtension>
            <ns3:hr>160</ns3:hr>
            <ns3:cad>90</ns3:cad>
          </ns3:TrackPointExtension>
        </extensions>
      </trkpt>
      <trkpt lat="31.2165622226893901824951171875" lon="121.38748909346759319305419921875">
        <ele>13</ele>
        <time>2026-09-01T10:48:47.000Z</time>
        <extensions>
          <ns3:TrackPointExtension>
            <ns3:hr>159</ns3:hr>
            <ns3:cad>88</ns3:cad>
          </ns3:TrackPointExtension>
        </extensions>
      </trkpt>
      <trkpt lat="31.2165910564363002777099609375" lon="121.38749864883720874786376953125">
        <ele>12.80000019073486328125</ele>
        <time>2026-09-01T10:48:48.000Z</time>
        <extensions>
          <ns3:TrackPointExtension>
            <ns3:hr>159</ns3:hr>
            <ns3:cad>88</ns3:cad>
          </ns3:TrackPointExtension>
        </extensions>
      </trkpt>
      <trkpt lat="31.21662232093513011932373046875" lon="121.38751021586358547210693359375">
        <ele>12.80000019073486328125</ele>
        <time>2026-09-01T10:48:49.000Z</time>
        <extensions>
          <ns3:TrackPointExtension>
            <ns3:hr>159</ns3:hr>
            <ns3:cad>88</ns3:cad>
          </ns3:TrackPointExtension>
        </extensions>
      </trkpt>
      <trkpt lat="31.2166473828256130218505859375" lon="121.3875208608806133270263671875">
        <ele>12.80000019073486328125</ele>
        <time>2026-09-01T10:48:50.000Z</time>
        <extensions>
          <ns3:TrackPointExtension>
            <ns3:hr>159</ns3:hr>
            <ns3:cad>88</ns3:cad>
          </ns3:TrackPointExtension>
        </extensions>
      </trkpt>
      <trkpt lat="31.2166738696396350860595703125" lon="121.38752932660281658172607421875">
        <ele>13</ele>
        <time>2026-09-01T10:48:51.000Z</time>
        <extensions>
          <ns3:TrackPointExtension>
            <ns3:hr>159</ns3:hr>
            <ns3:cad>90</ns3:cad>
          </ns3:TrackPointExtension>
        </extensions>
      </trkpt>
      <trkpt lat="31.21670060791075229644775390625" lon="121.3875384628772735595703125">
        <ele>13</ele>
        <time>2026-09-01T10:48:52.000Z</time>
        <extensions>
          <ns3:TrackPointExtension>
            <ns3:hr>159</ns3:hr>
            <ns3:cad>90</ns3:cad>
          </ns3:TrackPointExtension>
        </extensions>
      </trkpt>
      <trkpt lat="31.21672759763896465301513671875" lon="121.3875470124185085296630859375">
        <ele>13.19999980926513671875</ele>
        <time>2026-09-01T10:48:53.000Z</time>
        <extensions>
          <ns3:TrackPointExtension>
            <ns3:hr>159</ns3:hr>
            <ns3:cad>89</ns3:cad>
          </ns3:TrackPointExtension>
        </extensions>
      </trkpt>
      <trkpt lat="31.21675073169171810150146484375" lon="121.38753988780081272125244140625">
        <ele>13.19999980926513671875</ele>
        <time>2026-09-01T10:48:54.000Z</time>
        <extensions>
          <ns3:TrackPointExtension>
            <ns3:hr>159</ns3:hr>
            <ns3:cad>88</ns3:cad>
          </ns3:TrackPointExtension>
        </extensions>
      </trkpt>
      <trkpt lat="31.21677638031542301177978515625" lon="121.387553550302982330322265625">
        <ele>13.19999980926513671875</ele>
        <time>2026-09-01T10:48:55.000Z</time>
        <extensions>
          <ns3:TrackPointExtension>
            <ns3:hr>159</ns3:hr>
            <ns3:cad>88</ns3:cad>
          </ns3:TrackPointExtension>
        </extensions>
      </trkpt>
      <trkpt lat="31.2168006040155887603759765625" lon="121.38756017200648784637451171875">
        <ele>13.19999980926513671875</ele>
        <time>2026-09-01T10:48:56.000Z</time>
        <extensions>
          <ns3:TrackPointExtension>
            <ns3:hr>159</ns3:hr>
            <ns3:cad>88</ns3:cad>
          </ns3:TrackPointExtension>
        </extensions>
      </trkpt>
      <trkpt lat="31.21682415716350078582763671875" lon="121.38756017200648784637451171875">
        <ele>13.19999980926513671875</ele>
        <time>2026-09-01T10:48:57.000Z</time>
        <extensions>
          <ns3:TrackPointExtension>
            <ns3:hr>159</ns3:hr>
            <ns3:cad>89</ns3:cad>
          </ns3:TrackPointExtension>
        </extensions>
      </trkpt>
      <trkpt lat="31.21684511192142963409423828125" lon="121.38756687752902507781982421875">
        <ele>13.19999980926513671875</ele>
        <time>2026-09-01T10:48:58.000Z</time>
        <extensions>
          <ns3:TrackPointExtension>
            <ns3:hr>159</ns3:hr>
            <ns3:cad>90</ns3:cad>
          </ns3:TrackPointExtension>
        </extensions>
      </trkpt>
      <trkpt lat="31.2168690003454685211181640625" lon="121.38757928274571895599365234375">
        <ele>13.19999980926513671875</ele>
        <time>2026-09-01T10:48:59.000Z</time>
        <extensions>
          <ns3:TrackPointExtension>
            <ns3:hr>159</ns3:hr>
            <ns3:cad>90</ns3:cad>
          </ns3:TrackPointExtension>
        </extensions>
      </trkpt>
      <trkpt lat="31.21689020656049251556396484375" lon="121.3875892572104930877685546875">
        <ele>13.19999980926513671875</ele>
        <time>2026-09-01T10:49:00.000Z</time>
        <extensions>
          <ns3:TrackPointExtension>
            <ns3:hr>159</ns3:hr>
            <ns3:cad>88</ns3:cad>
          </ns3:TrackPointExtension>
        </extensions>
      </trkpt>
      <trkpt lat="31.21690965257585048675537109375" lon="121.3876093737781047821044921875">
        <ele>13.3999996185302734375</ele>
        <time>2026-09-01T10:49:01.000Z</time>
        <extensions>
          <ns3:TrackPointExtension>
            <ns3:hr>159</ns3:hr>
            <ns3:cad>88</ns3:cad>
          </ns3:TrackPointExtension>
        </extensions>
      </trkpt>
      <trkpt lat="31.21692842803895473480224609375" lon="121.38762035407125949859619140625">
        <ele>13.3999996185302734375</ele>
        <time>2026-09-01T10:49:02.000Z</time>
        <extensions>
          <ns3:TrackPointExtension>
            <ns3:hr>159</ns3:hr>
            <ns3:cad>88</ns3:cad>
          </ns3:TrackPointExtension>
        </extensions>
      </trkpt>
      <trkpt lat="31.21695290319621562957763671875" lon="121.3876268081367015838623046875">
        <ele>13.3999996185302734375</ele>
        <time>2026-09-01T10:49:03.000Z</time>
        <extensions>
          <ns3:TrackPointExtension>
            <ns3:hr>159</ns3:hr>
            <ns3:cad>88</ns3:cad>
          </ns3:TrackPointExtension>
        </extensions>
      </trkpt>
      <trkpt lat="31.21697519905865192413330078125" lon="121.38763896189630031585693359375">
        <ele>13.3999996185302734375</ele>
        <time>2026-09-01T10:49:04.000Z</time>
        <extensions>
          <ns3:TrackPointExtension>
            <ns3:hr>160</ns3:hr>
            <ns3:cad>90</ns3:cad>
          </ns3:TrackPointExtension>
        </extensions>
      </trkpt>
      <trkpt lat="31.21699623763561248779296875" lon="121.3876484334468841552734375">
        <ele>13.3999996185302734375</ele>
        <time>2026-09-01T10:49:05.000Z</time>
        <extensions>
          <ns3:TrackPointExtension>
            <ns3:hr>159</ns3:hr>
            <ns3:cad>90</ns3:cad>
          </ns3:TrackPointExtension>
        </extensions>
      </trkpt>
      <trkpt lat="31.21701928786933422088623046875" lon="121.38765756972134113311767578125">
        <ele>13.3999996185302734375</ele>
        <time>2026-09-01T10:49:06.000Z</time>
        <extensions>
          <ns3:TrackPointExtension>
            <ns3:hr>159</ns3:hr>
            <ns3:cad>88</ns3:cad>
          </ns3:TrackPointExtension>
        </extensions>
      </trkpt>
      <trkpt lat="31.217043511569499969482421875" lon="121.3876700587570667266845703125">
        <ele>13.3999996185302734375</ele>
        <time>2026-09-01T10:49:07.000Z</time>
        <extensions>
          <ns3:TrackPointExtension>
            <ns3:hr>160</ns3:hr>
            <ns3:cad>87</ns3:cad>
          </ns3:TrackPointExtension>
        </extensions>
      </trkpt>
      <trkpt lat="31.21706999838352203369140625" lon="121.38768170960247516632080078125">
        <ele>13.3999996185302734375</ele>
        <time>2026-09-01T10:49:08.000Z</time>
        <extensions>
          <ns3:TrackPointExtension>
            <ns3:hr>159</ns3:hr>
            <ns3:cad>87</ns3:cad>
          </ns3:TrackPointExtension>
        </extensions>
      </trkpt>
      <trkpt lat="31.21709640137851238250732421875" lon="121.38769243843853473663330078125">
        <ele>13.6000003814697265625</ele>
        <time>2026-09-01T10:49:09.000Z</time>
        <extensions>
          <ns3:TrackPointExtension>
            <ns3:hr>159</ns3:hr>
            <ns3:cad>87</ns3:cad>
          </ns3:TrackPointExtension>
        </extensions>
      </trkpt>
      <trkpt lat="31.2171241454780101776123046875" lon="121.387701742351055145263671875">
        <ele>13.6000003814697265625</ele>
        <time>2026-09-01T10:49:10.000Z</time>
        <extensions>
          <ns3:TrackPointExtension>
            <ns3:hr>160</ns3:hr>
            <ns3:cad>90</ns3:cad>
          </ns3:TrackPointExtension>
        </extensions>
      </trkpt>
      <trkpt lat="31.2171489559113979339599609375" lon="121.38771205209195613861083984375">
        <ele>13.6000003814697265625</ele>
        <time>2026-09-01T10:49:11.000Z</time>
        <extensions>
          <ns3:TrackPointExtension>
            <ns3:hr>159</ns3:hr>
            <ns3:cad>90</ns3:cad>
          </ns3:TrackPointExtension>
        </extensions>
      </trkpt>
      <trkpt lat="31.21717594563961029052734375" lon="121.38772646896541118621826171875">
        <ele>13.6000003814697265625</ele>
        <time>2026-09-01T10:49:12.000Z</time>
        <extensions>
          <ns3:TrackPointExtension>
            <ns3:hr>159</ns3:hr>
            <ns3:cad>89</ns3:cad>
          </ns3:TrackPointExtension>
        </extensions>
      </trkpt>
      <trkpt lat="31.21719849295914173126220703125" lon="121.387727558612823486328125">
        <ele>13.6000003814697265625</ele>
        <time>2026-09-01T10:49:13.000Z</time>
        <extensions>
          <ns3:TrackPointExtension>
            <ns3:hr>160</ns3:hr>
            <ns3:cad>88</ns3:cad>
          </ns3:TrackPointExtension>
        </extensions>
      </trkpt>
      <trkpt lat="31.21722288429737091064453125" lon="121.3877414725720882415771484375">
        <ele>13.6000003814697265625</ele>
        <time>2026-09-01T10:49:14.000Z</time>
        <extensions>
          <ns3:TrackPointExtension>
            <ns3:hr>159</ns3:hr>
            <ns3:cad>88</ns3:cad>
          </ns3:TrackPointExtension>
        </extensions>
      </trkpt>
      <trkpt lat="31.21724174357950687408447265625" lon="121.38774910010397434234619140625">
        <ele>13.80000019073486328125</ele>
        <time>2026-09-01T10:49:15.000Z</time>
        <extensions>
          <ns3:TrackPointExtension>
            <ns3:hr>159</ns3:hr>
            <ns3:cad>88</ns3:cad>
          </ns3:TrackPointExtension>
        </extensions>
      </trkpt>
      <trkpt lat="31.21726487763226032257080078125" lon="121.387760750949382781982421875">
        <ele>13.80000019073486328125</ele>
        <time>2026-09-01T10:49:16.000Z</time>
        <extensions>
          <ns3:TrackPointExtension>
            <ns3:hr>160</ns3:hr>
            <ns3:cad>89</ns3:cad>
          </ns3:TrackPointExtension>
        </extensions>
      </trkpt>
      <trkpt lat="31.21728616766631603240966796875" lon="121.3877699710428714752197265625">
        <ele>13.6000003814697265625</ele>
        <time>2026-09-01T10:49:17.000Z</time>
        <extensions>
          <ns3:TrackPointExtension>
            <ns3:hr>160</ns3:hr>
            <ns3:cad>89</ns3:cad>
          </ns3:TrackPointExtension>
        </extensions>
      </trkpt>
      <trkpt lat="31.21731885708868503570556640625" lon="121.38778413645923137664794921875">
        <ele>13.6000003814697265625</ele>
        <time>2026-09-01T10:49:18.000Z</time>
        <extensions>
          <ns3:TrackPointExtension>
            <ns3:hr>160</ns3:hr>
            <ns3:cad>88</ns3:cad>
          </ns3:TrackPointExtension>
        </extensions>
      </trkpt>
      <trkpt lat="31.21734014712274074554443359375" lon="121.38779587112367153167724609375">
        <ele>13.6000003814697265625</ele>
        <time>2026-09-01T10:49:19.000Z</time>
        <extensions>
          <ns3:TrackPointExtension>
            <ns3:hr>160</ns3:hr>
            <ns3:cad>88</ns3:cad>
          </ns3:TrackPointExtension>
        </extensions>
      </trkpt>
      <trkpt lat="31.21736026369035243988037109375" lon="121.3878108747303485870361328125">
        <ele>13.6000003814697265625</ele>
        <time>2026-09-01T10:49:20.000Z</time>
        <extensions>
          <ns3:TrackPointExtension>
            <ns3:hr>159</ns3:hr>
            <ns3:cad>88</ns3:cad>
          </ns3:TrackPointExtension>
        </extensions>
      </trkpt>
      <trkpt lat="31.21738540939986705780029296875" lon="121.3878195919096469879150390625">
        <ele>13.6000003814697265625</ele>
        <time>2026-09-01T10:49:21.000Z</time>
        <extensions>
          <ns3:TrackPointExtension>
            <ns3:hr>159</ns3:hr>
            <ns3:cad>88</ns3:cad>
          </ns3:TrackPointExtension>
        </extensions>
      </trkpt>
      <trkpt lat="31.21740854345262050628662109375" lon="121.38783778063952922821044921875">
        <ele>13.80000019073486328125</ele>
        <time>2026-09-01T10:49:22.000Z</time>
        <extensions>
          <ns3:TrackPointExtension>
            <ns3:hr>159</ns3:hr>
            <ns3:cad>88</ns3:cad>
          </ns3:TrackPointExtension>
        </extensions>
      </trkpt>
      <trkpt lat="31.2174268998205661773681640625" lon="121.387841217219829559326171875">
        <ele>13.80000019073486328125</ele>
        <time>2026-09-01T10:49:23.000Z</time>
        <extensions>
          <ns3:TrackPointExtension>
            <ns3:hr>159</ns3:hr>
            <ns3:cad>90</ns3:cad>
          </ns3:TrackPointExtension>
        </extensions>
      </trkpt>
      <trkpt lat="31.2174567393958568572998046875" lon="121.38786057941615581512451171875">
        <ele>13.80000019073486328125</ele>
        <time>2026-09-01T10:49:24.000Z</time>
        <extensions>
          <ns3:TrackPointExtension>
            <ns3:hr>159</ns3:hr>
            <ns3:cad>90</ns3:cad>
          </ns3:TrackPointExtension>
        </extensions>
      </trkpt>
      <trkpt lat="31.21748364530503749847412109375" lon="121.387870050966739654541015625">
        <ele>13.80000019073486328125</ele>
        <time>2026-09-01T10:49:25.000Z</time>
        <extensions>
          <ns3:TrackPointExtension>
            <ns3:hr>159</ns3:hr>
            <ns3:cad>89</ns3:cad>
          </ns3:TrackPointExtension>
        </extensions>
      </trkpt>
      <trkpt lat="31.21751046739518642425537109375" lon="121.3878782652318477630615234375">
        <ele>13.80000019073486328125</ele>
        <time>2026-09-01T10:49:26.000Z</time>
        <extensions>
          <ns3:TrackPointExtension>
            <ns3:hr>159</ns3:hr>
            <ns3:cad>88</ns3:cad>
          </ns3:TrackPointExtension>
        </extensions>
      </trkpt>
      <trkpt lat="31.21753242798149585723876953125" lon="121.38788321055471897125244140625">
        <ele>13.6000003814697265625</ele>
        <time>2026-09-01T10:49:27.000Z</time>
        <extensions>
          <ns3:TrackPointExtension>
            <ns3:hr>159</ns3:hr>
            <ns3:cad>88</ns3:cad>
          </ns3:TrackPointExtension>
        </extensions>
      </trkpt>
      <trkpt lat="31.21755908243358135223388671875" lon="121.3878879882395267486572265625">
        <ele>13.6000003814697265625</ele>
        <time>2026-09-01T10:49:28.000Z</time>
        <extensions>
          <ns3:TrackPointExtension>
            <ns3:hr>159</ns3:hr>
            <ns3:cad>89</ns3:cad>
          </ns3:TrackPointExtension>
        </extensions>
      </trkpt>
      <trkpt lat="31.21758406050503253936767578125" lon="121.3878977112472057342529296875">
        <ele>13.6000003814697265625</ele>
        <time>2026-09-01T10:49:29.000Z</time>
        <extensions>
          <ns3:TrackPointExtension>
            <ns3:hr>159</ns3:hr>
            <ns3:cad>89</ns3:cad>
          </ns3:TrackPointExtension>
        </extensions>
      </trkpt>
      <trkpt lat="31.217614151537418365478515625" lon="121.387904249131679534912109375">
        <ele>13.6000003814697265625</ele>
        <time>2026-09-01T10:49:30.000Z</time>
        <extensions>
          <ns3:TrackPointExtension>
            <ns3:hr>159</ns3:hr>
            <ns3:cad>89</ns3:cad>
          </ns3:TrackPointExtension>
        </extensions>
      </trkpt>
      <trkpt lat="31.21764105744659900665283203125" lon="121.38791707344353199005126953125">
        <ele>13.6000003814697265625</ele>
        <time>2026-09-01T10:49:31.000Z</time>
        <extensions>
          <ns3:TrackPointExtension>
            <ns3:hr>160</ns3:hr>
            <ns3:cad>88</ns3:cad>
          </ns3:TrackPointExtension>
        </extensions>
      </trkpt>
      <trkpt lat="31.2176649458706378936767578125" lon="121.3879287242889404296875">
        <ele>13.80000019073486328125</ele>
        <time>2026-09-01T10:49:32.000Z</time>
        <extensions>
          <ns3:TrackPointExtension>
            <ns3:hr>159</ns3:hr>
            <ns3:cad>87</ns3:cad>
          </ns3:TrackPointExtension>
        </extensions>
      </trkpt>
      <trkpt lat="31.217691935598850250244140625" lon="121.38794138096272945404052734375">
        <ele>13.80000019073486328125</ele>
        <time>2026-09-01T10:49:33.000Z</time>
        <extensions>
          <ns3:TrackPointExtension>
            <ns3:hr>159</ns3:hr>
            <ns3:cad>87</ns3:cad>
          </ns3:TrackPointExtension>
        </extensions>
      </trkpt>
      <trkpt lat="31.21771280653774738311767578125" lon="121.3879540376365184783935546875">
        <ele>13.80000019073486328125</ele>
        <time>2026-09-01T10:49:34.000Z</time>
        <extensions>
          <ns3:TrackPointExtension>
            <ns3:hr>159</ns3:hr>
            <ns3:cad>87</ns3:cad>
          </ns3:TrackPointExtension>
        </extensions>
      </trkpt>
      <trkpt lat="31.2177383713424205780029296875" lon="121.3879694603383541107177734375">
        <ele>13.80000019073486328125</ele>
        <time>2026-09-01T10:49:35.000Z</time>
        <extensions>
          <ns3:TrackPointExtension>
            <ns3:hr>159</ns3:hr>
            <ns3:cad>89</ns3:cad>
          </ns3:TrackPointExtension>
        </extensions>
      </trkpt>
      <trkpt lat="31.21775773353874683380126953125" lon="121.387978009879589080810546875">
        <ele>13.80000019073486328125</ele>
        <time>2026-09-01T10:49:36.000Z</time>
        <extensions>
          <ns3:TrackPointExtension>
            <ns3:hr>160</ns3:hr>
            <ns3:cad>89</ns3:cad>
          </ns3:TrackPointExtension>
        </extensions>
      </trkpt>
      <trkpt lat="31.2177879922091960906982421875" lon="121.38798840343952178955078125">
        <ele>13.80000019073486328125</ele>
        <time>2026-09-01T10:49:37.000Z</time>
        <extensions>
          <ns3:TrackPointExtension>
            <ns3:hr>159</ns3:hr>
            <ns3:cad>88</ns3:cad>
          </ns3:TrackPointExtension>
        </extensions>
      </trkpt>
      <trkpt lat="31.2178067676723003387451171875" lon="121.38799703679978847503662109375">
        <ele>13.80000019073486328125</ele>
        <time>2026-09-01T10:49:38.000Z</time>
        <extensions>
          <ns3:TrackPointExtension>
            <ns3:hr>159</ns3:hr>
            <ns3:cad>87</ns3:cad>
          </ns3:TrackPointExtension>
        </extensions>
      </trkpt>
      <trkpt lat="31.21783115901052951812744140625" lon="121.38800843618810176849365234375">
        <ele>13.80000019073486328125</ele>
        <time>2026-09-01T10:49:39.000Z</time>
        <extensions>
          <ns3:TrackPointExtension>
            <ns3:hr>159</ns3:hr>
            <ns3:cad>87</ns3:cad>
          </ns3:TrackPointExtension>
        </extensions>
      </trkpt>
      <trkpt lat="31.21785395778715610504150390625" lon="121.38801815919578075408935546875">
        <ele>13.80000019073486328125</ele>
        <time>2026-09-01T10:49:40.000Z</time>
        <extensions>
          <ns3:TrackPointExtension>
            <ns3:hr>159</ns3:hr>
            <ns3:cad>87</ns3:cad>
          </ns3:TrackPointExtension>
        </extensions>
      </trkpt>
      <trkpt lat="31.21787977404892444610595703125" lon="121.38803509064018726348876953125">
        <ele>13.80000019073486328125</ele>
        <time>2026-09-01T10:49:41.000Z</time>
        <extensions>
          <ns3:TrackPointExtension>
            <ns3:hr>159</ns3:hr>
            <ns3:cad>90</ns3:cad>
          </ns3:TrackPointExtension>
        </extensions>
      </trkpt>
      <trkpt lat="31.21789553202688694000244140625" lon="121.38804716058075428009033203125">
        <ele>13.80000019073486328125</ele>
        <time>2026-09-01T10:49:42.000Z</time>
        <extensions>
          <ns3:TrackPointExtension>
            <ns3:hr>159</ns3:hr>
            <ns3:cad>90</ns3:cad>
          </ns3:TrackPointExtension>
        </extensions>
      </trkpt>
      <trkpt lat="31.2179184146225452423095703125" lon="121.38805939815938472747802734375">
        <ele>13.80000019073486328125</ele>
        <time>2026-09-01T10:49:43.000Z</time>
        <extensions>
          <ns3:TrackPointExtension>
            <ns3:hr>159</ns3:hr>
            <ns3:cad>89</ns3:cad>
          </ns3:TrackPointExtension>
        </extensions>
      </trkpt>
      <trkpt lat="31.21794180013239383697509765625" lon="121.3880727253854274749755859375">
        <ele>13.80000019073486328125</ele>
        <time>2026-09-01T10:49:44.000Z</time>
        <extensions>
          <ns3:TrackPointExtension>
            <ns3:hr>159</ns3:hr>
            <ns3:cad>88</ns3:cad>
          </ns3:TrackPointExtension>
        </extensions>
      </trkpt>
      <trkpt lat="31.2179683707654476165771484375" lon="121.38807850889861583709716796875">
        <ele>13.80000019073486328125</ele>
        <time>2026-09-01T10:49:45.000Z</time>
        <extensions>
          <ns3:TrackPointExtension>
            <ns3:hr>160</ns3:hr>
            <ns3:cad>88</ns3:cad>
          </ns3:TrackPointExtension>
        </extensions>
      </trkpt>
      <trkpt lat="31.2179906666278839111328125" lon="121.3880821131169795989990234375">
        <ele>13.80000019073486328125</ele>
        <time>2026-09-01T10:49:46.000Z</time>
        <extensions>
          <ns3:TrackPointExtension>
            <ns3:hr>159</ns3:hr>
            <ns3:cad>88</ns3:cad>
          </ns3:TrackPointExtension>
        </extensions>
      </trkpt>
      <trkpt lat="31.21801438741385936737060546875" lon="121.388089321553707122802734375">
        <ele>13.80000019073486328125</ele>
        <time>2026-09-01T10:49:47.000Z</time>
        <extensions>
          <ns3:TrackPointExtension>
            <ns3:hr>159</ns3:hr>
            <ns3:cad>89</ns3:cad>
          </ns3:TrackPointExtension>
        </extensions>
      </trkpt>
      <trkpt lat="31.218035258352756500244140625" lon="121.38810449279844760894775390625">
        <ele>13.80000019073486328125</ele>
        <time>2026-09-01T10:49:48.000Z</time>
        <extensions>
          <ns3:TrackPointExtension>
            <ns3:hr>159</ns3:hr>
            <ns3:cad>89</ns3:cad>
          </ns3:TrackPointExtension>
        </extensions>
      </trkpt>
      <trkpt lat="31.21805596165359020233154296875" lon="121.38811974786221981048583984375">
        <ele>13.80000019073486328125</ele>
        <time>2026-09-01T10:49:49.000Z</time>
        <extensions>
          <ns3:TrackPointExtension>
            <ns3:hr>159</ns3:hr>
            <ns3:cad>89</ns3:cad>
          </ns3:TrackPointExtension>
        </extensions>
      </trkpt>
      <trkpt lat="31.21807591058313846588134765625" lon="121.38812980614602565765380859375">
        <ele>13.80000019073486328125</ele>
        <time>2026-09-01T10:49:50.000Z</time>
        <extensions>
          <ns3:TrackPointExtension>
            <ns3:hr>159</ns3:hr>
            <ns3:cad>88</ns3:cad>
          </ns3:TrackPointExtension>
        </extensions>
      </trkpt>
      <trkpt lat="31.21809921227395534515380859375" lon="121.38814137317240238189697265625">
        <ele>13.80000019073486328125</ele>
        <time>2026-09-01T10:49:51.000Z</time>
        <extensions>
          <ns3:TrackPointExtension>
            <ns3:hr>159</ns3:hr>
            <ns3:cad>88</ns3:cad>
          </ns3:TrackPointExtension>
        </extensions>
      </trkpt>
      <trkpt lat="31.218121089041233062744140625" lon="121.388155035674571990966796875">
        <ele>13.80000019073486328125</ele>
        <time>2026-09-01T10:49:52.000Z</time>
        <extensions>
          <ns3:TrackPointExtension>
            <ns3:hr>159</ns3:hr>
            <ns3:cad>88</ns3:cad>
          </ns3:TrackPointExtension>
        </extensions>
      </trkpt>
      <trkpt lat="31.21814799495041370391845703125" lon="121.388164423406124114990234375">
        <ele>13.80000019073486328125</ele>
        <time>2026-09-01T10:49:53.000Z</time>
        <extensions>
          <ns3:TrackPointExtension>
            <ns3:hr>160</ns3:hr>
            <ns3:cad>88</ns3:cad>
          </ns3:TrackPointExtension>
        </extensions>
      </trkpt>
      <trkpt lat="31.218174397945404052734375" lon="121.38817188329994678497314453125">
        <ele>13.80000019073486328125</ele>
        <time>2026-09-01T10:49:54.000Z</time>
        <extensions>
          <ns3:TrackPointExtension>
            <ns3:hr>159</ns3:hr>
            <ns3:cad>89</ns3:cad>
          </ns3:TrackPointExtension>
        </extensions>
      </trkpt>
      <trkpt lat="31.21819660998880863189697265625" lon="121.3881821930408477783203125">
        <ele>13.6000003814697265625</ele>
        <time>2026-09-01T10:49:55.000Z</time>
        <extensions>
          <ns3:TrackPointExtension>
            <ns3:hr>159</ns3:hr>
            <ns3:cad>89</ns3:cad>
          </ns3:TrackPointExtension>
        </extensions>
      </trkpt>
      <trkpt lat="31.21821991167962551116943359375" lon="121.3881977833807468414306640625">
        <ele>13.80000019073486328125</ele>
        <time>2026-09-01T10:49:56.000Z</time>
        <extensions>
          <ns3:TrackPointExtension>
            <ns3:hr>160</ns3:hr>
            <ns3:cad>88</ns3:cad>
          </ns3:TrackPointExtension>
        </extensions>
      </trkpt>
      <trkpt lat="31.218241117894649505615234375" lon="121.38820876367390155792236328125">
        <ele>13.80000019073486328125</ele>
        <time>2026-09-01T10:49:57.000Z</time>
        <extensions>
          <ns3:TrackPointExtension>
            <ns3:hr>159</ns3:hr>
            <ns3:cad>87</ns3:cad>
          </ns3:TrackPointExtension>
        </extensions>
      </trkpt>
      <trkpt lat="31.21826768852770328521728515625" lon="121.388222090899944305419921875">
        <ele>13.80000019073486328125</ele>
        <time>2026-09-01T10:49:58.000Z</time>
        <extensions>
          <ns3:TrackPointExtension>
            <ns3:hr>159</ns3:hr>
            <ns3:cad>87</ns3:cad>
          </ns3:TrackPointExtension>
        </extensions>
      </trkpt>
      <trkpt lat="31.2182888947427272796630859375" lon="121.38823206536471843719482421875">
        <ele>13.80000019073486328125</ele>
        <time>2026-09-01T10:49:59.000Z</time>
        <extensions>
          <ns3:TrackPointExtension>
            <ns3:hr>159</ns3:hr>
            <ns3:cad>88</ns3:cad>
          </ns3:TrackPointExtension>
        </extensions>
      </trkpt>
      <trkpt lat="31.218314878642559051513671875" lon="121.38824279420077800750732421875">
        <ele>13.80000019073486328125</ele>
        <time>2026-09-01T10:50:00.000Z</time>
        <extensions>
          <ns3:TrackPointExtension>
            <ns3:hr>159</ns3:hr>
            <ns3:cad>90</ns3:cad>
          </ns3:TrackPointExtension>
        </extensions>
      </trkpt>
      <trkpt lat="31.21833600103855133056640625" lon="121.38824966736137866973876953125">
        <ele>13.80000019073486328125</ele>
        <time>2026-09-01T10:50:01.000Z</time>
        <extensions>
          <ns3:TrackPointExtension>
            <ns3:hr>159</ns3:hr>
            <ns3:cad>90</ns3:cad>
          </ns3:TrackPointExtension>
        </extensions>
      </trkpt>
      <trkpt lat="31.21835972182452678680419921875" lon="121.38826425187289714813232421875">
        <ele>13.6000003814697265625</ele>
        <time>2026-09-01T10:50:02.000Z</time>
        <extensions>
          <ns3:TrackPointExtension>
            <ns3:hr>159</ns3:hr>
            <ns3:cad>89</ns3:cad>
          </ns3:TrackPointExtension>
        </extensions>
      </trkpt>
      <trkpt lat="31.21837799437344074249267578125" lon="121.38827078975737094879150390625">
        <ele>13.80000019073486328125</ele>
        <time>2026-09-01T10:50:03.000Z</time>
        <extensions>
          <ns3:TrackPointExtension>
            <ns3:hr>159</ns3:hr>
            <ns3:cad>88</ns3:cad>
          </ns3:TrackPointExtension>
        </extensions>
      </trkpt>
      <trkpt lat="31.2184015475213527679443359375" lon="121.3882849551737308502197265625">
        <ele>13.80000019073486328125</ele>
        <time>2026-09-01T10:50:04.000Z</time>
        <extensions>
          <ns3:TrackPointExtension>
            <ns3:hr>159</ns3:hr>
            <ns3:cad>88</ns3:cad>
          </ns3:TrackPointExtension>
        </extensions>
      </trkpt>
      <trkpt lat="31.2184240110218524932861328125" lon="121.38828906230628490447998046875">
        <ele>13.80000019073486328125</ele>
        <time>2026-09-01T10:50:05.000Z</time>
        <extensions>
          <ns3:TrackPointExtension>
            <ns3:hr>159</ns3:hr>
            <ns3:cad>88</ns3:cad>
          </ns3:TrackPointExtension>
        </extensions>
      </trkpt>
      <trkpt lat="31.218443624675273895263671875" lon="121.388299874961376190185546875">
        <ele>13.80000019073486328125</ele>
        <time>2026-09-01T10:50:06.000Z</time>
        <extensions>
          <ns3:TrackPointExtension>
            <ns3:hr>159</ns3:hr>
            <ns3:cad>89</ns3:cad>
          </ns3:TrackPointExtension>
        </extensions>
      </trkpt>
      <trkpt lat="31.2184675969183444976806640625" lon="121.38830431737005710601806640625">
        <ele>13.80000019073486328125</ele>
        <time>2026-09-01T10:50:07.000Z</time>
        <extensions>
          <ns3:TrackPointExtension>
            <ns3:hr>159</ns3:hr>
            <ns3:cad>89</ns3:cad>
          </ns3:TrackPointExtension>
        </extensions>
      </trkpt>
      <trkpt lat="31.21849349699914455413818359375" lon="121.38831160962581634521484375">
        <ele>13.80000019073486328125</ele>
        <time>2026-09-01T10:50:08.000Z</time>
        <extensions>
          <ns3:TrackPointExtension>
            <ns3:hr>159</ns3:hr>
            <ns3:cad>88</ns3:cad>
          </ns3:TrackPointExtension>
        </extensions>
      </trkpt>
      <trkpt lat="31.218519397079944610595703125" lon="121.388314627110958099365234375">
        <ele>13.80000019073486328125</ele>
        <time>2026-09-01T10:50:09.000Z</time>
        <extensions>
          <ns3:TrackPointExtension>
            <ns3:hr>159</ns3:hr>
            <ns3:cad>88</ns3:cad>
          </ns3:TrackPointExtension>
        </extensions>
      </trkpt>
      <trkpt lat="31.2185537628829479217529296875" lon="121.388320662081241607666015625">
        <ele>14</ele>
        <time>2026-09-01T10:50:10.000Z</time>
        <extensions>
          <ns3:TrackPointExtension>
            <ns3:hr>158</ns3:hr>
            <ns3:cad>88</ns3:cad>
          </ns3:TrackPointExtension>
        </extensions>
      </trkpt>
      <trkpt lat="31.21858008205890655517578125" lon="121.38832569122314453125">
        <ele>14</ele>
        <time>2026-09-01T10:50:11.000Z</time>
        <extensions>
          <ns3:TrackPointExtension>
            <ns3:hr>159</ns3:hr>
            <ns3:cad>88</ns3:cad>
          </ns3:TrackPointExtension>
        </extensions>
      </trkpt>
      <trkpt lat="31.21860690414905548095703125" lon="121.388332732021808624267578125">
        <ele>14</ele>
        <time>2026-09-01T10:50:12.000Z</time>
        <extensions>
          <ns3:TrackPointExtension>
            <ns3:hr>159</ns3:hr>
            <ns3:cad>89</ns3:cad>
          </ns3:TrackPointExtension>
        </extensions>
      </trkpt>
      <trkpt lat="31.21863246895372867584228515625" lon="121.3883335702121257781982421875">
        <ele>14</ele>
        <time>2026-09-01T10:50:13.000Z</time>
        <extensions>
          <ns3:TrackPointExtension>
            <ns3:hr>158</ns3:hr>
            <ns3:cad>89</ns3:cad>
          </ns3:TrackPointExtension>
        </extensions>
      </trkpt>
      <trkpt lat="31.21865945868194103240966796875" lon="121.3883385993540287017822265625">
        <ele>13.80000019073486328125</ele>
        <time>2026-09-01T10:50:14.000Z</time>
        <extensions>
          <ns3:TrackPointExtension>
            <ns3:hr>158</ns3:hr>
            <ns3:cad>89</ns3:cad>
          </ns3:TrackPointExtension>
        </extensions>
      </trkpt>
      <trkpt lat="31.21868141926825046539306640625" lon="121.38833977282047271728515625">
        <ele>13.80000019073486328125</ele>
        <time>2026-09-01T10:50:15.000Z</time>
        <extensions>
          <ns3:TrackPointExtension>
            <ns3:hr>158</ns3:hr>
            <ns3:cad>88</ns3:cad>
          </ns3:TrackPointExtension>
        </extensions>
      </trkpt>
      <trkpt lat="31.21871058829128742218017578125" lon="121.388345472514629364013671875">
        <ele>13.80000019073486328125</ele>
        <time>2026-09-01T10:50:16.000Z</time>
        <extensions>
          <ns3:TrackPointExtension>
            <ns3:hr>159</ns3:hr>
            <ns3:cad>88</ns3:cad>
          </ns3:TrackPointExtension>
        </extensions>
      </trkpt>
      <trkpt lat="31.21873523108661174774169921875" lon="121.388350836932659149169921875">
        <ele>13.80000019073486328125</ele>
        <time>2026-09-01T10:50:17.000Z</time>
        <extensions>
          <ns3:TrackPointExtension>
            <ns3:hr>159</ns3:hr>
            <ns3:cad>88</ns3:cad>
          </ns3:TrackPointExtension>
        </extensions>
      </trkpt>
      <trkpt lat="31.218762136995792388916015625" lon="121.3883499987423419952392578125">
        <ele>13.80000019073486328125</ele>
        <time>2026-09-01T10:50:18.000Z</time>
        <extensions>
          <ns3:TrackPointExtension>
            <ns3:hr>159</ns3:hr>
            <ns3:cad>88</ns3:cad>
          </ns3:TrackPointExtension>
        </extensions>
      </trkpt>
      <trkpt lat="31.21879356913268566131591796875" lon="121.38835326768457889556884765625">
        <ele>14</ele>
        <time>2026-09-01T10:50:19.000Z</time>
        <extensions>
          <ns3:TrackPointExtension>
            <ns3:hr>159</ns3:hr>
            <ns3:cad>88</ns3:cad>
          </ns3:TrackPointExtension>
        </extensions>
      </trkpt>
      <trkpt lat="31.2188179604709148406982421875" lon="121.3883530162274837493896484375">
        <ele>14</ele>
        <time>2026-09-01T10:50:20.000Z</time>
        <extensions>
          <ns3:TrackPointExtension>
            <ns3:hr>159</ns3:hr>
            <ns3:cad>88</ns3:cad>
          </ns3:TrackPointExtension>
        </extensions>
      </trkpt>
      <trkpt lat="31.218843273818492889404296875" lon="121.38836248777806758880615234375">
        <ele>14</ele>
        <time>2026-09-01T10:50:21.000Z</time>
        <extensions>
          <ns3:TrackPointExtension>
            <ns3:hr>158</ns3:hr>
            <ns3:cad>88</ns3:cad>
          </ns3:TrackPointExtension>
        </extensions>
      </trkpt>
      <trkpt lat="31.2188648991286754608154296875" lon="121.38836751691997051239013671875">
        <ele>14</ele>
        <time>2026-09-01T10:50:22.000Z</time>
        <extensions>
          <ns3:TrackPointExtension>
            <ns3:hr>159</ns3:hr>
            <ns3:cad>87</ns3:cad>
          </ns3:TrackPointExtension>
        </extensions>
      </trkpt>
      <trkpt lat="31.2188927270472049713134765625" lon="121.3883734680712223052978515625">
        <ele>14</ele>
        <time>2026-09-01T10:50:23.000Z</time>
        <extensions>
          <ns3:TrackPointExtension>
            <ns3:hr>159</ns3:hr>
            <ns3:cad>87</ns3:cad>
          </ns3:TrackPointExtension>
        </extensions>
      </trkpt>
      <trkpt lat="31.21891259215772151947021484375" lon="121.3883811794221401214599609375">
        <ele>14.19999980926513671875</ele>
        <time>2026-09-01T10:50:24.000Z</time>
        <extensions>
          <ns3:TrackPointExtension>
            <ns3:hr>159</ns3:hr>
            <ns3:cad>87</ns3:cad>
          </ns3:TrackPointExtension>
        </extensions>
      </trkpt>
      <trkpt lat="31.21893874369561672210693359375" lon="121.3883912377059459686279296875">
        <ele>14.19999980926513671875</ele>
        <time>2026-09-01T10:50:25.000Z</time>
        <extensions>
          <ns3:TrackPointExtension>
            <ns3:hr>159</ns3:hr>
            <ns3:cad>89</ns3:cad>
          </ns3:TrackPointExtension>
        </extensions>
      </trkpt>
      <trkpt lat="31.21896405704319477081298828125" lon="121.388392746448516845703125">
        <ele>14.19999980926513671875</ele>
        <time>2026-09-01T10:50:26.000Z</time>
        <extensions>
          <ns3:TrackPointExtension>
            <ns3:hr>159</ns3:hr>
            <ns3:cad>89</ns3:cad>
          </ns3:TrackPointExtension>
        </extensions>
      </trkpt>
      <trkpt lat="31.2189929746091365814208984375" lon="121.38839542865753173828125">
        <ele>14.19999980926513671875</ele>
        <time>2026-09-01T10:50:27.000Z</time>
        <extensions>
          <ns3:TrackPointExtension>
            <ns3:hr>158</ns3:hr>
            <ns3:cad>88</ns3:cad>
          </ns3:TrackPointExtension>
        </extensions>
      </trkpt>
      <trkpt lat="31.21901317499577999114990234375" lon="121.38839433901011943817138671875">
        <ele>14</ele>
        <time>2026-09-01T10:50:28.000Z</time>
        <extensions>
          <ns3:TrackPointExtension>
            <ns3:hr>159</ns3:hr>
            <ns3:cad>88</ns3:cad>
          </ns3:TrackPointExtension>
        </extensions>
      </trkpt>
      <trkpt lat="31.21903547085821628570556640625" lon="121.38840238563716411590576171875">
        <ele>14</ele>
        <time>2026-09-01T10:50:29.000Z</time>
        <extensions>
          <ns3:TrackPointExtension>
            <ns3:hr>159</ns3:hr>
            <ns3:cad>88</ns3:cad>
          </ns3:TrackPointExtension>
        </extensions>
      </trkpt>
      <trkpt lat="31.21905860491096973419189453125" lon="121.38840456493198871612548828125">
        <ele>14</ele>
        <time>2026-09-01T10:50:30.000Z</time>
        <extensions>
          <ns3:TrackPointExtension>
            <ns3:hr>159</ns3:hr>
            <ns3:cad>88</ns3:cad>
          </ns3:TrackPointExtension>
        </extensions>
      </trkpt>
      <trkpt lat="31.21908308006823062896728515625" lon="121.38840615749359130859375">
        <ele>14</ele>
        <time>2026-09-01T10:50:31.000Z</time>
        <extensions>
          <ns3:TrackPointExtension>
            <ns3:hr>158</ns3:hr>
            <ns3:cad>89</ns3:cad>
          </ns3:TrackPointExtension>
        </extensions>
      </trkpt>
      <trkpt lat="31.21910587884485721588134765625" lon="121.38840540312230587005615234375">
        <ele>14</ele>
        <time>2026-09-01T10:50:32.000Z</time>
        <extensions>
          <ns3:TrackPointExtension>
            <ns3:hr>159</ns3:hr>
            <ns3:cad>89</ns3:cad>
          </ns3:TrackPointExtension>
        </extensions>
      </trkpt>
      <trkpt lat="31.219132281839847564697265625" lon="121.38840506784617900848388671875">
        <ele>14</ele>
        <time>2026-09-01T10:50:33.000Z</time>
        <extensions>
          <ns3:TrackPointExtension>
            <ns3:hr>159</ns3:hr>
            <ns3:cad>88</ns3:cad>
          </ns3:TrackPointExtension>
        </extensions>
      </trkpt>
      <trkpt lat="31.2191586010158061981201171875" lon="121.38840414583683013916015625">
        <ele>14</ele>
        <time>2026-09-01T10:50:34.000Z</time>
        <extensions>
          <ns3:TrackPointExtension>
            <ns3:hr>158</ns3:hr>
            <ns3:cad>88</ns3:cad>
          </ns3:TrackPointExtension>
        </extensions>
      </trkpt>
      <trkpt lat="31.2191881053149700164794921875" lon="121.38839542865753173828125">
        <ele>14.19999980926513671875</ele>
        <time>2026-09-01T10:50:35.000Z</time>
        <extensions>
          <ns3:TrackPointExtension>
            <ns3:hr>159</ns3:hr>
            <ns3:cad>88</ns3:cad>
          </ns3:TrackPointExtension>
        </extensions>
      </trkpt>
      <trkpt lat="31.21921442449092864990234375" lon="121.38838880695402622222900390625">
        <ele>14.19999980926513671875</ele>
        <time>2026-09-01T10:50:36.000Z</time>
        <extensions>
          <ns3:TrackPointExtension>
            <ns3:hr>159</ns3:hr>
            <ns3:cad>88</ns3:cad>
          </ns3:TrackPointExtension>
        </extensions>
      </trkpt>
      <trkpt lat="31.21924434788525104522705078125" lon="121.3883815146982669830322265625">
        <ele>14.19999980926513671875</ele>
        <time>2026-09-01T10:50:37.000Z</time>
        <extensions>
          <ns3:TrackPointExtension>
            <ns3:hr>159</ns3:hr>
            <ns3:cad>88</ns3:cad>
          </ns3:TrackPointExtension>
        </extensions>
      </trkpt>
      <trkpt lat="31.21926672756671905517578125" lon="121.38838310725986957550048828125">
        <ele>14</ele>
        <time>2026-09-01T10:50:38.000Z</time>
        <extensions>
          <ns3:TrackPointExtension>
            <ns3:hr>159</ns3:hr>
            <ns3:cad>89</ns3:cad>
          </ns3:TrackPointExtension>
        </extensions>
      </trkpt>
      <trkpt lat="31.219295561313629150390625" lon="121.38838327489793300628662109375">
        <ele>14</ele>
        <time>2026-09-01T10:50:39.000Z</time>
        <extensions>
          <ns3:TrackPointExtension>
            <ns3:hr>159</ns3:hr>
            <ns3:cad>89</ns3:cad>
          </ns3:TrackPointExtension>
        </extensions>
      </trkpt>
      <trkpt lat="31.21932045556604862213134765625" lon="121.388377659022808074951171875">
        <ele>14</ele>
        <time>2026-09-01T10:50:40.000Z</time>
        <extensions>
          <ns3:TrackPointExtension>
            <ns3:hr>159</ns3:hr>
            <ns3:cad>89</ns3:cad>
          </ns3:TrackPointExtension>
        </extensions>
      </trkpt>
      <trkpt lat="31.219344176352024078369140625" lon="121.38837522827088832855224609375">
        <ele>14</ele>
        <time>2026-09-01T10:50:41.000Z</time>
        <extensions>
          <ns3:TrackPointExtension>
            <ns3:hr>159</ns3:hr>
            <ns3:cad>89</ns3:cad>
          </ns3:TrackPointExtension>
        </extensions>
      </trkpt>
      <trkpt lat="31.219366304576396942138671875" lon="121.3883744738996028900146484375">
        <ele>14</ele>
        <time>2026-09-01T10:50:42.000Z</time>
        <extensions>
          <ns3:TrackPointExtension>
            <ns3:hr>159</ns3:hr>
            <ns3:cad>89</ns3:cad>
          </ns3:TrackPointExtension>
        </extensions>
      </trkpt>
      <trkpt lat="31.2193912826478481292724609375" lon="121.3883691094815731048583984375">
        <ele>14.19999980926513671875</ele>
        <time>2026-09-01T10:50:43.000Z</time>
        <extensions>
          <ns3:TrackPointExtension>
            <ns3:hr>159</ns3:hr>
            <ns3:cad>90</ns3:cad>
          </ns3:TrackPointExtension>
        </extensions>
      </trkpt>
      <trkpt lat="31.21941818855702877044677734375" lon="121.38836634345352649688720703125">
        <ele>14.19999980926513671875</ele>
        <time>2026-09-01T10:50:44.000Z</time>
        <extensions>
          <ns3:TrackPointExtension>
            <ns3:hr>159</ns3:hr>
            <ns3:cad>90</ns3:cad>
          </ns3:TrackPointExtension>
        </extensions>
      </trkpt>
      <trkpt lat="31.21944366954267024993896484375" lon="121.38836659491062164306640625">
        <ele>14.19999980926513671875</ele>
        <time>2026-09-01T10:50:45.000Z</time>
        <extensions>
          <ns3:TrackPointExtension>
            <ns3:hr>159</ns3:hr>
            <ns3:cad>90</ns3:cad>
          </ns3:TrackPointExtension>
        </extensions>
      </trkpt>
      <trkpt lat="31.21947082690894603729248046875" lon="121.38836600817739963531494140625">
        <ele>14.19999980926513671875</ele>
        <time>2026-09-01T10:50:46.000Z</time>
        <extensions>
          <ns3:TrackPointExtension>
            <ns3:hr>159</ns3:hr>
            <ns3:cad>89</ns3:cad>
          </ns3:TrackPointExtension>
        </extensions>
      </trkpt>
      <trkpt lat="31.21949278749525547027587890625" lon="121.38835829682648181915283203125">
        <ele>14.19999980926513671875</ele>
        <time>2026-09-01T10:50:47.000Z</time>
        <extensions>
          <ns3:TrackPointExtension>
            <ns3:hr>159</ns3:hr>
            <ns3:cad>88</ns3:cad>
          </ns3:TrackPointExtension>
        </extensions>
      </trkpt>
      <trkpt lat="31.2195160053670406341552734375" lon="121.38835863210260868072509765625">
        <ele>14.19999980926513671875</ele>
        <time>2026-09-01T10:50:48.000Z</time>
        <extensions>
          <ns3:TrackPointExtension>
            <ns3:hr>160</ns3:hr>
            <ns3:cad>88</ns3:cad>
          </ns3:TrackPointExtension>
        </extensions>
      </trkpt>
      <trkpt lat="31.21953385882079601287841796875" lon="121.3883550278842449188232421875">
        <ele>14.19999980926513671875</ele>
        <time>2026-09-01T10:50:49.000Z</time>
        <extensions>
          <ns3:TrackPointExtension>
            <ns3:hr>160</ns3:hr>
            <ns3:cad>89</ns3:cad>
          </ns3:TrackPointExtension>
        </extensions>
      </trkpt>
      <trkpt lat="31.21955850161612033843994140625" lon="121.38835594989359378814697265625">
        <ele>14.19999980926513671875</ele>
        <time>2026-09-01T10:50:50.000Z</time>
        <extensions>
          <ns3:TrackPointExtension>
            <ns3:hr>160</ns3:hr>
            <ns3:cad>90</ns3:cad>
          </ns3:TrackPointExtension>
        </extensions>
      </trkpt>
      <trkpt lat="31.219576857984066009521484375" lon="121.3883587159216403961181640625">
        <ele>14.19999980926513671875</ele>
        <time>2026-09-01T10:50:51.000Z</time>
        <extensions>
          <ns3:TrackPointExtension>
            <ns3:hr>160</ns3:hr>
            <ns3:cad>90</ns3:cad>
          </ns3:TrackPointExtension>
        </extensions>
      </trkpt>
      <trkpt lat="31.2195994891226291656494140625" lon="121.38835988938808441162109375">
        <ele>14.19999980926513671875</ele>
        <time>2026-09-01T10:50:52.000Z</time>
        <extensions>
          <ns3:TrackPointExtension>
            <ns3:hr>160</ns3:hr>
            <ns3:cad>89</ns3:cad>
          </ns3:TrackPointExtension>
        </extensions>
      </trkpt>
      <trkpt lat="31.21962220408022403717041015625" lon="121.38835360296070575714111328125">
        <ele>14.19999980926513671875</ele>
        <time>2026-09-01T10:50:53.000Z</time>
        <extensions>
          <ns3:TrackPointExtension>
            <ns3:hr>160</ns3:hr>
            <ns3:cad>89</ns3:cad>
          </ns3:TrackPointExtension>
        </extensions>
      </trkpt>
      <trkpt lat="31.219649948179721832275390625" lon="121.3883565366268157958984375">
        <ele>14.19999980926513671875</ele>
        <time>2026-09-01T10:50:54.000Z</time>
        <extensions>
          <ns3:TrackPointExtension>
            <ns3:hr>160</ns3:hr>
            <ns3:cad>89</ns3:cad>
          </ns3:TrackPointExtension>
        </extensions>
      </trkpt>
      <trkpt lat="31.21967299841344356536865234375" lon="121.3883533515036106109619140625">
        <ele>14.19999980926513671875</ele>
        <time>2026-09-01T10:50:55.000Z</time>
        <extensions>
          <ns3:TrackPointExtension>
            <ns3:hr>160</ns3:hr>
            <ns3:cad>89</ns3:cad>
          </ns3:TrackPointExtension>
        </extensions>
      </trkpt>
      <trkpt lat="31.21970568783581256866455078125" lon="121.38835544697940349578857421875">
        <ele>14.19999980926513671875</ele>
        <time>2026-09-01T10:50:56.000Z</time>
        <extensions>
          <ns3:TrackPointExtension>
            <ns3:hr>160</ns3:hr>
            <ns3:cad>90</ns3:cad>
          </ns3:TrackPointExtension>
        </extensions>
      </trkpt>
      <trkpt lat="31.21972882188856601715087890625" lon="121.388346813619136810302734375">
        <ele>14.3999996185302734375</ele>
        <time>2026-09-01T10:50:57.000Z</time>
        <extensions>
          <ns3:TrackPointExtension>
            <ns3:hr>160</ns3:hr>
            <ns3:cad>90</ns3:cad>
          </ns3:TrackPointExtension>
        </extensions>
      </trkpt>
      <trkpt lat="31.21975815854966640472412109375" lon="121.38834513723850250244140625">
        <ele>14.3999996185302734375</ele>
        <time>2026-09-01T10:50:58.000Z</time>
        <extensions>
          <ns3:TrackPointExtension>
            <ns3:hr>160</ns3:hr>
            <ns3:cad>89</ns3:cad>
          </ns3:TrackPointExtension>
        </extensions>
      </trkpt>
      <trkpt lat="31.21978380717337131500244140625" lon="121.3883416168391704559326171875">
        <ele>14.3999996185302734375</ele>
        <time>2026-09-01T10:50:59.000Z</time>
        <extensions>
          <ns3:TrackPointExtension>
            <ns3:hr>161</ns3:hr>
            <ns3:cad>87</ns3:cad>
          </ns3:TrackPointExtension>
        </extensions>
      </trkpt>
      <trkpt lat="31.21981716714799404144287109375" lon="121.388340778648853302001953125">
        <ele>14.3999996185302734375</ele>
        <time>2026-09-01T10:51:00.000Z</time>
        <extensions>
          <ns3:TrackPointExtension>
            <ns3:hr>160</ns3:hr>
            <ns3:cad>87</ns3:cad>
          </ns3:TrackPointExtension>
        </extensions>
      </trkpt>
      <trkpt lat="31.2198435701429843902587890625" lon="121.38833482749760150909423828125">
        <ele>14.3999996185302734375</ele>
        <time>2026-09-01T10:51:01.000Z</time>
        <extensions>
          <ns3:TrackPointExtension>
            <ns3:hr>160</ns3:hr>
            <ns3:cad>87</ns3:cad>
          </ns3:TrackPointExtension>
        </extensions>
      </trkpt>
      <trkpt lat="31.21987500227987766265869140625" lon="121.38832543976604938507080078125">
        <ele>14.6000003814697265625</ele>
        <time>2026-09-01T10:51:02.000Z</time>
        <extensions>
          <ns3:TrackPointExtension>
            <ns3:hr>161</ns3:hr>
            <ns3:cad>89</ns3:cad>
          </ns3:TrackPointExtension>
        </extensions>
      </trkpt>
      <trkpt lat="31.21989126317203044891357421875" lon="121.38830800540745258331298828125">
        <ele>14.6000003814697265625</ele>
        <time>2026-09-01T10:51:03.000Z</time>
        <extensions>
          <ns3:TrackPointExtension>
            <ns3:hr>160</ns3:hr>
            <ns3:cad>89</ns3:cad>
          </ns3:TrackPointExtension>
        </extensions>
      </trkpt>
      <trkpt lat="31.21990635059773921966552734375" lon="121.3882819376885890960693359375">
        <ele>14.6000003814697265625</ele>
        <time>2026-09-01T10:51:04.000Z</time>
        <extensions>
          <ns3:TrackPointExtension>
            <ns3:hr>160</ns3:hr>
            <ns3:cad>89</ns3:cad>
          </ns3:TrackPointExtension>
        </extensions>
      </trkpt>
      <trkpt lat="31.21991422958672046661376953125" lon="121.3882574625313282012939453125">
        <ele>14.6000003814697265625</ele>
        <time>2026-09-01T10:51:05.000Z</time>
        <extensions>
          <ns3:TrackPointExtension>
            <ns3:hr>161</ns3:hr>
            <ns3:cad>88</ns3:cad>
          </ns3:TrackPointExtension>
        </extensions>
      </trkpt>
      <trkpt lat="31.21992311440408229827880859375" lon="121.38823105953633785247802734375">
        <ele>14.6000003814697265625</ele>
        <time>2026-09-01T10:51:06.000Z</time>
        <extensions>
          <ns3:TrackPointExtension>
            <ns3:hr>160</ns3:hr>
            <ns3:cad>87</ns3:cad>
          </ns3:TrackPointExtension>
        </extensions>
      </trkpt>
      <trkpt lat="31.21993300504982471466064453125" lon="121.3882028125226497650146484375">
        <ele>14.80000019073486328125</ele>
        <time>2026-09-01T10:51:07.000Z</time>
        <extensions>
          <ns3:TrackPointExtension>
            <ns3:hr>160</ns3:hr>
            <ns3:cad>87</ns3:cad>
          </ns3:TrackPointExtension>
        </extensions>
      </trkpt>
      <trkpt lat="31.2199401296675205230712890625" lon="121.3881769962608814239501953125">
        <ele>14.80000019073486328125</ele>
        <time>2026-09-01T10:51:08.000Z</time>
        <extensions>
          <ns3:TrackPointExtension>
            <ns3:hr>161</ns3:hr>
            <ns3:cad>87</ns3:cad>
          </ns3:TrackPointExtension>
        </extensions>
      </trkpt>
      <trkpt lat="31.21994708664715290069580078125" lon="121.38814338482916355133056640625">
        <ele>15</ele>
        <time>2026-09-01T10:51:09.000Z</time>
        <extensions>
          <ns3:TrackPointExtension>
            <ns3:hr>161</ns3:hr>
            <ns3:cad>88</ns3:cad>
          </ns3:TrackPointExtension>
        </extensions>
      </trkpt>
      <trkpt lat="31.21994289569556713104248046875" lon="121.38811320997774600982666015625">
        <ele>15</ele>
        <time>2026-09-01T10:51:10.000Z</time>
        <extensions>
          <ns3:TrackPointExtension>
            <ns3:hr>160</ns3:hr>
            <ns3:cad>88</ns3:cad>
          </ns3:TrackPointExtension>
        </extensions>
      </trkpt>
      <trkpt lat="31.2199459969997406005859375" lon="121.38808169402182102203369140625">
        <ele>15</ele>
        <time>2026-09-01T10:51:11.000Z</time>
        <extensions>
          <ns3:TrackPointExtension>
            <ns3:hr>160</ns3:hr>
            <ns3:cad>88</ns3:cad>
          </ns3:TrackPointExtension>
        </extensions>
      </trkpt>
      <trkpt lat="31.21994406916201114654541015625" lon="121.38805353082716464996337890625">
        <ele>15</ele>
        <time>2026-09-01T10:51:12.000Z</time>
        <extensions>
          <ns3:TrackPointExtension>
            <ns3:hr>160</ns3:hr>
            <ns3:cad>88</ns3:cad>
          </ns3:TrackPointExtension>
        </extensions>
      </trkpt>
      <trkpt lat="31.21994264423847198486328125" lon="121.38802461326122283935546875">
        <ele>15</ele>
        <time>2026-09-01T10:51:13.000Z</time>
        <extensions>
          <ns3:TrackPointExtension>
            <ns3:hr>160</ns3:hr>
            <ns3:cad>88</ns3:cad>
          </ns3:TrackPointExtension>
        </extensions>
      </trkpt>
      <trkpt lat="31.2199401296675205230712890625" lon="121.38799804262816905975341796875">
        <ele>15</ele>
        <time>2026-09-01T10:51:14.000Z</time>
        <extensions>
          <ns3:TrackPointExtension>
            <ns3:hr>160</ns3:hr>
            <ns3:cad>89</ns3:cad>
          </ns3:TrackPointExtension>
        </extensions>
      </trkpt>
      <trkpt lat="31.2199325859546661376953125" lon="121.3879651017487049102783203125">
        <ele>15</ele>
        <time>2026-09-01T10:51:15.000Z</time>
        <extensions>
          <ns3:TrackPointExtension>
            <ns3:hr>161</ns3:hr>
            <ns3:cad>90</ns3:cad>
          </ns3:TrackPointExtension>
        </extensions>
      </trkpt>
      <trkpt lat="31.21992110274732112884521484375" lon="121.387937776744365692138671875">
        <ele>15</ele>
        <time>2026-09-01T10:51:16.000Z</time>
        <extensions>
          <ns3:TrackPointExtension>
            <ns3:hr>161</ns3:hr>
            <ns3:cad>90</ns3:cad>
          </ns3:TrackPointExtension>
        </extensions>
      </trkpt>
      <trkpt lat="31.219917498528957366943359375" lon="121.38790450058877468109130859375">
        <ele>15</ele>
        <time>2026-09-01T10:51:17.000Z</time>
        <extensions>
          <ns3:TrackPointExtension>
            <ns3:hr>161</ns3:hr>
            <ns3:cad>88</ns3:cad>
          </ns3:TrackPointExtension>
        </extensions>
      </trkpt>
      <trkpt lat="31.2199133075773715972900390625" lon="121.3878812827169895172119140625">
        <ele>14.80000019073486328125</ele>
        <time>2026-09-01T10:51:18.000Z</time>
        <extensions>
          <ns3:TrackPointExtension>
            <ns3:hr>161</ns3:hr>
            <ns3:cad>88</ns3:cad>
          </ns3:TrackPointExtension>
        </extensions>
      </trkpt>
      <trkpt lat="31.219916157424449920654296875" lon="121.387850604951381683349609375">
        <ele>14.80000019073486328125</ele>
        <time>2026-09-01T10:51:19.000Z</time>
        <extensions>
          <ns3:TrackPointExtension>
            <ns3:hr>161</ns3:hr>
            <ns3:cad>87</ns3:cad>
          </ns3:TrackPointExtension>
        </extensions>
      </trkpt>
      <trkpt lat="31.21991313993930816650390625" lon="121.387823112308979034423828125">
        <ele>15</ele>
        <time>2026-09-01T10:51:20.000Z</time>
        <extensions>
          <ns3:TrackPointExtension>
            <ns3:hr>161</ns3:hr>
            <ns3:cad>88</ns3:cad>
          </ns3:TrackPointExtension>
        </extensions>
      </trkpt>
      <trkpt lat="31.21991205029189586639404296875" lon="121.3877900876104831695556640625">
        <ele>14.80000019073486328125</ele>
        <time>2026-09-01T10:51:21.000Z</time>
        <extensions>
          <ns3:TrackPointExtension>
            <ns3:hr>161</ns3:hr>
            <ns3:cad>89</ns3:cad>
          </ns3:TrackPointExtension>
        </extensions>
      </trkpt>
      <trkpt lat="31.219915486872196197509765625" lon="121.38776200823485851287841796875">
        <ele>15</ele>
        <time>2026-09-01T10:51:22.000Z</time>
        <extensions>
          <ns3:TrackPointExtension>
            <ns3:hr>161</ns3:hr>
            <ns3:cad>89</ns3:cad>
          </ns3:TrackPointExtension>
        </extensions>
      </trkpt>
      <trkpt lat="31.2199203483760356903076171875" lon="121.387733928859233856201171875">
        <ele>15</ele>
        <time>2026-09-01T10:51:23.000Z</time>
        <extensions>
          <ns3:TrackPointExtension>
            <ns3:hr>160</ns3:hr>
            <ns3:cad>88</ns3:cad>
          </ns3:TrackPointExtension>
        </extensions>
      </trkpt>
      <trkpt lat="31.2199203483760356903076171875" lon="121.38771423138678073883056640625">
        <ele>15</ele>
        <time>2026-09-01T10:51:24.000Z</time>
        <extensions>
          <ns3:TrackPointExtension>
            <ns3:hr>160</ns3:hr>
            <ns3:cad>88</ns3:cad>
          </ns3:TrackPointExtension>
        </extensions>
      </trkpt>
      <trkpt lat="31.219917498528957366943359375" lon="121.3876806199550628662109375">
        <ele>14.80000019073486328125</ele>
        <time>2026-09-01T10:51:25.000Z</time>
        <extensions>
          <ns3:TrackPointExtension>
            <ns3:hr>160</ns3:hr>
            <ns3:cad>88</ns3:cad>
          </ns3:TrackPointExtension>
        </extensions>
      </trkpt>
      <trkpt lat="31.2199173308908939361572265625" lon="121.38765270821750164031982421875">
        <ele>14.80000019073486328125</ele>
        <time>2026-09-01T10:51:26.000Z</time>
        <extensions>
          <ns3:TrackPointExtension>
            <ns3:hr>160</ns3:hr>
            <ns3:cad>88</ns3:cad>
          </ns3:TrackPointExtension>
        </extensions>
      </trkpt>
      <trkpt lat="31.2199146486818790435791015625" lon="121.3876204378902912139892578125">
        <ele>14.80000019073486328125</ele>
        <time>2026-09-01T10:51:27.000Z</time>
        <extensions>
          <ns3:TrackPointExtension>
            <ns3:hr>161</ns3:hr>
            <ns3:cad>89</ns3:cad>
          </ns3:TrackPointExtension>
        </extensions>
      </trkpt>
      <trkpt lat="31.21991045773029327392578125" lon="121.38759084977209568023681640625">
        <ele>14.80000019073486328125</ele>
        <time>2026-09-01T10:51:28.000Z</time>
        <extensions>
          <ns3:TrackPointExtension>
            <ns3:hr>160</ns3:hr>
            <ns3:cad>89</ns3:cad>
          </ns3:TrackPointExtension>
        </extensions>
      </trkpt>
      <trkpt lat="31.21990785934031009674072265625" lon="121.38756050728261470794677734375">
        <ele>14.80000019073486328125</ele>
        <time>2026-09-01T10:51:29.000Z</time>
        <extensions>
          <ns3:TrackPointExtension>
            <ns3:hr>161</ns3:hr>
            <ns3:cad>89</ns3:cad>
          </ns3:TrackPointExtension>
        </extensions>
      </trkpt>
      <trkpt lat="31.21990417130291461944580078125" lon="121.387536115944385528564453125">
        <ele>14.80000019073486328125</ele>
        <time>2026-09-01T10:51:30.000Z</time>
        <extensions>
          <ns3:TrackPointExtension>
            <ns3:hr>161</ns3:hr>
            <ns3:cad>88</ns3:cad>
          </ns3:TrackPointExtension>
        </extensions>
      </trkpt>
      <trkpt lat="31.21990014798939228057861328125" lon="121.38750015757977962493896484375">
        <ele>14.80000019073486328125</ele>
        <time>2026-09-01T10:51:31.000Z</time>
        <extensions>
          <ns3:TrackPointExtension>
            <ns3:hr>161</ns3:hr>
            <ns3:cad>88</ns3:cad>
          </ns3:TrackPointExtension>
        </extensions>
      </trkpt>
      <trkpt lat="31.21989964507520198822021484375" lon="121.387475430965423583984375">
        <ele>14.80000019073486328125</ele>
        <time>2026-09-01T10:51:32.000Z</time>
        <extensions>
          <ns3:TrackPointExtension>
            <ns3:hr>161</ns3:hr>
            <ns3:cad>88</ns3:cad>
          </ns3:TrackPointExtension>
        </extensions>
      </trkpt>
      <trkpt lat="31.2198992259800434112548828125" lon="121.38744684867560863494873046875">
        <ele>14.80000019073486328125</ele>
        <time>2026-09-01T10:51:33.000Z</time>
        <extensions>
          <ns3:TrackPointExtension>
            <ns3:hr>160</ns3:hr>
            <ns3:cad>88</ns3:cad>
          </ns3:TrackPointExtension>
        </extensions>
      </trkpt>
      <trkpt lat="31.219900064170360565185546875" lon="121.387418769299983978271484375">
        <ele>14.80000019073486328125</ele>
        <time>2026-09-01T10:51:34.000Z</time>
        <extensions>
          <ns3:TrackPointExtension>
            <ns3:hr>160</ns3:hr>
            <ns3:cad>89</ns3:cad>
          </ns3:TrackPointExtension>
        </extensions>
      </trkpt>
      <trkpt lat="31.21990081854164600372314453125" lon="121.3873882591724395751953125">
        <ele>14.80000019073486328125</ele>
        <time>2026-09-01T10:51:35.000Z</time>
        <extensions>
          <ns3:TrackPointExtension>
            <ns3:hr>160</ns3:hr>
            <ns3:cad>89</ns3:cad>
          </ns3:TrackPointExtension>
        </extensions>
      </trkpt>
      <trkpt lat="31.2198982201516628265380859375" lon="121.3873579166829586029052734375">
        <ele>14.80000019073486328125</ele>
        <time>2026-09-01T10:51:36.000Z</time>
        <extensions>
          <ns3:TrackPointExtension>
            <ns3:hr>160</ns3:hr>
            <ns3:cad>88</ns3:cad>
          </ns3:TrackPointExtension>
        </extensions>
      </trkpt>
      <trkpt lat="31.2198968790471553802490234375" lon="121.3873314298689365386962890625">
        <ele>14.80000019073486328125</ele>
        <time>2026-09-01T10:51:37.000Z</time>
        <extensions>
          <ns3:TrackPointExtension>
            <ns3:hr>161</ns3:hr>
            <ns3:cad>88</ns3:cad>
          </ns3:TrackPointExtension>
        </extensions>
      </trkpt>
      <trkpt lat="31.2199022434651851654052734375" lon="121.38730184175074100494384765625">
        <ele>15</ele>
        <time>2026-09-01T10:51:38.000Z</time>
        <extensions>
          <ns3:TrackPointExtension>
            <ns3:hr>160</ns3:hr>
            <ns3:cad>88</ns3:cad>
          </ns3:TrackPointExtension>
        </extensions>
      </trkpt>
      <trkpt lat="31.21990283019840717315673828125" lon="121.38727518729865550994873046875">
        <ele>15</ele>
        <time>2026-09-01T10:51:39.000Z</time>
        <extensions>
          <ns3:TrackPointExtension>
            <ns3:hr>160</ns3:hr>
            <ns3:cad>89</ns3:cad>
          </ns3:TrackPointExtension>
        </extensions>
      </trkpt>
      <trkpt lat="31.21990509331226348876953125" lon="121.38724543154239654541015625">
        <ele>15</ele>
        <time>2026-09-01T10:51:40.000Z</time>
        <extensions>
          <ns3:TrackPointExtension>
            <ns3:hr>161</ns3:hr>
            <ns3:cad>89</ns3:cad>
          </ns3:TrackPointExtension>
        </extensions>
      </trkpt>
      <trkpt lat="31.21990568004548549652099609375" lon="121.38721802271902561187744140625">
        <ele>15</ele>
        <time>2026-09-01T10:51:41.000Z</time>
        <extensions>
          <ns3:TrackPointExtension>
            <ns3:hr>160</ns3:hr>
            <ns3:cad>89</ns3:cad>
          </ns3:TrackPointExtension>
        </extensions>
      </trkpt>
      <trkpt lat="31.21990635059773921966552734375" lon="121.38718432746827602386474609375">
        <ele>15</ele>
        <time>2026-09-01T10:51:42.000Z</time>
        <extensions>
          <ns3:TrackPointExtension>
            <ns3:hr>160</ns3:hr>
            <ns3:cad>88</ns3:cad>
          </ns3:TrackPointExtension>
        </extensions>
      </trkpt>
      <trkpt lat="31.2198988907039165496826171875" lon="121.38715750537812709808349609375">
        <ele>14.80000019073486328125</ele>
        <time>2026-09-01T10:51:43.000Z</time>
        <extensions>
          <ns3:TrackPointExtension>
            <ns3:hr>161</ns3:hr>
            <ns3:cad>87</ns3:cad>
          </ns3:TrackPointExtension>
        </extensions>
      </trkpt>
      <trkpt lat="31.21989302337169647216796875" lon="121.38712146319448947906494140625">
        <ele>14.80000019073486328125</ele>
        <time>2026-09-01T10:51:44.000Z</time>
        <extensions>
          <ns3:TrackPointExtension>
            <ns3:hr>160</ns3:hr>
            <ns3:cad>88</ns3:cad>
          </ns3:TrackPointExtension>
        </extensions>
      </trkpt>
      <trkpt lat="31.2198911793529987335205078125" lon="121.3870967365801334381103515625">
        <ele>14.80000019073486328125</ele>
        <time>2026-09-01T10:51:45.000Z</time>
        <extensions>
          <ns3:TrackPointExtension>
            <ns3:hr>160</ns3:hr>
            <ns3:cad>88</ns3:cad>
          </ns3:TrackPointExtension>
        </extensions>
      </trkpt>
      <trkpt lat="31.2198871560394763946533203125" lon="121.387070752680301666259765625">
        <ele>14.80000019073486328125</ele>
        <time>2026-09-01T10:51:46.000Z</time>
        <extensions>
          <ns3:TrackPointExtension>
            <ns3:hr>161</ns3:hr>
            <ns3:cad>89</ns3:cad>
          </ns3:TrackPointExtension>
        </extensions>
      </trkpt>
      <trkpt lat="31.21988388709723949432373046875" lon="121.3870487920939922332763671875">
        <ele>15</ele>
        <time>2026-09-01T10:51:47.000Z</time>
        <extensions>
          <ns3:TrackPointExtension>
            <ns3:hr>160</ns3:hr>
            <ns3:cad>89</ns3:cad>
          </ns3:TrackPointExtension>
        </extensions>
      </trkpt>
      <trkpt lat="31.2198841385543346405029296875" lon="121.3870129175484180450439453125">
        <ele>15</ele>
        <time>2026-09-01T10:51:48.000Z</time>
        <extensions>
          <ns3:TrackPointExtension>
            <ns3:hr>160</ns3:hr>
            <ns3:cad>88</ns3:cad>
          </ns3:TrackPointExtension>
        </extensions>
      </trkpt>
      <trkpt lat="31.21988103725016117095947265625" lon="121.38698525726795196533203125">
        <ele>15</ele>
        <time>2026-09-01T10:51:49.000Z</time>
        <extensions>
          <ns3:TrackPointExtension>
            <ns3:hr>161</ns3:hr>
            <ns3:cad>87</ns3:cad>
          </ns3:TrackPointExtension>
        </extensions>
      </trkpt>
      <trkpt lat="31.21988120488822460174560546875" lon="121.38695382513105869293212890625">
        <ele>15</ele>
        <time>2026-09-01T10:51:50.000Z</time>
        <extensions>
          <ns3:TrackPointExtension>
            <ns3:hr>160</ns3:hr>
            <ns3:cad>87</ns3:cad>
          </ns3:TrackPointExtension>
        </extensions>
      </trkpt>
      <trkpt lat="31.2198804505169391632080078125" lon="121.38692650012671947479248046875">
        <ele>15</ele>
        <time>2026-09-01T10:51:51.000Z</time>
        <extensions>
          <ns3:TrackPointExtension>
            <ns3:hr>160</ns3:hr>
            <ns3:cad>89</ns3:cad>
          </ns3:TrackPointExtension>
        </extensions>
      </trkpt>
      <trkpt lat="31.21987466700375080108642578125" lon="121.3868928886950016021728515625">
        <ele>15</ele>
        <time>2026-09-01T10:51:52.000Z</time>
        <extensions>
          <ns3:TrackPointExtension>
            <ns3:hr>160</ns3:hr>
            <ns3:cad>89</ns3:cad>
          </ns3:TrackPointExtension>
        </extensions>
      </trkpt>
      <trkpt lat="31.219869554042816162109375" lon="121.38686313293874263763427734375">
        <ele>14.80000019073486328125</ele>
        <time>2026-09-01T10:51:53.000Z</time>
        <extensions>
          <ns3:TrackPointExtension>
            <ns3:hr>161</ns3:hr>
            <ns3:cad>89</ns3:cad>
          </ns3:TrackPointExtension>
        </extensions>
      </trkpt>
      <trkpt lat="31.219863183796405792236328125" lon="121.38682692311704158782958984375">
        <ele>14.80000019073486328125</ele>
        <time>2026-09-01T10:51:54.000Z</time>
        <extensions>
          <ns3:TrackPointExtension>
            <ns3:hr>160</ns3:hr>
            <ns3:cad>88</ns3:cad>
          </ns3:TrackPointExtension>
        </extensions>
      </trkpt>
      <trkpt lat="31.21986041776835918426513671875" lon="121.38680018484592437744140625">
        <ele>14.80000019073486328125</ele>
        <time>2026-09-01T10:51:55.000Z</time>
        <extensions>
          <ns3:TrackPointExtension>
            <ns3:hr>160</ns3:hr>
            <ns3:cad>87</ns3:cad>
          </ns3:TrackPointExtension>
        </extensions>
      </trkpt>
      <trkpt lat="31.2198610045015811920166015625" lon="121.3867688365280628204345703125">
        <ele>14.80000019073486328125</ele>
        <time>2026-09-01T10:51:56.000Z</time>
        <extensions>
          <ns3:TrackPointExtension>
            <ns3:hr>161</ns3:hr>
            <ns3:cad>87</ns3:cad>
          </ns3:TrackPointExtension>
        </extensions>
      </trkpt>
      <trkpt lat="31.21986075304448604583740234375" lon="121.38673581182956695556640625">
        <ele>14.80000019073486328125</ele>
        <time>2026-09-01T10:51:57.000Z</time>
        <extensions>
          <ns3:TrackPointExtension>
            <ns3:hr>161</ns3:hr>
            <ns3:cad>88</ns3:cad>
          </ns3:TrackPointExtension>
        </extensions>
      </trkpt>
      <trkpt lat="31.21985656209290027618408203125" lon="121.3867068104445934295654296875">
        <ele>14.80000019073486328125</ele>
        <time>2026-09-01T10:51:58.000Z</time>
        <extensions>
          <ns3:TrackPointExtension>
            <ns3:hr>161</ns3:hr>
            <ns3:cad>88</ns3:cad>
          </ns3:TrackPointExtension>
        </extensions>
      </trkpt>
      <trkpt lat="31.21985337696969509124755859375" lon="121.38667085207998752593994140625">
        <ele>15</ele>
        <time>2026-09-01T10:51:59.000Z</time>
        <extensions>
          <ns3:TrackPointExtension>
            <ns3:hr>160</ns3:hr>
            <ns3:cad>88</ns3:cad>
          </ns3:TrackPointExtension>
        </extensions>
      </trkpt>
      <trkpt lat="31.21985119767487049102783203125" lon="121.38664503581821918487548828125">
        <ele>15</ele>
        <time>2026-09-01T10:52:00.000Z</time>
        <extensions>
          <ns3:TrackPointExtension>
            <ns3:hr>160</ns3:hr>
            <ns3:cad>88</ns3:cad>
          </ns3:TrackPointExtension>
        </extensions>
      </trkpt>
      <trkpt lat="31.2198499403893947601318359375" lon="121.386609412729740142822265625">
        <ele>15</ele>
        <time>2026-09-01T10:52:01.000Z</time>
        <extensions>
          <ns3:TrackPointExtension>
            <ns3:hr>160</ns3:hr>
            <ns3:cad>88</ns3:cad>
          </ns3:TrackPointExtension>
        </extensions>
      </trkpt>
      <trkpt lat="31.21984533034265041351318359375" lon="121.386585272848606109619140625">
        <ele>15</ele>
        <time>2026-09-01T10:52:02.000Z</time>
        <extensions>
          <ns3:TrackPointExtension>
            <ns3:hr>161</ns3:hr>
            <ns3:cad>87</ns3:cad>
          </ns3:TrackPointExtension>
        </extensions>
      </trkpt>
      <trkpt lat="31.219841726124286651611328125" lon="121.38655216433107852935791015625">
        <ele>14.80000019073486328125</ele>
        <time>2026-09-01T10:52:03.000Z</time>
        <extensions>
          <ns3:TrackPointExtension>
            <ns3:hr>161</ns3:hr>
            <ns3:cad>87</ns3:cad>
          </ns3:TrackPointExtension>
        </extensions>
      </trkpt>
      <trkpt lat="31.21984072029590606689453125" lon="121.38652550987899303436279296875">
        <ele>14.80000019073486328125</ele>
        <time>2026-09-01T10:52:04.000Z</time>
        <extensions>
          <ns3:TrackPointExtension>
            <ns3:hr>161</ns3:hr>
            <ns3:cad>88</ns3:cad>
          </ns3:TrackPointExtension>
        </extensions>
      </trkpt>
      <trkpt lat="31.21984180994331836700439453125" lon="121.38649382628500461578369140625">
        <ele>14.80000019073486328125</ele>
        <time>2026-09-01T10:52:05.000Z</time>
        <extensions>
          <ns3:TrackPointExtension>
            <ns3:hr>161</ns3:hr>
            <ns3:cad>89</ns3:cad>
          </ns3:TrackPointExtension>
        </extensions>
      </trkpt>
      <trkpt lat="31.2198360264301300048828125" lon="121.38647337444126605987548828125">
        <ele>14.80000019073486328125</ele>
        <time>2026-09-01T10:52:06.000Z</time>
        <extensions>
          <ns3:TrackPointExtension>
            <ns3:hr>161</ns3:hr>
            <ns3:cad>89</ns3:cad>
          </ns3:TrackPointExtension>
        </extensions>
      </trkpt>
      <trkpt lat="31.21983267366886138916015625" lon="121.38644118793308734893798828125">
        <ele>14.80000019073486328125</ele>
        <time>2026-09-01T10:52:07.000Z</time>
        <extensions>
          <ns3:TrackPointExtension>
            <ns3:hr>161</ns3:hr>
            <ns3:cad>88</ns3:cad>
          </ns3:TrackPointExtension>
        </extensions>
      </trkpt>
      <trkpt lat="31.21983024291694164276123046875" lon="121.38641470111906528472900390625">
        <ele>14.80000019073486328125</ele>
        <time>2026-09-01T10:52:08.000Z</time>
        <extensions>
          <ns3:TrackPointExtension>
            <ns3:hr>161</ns3:hr>
            <ns3:cad>88</ns3:cad>
          </ns3:TrackPointExtension>
        </extensions>
      </trkpt>
      <trkpt lat="31.2198335118591785430908203125" lon="121.386381424963474273681640625">
        <ele>14.80000019073486328125</ele>
        <time>2026-09-01T10:52:09.000Z</time>
        <extensions>
          <ns3:TrackPointExtension>
            <ns3:hr>161</ns3:hr>
            <ns3:cad>88</ns3:cad>
          </ns3:TrackPointExtension>
        </extensions>
      </trkpt>
      <trkpt lat="31.219832338392734527587890625" lon="121.3863547705113887786865234375">
        <ele>14.80000019073486328125</ele>
        <time>2026-09-01T10:52:10.000Z</time>
        <extensions>
          <ns3:TrackPointExtension>
            <ns3:hr>161</ns3:hr>
            <ns3:cad>88</ns3:cad>
          </ns3:TrackPointExtension>
        </extensions>
      </trkpt>
      <trkpt lat="31.219839043915271759033203125" lon="121.38631814159452915191650390625">
        <ele>14.80000019073486328125</ele>
        <time>2026-09-01T10:52:11.000Z</time>
        <extensions>
          <ns3:TrackPointExtension>
            <ns3:hr>161</ns3:hr>
            <ns3:cad>88</ns3:cad>
          </ns3:TrackPointExtension>
        </extensions>
      </trkpt>
      <trkpt lat="31.21984072029590606689453125" lon="121.38629115186631679534912109375">
        <ele>14.80000019073486328125</ele>
        <time>2026-09-01T10:52:12.000Z</time>
        <extensions>
          <ns3:TrackPointExtension>
            <ns3:hr>161</ns3:hr>
            <ns3:cad>88</ns3:cad>
          </ns3:TrackPointExtension>
        </extensions>
      </trkpt>
      <trkpt lat="31.21984197758138179779052734375" lon="121.386259384453296661376953125">
        <ele>14.6000003814697265625</ele>
        <time>2026-09-01T10:52:13.000Z</time>
        <extensions>
          <ns3:TrackPointExtension>
            <ns3:hr>161</ns3:hr>
            <ns3:cad>88</ns3:cad>
          </ns3:TrackPointExtension>
        </extensions>
      </trkpt>
      <trkpt lat="31.21984214521944522857666015625" lon="121.3862280361354351043701171875">
        <ele>14.6000003814697265625</ele>
        <time>2026-09-01T10:52:14.000Z</time>
        <extensions>
          <ns3:TrackPointExtension>
            <ns3:hr>162</ns3:hr>
            <ns3:cad>88</ns3:cad>
          </ns3:TrackPointExtension>
        </extensions>
      </trkpt>
      <trkpt lat="31.21984499506652355194091796875" lon="121.3862002082169055938720703125">
        <ele>14.6000003814697265625</ele>
        <time>2026-09-01T10:52:15.000Z</time>
        <extensions>
          <ns3:TrackPointExtension>
            <ns3:hr>161</ns3:hr>
            <ns3:cad>88</ns3:cad>
          </ns3:TrackPointExtension>
        </extensions>
      </trkpt>
      <trkpt lat="31.21984868310391902923583984375" lon="121.3861710391938686370849609375">
        <ele>14.80000019073486328125</ele>
        <time>2026-09-01T10:52:16.000Z</time>
        <extensions>
          <ns3:TrackPointExtension>
            <ns3:hr>161</ns3:hr>
            <ns3:cad>89</ns3:cad>
          </ns3:TrackPointExtension>
        </extensions>
      </trkpt>
      <trkpt lat="31.21985170058906078338623046875" lon="121.3861432112753391265869140625">
        <ele>14.6000003814697265625</ele>
        <time>2026-09-01T10:52:17.000Z</time>
        <extensions>
          <ns3:TrackPointExtension>
            <ns3:hr>161</ns3:hr>
            <ns3:cad>89</ns3:cad>
          </ns3:TrackPointExtension>
        </extensions>
      </trkpt>
      <trkpt lat="31.21986108832061290740966796875" lon="121.38611446134746074676513671875">
        <ele>14.6000003814697265625</ele>
        <time>2026-09-01T10:52:18.000Z</time>
        <extensions>
          <ns3:TrackPointExtension>
            <ns3:hr>161</ns3:hr>
            <ns3:cad>88</ns3:cad>
          </ns3:TrackPointExtension>
        </extensions>
      </trkpt>
      <trkpt lat="31.21986025013029575347900390625" lon="121.38608763925731182098388671875">
        <ele>14.6000003814697265625</ele>
        <time>2026-09-01T10:52:19.000Z</time>
        <extensions>
          <ns3:TrackPointExtension>
            <ns3:hr>161</ns3:hr>
            <ns3:cad>88</ns3:cad>
          </ns3:TrackPointExtension>
        </extensions>
      </trkpt>
      <trkpt lat="31.21985723264515399932861328125" lon="121.3860530219972133636474609375">
        <ele>14.6000003814697265625</ele>
        <time>2026-09-01T10:52:20.000Z</time>
        <extensions>
          <ns3:TrackPointExtension>
            <ns3:hr>161</ns3:hr>
            <ns3:cad>87</ns3:cad>
          </ns3:TrackPointExtension>
        </extensions>
      </trkpt>
      <trkpt lat="31.21985547244548797607421875" lon="121.38602360151708126068115234375">
        <ele>14.6000003814697265625</ele>
        <time>2026-09-01T10:52:21.000Z</time>
        <extensions>
          <ns3:TrackPointExtension>
            <ns3:hr>161</ns3:hr>
            <ns3:cad>87</ns3:cad>
          </ns3:TrackPointExtension>
        </extensions>
      </trkpt>
      <trkpt lat="31.2198521196842193603515625" lon="121.38599091209471225738525390625">
        <ele>14.6000003814697265625</ele>
        <time>2026-09-01T10:52:22.000Z</time>
        <extensions>
          <ns3:TrackPointExtension>
            <ns3:hr>161</ns3:hr>
            <ns3:cad>87</ns3:cad>
          </ns3:TrackPointExtension>
        </extensions>
      </trkpt>
      <trkpt lat="31.21984164230525493621826171875" lon="121.385966353118419647216796875">
        <ele>14.6000003814697265625</ele>
        <time>2026-09-01T10:52:23.000Z</time>
        <extensions>
          <ns3:TrackPointExtension>
            <ns3:hr>161</ns3:hr>
            <ns3:cad>87</ns3:cad>
          </ns3:TrackPointExtension>
        </extensions>
      </trkpt>
      <trkpt lat="31.21984180994331836700439453125" lon="121.38593508861958980560302734375">
        <ele>14.6000003814697265625</ele>
        <time>2026-09-01T10:52:24.000Z</time>
        <extensions>
          <ns3:TrackPointExtension>
            <ns3:hr>161</ns3:hr>
            <ns3:cad>89</ns3:cad>
          </ns3:TrackPointExtension>
        </extensions>
      </trkpt>
      <trkpt lat="31.21983879245817661285400390625" lon="121.38591228984296321868896484375">
        <ele>14.6000003814697265625</ele>
        <time>2026-09-01T10:52:25.000Z</time>
        <extensions>
          <ns3:TrackPointExtension>
            <ns3:hr>161</ns3:hr>
            <ns3:cad>89</ns3:cad>
          </ns3:TrackPointExtension>
        </extensions>
      </trkpt>
      <trkpt lat="31.21983929537236690521240234375" lon="121.3858853839337825775146484375">
        <ele>14.80000019073486328125</ele>
        <time>2026-09-01T10:52:26.000Z</time>
        <extensions>
          <ns3:TrackPointExtension>
            <ns3:hr>160</ns3:hr>
            <ns3:cad>88</ns3:cad>
          </ns3:TrackPointExtension>
        </extensions>
      </trkpt>
      <trkpt lat="31.219841726124286651611328125" lon="121.385860741138458251953125">
        <ele>14.6000003814697265625</ele>
        <time>2026-09-01T10:52:27.000Z</time>
        <extensions>
          <ns3:TrackPointExtension>
            <ns3:hr>160</ns3:hr>
            <ns3:cad>87</ns3:cad>
          </ns3:TrackPointExtension>
        </extensions>
      </trkpt>
      <trkpt lat="31.21984331868588924407958984375" lon="121.38583534397184848785400390625">
        <ele>14.80000019073486328125</ele>
        <time>2026-09-01T10:52:28.000Z</time>
        <extensions>
          <ns3:TrackPointExtension>
            <ns3:hr>160</ns3:hr>
            <ns3:cad>87</ns3:cad>
          </ns3:TrackPointExtension>
        </extensions>
      </trkpt>
      <trkpt lat="31.21984298340976238250732421875" lon="121.3858099468052387237548828125">
        <ele>14.80000019073486328125</ele>
        <time>2026-09-01T10:52:29.000Z</time>
        <extensions>
          <ns3:TrackPointExtension>
            <ns3:hr>161</ns3:hr>
            <ns3:cad>89</ns3:cad>
          </ns3:TrackPointExtension>
        </extensions>
      </trkpt>
      <trkpt lat="31.21984885074198246002197265625" lon="121.3857614994049072265625">
        <ele>14.80000019073486328125</ele>
        <time>2026-09-01T10:52:30.000Z</time>
        <extensions>
          <ns3:TrackPointExtension>
            <ns3:hr>160</ns3:hr>
            <ns3:cad>89</ns3:cad>
          </ns3:TrackPointExtension>
        </extensions>
      </trkpt>
      <trkpt lat="31.21985186822712421417236328125" lon="121.3857365213334560394287109375">
        <ele>14.80000019073486328125</ele>
        <time>2026-09-01T10:52:31.000Z</time>
        <extensions>
          <ns3:TrackPointExtension>
            <ns3:hr>160</ns3:hr>
            <ns3:cad>88</ns3:cad>
          </ns3:TrackPointExtension>
        </extensions>
      </trkpt>
      <trkpt lat="31.21984667144715785980224609375" lon="121.385705508291721343994140625">
        <ele>14.80000019073486328125</ele>
        <time>2026-09-01T10:52:32.000Z</time>
        <extensions>
          <ns3:TrackPointExtension>
            <ns3:hr>161</ns3:hr>
            <ns3:cad>88</ns3:cad>
          </ns3:TrackPointExtension>
        </extensions>
      </trkpt>
      <trkpt lat="31.2198462523519992828369140625" lon="121.3856785185635089874267578125">
        <ele>14.80000019073486328125</ele>
        <time>2026-09-01T10:52:33.000Z</time>
        <extensions>
          <ns3:TrackPointExtension>
            <ns3:hr>160</ns3:hr>
            <ns3:cad>88</ns3:cad>
          </ns3:TrackPointExtension>
        </extensions>
      </trkpt>
      <trkpt lat="31.2198413908481597900390625" lon="121.38565127737820148468017578125">
        <ele>14.80000019073486328125</ele>
        <time>2026-09-01T10:52:34.000Z</time>
        <extensions>
          <ns3:TrackPointExtension>
            <ns3:hr>160</ns3:hr>
            <ns3:cad>88</ns3:cad>
          </ns3:TrackPointExtension>
        </extensions>
      </trkpt>
      <trkpt lat="31.2198325060307979583740234375" lon="121.38561842031776905059814453125">
        <ele>14.80000019073486328125</ele>
        <time>2026-09-01T10:52:35.000Z</time>
        <extensions>
          <ns3:TrackPointExtension>
            <ns3:hr>161</ns3:hr>
            <ns3:cad>89</ns3:cad>
          </ns3:TrackPointExtension>
        </extensions>
      </trkpt>
      <trkpt lat="31.21982605196535587310791015625" lon="121.38559520244598388671875">
        <ele>14.80000019073486328125</ele>
        <time>2026-09-01T10:52:36.000Z</time>
        <extensions>
          <ns3:TrackPointExtension>
            <ns3:hr>160</ns3:hr>
            <ns3:cad>89</ns3:cad>
          </ns3:TrackPointExtension>
        </extensions>
      </trkpt>
      <trkpt lat="31.219812892377376556396484375" lon="121.38556779362261295318603515625">
        <ele>14.80000019073486328125</ele>
        <time>2026-09-01T10:52:37.000Z</time>
        <extensions>
          <ns3:TrackPointExtension>
            <ns3:hr>160</ns3:hr>
            <ns3:cad>89</ns3:cad>
          </ns3:TrackPointExtension>
        </extensions>
      </trkpt>
      <trkpt lat="31.21980048716068267822265625" lon="121.385545916855335235595703125">
        <ele>14.6000003814697265625</ele>
        <time>2026-09-01T10:52:38.000Z</time>
        <extensions>
          <ns3:TrackPointExtension>
            <ns3:hr>161</ns3:hr>
            <ns3:cad>87</ns3:cad>
          </ns3:TrackPointExtension>
        </extensions>
      </trkpt>
      <trkpt lat="31.2197905965149402618408203125" lon="121.38551766984164714813232421875">
        <ele>14.6000003814697265625</ele>
        <time>2026-09-01T10:52:39.000Z</time>
        <extensions>
          <ns3:TrackPointExtension>
            <ns3:hr>160</ns3:hr>
            <ns3:cad>87</ns3:cad>
          </ns3:TrackPointExtension>
        </extensions>
      </trkpt>
      <trkpt lat="31.2197758443653583526611328125" lon="121.38549855910241603851318359375">
        <ele>14.6000003814697265625</ele>
        <time>2026-09-01T10:52:40.000Z</time>
        <extensions>
          <ns3:TrackPointExtension>
            <ns3:hr>160</ns3:hr>
            <ns3:cad>86</ns3:cad>
          </ns3:TrackPointExtension>
        </extensions>
      </trkpt>
      <trkpt lat="31.21974994428455829620361328125" lon="121.38548632152378559112548828125">
        <ele>14.6000003814697265625</ele>
        <time>2026-09-01T10:52:41.000Z</time>
        <extensions>
          <ns3:TrackPointExtension>
            <ns3:hr>161</ns3:hr>
            <ns3:cad>86</ns3:cad>
          </ns3:TrackPointExtension>
        </extensions>
      </trkpt>
      <trkpt lat="31.2197228707373142242431640625" lon="121.3854790292680263519287109375">
        <ele>14.6000003814697265625</ele>
        <time>2026-09-01T10:52:42.000Z</time>
        <extensions>
          <ns3:TrackPointExtension>
            <ns3:hr>160</ns3:hr>
            <ns3:cad>87</ns3:cad>
          </ns3:TrackPointExtension>
        </extensions>
      </trkpt>
      <trkpt lat="31.2196938693523406982421875" lon="121.38547785580158233642578125">
        <ele>14.3999996185302734375</ele>
        <time>2026-09-01T10:52:43.000Z</time>
        <extensions>
          <ns3:TrackPointExtension>
            <ns3:hr>160</ns3:hr>
            <ns3:cad>87</ns3:cad>
          </ns3:TrackPointExtension>
        </extensions>
      </trkpt>
      <trkpt lat="31.2196688912808895111083984375" lon="121.38547861017286777496337890625">
        <ele>14.3999996185302734375</ele>
        <time>2026-09-01T10:52:44.000Z</time>
        <extensions>
          <ns3:TrackPointExtension>
            <ns3:hr>160</ns3:hr>
            <ns3:cad>87</ns3:cad>
          </ns3:TrackPointExtension>
        </extensions>
      </trkpt>
      <trkpt lat="31.21963963843882083892822265625" lon="121.38548078946769237518310546875">
        <ele>14.19999980926513671875</ele>
        <time>2026-09-01T10:52:45.000Z</time>
        <extensions>
          <ns3:TrackPointExtension>
            <ns3:hr>160</ns3:hr>
            <ns3:cad>87</ns3:cad>
          </ns3:TrackPointExtension>
        </extensions>
      </trkpt>
      <trkpt lat="31.219617091119289398193359375" lon="121.3854793645441532135009765625">
        <ele>14.19999980926513671875</ele>
        <time>2026-09-01T10:52:46.000Z</time>
        <extensions>
          <ns3:TrackPointExtension>
            <ns3:hr>159</ns3:hr>
            <ns3:cad>87</ns3:cad>
          </ns3:TrackPointExtension>
        </extensions>
      </trkpt>
      <trkpt lat="31.219586916267871856689453125" lon="121.385480202734470367431640625">
        <ele>14.19999980926513671875</ele>
        <time>2026-09-01T10:52:47.000Z</time>
        <extensions>
          <ns3:TrackPointExtension>
            <ns3:hr>159</ns3:hr>
            <ns3:cad>87</ns3:cad>
          </ns3:TrackPointExtension>
        </extensions>
      </trkpt>
      <trkpt lat="31.21956503950059413909912109375" lon="121.38548246584832668304443359375">
        <ele>14.3999996185302734375</ele>
        <time>2026-09-01T10:52:48.000Z</time>
        <extensions>
          <ns3:TrackPointExtension>
            <ns3:hr>159</ns3:hr>
            <ns3:cad>90</ns3:cad>
          </ns3:TrackPointExtension>
        </extensions>
      </trkpt>
      <trkpt lat="31.21953494846820831298828125" lon="121.3854830525815486907958984375">
        <ele>14.3999996185302734375</ele>
        <time>2026-09-01T10:52:49.000Z</time>
        <extensions>
          <ns3:TrackPointExtension>
            <ns3:hr>159</ns3:hr>
            <ns3:cad>91</ns3:cad>
          </ns3:TrackPointExtension>
        </extensions>
      </trkpt>
      <trkpt lat="31.21951349079608917236328125" lon="121.38548715971410274505615234375">
        <ele>14.3999996185302734375</ele>
        <time>2026-09-01T10:52:50.000Z</time>
        <extensions>
          <ns3:TrackPointExtension>
            <ns3:hr>159</ns3:hr>
            <ns3:cad>91</ns3:cad>
          </ns3:TrackPointExtension>
        </extensions>
      </trkpt>
      <trkpt lat="31.21948792599141597747802734375" lon="121.38548933900892734527587890625">
        <ele>14.3999996185302734375</ele>
        <time>2026-09-01T10:52:51.000Z</time>
        <extensions>
          <ns3:TrackPointExtension>
            <ns3:hr>159</ns3:hr>
            <ns3:cad>91</ns3:cad>
          </ns3:TrackPointExtension>
        </extensions>
      </trkpt>
      <trkpt lat="31.2194663845002651214599609375" lon="121.3854919373989105224609375">
        <ele>14.3999996185302734375</ele>
        <time>2026-09-01T10:52:52.000Z</time>
        <extensions>
          <ns3:TrackPointExtension>
            <ns3:hr>159</ns3:hr>
            <ns3:cad>91</ns3:cad>
          </ns3:TrackPointExtension>
        </extensions>
      </trkpt>
      <trkpt lat="31.219438724219799041748046875" lon="121.38549487106502056121826171875">
        <ele>14.3999996185302734375</ele>
        <time>2026-09-01T10:52:53.000Z</time>
        <extensions>
          <ns3:TrackPointExtension>
            <ns3:hr>159</ns3:hr>
            <ns3:cad>91</ns3:cad>
          </ns3:TrackPointExtension>
        </extensions>
      </trkpt>
      <trkpt lat="31.21941885910928249359130859375" lon="121.38549420051276683807373046875">
        <ele>14.3999996185302734375</ele>
        <time>2026-09-01T10:52:54.000Z</time>
        <extensions>
          <ns3:TrackPointExtension>
            <ns3:hr>159</ns3:hr>
            <ns3:cad>92</ns3:cad>
          </ns3:TrackPointExtension>
        </extensions>
      </trkpt>
      <trkpt lat="31.21939052827656269073486328125" lon="121.38549135066568851470947265625">
        <ele>14.3999996185302734375</ele>
        <time>2026-09-01T10:52:55.000Z</time>
        <extensions>
          <ns3:TrackPointExtension>
            <ns3:hr>160</ns3:hr>
            <ns3:cad>92</ns3:cad>
          </ns3:TrackPointExtension>
        </extensions>
      </trkpt>
      <trkpt lat="31.21936873532831668853759765625" lon="121.38548900373280048370361328125">
        <ele>14.3999996185302734375</ele>
        <time>2026-09-01T10:52:56.000Z</time>
        <extensions>
          <ns3:TrackPointExtension>
            <ns3:hr>159</ns3:hr>
            <ns3:cad>92</ns3:cad>
          </ns3:TrackPointExtension>
        </extensions>
      </trkpt>
      <trkpt lat="31.219338476657867431640625" lon="121.38548565097153186798095703125">
        <ele>14.3999996185302734375</ele>
        <time>2026-09-01T10:52:57.000Z</time>
        <extensions>
          <ns3:TrackPointExtension>
            <ns3:hr>159</ns3:hr>
            <ns3:cad>92</ns3:cad>
          </ns3:TrackPointExtension>
        </extensions>
      </trkpt>
      <trkpt lat="31.2193178571760654449462890625" lon="121.38548430986702442169189453125">
        <ele>14.3999996185302734375</ele>
        <time>2026-09-01T10:52:58.000Z</time>
        <extensions>
          <ns3:TrackPointExtension>
            <ns3:hr>159</ns3:hr>
            <ns3:cad>91</ns3:cad>
          </ns3:TrackPointExtension>
        </extensions>
      </trkpt>
      <trkpt lat="31.219290196895599365234375" lon="121.3854793645441532135009765625">
        <ele>14.3999996185302734375</ele>
        <time>2026-09-01T10:52:59.000Z</time>
        <extensions>
          <ns3:TrackPointExtension>
            <ns3:hr>159</ns3:hr>
            <ns3:cad>91</ns3:cad>
          </ns3:TrackPointExtension>
        </extensions>
      </trkpt>
      <trkpt lat="31.2192668952047824859619140625" lon="121.38547928072512149810791015625">
        <ele>14.3999996185302734375</ele>
        <time>2026-09-01T10:53:00.000Z</time>
        <extensions>
          <ns3:TrackPointExtension>
            <ns3:hr>159</ns3:hr>
            <ns3:cad>92</ns3:cad>
          </ns3:TrackPointExtension>
        </extensions>
      </trkpt>
      <trkpt lat="31.21923781000077724456787109375" lon="121.3854770176112651824951171875">
        <ele>14.6000003814697265625</ele>
        <time>2026-09-01T10:53:01.000Z</time>
        <extensions>
          <ns3:TrackPointExtension>
            <ns3:hr>159</ns3:hr>
            <ns3:cad>93</ns3:cad>
          </ns3:TrackPointExtension>
        </extensions>
      </trkpt>
      <trkpt lat="31.2192159332334995269775390625" lon="121.38547408394515514373779296875">
        <ele>14.6000003814697265625</ele>
        <time>2026-09-01T10:53:02.000Z</time>
        <extensions>
          <ns3:TrackPointExtension>
            <ns3:hr>159</ns3:hr>
            <ns3:cad>93</ns3:cad>
          </ns3:TrackPointExtension>
        </extensions>
      </trkpt>
      <trkpt lat="31.2191867642104625701904296875" lon="121.385470815002918243408203125">
        <ele>14.6000003814697265625</ele>
        <time>2026-09-01T10:53:03.000Z</time>
        <extensions>
          <ns3:TrackPointExtension>
            <ns3:hr>159</ns3:hr>
            <ns3:cad>92</ns3:cad>
          </ns3:TrackPointExtension>
        </extensions>
      </trkpt>
      <trkpt lat="31.21916555799543857574462890625" lon="121.3854672946035861968994140625">
        <ele>14.6000003814697265625</ele>
        <time>2026-09-01T10:53:04.000Z</time>
        <extensions>
          <ns3:TrackPointExtension>
            <ns3:hr>159</ns3:hr>
            <ns3:cad>91</ns3:cad>
          </ns3:TrackPointExtension>
        </extensions>
      </trkpt>
      <trkpt lat="31.2191351316869258880615234375" lon="121.38546637259423732757568359375">
        <ele>14.6000003814697265625</ele>
        <time>2026-09-01T10:53:05.000Z</time>
        <extensions>
          <ns3:TrackPointExtension>
            <ns3:hr>159</ns3:hr>
            <ns3:cad>91</ns3:cad>
          </ns3:TrackPointExtension>
        </extensions>
      </trkpt>
      <trkpt lat="31.21910604648292064666748046875" lon="121.3854626007378101348876953125">
        <ele>14.3999996185302734375</ele>
        <time>2026-09-01T10:53:06.000Z</time>
        <extensions>
          <ns3:TrackPointExtension>
            <ns3:hr>159</ns3:hr>
            <ns3:cad>91</ns3:cad>
          </ns3:TrackPointExtension>
        </extensions>
      </trkpt>
      <trkpt lat="31.21908190660178661346435546875" lon="121.3854597508907318115234375">
        <ele>14.3999996185302734375</ele>
        <time>2026-09-01T10:53:07.000Z</time>
        <extensions>
          <ns3:TrackPointExtension>
            <ns3:hr>159</ns3:hr>
            <ns3:cad>91</ns3:cad>
          </ns3:TrackPointExtension>
        </extensions>
      </trkpt>
      <trkpt lat="31.2190506421029567718505859375" lon="121.38545773923397064208984375">
        <ele>14.3999996185302734375</ele>
        <time>2026-09-01T10:53:08.000Z</time>
        <extensions>
          <ns3:TrackPointExtension>
            <ns3:hr>159</ns3:hr>
            <ns3:cad>91</ns3:cad>
          </ns3:TrackPointExtension>
        </extensions>
      </trkpt>
      <trkpt lat="31.21902775950729846954345703125" lon="121.385448686778545379638671875">
        <ele>14.3999996185302734375</ele>
        <time>2026-09-01T10:53:09.000Z</time>
        <extensions>
          <ns3:TrackPointExtension>
            <ns3:hr>159</ns3:hr>
            <ns3:cad>91</ns3:cad>
          </ns3:TrackPointExtension>
        </extensions>
      </trkpt>
      <trkpt lat="31.21899808757007122039794921875" lon="121.38544189743697643280029296875">
        <ele>14.3999996185302734375</ele>
        <time>2026-09-01T10:53:10.000Z</time>
        <extensions>
          <ns3:TrackPointExtension>
            <ns3:hr>159</ns3:hr>
            <ns3:cad>91</ns3:cad>
          </ns3:TrackPointExtension>
        </extensions>
      </trkpt>
      <trkpt lat="31.2189725227653980255126953125" lon="121.38543468900024890899658203125">
        <ele>14.3999996185302734375</ele>
        <time>2026-09-01T10:53:11.000Z</time>
        <extensions>
          <ns3:TrackPointExtension>
            <ns3:hr>159</ns3:hr>
            <ns3:cad>91</ns3:cad>
          </ns3:TrackPointExtension>
        </extensions>
      </trkpt>
      <trkpt lat="31.218940503895282745361328125" lon="121.3854275643825531005859375">
        <ele>14.6000003814697265625</ele>
        <time>2026-09-01T10:53:12.000Z</time>
        <extensions>
          <ns3:TrackPointExtension>
            <ns3:hr>159</ns3:hr>
            <ns3:cad>91</ns3:cad>
          </ns3:TrackPointExtension>
        </extensions>
      </trkpt>
      <trkpt lat="31.2189202196896076202392578125" lon="121.3854257203638553619384765625">
        <ele>14.6000003814697265625</ele>
        <time>2026-09-01T10:53:13.000Z</time>
        <extensions>
          <ns3:TrackPointExtension>
            <ns3:hr>159</ns3:hr>
            <ns3:cad>92</ns3:cad>
          </ns3:TrackPointExtension>
        </extensions>
      </trkpt>
      <trkpt lat="31.21888459660112857818603515625" lon="121.3854173384606838226318359375">
        <ele>14.6000003814697265625</ele>
        <time>2026-09-01T10:53:14.000Z</time>
        <extensions>
          <ns3:TrackPointExtension>
            <ns3:hr>159</ns3:hr>
            <ns3:cad>94</ns3:cad>
          </ns3:TrackPointExtension>
        </extensions>
      </trkpt>
      <trkpt lat="31.21886028908193111419677734375" lon="121.3854086212813854217529296875">
        <ele>14.6000003814697265625</ele>
        <time>2026-09-01T10:53:15.000Z</time>
        <extensions>
          <ns3:TrackPointExtension>
            <ns3:hr>159</ns3:hr>
            <ns3:cad>94</ns3:cad>
          </ns3:TrackPointExtension>
        </extensions>
      </trkpt>
      <trkpt lat="31.218835227191448211669921875" lon="121.3853945396840572357177734375">
        <ele>14.80000019073486328125</ele>
        <time>2026-09-01T10:53:16.000Z</time>
        <extensions>
          <ns3:TrackPointExtension>
            <ns3:hr>160</ns3:hr>
            <ns3:cad>92</ns3:cad>
          </ns3:TrackPointExtension>
        </extensions>
      </trkpt>
      <trkpt lat="31.2188115902245044708251953125" lon="121.38538355939090251922607421875">
        <ele>14.80000019073486328125</ele>
        <time>2026-09-01T10:53:17.000Z</time>
        <extensions>
          <ns3:TrackPointExtension>
            <ns3:hr>160</ns3:hr>
            <ns3:cad>91</ns3:cad>
          </ns3:TrackPointExtension>
        </extensions>
      </trkpt>
      <trkpt lat="31.21878518722951412200927734375" lon="121.38537216000258922576904296875">
        <ele>14.6000003814697265625</ele>
        <time>2026-09-01T10:53:18.000Z</time>
        <extensions>
          <ns3:TrackPointExtension>
            <ns3:hr>160</ns3:hr>
            <ns3:cad>91</ns3:cad>
          </ns3:TrackPointExtension>
        </extensions>
      </trkpt>
      <trkpt lat="31.21876456774771213531494140625" lon="121.38536109589040279388427734375">
        <ele>14.6000003814697265625</ele>
        <time>2026-09-01T10:53:19.000Z</time>
        <extensions>
          <ns3:TrackPointExtension>
            <ns3:hr>160</ns3:hr>
            <ns3:cad>92</ns3:cad>
          </ns3:TrackPointExtension>
        </extensions>
      </trkpt>
      <trkpt lat="31.21874176897108554840087890625" lon="121.3853459246456623077392578125">
        <ele>14.6000003814697265625</ele>
        <time>2026-09-01T10:53:20.000Z</time>
        <extensions>
          <ns3:TrackPointExtension>
            <ns3:hr>161</ns3:hr>
            <ns3:cad>94</ns3:cad>
          </ns3:TrackPointExtension>
        </extensions>
      </trkpt>
      <trkpt lat="31.21871947310864925384521484375" lon="121.3853325136005878448486328125">
        <ele>14.6000003814697265625</ele>
        <time>2026-09-01T10:53:21.000Z</time>
        <extensions>
          <ns3:TrackPointExtension>
            <ns3:hr>161</ns3:hr>
            <ns3:cad>94</ns3:cad>
          </ns3:TrackPointExtension>
        </extensions>
      </trkpt>
      <trkpt lat="31.21870036236941814422607421875" lon="121.38531851582229137420654296875">
        <ele>14.6000003814697265625</ele>
        <time>2026-09-01T10:53:22.000Z</time>
        <extensions>
          <ns3:TrackPointExtension>
            <ns3:hr>161</ns3:hr>
            <ns3:cad>92</ns3:cad>
          </ns3:TrackPointExtension>
        </extensions>
      </trkpt>
      <trkpt lat="31.21867773123085498809814453125" lon="121.38529655523598194122314453125">
        <ele>14.6000003814697265625</ele>
        <time>2026-09-01T10:53:23.000Z</time>
        <extensions>
          <ns3:TrackPointExtension>
            <ns3:hr>161</ns3:hr>
            <ns3:cad>92</ns3:cad>
          </ns3:TrackPointExtension>
        </extensions>
      </trkpt>
      <trkpt lat="31.2186593748629093170166015625" lon="121.385284401476383209228515625">
        <ele>14.6000003814697265625</ele>
        <time>2026-09-01T10:53:24.000Z</time>
        <extensions>
          <ns3:TrackPointExtension>
            <ns3:hr>160</ns3:hr>
            <ns3:cad>92</ns3:cad>
          </ns3:TrackPointExtension>
        </extensions>
      </trkpt>
      <trkpt lat="31.21862844564020633697509765625" lon="121.3852688111364841461181640625">
        <ele>14.6000003814697265625</ele>
        <time>2026-09-01T10:53:25.000Z</time>
        <extensions>
          <ns3:TrackPointExtension>
            <ns3:hr>161</ns3:hr>
            <ns3:cad>93</ns3:cad>
          </ns3:TrackPointExtension>
        </extensions>
      </trkpt>
      <trkpt lat="31.2186075747013092041015625" lon="121.3852537237107753753662109375">
        <ele>14.6000003814697265625</ele>
        <time>2026-09-01T10:53:26.000Z</time>
        <extensions>
          <ns3:TrackPointExtension>
            <ns3:hr>160</ns3:hr>
            <ns3:cad>93</ns3:cad>
          </ns3:TrackPointExtension>
        </extensions>
      </trkpt>
      <trkpt lat="31.21857882477343082427978515625" lon="121.385235451161861419677734375">
        <ele>14.80000019073486328125</ele>
        <time>2026-09-01T10:53:27.000Z</time>
        <extensions>
          <ns3:TrackPointExtension>
            <ns3:hr>160</ns3:hr>
            <ns3:cad>93</ns3:cad>
          </ns3:TrackPointExtension>
        </extensions>
      </trkpt>
      <trkpt lat="31.2185574509203433990478515625" lon="121.38522011227905750274658203125">
        <ele>14.80000019073486328125</ele>
        <time>2026-09-01T10:53:28.000Z</time>
        <extensions>
          <ns3:TrackPointExtension>
            <ns3:hr>160</ns3:hr>
            <ns3:cad>92</ns3:cad>
          </ns3:TrackPointExtension>
        </extensions>
      </trkpt>
      <trkpt lat="31.2185282818973064422607421875" lon="121.38520351611077785491943359375">
        <ele>14.80000019073486328125</ele>
        <time>2026-09-01T10:53:29.000Z</time>
        <extensions>
          <ns3:TrackPointExtension>
            <ns3:hr>160</ns3:hr>
            <ns3:cad>92</ns3:cad>
          </ns3:TrackPointExtension>
        </extensions>
      </trkpt>
      <trkpt lat="31.2185051478445529937744140625" lon="121.38519085943698883056640625">
        <ele>14.80000019073486328125</ele>
        <time>2026-09-01T10:53:30.000Z</time>
        <extensions>
          <ns3:TrackPointExtension>
            <ns3:hr>160</ns3:hr>
            <ns3:cad>92</ns3:cad>
          </ns3:TrackPointExtension>
        </extensions>
      </trkpt>
      <trkpt lat="31.21847606264054775238037109375" lon="121.3851859979331493377685546875">
        <ele>14.80000019073486328125</ele>
        <time>2026-09-01T10:53:31.000Z</time>
        <extensions>
          <ns3:TrackPointExtension>
            <ns3:hr>161</ns3:hr>
            <ns3:cad>92</ns3:cad>
          </ns3:TrackPointExtension>
        </extensions>
      </trkpt>
      <trkpt lat="31.2184518389403820037841796875" lon="121.38517702929675579071044921875">
        <ele>14.80000019073486328125</ele>
        <time>2026-09-01T10:53:32.000Z</time>
        <extensions>
          <ns3:TrackPointExtension>
            <ns3:hr>160</ns3:hr>
            <ns3:cad>92</ns3:cad>
          </ns3:TrackPointExtension>
        </extensions>
      </trkpt>
      <trkpt lat="31.21842660941183567047119140625" lon="121.3851638697087764739990234375">
        <ele>14.80000019073486328125</ele>
        <time>2026-09-01T10:53:33.000Z</time>
        <extensions>
          <ns3:TrackPointExtension>
            <ns3:hr>160</ns3:hr>
            <ns3:cad>92</ns3:cad>
          </ns3:TrackPointExtension>
        </extensions>
      </trkpt>
      <trkpt lat="31.21840297244489192962646484375" lon="121.38515255413949489593505859375">
        <ele>14.80000019073486328125</ele>
        <time>2026-09-01T10:53:34.000Z</time>
        <extensions>
          <ns3:TrackPointExtension>
            <ns3:hr>161</ns3:hr>
            <ns3:cad>92</ns3:cad>
          </ns3:TrackPointExtension>
        </extensions>
      </trkpt>
      <trkpt lat="31.21837866492569446563720703125" lon="121.38514467515051364898681640625">
        <ele>14.80000019073486328125</ele>
        <time>2026-09-01T10:53:35.000Z</time>
        <extensions>
          <ns3:TrackPointExtension>
            <ns3:hr>161</ns3:hr>
            <ns3:cad>92</ns3:cad>
          </ns3:TrackPointExtension>
        </extensions>
      </trkpt>
      <trkpt lat="31.2183527648448944091796875" lon="121.3851313479244709014892578125">
        <ele>14.80000019073486328125</ele>
        <time>2026-09-01T10:53:36.000Z</time>
        <extensions>
          <ns3:TrackPointExtension>
            <ns3:hr>161</ns3:hr>
            <ns3:cad>91</ns3:cad>
          </ns3:TrackPointExtension>
        </extensions>
      </trkpt>
      <trkpt lat="31.2183301337063312530517578125" lon="121.38511240482330322265625">
        <ele>14.80000019073486328125</ele>
        <time>2026-09-01T10:53:37.000Z</time>
        <extensions>
          <ns3:TrackPointExtension>
            <ns3:hr>161</ns3:hr>
            <ns3:cad>91</ns3:cad>
          </ns3:TrackPointExtension>
        </extensions>
      </trkpt>
      <trkpt lat="31.21830792166292667388916015625" lon="121.3850964792072772979736328125">
        <ele>14.80000019073486328125</ele>
        <time>2026-09-01T10:53:38.000Z</time>
        <extensions>
          <ns3:TrackPointExtension>
            <ns3:hr>161</ns3:hr>
            <ns3:cad>93</ns3:cad>
          </ns3:TrackPointExtension>
        </extensions>
      </trkpt>
      <trkpt lat="31.2182915769517421722412109375" lon="121.38507954776287078857421875">
        <ele>14.80000019073486328125</ele>
        <time>2026-09-01T10:53:39.000Z</time>
        <extensions>
          <ns3:TrackPointExtension>
            <ns3:hr>160</ns3:hr>
            <ns3:cad>93</ns3:cad>
          </ns3:TrackPointExtension>
        </extensions>
      </trkpt>
      <trkpt lat="31.218271963298320770263671875" lon="121.38506303541362285614013671875">
        <ele>14.80000019073486328125</ele>
        <time>2026-09-01T10:53:40.000Z</time>
        <extensions>
          <ns3:TrackPointExtension>
            <ns3:hr>161</ns3:hr>
            <ns3:cad>93</ns3:cad>
          </ns3:TrackPointExtension>
        </extensions>
      </trkpt>
      <trkpt lat="31.21825159527361392974853515625" lon="121.3850538991391658782958984375">
        <ele>14.6000003814697265625</ele>
        <time>2026-09-01T10:53:41.000Z</time>
        <extensions>
          <ns3:TrackPointExtension>
            <ns3:hr>161</ns3:hr>
            <ns3:cad>92</ns3:cad>
          </ns3:TrackPointExtension>
        </extensions>
      </trkpt>
      <trkpt lat="31.2182235158979892730712890625" lon="121.385038979351520538330078125">
        <ele>14.6000003814697265625</ele>
        <time>2026-09-01T10:53:42.000Z</time>
        <extensions>
          <ns3:TrackPointExtension>
            <ns3:hr>161</ns3:hr>
            <ns3:cad>92</ns3:cad>
          </ns3:TrackPointExtension>
        </extensions>
      </trkpt>
      <trkpt lat="31.21820583008229732513427734375" lon="121.38502724468708038330078125">
        <ele>14.6000003814697265625</ele>
        <time>2026-09-01T10:53:43.000Z</time>
        <extensions>
          <ns3:TrackPointExtension>
            <ns3:hr>161</ns3:hr>
            <ns3:cad>92</ns3:cad>
          </ns3:TrackPointExtension>
        </extensions>
      </trkpt>
      <trkpt lat="31.2181852944195270538330078125" lon="121.38500846922397613525390625">
        <ele>14.6000003814697265625</ele>
        <time>2026-09-01T10:53:44.000Z</time>
        <extensions>
          <ns3:TrackPointExtension>
            <ns3:hr>161</ns3:hr>
            <ns3:cad>92</ns3:cad>
          </ns3:TrackPointExtension>
        </extensions>
      </trkpt>
      <trkpt lat="31.21816861443221569061279296875" lon="121.38499916531145572662353515625">
        <ele>14.80000019073486328125</ele>
        <time>2026-09-01T10:53:45.000Z</time>
        <extensions>
          <ns3:TrackPointExtension>
            <ns3:hr>161</ns3:hr>
            <ns3:cad>92</ns3:cad>
          </ns3:TrackPointExtension>
        </extensions>
      </trkpt>
      <trkpt lat="31.2181417085230350494384765625" lon="121.38498106040060520172119140625">
        <ele>14.80000019073486328125</ele>
        <time>2026-09-01T10:53:46.000Z</time>
        <extensions>
          <ns3:TrackPointExtension>
            <ns3:hr>161</ns3:hr>
            <ns3:cad>92</ns3:cad>
          </ns3:TrackPointExtension>
        </extensions>
      </trkpt>
      <trkpt lat="31.2181194126605987548828125" lon="121.38496647588908672332763671875">
        <ele>14.80000019073486328125</ele>
        <time>2026-09-01T10:53:47.000Z</time>
        <extensions>
          <ns3:TrackPointExtension>
            <ns3:hr>161</ns3:hr>
            <ns3:cad>90</ns3:cad>
          </ns3:TrackPointExtension>
        </extensions>
      </trkpt>
      <trkpt lat="31.21809518896043300628662109375" lon="121.38495071791112422943115234375">
        <ele>14.80000019073486328125</ele>
        <time>2026-09-01T10:53:48.000Z</time>
        <extensions>
          <ns3:TrackPointExtension>
            <ns3:hr>161</ns3:hr>
            <ns3:cad>90</ns3:cad>
          </ns3:TrackPointExtension>
        </extensions>
      </trkpt>
      <trkpt lat="31.2180756591260433197021484375" lon="121.38493630103766918182373046875">
        <ele>14.80000019073486328125</ele>
        <time>2026-09-01T10:53:49.000Z</time>
        <extensions>
          <ns3:TrackPointExtension>
            <ns3:hr>161</ns3:hr>
            <ns3:cad>91</ns3:cad>
          </ns3:TrackPointExtension>
        </extensions>
      </trkpt>
      <trkpt lat="31.21805143542587757110595703125" lon="121.3849241472780704498291015625">
        <ele>14.6000003814697265625</ele>
        <time>2026-09-01T10:53:50.000Z</time>
        <extensions>
          <ns3:TrackPointExtension>
            <ns3:hr>160</ns3:hr>
            <ns3:cad>93</ns3:cad>
          </ns3:TrackPointExtension>
        </extensions>
      </trkpt>
      <trkpt lat="31.2180250324308872222900390625" lon="121.38490713201463222503662109375">
        <ele>14.6000003814697265625</ele>
        <time>2026-09-01T10:53:51.000Z</time>
        <extensions>
          <ns3:TrackPointExtension>
            <ns3:hr>161</ns3:hr>
            <ns3:cad>93</ns3:cad>
          </ns3:TrackPointExtension>
        </extensions>
      </trkpt>
      <trkpt lat="31.21800499968230724334716796875" lon="121.3848909549415111541748046875">
        <ele>14.6000003814697265625</ele>
        <time>2026-09-01T10:53:52.000Z</time>
        <extensions>
          <ns3:TrackPointExtension>
            <ns3:hr>161</ns3:hr>
            <ns3:cad>93</ns3:cad>
          </ns3:TrackPointExtension>
        </extensions>
      </trkpt>
      <trkpt lat="31.2179801054298877716064453125" lon="121.38487611897289752960205078125">
        <ele>14.3999996185302734375</ele>
        <time>2026-09-01T10:53:53.000Z</time>
        <extensions>
          <ns3:TrackPointExtension>
            <ns3:hr>160</ns3:hr>
            <ns3:cad>92</ns3:cad>
          </ns3:TrackPointExtension>
        </extensions>
      </trkpt>
      <trkpt lat="31.2179599888622760772705078125" lon="121.38486438430845737457275390625">
        <ele>14.3999996185302734375</ele>
        <time>2026-09-01T10:53:54.000Z</time>
        <extensions>
          <ns3:TrackPointExtension>
            <ns3:hr>160</ns3:hr>
            <ns3:cad>92</ns3:cad>
          </ns3:TrackPointExtension>
        </extensions>
      </trkpt>
      <trkpt lat="31.21793232858180999755859375" lon="121.38485164381563663482666015625">
        <ele>14.6000003814697265625</ele>
        <time>2026-09-01T10:53:55.000Z</time>
        <extensions>
          <ns3:TrackPointExtension>
            <ns3:hr>160</ns3:hr>
            <ns3:cad>92</ns3:cad>
          </ns3:TrackPointExtension>
        </extensions>
      </trkpt>
      <trkpt lat="31.2179102003574371337890625" lon="121.38484493829309940338134765625">
        <ele>14.6000003814697265625</ele>
        <time>2026-09-01T10:53:56.000Z</time>
        <extensions>
          <ns3:TrackPointExtension>
            <ns3:hr>161</ns3:hr>
            <ns3:cad>93</ns3:cad>
          </ns3:TrackPointExtension>
        </extensions>
      </trkpt>
      <trkpt lat="31.2178801931440830230712890625" lon="121.38483571819961071014404296875">
        <ele>14.3999996185302734375</ele>
        <time>2026-09-01T10:53:57.000Z</time>
        <extensions>
          <ns3:TrackPointExtension>
            <ns3:hr>161</ns3:hr>
            <ns3:cad>94</ns3:cad>
          </ns3:TrackPointExtension>
        </extensions>
      </trkpt>
      <trkpt lat="31.21785295195877552032470703125" lon="121.38482297770678997039794921875">
        <ele>14.6000003814697265625</ele>
        <time>2026-09-01T10:53:58.000Z</time>
        <extensions>
          <ns3:TrackPointExtension>
            <ns3:hr>160</ns3:hr>
            <ns3:cad>94</ns3:cad>
          </ns3:TrackPointExtension>
        </extensions>
      </trkpt>
      <trkpt lat="31.21782428584992885589599609375" lon="121.38480654917657375335693359375">
        <ele>14.6000003814697265625</ele>
        <time>2026-09-01T10:53:59.000Z</time>
        <extensions>
          <ns3:TrackPointExtension>
            <ns3:hr>160</ns3:hr>
            <ns3:cad>94</ns3:cad>
          </ns3:TrackPointExtension>
        </extensions>
      </trkpt>
      <trkpt lat="31.2177973799407482147216796875" lon="121.38478777371346950531005859375">
        <ele>14.3999996185302734375</ele>
        <time>2026-09-01T10:54:00.000Z</time>
        <extensions>
          <ns3:TrackPointExtension>
            <ns3:hr>160</ns3:hr>
            <ns3:cad>92</ns3:cad>
          </ns3:TrackPointExtension>
        </extensions>
      </trkpt>
      <trkpt lat="31.217772066593170166015625" lon="121.38476966880261898040771484375">
        <ele>14.3999996185302734375</ele>
        <time>2026-09-01T10:54:01.000Z</time>
        <extensions>
          <ns3:TrackPointExtension>
            <ns3:hr>160</ns3:hr>
            <ns3:cad>92</ns3:cad>
          </ns3:TrackPointExtension>
        </extensions>
      </trkpt>
      <trkpt lat="31.21774381957948207855224609375" lon="121.3847555033862590789794921875">
        <ele>14.3999996185302734375</ele>
        <time>2026-09-01T10:54:02.000Z</time>
        <extensions>
          <ns3:TrackPointExtension>
            <ns3:hr>161</ns3:hr>
            <ns3:cad>92</ns3:cad>
          </ns3:TrackPointExtension>
        </extensions>
      </trkpt>
      <trkpt lat="31.2177219428122043609619140625" lon="121.3847487978637218475341796875">
        <ele>14.3999996185302734375</ele>
        <time>2026-09-01T10:54:03.000Z</time>
        <extensions>
          <ns3:TrackPointExtension>
            <ns3:hr>160</ns3:hr>
            <ns3:cad>93</ns3:cad>
          </ns3:TrackPointExtension>
        </extensions>
      </trkpt>
      <trkpt lat="31.21769621036946773529052734375" lon="121.38473488390445709228515625">
        <ele>14.3999996185302734375</ele>
        <time>2026-09-01T10:54:04.000Z</time>
        <extensions>
          <ns3:TrackPointExtension>
            <ns3:hr>160</ns3:hr>
            <ns3:cad>94</ns3:cad>
          </ns3:TrackPointExtension>
        </extensions>
      </trkpt>
      <trkpt lat="31.2176756747066974639892578125" lon="121.38473211787641048431396484375">
        <ele>14.3999996185302734375</ele>
        <time>2026-09-01T10:54:05.000Z</time>
        <extensions>
          <ns3:TrackPointExtension>
            <ns3:hr>160</ns3:hr>
            <ns3:cad>94</ns3:cad>
          </ns3:TrackPointExtension>
        </extensions>
      </trkpt>
      <trkpt lat="31.2176478467881679534912109375" lon="121.38472273014485836029052734375">
        <ele>14.3999996185302734375</ele>
        <time>2026-09-01T10:54:06.000Z</time>
        <extensions>
          <ns3:TrackPointExtension>
            <ns3:hr>161</ns3:hr>
            <ns3:cad>92</ns3:cad>
          </ns3:TrackPointExtension>
        </extensions>
      </trkpt>
      <trkpt lat="31.21762295253574848175048828125" lon="121.384718120098114013671875">
        <ele>14.3999996185302734375</ele>
        <time>2026-09-01T10:54:07.000Z</time>
        <extensions>
          <ns3:TrackPointExtension>
            <ns3:hr>160</ns3:hr>
            <ns3:cad>92</ns3:cad>
          </ns3:TrackPointExtension>
        </extensions>
      </trkpt>
      <trkpt lat="31.21759596280753612518310546875" lon="121.38470613397657871246337890625">
        <ele>14.3999996185302734375</ele>
        <time>2026-09-01T10:54:08.000Z</time>
        <extensions>
          <ns3:TrackPointExtension>
            <ns3:hr>160</ns3:hr>
            <ns3:cad>92</ns3:cad>
          </ns3:TrackPointExtension>
        </extensions>
      </trkpt>
      <trkpt lat="31.2175754271447658538818359375" lon="121.38469506986439228057861328125">
        <ele>14.3999996185302734375</ele>
        <time>2026-09-01T10:54:09.000Z</time>
        <extensions>
          <ns3:TrackPointExtension>
            <ns3:hr>160</ns3:hr>
            <ns3:cad>94</ns3:cad>
          </ns3:TrackPointExtension>
        </extensions>
      </trkpt>
      <trkpt lat="31.21755002997815608978271484375" lon="121.38468232937157154083251953125">
        <ele>14.3999996185302734375</ele>
        <time>2026-09-01T10:54:10.000Z</time>
        <extensions>
          <ns3:TrackPointExtension>
            <ns3:hr>160</ns3:hr>
            <ns3:cad>94</ns3:cad>
          </ns3:TrackPointExtension>
        </extensions>
      </trkpt>
      <trkpt lat="31.217526309192180633544921875" lon="121.3846750371158123016357421875">
        <ele>14.3999996185302734375</ele>
        <time>2026-09-01T10:54:11.000Z</time>
        <extensions>
          <ns3:TrackPointExtension>
            <ns3:hr>159</ns3:hr>
            <ns3:cad>93</ns3:cad>
          </ns3:TrackPointExtension>
        </extensions>
      </trkpt>
      <trkpt lat="31.217498145997524261474609375" lon="121.38466657139360904693603515625">
        <ele>14.3999996185302734375</ele>
        <time>2026-09-01T10:54:12.000Z</time>
        <extensions>
          <ns3:TrackPointExtension>
            <ns3:hr>159</ns3:hr>
            <ns3:cad>93</ns3:cad>
          </ns3:TrackPointExtension>
        </extensions>
      </trkpt>
      <trkpt lat="31.21747124008834362030029296875" lon="121.38466246426105499267578125">
        <ele>14.6000003814697265625</ele>
        <time>2026-09-01T10:54:13.000Z</time>
        <extensions>
          <ns3:TrackPointExtension>
            <ns3:hr>159</ns3:hr>
            <ns3:cad>93</ns3:cad>
          </ns3:TrackPointExtension>
        </extensions>
      </trkpt>
      <trkpt lat="31.21744592674076557159423828125" lon="121.38465181924402713775634765625">
        <ele>14.6000003814697265625</ele>
        <time>2026-09-01T10:54:14.000Z</time>
        <extensions>
          <ns3:TrackPointExtension>
            <ns3:hr>160</ns3:hr>
            <ns3:cad>93</ns3:cad>
          </ns3:TrackPointExtension>
        </extensions>
      </trkpt>
      <trkpt lat="31.217417679727077484130859375" lon="121.384643018245697021484375">
        <ele>14.6000003814697265625</ele>
        <time>2026-09-01T10:54:15.000Z</time>
        <extensions>
          <ns3:TrackPointExtension>
            <ns3:hr>160</ns3:hr>
            <ns3:cad>93</ns3:cad>
          </ns3:TrackPointExtension>
        </extensions>
      </trkpt>
      <trkpt lat="31.217391192913055419921875" lon="121.3846358098089694976806640625">
        <ele>14.3999996185302734375</ele>
        <time>2026-09-01T10:54:16.000Z</time>
        <extensions>
          <ns3:TrackPointExtension>
            <ns3:hr>160</ns3:hr>
            <ns3:cad>93</ns3:cad>
          </ns3:TrackPointExtension>
        </extensions>
      </trkpt>
      <trkpt lat="31.2173642031848430633544921875" lon="121.3846282660961151123046875">
        <ele>14.3999996185302734375</ele>
        <time>2026-09-01T10:54:17.000Z</time>
        <extensions>
          <ns3:TrackPointExtension>
            <ns3:hr>160</ns3:hr>
            <ns3:cad>93</ns3:cad>
          </ns3:TrackPointExtension>
        </extensions>
      </trkpt>
      <trkpt lat="31.21734282933175563812255859375" lon="121.38462298549711704254150390625">
        <ele>14.3999996185302734375</ele>
        <time>2026-09-01T10:54:18.000Z</time>
        <extensions>
          <ns3:TrackPointExtension>
            <ns3:hr>160</ns3:hr>
            <ns3:cad>91</ns3:cad>
          </ns3:TrackPointExtension>
        </extensions>
      </trkpt>
      <trkpt lat="31.21731651015579700469970703125" lon="121.38461544178426265716552734375">
        <ele>14.3999996185302734375</ele>
        <time>2026-09-01T10:54:19.000Z</time>
        <extensions>
          <ns3:TrackPointExtension>
            <ns3:hr>160</ns3:hr>
            <ns3:cad>91</ns3:cad>
          </ns3:TrackPointExtension>
        </extensions>
      </trkpt>
      <trkpt lat="31.2172931246459484100341796875" lon="121.38461418449878692626953125">
        <ele>14.3999996185302734375</ele>
        <time>2026-09-01T10:54:20.000Z</time>
        <extensions>
          <ns3:TrackPointExtension>
            <ns3:hr>161</ns3:hr>
            <ns3:cad>91</ns3:cad>
          </ns3:TrackPointExtension>
        </extensions>
      </trkpt>
      <trkpt lat="31.21726504527032375335693359375" lon="121.38460806570947170257568359375">
        <ele>14.3999996185302734375</ele>
        <time>2026-09-01T10:54:21.000Z</time>
        <extensions>
          <ns3:TrackPointExtension>
            <ns3:hr>161</ns3:hr>
            <ns3:cad>92</ns3:cad>
          </ns3:TrackPointExtension>
        </extensions>
      </trkpt>
      <trkpt lat="31.21724409051239490509033203125" lon="121.3846032880246639251708984375">
        <ele>14.3999996185302734375</ele>
        <time>2026-09-01T10:54:22.000Z</time>
        <extensions>
          <ns3:TrackPointExtension>
            <ns3:hr>161</ns3:hr>
            <ns3:cad>92</ns3:cad>
          </ns3:TrackPointExtension>
        </extensions>
      </trkpt>
      <trkpt lat="31.217213831841945648193359375" lon="121.38459943234920501708984375">
        <ele>14.3999996185302734375</ele>
        <time>2026-09-01T10:54:23.000Z</time>
        <extensions>
          <ns3:TrackPointExtension>
            <ns3:hr>160</ns3:hr>
            <ns3:cad>92</ns3:cad>
          </ns3:TrackPointExtension>
        </extensions>
      </trkpt>
      <trkpt lat="31.2171965651214122772216796875" lon="121.38459498994052410125732421875">
        <ele>14.3999996185302734375</ele>
        <time>2026-09-01T10:54:24.000Z</time>
        <extensions>
          <ns3:TrackPointExtension>
            <ns3:hr>161</ns3:hr>
            <ns3:cad>92</ns3:cad>
          </ns3:TrackPointExtension>
        </extensions>
      </trkpt>
      <trkpt lat="31.2171650491654872894287109375" lon="121.3845908828079700469970703125">
        <ele>14.3999996185302734375</ele>
        <time>2026-09-01T10:54:25.000Z</time>
        <extensions>
          <ns3:TrackPointExtension>
            <ns3:hr>161</ns3:hr>
            <ns3:cad>92</ns3:cad>
          </ns3:TrackPointExtension>
        </extensions>
      </trkpt>
      <trkpt lat="31.21714434586465358734130859375" lon="121.384584344923496246337890625">
        <ele>14.3999996185302734375</ele>
        <time>2026-09-01T10:54:26.000Z</time>
        <extensions>
          <ns3:TrackPointExtension>
            <ns3:hr>160</ns3:hr>
            <ns3:cad>91</ns3:cad>
          </ns3:TrackPointExtension>
        </extensions>
      </trkpt>
      <trkpt lat="31.2171134166419506072998046875" lon="121.38457554392516613006591796875">
        <ele>14.3999996185302734375</ele>
        <time>2026-09-01T10:54:27.000Z</time>
        <extensions>
          <ns3:TrackPointExtension>
            <ns3:hr>161</ns3:hr>
            <ns3:cad>91</ns3:cad>
          </ns3:TrackPointExtension>
        </extensions>
      </trkpt>
      <trkpt lat="31.2170842476189136505126953125" lon="121.3845707662403583526611328125">
        <ele>14.3999996185302734375</ele>
        <time>2026-09-01T10:54:28.000Z</time>
        <extensions>
          <ns3:TrackPointExtension>
            <ns3:hr>161</ns3:hr>
            <ns3:cad>90</ns3:cad>
          </ns3:TrackPointExtension>
        </extensions>
      </trkpt>
      <trkpt lat="31.21705398894846439361572265625" lon="121.38456062413752079010009765625">
        <ele>14.3999996185302734375</ele>
        <time>2026-09-01T10:54:29.000Z</time>
        <extensions>
          <ns3:TrackPointExtension>
            <ns3:hr>160</ns3:hr>
            <ns3:cad>90</ns3:cad>
          </ns3:TrackPointExtension>
        </extensions>
      </trkpt>
      <trkpt lat="31.2170306034386157989501953125" lon="121.384554840624332427978515625">
        <ele>14.3999996185302734375</ele>
        <time>2026-09-01T10:54:30.000Z</time>
        <extensions>
          <ns3:TrackPointExtension>
            <ns3:hr>160</ns3:hr>
            <ns3:cad>90</ns3:cad>
          </ns3:TrackPointExtension>
        </extensions>
      </trkpt>
      <trkpt lat="31.2170014344155788421630859375" lon="121.3845459558069705963134765625">
        <ele>14.3999996185302734375</ele>
        <time>2026-09-01T10:54:31.000Z</time>
        <extensions>
          <ns3:TrackPointExtension>
            <ns3:hr>161</ns3:hr>
            <ns3:cad>89</ns3:cad>
          </ns3:TrackPointExtension>
        </extensions>
      </trkpt>
      <trkpt lat="31.21697737835347652435302734375" lon="121.3845449499785900115966796875">
        <ele>14.3999996185302734375</ele>
        <time>2026-09-01T10:54:32.000Z</time>
        <extensions>
          <ns3:TrackPointExtension>
            <ns3:hr>161</ns3:hr>
            <ns3:cad>89</ns3:cad>
          </ns3:TrackPointExtension>
        </extensions>
      </trkpt>
      <trkpt lat="31.2169499695301055908203125" lon="121.3845412619411945343017578125">
        <ele>14.3999996185302734375</ele>
        <time>2026-09-01T10:54:33.000Z</time>
        <extensions>
          <ns3:TrackPointExtension>
            <ns3:hr>160</ns3:hr>
            <ns3:cad>89</ns3:cad>
          </ns3:TrackPointExtension>
        </extensions>
      </trkpt>
      <trkpt lat="31.2169273383915424346923828125" lon="121.38453849591314792633056640625">
        <ele>14.3999996185302734375</ele>
        <time>2026-09-01T10:54:34.000Z</time>
        <extensions>
          <ns3:TrackPointExtension>
            <ns3:hr>160</ns3:hr>
            <ns3:cad>90</ns3:cad>
          </ns3:TrackPointExtension>
        </extensions>
      </trkpt>
      <trkpt lat="31.21690194122493267059326171875" lon="121.384533382952213287353515625">
        <ele>14.3999996185302734375</ele>
        <time>2026-09-01T10:54:35.000Z</time>
        <extensions>
          <ns3:TrackPointExtension>
            <ns3:hr>160</ns3:hr>
            <ns3:cad>90</ns3:cad>
          </ns3:TrackPointExtension>
        </extensions>
      </trkpt>
      <trkpt lat="31.21687880717217922210693359375" lon="121.3845258392393589019775390625">
        <ele>14.3999996185302734375</ele>
        <time>2026-09-01T10:54:36.000Z</time>
        <extensions>
          <ns3:TrackPointExtension>
            <ns3:hr>161</ns3:hr>
            <ns3:cad>89</ns3:cad>
          </ns3:TrackPointExtension>
        </extensions>
      </trkpt>
      <trkpt lat="31.216856427490711212158203125" lon="121.3845194689929485321044921875">
        <ele>14.3999996185302734375</ele>
        <time>2026-09-01T10:54:37.000Z</time>
        <extensions>
          <ns3:TrackPointExtension>
            <ns3:hr>160</ns3:hr>
            <ns3:cad>89</ns3:cad>
          </ns3:TrackPointExtension>
        </extensions>
      </trkpt>
      <trkpt lat="31.21682868339121341705322265625" lon="121.3845129311084747314453125">
        <ele>14.3999996185302734375</ele>
        <time>2026-09-01T10:54:38.000Z</time>
        <extensions>
          <ns3:TrackPointExtension>
            <ns3:hr>160</ns3:hr>
            <ns3:cad>88</ns3:cad>
          </ns3:TrackPointExtension>
        </extensions>
      </trkpt>
      <trkpt lat="31.21680739335715770721435546875" lon="121.38450999744236469268798828125">
        <ele>14.6000003814697265625</ele>
        <time>2026-09-01T10:54:39.000Z</time>
        <extensions>
          <ns3:TrackPointExtension>
            <ns3:hr>159</ns3:hr>
            <ns3:cad>88</ns3:cad>
          </ns3:TrackPointExtension>
        </extensions>
      </trkpt>
      <trkpt lat="31.21677923016250133514404296875" lon="121.38449775986373424530029296875">
        <ele>14.6000003814697265625</ele>
        <time>2026-09-01T10:54:40.000Z</time>
        <extensions>
          <ns3:TrackPointExtension>
            <ns3:hr>159</ns3:hr>
            <ns3:cad>87</ns3:cad>
          </ns3:TrackPointExtension>
        </extensions>
      </trkpt>
      <trkpt lat="31.2167600356042385101318359375" lon="121.38449474237859249114990234375">
        <ele>14.6000003814697265625</ele>
        <time>2026-09-01T10:54:41.000Z</time>
        <extensions>
          <ns3:TrackPointExtension>
            <ns3:hr>159</ns3:hr>
            <ns3:cad>87</ns3:cad>
          </ns3:TrackPointExtension>
        </extensions>
      </trkpt>
      <trkpt lat="31.21673396788537502288818359375" lon="121.38448921032249927520751953125">
        <ele>14.80000019073486328125</ele>
        <time>2026-09-01T10:54:42.000Z</time>
        <extensions>
          <ns3:TrackPointExtension>
            <ns3:hr>159</ns3:hr>
            <ns3:cad>86</ns3:cad>
          </ns3:TrackPointExtension>
        </extensions>
      </trkpt>
      <trkpt lat="31.21671192348003387451171875" lon="121.384487114846706390380859375">
        <ele>14.80000019073486328125</ele>
        <time>2026-09-01T10:54:43.000Z</time>
        <extensions>
          <ns3:TrackPointExtension>
            <ns3:hr>159</ns3:hr>
            <ns3:cad>86</ns3:cad>
          </ns3:TrackPointExtension>
        </extensions>
      </trkpt>
      <trkpt lat="31.2166896276175975799560546875" lon="121.3844835944473743438720703125">
        <ele>14.80000019073486328125</ele>
        <time>2026-09-01T10:54:44.000Z</time>
        <extensions>
          <ns3:TrackPointExtension>
            <ns3:hr>159</ns3:hr>
            <ns3:cad>86</ns3:cad>
          </ns3:TrackPointExtension>
        </extensions>
      </trkpt>
      <trkpt lat="31.2166929803788661956787109375" lon="121.38450153172016143798828125">
        <ele>14.80000019073486328125</ele>
        <time>2026-09-01T10:54:45.000Z</time>
        <extensions>
          <ns3:TrackPointExtension>
            <ns3:hr>160</ns3:hr>
            <ns3:cad>86</ns3:cad>
          </ns3:TrackPointExtension>
        </extensions>
      </trkpt>
    </trkseg>
  </trk>
</gpx>
