<gpx xmlns:ns3="http://www.garmin.com/xmlschemas/TrackPointExtension/v1" xmlns="http://www.topografix.com/GPX/1/1" xmlns:xsi="http://www.w3.org/2001/XMLSchema-instance" xmlns:ns2="http://www.garmin.com/xmlschemas/GpxExtensions/v3" creator="Garmin Connect" version="1.1" xsi:schemaLocation="http://www.topografix.com/GPX/1/1 http://www.topografix.com/GPX/11.xsd">
  <extensions>
<distance>5008.63</distance>
<average_hr>145.0</average_hr>
<average_speed>2.813999891281128</average_speed>
<start_time>2026-09-07T10:28:47+00:00</start_time>
<end_time>2026-09-07T10:58:27.017000+00:00</end_time>
<moving_time>1777.048</moving_time>
<elapsed_time>1780.017</elapsed_time>
</extensions>
<metadata>
    <link href="connect.garmin.com">
      <text>Garmin Connect</text>
    </link>
    <time>2026-09-07T10:28:47.000Z</time>
  </metadata>
  <trk>
    <name>Changning Running</name>
    <type>running</type>
    <trkseg>
      <trkpt lat="31.21768933720886707305908203125" lon="121.3879141397774219512939453125">
        <ele>13.19999980926513671875</ele>
        <time>2026-09-07T10:28:47.000Z</time>
        <extensions>
          <ns3:TrackPointExtension>
            <ns3:hr>90</ns3:hr>
            <ns3:cad>0</ns3:cad>
          </ns3:TrackPointExtension>
        </extensions>
      </trkpt>
      <trkpt lat="31.21763166971504688262939453125" lon="121.38788656331598758697509765625">
        <ele>13.19999980926513671875</ele>
        <time>2026-09-07T10:28:48.000Z</time>
        <extensions>
          <ns3:TrackPointExtension>
            <ns3:hr>90</ns3:hr>
            <ns3:cad>0</ns3:cad>
          </ns3:TrackPointExtension>
        </extensions>
      </trkpt>
      <trkpt lat="31.21765681542456150054931640625" lon="121.38789226301014423370361328125">
        <ele>13.19999980926513671875</ele>
        <time>2026-09-07T10:28:49.000Z</time>
        <extensions>
          <ns3:TrackPointExtension>
            <ns3:hr>90</ns3:hr>
            <ns3:cad>0</ns3:cad>
          </ns3:TrackPointExtension>
        </extensions>
      </trkpt>
      <trkpt lat="31.2176907621324062347412109375" lon="121.38791439123451709747314453125">
        <ele>13</ele>
        <time>2026-09-07T10:28:50.000Z</time>
        <extensions>
          <ns3:TrackPointExtension>
            <ns3:hr>90</ns3:hr>
            <ns3:cad>0</ns3:cad>
          </ns3:TrackPointExtension>
        </extensions>
      </trkpt>
      <trkpt lat="31.217700652778148651123046875" lon="121.38792210258543491363525390625">
        <ele>13</ele>
        <time>2026-09-07T10:28:51.000Z</time>
        <extensions>
          <ns3:TrackPointExtension>
            <ns3:hr>90</ns3:hr>
            <ns3:cad>0</ns3:cad>
          </ns3:TrackPointExtension>
        </extensions>
      </trkpt>
      <trkpt lat="31.21772420592606067657470703125" lon="121.38796065934002399444580078125">
        <ele>12.80000019073486328125</ele>
        <time>2026-09-07T10:28:52.000Z</time>
        <extensions>
          <ns3:TrackPointExtension>
            <ns3:hr>90</ns3:hr>
            <ns3:cad>83</ns3:cad>
          </ns3:TrackPointExtension>
        </extensions>
      </trkpt>
      <trkpt lat="31.217739544808864593505859375" lon="121.38798362575471401214599609375">
        <ele>12.80000019073486328125</ele>
        <time>2026-09-07T10:28:53.000Z</time>
        <extensions>
          <ns3:TrackPointExtension>
            <ns3:hr>91</ns3:hr>
            <ns3:cad>83</ns3:cad>
          </ns3:TrackPointExtension>
        </extensions>
      </trkpt>
      <trkpt lat="31.2177621759474277496337890625" lon="121.3880103640258312225341796875">
        <ele>12.80000019073486328125</ele>
        <time>2026-09-07T10:28:54.000Z</time>
        <extensions>
          <ns3:TrackPointExtension>
            <ns3:hr>92</ns3:hr>
            <ns3:cad>83</ns3:cad>
          </ns3:TrackPointExtension>
        </extensions>
      </trkpt>
      <trkpt lat="31.2177826277911663055419921875" lon="121.38803760521113872528076171875">
        <ele>13</ele>
        <time>2026-09-07T10:28:55.000Z</time>
        <extensions>
          <ns3:TrackPointExtension>
            <ns3:hr>94</ns3:hr>
            <ns3:cad>83</ns3:cad>
          </ns3:TrackPointExtension>
        </extensions>
      </trkpt>
      <trkpt lat="31.217810623347759246826171875" lon="121.388046741485595703125">
        <ele>13</ele>
        <time>2026-09-07T10:28:56.000Z</time>
        <extensions>
          <ns3:TrackPointExtension>
            <ns3:hr>95</ns3:hr>
            <ns3:cad>83</ns3:cad>
          </ns3:TrackPointExtension>
        </extensions>
      </trkpt>
      <trkpt lat="31.21783719398081302642822265625" lon="121.3880700431764125823974609375">
        <ele>13</ele>
        <time>2026-09-07T10:28:57.000Z</time>
        <extensions>
          <ns3:TrackPointExtension>
            <ns3:hr>95</ns3:hr>
            <ns3:cad>84</ns3:cad>
          </ns3:TrackPointExtension>
        </extensions>
      </trkpt>
      <trkpt lat="31.217858903110027313232421875" lon="121.3880817778408527374267578125">
        <ele>12.80000019073486328125</ele>
        <time>2026-09-07T10:28:58.000Z</time>
        <extensions>
          <ns3:TrackPointExtension>
            <ns3:hr>96</ns3:hr>
            <ns3:cad>85</ns3:cad>
          </ns3:TrackPointExtension>
        </extensions>
      </trkpt>
      <trkpt lat="31.21788715012371540069580078125" lon="121.38809158466756343841552734375">
        <ele>12.80000019073486328125</ele>
        <time>2026-09-07T10:28:59.000Z</time>
        <extensions>
          <ns3:TrackPointExtension>
            <ns3:hr>97</ns3:hr>
            <ns3:cad>85</ns3:cad>
          </ns3:TrackPointExtension>
        </extensions>
      </trkpt>
      <trkpt lat="31.2179130502045154571533203125" lon="121.38810231350362300872802734375">
        <ele>12.80000019073486328125</ele>
        <time>2026-09-07T10:29:00.000Z</time>
        <extensions>
          <ns3:TrackPointExtension>
            <ns3:hr>98</ns3:hr>
            <ns3:cad>84</ns3:cad>
          </ns3:TrackPointExtension>
        </extensions>
      </trkpt>
      <trkpt lat="31.217936687171459197998046875" lon="121.3881072588264942169189453125">
        <ele>12.80000019073486328125</ele>
        <time>2026-09-07T10:29:01.000Z</time>
        <extensions>
          <ns3:TrackPointExtension>
            <ns3:hr>99</ns3:hr>
            <ns3:cad>84</ns3:cad>
          </ns3:TrackPointExtension>
        </extensions>
      </trkpt>
      <trkpt lat="31.2179670296609401702880859375" lon="121.388110108673572540283203125">
        <ele>13</ele>
        <time>2026-09-07T10:29:02.000Z</time>
        <extensions>
          <ns3:TrackPointExtension>
            <ns3:hr>101</ns3:hr>
            <ns3:cad>84</ns3:cad>
          </ns3:TrackPointExtension>
        </extensions>
      </trkpt>
      <trkpt lat="31.21799225918948650360107421875" lon="121.388112790882587432861328125">
        <ele>13</ele>
        <time>2026-09-07T10:29:03.000Z</time>
        <extensions>
          <ns3:TrackPointExtension>
            <ns3:hr>104</ns3:hr>
            <ns3:cad>85</ns3:cad>
          </ns3:TrackPointExtension>
        </extensions>
      </trkpt>
      <trkpt lat="31.21801841072738170623779296875" lon="121.388117484748363494873046875">
        <ele>13</ele>
        <time>2026-09-07T10:29:04.000Z</time>
        <extensions>
          <ns3:TrackPointExtension>
            <ns3:hr>106</ns3:hr>
            <ns3:cad>85</ns3:cad>
          </ns3:TrackPointExtension>
        </extensions>
      </trkpt>
      <trkpt lat="31.218040287494659423828125" lon="121.38812142424285411834716796875">
        <ele>12.80000019073486328125</ele>
        <time>2026-09-07T10:29:05.000Z</time>
        <extensions>
          <ns3:TrackPointExtension>
            <ns3:hr>107</ns3:hr>
            <ns3:cad>85</ns3:cad>
          </ns3:TrackPointExtension>
        </extensions>
      </trkpt>
      <trkpt lat="31.21805998496711254119873046875" lon="121.38812863267958164215087890625">
        <ele>12.80000019073486328125</ele>
        <time>2026-09-07T10:29:06.000Z</time>
        <extensions>
          <ns3:TrackPointExtension>
            <ns3:hr>108</ns3:hr>
            <ns3:cad>85</ns3:cad>
          </ns3:TrackPointExtension>
        </extensions>
      </trkpt>
      <trkpt lat="31.218083538115024566650390625" lon="121.3881354220211505889892578125">
        <ele>12.80000019073486328125</ele>
        <time>2026-09-07T10:29:07.000Z</time>
        <extensions>
          <ns3:TrackPointExtension>
            <ns3:hr>108</ns3:hr>
            <ns3:cad>85</ns3:cad>
          </ns3:TrackPointExtension>
        </extensions>
      </trkpt>
      <trkpt lat="31.2181041575968265533447265625" lon="121.38814397156238555908203125">
        <ele>12.80000019073486328125</ele>
        <time>2026-09-07T10:29:08.000Z</time>
        <extensions>
          <ns3:TrackPointExtension>
            <ns3:hr>109</ns3:hr>
            <ns3:cad>86</ns3:cad>
          </ns3:TrackPointExtension>
        </extensions>
      </trkpt>
      <trkpt lat="31.21812452562153339385986328125" lon="121.38815872371196746826171875">
        <ele>12.80000019073486328125</ele>
        <time>2026-09-07T10:29:09.000Z</time>
        <extensions>
          <ns3:TrackPointExtension>
            <ns3:hr>109</ns3:hr>
            <ns3:cad>86</ns3:cad>
          </ns3:TrackPointExtension>
        </extensions>
      </trkpt>
      <trkpt lat="31.218141876161098480224609375" lon="121.3881733082234859466552734375">
        <ele>13</ele>
        <time>2026-09-07T10:29:10.000Z</time>
        <extensions>
          <ns3:TrackPointExtension>
            <ns3:hr>111</ns3:hr>
            <ns3:cad>86</ns3:cad>
          </ns3:TrackPointExtension>
        </extensions>
      </trkpt>
      <trkpt lat="31.21815956197679042816162109375" lon="121.3881897367537021636962890625">
        <ele>13.19999980926513671875</ele>
        <time>2026-09-07T10:29:11.000Z</time>
        <extensions>
          <ns3:TrackPointExtension>
            <ns3:hr>112</ns3:hr>
            <ns3:cad>86</ns3:cad>
          </ns3:TrackPointExtension>
        </extensions>
      </trkpt>
      <trkpt lat="31.2181762419641017913818359375" lon="121.388201974332332611083984375">
        <ele>13.19999980926513671875</ele>
        <time>2026-09-07T10:29:12.000Z</time>
        <extensions>
          <ns3:TrackPointExtension>
            <ns3:hr>113</ns3:hr>
            <ns3:cad>86</ns3:cad>
          </ns3:TrackPointExtension>
        </extensions>
      </trkpt>
      <trkpt lat="31.21818906627595424652099609375" lon="121.388213373720645904541015625">
        <ele>13.19999980926513671875</ele>
        <time>2026-09-07T10:29:13.000Z</time>
        <extensions>
          <ns3:TrackPointExtension>
            <ns3:hr>115</ns3:hr>
            <ns3:cad>86</ns3:cad>
          </ns3:TrackPointExtension>
        </extensions>
      </trkpt>
      <trkpt lat="31.2182104401290416717529296875" lon="121.3882242701947689056396484375">
        <ele>13.19999980926513671875</ele>
        <time>2026-09-07T10:29:14.000Z</time>
        <extensions>
          <ns3:TrackPointExtension>
            <ns3:hr>116</ns3:hr>
            <ns3:cad>86</ns3:cad>
          </ns3:TrackPointExtension>
        </extensions>
      </trkpt>
      <trkpt lat="31.2182137928903102874755859375" lon="121.3882363401353359222412109375">
        <ele>13.19999980926513671875</ele>
        <time>2026-09-07T10:29:15.000Z</time>
        <extensions>
          <ns3:TrackPointExtension>
            <ns3:hr>117</ns3:hr>
            <ns3:cad>86</ns3:cad>
          </ns3:TrackPointExtension>
        </extensions>
      </trkpt>
      <trkpt lat="31.2182329036295413970947265625" lon="121.38824723660945892333984375">
        <ele>13.19999980926513671875</ele>
        <time>2026-09-07T10:29:16.000Z</time>
        <extensions>
          <ns3:TrackPointExtension>
            <ns3:hr>118</ns3:hr>
            <ns3:cad>86</ns3:cad>
          </ns3:TrackPointExtension>
        </extensions>
      </trkpt>
      <trkpt lat="31.21824807487428188323974609375" lon="121.388256289064884185791015625">
        <ele>13.19999980926513671875</ele>
        <time>2026-09-07T10:29:17.000Z</time>
        <extensions>
          <ns3:TrackPointExtension>
            <ns3:hr>119</ns3:hr>
            <ns3:cad>86</ns3:cad>
          </ns3:TrackPointExtension>
        </extensions>
      </trkpt>
      <trkpt lat="31.2182697840034961700439453125" lon="121.38825888745486736297607421875">
        <ele>13.19999980926513671875</ele>
        <time>2026-09-07T10:29:18.000Z</time>
        <extensions>
          <ns3:TrackPointExtension>
            <ns3:hr>120</ns3:hr>
            <ns3:cad>85</ns3:cad>
          </ns3:TrackPointExtension>
        </extensions>
      </trkpt>
      <trkpt lat="31.2182939238846302032470703125" lon="121.3882557861506938934326171875">
        <ele>13.19999980926513671875</ele>
        <time>2026-09-07T10:29:19.000Z</time>
        <extensions>
          <ns3:TrackPointExtension>
            <ns3:hr>121</ns3:hr>
            <ns3:cad>85</ns3:cad>
          </ns3:TrackPointExtension>
        </extensions>
      </trkpt>
      <trkpt lat="31.21831043623387813568115234375" lon="121.38826224021613597869873046875">
        <ele>13</ele>
        <time>2026-09-07T10:29:20.000Z</time>
        <extensions>
          <ns3:TrackPointExtension>
            <ns3:hr>121</ns3:hr>
            <ns3:cad>85</ns3:cad>
          </ns3:TrackPointExtension>
        </extensions>
      </trkpt>
      <trkpt lat="31.21832971461117267608642578125" lon="121.3882675208151340484619140625">
        <ele>13</ele>
        <time>2026-09-07T10:29:21.000Z</time>
        <extensions>
          <ns3:TrackPointExtension>
            <ns3:hr>122</ns3:hr>
            <ns3:cad>86</ns3:cad>
          </ns3:TrackPointExtension>
        </extensions>
      </trkpt>
      <trkpt lat="31.21835075318813323974609375" lon="121.3882705383002758026123046875">
        <ele>13</ele>
        <time>2026-09-07T10:29:22.000Z</time>
        <extensions>
          <ns3:TrackPointExtension>
            <ns3:hr>122</ns3:hr>
            <ns3:cad>86</ns3:cad>
          </ns3:TrackPointExtension>
        </extensions>
      </trkpt>
      <trkpt lat="31.2183703668415546417236328125" lon="121.388274393975734710693359375">
        <ele>13.19999980926513671875</ele>
        <time>2026-09-07T10:29:23.000Z</time>
        <extensions>
          <ns3:TrackPointExtension>
            <ns3:hr>123</ns3:hr>
            <ns3:cad>85</ns3:cad>
          </ns3:TrackPointExtension>
        </extensions>
      </trkpt>
      <trkpt lat="31.21839207597076892852783203125" lon="121.38828302733600139617919921875">
        <ele>13.19999980926513671875</ele>
        <time>2026-09-07T10:29:24.000Z</time>
        <extensions>
          <ns3:TrackPointExtension>
            <ns3:hr>123</ns3:hr>
            <ns3:cad>85</ns3:cad>
          </ns3:TrackPointExtension>
        </extensions>
      </trkpt>
      <trkpt lat="31.218418143689632415771484375" lon="121.38829291798174381256103515625">
        <ele>13.3999996185302734375</ele>
        <time>2026-09-07T10:29:25.000Z</time>
        <extensions>
          <ns3:TrackPointExtension>
            <ns3:hr>123</ns3:hr>
            <ns3:cad>85</ns3:cad>
          </ns3:TrackPointExtension>
        </extensions>
      </trkpt>
      <trkpt lat="31.21843968518078327178955078125" lon="121.38829627074301242828369140625">
        <ele>13.3999996185302734375</ele>
        <time>2026-09-07T10:29:26.000Z</time>
        <extensions>
          <ns3:TrackPointExtension>
            <ns3:hr>124</ns3:hr>
            <ns3:cad>85</ns3:cad>
          </ns3:TrackPointExtension>
        </extensions>
      </trkpt>
      <trkpt lat="31.2184605561196804046630859375" lon="121.38831051997840404510498046875">
        <ele>13.6000003814697265625</ele>
        <time>2026-09-07T10:29:27.000Z</time>
        <extensions>
          <ns3:TrackPointExtension>
            <ns3:hr>124</ns3:hr>
            <ns3:cad>86</ns3:cad>
          </ns3:TrackPointExtension>
        </extensions>
      </trkpt>
      <trkpt lat="31.2184873782098293304443359375" lon="121.38831739313900470733642578125">
        <ele>13.6000003814697265625</ele>
        <time>2026-09-07T10:29:28.000Z</time>
        <extensions>
          <ns3:TrackPointExtension>
            <ns3:hr>124</ns3:hr>
            <ns3:cad>86</ns3:cad>
          </ns3:TrackPointExtension>
        </extensions>
      </trkpt>
      <trkpt lat="31.2185091711580753326416015625" lon="121.38832896016538143157958984375">
        <ele>13.3999996185302734375</ele>
        <time>2026-09-07T10:29:29.000Z</time>
        <extensions>
          <ns3:TrackPointExtension>
            <ns3:hr>124</ns3:hr>
            <ns3:cad>86</ns3:cad>
          </ns3:TrackPointExtension>
        </extensions>
      </trkpt>
      <trkpt lat="31.21853976510465145111083984375" lon="121.38833734206855297088623046875">
        <ele>13.3999996185302734375</ele>
        <time>2026-09-07T10:29:30.000Z</time>
        <extensions>
          <ns3:TrackPointExtension>
            <ns3:hr>125</ns3:hr>
            <ns3:cad>85</ns3:cad>
          </ns3:TrackPointExtension>
        </extensions>
      </trkpt>
      <trkpt lat="31.21856088750064373016357421875" lon="121.3883429579436779022216796875">
        <ele>13.3999996185302734375</ele>
        <time>2026-09-07T10:29:31.000Z</time>
        <extensions>
          <ns3:TrackPointExtension>
            <ns3:hr>125</ns3:hr>
            <ns3:cad>85</ns3:cad>
          </ns3:TrackPointExtension>
        </extensions>
      </trkpt>
      <trkpt lat="31.21858603321015834808349609375" lon="121.38835494406521320343017578125">
        <ele>13.3999996185302734375</ele>
        <time>2026-09-07T10:29:32.000Z</time>
        <extensions>
          <ns3:TrackPointExtension>
            <ns3:hr>126</ns3:hr>
            <ns3:cad>85</ns3:cad>
          </ns3:TrackPointExtension>
        </extensions>
      </trkpt>
      <trkpt lat="31.21860614977777004241943359375" lon="121.388365589082241058349609375">
        <ele>13.6000003814697265625</ele>
        <time>2026-09-07T10:29:33.000Z</time>
        <extensions>
          <ns3:TrackPointExtension>
            <ns3:hr>126</ns3:hr>
            <ns3:cad>86</ns3:cad>
          </ns3:TrackPointExtension>
        </extensions>
      </trkpt>
      <trkpt lat="31.218632049858570098876953125" lon="121.3883704505860805511474609375">
        <ele>13.6000003814697265625</ele>
        <time>2026-09-07T10:29:34.000Z</time>
        <extensions>
          <ns3:TrackPointExtension>
            <ns3:hr>127</ns3:hr>
            <ns3:cad>86</ns3:cad>
          </ns3:TrackPointExtension>
        </extensions>
      </trkpt>
      <trkpt lat="31.21865107677876949310302734375" lon="121.388376653194427490234375">
        <ele>13.80000019073486328125</ele>
        <time>2026-09-07T10:29:35.000Z</time>
        <extensions>
          <ns3:TrackPointExtension>
            <ns3:hr>127</ns3:hr>
            <ns3:cad>86</ns3:cad>
          </ns3:TrackPointExtension>
        </extensions>
      </trkpt>
      <trkpt lat="31.21867597103118896484375" lon="121.388376988470554351806640625">
        <ele>13.80000019073486328125</ele>
        <time>2026-09-07T10:29:36.000Z</time>
        <extensions>
          <ns3:TrackPointExtension>
            <ns3:hr>128</ns3:hr>
            <ns3:cad>85</ns3:cad>
          </ns3:TrackPointExtension>
        </extensions>
      </trkpt>
      <trkpt lat="31.21870371513068675994873046875" lon="121.3883831910789012908935546875">
        <ele>13.80000019073486328125</ele>
        <time>2026-09-07T10:29:37.000Z</time>
        <extensions>
          <ns3:TrackPointExtension>
            <ns3:hr>128</ns3:hr>
            <ns3:cad>85</ns3:cad>
          </ns3:TrackPointExtension>
        </extensions>
      </trkpt>
      <trkpt lat="31.21873254887759685516357421875" lon="121.3883791677653789520263671875">
        <ele>13.80000019073486328125</ele>
        <time>2026-09-07T10:29:38.000Z</time>
        <extensions>
          <ns3:TrackPointExtension>
            <ns3:hr>129</ns3:hr>
            <ns3:cad>85</ns3:cad>
          </ns3:TrackPointExtension>
        </extensions>
      </trkpt>
      <trkpt lat="31.2187616340816020965576171875" lon="121.3883852027356624603271484375">
        <ele>13.80000019073486328125</ele>
        <time>2026-09-07T10:29:39.000Z</time>
        <extensions>
          <ns3:TrackPointExtension>
            <ns3:hr>129</ns3:hr>
            <ns3:cad>85</ns3:cad>
          </ns3:TrackPointExtension>
        </extensions>
      </trkpt>
      <trkpt lat="31.218783594667911529541015625" lon="121.38839132152497768402099609375">
        <ele>13.80000019073486328125</ele>
        <time>2026-09-07T10:29:40.000Z</time>
        <extensions>
          <ns3:TrackPointExtension>
            <ns3:hr>130</ns3:hr>
            <ns3:cad>85</ns3:cad>
          </ns3:TrackPointExtension>
        </extensions>
      </trkpt>
      <trkpt lat="31.21880815364420413970947265625" lon="121.38839283026754856109619140625">
        <ele>13.80000019073486328125</ele>
        <time>2026-09-07T10:29:41.000Z</time>
        <extensions>
          <ns3:TrackPointExtension>
            <ns3:hr>130</ns3:hr>
            <ns3:cad>85</ns3:cad>
          </ns3:TrackPointExtension>
        </extensions>
      </trkpt>
      <trkpt lat="31.218836568295955657958984375" lon="121.38840020634233951568603515625">
        <ele>13.80000019073486328125</ele>
        <time>2026-09-07T10:29:42.000Z</time>
        <extensions>
          <ns3:TrackPointExtension>
            <ns3:hr>130</ns3:hr>
            <ns3:cad>85</ns3:cad>
          </ns3:TrackPointExtension>
        </extensions>
      </trkpt>
      <trkpt lat="31.21885760687291622161865234375" lon="121.38840724714100360870361328125">
        <ele>13.80000019073486328125</ele>
        <time>2026-09-07T10:29:43.000Z</time>
        <extensions>
          <ns3:TrackPointExtension>
            <ns3:hr>131</ns3:hr>
            <ns3:cad>85</ns3:cad>
          </ns3:TrackPointExtension>
        </extensions>
      </trkpt>
      <trkpt lat="31.2188865244388580322265625" lon="121.3884163834154605865478515625">
        <ele>14</ele>
        <time>2026-09-07T10:29:44.000Z</time>
        <extensions>
          <ns3:TrackPointExtension>
            <ns3:hr>132</ns3:hr>
            <ns3:cad>85</ns3:cad>
          </ns3:TrackPointExtension>
        </extensions>
      </trkpt>
      <trkpt lat="31.2189088203012943267822265625" lon="121.38840590603649616241455078125">
        <ele>14</ele>
        <time>2026-09-07T10:29:45.000Z</time>
        <extensions>
          <ns3:TrackPointExtension>
            <ns3:hr>132</ns3:hr>
            <ns3:cad>86</ns3:cad>
          </ns3:TrackPointExtension>
        </extensions>
      </trkpt>
      <trkpt lat="31.21893455274403095245361328125" lon="121.38840942643582820892333984375">
        <ele>13.80000019073486328125</ele>
        <time>2026-09-07T10:29:46.000Z</time>
        <extensions>
          <ns3:TrackPointExtension>
            <ns3:hr>132</ns3:hr>
            <ns3:cad>86</ns3:cad>
          </ns3:TrackPointExtension>
        </extensions>
      </trkpt>
      <trkpt lat="31.21895533986389636993408203125" lon="121.38840758241713047027587890625">
        <ele>13.80000019073486328125</ele>
        <time>2026-09-07T10:29:47.000Z</time>
        <extensions>
          <ns3:TrackPointExtension>
            <ns3:hr>132</ns3:hr>
            <ns3:cad>86</ns3:cad>
          </ns3:TrackPointExtension>
        </extensions>
      </trkpt>
      <trkpt lat="31.218971349298954010009765625" lon="121.38841043226420879364013671875">
        <ele>13.80000019073486328125</ele>
        <time>2026-09-07T10:29:48.000Z</time>
        <extensions>
          <ns3:TrackPointExtension>
            <ns3:hr>132</ns3:hr>
            <ns3:cad>85</ns3:cad>
          </ns3:TrackPointExtension>
        </extensions>
      </trkpt>
      <trkpt lat="31.21899046003818511962890625" lon="121.38840942643582820892333984375">
        <ele>13.80000019073486328125</ele>
        <time>2026-09-07T10:29:49.000Z</time>
        <extensions>
          <ns3:TrackPointExtension>
            <ns3:hr>132</ns3:hr>
            <ns3:cad>85</ns3:cad>
          </ns3:TrackPointExtension>
        </extensions>
      </trkpt>
      <trkpt lat="31.2190147675573825836181640625" lon="121.38841194100677967071533203125">
        <ele>13.80000019073486328125</ele>
        <time>2026-09-07T10:29:50.000Z</time>
        <extensions>
          <ns3:TrackPointExtension>
            <ns3:hr>132</ns3:hr>
            <ns3:cad>86</ns3:cad>
          </ns3:TrackPointExtension>
        </extensions>
      </trkpt>
      <trkpt lat="31.2190368957817554473876953125" lon="121.388414539396762847900390625">
        <ele>13.80000019073486328125</ele>
        <time>2026-09-07T10:29:51.000Z</time>
        <extensions>
          <ns3:TrackPointExtension>
            <ns3:hr>133</ns3:hr>
            <ns3:cad>86</ns3:cad>
          </ns3:TrackPointExtension>
        </extensions>
      </trkpt>
      <trkpt lat="31.2190568447113037109375" lon="121.38841127045452594757080078125">
        <ele>14</ele>
        <time>2026-09-07T10:29:52.000Z</time>
        <extensions>
          <ns3:TrackPointExtension>
            <ns3:hr>133</ns3:hr>
            <ns3:cad>86</ns3:cad>
          </ns3:TrackPointExtension>
        </extensions>
      </trkpt>
      <trkpt lat="31.219081319868564605712890625" lon="121.388415209949016571044921875">
        <ele>14</ele>
        <time>2026-09-07T10:29:53.000Z</time>
        <extensions>
          <ns3:TrackPointExtension>
            <ns3:hr>133</ns3:hr>
            <ns3:cad>86</ns3:cad>
          </ns3:TrackPointExtension>
        </extensions>
      </trkpt>
      <trkpt lat="31.219102106988430023193359375" lon="121.38841529376804828643798828125">
        <ele>14</ele>
        <time>2026-09-07T10:29:54.000Z</time>
        <extensions>
          <ns3:TrackPointExtension>
            <ns3:hr>132</ns3:hr>
            <ns3:cad>85</ns3:cad>
          </ns3:TrackPointExtension>
        </extensions>
      </trkpt>
      <trkpt lat="31.219118870794773101806640625" lon="121.3884123601019382476806640625">
        <ele>14</ele>
        <time>2026-09-07T10:29:55.000Z</time>
        <extensions>
          <ns3:TrackPointExtension>
            <ns3:hr>133</ns3:hr>
            <ns3:cad>85</ns3:cad>
          </ns3:TrackPointExtension>
        </extensions>
      </trkpt>
      <trkpt lat="31.2191388197243213653564453125" lon="121.38841177336871623992919921875">
        <ele>14</ele>
        <time>2026-09-07T10:29:56.000Z</time>
        <extensions>
          <ns3:TrackPointExtension>
            <ns3:hr>133</ns3:hr>
            <ns3:cad>85</ns3:cad>
          </ns3:TrackPointExtension>
        </extensions>
      </trkpt>
      <trkpt lat="31.2191599421203136444091796875" lon="121.388399116694927215576171875">
        <ele>14</ele>
        <time>2026-09-07T10:29:57.000Z</time>
        <extensions>
          <ns3:TrackPointExtension>
            <ns3:hr>133</ns3:hr>
            <ns3:cad>85</ns3:cad>
          </ns3:TrackPointExtension>
        </extensions>
      </trkpt>
      <trkpt lat="31.219178549945354461669921875" lon="121.388392411172389984130859375">
        <ele>14</ele>
        <time>2026-09-07T10:29:58.000Z</time>
        <extensions>
          <ns3:TrackPointExtension>
            <ns3:hr>133</ns3:hr>
            <ns3:cad>86</ns3:cad>
          </ns3:TrackPointExtension>
        </extensions>
      </trkpt>
      <trkpt lat="31.21919606812298297882080078125" lon="121.38839744031429290771484375">
        <ele>14</ele>
        <time>2026-09-07T10:29:59.000Z</time>
        <extensions>
          <ns3:TrackPointExtension>
            <ns3:hr>134</ns3:hr>
            <ns3:cad>86</ns3:cad>
          </ns3:TrackPointExtension>
        </extensions>
      </trkpt>
      <trkpt lat="31.219223476946353912353515625" lon="121.38839467428624629974365234375">
        <ele>14</ele>
        <time>2026-09-07T10:30:00.000Z</time>
        <extensions>
          <ns3:TrackPointExtension>
            <ns3:hr>134</ns3:hr>
            <ns3:cad>86</ns3:cad>
          </ns3:TrackPointExtension>
        </extensions>
      </trkpt>
      <trkpt lat="31.2192432582378387451171875" lon="121.3883969374001026153564453125">
        <ele>14</ele>
        <time>2026-09-07T10:30:01.000Z</time>
        <extensions>
          <ns3:TrackPointExtension>
            <ns3:hr>135</ns3:hr>
            <ns3:cad>86</ns3:cad>
          </ns3:TrackPointExtension>
        </extensions>
      </trkpt>
      <trkpt lat="31.2192679010331630706787109375" lon="121.3883955962955951690673828125">
        <ele>14</ele>
        <time>2026-09-07T10:30:02.000Z</time>
        <extensions>
          <ns3:TrackPointExtension>
            <ns3:hr>135</ns3:hr>
            <ns3:cad>86</ns3:cad>
          </ns3:TrackPointExtension>
        </extensions>
      </trkpt>
      <trkpt lat="31.21929665096104145050048828125" lon="121.3883962668478488922119140625">
        <ele>14</ele>
        <time>2026-09-07T10:30:03.000Z</time>
        <extensions>
          <ns3:TrackPointExtension>
            <ns3:hr>135</ns3:hr>
            <ns3:cad>86</ns3:cad>
          </ns3:TrackPointExtension>
        </extensions>
      </trkpt>
      <trkpt lat="31.21932162903249263763427734375" lon="121.388396434485912322998046875">
        <ele>14.19999980926513671875</ele>
        <time>2026-09-07T10:30:04.000Z</time>
        <extensions>
          <ns3:TrackPointExtension>
            <ns3:hr>135</ns3:hr>
            <ns3:cad>86</ns3:cad>
          </ns3:TrackPointExtension>
        </extensions>
      </trkpt>
      <trkpt lat="31.2193533964455127716064453125" lon="121.38839785940945148468017578125">
        <ele>14.19999980926513671875</ele>
        <time>2026-09-07T10:30:05.000Z</time>
        <extensions>
          <ns3:TrackPointExtension>
            <ns3:hr>135</ns3:hr>
            <ns3:cad>86</ns3:cad>
          </ns3:TrackPointExtension>
        </extensions>
      </trkpt>
      <trkpt lat="31.21938114054501056671142578125" lon="121.3883905671536922454833984375">
        <ele>14.19999980926513671875</ele>
        <time>2026-09-07T10:30:06.000Z</time>
        <extensions>
          <ns3:TrackPointExtension>
            <ns3:hr>135</ns3:hr>
            <ns3:cad>86</ns3:cad>
          </ns3:TrackPointExtension>
        </extensions>
      </trkpt>
      <trkpt lat="31.21940377168357372283935546875" lon="121.38838880695402622222900390625">
        <ele>14.19999980926513671875</ele>
        <time>2026-09-07T10:30:07.000Z</time>
        <extensions>
          <ns3:TrackPointExtension>
            <ns3:hr>135</ns3:hr>
            <ns3:cad>85</ns3:cad>
          </ns3:TrackPointExtension>
        </extensions>
      </trkpt>
      <trkpt lat="31.21942908503115177154541015625" lon="121.38838629238307476043701171875">
        <ele>14.19999980926513671875</ele>
        <time>2026-09-07T10:30:08.000Z</time>
        <extensions>
          <ns3:TrackPointExtension>
            <ns3:hr>135</ns3:hr>
            <ns3:cad>85</ns3:cad>
          </ns3:TrackPointExtension>
        </extensions>
      </trkpt>
      <trkpt lat="31.219451129436492919921875" lon="121.38838696293532848358154296875">
        <ele>14.19999980926513671875</ele>
        <time>2026-09-07T10:30:09.000Z</time>
        <extensions>
          <ns3:TrackPointExtension>
            <ns3:hr>134</ns3:hr>
            <ns3:cad>85</ns3:cad>
          </ns3:TrackPointExtension>
        </extensions>
      </trkpt>
      <trkpt lat="31.2194730900228023529052734375" lon="121.3883862085640430450439453125">
        <ele>14.19999980926513671875</ele>
        <time>2026-09-07T10:30:10.000Z</time>
        <extensions>
          <ns3:TrackPointExtension>
            <ns3:hr>135</ns3:hr>
            <ns3:cad>86</ns3:cad>
          </ns3:TrackPointExtension>
        </extensions>
      </trkpt>
      <trkpt lat="31.21949798427522182464599609375" lon="121.38837958686053752899169921875">
        <ele>14.3999996185302734375</ele>
        <time>2026-09-07T10:30:11.000Z</time>
        <extensions>
          <ns3:TrackPointExtension>
            <ns3:hr>135</ns3:hr>
            <ns3:cad>86</ns3:cad>
          </ns3:TrackPointExtension>
        </extensions>
      </trkpt>
      <trkpt lat="31.2195193581283092498779296875" lon="121.38838260434567928314208984375">
        <ele>14.3999996185302734375</ele>
        <time>2026-09-07T10:30:12.000Z</time>
        <extensions>
          <ns3:TrackPointExtension>
            <ns3:hr>135</ns3:hr>
            <ns3:cad>85</ns3:cad>
          </ns3:TrackPointExtension>
        </extensions>
      </trkpt>
      <trkpt lat="31.2195408158004283905029296875" lon="121.38837992213666439056396484375">
        <ele>14.3999996185302734375</ele>
        <time>2026-09-07T10:30:13.000Z</time>
        <extensions>
          <ns3:TrackPointExtension>
            <ns3:hr>135</ns3:hr>
            <ns3:cad>85</ns3:cad>
          </ns3:TrackPointExtension>
        </extensions>
      </trkpt>
      <trkpt lat="31.21956051327288150787353515625" lon="121.3883841969072818756103515625">
        <ele>14.3999996185302734375</ele>
        <time>2026-09-07T10:30:14.000Z</time>
        <extensions>
          <ns3:TrackPointExtension>
            <ns3:hr>135</ns3:hr>
            <ns3:cad>85</ns3:cad>
          </ns3:TrackPointExtension>
        </extensions>
      </trkpt>
      <trkpt lat="31.21958465315401554107666015625" lon="121.3883860409259796142578125">
        <ele>14.6000003814697265625</ele>
        <time>2026-09-07T10:30:15.000Z</time>
        <extensions>
          <ns3:TrackPointExtension>
            <ns3:hr>136</ns3:hr>
            <ns3:cad>85</ns3:cad>
          </ns3:TrackPointExtension>
        </extensions>
      </trkpt>
      <trkpt lat="31.2196088768541812896728515625" lon="121.3883833587169647216796875">
        <ele>14.6000003814697265625</ele>
        <time>2026-09-07T10:30:16.000Z</time>
        <extensions>
          <ns3:TrackPointExtension>
            <ns3:hr>135</ns3:hr>
            <ns3:cad>86</ns3:cad>
          </ns3:TrackPointExtension>
        </extensions>
      </trkpt>
      <trkpt lat="31.2196447513997554779052734375" lon="121.38838226906955242156982421875">
        <ele>14.6000003814697265625</ele>
        <time>2026-09-07T10:30:17.000Z</time>
        <extensions>
          <ns3:TrackPointExtension>
            <ns3:hr>135</ns3:hr>
            <ns3:cad>86</ns3:cad>
          </ns3:TrackPointExtension>
        </extensions>
      </trkpt>
      <trkpt lat="31.219676434993743896484375" lon="121.38837824575603008270263671875">
        <ele>14.6000003814697265625</ele>
        <time>2026-09-07T10:30:18.000Z</time>
        <extensions>
          <ns3:TrackPointExtension>
            <ns3:hr>135</ns3:hr>
            <ns3:cad>85</ns3:cad>
          </ns3:TrackPointExtension>
        </extensions>
      </trkpt>
      <trkpt lat="31.2197185121476650238037109375" lon="121.3883724622428417205810546875">
        <ele>14.6000003814697265625</ele>
        <time>2026-09-07T10:30:19.000Z</time>
        <extensions>
          <ns3:TrackPointExtension>
            <ns3:hr>135</ns3:hr>
            <ns3:cad>85</ns3:cad>
          </ns3:TrackPointExtension>
        </extensions>
      </trkpt>
      <trkpt lat="31.21974709443747997283935546875" lon="121.3883726298809051513671875">
        <ele>14.6000003814697265625</ele>
        <time>2026-09-07T10:30:20.000Z</time>
        <extensions>
          <ns3:TrackPointExtension>
            <ns3:hr>135</ns3:hr>
            <ns3:cad>85</ns3:cad>
          </ns3:TrackPointExtension>
        </extensions>
      </trkpt>
      <trkpt lat="31.21977257542312145233154296875" lon="121.38837086968123912811279296875">
        <ele>14.6000003814697265625</ele>
        <time>2026-09-07T10:30:21.000Z</time>
        <extensions>
          <ns3:TrackPointExtension>
            <ns3:hr>136</ns3:hr>
            <ns3:cad>85</ns3:cad>
          </ns3:TrackPointExtension>
        </extensions>
      </trkpt>
      <trkpt lat="31.219796128571033477783203125" lon="121.3883687742054462432861328125">
        <ele>14.6000003814697265625</ele>
        <time>2026-09-07T10:30:22.000Z</time>
        <extensions>
          <ns3:TrackPointExtension>
            <ns3:hr>136</ns3:hr>
            <ns3:cad>85</ns3:cad>
          </ns3:TrackPointExtension>
        </extensions>
      </trkpt>
      <trkpt lat="31.2198278121650218963623046875" lon="121.38835628516972064971923828125">
        <ele>14.6000003814697265625</ele>
        <time>2026-09-07T10:30:23.000Z</time>
        <extensions>
          <ns3:TrackPointExtension>
            <ns3:hr>137</ns3:hr>
            <ns3:cad>85</ns3:cad>
          </ns3:TrackPointExtension>
        </extensions>
      </trkpt>
      <trkpt lat="31.21985823847353458404541015625" lon="121.38834178447723388671875">
        <ele>14.6000003814697265625</ele>
        <time>2026-09-07T10:30:24.000Z</time>
        <extensions>
          <ns3:TrackPointExtension>
            <ns3:hr>137</ns3:hr>
            <ns3:cad>85</ns3:cad>
          </ns3:TrackPointExtension>
        </extensions>
      </trkpt>
      <trkpt lat="31.21989293955266475677490234375" lon="121.38831856660544872283935546875">
        <ele>14.6000003814697265625</ele>
        <time>2026-09-07T10:30:25.000Z</time>
        <extensions>
          <ns3:TrackPointExtension>
            <ns3:hr>137</ns3:hr>
            <ns3:cad>85</ns3:cad>
          </ns3:TrackPointExtension>
        </extensions>
      </trkpt>
      <trkpt lat="31.219909451901912689208984375" lon="121.38828302733600139617919921875">
        <ele>14.6000003814697265625</ele>
        <time>2026-09-07T10:30:26.000Z</time>
        <extensions>
          <ns3:TrackPointExtension>
            <ns3:hr>137</ns3:hr>
            <ns3:cad>84</ns3:cad>
          </ns3:TrackPointExtension>
        </extensions>
      </trkpt>
      <trkpt lat="31.21992881409823894500732421875" lon="121.38825796544551849365234375">
        <ele>14.6000003814697265625</ele>
        <time>2026-09-07T10:30:27.000Z</time>
        <extensions>
          <ns3:TrackPointExtension>
            <ns3:hr>137</ns3:hr>
            <ns3:cad>84</ns3:cad>
          </ns3:TrackPointExtension>
        </extensions>
      </trkpt>
      <trkpt lat="31.21994507499039173126220703125" lon="121.38824111782014369964599609375">
        <ele>14.6000003814697265625</ele>
        <time>2026-09-07T10:30:28.000Z</time>
        <extensions>
          <ns3:TrackPointExtension>
            <ns3:hr>137</ns3:hr>
            <ns3:cad>84</ns3:cad>
          </ns3:TrackPointExtension>
        </extensions>
      </trkpt>
      <trkpt lat="31.21995203197002410888671875" lon="121.38820943422615528106689453125">
        <ele>14.6000003814697265625</ele>
        <time>2026-09-07T10:30:29.000Z</time>
        <extensions>
          <ns3:TrackPointExtension>
            <ns3:hr>138</ns3:hr>
            <ns3:cad>84</ns3:cad>
          </ns3:TrackPointExtension>
        </extensions>
      </trkpt>
      <trkpt lat="31.2199743278324604034423828125" lon="121.38818730600178241729736328125">
        <ele>14.6000003814697265625</ele>
        <time>2026-09-07T10:30:30.000Z</time>
        <extensions>
          <ns3:TrackPointExtension>
            <ns3:hr>138</ns3:hr>
            <ns3:cad>83</ns3:cad>
          </ns3:TrackPointExtension>
        </extensions>
      </trkpt>
      <trkpt lat="31.21998966671526432037353515625" lon="121.38816584832966327667236328125">
        <ele>14.80000019073486328125</ele>
        <time>2026-09-07T10:30:31.000Z</time>
        <extensions>
          <ns3:TrackPointExtension>
            <ns3:hr>138</ns3:hr>
            <ns3:cad>82</ns3:cad>
          </ns3:TrackPointExtension>
        </extensions>
      </trkpt>
      <trkpt lat="31.2199951149523258209228515625" lon="121.3881392776966094970703125">
        <ele>14.80000019073486328125</ele>
        <time>2026-09-07T10:30:32.000Z</time>
        <extensions>
          <ns3:TrackPointExtension>
            <ns3:hr>139</ns3:hr>
            <ns3:cad>82</ns3:cad>
          </ns3:TrackPointExtension>
        </extensions>
      </trkpt>
      <trkpt lat="31.2200028263032436370849609375" lon="121.3881206698715686798095703125">
        <ele>14.80000019073486328125</ele>
        <time>2026-09-07T10:30:33.000Z</time>
        <extensions>
          <ns3:TrackPointExtension>
            <ns3:hr>139</ns3:hr>
            <ns3:cad>84</ns3:cad>
          </ns3:TrackPointExtension>
        </extensions>
      </trkpt>
      <trkpt lat="31.22000425122678279876708984375" lon="121.38809569180011749267578125">
        <ele>15</ele>
        <time>2026-09-07T10:30:34.000Z</time>
        <extensions>
          <ns3:TrackPointExtension>
            <ns3:hr>139</ns3:hr>
            <ns3:cad>85</ns3:cad>
          </ns3:TrackPointExtension>
        </extensions>
      </trkpt>
      <trkpt lat="31.22000299394130706787109375" lon="121.38806493021547794342041015625">
        <ele>15</ele>
        <time>2026-09-07T10:30:35.000Z</time>
        <extensions>
          <ns3:TrackPointExtension>
            <ns3:hr>139</ns3:hr>
            <ns3:cad>86</ns3:cad>
          </ns3:TrackPointExtension>
        </extensions>
      </trkpt>
      <trkpt lat="31.2200011499226093292236328125" lon="121.38803207315504550933837890625">
        <ele>15</ele>
        <time>2026-09-07T10:30:36.000Z</time>
        <extensions>
          <ns3:TrackPointExtension>
            <ns3:hr>139</ns3:hr>
            <ns3:cad>86</ns3:cad>
          </ns3:TrackPointExtension>
        </extensions>
      </trkpt>
      <trkpt lat="31.2199887447059154510498046875" lon="121.38800055719912052154541015625">
        <ele>15</ele>
        <time>2026-09-07T10:30:37.000Z</time>
        <extensions>
          <ns3:TrackPointExtension>
            <ns3:hr>139</ns3:hr>
            <ns3:cad>86</ns3:cad>
          </ns3:TrackPointExtension>
        </extensions>
      </trkpt>
      <trkpt lat="31.219988577067852020263671875" lon="121.387971974909305572509765625">
        <ele>15</ele>
        <time>2026-09-07T10:30:38.000Z</time>
        <extensions>
          <ns3:TrackPointExtension>
            <ns3:hr>139</ns3:hr>
            <ns3:cad>86</ns3:cad>
          </ns3:TrackPointExtension>
        </extensions>
      </trkpt>
      <trkpt lat="31.2199914269149303436279296875" lon="121.3879469968378543853759765625">
        <ele>15</ele>
        <time>2026-09-07T10:30:39.000Z</time>
        <extensions>
          <ns3:TrackPointExtension>
            <ns3:hr>139</ns3:hr>
            <ns3:cad>86</ns3:cad>
          </ns3:TrackPointExtension>
        </extensions>
      </trkpt>
      <trkpt lat="31.21999218128621578216552734375" lon="121.387920677661895751953125">
        <ele>15</ele>
        <time>2026-09-07T10:30:40.000Z</time>
        <extensions>
          <ns3:TrackPointExtension>
            <ns3:hr>140</ns3:hr>
            <ns3:cad>87</ns3:cad>
          </ns3:TrackPointExtension>
        </extensions>
      </trkpt>
      <trkpt lat="31.2199969589710235595703125" lon="121.38789092190563678741455078125">
        <ele>14.80000019073486328125</ele>
        <time>2026-09-07T10:30:41.000Z</time>
        <extensions>
          <ns3:TrackPointExtension>
            <ns3:hr>140</ns3:hr>
            <ns3:cad>87</ns3:cad>
          </ns3:TrackPointExtension>
        </extensions>
      </trkpt>
      <trkpt lat="31.21999419294297695159912109375" lon="121.38786099851131439208984375">
        <ele>14.80000019073486328125</ele>
        <time>2026-09-07T10:30:42.000Z</time>
        <extensions>
          <ns3:TrackPointExtension>
            <ns3:hr>140</ns3:hr>
            <ns3:cad>86</ns3:cad>
          </ns3:TrackPointExtension>
        </extensions>
      </trkpt>
      <trkpt lat="31.2199961207807064056396484375" lon="121.38782805763185024261474609375">
        <ele>14.80000019073486328125</ele>
        <time>2026-09-07T10:30:43.000Z</time>
        <extensions>
          <ns3:TrackPointExtension>
            <ns3:hr>140</ns3:hr>
            <ns3:cad>86</ns3:cad>
          </ns3:TrackPointExtension>
        </extensions>
      </trkpt>
      <trkpt lat="31.219979189336299896240234375" lon="121.38780022971332073211669921875">
        <ele>15</ele>
        <time>2026-09-07T10:30:44.000Z</time>
        <extensions>
          <ns3:TrackPointExtension>
            <ns3:hr>140</ns3:hr>
            <ns3:cad>86</ns3:cad>
          </ns3:TrackPointExtension>
        </extensions>
      </trkpt>
      <trkpt lat="31.21996569447219371795654296875" lon="121.38777005486190319061279296875">
        <ele>15</ele>
        <time>2026-09-07T10:30:45.000Z</time>
        <extensions>
          <ns3:TrackPointExtension>
            <ns3:hr>139</ns3:hr>
            <ns3:cad>86</ns3:cad>
          </ns3:TrackPointExtension>
        </extensions>
      </trkpt>
      <trkpt lat="31.21995479799807071685791015625" lon="121.38774155639111995697021484375">
        <ele>15</ele>
        <time>2026-09-07T10:30:46.000Z</time>
        <extensions>
          <ns3:TrackPointExtension>
            <ns3:hr>140</ns3:hr>
            <ns3:cad>87</ns3:cad>
          </ns3:TrackPointExtension>
        </extensions>
      </trkpt>
      <trkpt lat="31.21994138695299625396728515625" lon="121.387711130082607269287109375">
        <ele>15</ele>
        <time>2026-09-07T10:30:47.000Z</time>
        <extensions>
          <ns3:TrackPointExtension>
            <ns3:hr>140</ns3:hr>
            <ns3:cad>87</ns3:cad>
          </ns3:TrackPointExtension>
        </extensions>
      </trkpt>
      <trkpt lat="31.21993535198271274566650390625" lon="121.3876817934215068817138671875">
        <ele>15</ele>
        <time>2026-09-07T10:30:48.000Z</time>
        <extensions>
          <ns3:TrackPointExtension>
            <ns3:hr>140</ns3:hr>
            <ns3:cad>86</ns3:cad>
          </ns3:TrackPointExtension>
        </extensions>
      </trkpt>
      <trkpt lat="31.219928562641143798828125" lon="121.38765706680715084075927734375">
        <ele>15</ele>
        <time>2026-09-07T10:30:49.000Z</time>
        <extensions>
          <ns3:TrackPointExtension>
            <ns3:hr>140</ns3:hr>
            <ns3:cad>86</ns3:cad>
          </ns3:TrackPointExtension>
        </extensions>
      </trkpt>
      <trkpt lat="31.219916827976703643798828125" lon="121.38762203045189380645751953125">
        <ele>14.80000019073486328125</ele>
        <time>2026-09-07T10:30:50.000Z</time>
        <extensions>
          <ns3:TrackPointExtension>
            <ns3:hr>140</ns3:hr>
            <ns3:cad>86</ns3:cad>
          </ns3:TrackPointExtension>
        </extensions>
      </trkpt>
      <trkpt lat="31.21990316547453403472900390625" lon="121.3875854015350341796875">
        <ele>14.80000019073486328125</ele>
        <time>2026-09-07T10:30:51.000Z</time>
        <extensions>
          <ns3:TrackPointExtension>
            <ns3:hr>140</ns3:hr>
            <ns3:cad>86</ns3:cad>
          </ns3:TrackPointExtension>
        </extensions>
      </trkpt>
      <trkpt lat="31.21989645995199680328369140625" lon="121.38755145482718944549560546875">
        <ele>14.80000019073486328125</ele>
        <time>2026-09-07T10:30:52.000Z</time>
        <extensions>
          <ns3:TrackPointExtension>
            <ns3:hr>140</ns3:hr>
            <ns3:cad>86</ns3:cad>
          </ns3:TrackPointExtension>
        </extensions>
      </trkpt>
      <trkpt lat="31.21988363564014434814453125" lon="121.3875210285186767578125">
        <ele>14.80000019073486328125</ele>
        <time>2026-09-07T10:30:53.000Z</time>
        <extensions>
          <ns3:TrackPointExtension>
            <ns3:hr>139</ns3:hr>
            <ns3:cad>87</ns3:cad>
          </ns3:TrackPointExtension>
        </extensions>
      </trkpt>
      <trkpt lat="31.21987885795533657073974609375" lon="121.38749219477176666259765625">
        <ele>14.6000003814697265625</ele>
        <time>2026-09-07T10:30:54.000Z</time>
        <extensions>
          <ns3:TrackPointExtension>
            <ns3:hr>140</ns3:hr>
            <ns3:cad>87</ns3:cad>
          </ns3:TrackPointExtension>
        </extensions>
      </trkpt>
      <trkpt lat="31.219875924289226531982421875" lon="121.38746696524322032928466796875">
        <ele>14.6000003814697265625</ele>
        <time>2026-09-07T10:30:55.000Z</time>
        <extensions>
          <ns3:TrackPointExtension>
            <ns3:hr>140</ns3:hr>
            <ns3:cad>87</ns3:cad>
          </ns3:TrackPointExtension>
        </extensions>
      </trkpt>
      <trkpt lat="31.21986879967153072357177734375" lon="121.38744081370532512664794921875">
        <ele>14.80000019073486328125</ele>
        <time>2026-09-07T10:30:56.000Z</time>
        <extensions>
          <ns3:TrackPointExtension>
            <ns3:hr>140</ns3:hr>
            <ns3:cad>87</ns3:cad>
          </ns3:TrackPointExtension>
        </extensions>
      </trkpt>
      <trkpt lat="31.21986527927219867706298828125" lon="121.387417428195476531982421875">
        <ele>14.6000003814697265625</ele>
        <time>2026-09-07T10:30:57.000Z</time>
        <extensions>
          <ns3:TrackPointExtension>
            <ns3:hr>141</ns3:hr>
            <ns3:cad>86</ns3:cad>
          </ns3:TrackPointExtension>
        </extensions>
      </trkpt>
      <trkpt lat="31.21986092068254947662353515625" lon="121.387389600276947021484375">
        <ele>14.80000019073486328125</ele>
        <time>2026-09-07T10:30:58.000Z</time>
        <extensions>
          <ns3:TrackPointExtension>
            <ns3:hr>141</ns3:hr>
            <ns3:cad>87</ns3:cad>
          </ns3:TrackPointExtension>
        </extensions>
      </trkpt>
      <trkpt lat="31.219859831035137176513671875" lon="121.38736051507294178009033203125">
        <ele>14.80000019073486328125</ele>
        <time>2026-09-07T10:30:59.000Z</time>
        <extensions>
          <ns3:TrackPointExtension>
            <ns3:hr>141</ns3:hr>
            <ns3:cad>87</ns3:cad>
          </ns3:TrackPointExtension>
        </extensions>
      </trkpt>
      <trkpt lat="31.21985874138772487640380859375" lon="121.38733285479247570037841796875">
        <ele>14.80000019073486328125</ele>
        <time>2026-09-07T10:31:00.000Z</time>
        <extensions>
          <ns3:TrackPointExtension>
            <ns3:hr>141</ns3:hr>
            <ns3:cad>87</ns3:cad>
          </ns3:TrackPointExtension>
        </extensions>
      </trkpt>
      <trkpt lat="31.21986058540642261505126953125" lon="121.38730636797845363616943359375">
        <ele>14.80000019073486328125</ele>
        <time>2026-09-07T10:31:01.000Z</time>
        <extensions>
          <ns3:TrackPointExtension>
            <ns3:hr>141</ns3:hr>
            <ns3:cad>87</ns3:cad>
          </ns3:TrackPointExtension>
        </extensions>
      </trkpt>
      <trkpt lat="31.2198613397777080535888671875" lon="121.387278623878955841064453125">
        <ele>14.80000019073486328125</ele>
        <time>2026-09-07T10:31:02.000Z</time>
        <extensions>
          <ns3:TrackPointExtension>
            <ns3:hr>141</ns3:hr>
            <ns3:cad>86</ns3:cad>
          </ns3:TrackPointExtension>
        </extensions>
      </trkpt>
      <trkpt lat="31.21986192651093006134033203125" lon="121.38725037686526775360107421875">
        <ele>14.80000019073486328125</ele>
        <time>2026-09-07T10:31:03.000Z</time>
        <extensions>
          <ns3:TrackPointExtension>
            <ns3:hr>141</ns3:hr>
            <ns3:cad>86</ns3:cad>
          </ns3:TrackPointExtension>
        </extensions>
      </trkpt>
      <trkpt lat="31.2198539637029170989990234375" lon="121.38723093084990978240966796875">
        <ele>14.80000019073486328125</ele>
        <time>2026-09-07T10:31:04.000Z</time>
        <extensions>
          <ns3:TrackPointExtension>
            <ns3:hr>141</ns3:hr>
            <ns3:cad>86</ns3:cad>
          </ns3:TrackPointExtension>
        </extensions>
      </trkpt>
      <trkpt lat="31.21984600089490413665771484375" lon="121.38720260001718997955322265625">
        <ele>14.80000019073486328125</ele>
        <time>2026-09-07T10:31:05.000Z</time>
        <extensions>
          <ns3:TrackPointExtension>
            <ns3:hr>141</ns3:hr>
            <ns3:cad>87</ns3:cad>
          </ns3:TrackPointExtension>
        </extensions>
      </trkpt>
      <trkpt lat="31.21984197758138179779052734375" lon="121.38717644847929477691650390625">
        <ele>15</ele>
        <time>2026-09-07T10:31:06.000Z</time>
        <extensions>
          <ns3:TrackPointExtension>
            <ns3:hr>141</ns3:hr>
            <ns3:cad>87</ns3:cad>
          </ns3:TrackPointExtension>
        </extensions>
      </trkpt>
      <trkpt lat="31.2198385410010814666748046875" lon="121.387146525084972381591796875">
        <ele>15</ele>
        <time>2026-09-07T10:31:07.000Z</time>
        <extensions>
          <ns3:TrackPointExtension>
            <ns3:hr>141</ns3:hr>
            <ns3:cad>87</ns3:cad>
          </ns3:TrackPointExtension>
        </extensions>
      </trkpt>
      <trkpt lat="31.219830997288227081298828125" lon="121.38712070882320404052734375">
        <ele>15</ele>
        <time>2026-09-07T10:31:08.000Z</time>
        <extensions>
          <ns3:TrackPointExtension>
            <ns3:hr>141</ns3:hr>
            <ns3:cad>87</ns3:cad>
          </ns3:TrackPointExtension>
        </extensions>
      </trkpt>
      <trkpt lat="31.21982370503246784210205078125" lon="121.3870957307517528533935546875">
        <ele>14.80000019073486328125</ele>
        <time>2026-09-07T10:31:09.000Z</time>
        <extensions>
          <ns3:TrackPointExtension>
            <ns3:hr>141</ns3:hr>
            <ns3:cad>87</ns3:cad>
          </ns3:TrackPointExtension>
        </extensions>
      </trkpt>
      <trkpt lat="31.21982538141310214996337890625" lon="121.387066729366779327392578125">
        <ele>15</ele>
        <time>2026-09-07T10:31:10.000Z</time>
        <extensions>
          <ns3:TrackPointExtension>
            <ns3:hr>142</ns3:hr>
            <ns3:cad>87</ns3:cad>
          </ns3:TrackPointExtension>
        </extensions>
      </trkpt>
      <trkpt lat="31.21955783106386661529541015625" lon="121.385474838316440582275390625">
        <ele>14.80000019073486328125</ele>
        <time>2026-09-07T10:32:13.000Z</time>
        <extensions>
          <ns3:TrackPointExtension>
            <ns3:hr>136</ns3:hr>
            <ns3:cad>87</ns3:cad>
          </ns3:TrackPointExtension>
        </extensions>
      </trkpt>
      <trkpt lat="31.21954861097037792205810546875" lon="121.385479867458343505859375">
        <ele>14.80000019073486328125</ele>
        <time>2026-09-07T10:32:14.000Z</time>
        <extensions>
          <ns3:TrackPointExtension>
            <ns3:hr>136</ns3:hr>
            <ns3:cad>87</ns3:cad>
          </ns3:TrackPointExtension>
        </extensions>
      </trkpt>
      <trkpt lat="31.21952245943248271942138671875" lon="121.385482884943485260009765625">
        <ele>14.80000019073486328125</ele>
        <time>2026-09-07T10:32:15.000Z</time>
        <extensions>
          <ns3:TrackPointExtension>
            <ns3:hr>136</ns3:hr>
            <ns3:cad>87</ns3:cad>
          </ns3:TrackPointExtension>
        </extensions>
      </trkpt>
      <trkpt lat="31.219503767788410186767578125" lon="121.38548833318054676055908203125">
        <ele>14.80000019073486328125</ele>
        <time>2026-09-07T10:32:16.000Z</time>
        <extensions>
          <ns3:TrackPointExtension>
            <ns3:hr>136</ns3:hr>
            <ns3:cad>87</ns3:cad>
          </ns3:TrackPointExtension>
        </extensions>
      </trkpt>
      <trkpt lat="31.219476275146007537841796875" lon="121.3854817114770412445068359375">
        <ele>14.80000019073486328125</ele>
        <time>2026-09-07T10:32:17.000Z</time>
        <extensions>
          <ns3:TrackPointExtension>
            <ns3:hr>136</ns3:hr>
            <ns3:cad>87</ns3:cad>
          </ns3:TrackPointExtension>
        </extensions>
      </trkpt>
      <trkpt lat="31.21944886632263660430908203125" lon="121.385481543838977813720703125">
        <ele>14.80000019073486328125</ele>
        <time>2026-09-07T10:32:18.000Z</time>
        <extensions>
          <ns3:TrackPointExtension>
            <ns3:hr>136</ns3:hr>
            <ns3:cad>87</ns3:cad>
          </ns3:TrackPointExtension>
        </extensions>
      </trkpt>
      <trkpt lat="31.21942137368023395538330078125" lon="121.385488249361515045166015625">
        <ele>15</ele>
        <time>2026-09-07T10:32:19.000Z</time>
        <extensions>
          <ns3:TrackPointExtension>
            <ns3:hr>136</ns3:hr>
            <ns3:cad>89</ns3:cad>
          </ns3:TrackPointExtension>
        </extensions>
      </trkpt>
      <trkpt lat="31.2193934619426727294921875" lon="121.38548397459089756011962890625">
        <ele>15</ele>
        <time>2026-09-07T10:32:20.000Z</time>
        <extensions>
          <ns3:TrackPointExtension>
            <ns3:hr>136</ns3:hr>
            <ns3:cad>89</ns3:cad>
          </ns3:TrackPointExtension>
        </extensions>
      </trkpt>
      <trkpt lat="31.21936722658574581146240234375" lon="121.3854837231338024139404296875">
        <ele>14.80000019073486328125</ele>
        <time>2026-09-07T10:32:21.000Z</time>
        <extensions>
          <ns3:TrackPointExtension>
            <ns3:hr>137</ns3:hr>
            <ns3:cad>88</ns3:cad>
          </ns3:TrackPointExtension>
        </extensions>
      </trkpt>
      <trkpt lat="31.21933604590594768524169921875" lon="121.38548699207603931427001953125">
        <ele>14.80000019073486328125</ele>
        <time>2026-09-07T10:32:22.000Z</time>
        <extensions>
          <ns3:TrackPointExtension>
            <ns3:hr>137</ns3:hr>
            <ns3:cad>87</ns3:cad>
          </ns3:TrackPointExtension>
        </extensions>
      </trkpt>
      <trkpt lat="31.2193158455193042755126953125" lon="121.38548699207603931427001953125">
        <ele>15</ele>
        <time>2026-09-07T10:32:23.000Z</time>
        <extensions>
          <ns3:TrackPointExtension>
            <ns3:hr>137</ns3:hr>
            <ns3:cad>87</ns3:cad>
          </ns3:TrackPointExtension>
        </extensions>
      </trkpt>
      <trkpt lat="31.21928491629660129547119140625" lon="121.3854810409247875213623046875">
        <ele>14.80000019073486328125</ele>
        <time>2026-09-07T10:32:24.000Z</time>
        <extensions>
          <ns3:TrackPointExtension>
            <ns3:hr>137</ns3:hr>
            <ns3:cad>87</ns3:cad>
          </ns3:TrackPointExtension>
        </extensions>
      </trkpt>
      <trkpt lat="31.21926479972898960113525390625" lon="121.38548456132411956787109375">
        <ele>14.80000019073486328125</ele>
        <time>2026-09-07T10:32:25.000Z</time>
        <extensions>
          <ns3:TrackPointExtension>
            <ns3:hr>137</ns3:hr>
            <ns3:cad>89</ns3:cad>
          </ns3:TrackPointExtension>
        </extensions>
      </trkpt>
      <trkpt lat="31.21923529542982578277587890625" lon="121.38547944836318492889404296875">
        <ele>15</ele>
        <time>2026-09-07T10:32:26.000Z</time>
        <extensions>
          <ns3:TrackPointExtension>
            <ns3:hr>138</ns3:hr>
            <ns3:cad>89</ns3:cad>
          </ns3:TrackPointExtension>
        </extensions>
      </trkpt>
      <trkpt lat="31.21921316720545291900634765625" lon="121.38547944836318492889404296875">
        <ele>15</ele>
        <time>2026-09-07T10:32:27.000Z</time>
        <extensions>
          <ns3:TrackPointExtension>
            <ns3:hr>137</ns3:hr>
            <ns3:cad>88</ns3:cad>
          </ns3:TrackPointExtension>
        </extensions>
      </trkpt>
      <trkpt lat="31.21918567456305027008056640625" lon="121.38547777198255062103271484375">
        <ele>15</ele>
        <time>2026-09-07T10:32:28.000Z</time>
        <extensions>
          <ns3:TrackPointExtension>
            <ns3:hr>137</ns3:hr>
            <ns3:cad>87</ns3:cad>
          </ns3:TrackPointExtension>
        </extensions>
      </trkpt>
      <trkpt lat="31.21916371397674083709716796875" lon="121.38547358103096485137939453125">
        <ele>15.19999980926513671875</ele>
        <time>2026-09-07T10:32:29.000Z</time>
        <extensions>
          <ns3:TrackPointExtension>
            <ns3:hr>138</ns3:hr>
            <ns3:cad>87</ns3:cad>
          </ns3:TrackPointExtension>
        </extensions>
      </trkpt>
      <trkpt lat="31.21913655661046504974365234375" lon="121.3854669593274593353271484375">
        <ele>15.19999980926513671875</ele>
        <time>2026-09-07T10:32:30.000Z</time>
        <extensions>
          <ns3:TrackPointExtension>
            <ns3:hr>138</ns3:hr>
            <ns3:cad>87</ns3:cad>
          </ns3:TrackPointExtension>
        </extensions>
      </trkpt>
      <trkpt lat="31.21911074034869670867919921875" lon="121.3854656182229518890380859375">
        <ele>15.19999980926513671875</ele>
        <time>2026-09-07T10:32:31.000Z</time>
        <extensions>
          <ns3:TrackPointExtension>
            <ns3:hr>138</ns3:hr>
            <ns3:cad>88</ns3:cad>
          </ns3:TrackPointExtension>
        </extensions>
      </trkpt>
      <trkpt lat="31.2190828286111354827880859375" lon="121.38546084053814411163330078125">
        <ele>15.19999980926513671875</ele>
        <time>2026-09-07T10:32:32.000Z</time>
        <extensions>
          <ns3:TrackPointExtension>
            <ns3:hr>138</ns3:hr>
            <ns3:cad>88</ns3:cad>
          </ns3:TrackPointExtension>
        </extensions>
      </trkpt>
      <trkpt lat="31.21905676089227199554443359375" lon="121.3854579068720340728759765625">
        <ele>15.3999996185302734375</ele>
        <time>2026-09-07T10:32:33.000Z</time>
        <extensions>
          <ns3:TrackPointExtension>
            <ns3:hr>137</ns3:hr>
            <ns3:cad>88</ns3:cad>
          </ns3:TrackPointExtension>
        </extensions>
      </trkpt>
      <trkpt lat="31.21903513558208942413330078125" lon="121.3854565657675266265869140625">
        <ele>15.3999996185302734375</ele>
        <time>2026-09-07T10:32:34.000Z</time>
        <extensions>
          <ns3:TrackPointExtension>
            <ns3:hr>137</ns3:hr>
            <ns3:cad>87</ns3:cad>
          </ns3:TrackPointExtension>
        </extensions>
      </trkpt>
      <trkpt lat="31.21900730766355991363525390625" lon="121.38544675894081592559814453125">
        <ele>15.19999980926513671875</ele>
        <time>2026-09-07T10:32:35.000Z</time>
        <extensions>
          <ns3:TrackPointExtension>
            <ns3:hr>137</ns3:hr>
            <ns3:cad>87</ns3:cad>
          </ns3:TrackPointExtension>
        </extensions>
      </trkpt>
      <trkpt lat="31.2189862690865993499755859375" lon="121.38544172979891300201416015625">
        <ele>15.3999996185302734375</ele>
        <time>2026-09-07T10:32:36.000Z</time>
        <extensions>
          <ns3:TrackPointExtension>
            <ns3:hr>137</ns3:hr>
            <ns3:cad>87</ns3:cad>
          </ns3:TrackPointExtension>
        </extensions>
      </trkpt>
      <trkpt lat="31.2189562618732452392578125" lon="121.38543401844799518585205078125">
        <ele>15.3999996185302734375</ele>
        <time>2026-09-07T10:32:37.000Z</time>
        <extensions>
          <ns3:TrackPointExtension>
            <ns3:hr>137</ns3:hr>
            <ns3:cad>88</ns3:cad>
          </ns3:TrackPointExtension>
        </extensions>
      </trkpt>
      <trkpt lat="31.218934468924999237060546875" lon="121.3854327611625194549560546875">
        <ele>15.19999980926513671875</ele>
        <time>2026-09-07T10:32:38.000Z</time>
        <extensions>
          <ns3:TrackPointExtension>
            <ns3:hr>136</ns3:hr>
            <ns3:cad>88</ns3:cad>
          </ns3:TrackPointExtension>
        </extensions>
      </trkpt>
      <trkpt lat="31.2189104966819286346435546875" lon="121.38542479835450649261474609375">
        <ele>15.19999980926513671875</ele>
        <time>2026-09-07T10:32:39.000Z</time>
        <extensions>
          <ns3:TrackPointExtension>
            <ns3:hr>137</ns3:hr>
            <ns3:cad>88</ns3:cad>
          </ns3:TrackPointExtension>
        </extensions>
      </trkpt>
      <trkpt lat="31.21889113448560237884521484375" lon="121.385420523583889007568359375">
        <ele>15.19999980926513671875</ele>
        <time>2026-09-07T10:32:40.000Z</time>
        <extensions>
          <ns3:TrackPointExtension>
            <ns3:hr>136</ns3:hr>
            <ns3:cad>87</ns3:cad>
          </ns3:TrackPointExtension>
        </extensions>
      </trkpt>
      <trkpt lat="31.2188655696809291839599609375" lon="121.3854109682142734527587890625">
        <ele>15.19999980926513671875</ele>
        <time>2026-09-07T10:32:41.000Z</time>
        <extensions>
          <ns3:TrackPointExtension>
            <ns3:hr>136</ns3:hr>
            <ns3:cad>87</ns3:cad>
          </ns3:TrackPointExtension>
        </extensions>
      </trkpt>
      <trkpt lat="31.21884654276072978973388671875" lon="121.38540132902562618255615234375">
        <ele>15.19999980926513671875</ele>
        <time>2026-09-07T10:32:42.000Z</time>
        <extensions>
          <ns3:TrackPointExtension>
            <ns3:hr>136</ns3:hr>
            <ns3:cad>87</ns3:cad>
          </ns3:TrackPointExtension>
        </extensions>
      </trkpt>
      <trkpt lat="31.21882391162216663360595703125" lon="121.38538909144699573516845703125">
        <ele>15.19999980926513671875</ele>
        <time>2026-09-07T10:32:43.000Z</time>
        <extensions>
          <ns3:TrackPointExtension>
            <ns3:hr>136</ns3:hr>
            <ns3:cad>87</ns3:cad>
          </ns3:TrackPointExtension>
        </extensions>
      </trkpt>
      <trkpt lat="31.2188048847019672393798828125" lon="121.3853760994970798492431640625">
        <ele>15.19999980926513671875</ele>
        <time>2026-09-07T10:32:44.000Z</time>
        <extensions>
          <ns3:TrackPointExtension>
            <ns3:hr>136</ns3:hr>
            <ns3:cad>89</ns3:cad>
          </ns3:TrackPointExtension>
        </extensions>
      </trkpt>
      <trkpt lat="31.21878585778176784515380859375" lon="121.3853623531758785247802734375">
        <ele>15.19999980926513671875</ele>
        <time>2026-09-07T10:32:45.000Z</time>
        <extensions>
          <ns3:TrackPointExtension>
            <ns3:hr>136</ns3:hr>
            <ns3:cad>89</ns3:cad>
          </ns3:TrackPointExtension>
        </extensions>
      </trkpt>
      <trkpt lat="31.21876741759479045867919921875" lon="121.3853502832353115081787109375">
        <ele>15.19999980926513671875</ele>
        <time>2026-09-07T10:32:46.000Z</time>
        <extensions>
          <ns3:TrackPointExtension>
            <ns3:hr>136</ns3:hr>
            <ns3:cad>88</ns3:cad>
          </ns3:TrackPointExtension>
        </extensions>
      </trkpt>
      <trkpt lat="31.21874562464654445648193359375" lon="121.3853402249515056610107421875">
        <ele>15.19999980926513671875</ele>
        <time>2026-09-07T10:32:47.000Z</time>
        <extensions>
          <ns3:TrackPointExtension>
            <ns3:hr>136</ns3:hr>
            <ns3:cad>87</ns3:cad>
          </ns3:TrackPointExtension>
        </extensions>
      </trkpt>
      <trkpt lat="31.21872148476541042327880859375" lon="121.38533025048673152923583984375">
        <ele>15.19999980926513671875</ele>
        <time>2026-09-07T10:32:48.000Z</time>
        <extensions>
          <ns3:TrackPointExtension>
            <ns3:hr>136</ns3:hr>
            <ns3:cad>87</ns3:cad>
          </ns3:TrackPointExtension>
        </extensions>
      </trkpt>
      <trkpt lat="31.21870203875005245208740234375" lon="121.38531482778489589691162109375">
        <ele>15.19999980926513671875</ele>
        <time>2026-09-07T10:32:49.000Z</time>
        <extensions>
          <ns3:TrackPointExtension>
            <ns3:hr>136</ns3:hr>
            <ns3:cad>87</ns3:cad>
          </ns3:TrackPointExtension>
        </extensions>
      </trkpt>
      <trkpt lat="31.218676976859569549560546875" lon="121.38529814779758453369140625">
        <ele>15.19999980926513671875</ele>
        <time>2026-09-07T10:32:50.000Z</time>
        <extensions>
          <ns3:TrackPointExtension>
            <ns3:hr>136</ns3:hr>
            <ns3:cad>88</ns3:cad>
          </ns3:TrackPointExtension>
        </extensions>
      </trkpt>
      <trkpt lat="31.21865225024521350860595703125" lon="121.38528733514249324798583984375">
        <ele>15.19999980926513671875</ele>
        <time>2026-09-07T10:32:51.000Z</time>
        <extensions>
          <ns3:TrackPointExtension>
            <ns3:hr>137</ns3:hr>
            <ns3:cad>88</ns3:cad>
          </ns3:TrackPointExtension>
        </extensions>
      </trkpt>
      <trkpt lat="31.21862593106925487518310546875" lon="121.38527006842195987701416015625">
        <ele>15.19999980926513671875</ele>
        <time>2026-09-07T10:32:52.000Z</time>
        <extensions>
          <ns3:TrackPointExtension>
            <ns3:hr>137</ns3:hr>
            <ns3:cad>88</ns3:cad>
          </ns3:TrackPointExtension>
        </extensions>
      </trkpt>
      <trkpt lat="31.2186013720929622650146484375" lon="121.385253556072711944580078125">
        <ele>15.19999980926513671875</ele>
        <time>2026-09-07T10:32:53.000Z</time>
        <extensions>
          <ns3:TrackPointExtension>
            <ns3:hr>137</ns3:hr>
            <ns3:cad>87</ns3:cad>
          </ns3:TrackPointExtension>
        </extensions>
      </trkpt>
      <trkpt lat="31.218575052917003631591796875" lon="121.385238133370876312255859375">
        <ele>15.19999980926513671875</ele>
        <time>2026-09-07T10:32:54.000Z</time>
        <extensions>
          <ns3:TrackPointExtension>
            <ns3:hr>137</ns3:hr>
            <ns3:cad>87</ns3:cad>
          </ns3:TrackPointExtension>
        </extensions>
      </trkpt>
      <trkpt lat="31.21855057775974273681640625" lon="121.38523033820092678070068359375">
        <ele>15.19999980926513671875</ele>
        <time>2026-09-07T10:32:55.000Z</time>
        <extensions>
          <ns3:TrackPointExtension>
            <ns3:hr>137</ns3:hr>
            <ns3:cad>89</ns3:cad>
          </ns3:TrackPointExtension>
        </extensions>
      </trkpt>
      <trkpt lat="31.2185242585837841033935546875" lon="121.385222375392913818359375">
        <ele>15.19999980926513671875</ele>
        <time>2026-09-07T10:32:56.000Z</time>
        <extensions>
          <ns3:TrackPointExtension>
            <ns3:hr>138</ns3:hr>
            <ns3:cad>89</ns3:cad>
          </ns3:TrackPointExtension>
        </extensions>
      </trkpt>
      <trkpt lat="31.21850506402552127838134765625" lon="121.38521038927137851715087890625">
        <ele>15.19999980926513671875</ele>
        <time>2026-09-07T10:32:57.000Z</time>
        <extensions>
          <ns3:TrackPointExtension>
            <ns3:hr>138</ns3:hr>
            <ns3:cad>89</ns3:cad>
          </ns3:TrackPointExtension>
        </extensions>
      </trkpt>
      <trkpt lat="31.218477152287960052490234375" lon="121.385189183056354522705078125">
        <ele>15</ele>
        <time>2026-09-07T10:32:58.000Z</time>
        <extensions>
          <ns3:TrackPointExtension>
            <ns3:hr>138</ns3:hr>
            <ns3:cad>88</ns3:cad>
          </ns3:TrackPointExtension>
        </extensions>
      </trkpt>
      <trkpt lat="31.21845426969230175018310546875" lon="121.3851772807538509368896484375">
        <ele>15</ele>
        <time>2026-09-07T10:32:59.000Z</time>
        <extensions>
          <ns3:TrackPointExtension>
            <ns3:hr>138</ns3:hr>
            <ns3:cad>88</ns3:cad>
          </ns3:TrackPointExtension>
        </extensions>
      </trkpt>
      <trkpt lat="31.2184305489063262939453125" lon="121.38515741564333438873291015625">
        <ele>15</ele>
        <time>2026-09-07T10:33:00.000Z</time>
        <extensions>
          <ns3:TrackPointExtension>
            <ns3:hr>138</ns3:hr>
            <ns3:cad>88</ns3:cad>
          </ns3:TrackPointExtension>
        </extensions>
      </trkpt>
      <trkpt lat="31.21841168962419033050537109375" lon="121.38514031656086444854736328125">
        <ele>15</ele>
        <time>2026-09-07T10:33:01.000Z</time>
        <extensions>
          <ns3:TrackPointExtension>
            <ns3:hr>139</ns3:hr>
            <ns3:cad>89</ns3:cad>
          </ns3:TrackPointExtension>
        </extensions>
      </trkpt>
      <trkpt lat="31.218386627733707427978515625" lon="121.38512891717255115509033203125">
        <ele>15</ele>
        <time>2026-09-07T10:33:02.000Z</time>
        <extensions>
          <ns3:TrackPointExtension>
            <ns3:hr>139</ns3:hr>
            <ns3:cad>89</ns3:cad>
          </ns3:TrackPointExtension>
        </extensions>
      </trkpt>
      <trkpt lat="31.218367852270603179931640625" lon="121.3851206190884113311767578125">
        <ele>15</ele>
        <time>2026-09-07T10:33:03.000Z</time>
        <extensions>
          <ns3:TrackPointExtension>
            <ns3:hr>139</ns3:hr>
            <ns3:cad>88</ns3:cad>
          </ns3:TrackPointExtension>
        </extensions>
      </trkpt>
      <trkpt lat="31.21834999881684780120849609375" lon="121.38511097989976406097412109375">
        <ele>15</ele>
        <time>2026-09-07T10:33:04.000Z</time>
        <extensions>
          <ns3:TrackPointExtension>
            <ns3:hr>139</ns3:hr>
            <ns3:cad>88</ns3:cad>
          </ns3:TrackPointExtension>
        </extensions>
      </trkpt>
      <trkpt lat="31.21833105571568012237548828125" lon="121.38509991578757762908935546875">
        <ele>15</ele>
        <time>2026-09-07T10:33:05.000Z</time>
        <extensions>
          <ns3:TrackPointExtension>
            <ns3:hr>139</ns3:hr>
            <ns3:cad>87</ns3:cad>
          </ns3:TrackPointExtension>
        </extensions>
      </trkpt>
      <trkpt lat="31.21830842457711696624755859375" lon="121.38508365489542484283447265625">
        <ele>14.80000019073486328125</ele>
        <time>2026-09-07T10:33:06.000Z</time>
        <extensions>
          <ns3:TrackPointExtension>
            <ns3:hr>138</ns3:hr>
            <ns3:cad>87</ns3:cad>
          </ns3:TrackPointExtension>
        </extensions>
      </trkpt>
      <trkpt lat="31.21828428469598293304443359375" lon="121.38506806455552577972412109375">
        <ele>14.80000019073486328125</ele>
        <time>2026-09-07T10:33:07.000Z</time>
        <extensions>
          <ns3:TrackPointExtension>
            <ns3:hr>139</ns3:hr>
            <ns3:cad>88</ns3:cad>
          </ns3:TrackPointExtension>
        </extensions>
      </trkpt>
      <trkpt lat="31.21826970018446445465087890625" lon="121.38505850918591022491455078125">
        <ele>14.80000019073486328125</ele>
        <time>2026-09-07T10:33:08.000Z</time>
        <extensions>
          <ns3:TrackPointExtension>
            <ns3:hr>139</ns3:hr>
            <ns3:cad>89</ns3:cad>
          </ns3:TrackPointExtension>
        </extensions>
      </trkpt>
      <trkpt lat="31.21824723668396472930908203125" lon="121.3850424997508525848388671875">
        <ele>14.80000019073486328125</ele>
        <time>2026-09-07T10:33:09.000Z</time>
        <extensions>
          <ns3:TrackPointExtension>
            <ns3:hr>139</ns3:hr>
            <ns3:cad>89</ns3:cad>
          </ns3:TrackPointExtension>
        </extensions>
      </trkpt>
      <trkpt lat="31.218228042125701904296875" lon="121.3850274123251438140869140625">
        <ele>14.80000019073486328125</ele>
        <time>2026-09-07T10:33:10.000Z</time>
        <extensions>
          <ns3:TrackPointExtension>
            <ns3:hr>139</ns3:hr>
            <ns3:cad>88</ns3:cad>
          </ns3:TrackPointExtension>
        </extensions>
      </trkpt>
      <trkpt lat="31.218206249177455902099609375" lon="121.38501224108040332794189453125">
        <ele>14.80000019073486328125</ele>
        <time>2026-09-07T10:33:11.000Z</time>
        <extensions>
          <ns3:TrackPointExtension>
            <ns3:hr>139</ns3:hr>
            <ns3:cad>88</ns3:cad>
          </ns3:TrackPointExtension>
        </extensions>
      </trkpt>
      <trkpt lat="31.21818487532436847686767578125" lon="121.38499966822564601898193359375">
        <ele>14.80000019073486328125</ele>
        <time>2026-09-07T10:33:12.000Z</time>
        <extensions>
          <ns3:TrackPointExtension>
            <ns3:hr>139</ns3:hr>
            <ns3:cad>88</ns3:cad>
          </ns3:TrackPointExtension>
        </extensions>
      </trkpt>
      <trkpt lat="31.21816073544323444366455078125" lon="121.38498432934284210205078125">
        <ele>14.6000003814697265625</ele>
        <time>2026-09-07T10:33:13.000Z</time>
        <extensions>
          <ns3:TrackPointExtension>
            <ns3:hr>139</ns3:hr>
            <ns3:cad>88</ns3:cad>
          </ns3:TrackPointExtension>
        </extensions>
      </trkpt>
      <trkpt lat="31.21813952922821044921875" lon="121.384979300200939178466796875">
        <ele>14.6000003814697265625</ele>
        <time>2026-09-07T10:33:14.000Z</time>
        <extensions>
          <ns3:TrackPointExtension>
            <ns3:hr>139</ns3:hr>
            <ns3:cad>90</ns3:cad>
          </ns3:TrackPointExtension>
        </extensions>
      </trkpt>
      <trkpt lat="31.21811471879482269287109375" lon="121.3849697448313236236572265625">
        <ele>14.80000019073486328125</ele>
        <time>2026-09-07T10:33:15.000Z</time>
        <extensions>
          <ns3:TrackPointExtension>
            <ns3:hr>139</ns3:hr>
            <ns3:cad>90</ns3:cad>
          </ns3:TrackPointExtension>
        </extensions>
      </trkpt>
      <trkpt lat="31.218095608055591583251953125" lon="121.38496262021362781524658203125">
        <ele>14.80000019073486328125</ele>
        <time>2026-09-07T10:33:16.000Z</time>
        <extensions>
          <ns3:TrackPointExtension>
            <ns3:hr>138</ns3:hr>
            <ns3:cad>88</ns3:cad>
          </ns3:TrackPointExtension>
        </extensions>
      </trkpt>
      <trkpt lat="31.218067444860935211181640625" lon="121.384952478110790252685546875">
        <ele>14.80000019073486328125</ele>
        <time>2026-09-07T10:33:17.000Z</time>
        <extensions>
          <ns3:TrackPointExtension>
            <ns3:hr>138</ns3:hr>
            <ns3:cad>88</ns3:cad>
          </ns3:TrackPointExtension>
        </extensions>
      </trkpt>
      <trkpt lat="31.21805126778781414031982421875" lon="121.38494149781763553619384765625">
        <ele>15</ele>
        <time>2026-09-07T10:33:18.000Z</time>
        <extensions>
          <ns3:TrackPointExtension>
            <ns3:hr>138</ns3:hr>
            <ns3:cad>88</ns3:cad>
          </ns3:TrackPointExtension>
        </extensions>
      </trkpt>
      <trkpt lat="31.2180293910205364227294921875" lon="121.384927332401275634765625">
        <ele>14.80000019073486328125</ele>
        <time>2026-09-07T10:33:19.000Z</time>
        <extensions>
          <ns3:TrackPointExtension>
            <ns3:hr>138</ns3:hr>
            <ns3:cad>88</ns3:cad>
          </ns3:TrackPointExtension>
        </extensions>
      </trkpt>
      <trkpt lat="31.2180069275200366973876953125" lon="121.384915597736835479736328125">
        <ele>14.80000019073486328125</ele>
        <time>2026-09-07T10:33:20.000Z</time>
        <extensions>
          <ns3:TrackPointExtension>
            <ns3:hr>138</ns3:hr>
            <ns3:cad>90</ns3:cad>
          </ns3:TrackPointExtension>
        </extensions>
      </trkpt>
      <trkpt lat="31.2179821170866489410400390625" lon="121.38488885946571826934814453125">
        <ele>15</ele>
        <time>2026-09-07T10:33:21.000Z</time>
        <extensions>
          <ns3:TrackPointExtension>
            <ns3:hr>138</ns3:hr>
            <ns3:cad>90</ns3:cad>
          </ns3:TrackPointExtension>
        </extensions>
      </trkpt>
      <trkpt lat="31.21796610765159130096435546875" lon="121.38487259857356548309326171875">
        <ele>15</ele>
        <time>2026-09-07T10:33:22.000Z</time>
        <extensions>
          <ns3:TrackPointExtension>
            <ns3:hr>138</ns3:hr>
            <ns3:cad>88</ns3:cad>
          </ns3:TrackPointExtension>
        </extensions>
      </trkpt>
      <trkpt lat="31.2179422192275524139404296875" lon="121.38484829105436801910400390625">
        <ele>15</ele>
        <time>2026-09-07T10:33:23.000Z</time>
        <extensions>
          <ns3:TrackPointExtension>
            <ns3:hr>138</ns3:hr>
            <ns3:cad>88</ns3:cad>
          </ns3:TrackPointExtension>
        </extensions>
      </trkpt>
      <trkpt lat="31.2179221026599407196044921875" lon="121.38483739458024501800537109375">
        <ele>15</ele>
        <time>2026-09-07T10:33:24.000Z</time>
        <extensions>
          <ns3:TrackPointExtension>
            <ns3:hr>138</ns3:hr>
            <ns3:cad>88</ns3:cad>
          </ns3:TrackPointExtension>
        </extensions>
      </trkpt>
      <trkpt lat="31.21789335273206233978271484375" lon="121.3848215527832508087158203125">
        <ele>15</ele>
        <time>2026-09-07T10:33:25.000Z</time>
        <extensions>
          <ns3:TrackPointExtension>
            <ns3:hr>138</ns3:hr>
            <ns3:cad>88</ns3:cad>
          </ns3:TrackPointExtension>
        </extensions>
      </trkpt>
      <trkpt lat="31.21787206269800662994384765625" lon="121.3848084770143032073974609375">
        <ele>15</ele>
        <time>2026-09-07T10:33:26.000Z</time>
        <extensions>
          <ns3:TrackPointExtension>
            <ns3:hr>138</ns3:hr>
            <ns3:cad>89</ns3:cad>
          </ns3:TrackPointExtension>
        </extensions>
      </trkpt>
      <trkpt lat="31.2178446538746356964111328125" lon="121.38479732908308506011962890625">
        <ele>15</ele>
        <time>2026-09-07T10:33:27.000Z</time>
        <extensions>
          <ns3:TrackPointExtension>
            <ns3:hr>138</ns3:hr>
            <ns3:cad>89</ns3:cad>
          </ns3:TrackPointExtension>
        </extensions>
      </trkpt>
      <trkpt lat="31.21782210655510425567626953125" lon="121.38478810898959636688232421875">
        <ele>15</ele>
        <time>2026-09-07T10:33:28.000Z</time>
        <extensions>
          <ns3:TrackPointExtension>
            <ns3:hr>138</ns3:hr>
            <ns3:cad>88</ns3:cad>
          </ns3:TrackPointExtension>
        </extensions>
      </trkpt>
      <trkpt lat="31.21779712848365306854248046875" lon="121.3847772963345050811767578125">
        <ele>15</ele>
        <time>2026-09-07T10:33:29.000Z</time>
        <extensions>
          <ns3:TrackPointExtension>
            <ns3:hr>138</ns3:hr>
            <ns3:cad>88</ns3:cad>
          </ns3:TrackPointExtension>
        </extensions>
      </trkpt>
      <trkpt lat="31.21777650900185108184814453125" lon="121.3847669027745723724365234375">
        <ele>15</ele>
        <time>2026-09-07T10:33:30.000Z</time>
        <extensions>
          <ns3:TrackPointExtension>
            <ns3:hr>138</ns3:hr>
            <ns3:cad>88</ns3:cad>
          </ns3:TrackPointExtension>
        </extensions>
      </trkpt>
      <trkpt lat="31.217755973339080810546875" lon="121.38475843705236911773681640625">
        <ele>15</ele>
        <time>2026-09-07T10:33:31.000Z</time>
        <extensions>
          <ns3:TrackPointExtension>
            <ns3:hr>138</ns3:hr>
            <ns3:cad>88</ns3:cad>
          </ns3:TrackPointExtension>
        </extensions>
      </trkpt>
      <trkpt lat="31.2177313305437564849853515625" lon="121.38475022278726100921630859375">
        <ele>15</ele>
        <time>2026-09-07T10:33:32.000Z</time>
        <extensions>
          <ns3:TrackPointExtension>
            <ns3:hr>138</ns3:hr>
            <ns3:cad>88</ns3:cad>
          </ns3:TrackPointExtension>
        </extensions>
      </trkpt>
      <trkpt lat="31.217706687748432159423828125" lon="121.38474402017891407012939453125">
        <ele>15</ele>
        <time>2026-09-07T10:33:33.000Z</time>
        <extensions>
          <ns3:TrackPointExtension>
            <ns3:hr>138</ns3:hr>
            <ns3:cad>89</ns3:cad>
          </ns3:TrackPointExtension>
        </extensions>
      </trkpt>
      <trkpt lat="31.2176827155053615570068359375" lon="121.38473295606672763824462890625">
        <ele>15</ele>
        <time>2026-09-07T10:33:34.000Z</time>
        <extensions>
          <ns3:TrackPointExtension>
            <ns3:hr>138</ns3:hr>
            <ns3:cad>89</ns3:cad>
          </ns3:TrackPointExtension>
        </extensions>
      </trkpt>
      <trkpt lat="31.2176615931093692779541015625" lon="121.38472172431647777557373046875">
        <ele>15</ele>
        <time>2026-09-07T10:33:35.000Z</time>
        <extensions>
          <ns3:TrackPointExtension>
            <ns3:hr>137</ns3:hr>
            <ns3:cad>88</ns3:cad>
          </ns3:TrackPointExtension>
        </extensions>
      </trkpt>
      <trkpt lat="31.21763569302856922149658203125" lon="121.38470898382365703582763671875">
        <ele>15</ele>
        <time>2026-09-07T10:33:36.000Z</time>
        <extensions>
          <ns3:TrackPointExtension>
            <ns3:hr>137</ns3:hr>
            <ns3:cad>88</ns3:cad>
          </ns3:TrackPointExtension>
        </extensions>
      </trkpt>
      <trkpt lat="31.21761448681354522705078125" lon="121.38470445759594440460205078125">
        <ele>15</ele>
        <time>2026-09-07T10:33:37.000Z</time>
        <extensions>
          <ns3:TrackPointExtension>
            <ns3:hr>137</ns3:hr>
            <ns3:cad>88</ns3:cad>
          </ns3:TrackPointExtension>
        </extensions>
      </trkpt>
      <trkpt lat="31.2175881676375865936279296875" lon="121.38469154946506023406982421875">
        <ele>15</ele>
        <time>2026-09-07T10:33:38.000Z</time>
        <extensions>
          <ns3:TrackPointExtension>
            <ns3:hr>137</ns3:hr>
            <ns3:cad>88</ns3:cad>
          </ns3:TrackPointExtension>
        </extensions>
      </trkpt>
      <trkpt lat="31.21756813488900661468505859375" lon="121.38468266464769840240478515625">
        <ele>15</ele>
        <time>2026-09-07T10:33:39.000Z</time>
        <extensions>
          <ns3:TrackPointExtension>
            <ns3:hr>137</ns3:hr>
            <ns3:cad>89</ns3:cad>
          </ns3:TrackPointExtension>
        </extensions>
      </trkpt>
      <trkpt lat="31.21754097752273082733154296875" lon="121.38467143289744853973388671875">
        <ele>15</ele>
        <time>2026-09-07T10:33:40.000Z</time>
        <extensions>
          <ns3:TrackPointExtension>
            <ns3:hr>137</ns3:hr>
            <ns3:cad>89</ns3:cad>
          </ns3:TrackPointExtension>
        </extensions>
      </trkpt>
      <trkpt lat="31.21752153150737285614013671875" lon="121.38466556556522846221923828125">
        <ele>15</ele>
        <time>2026-09-07T10:33:41.000Z</time>
        <extensions>
          <ns3:TrackPointExtension>
            <ns3:hr>137</ns3:hr>
            <ns3:cad>88</ns3:cad>
          </ns3:TrackPointExtension>
        </extensions>
      </trkpt>
      <trkpt lat="31.21749806217849254608154296875" lon="121.3846552558243274688720703125">
        <ele>15</ele>
        <time>2026-09-07T10:33:42.000Z</time>
        <extensions>
          <ns3:TrackPointExtension>
            <ns3:hr>137</ns3:hr>
            <ns3:cad>88</ns3:cad>
          </ns3:TrackPointExtension>
        </extensions>
      </trkpt>
      <trkpt lat="31.217478029429912567138671875" lon="121.3846519030630588531494140625">
        <ele>15</ele>
        <time>2026-09-07T10:33:43.000Z</time>
        <extensions>
          <ns3:TrackPointExtension>
            <ns3:hr>137</ns3:hr>
            <ns3:cad>88</ns3:cad>
          </ns3:TrackPointExtension>
        </extensions>
      </trkpt>
      <trkpt lat="31.2174513749778270721435546875" lon="121.3846475444734096527099609375">
        <ele>15</ele>
        <time>2026-09-07T10:33:44.000Z</time>
        <extensions>
          <ns3:TrackPointExtension>
            <ns3:hr>136</ns3:hr>
            <ns3:cad>88</ns3:cad>
          </ns3:TrackPointExtension>
        </extensions>
      </trkpt>
      <trkpt lat="31.21743301860988140106201171875" lon="121.38463991694152355194091796875">
        <ele>15</ele>
        <time>2026-09-07T10:33:45.000Z</time>
        <extensions>
          <ns3:TrackPointExtension>
            <ns3:hr>136</ns3:hr>
            <ns3:cad>89</ns3:cad>
          </ns3:TrackPointExtension>
        </extensions>
      </trkpt>
      <trkpt lat="31.21740401722490787506103515625" lon="121.38463337905704975128173828125">
        <ele>15.19999980926513671875</ele>
        <time>2026-09-07T10:33:46.000Z</time>
        <extensions>
          <ns3:TrackPointExtension>
            <ns3:hr>136</ns3:hr>
            <ns3:cad>89</ns3:cad>
          </ns3:TrackPointExtension>
        </extensions>
      </trkpt>
      <trkpt lat="31.21738138608634471893310546875" lon="121.38462315313518047332763671875">
        <ele>15.19999980926513671875</ele>
        <time>2026-09-07T10:33:47.000Z</time>
        <extensions>
          <ns3:TrackPointExtension>
            <ns3:hr>137</ns3:hr>
            <ns3:cad>88</ns3:cad>
          </ns3:TrackPointExtension>
        </extensions>
      </trkpt>
      <trkpt lat="31.2173517979681491851806640625" lon="121.38461762107908725738525390625">
        <ele>15.19999980926513671875</ele>
        <time>2026-09-07T10:33:48.000Z</time>
        <extensions>
          <ns3:TrackPointExtension>
            <ns3:hr>137</ns3:hr>
            <ns3:cad>87</ns3:cad>
          </ns3:TrackPointExtension>
        </extensions>
      </trkpt>
      <trkpt lat="31.2173281610012054443359375" lon="121.38461108319461345672607421875">
        <ele>15.19999980926513671875</ele>
        <time>2026-09-07T10:33:49.000Z</time>
        <extensions>
          <ns3:TrackPointExtension>
            <ns3:hr>137</ns3:hr>
            <ns3:cad>87</ns3:cad>
          </ns3:TrackPointExtension>
        </extensions>
      </trkpt>
      <trkpt lat="31.21729890815913677215576171875" lon="121.38460940681397914886474609375">
        <ele>15.19999980926513671875</ele>
        <time>2026-09-07T10:33:50.000Z</time>
        <extensions>
          <ns3:TrackPointExtension>
            <ns3:hr>137</ns3:hr>
            <ns3:cad>88</ns3:cad>
          </ns3:TrackPointExtension>
        </extensions>
      </trkpt>
      <trkpt lat="31.21727376244962215423583984375" lon="121.3846039585769176483154296875">
        <ele>15.19999980926513671875</ele>
        <time>2026-09-07T10:33:51.000Z</time>
        <extensions>
          <ns3:TrackPointExtension>
            <ns3:hr>137</ns3:hr>
            <ns3:cad>89</ns3:cad>
          </ns3:TrackPointExtension>
        </extensions>
      </trkpt>
      <trkpt lat="31.21725096367299556732177734375" lon="121.38460588641464710235595703125">
        <ele>15.19999980926513671875</ele>
        <time>2026-09-07T10:33:52.000Z</time>
        <extensions>
          <ns3:TrackPointExtension>
            <ns3:hr>138</ns3:hr>
            <ns3:cad>89</ns3:cad>
          </ns3:TrackPointExtension>
        </extensions>
      </trkpt>
      <trkpt lat="31.21722397394478321075439453125" lon="121.3846029527485370635986328125">
        <ele>15.19999980926513671875</ele>
        <time>2026-09-07T10:33:53.000Z</time>
        <extensions>
          <ns3:TrackPointExtension>
            <ns3:hr>138</ns3:hr>
            <ns3:cad>88</ns3:cad>
          </ns3:TrackPointExtension>
        </extensions>
      </trkpt>
      <trkpt lat="31.21720117516815662384033203125" lon="121.384600102901458740234375">
        <ele>15.19999980926513671875</ele>
        <time>2026-09-07T10:33:54.000Z</time>
        <extensions>
          <ns3:TrackPointExtension>
            <ns3:hr>138</ns3:hr>
            <ns3:cad>88</ns3:cad>
          </ns3:TrackPointExtension>
        </extensions>
      </trkpt>
      <trkpt lat="31.217174269258975982666015625" lon="121.3845922239124774932861328125">
        <ele>15.19999980926513671875</ele>
        <time>2026-09-07T10:33:55.000Z</time>
        <extensions>
          <ns3:TrackPointExtension>
            <ns3:hr>138</ns3:hr>
            <ns3:cad>88</ns3:cad>
          </ns3:TrackPointExtension>
        </extensions>
      </trkpt>
      <trkpt lat="31.217155158519744873046875" lon="121.3845880329608917236328125">
        <ele>15.19999980926513671875</ele>
        <time>2026-09-07T10:33:56.000Z</time>
        <extensions>
          <ns3:TrackPointExtension>
            <ns3:hr>138</ns3:hr>
            <ns3:cad>88</ns3:cad>
          </ns3:TrackPointExtension>
        </extensions>
      </trkpt>
      <trkpt lat="31.217128001153469085693359375" lon="121.38458174653351306915283203125">
        <ele>15.19999980926513671875</ele>
        <time>2026-09-07T10:33:57.000Z</time>
        <extensions>
          <ns3:TrackPointExtension>
            <ns3:hr>138</ns3:hr>
            <ns3:cad>88</ns3:cad>
          </ns3:TrackPointExtension>
        </extensions>
      </trkpt>
      <trkpt lat="31.2171070463955402374267578125" lon="121.3845727778971195220947265625">
        <ele>15</ele>
        <time>2026-09-07T10:33:58.000Z</time>
        <extensions>
          <ns3:TrackPointExtension>
            <ns3:hr>138</ns3:hr>
            <ns3:cad>88</ns3:cad>
          </ns3:TrackPointExtension>
        </extensions>
      </trkpt>
      <trkpt lat="31.2170812301337718963623046875" lon="121.38456682674586772918701171875">
        <ele>15</ele>
        <time>2026-09-07T10:33:59.000Z</time>
        <extensions>
          <ns3:TrackPointExtension>
            <ns3:hr>138</ns3:hr>
            <ns3:cad>88</ns3:cad>
          </ns3:TrackPointExtension>
        </extensions>
      </trkpt>
      <trkpt lat="31.21706052683293819427490234375" lon="121.384560205042362213134765625">
        <ele>15</ele>
        <time>2026-09-07T10:34:00.000Z</time>
        <extensions>
          <ns3:TrackPointExtension>
            <ns3:hr>138</ns3:hr>
            <ns3:cad>88</ns3:cad>
          </ns3:TrackPointExtension>
        </extensions>
      </trkpt>
      <trkpt lat="31.21703504584729671478271484375" lon="121.38455123640596866607666015625">
        <ele>15</ele>
        <time>2026-09-07T10:34:01.000Z</time>
        <extensions>
          <ns3:TrackPointExtension>
            <ns3:hr>138</ns3:hr>
            <ns3:cad>88</ns3:cad>
          </ns3:TrackPointExtension>
        </extensions>
      </trkpt>
      <trkpt lat="31.21701358817517757415771484375" lon="121.38454369269311428070068359375">
        <ele>15</ele>
        <time>2026-09-07T10:34:02.000Z</time>
        <extensions>
          <ns3:TrackPointExtension>
            <ns3:hr>139</ns3:hr>
            <ns3:cad>88</ns3:cad>
          </ns3:TrackPointExtension>
        </extensions>
      </trkpt>
      <trkpt lat="31.21698307804763317108154296875" lon="121.38454310595989227294921875">
        <ele>15.19999980926513671875</ele>
        <time>2026-09-07T10:34:03.000Z</time>
        <extensions>
          <ns3:TrackPointExtension>
            <ns3:hr>139</ns3:hr>
            <ns3:cad>88</ns3:cad>
          </ns3:TrackPointExtension>
        </extensions>
      </trkpt>
      <trkpt lat="31.216964386403560638427734375" lon="121.38453749008476734161376953125">
        <ele>15.19999980926513671875</ele>
        <time>2026-09-07T10:34:04.000Z</time>
        <extensions>
          <ns3:TrackPointExtension>
            <ns3:hr>139</ns3:hr>
            <ns3:cad>90</ns3:cad>
          </ns3:TrackPointExtension>
        </extensions>
      </trkpt>
      <trkpt lat="31.21693429537117481231689453125" lon="121.38453304767608642578125">
        <ele>15.19999980926513671875</ele>
        <time>2026-09-07T10:34:05.000Z</time>
        <extensions>
          <ns3:TrackPointExtension>
            <ns3:hr>140</ns3:hr>
            <ns3:cad>90</ns3:cad>
          </ns3:TrackPointExtension>
        </extensions>
      </trkpt>
      <trkpt lat="31.21691250242292881011962890625" lon="121.384529359638690948486328125">
        <ele>15.3999996185302734375</ele>
        <time>2026-09-07T10:34:06.000Z</time>
        <extensions>
          <ns3:TrackPointExtension>
            <ns3:hr>141</ns3:hr>
            <ns3:cad>88</ns3:cad>
          </ns3:TrackPointExtension>
        </extensions>
      </trkpt>
      <trkpt lat="31.21688333339989185333251953125" lon="121.3845224864780902862548828125">
        <ele>15.3999996185302734375</ele>
        <time>2026-09-07T10:34:07.000Z</time>
        <extensions>
          <ns3:TrackPointExtension>
            <ns3:hr>141</ns3:hr>
            <ns3:cad>88</ns3:cad>
          </ns3:TrackPointExtension>
        </extensions>
      </trkpt>
      <trkpt lat="31.216865144670009613037109375" lon="121.38451620005071163177490234375">
        <ele>15.3999996185302734375</ele>
        <time>2026-09-07T10:34:08.000Z</time>
        <extensions>
          <ns3:TrackPointExtension>
            <ns3:hr>142</ns3:hr>
            <ns3:cad>88</ns3:cad>
          </ns3:TrackPointExtension>
        </extensions>
      </trkpt>
      <trkpt lat="31.21683790348470211029052734375" lon="121.38450915925204753875732421875">
        <ele>15.3999996185302734375</ele>
        <time>2026-09-07T10:34:09.000Z</time>
        <extensions>
          <ns3:TrackPointExtension>
            <ns3:hr>143</ns3:hr>
            <ns3:cad>88</ns3:cad>
          </ns3:TrackPointExtension>
        </extensions>
      </trkpt>
      <trkpt lat="31.2168190442025661468505859375" lon="121.3845050521194934844970703125">
        <ele>15.3999996185302734375</ele>
        <time>2026-09-07T10:34:10.000Z</time>
        <extensions>
          <ns3:TrackPointExtension>
            <ns3:hr>143</ns3:hr>
            <ns3:cad>89</ns3:cad>
          </ns3:TrackPointExtension>
        </extensions>
      </trkpt>
      <trkpt lat="31.21679381467401981353759765625" lon="121.38450278900563716888427734375">
        <ele>15.3999996185302734375</ele>
        <time>2026-09-07T10:34:11.000Z</time>
        <extensions>
          <ns3:TrackPointExtension>
            <ns3:hr>143</ns3:hr>
            <ns3:cad>89</ns3:cad>
          </ns3:TrackPointExtension>
        </extensions>
      </trkpt>
      <trkpt lat="31.21676967479288578033447265625" lon="121.38449843041598796844482421875">
        <ele>15.3999996185302734375</ele>
        <time>2026-09-07T10:34:12.000Z</time>
        <extensions>
          <ns3:TrackPointExtension>
            <ns3:hr>143</ns3:hr>
            <ns3:cad>89</ns3:cad>
          </ns3:TrackPointExtension>
        </extensions>
      </trkpt>
      <trkpt lat="31.216743104159832000732421875" lon="121.384489797055721282958984375">
        <ele>15.3999996185302734375</ele>
        <time>2026-09-07T10:34:13.000Z</time>
        <extensions>
          <ns3:TrackPointExtension>
            <ns3:hr>144</ns3:hr>
            <ns3:cad>88</ns3:cad>
          </ns3:TrackPointExtension>
        </extensions>
      </trkpt>
      <trkpt lat="31.21672173030674457550048828125" lon="121.3844879530370235443115234375">
        <ele>15.6000003814697265625</ele>
        <time>2026-09-07T10:34:14.000Z</time>
        <extensions>
          <ns3:TrackPointExtension>
            <ns3:hr>144</ns3:hr>
            <ns3:cad>88</ns3:cad>
          </ns3:TrackPointExtension>
        </extensions>
      </trkpt>
      <trkpt lat="31.2166866101324558258056640625" lon="121.384481750428676605224609375">
        <ele>15.6000003814697265625</ele>
        <time>2026-09-07T10:34:15.000Z</time>
        <extensions>
          <ns3:TrackPointExtension>
            <ns3:hr>144</ns3:hr>
            <ns3:cad>89</ns3:cad>
          </ns3:TrackPointExtension>
        </extensions>
      </trkpt>
      <trkpt lat="31.2166611291468143463134765625" lon="121.384477056562900543212890625">
        <ele>15.6000003814697265625</ele>
        <time>2026-09-07T10:34:16.000Z</time>
        <extensions>
          <ns3:TrackPointExtension>
            <ns3:hr>144</ns3:hr>
            <ns3:cad>90</ns3:cad>
          </ns3:TrackPointExtension>
        </extensions>
      </trkpt>
      <trkpt lat="31.21663103811442852020263671875" lon="121.3844695128500461578369140625">
        <ele>15.6000003814697265625</ele>
        <time>2026-09-07T10:34:17.000Z</time>
        <extensions>
          <ns3:TrackPointExtension>
            <ns3:hr>144</ns3:hr>
            <ns3:cad>90</ns3:cad>
          </ns3:TrackPointExtension>
        </extensions>
      </trkpt>
      <trkpt lat="31.21660656295716762542724609375" lon="121.3844631426036357879638671875">
        <ele>15.6000003814697265625</ele>
        <time>2026-09-07T10:34:18.000Z</time>
        <extensions>
          <ns3:TrackPointExtension>
            <ns3:hr>144</ns3:hr>
            <ns3:cad>90</ns3:cad>
          </ns3:TrackPointExtension>
        </extensions>
      </trkpt>
      <trkpt lat="31.21657554991543292999267578125" lon="121.3844504021108150482177734375">
        <ele>15.6000003814697265625</ele>
        <time>2026-09-07T10:34:19.000Z</time>
        <extensions>
          <ns3:TrackPointExtension>
            <ns3:hr>144</ns3:hr>
            <ns3:cad>89</ns3:cad>
          </ns3:TrackPointExtension>
        </extensions>
      </trkpt>
      <trkpt lat="31.2165581993758678436279296875" lon="121.384455598890781402587890625">
        <ele>15.6000003814697265625</ele>
        <time>2026-09-07T10:34:20.000Z</time>
        <extensions>
          <ns3:TrackPointExtension>
            <ns3:hr>144</ns3:hr>
            <ns3:cad>89</ns3:cad>
          </ns3:TrackPointExtension>
        </extensions>
      </trkpt>
      <trkpt lat="31.21653246693313121795654296875" lon="121.38445819728076457977294921875">
        <ele>15.3999996185302734375</ele>
        <time>2026-09-07T10:34:21.000Z</time>
        <extensions>
          <ns3:TrackPointExtension>
            <ns3:hr>144</ns3:hr>
            <ns3:cad>89</ns3:cad>
          </ns3:TrackPointExtension>
        </extensions>
      </trkpt>
      <trkpt lat="31.21651335619390010833740234375" lon="121.38447361998260021209716796875">
        <ele>15.6000003814697265625</ele>
        <time>2026-09-07T10:34:22.000Z</time>
        <extensions>
          <ns3:TrackPointExtension>
            <ns3:hr>144</ns3:hr>
            <ns3:cad>89</ns3:cad>
          </ns3:TrackPointExtension>
        </extensions>
      </trkpt>
      <trkpt lat="31.21650648303329944610595703125" lon="121.384489126503467559814453125">
        <ele>15.6000003814697265625</ele>
        <time>2026-09-07T10:34:23.000Z</time>
        <extensions>
          <ns3:TrackPointExtension>
            <ns3:hr>145</ns3:hr>
            <ns3:cad>89</ns3:cad>
          </ns3:TrackPointExtension>
        </extensions>
      </trkpt>
      <trkpt lat="31.216491647064685821533203125" lon="121.3845129311084747314453125">
        <ele>15.6000003814697265625</ele>
        <time>2026-09-07T10:34:24.000Z</time>
        <extensions>
          <ns3:TrackPointExtension>
            <ns3:hr>145</ns3:hr>
            <ns3:cad>89</ns3:cad>
          </ns3:TrackPointExtension>
        </extensions>
      </trkpt>
      <trkpt lat="31.21647865511476993560791015625" lon="121.38452894054353237152099609375">
        <ele>15.6000003814697265625</ele>
        <time>2026-09-07T10:34:25.000Z</time>
        <extensions>
          <ns3:TrackPointExtension>
            <ns3:hr>145</ns3:hr>
            <ns3:cad>88</ns3:cad>
          </ns3:TrackPointExtension>
        </extensions>
      </trkpt>
      <trkpt lat="31.216463148593902587890625" lon="121.3845546729862689971923828125">
        <ele>15.80000019073486328125</ele>
        <time>2026-09-07T10:34:26.000Z</time>
        <extensions>
          <ns3:TrackPointExtension>
            <ns3:hr>145</ns3:hr>
            <ns3:cad>86</ns3:cad>
          </ns3:TrackPointExtension>
        </extensions>
      </trkpt>
      <trkpt lat="31.21645510196685791015625" lon="121.38457923196256160736083984375">
        <ele>15.80000019073486328125</ele>
        <time>2026-09-07T10:34:27.000Z</time>
        <extensions>
          <ns3:TrackPointExtension>
            <ns3:hr>145</ns3:hr>
            <ns3:cad>84</ns3:cad>
          </ns3:TrackPointExtension>
        </extensions>
      </trkpt>
      <trkpt lat="31.21644764207303524017333984375" lon="121.38460270129144191741943359375">
        <ele>15.80000019073486328125</ele>
        <time>2026-09-07T10:34:28.000Z</time>
        <extensions>
          <ns3:TrackPointExtension>
            <ns3:hr>146</ns3:hr>
            <ns3:cad>84</ns3:cad>
          </ns3:TrackPointExtension>
        </extensions>
      </trkpt>
      <trkpt lat="31.21644160710275173187255859375" lon="121.3846294395625591278076171875">
        <ele>16</ele>
        <time>2026-09-07T10:34:29.000Z</time>
        <extensions>
          <ns3:TrackPointExtension>
            <ns3:hr>145</ns3:hr>
            <ns3:cad>86</ns3:cad>
          </ns3:TrackPointExtension>
        </extensions>
      </trkpt>
      <trkpt lat="31.2164368294179439544677734375" lon="121.38465785421431064605712890625">
        <ele>15.80000019073486328125</ele>
        <time>2026-09-07T10:34:30.000Z</time>
        <extensions>
          <ns3:TrackPointExtension>
            <ns3:hr>145</ns3:hr>
            <ns3:cad>87</ns3:cad>
          </ns3:TrackPointExtension>
        </extensions>
      </trkpt>
      <trkpt lat="31.21642895042896270751953125" lon="121.38468350283801555633544921875">
        <ele>15.80000019073486328125</ele>
        <time>2026-09-07T10:34:31.000Z</time>
        <extensions>
          <ns3:TrackPointExtension>
            <ns3:hr>145</ns3:hr>
            <ns3:cad>87</ns3:cad>
          </ns3:TrackPointExtension>
        </extensions>
      </trkpt>
      <trkpt lat="31.21642182581126689910888671875" lon="121.3847065530717372894287109375">
        <ele>15.80000019073486328125</ele>
        <time>2026-09-07T10:34:32.000Z</time>
        <extensions>
          <ns3:TrackPointExtension>
            <ns3:hr>145</ns3:hr>
            <ns3:cad>87</ns3:cad>
          </ns3:TrackPointExtension>
        </extensions>
      </trkpt>
      <trkpt lat="31.21641495265066623687744140625" lon="121.38474267907440662384033203125">
        <ele>15.80000019073486328125</ele>
        <time>2026-09-07T10:34:33.000Z</time>
        <extensions>
          <ns3:TrackPointExtension>
            <ns3:hr>145</ns3:hr>
            <ns3:cad>87</ns3:cad>
          </ns3:TrackPointExtension>
        </extensions>
      </trkpt>
      <trkpt lat="31.2164113484323024749755859375" lon="121.384771429002285003662109375">
        <ele>15.80000019073486328125</ele>
        <time>2026-09-07T10:34:34.000Z</time>
        <extensions>
          <ns3:TrackPointExtension>
            <ns3:hr>145</ns3:hr>
            <ns3:cad>87</ns3:cad>
          </ns3:TrackPointExtension>
        </extensions>
      </trkpt>
      <trkpt lat="31.21640405617654323577880859375" lon="121.3848094828426837921142578125">
        <ele>15.80000019073486328125</ele>
        <time>2026-09-07T10:34:35.000Z</time>
        <extensions>
          <ns3:TrackPointExtension>
            <ns3:hr>144</ns3:hr>
            <ns3:cad>89</ns3:cad>
          </ns3:TrackPointExtension>
        </extensions>
      </trkpt>
      <trkpt lat="31.21640237979590892791748046875" lon="121.38484208844602108001708984375">
        <ele>15.80000019073486328125</ele>
        <time>2026-09-07T10:34:36.000Z</time>
        <extensions>
          <ns3:TrackPointExtension>
            <ns3:hr>144</ns3:hr>
            <ns3:cad>89</ns3:cad>
          </ns3:TrackPointExtension>
        </extensions>
      </trkpt>
      <trkpt lat="31.21639835648238658905029296875" lon="121.38487963937222957611083984375">
        <ele>15.80000019073486328125</ele>
        <time>2026-09-07T10:34:37.000Z</time>
        <extensions>
          <ns3:TrackPointExtension>
            <ns3:hr>144</ns3:hr>
            <ns3:cad>88</ns3:cad>
          </ns3:TrackPointExtension>
        </extensions>
      </trkpt>
      <trkpt lat="31.21639735065400600433349609375" lon="121.3849104009568691253662109375">
        <ele>15.80000019073486328125</ele>
        <time>2026-09-07T10:34:38.000Z</time>
        <extensions>
          <ns3:TrackPointExtension>
            <ns3:hr>144</ns3:hr>
            <ns3:cad>87</ns3:cad>
          </ns3:TrackPointExtension>
        </extensions>
      </trkpt>
      <trkpt lat="31.21639617718756198883056640625" lon="121.3849469460546970367431640625">
        <ele>15.80000019073486328125</ele>
        <time>2026-09-07T10:34:39.000Z</time>
        <extensions>
          <ns3:TrackPointExtension>
            <ns3:hr>144</ns3:hr>
            <ns3:cad>87</ns3:cad>
          </ns3:TrackPointExtension>
        </extensions>
      </trkpt>
      <trkpt lat="31.21639701537787914276123046875" lon="121.3849741034209728240966796875">
        <ele>16</ele>
        <time>2026-09-07T10:34:40.000Z</time>
        <extensions>
          <ns3:TrackPointExtension>
            <ns3:hr>144</ns3:hr>
            <ns3:cad>87</ns3:cad>
          </ns3:TrackPointExtension>
        </extensions>
      </trkpt>
      <trkpt lat="31.21639215387403964996337890625" lon="121.385013163089752197265625">
        <ele>16</ele>
        <time>2026-09-07T10:34:41.000Z</time>
        <extensions>
          <ns3:TrackPointExtension>
            <ns3:hr>144</ns3:hr>
            <ns3:cad>89</ns3:cad>
          </ns3:TrackPointExtension>
        </extensions>
      </trkpt>
      <trkpt lat="31.21639014221727848052978515625" lon="121.38503537513315677642822265625">
        <ele>16</ele>
        <time>2026-09-07T10:34:42.000Z</time>
        <extensions>
          <ns3:TrackPointExtension>
            <ns3:hr>144</ns3:hr>
            <ns3:cad>89</ns3:cad>
          </ns3:TrackPointExtension>
        </extensions>
      </trkpt>
      <trkpt lat="31.21637991629540920257568359375" lon="121.38506370596587657928466796875">
        <ele>15.80000019073486328125</ele>
        <time>2026-09-07T10:34:43.000Z</time>
        <extensions>
          <ns3:TrackPointExtension>
            <ns3:hr>143</ns3:hr>
            <ns3:cad>88</ns3:cad>
          </ns3:TrackPointExtension>
        </extensions>
      </trkpt>
      <trkpt lat="31.216374970972537994384765625" lon="121.38508222997188568115234375">
        <ele>15.80000019073486328125</ele>
        <time>2026-09-07T10:34:44.000Z</time>
        <extensions>
          <ns3:TrackPointExtension>
            <ns3:hr>143</ns3:hr>
            <ns3:cad>87</ns3:cad>
          </ns3:TrackPointExtension>
        </extensions>
      </trkpt>
      <trkpt lat="31.2163670919835567474365234375" lon="121.385112069547176361083984375">
        <ele>15.80000019073486328125</ele>
        <time>2026-09-07T10:34:45.000Z</time>
        <extensions>
          <ns3:TrackPointExtension>
            <ns3:hr>143</ns3:hr>
            <ns3:cad>87</ns3:cad>
          </ns3:TrackPointExtension>
        </extensions>
      </trkpt>
      <trkpt lat="31.21636189520359039306640625" lon="121.385135538876056671142578125">
        <ele>15.80000019073486328125</ele>
        <time>2026-09-07T10:34:46.000Z</time>
        <extensions>
          <ns3:TrackPointExtension>
            <ns3:hr>143</ns3:hr>
            <ns3:cad>88</ns3:cad>
          </ns3:TrackPointExtension>
        </extensions>
      </trkpt>
      <trkpt lat="31.216351501643657684326171875" lon="121.38516160659492015838623046875">
        <ele>15.80000019073486328125</ele>
        <time>2026-09-07T10:34:47.000Z</time>
        <extensions>
          <ns3:TrackPointExtension>
            <ns3:hr>143</ns3:hr>
            <ns3:cad>89</ns3:cad>
          </ns3:TrackPointExtension>
        </extensions>
      </trkpt>
      <trkpt lat="31.21633951552212238311767578125" lon="121.3851816393435001373291015625">
        <ele>15.80000019073486328125</ele>
        <time>2026-09-07T10:34:48.000Z</time>
        <extensions>
          <ns3:TrackPointExtension>
            <ns3:hr>143</ns3:hr>
            <ns3:cad>89</ns3:cad>
          </ns3:TrackPointExtension>
        </extensions>
      </trkpt>
      <trkpt lat="31.21633213944733142852783203125" lon="121.3852049410343170166015625">
        <ele>15.80000019073486328125</ele>
        <time>2026-09-07T10:34:49.000Z</time>
        <extensions>
          <ns3:TrackPointExtension>
            <ns3:hr>142</ns3:hr>
            <ns3:cad>89</ns3:cad>
          </ns3:TrackPointExtension>
        </extensions>
      </trkpt>
      <trkpt lat="31.21632744558155536651611328125" lon="121.38523218221962451934814453125">
        <ele>15.80000019073486328125</ele>
        <time>2026-09-07T10:34:50.000Z</time>
        <extensions>
          <ns3:TrackPointExtension>
            <ns3:hr>143</ns3:hr>
            <ns3:cad>88</ns3:cad>
          </ns3:TrackPointExtension>
        </extensions>
      </trkpt>
      <trkpt lat="31.21632166206836700439453125" lon="121.3852624408900737762451171875">
        <ele>15.80000019073486328125</ele>
        <time>2026-09-07T10:34:51.000Z</time>
        <extensions>
          <ns3:TrackPointExtension>
            <ns3:hr>143</ns3:hr>
            <ns3:cad>88</ns3:cad>
          </ns3:TrackPointExtension>
        </extensions>
      </trkpt>
      <trkpt lat="31.21631361544132232666015625" lon="121.38529554940760135650634765625">
        <ele>15.6000003814697265625</ele>
        <time>2026-09-07T10:34:52.000Z</time>
        <extensions>
          <ns3:TrackPointExtension>
            <ns3:hr>143</ns3:hr>
            <ns3:cad>87</ns3:cad>
          </ns3:TrackPointExtension>
        </extensions>
      </trkpt>
      <trkpt lat="31.21630917303264141082763671875" lon="121.38532161712646484375">
        <ele>15.6000003814697265625</ele>
        <time>2026-09-07T10:34:53.000Z</time>
        <extensions>
          <ns3:TrackPointExtension>
            <ns3:hr>143</ns3:hr>
            <ns3:cad>87</ns3:cad>
          </ns3:TrackPointExtension>
        </extensions>
      </trkpt>
      <trkpt lat="31.21630548499524593353271484375" lon="121.38535589911043643951416015625">
        <ele>15.80000019073486328125</ele>
        <time>2026-09-07T10:34:54.000Z</time>
        <extensions>
          <ns3:TrackPointExtension>
            <ns3:hr>143</ns3:hr>
            <ns3:cad>87</ns3:cad>
          </ns3:TrackPointExtension>
        </extensions>
      </trkpt>
      <trkpt lat="31.21629777364432811737060546875" lon="121.38538439758121967315673828125">
        <ele>15.80000019073486328125</ele>
        <time>2026-09-07T10:34:55.000Z</time>
        <extensions>
          <ns3:TrackPointExtension>
            <ns3:hr>143</ns3:hr>
            <ns3:cad>87</ns3:cad>
          </ns3:TrackPointExtension>
        </extensions>
      </trkpt>
      <trkpt lat="31.21629056520760059356689453125" lon="121.38541775755584239959716796875">
        <ele>15.6000003814697265625</ele>
        <time>2026-09-07T10:34:56.000Z</time>
        <extensions>
          <ns3:TrackPointExtension>
            <ns3:hr>143</ns3:hr>
            <ns3:cad>87</ns3:cad>
          </ns3:TrackPointExtension>
        </extensions>
      </trkpt>
      <trkpt lat="31.2162826023995876312255859375" lon="121.385446004569530487060546875">
        <ele>15.6000003814697265625</ele>
        <time>2026-09-07T10:34:57.000Z</time>
        <extensions>
          <ns3:TrackPointExtension>
            <ns3:hr>143</ns3:hr>
            <ns3:cad>87</ns3:cad>
          </ns3:TrackPointExtension>
        </extensions>
      </trkpt>
      <trkpt lat="31.216275058686733245849609375" lon="121.38547173701226711273193359375">
        <ele>15.6000003814697265625</ele>
        <time>2026-09-07T10:34:58.000Z</time>
        <extensions>
          <ns3:TrackPointExtension>
            <ns3:hr>143</ns3:hr>
            <ns3:cad>87</ns3:cad>
          </ns3:TrackPointExtension>
        </extensions>
      </trkpt>
      <trkpt lat="31.21627547778189182281494140625" lon="121.3854988105595111846923828125">
        <ele>15.6000003814697265625</ele>
        <time>2026-09-07T10:34:59.000Z</time>
        <extensions>
          <ns3:TrackPointExtension>
            <ns3:hr>144</ns3:hr>
            <ns3:cad>87</ns3:cad>
          </ns3:TrackPointExtension>
        </extensions>
      </trkpt>
      <trkpt lat="31.2162671796977519989013671875" lon="121.3855316676199436187744140625">
        <ele>15.3999996185302734375</ele>
        <time>2026-09-07T10:35:00.000Z</time>
        <extensions>
          <ns3:TrackPointExtension>
            <ns3:hr>145</ns3:hr>
            <ns3:cad>89</ns3:cad>
          </ns3:TrackPointExtension>
        </extensions>
      </trkpt>
      <trkpt lat="31.2162638269364833831787109375" lon="121.38555689714848995208740234375">
        <ele>15.3999996185302734375</ele>
        <time>2026-09-07T10:35:01.000Z</time>
        <extensions>
          <ns3:TrackPointExtension>
            <ns3:hr>145</ns3:hr>
            <ns3:cad>89</ns3:cad>
          </ns3:TrackPointExtension>
        </extensions>
      </trkpt>
      <trkpt lat="31.2162557803094387054443359375" lon="121.3855859823524951934814453125">
        <ele>15.3999996185302734375</ele>
        <time>2026-09-07T10:35:02.000Z</time>
        <extensions>
          <ns3:TrackPointExtension>
            <ns3:hr>145</ns3:hr>
            <ns3:cad>88</ns3:cad>
          </ns3:TrackPointExtension>
        </extensions>
      </trkpt>
      <trkpt lat="31.2162514217197895050048828125" lon="121.38561422936618328094482421875">
        <ele>15.6000003814697265625</ele>
        <time>2026-09-07T10:35:03.000Z</time>
        <extensions>
          <ns3:TrackPointExtension>
            <ns3:hr>145</ns3:hr>
            <ns3:cad>88</ns3:cad>
          </ns3:TrackPointExtension>
        </extensions>
      </trkpt>
      <trkpt lat="31.21623960323631763458251953125" lon="121.385645829141139984130859375">
        <ele>15.6000003814697265625</ele>
        <time>2026-09-07T10:35:04.000Z</time>
        <extensions>
          <ns3:TrackPointExtension>
            <ns3:hr>145</ns3:hr>
            <ns3:cad>88</ns3:cad>
          </ns3:TrackPointExtension>
        </extensions>
      </trkpt>
      <trkpt lat="31.21623608283698558807373046875" lon="121.385678015649318695068359375">
        <ele>15.6000003814697265625</ele>
        <time>2026-09-07T10:35:05.000Z</time>
        <extensions>
          <ns3:TrackPointExtension>
            <ns3:hr>145</ns3:hr>
            <ns3:cad>88</ns3:cad>
          </ns3:TrackPointExtension>
        </extensions>
      </trkpt>
      <trkpt lat="31.21622535400092601776123046875" lon="121.38571397401392459869384765625">
        <ele>15.6000003814697265625</ele>
        <time>2026-09-07T10:35:06.000Z</time>
        <extensions>
          <ns3:TrackPointExtension>
            <ns3:hr>146</ns3:hr>
            <ns3:cad>90</ns3:cad>
          </ns3:TrackPointExtension>
        </extensions>
      </trkpt>
      <trkpt lat="31.21622376143932342529296875" lon="121.38574079610407352447509765625">
        <ele>15.6000003814697265625</ele>
        <time>2026-09-07T10:35:07.000Z</time>
        <extensions>
          <ns3:TrackPointExtension>
            <ns3:hr>146</ns3:hr>
            <ns3:cad>90</ns3:cad>
          </ns3:TrackPointExtension>
        </extensions>
      </trkpt>
      <trkpt lat="31.2162168882787227630615234375" lon="121.38577600009739398956298828125">
        <ele>15.6000003814697265625</ele>
        <time>2026-09-07T10:35:08.000Z</time>
        <extensions>
          <ns3:TrackPointExtension>
            <ns3:hr>146</ns3:hr>
            <ns3:cad>89</ns3:cad>
          </ns3:TrackPointExtension>
        </extensions>
      </trkpt>
      <trkpt lat="31.21621697209775447845458984375" lon="121.3858030736446380615234375">
        <ele>15.3999996185302734375</ele>
        <time>2026-09-07T10:35:09.000Z</time>
        <extensions>
          <ns3:TrackPointExtension>
            <ns3:hr>146</ns3:hr>
            <ns3:cad>88</ns3:cad>
          </ns3:TrackPointExtension>
        </extensions>
      </trkpt>
      <trkpt lat="31.216210685670375823974609375" lon="121.38583215884864330291748046875">
        <ele>15.3999996185302734375</ele>
        <time>2026-09-07T10:35:10.000Z</time>
        <extensions>
          <ns3:TrackPointExtension>
            <ns3:hr>147</ns3:hr>
            <ns3:cad>88</ns3:cad>
          </ns3:TrackPointExtension>
        </extensions>
      </trkpt>
      <trkpt lat="31.2162068299949169158935546875" lon="121.385860741138458251953125">
        <ele>15.3999996185302734375</ele>
        <time>2026-09-07T10:35:11.000Z</time>
        <extensions>
          <ns3:TrackPointExtension>
            <ns3:hr>146</ns3:hr>
            <ns3:cad>88</ns3:cad>
          </ns3:TrackPointExtension>
        </extensions>
      </trkpt>
      <trkpt lat="31.21619962155818939208984375" lon="121.38588680885732173919677734375">
        <ele>15.3999996185302734375</ele>
        <time>2026-09-07T10:35:12.000Z</time>
        <extensions>
          <ns3:TrackPointExtension>
            <ns3:hr>146</ns3:hr>
            <ns3:cad>90</ns3:cad>
          </ns3:TrackPointExtension>
        </extensions>
      </trkpt>
      <trkpt lat="31.21619216166436672210693359375" lon="121.38591296039521694183349609375">
        <ele>15.6000003814697265625</ele>
        <time>2026-09-07T10:35:13.000Z</time>
        <extensions>
          <ns3:TrackPointExtension>
            <ns3:hr>147</ns3:hr>
            <ns3:cad>90</ns3:cad>
          </ns3:TrackPointExtension>
        </extensions>
      </trkpt>
      <trkpt lat="31.21618109755218029022216796875" lon="121.38594187796115875244140625">
        <ele>15.6000003814697265625</ele>
        <time>2026-09-07T10:35:14.000Z</time>
        <extensions>
          <ns3:TrackPointExtension>
            <ns3:hr>146</ns3:hr>
            <ns3:cad>89</ns3:cad>
          </ns3:TrackPointExtension>
        </extensions>
      </trkpt>
      <trkpt lat="31.21617606841027736663818359375" lon="121.385969035327434539794921875">
        <ele>15.6000003814697265625</ele>
        <time>2026-09-07T10:35:15.000Z</time>
        <extensions>
          <ns3:TrackPointExtension>
            <ns3:hr>146</ns3:hr>
            <ns3:cad>88</ns3:cad>
          </ns3:TrackPointExtension>
        </extensions>
      </trkpt>
      <trkpt lat="31.21616919524967670440673828125" lon="121.3859980367124080657958984375">
        <ele>15.6000003814697265625</ele>
        <time>2026-09-07T10:35:16.000Z</time>
        <extensions>
          <ns3:TrackPointExtension>
            <ns3:hr>146</ns3:hr>
            <ns3:cad>88</ns3:cad>
          </ns3:TrackPointExtension>
        </extensions>
      </trkpt>
      <trkpt lat="31.2161592207849025726318359375" lon="121.38601907528936862945556640625">
        <ele>15.3999996185302734375</ele>
        <time>2026-09-07T10:35:17.000Z</time>
        <extensions>
          <ns3:TrackPointExtension>
            <ns3:hr>146</ns3:hr>
            <ns3:cad>88</ns3:cad>
          </ns3:TrackPointExtension>
        </extensions>
      </trkpt>
      <trkpt lat="31.216149665415287017822265625" lon="121.38604581356048583984375">
        <ele>15.3999996185302734375</ele>
        <time>2026-09-07T10:35:18.000Z</time>
        <extensions>
          <ns3:TrackPointExtension>
            <ns3:hr>146</ns3:hr>
            <ns3:cad>89</ns3:cad>
          </ns3:TrackPointExtension>
        </extensions>
      </trkpt>
      <trkpt lat="31.216146312654018402099609375" lon="121.38607406057417392730712890625">
        <ele>15.3999996185302734375</ele>
        <time>2026-09-07T10:35:19.000Z</time>
        <extensions>
          <ns3:TrackPointExtension>
            <ns3:hr>145</ns3:hr>
            <ns3:cad>90</ns3:cad>
          </ns3:TrackPointExtension>
        </extensions>
      </trkpt>
      <trkpt lat="31.21614321134984493255615234375" lon="121.3861048221588134765625">
        <ele>15.3999996185302734375</ele>
        <time>2026-09-07T10:35:20.000Z</time>
        <extensions>
          <ns3:TrackPointExtension>
            <ns3:hr>146</ns3:hr>
            <ns3:cad>90</ns3:cad>
          </ns3:TrackPointExtension>
        </extensions>
      </trkpt>
      <trkpt lat="31.2161387689411640167236328125" lon="121.3861314766108989715576171875">
        <ele>15.3999996185302734375</ele>
        <time>2026-09-07T10:35:21.000Z</time>
        <extensions>
          <ns3:TrackPointExtension>
            <ns3:hr>146</ns3:hr>
            <ns3:cad>88</ns3:cad>
          </ns3:TrackPointExtension>
        </extensions>
      </trkpt>
      <trkpt lat="31.2161334045231342315673828125" lon="121.3861566223204135894775390625">
        <ele>15.3999996185302734375</ele>
        <time>2026-09-07T10:35:22.000Z</time>
        <extensions>
          <ns3:TrackPointExtension>
            <ns3:hr>146</ns3:hr>
            <ns3:cad>88</ns3:cad>
          </ns3:TrackPointExtension>
        </extensions>
      </trkpt>
      <trkpt lat="31.21612845920026302337646484375" lon="121.3861911557614803314208984375">
        <ele>15.3999996185302734375</ele>
        <time>2026-09-07T10:35:23.000Z</time>
        <extensions>
          <ns3:TrackPointExtension>
            <ns3:hr>145</ns3:hr>
            <ns3:cad>88</ns3:cad>
          </ns3:TrackPointExtension>
        </extensions>
      </trkpt>
      <trkpt lat="31.21612493880093097686767578125" lon="121.38621772639453411102294921875">
        <ele>15.3999996185302734375</ele>
        <time>2026-09-07T10:35:24.000Z</time>
        <extensions>
          <ns3:TrackPointExtension>
            <ns3:hr>146</ns3:hr>
            <ns3:cad>89</ns3:cad>
          </ns3:TrackPointExtension>
        </extensions>
      </trkpt>
      <trkpt lat="31.2161189876496791839599609375" lon="121.38625158928334712982177734375">
        <ele>15.19999980926513671875</ele>
        <time>2026-09-07T10:35:25.000Z</time>
        <extensions>
          <ns3:TrackPointExtension>
            <ns3:hr>146</ns3:hr>
            <ns3:cad>90</ns3:cad>
          </ns3:TrackPointExtension>
        </extensions>
      </trkpt>
      <trkpt lat="31.2161132879555225372314453125" lon="121.3862823508679866790771484375">
        <ele>15.19999980926513671875</ele>
        <time>2026-09-07T10:35:26.000Z</time>
        <extensions>
          <ns3:TrackPointExtension>
            <ns3:hr>145</ns3:hr>
            <ns3:cad>90</ns3:cad>
          </ns3:TrackPointExtension>
        </extensions>
      </trkpt>
      <trkpt lat="31.21610918082296848297119140625" lon="121.38631411828100681304931640625">
        <ele>15.3999996185302734375</ele>
        <time>2026-09-07T10:35:27.000Z</time>
        <extensions>
          <ns3:TrackPointExtension>
            <ns3:hr>146</ns3:hr>
            <ns3:cad>88</ns3:cad>
          </ns3:TrackPointExtension>
        </extensions>
      </trkpt>
      <trkpt lat="31.21610398404300212860107421875" lon="121.38633725233376026153564453125">
        <ele>15.3999996185302734375</ele>
        <time>2026-09-07T10:35:28.000Z</time>
        <extensions>
          <ns3:TrackPointExtension>
            <ns3:hr>145</ns3:hr>
            <ns3:cad>88</ns3:cad>
          </ns3:TrackPointExtension>
        </extensions>
      </trkpt>
      <trkpt lat="31.2160921655595302581787109375" lon="121.38636323623359203338623046875">
        <ele>15.6000003814697265625</ele>
        <time>2026-09-07T10:35:29.000Z</time>
        <extensions>
          <ns3:TrackPointExtension>
            <ns3:hr>145</ns3:hr>
            <ns3:cad>88</ns3:cad>
          </ns3:TrackPointExtension>
        </extensions>
      </trkpt>
      <trkpt lat="31.21609040535986423492431640625" lon="121.3863886334002017974853515625">
        <ele>15.6000003814697265625</ele>
        <time>2026-09-07T10:35:30.000Z</time>
        <extensions>
          <ns3:TrackPointExtension>
            <ns3:hr>145</ns3:hr>
            <ns3:cad>88</ns3:cad>
          </ns3:TrackPointExtension>
        </extensions>
      </trkpt>
      <trkpt lat="31.21608160436153411865234375" lon="121.386420987546443939208984375">
        <ele>15.80000019073486328125</ele>
        <time>2026-09-07T10:35:31.000Z</time>
        <extensions>
          <ns3:TrackPointExtension>
            <ns3:hr>145</ns3:hr>
            <ns3:cad>89</ns3:cad>
          </ns3:TrackPointExtension>
        </extensions>
      </trkpt>
      <trkpt lat="31.21607682667672634124755859375" lon="121.38644722290337085723876953125">
        <ele>15.6000003814697265625</ele>
        <time>2026-09-07T10:35:32.000Z</time>
        <extensions>
          <ns3:TrackPointExtension>
            <ns3:hr>145</ns3:hr>
            <ns3:cad>89</ns3:cad>
          </ns3:TrackPointExtension>
        </extensions>
      </trkpt>
      <trkpt lat="31.21606760658323764801025390625" lon="121.38648175634443759918212890625">
        <ele>15.6000003814697265625</ele>
        <time>2026-09-07T10:35:33.000Z</time>
        <extensions>
          <ns3:TrackPointExtension>
            <ns3:hr>144</ns3:hr>
            <ns3:cad>88</ns3:cad>
          </ns3:TrackPointExtension>
        </extensions>
      </trkpt>
      <trkpt lat="31.2160675227642059326171875" lon="121.38650522567331790924072265625">
        <ele>15.3999996185302734375</ele>
        <time>2026-09-07T10:35:34.000Z</time>
        <extensions>
          <ns3:TrackPointExtension>
            <ns3:hr>144</ns3:hr>
            <ns3:cad>88</ns3:cad>
          </ns3:TrackPointExtension>
        </extensions>
      </trkpt>
      <trkpt lat="31.2160594761371612548828125" lon="121.38653154484927654266357421875">
        <ele>15.3999996185302734375</ele>
        <time>2026-09-07T10:35:35.000Z</time>
        <extensions>
          <ns3:TrackPointExtension>
            <ns3:hr>144</ns3:hr>
            <ns3:cad>88</ns3:cad>
          </ns3:TrackPointExtension>
        </extensions>
      </trkpt>
      <trkpt lat="31.21605369262397289276123046875" lon="121.386558115482330322265625">
        <ele>15.3999996185302734375</ele>
        <time>2026-09-07T10:35:36.000Z</time>
        <extensions>
          <ns3:TrackPointExtension>
            <ns3:hr>144</ns3:hr>
            <ns3:cad>88</ns3:cad>
          </ns3:TrackPointExtension>
        </extensions>
      </trkpt>
      <trkpt lat="31.21604539453983306884765625" lon="121.3865897990763187408447265625">
        <ele>15.3999996185302734375</ele>
        <time>2026-09-07T10:35:37.000Z</time>
        <extensions>
          <ns3:TrackPointExtension>
            <ns3:hr>144</ns3:hr>
            <ns3:cad>89</ns3:cad>
          </ns3:TrackPointExtension>
        </extensions>
      </trkpt>
      <trkpt lat="31.21603810228407382965087890625" lon="121.38661284931004047393798828125">
        <ele>15.3999996185302734375</ele>
        <time>2026-09-07T10:35:38.000Z</time>
        <extensions>
          <ns3:TrackPointExtension>
            <ns3:hr>144</ns3:hr>
            <ns3:cad>89</ns3:cad>
          </ns3:TrackPointExtension>
        </extensions>
      </trkpt>
      <trkpt lat="31.21602687053382396697998046875" lon="121.38664998114109039306640625">
        <ele>15.3999996185302734375</ele>
        <time>2026-09-07T10:35:39.000Z</time>
        <extensions>
          <ns3:TrackPointExtension>
            <ns3:hr>143</ns3:hr>
            <ns3:cad>89</ns3:cad>
          </ns3:TrackPointExtension>
        </extensions>
      </trkpt>
      <trkpt lat="31.2160227634012699127197265625" lon="121.38667621649801731109619140625">
        <ele>15.3999996185302734375</ele>
        <time>2026-09-07T10:35:40.000Z</time>
        <extensions>
          <ns3:TrackPointExtension>
            <ns3:hr>143</ns3:hr>
            <ns3:cad>88</ns3:cad>
          </ns3:TrackPointExtension>
        </extensions>
      </trkpt>
      <trkpt lat="31.21601714752614498138427734375" lon="121.38670806773006916046142578125">
        <ele>15.3999996185302734375</ele>
        <time>2026-09-07T10:35:41.000Z</time>
        <extensions>
          <ns3:TrackPointExtension>
            <ns3:hr>143</ns3:hr>
            <ns3:cad>88</ns3:cad>
          </ns3:TrackPointExtension>
        </extensions>
      </trkpt>
      <trkpt lat="31.216012202203273773193359375" lon="121.3867322914302349090576171875">
        <ele>15.3999996185302734375</ele>
        <time>2026-09-07T10:35:42.000Z</time>
        <extensions>
          <ns3:TrackPointExtension>
            <ns3:hr>143</ns3:hr>
            <ns3:cad>88</ns3:cad>
          </ns3:TrackPointExtension>
        </extensions>
      </trkpt>
      <trkpt lat="31.21600893326103687286376953125" lon="121.38675601221621036529541015625">
        <ele>15.6000003814697265625</ele>
        <time>2026-09-07T10:35:43.000Z</time>
        <extensions>
          <ns3:TrackPointExtension>
            <ns3:hr>143</ns3:hr>
            <ns3:cad>88</ns3:cad>
          </ns3:TrackPointExtension>
        </extensions>
      </trkpt>
      <trkpt lat="31.2159977853298187255859375" lon="121.386783085763454437255859375">
        <ele>15.6000003814697265625</ele>
        <time>2026-09-07T10:35:44.000Z</time>
        <extensions>
          <ns3:TrackPointExtension>
            <ns3:hr>143</ns3:hr>
            <ns3:cad>89</ns3:cad>
          </ns3:TrackPointExtension>
        </extensions>
      </trkpt>
      <trkpt lat="31.215993426740169525146484375" lon="121.386808566749095916748046875">
        <ele>15.6000003814697265625</ele>
        <time>2026-09-07T10:35:45.000Z</time>
        <extensions>
          <ns3:TrackPointExtension>
            <ns3:hr>143</ns3:hr>
            <ns3:cad>89</ns3:cad>
          </ns3:TrackPointExtension>
        </extensions>
      </trkpt>
      <trkpt lat="31.21598747558891773223876953125" lon="121.38683480210602283477783203125">
        <ele>15.6000003814697265625</ele>
        <time>2026-09-07T10:35:46.000Z</time>
        <extensions>
          <ns3:TrackPointExtension>
            <ns3:hr>143</ns3:hr>
            <ns3:cad>88</ns3:cad>
          </ns3:TrackPointExtension>
        </extensions>
      </trkpt>
      <trkpt lat="31.215985380113124847412109375" lon="121.38686028309166431427001953125">
        <ele>15.6000003814697265625</ele>
        <time>2026-09-07T10:35:47.000Z</time>
        <extensions>
          <ns3:TrackPointExtension>
            <ns3:hr>142</ns3:hr>
            <ns3:cad>87</ns3:cad>
          </ns3:TrackPointExtension>
        </extensions>
      </trkpt>
      <trkpt lat="31.21597724966704845428466796875" lon="121.386890374124050140380859375">
        <ele>15.6000003814697265625</ele>
        <time>2026-09-07T10:35:48.000Z</time>
        <extensions>
          <ns3:TrackPointExtension>
            <ns3:hr>143</ns3:hr>
            <ns3:cad>87</ns3:cad>
          </ns3:TrackPointExtension>
        </extensions>
      </trkpt>
      <trkpt lat="31.21597557328641414642333984375" lon="121.3869119994342327117919921875">
        <ele>15.6000003814697265625</ele>
        <time>2026-09-07T10:35:49.000Z</time>
        <extensions>
          <ns3:TrackPointExtension>
            <ns3:hr>142</ns3:hr>
            <ns3:cad>87</ns3:cad>
          </ns3:TrackPointExtension>
        </extensions>
      </trkpt>
      <trkpt lat="31.21596953831613063812255859375" lon="121.38694091700017452239990234375">
        <ele>15.6000003814697265625</ele>
        <time>2026-09-07T10:35:50.000Z</time>
        <extensions>
          <ns3:TrackPointExtension>
            <ns3:hr>142</ns3:hr>
            <ns3:cad>89</ns3:cad>
          </ns3:TrackPointExtension>
        </extensions>
      </trkpt>
      <trkpt lat="31.215962581336498260498046875" lon="121.38696656562387943267822265625">
        <ele>15.6000003814697265625</ele>
        <time>2026-09-07T10:35:51.000Z</time>
        <extensions>
          <ns3:TrackPointExtension>
            <ns3:hr>142</ns3:hr>
            <ns3:cad>89</ns3:cad>
          </ns3:TrackPointExtension>
        </extensions>
      </trkpt>
      <trkpt lat="31.21595612727105617523193359375" lon="121.38699925504624843597412109375">
        <ele>15.6000003814697265625</ele>
        <time>2026-09-07T10:35:52.000Z</time>
        <extensions>
          <ns3:TrackPointExtension>
            <ns3:hr>142</ns3:hr>
            <ns3:cad>88</ns3:cad>
          </ns3:TrackPointExtension>
        </extensions>
      </trkpt>
      <trkpt lat="31.21595428325235843658447265625" lon="121.38702540658414363861083984375">
        <ele>15.3999996185302734375</ele>
        <time>2026-09-07T10:35:53.000Z</time>
        <extensions>
          <ns3:TrackPointExtension>
            <ns3:hr>142</ns3:hr>
            <ns3:cad>87</ns3:cad>
          </ns3:TrackPointExtension>
        </extensions>
      </trkpt>
      <trkpt lat="31.21595160104334354400634765625" lon="121.387050636112689971923828125">
        <ele>15.3999996185302734375</ele>
        <time>2026-09-07T10:35:54.000Z</time>
        <extensions>
          <ns3:TrackPointExtension>
            <ns3:hr>142</ns3:hr>
            <ns3:cad>87</ns3:cad>
          </ns3:TrackPointExtension>
        </extensions>
      </trkpt>
      <trkpt lat="31.21594875119626522064208984375" lon="121.38708123005926609039306640625">
        <ele>15.3999996185302734375</ele>
        <time>2026-09-07T10:35:55.000Z</time>
        <extensions>
          <ns3:TrackPointExtension>
            <ns3:hr>142</ns3:hr>
            <ns3:cad>87</ns3:cad>
          </ns3:TrackPointExtension>
        </extensions>
      </trkpt>
      <trkpt lat="31.2159573845565319061279296875" lon="121.3871037773787975311279296875">
        <ele>15.3999996185302734375</ele>
        <time>2026-09-07T10:35:56.000Z</time>
        <extensions>
          <ns3:TrackPointExtension>
            <ns3:hr>141</ns3:hr>
            <ns3:cad>87</ns3:cad>
          </ns3:TrackPointExtension>
        </extensions>
      </trkpt>
      <trkpt lat="31.21596819721162319183349609375" lon="121.38712816871702671051025390625">
        <ele>15.19999980926513671875</ele>
        <time>2026-09-07T10:35:57.000Z</time>
        <extensions>
          <ns3:TrackPointExtension>
            <ns3:hr>141</ns3:hr>
            <ns3:cad>87</ns3:cad>
          </ns3:TrackPointExtension>
        </extensions>
      </trkpt>
      <trkpt lat="31.2159758247435092926025390625" lon="121.38715281151235103607177734375">
        <ele>15.19999980926513671875</ele>
        <time>2026-09-07T10:35:58.000Z</time>
        <extensions>
          <ns3:TrackPointExtension>
            <ns3:hr>141</ns3:hr>
            <ns3:cad>87</ns3:cad>
          </ns3:TrackPointExtension>
        </extensions>
      </trkpt>
      <trkpt lat="31.2159862183034420013427734375" lon="121.3871802203357219696044921875">
        <ele>15.19999980926513671875</ele>
        <time>2026-09-07T10:35:59.000Z</time>
        <extensions>
          <ns3:TrackPointExtension>
            <ns3:hr>141</ns3:hr>
            <ns3:cad>86</ns3:cad>
          </ns3:TrackPointExtension>
        </extensions>
      </trkpt>
      <trkpt lat="31.21599753387272357940673828125" lon="121.3871991634368896484375">
        <ele>15.19999980926513671875</ele>
        <time>2026-09-07T10:36:00.000Z</time>
        <extensions>
          <ns3:TrackPointExtension>
            <ns3:hr>141</ns3:hr>
            <ns3:cad>86</ns3:cad>
          </ns3:TrackPointExtension>
        </extensions>
      </trkpt>
      <trkpt lat="31.21601614169776439666748046875" lon="121.387221626937389373779296875">
        <ele>15.19999980926513671875</ele>
        <time>2026-09-07T10:36:01.000Z</time>
        <extensions>
          <ns3:TrackPointExtension>
            <ns3:hr>141</ns3:hr>
            <ns3:cad>86</ns3:cad>
          </ns3:TrackPointExtension>
        </extensions>
      </trkpt>
      <trkpt lat="31.21602821163833141326904296875" lon="121.3872353732585906982421875">
        <ele>15</ele>
        <time>2026-09-07T10:36:02.000Z</time>
        <extensions>
          <ns3:TrackPointExtension>
            <ns3:hr>141</ns3:hr>
            <ns3:cad>87</ns3:cad>
          </ns3:TrackPointExtension>
        </extensions>
      </trkpt>
      <trkpt lat="31.216048412024974822998046875" lon="121.38725188560783863067626953125">
        <ele>15</ele>
        <time>2026-09-07T10:36:03.000Z</time>
        <extensions>
          <ns3:TrackPointExtension>
            <ns3:hr>141</ns3:hr>
            <ns3:cad>88</ns3:cad>
          </ns3:TrackPointExtension>
        </extensions>
      </trkpt>
      <trkpt lat="31.21606676839292049407958984375" lon="121.38726462610065937042236328125">
        <ele>15</ele>
        <time>2026-09-07T10:36:04.000Z</time>
        <extensions>
          <ns3:TrackPointExtension>
            <ns3:hr>141</ns3:hr>
            <ns3:cad>88</ns3:cad>
          </ns3:TrackPointExtension>
        </extensions>
      </trkpt>
      <trkpt lat="31.2160884775221347808837890625" lon="121.3872777856886386871337890625">
        <ele>14.80000019073486328125</ele>
        <time>2026-09-07T10:36:05.000Z</time>
        <extensions>
          <ns3:TrackPointExtension>
            <ns3:hr>141</ns3:hr>
            <ns3:cad>87</ns3:cad>
          </ns3:TrackPointExtension>
        </extensions>
      </trkpt>
      <trkpt lat="31.21610884554684162139892578125" lon="121.38729815371334552764892578125">
        <ele>14.80000019073486328125</ele>
        <time>2026-09-07T10:36:06.000Z</time>
        <extensions>
          <ns3:TrackPointExtension>
            <ns3:hr>141</ns3:hr>
            <ns3:cad>87</ns3:cad>
          </ns3:TrackPointExtension>
        </extensions>
      </trkpt>
      <trkpt lat="31.21612393297255039215087890625" lon="121.38730980455875396728515625">
        <ele>14.80000019073486328125</ele>
        <time>2026-09-07T10:36:07.000Z</time>
        <extensions>
          <ns3:TrackPointExtension>
            <ns3:hr>142</ns3:hr>
            <ns3:cad>86</ns3:cad>
          </ns3:TrackPointExtension>
        </extensions>
      </trkpt>
      <trkpt lat="31.2161505036056041717529296875" lon="121.3873314298689365386962890625">
        <ele>15</ele>
        <time>2026-09-07T10:36:08.000Z</time>
        <extensions>
          <ns3:TrackPointExtension>
            <ns3:hr>142</ns3:hr>
            <ns3:cad>86</ns3:cad>
          </ns3:TrackPointExtension>
        </extensions>
      </trkpt>
      <trkpt lat="31.216168105602264404296875" lon="121.38734601438045501708984375">
        <ele>15</ele>
        <time>2026-09-07T10:36:09.000Z</time>
        <extensions>
          <ns3:TrackPointExtension>
            <ns3:hr>142</ns3:hr>
            <ns3:cad>86</ns3:cad>
          </ns3:TrackPointExtension>
        </extensions>
      </trkpt>
      <trkpt lat="31.2161907367408275604248046875" lon="121.38735414482653141021728515625">
        <ele>15</ele>
        <time>2026-09-07T10:36:10.000Z</time>
        <extensions>
          <ns3:TrackPointExtension>
            <ns3:hr>142</ns3:hr>
            <ns3:cad>86</ns3:cad>
          </ns3:TrackPointExtension>
        </extensions>
      </trkpt>
      <trkpt lat="31.21621177531778812408447265625" lon="121.38735950924456119537353515625">
        <ele>15</ele>
        <time>2026-09-07T10:36:11.000Z</time>
        <extensions>
          <ns3:TrackPointExtension>
            <ns3:hr>142</ns3:hr>
            <ns3:cad>86</ns3:cad>
          </ns3:TrackPointExtension>
        </extensions>
      </trkpt>
      <trkpt lat="31.21623340062797069549560546875" lon="121.3873585872352123260498046875">
        <ele>15.19999980926513671875</ele>
        <time>2026-09-07T10:36:12.000Z</time>
        <extensions>
          <ns3:TrackPointExtension>
            <ns3:hr>142</ns3:hr>
            <ns3:cad>86</ns3:cad>
          </ns3:TrackPointExtension>
        </extensions>
      </trkpt>
      <trkpt lat="31.2162614800035953521728515625" lon="121.38736537657678127288818359375">
        <ele>15.19999980926513671875</ele>
        <time>2026-09-07T10:36:13.000Z</time>
        <extensions>
          <ns3:TrackPointExtension>
            <ns3:hr>142</ns3:hr>
            <ns3:cad>86</ns3:cad>
          </ns3:TrackPointExtension>
        </extensions>
      </trkpt>
      <trkpt lat="31.21628771536052227020263671875" lon="121.387367807328701019287109375">
        <ele>15.19999980926513671875</ele>
        <time>2026-09-07T10:36:14.000Z</time>
        <extensions>
          <ns3:TrackPointExtension>
            <ns3:hr>143</ns3:hr>
            <ns3:cad>88</ns3:cad>
          </ns3:TrackPointExtension>
        </extensions>
      </trkpt>
      <trkpt lat="31.21631805785000324249267578125" lon="121.38737962581217288970947265625">
        <ele>15.19999980926513671875</ele>
        <time>2026-09-07T10:36:15.000Z</time>
        <extensions>
          <ns3:TrackPointExtension>
            <ns3:hr>142</ns3:hr>
            <ns3:cad>88</ns3:cad>
          </ns3:TrackPointExtension>
        </extensions>
      </trkpt>
      <trkpt lat="31.21633834205567836761474609375" lon="121.38738616369664669036865234375">
        <ele>15.3999996185302734375</ele>
        <time>2026-09-07T10:36:16.000Z</time>
        <extensions>
          <ns3:TrackPointExtension>
            <ns3:hr>143</ns3:hr>
            <ns3:cad>88</ns3:cad>
          </ns3:TrackPointExtension>
        </extensions>
      </trkpt>
      <trkpt lat="31.21636147610843181610107421875" lon="121.38739622198045253753662109375">
        <ele>15.3999996185302734375</ele>
        <time>2026-09-07T10:36:17.000Z</time>
        <extensions>
          <ns3:TrackPointExtension>
            <ns3:hr>143</ns3:hr>
            <ns3:cad>88</ns3:cad>
          </ns3:TrackPointExtension>
        </extensions>
      </trkpt>
      <trkpt lat="31.21638326905667781829833984375" lon="121.3874016702175140380859375">
        <ele>15.3999996185302734375</ele>
        <time>2026-09-07T10:36:18.000Z</time>
        <extensions>
          <ns3:TrackPointExtension>
            <ns3:hr>143</ns3:hr>
            <ns3:cad>87</ns3:cad>
          </ns3:TrackPointExtension>
        </extensions>
      </trkpt>
      <trkpt lat="31.2164059840142726898193359375" lon="121.387414745986461639404296875">
        <ele>15.3999996185302734375</ele>
        <time>2026-09-07T10:36:19.000Z</time>
        <extensions>
          <ns3:TrackPointExtension>
            <ns3:hr>143</ns3:hr>
            <ns3:cad>87</ns3:cad>
          </ns3:TrackPointExtension>
        </extensions>
      </trkpt>
      <trkpt lat="31.216421239078044891357421875" lon="121.3874310068786144256591796875">
        <ele>15.3999996185302734375</ele>
        <time>2026-09-07T10:36:20.000Z</time>
        <extensions>
          <ns3:TrackPointExtension>
            <ns3:hr>144</ns3:hr>
            <ns3:cad>87</ns3:cad>
          </ns3:TrackPointExtension>
        </extensions>
      </trkpt>
      <trkpt lat="31.21644294820725917816162109375" lon="121.38744450174272060394287109375">
        <ele>15.3999996185302734375</ele>
        <time>2026-09-07T10:36:21.000Z</time>
        <extensions>
          <ns3:TrackPointExtension>
            <ns3:hr>144</ns3:hr>
            <ns3:cad>89</ns3:cad>
          </ns3:TrackPointExtension>
        </extensions>
      </trkpt>
      <trkpt lat="31.21646516025066375732421875" lon="121.387459337711334228515625">
        <ele>15.3999996185302734375</ele>
        <time>2026-09-07T10:36:22.000Z</time>
        <extensions>
          <ns3:TrackPointExtension>
            <ns3:hr>144</ns3:hr>
            <ns3:cad>89</ns3:cad>
          </ns3:TrackPointExtension>
        </extensions>
      </trkpt>
      <trkpt lat="31.21648871339857578277587890625" lon="121.38747031800448894500732421875">
        <ele>15.3999996185302734375</ele>
        <time>2026-09-07T10:36:23.000Z</time>
        <extensions>
          <ns3:TrackPointExtension>
            <ns3:hr>144</ns3:hr>
            <ns3:cad>88</ns3:cad>
          </ns3:TrackPointExtension>
        </extensions>
      </trkpt>
      <trkpt lat="31.2165149487555027008056640625" lon="121.38747987337410449981689453125">
        <ele>15.3999996185302734375</ele>
        <time>2026-09-07T10:36:24.000Z</time>
        <extensions>
          <ns3:TrackPointExtension>
            <ns3:hr>144</ns3:hr>
            <ns3:cad>87</ns3:cad>
          </ns3:TrackPointExtension>
        </extensions>
      </trkpt>
      <trkpt lat="31.21654001064598560333251953125" lon="121.387489177286624908447265625">
        <ele>15.3999996185302734375</ele>
        <time>2026-09-07T10:36:25.000Z</time>
        <extensions>
          <ns3:TrackPointExtension>
            <ns3:hr>145</ns3:hr>
            <ns3:cad>87</ns3:cad>
          </ns3:TrackPointExtension>
        </extensions>
      </trkpt>
      <trkpt lat="31.2165622226893901824951171875" lon="121.3875030912458896636962890625">
        <ele>15.3999996185302734375</ele>
        <time>2026-09-07T10:36:26.000Z</time>
        <extensions>
          <ns3:TrackPointExtension>
            <ns3:hr>145</ns3:hr>
            <ns3:cad>87</ns3:cad>
          </ns3:TrackPointExtension>
        </extensions>
      </trkpt>
      <trkpt lat="31.21658409945666790008544921875" lon="121.3875101320445537567138671875">
        <ele>15.3999996185302734375</ele>
        <time>2026-09-07T10:36:27.000Z</time>
        <extensions>
          <ns3:TrackPointExtension>
            <ns3:hr>145</ns3:hr>
            <ns3:cad>89</ns3:cad>
          </ns3:TrackPointExtension>
        </extensions>
      </trkpt>
      <trkpt lat="31.2166037969291210174560546875" lon="121.38752278871834278106689453125">
        <ele>15.6000003814697265625</ele>
        <time>2026-09-07T10:36:28.000Z</time>
        <extensions>
          <ns3:TrackPointExtension>
            <ns3:hr>145</ns3:hr>
            <ns3:cad>89</ns3:cad>
          </ns3:TrackPointExtension>
        </extensions>
      </trkpt>
      <trkpt lat="31.2166227400302886962890625" lon="121.38753284700214862823486328125">
        <ele>15.6000003814697265625</ele>
        <time>2026-09-07T10:36:29.000Z</time>
        <extensions>
          <ns3:TrackPointExtension>
            <ns3:hr>145</ns3:hr>
            <ns3:cad>89</ns3:cad>
          </ns3:TrackPointExtension>
        </extensions>
      </trkpt>
      <trkpt lat="31.21664679609239101409912109375" lon="121.38754223473370075225830078125">
        <ele>15.6000003814697265625</ele>
        <time>2026-09-07T10:36:30.000Z</time>
        <extensions>
          <ns3:TrackPointExtension>
            <ns3:hr>145</ns3:hr>
            <ns3:cad>88</ns3:cad>
          </ns3:TrackPointExtension>
        </extensions>
      </trkpt>
      <trkpt lat="31.21667705476284027099609375" lon="121.3875523768365383148193359375">
        <ele>15.6000003814697265625</ele>
        <time>2026-09-07T10:36:31.000Z</time>
        <extensions>
          <ns3:TrackPointExtension>
            <ns3:hr>146</ns3:hr>
            <ns3:cad>88</ns3:cad>
          </ns3:TrackPointExtension>
        </extensions>
      </trkpt>
      <trkpt lat="31.21670681051909923553466796875" lon="121.38756285421550273895263671875">
        <ele>15.3999996185302734375</ele>
        <time>2026-09-07T10:36:32.000Z</time>
        <extensions>
          <ns3:TrackPointExtension>
            <ns3:hr>145</ns3:hr>
            <ns3:cad>88</ns3:cad>
          </ns3:TrackPointExtension>
        </extensions>
      </trkpt>
      <trkpt lat="31.21673044748604297637939453125" lon="121.38757123611867427825927734375">
        <ele>15.3999996185302734375</ele>
        <time>2026-09-07T10:36:33.000Z</time>
        <extensions>
          <ns3:TrackPointExtension>
            <ns3:hr>145</ns3:hr>
            <ns3:cad>90</ns3:cad>
          </ns3:TrackPointExtension>
        </extensions>
      </trkpt>
      <trkpt lat="31.216759867966175079345703125" lon="121.38758204877376556396484375">
        <ele>15.3999996185302734375</ele>
        <time>2026-09-07T10:36:34.000Z</time>
        <extensions>
          <ns3:TrackPointExtension>
            <ns3:hr>146</ns3:hr>
            <ns3:cad>90</ns3:cad>
          </ns3:TrackPointExtension>
        </extensions>
      </trkpt>
      <trkpt lat="31.2167798168957233428955078125" lon="121.3875922746956348419189453125">
        <ele>15.3999996185302734375</ele>
        <time>2026-09-07T10:36:35.000Z</time>
        <extensions>
          <ns3:TrackPointExtension>
            <ns3:hr>146</ns3:hr>
            <ns3:cad>90</ns3:cad>
          </ns3:TrackPointExtension>
        </extensions>
      </trkpt>
      <trkpt lat="31.216803453862667083740234375" lon="121.3876068592071533203125">
        <ele>15.3999996185302734375</ele>
        <time>2026-09-07T10:36:36.000Z</time>
        <extensions>
          <ns3:TrackPointExtension>
            <ns3:hr>146</ns3:hr>
            <ns3:cad>88</ns3:cad>
          </ns3:TrackPointExtension>
        </extensions>
      </trkpt>
      <trkpt lat="31.21682583354413509368896484375" lon="121.387615911662578582763671875">
        <ele>15.3999996185302734375</ele>
        <time>2026-09-07T10:36:37.000Z</time>
        <extensions>
          <ns3:TrackPointExtension>
            <ns3:hr>146</ns3:hr>
            <ns3:cad>87</ns3:cad>
          </ns3:TrackPointExtension>
        </extensions>
      </trkpt>
      <trkpt lat="31.216849721968173980712890625" lon="121.38762420974671840667724609375">
        <ele>15.3999996185302734375</ele>
        <time>2026-09-07T10:36:38.000Z</time>
        <extensions>
          <ns3:TrackPointExtension>
            <ns3:hr>146</ns3:hr>
            <ns3:cad>87</ns3:cad>
          </ns3:TrackPointExtension>
        </extensions>
      </trkpt>
      <trkpt lat="31.21686874888837337493896484375" lon="121.38763158582150936126708984375">
        <ele>15.6000003814697265625</ele>
        <time>2026-09-07T10:36:39.000Z</time>
        <extensions>
          <ns3:TrackPointExtension>
            <ns3:hr>147</ns3:hr>
            <ns3:cad>88</ns3:cad>
          </ns3:TrackPointExtension>
        </extensions>
      </trkpt>
      <trkpt lat="31.21689858846366405487060546875" lon="121.38763711787760257720947265625">
        <ele>15.6000003814697265625</ele>
        <time>2026-09-07T10:36:40.000Z</time>
        <extensions>
          <ns3:TrackPointExtension>
            <ns3:hr>147</ns3:hr>
            <ns3:cad>89</ns3:cad>
          </ns3:TrackPointExtension>
        </extensions>
      </trkpt>
      <trkpt lat="31.21692088432610034942626953125" lon="121.38764449395239353179931640625">
        <ele>15.6000003814697265625</ele>
        <time>2026-09-07T10:36:41.000Z</time>
        <extensions>
          <ns3:TrackPointExtension>
            <ns3:hr>147</ns3:hr>
            <ns3:cad>89</ns3:cad>
          </ns3:TrackPointExtension>
        </extensions>
      </trkpt>
      <trkpt lat="31.21694435365498065948486328125" lon="121.387655474245548248291015625">
        <ele>15.6000003814697265625</ele>
        <time>2026-09-07T10:36:42.000Z</time>
        <extensions>
          <ns3:TrackPointExtension>
            <ns3:hr>147</ns3:hr>
            <ns3:cad>88</ns3:cad>
          </ns3:TrackPointExtension>
        </extensions>
      </trkpt>
      <trkpt lat="31.21696782298386096954345703125" lon="121.38766586780548095703125">
        <ele>15.6000003814697265625</ele>
        <time>2026-09-07T10:36:43.000Z</time>
        <extensions>
          <ns3:TrackPointExtension>
            <ns3:hr>147</ns3:hr>
            <ns3:cad>88</ns3:cad>
          </ns3:TrackPointExtension>
        </extensions>
      </trkpt>
      <trkpt lat="31.2169903703033924102783203125" lon="121.38767433352768421173095703125">
        <ele>15.6000003814697265625</ele>
        <time>2026-09-07T10:36:44.000Z</time>
        <extensions>
          <ns3:TrackPointExtension>
            <ns3:hr>147</ns3:hr>
            <ns3:cad>88</ns3:cad>
          </ns3:TrackPointExtension>
        </extensions>
      </trkpt>
      <trkpt lat="31.2170089781284332275390625" lon="121.38768573291599750518798828125">
        <ele>15.6000003814697265625</ele>
        <time>2026-09-07T10:36:45.000Z</time>
        <extensions>
          <ns3:TrackPointExtension>
            <ns3:hr>147</ns3:hr>
            <ns3:cad>88</ns3:cad>
          </ns3:TrackPointExtension>
        </extensions>
      </trkpt>
      <trkpt lat="31.21702968142926692962646484375" lon="121.3876955397427082061767578125">
        <ele>15.6000003814697265625</ele>
        <time>2026-09-07T10:36:46.000Z</time>
        <extensions>
          <ns3:TrackPointExtension>
            <ns3:hr>147</ns3:hr>
            <ns3:cad>88</ns3:cad>
          </ns3:TrackPointExtension>
        </extensions>
      </trkpt>
      <trkpt lat="31.21705533005297183990478515625" lon="121.38770635239779949188232421875">
        <ele>15.80000019073486328125</ele>
        <time>2026-09-07T10:36:47.000Z</time>
        <extensions>
          <ns3:TrackPointExtension>
            <ns3:hr>147</ns3:hr>
            <ns3:cad>88</ns3:cad>
          </ns3:TrackPointExtension>
        </extensions>
      </trkpt>
      <trkpt lat="31.217077039182186126708984375" lon="121.38771238736808300018310546875">
        <ele>15.80000019073486328125</ele>
        <time>2026-09-07T10:36:48.000Z</time>
        <extensions>
          <ns3:TrackPointExtension>
            <ns3:hr>147</ns3:hr>
            <ns3:cad>88</ns3:cad>
          </ns3:TrackPointExtension>
        </extensions>
      </trkpt>
      <trkpt lat="31.21709992177784442901611328125" lon="121.38772563077509403228759765625">
        <ele>15.80000019073486328125</ele>
        <time>2026-09-07T10:36:49.000Z</time>
        <extensions>
          <ns3:TrackPointExtension>
            <ns3:hr>147</ns3:hr>
            <ns3:cad>87</ns3:cad>
          </ns3:TrackPointExtension>
        </extensions>
      </trkpt>
      <trkpt lat="31.21712104417383670806884765625" lon="121.387725882232189178466796875">
        <ele>15.80000019073486328125</ele>
        <time>2026-09-07T10:36:50.000Z</time>
        <extensions>
          <ns3:TrackPointExtension>
            <ns3:hr>147</ns3:hr>
            <ns3:cad>87</ns3:cad>
          </ns3:TrackPointExtension>
        </extensions>
      </trkpt>
      <trkpt lat="31.21714585460722446441650390625" lon="121.387734599411487579345703125">
        <ele>15.80000019073486328125</ele>
        <time>2026-09-07T10:36:51.000Z</time>
        <extensions>
          <ns3:TrackPointExtension>
            <ns3:hr>146</ns3:hr>
            <ns3:cad>87</ns3:cad>
          </ns3:TrackPointExtension>
        </extensions>
      </trkpt>
      <trkpt lat="31.2171747721731662750244140625" lon="121.38773619197309017181396484375">
        <ele>15.6000003814697265625</ele>
        <time>2026-09-07T10:36:52.000Z</time>
        <extensions>
          <ns3:TrackPointExtension>
            <ns3:hr>147</ns3:hr>
            <ns3:cad>89</ns3:cad>
          </ns3:TrackPointExtension>
        </extensions>
      </trkpt>
      <trkpt lat="31.21719597838819026947021484375" lon="121.38775102794170379638671875">
        <ele>15.3999996185302734375</ele>
        <time>2026-09-07T10:36:53.000Z</time>
        <extensions>
          <ns3:TrackPointExtension>
            <ns3:hr>147</ns3:hr>
            <ns3:cad>89</ns3:cad>
          </ns3:TrackPointExtension>
        </extensions>
      </trkpt>
      <trkpt lat="31.21721324510872364044189453125" lon="121.3877572305500507354736328125">
        <ele>15.3999996185302734375</ele>
        <time>2026-09-07T10:36:54.000Z</time>
        <extensions>
          <ns3:TrackPointExtension>
            <ns3:hr>147</ns3:hr>
            <ns3:cad>88</ns3:cad>
          </ns3:TrackPointExtension>
        </extensions>
      </trkpt>
      <trkpt lat="31.21723772026598453521728515625" lon="121.38777575455605983734130859375">
        <ele>15.3999996185302734375</ele>
        <time>2026-09-07T10:36:55.000Z</time>
        <extensions>
          <ns3:TrackPointExtension>
            <ns3:hr>147</ns3:hr>
            <ns3:cad>88</ns3:cad>
          </ns3:TrackPointExtension>
        </extensions>
      </trkpt>
      <trkpt lat="31.2172595970332622528076171875" lon="121.38778346590697765350341796875">
        <ele>15.3999996185302734375</ele>
        <time>2026-09-07T10:36:56.000Z</time>
        <extensions>
          <ns3:TrackPointExtension>
            <ns3:hr>147</ns3:hr>
            <ns3:cad>87</ns3:cad>
          </ns3:TrackPointExtension>
        </extensions>
      </trkpt>
      <trkpt lat="31.21728432364761829376220703125" lon="121.38779620639979839324951171875">
        <ele>15.6000003814697265625</ele>
        <time>2026-09-07T10:36:57.000Z</time>
        <extensions>
          <ns3:TrackPointExtension>
            <ns3:hr>146</ns3:hr>
            <ns3:cad>88</ns3:cad>
          </ns3:TrackPointExtension>
        </extensions>
      </trkpt>
      <trkpt lat="31.2173051945865154266357421875" lon="121.38780592940747737884521484375">
        <ele>15.80000019073486328125</ele>
        <time>2026-09-07T10:36:58.000Z</time>
        <extensions>
          <ns3:TrackPointExtension>
            <ns3:hr>146</ns3:hr>
            <ns3:cad>89</ns3:cad>
          </ns3:TrackPointExtension>
        </extensions>
      </trkpt>
      <trkpt lat="31.2173303402960300445556640625" lon="121.38781749643385410308837890625">
        <ele>15.80000019073486328125</ele>
        <time>2026-09-07T10:36:59.000Z</time>
        <extensions>
          <ns3:TrackPointExtension>
            <ns3:hr>145</ns3:hr>
            <ns3:cad>89</ns3:cad>
          </ns3:TrackPointExtension>
        </extensions>
      </trkpt>
      <trkpt lat="31.217347271740436553955078125" lon="121.3878256268799304962158203125">
        <ele>16</ele>
        <time>2026-09-07T10:37:00.000Z</time>
        <extensions>
          <ns3:TrackPointExtension>
            <ns3:hr>146</ns3:hr>
            <ns3:cad>89</ns3:cad>
          </ns3:TrackPointExtension>
        </extensions>
      </trkpt>
      <trkpt lat="31.21737384237349033355712890625" lon="121.3878366909921169281005859375">
        <ele>16</ele>
        <time>2026-09-07T10:37:01.000Z</time>
        <extensions>
          <ns3:TrackPointExtension>
            <ns3:hr>146</ns3:hr>
            <ns3:cad>88</ns3:cad>
          </ns3:TrackPointExtension>
        </extensions>
      </trkpt>
      <trkpt lat="31.21739144437015056610107421875" lon="121.3878497667610645294189453125">
        <ele>16.200000762939453125</ele>
        <time>2026-09-07T10:37:02.000Z</time>
        <extensions>
          <ns3:TrackPointExtension>
            <ns3:hr>146</ns3:hr>
            <ns3:cad>87</ns3:cad>
          </ns3:TrackPointExtension>
        </extensions>
      </trkpt>
      <trkpt lat="31.2174171768128871917724609375" lon="121.387859322130680084228515625">
        <ele>16.200000762939453125</ele>
        <time>2026-09-07T10:37:03.000Z</time>
        <extensions>
          <ns3:TrackPointExtension>
            <ns3:hr>146</ns3:hr>
            <ns3:cad>87</ns3:cad>
          </ns3:TrackPointExtension>
        </extensions>
      </trkpt>
      <trkpt lat="31.21743720956146717071533203125" lon="121.38787382282316684722900390625">
        <ele>16.200000762939453125</ele>
        <time>2026-09-07T10:37:04.000Z</time>
        <extensions>
          <ns3:TrackPointExtension>
            <ns3:hr>146</ns3:hr>
            <ns3:cad>87</ns3:cad>
          </ns3:TrackPointExtension>
        </extensions>
      </trkpt>
      <trkpt lat="31.21746134944260120391845703125" lon="121.387884803116321563720703125">
        <ele>16.200000762939453125</ele>
        <time>2026-09-07T10:37:05.000Z</time>
        <extensions>
          <ns3:TrackPointExtension>
            <ns3:hr>146</ns3:hr>
            <ns3:cad>88</ns3:cad>
          </ns3:TrackPointExtension>
        </extensions>
      </trkpt>
      <trkpt lat="31.217487417161464691162109375" lon="121.38790064491331577301025390625">
        <ele>16.3999996185302734375</ele>
        <time>2026-09-07T10:37:06.000Z</time>
        <extensions>
          <ns3:TrackPointExtension>
            <ns3:hr>145</ns3:hr>
            <ns3:cad>88</ns3:cad>
          </ns3:TrackPointExtension>
        </extensions>
      </trkpt>
      <trkpt lat="31.21751231141388416290283203125" lon="121.3879057578742504119873046875">
        <ele>16.3999996185302734375</ele>
        <time>2026-09-07T10:37:07.000Z</time>
        <extensions>
          <ns3:TrackPointExtension>
            <ns3:hr>146</ns3:hr>
            <ns3:cad>88</ns3:cad>
          </ns3:TrackPointExtension>
        </extensions>
      </trkpt>
      <trkpt lat="31.2175405584275722503662109375" lon="121.38791874982416629791259765625">
        <ele>16.6000003814697265625</ele>
        <time>2026-09-07T10:37:08.000Z</time>
        <extensions>
          <ns3:TrackPointExtension>
            <ns3:hr>146</ns3:hr>
            <ns3:cad>87</ns3:cad>
          </ns3:TrackPointExtension>
        </extensions>
      </trkpt>
      <trkpt lat="31.2175606749951839447021484375" lon="121.38792243786156177520751953125">
        <ele>16.799999237060546875</ele>
        <time>2026-09-07T10:37:09.000Z</time>
        <extensions>
          <ns3:TrackPointExtension>
            <ns3:hr>146</ns3:hr>
            <ns3:cad>87</ns3:cad>
          </ns3:TrackPointExtension>
        </extensions>
      </trkpt>
      <trkpt lat="31.21759160421788692474365234375" lon="121.38793610036373138427734375">
        <ele>16.799999237060546875</ele>
        <time>2026-09-07T10:37:10.000Z</time>
        <extensions>
          <ns3:TrackPointExtension>
            <ns3:hr>147</ns3:hr>
            <ns3:cad>88</ns3:cad>
          </ns3:TrackPointExtension>
        </extensions>
      </trkpt>
      <trkpt lat="31.2176173366606235504150390625" lon="121.3879480026662349700927734375">
        <ele>16.799999237060546875</ele>
        <time>2026-09-07T10:37:11.000Z</time>
        <extensions>
          <ns3:TrackPointExtension>
            <ns3:hr>147</ns3:hr>
            <ns3:cad>89</ns3:cad>
          </ns3:TrackPointExtension>
        </extensions>
      </trkpt>
      <trkpt lat="31.21763954870402812957763671875" lon="121.38796216808259487152099609375">
        <ele>16.799999237060546875</ele>
        <time>2026-09-07T10:37:12.000Z</time>
        <extensions>
          <ns3:TrackPointExtension>
            <ns3:hr>147</ns3:hr>
            <ns3:cad>89</ns3:cad>
          </ns3:TrackPointExtension>
        </extensions>
      </trkpt>
      <trkpt lat="31.21766150929033756256103515625" lon="121.38796853832900524139404296875">
        <ele>16.799999237060546875</ele>
        <time>2026-09-07T10:37:13.000Z</time>
        <extensions>
          <ns3:TrackPointExtension>
            <ns3:hr>147</ns3:hr>
            <ns3:cad>88</ns3:cad>
          </ns3:TrackPointExtension>
        </extensions>
      </trkpt>
      <trkpt lat="31.2176897563040256500244140625" lon="121.38797775842249393463134765625">
        <ele>16.6000003814697265625</ele>
        <time>2026-09-07T10:37:14.000Z</time>
        <extensions>
          <ns3:TrackPointExtension>
            <ns3:hr>147</ns3:hr>
            <ns3:cad>87</ns3:cad>
          </ns3:TrackPointExtension>
        </extensions>
      </trkpt>
      <trkpt lat="31.2177165783941745758056640625" lon="121.38798563741147518157958984375">
        <ele>16.3999996185302734375</ele>
        <time>2026-09-07T10:37:15.000Z</time>
        <extensions>
          <ns3:TrackPointExtension>
            <ns3:hr>147</ns3:hr>
            <ns3:cad>87</ns3:cad>
          </ns3:TrackPointExtension>
        </extensions>
      </trkpt>
      <trkpt lat="31.21774750761687755584716796875" lon="121.387995444238185882568359375">
        <ele>16.200000762939453125</ele>
        <time>2026-09-07T10:37:16.000Z</time>
        <extensions>
          <ns3:TrackPointExtension>
            <ns3:hr>147</ns3:hr>
            <ns3:cad>87</ns3:cad>
          </ns3:TrackPointExtension>
        </extensions>
      </trkpt>
      <trkpt lat="31.21776779182255268096923828125" lon="121.3880051672458648681640625">
        <ele>16.200000762939453125</ele>
        <time>2026-09-07T10:37:17.000Z</time>
        <extensions>
          <ns3:TrackPointExtension>
            <ns3:hr>147</ns3:hr>
            <ns3:cad>88</ns3:cad>
          </ns3:TrackPointExtension>
        </extensions>
      </trkpt>
      <trkpt lat="31.2177913449704647064208984375" lon="121.38801782391965389251708984375">
        <ele>16</ele>
        <time>2026-09-07T10:37:18.000Z</time>
        <extensions>
          <ns3:TrackPointExtension>
            <ns3:hr>147</ns3:hr>
            <ns3:cad>88</ns3:cad>
          </ns3:TrackPointExtension>
        </extensions>
      </trkpt>
      <trkpt lat="31.21780919842422008514404296875" lon="121.38803056441247463226318359375">
        <ele>16</ele>
        <time>2026-09-07T10:37:19.000Z</time>
        <extensions>
          <ns3:TrackPointExtension>
            <ns3:hr>148</ns3:hr>
            <ns3:cad>88</ns3:cad>
          </ns3:TrackPointExtension>
        </extensions>
      </trkpt>
      <trkpt lat="31.21783216483891010284423828125" lon="121.38803810812532901763916015625">
        <ele>16</ele>
        <time>2026-09-07T10:37:20.000Z</time>
        <extensions>
          <ns3:TrackPointExtension>
            <ns3:hr>147</ns3:hr>
            <ns3:cad>87</ns3:cad>
          </ns3:TrackPointExtension>
        </extensions>
      </trkpt>
      <trkpt lat="31.2178533710539340972900390625" lon="121.38805269263684749603271484375">
        <ele>16</ele>
        <time>2026-09-07T10:37:21.000Z</time>
        <extensions>
          <ns3:TrackPointExtension>
            <ns3:hr>147</ns3:hr>
            <ns3:cad>87</ns3:cad>
          </ns3:TrackPointExtension>
        </extensions>
      </trkpt>
      <trkpt lat="31.21787734329700469970703125" lon="121.38806040398776531219482421875">
        <ele>16</ele>
        <time>2026-09-07T10:37:22.000Z</time>
        <extensions>
          <ns3:TrackPointExtension>
            <ns3:hr>147</ns3:hr>
            <ns3:cad>87</ns3:cad>
          </ns3:TrackPointExtension>
        </extensions>
      </trkpt>
      <trkpt lat="31.21790005825459957122802734375" lon="121.38806694187223911285400390625">
        <ele>16.200000762939453125</ele>
        <time>2026-09-07T10:37:23.000Z</time>
        <extensions>
          <ns3:TrackPointExtension>
            <ns3:hr>148</ns3:hr>
            <ns3:cad>88</ns3:cad>
          </ns3:TrackPointExtension>
        </extensions>
      </trkpt>
      <trkpt lat="31.21792134828865528106689453125" lon="121.3880764134228229522705078125">
        <ele>16.200000762939453125</ele>
        <time>2026-09-07T10:37:24.000Z</time>
        <extensions>
          <ns3:TrackPointExtension>
            <ns3:hr>147</ns3:hr>
            <ns3:cad>89</ns3:cad>
          </ns3:TrackPointExtension>
        </extensions>
      </trkpt>
      <trkpt lat="31.2179452367126941680908203125" lon="121.3880864717066287994384765625">
        <ele>16.200000762939453125</ele>
        <time>2026-09-07T10:37:25.000Z</time>
        <extensions>
          <ns3:TrackPointExtension>
            <ns3:hr>147</ns3:hr>
            <ns3:cad>89</ns3:cad>
          </ns3:TrackPointExtension>
        </extensions>
      </trkpt>
      <trkpt lat="31.2179665267467498779296875" lon="121.3880888186395168304443359375">
        <ele>16.200000762939453125</ele>
        <time>2026-09-07T10:37:26.000Z</time>
        <extensions>
          <ns3:TrackPointExtension>
            <ns3:hr>147</ns3:hr>
            <ns3:cad>88</ns3:cad>
          </ns3:TrackPointExtension>
        </extensions>
      </trkpt>
      <trkpt lat="31.217987649142742156982421875" lon="121.3881002180278301239013671875">
        <ele>16.200000762939453125</ele>
        <time>2026-09-07T10:37:27.000Z</time>
        <extensions>
          <ns3:TrackPointExtension>
            <ns3:hr>147</ns3:hr>
            <ns3:cad>88</ns3:cad>
          </ns3:TrackPointExtension>
        </extensions>
      </trkpt>
      <trkpt lat="31.218009777367115020751953125" lon="121.3881069235503673553466796875">
        <ele>16.200000762939453125</ele>
        <time>2026-09-07T10:37:28.000Z</time>
        <extensions>
          <ns3:TrackPointExtension>
            <ns3:hr>147</ns3:hr>
            <ns3:cad>88</ns3:cad>
          </ns3:TrackPointExtension>
        </extensions>
      </trkpt>
      <trkpt lat="31.21804137714207172393798828125" lon="121.38811589218676090240478515625">
        <ele>16.200000762939453125</ele>
        <time>2026-09-07T10:37:29.000Z</time>
        <extensions>
          <ns3:TrackPointExtension>
            <ns3:hr>147</ns3:hr>
            <ns3:cad>88</ns3:cad>
          </ns3:TrackPointExtension>
        </extensions>
      </trkpt>
      <trkpt lat="31.21805780567228794097900390625" lon="121.38811639510095119476318359375">
        <ele>16.200000762939453125</ele>
        <time>2026-09-07T10:37:30.000Z</time>
        <extensions>
          <ns3:TrackPointExtension>
            <ns3:hr>147</ns3:hr>
            <ns3:cad>89</ns3:cad>
          </ns3:TrackPointExtension>
        </extensions>
      </trkpt>
      <trkpt lat="31.21808211319148540496826171875" lon="121.38812460936605930328369140625">
        <ele>16.200000762939453125</ele>
        <time>2026-09-07T10:37:31.000Z</time>
        <extensions>
          <ns3:TrackPointExtension>
            <ns3:hr>147</ns3:hr>
            <ns3:cad>89</ns3:cad>
          </ns3:TrackPointExtension>
        </extensions>
      </trkpt>
      <trkpt lat="31.21810809709131717681884765625" lon="121.38813802041113376617431640625">
        <ele>16.3999996185302734375</ele>
        <time>2026-09-07T10:37:32.000Z</time>
        <extensions>
          <ns3:TrackPointExtension>
            <ns3:hr>147</ns3:hr>
            <ns3:cad>88</ns3:cad>
          </ns3:TrackPointExtension>
        </extensions>
      </trkpt>
      <trkpt lat="31.2181435525417327880859375" lon="121.3881495036184787750244140625">
        <ele>16.3999996185302734375</ele>
        <time>2026-09-07T10:37:33.000Z</time>
        <extensions>
          <ns3:TrackPointExtension>
            <ns3:hr>147</ns3:hr>
            <ns3:cad>87</ns3:cad>
          </ns3:TrackPointExtension>
        </extensions>
      </trkpt>
      <trkpt lat="31.21816190890967845916748046875" lon="121.38816199265420436859130859375">
        <ele>16.3999996185302734375</ele>
        <time>2026-09-07T10:37:34.000Z</time>
        <extensions>
          <ns3:TrackPointExtension>
            <ns3:hr>147</ns3:hr>
            <ns3:cad>87</ns3:cad>
          </ns3:TrackPointExtension>
        </extensions>
      </trkpt>
      <trkpt lat="31.2181916646659374237060546875" lon="121.38817909173667430877685546875">
        <ele>16.3999996185302734375</ele>
        <time>2026-09-07T10:37:35.000Z</time>
        <extensions>
          <ns3:TrackPointExtension>
            <ns3:hr>147</ns3:hr>
            <ns3:cad>88</ns3:cad>
          </ns3:TrackPointExtension>
        </extensions>
      </trkpt>
      <trkpt lat="31.21821639128029346466064453125" lon="121.38818915002048015594482421875">
        <ele>16.3999996185302734375</ele>
        <time>2026-09-07T10:37:36.000Z</time>
        <extensions>
          <ns3:TrackPointExtension>
            <ns3:hr>147</ns3:hr>
            <ns3:cad>88</ns3:cad>
          </ns3:TrackPointExtension>
        </extensions>
      </trkpt>
      <trkpt lat="31.2182426266372203826904296875" lon="121.3881994597613811492919921875">
        <ele>16.3999996185302734375</ele>
        <time>2026-09-07T10:37:37.000Z</time>
        <extensions>
          <ns3:TrackPointExtension>
            <ns3:hr>147</ns3:hr>
            <ns3:cad>89</ns3:cad>
          </ns3:TrackPointExtension>
        </extensions>
      </trkpt>
      <trkpt lat="31.21826165355741977691650390625" lon="121.3882132060825824737548828125">
        <ele>16.3999996185302734375</ele>
        <time>2026-09-07T10:37:38.000Z</time>
        <extensions>
          <ns3:TrackPointExtension>
            <ns3:hr>147</ns3:hr>
            <ns3:cad>89</ns3:cad>
          </ns3:TrackPointExtension>
        </extensions>
      </trkpt>
      <trkpt lat="31.2182862125337123870849609375" lon="121.38822318054735660552978515625">
        <ele>16.3999996185302734375</ele>
        <time>2026-09-07T10:37:39.000Z</time>
        <extensions>
          <ns3:TrackPointExtension>
            <ns3:hr>147</ns3:hr>
            <ns3:cad>88</ns3:cad>
          </ns3:TrackPointExtension>
        </extensions>
      </trkpt>
      <trkpt lat="31.2183106876909732818603515625" lon="121.38823340646922588348388671875">
        <ele>16.200000762939453125</ele>
        <time>2026-09-07T10:37:40.000Z</time>
        <extensions>
          <ns3:TrackPointExtension>
            <ns3:hr>147</ns3:hr>
            <ns3:cad>88</ns3:cad>
          </ns3:TrackPointExtension>
        </extensions>
      </trkpt>
      <trkpt lat="31.21833692304790019989013671875" lon="121.388233490288257598876953125">
        <ele>16.200000762939453125</ele>
        <time>2026-09-07T10:37:41.000Z</time>
        <extensions>
          <ns3:TrackPointExtension>
            <ns3:hr>147</ns3:hr>
            <ns3:cad>88</ns3:cad>
          </ns3:TrackPointExtension>
        </extensions>
      </trkpt>
      <trkpt lat="31.2183616496622562408447265625" lon="121.388246230781078338623046875">
        <ele>16.200000762939453125</ele>
        <time>2026-09-07T10:37:42.000Z</time>
        <extensions>
          <ns3:TrackPointExtension>
            <ns3:hr>147</ns3:hr>
            <ns3:cad>88</ns3:cad>
          </ns3:TrackPointExtension>
        </extensions>
      </trkpt>
      <trkpt lat="31.21838101185858249664306640625" lon="121.3882490806281566619873046875">
        <ele>16.200000762939453125</ele>
        <time>2026-09-07T10:37:43.000Z</time>
        <extensions>
          <ns3:TrackPointExtension>
            <ns3:hr>147</ns3:hr>
            <ns3:cad>88</ns3:cad>
          </ns3:TrackPointExtension>
        </extensions>
      </trkpt>
      <trkpt lat="31.218403391540050506591796875" lon="121.38826224021613597869873046875">
        <ele>16</ele>
        <time>2026-09-07T10:37:44.000Z</time>
        <extensions>
          <ns3:TrackPointExtension>
            <ns3:hr>147</ns3:hr>
            <ns3:cad>88</ns3:cad>
          </ns3:TrackPointExtension>
        </extensions>
      </trkpt>
      <trkpt lat="31.21842778287827968597412109375" lon="121.3882665149867534637451171875">
        <ele>16</ele>
        <time>2026-09-07T10:37:45.000Z</time>
        <extensions>
          <ns3:TrackPointExtension>
            <ns3:hr>147</ns3:hr>
            <ns3:cad>88</ns3:cad>
          </ns3:TrackPointExtension>
        </extensions>
      </trkpt>
      <trkpt lat="31.2184520065784454345703125" lon="121.38827447779476642608642578125">
        <ele>16</ele>
        <time>2026-09-07T10:37:46.000Z</time>
        <extensions>
          <ns3:TrackPointExtension>
            <ns3:hr>147</ns3:hr>
            <ns3:cad>88</ns3:cad>
          </ns3:TrackPointExtension>
        </extensions>
      </trkpt>
      <trkpt lat="31.218474805355072021484375" lon="121.3882802613079547882080078125">
        <ele>16</ele>
        <time>2026-09-07T10:37:47.000Z</time>
        <extensions>
          <ns3:TrackPointExtension>
            <ns3:hr>147</ns3:hr>
            <ns3:cad>88</ns3:cad>
          </ns3:TrackPointExtension>
        </extensions>
      </trkpt>
      <trkpt lat="31.218498609960079193115234375" lon="121.388287134468555450439453125">
        <ele>16</ele>
        <time>2026-09-07T10:37:48.000Z</time>
        <extensions>
          <ns3:TrackPointExtension>
            <ns3:hr>147</ns3:hr>
            <ns3:cad>88</ns3:cad>
          </ns3:TrackPointExtension>
        </extensions>
      </trkpt>
      <trkpt lat="31.21852082200348377227783203125" lon="121.388298533856868743896484375">
        <ele>15.80000019073486328125</ele>
        <time>2026-09-07T10:37:49.000Z</time>
        <extensions>
          <ns3:TrackPointExtension>
            <ns3:hr>147</ns3:hr>
            <ns3:cad>89</ns3:cad>
          </ns3:TrackPointExtension>
        </extensions>
      </trkpt>
      <trkpt lat="31.2185450457036495208740234375" lon="121.38830917887389659881591796875">
        <ele>15.80000019073486328125</ele>
        <time>2026-09-07T10:37:50.000Z</time>
        <extensions>
          <ns3:TrackPointExtension>
            <ns3:hr>147</ns3:hr>
            <ns3:cad>89</ns3:cad>
          </ns3:TrackPointExtension>
        </extensions>
      </trkpt>
      <trkpt lat="31.2185646593570709228515625" lon="121.3883117772638797760009765625">
        <ele>15.6000003814697265625</ele>
        <time>2026-09-07T10:37:51.000Z</time>
        <extensions>
          <ns3:TrackPointExtension>
            <ns3:hr>147</ns3:hr>
            <ns3:cad>89</ns3:cad>
          </ns3:TrackPointExtension>
        </extensions>
      </trkpt>
      <trkpt lat="31.21859223581850528717041015625" lon="121.388319991528987884521484375">
        <ele>15.6000003814697265625</ele>
        <time>2026-09-07T10:37:52.000Z</time>
        <extensions>
          <ns3:TrackPointExtension>
            <ns3:hr>147</ns3:hr>
            <ns3:cad>88</ns3:cad>
          </ns3:TrackPointExtension>
        </extensions>
      </trkpt>
      <trkpt lat="31.21861897408962249755859375" lon="121.3883323967456817626953125">
        <ele>15.6000003814697265625</ele>
        <time>2026-09-07T10:37:53.000Z</time>
        <extensions>
          <ns3:TrackPointExtension>
            <ns3:hr>147</ns3:hr>
            <ns3:cad>88</ns3:cad>
          </ns3:TrackPointExtension>
        </extensions>
      </trkpt>
      <trkpt lat="31.21864252723753452301025390625" lon="121.3883476518094539642333984375">
        <ele>15.80000019073486328125</ele>
        <time>2026-09-07T10:37:54.000Z</time>
        <extensions>
          <ns3:TrackPointExtension>
            <ns3:hr>147</ns3:hr>
            <ns3:cad>88</ns3:cad>
          </ns3:TrackPointExtension>
        </extensions>
      </trkpt>
      <trkpt lat="31.21866515837609767913818359375" lon="121.3883533515036106109619140625">
        <ele>15.80000019073486328125</ele>
        <time>2026-09-07T10:37:55.000Z</time>
        <extensions>
          <ns3:TrackPointExtension>
            <ns3:hr>147</ns3:hr>
            <ns3:cad>89</ns3:cad>
          </ns3:TrackPointExtension>
        </extensions>
      </trkpt>
      <trkpt lat="31.21868778951466083526611328125" lon="121.38835586607456207275390625">
        <ele>15.80000019073486328125</ele>
        <time>2026-09-07T10:37:56.000Z</time>
        <extensions>
          <ns3:TrackPointExtension>
            <ns3:hr>147</ns3:hr>
            <ns3:cad>90</ns3:cad>
          </ns3:TrackPointExtension>
        </extensions>
      </trkpt>
      <trkpt lat="31.2187043018639087677001953125" lon="121.38835812918841838836669921875">
        <ele>15.80000019073486328125</ele>
        <time>2026-09-07T10:37:57.000Z</time>
        <extensions>
          <ns3:TrackPointExtension>
            <ns3:hr>147</ns3:hr>
            <ns3:cad>90</ns3:cad>
          </ns3:TrackPointExtension>
        </extensions>
      </trkpt>
      <trkpt lat="31.21873104013502597808837890625" lon="121.38836701400578022003173828125">
        <ele>16</ele>
        <time>2026-09-07T10:37:58.000Z</time>
        <extensions>
          <ns3:TrackPointExtension>
            <ns3:hr>147</ns3:hr>
            <ns3:cad>88</ns3:cad>
          </ns3:TrackPointExtension>
        </extensions>
      </trkpt>
      <trkpt lat="31.2187535874545574188232421875" lon="121.38837464153766632080078125">
        <ele>16</ele>
        <time>2026-09-07T10:37:59.000Z</time>
        <extensions>
          <ns3:TrackPointExtension>
            <ns3:hr>148</ns3:hr>
            <ns3:cad>88</ns3:cad>
          </ns3:TrackPointExtension>
        </extensions>
      </trkpt>
      <trkpt lat="31.21878401376307010650634765625" lon="121.3883793354034423828125">
        <ele>16</ele>
        <time>2026-09-07T10:38:00.000Z</time>
        <extensions>
          <ns3:TrackPointExtension>
            <ns3:hr>147</ns3:hr>
            <ns3:cad>87</ns3:cad>
          </ns3:TrackPointExtension>
        </extensions>
      </trkpt>
      <trkpt lat="31.218803711235523223876953125" lon="121.38838562183082103729248046875">
        <ele>16</ele>
        <time>2026-09-07T10:38:01.000Z</time>
        <extensions>
          <ns3:TrackPointExtension>
            <ns3:hr>147</ns3:hr>
            <ns3:cad>88</ns3:cad>
          </ns3:TrackPointExtension>
        </extensions>
      </trkpt>
      <trkpt lat="31.2188317067921161651611328125" lon="121.3883905671536922454833984375">
        <ele>16</ele>
        <time>2026-09-07T10:38:02.000Z</time>
        <extensions>
          <ns3:TrackPointExtension>
            <ns3:hr>148</ns3:hr>
            <ns3:cad>89</ns3:cad>
          </ns3:TrackPointExtension>
        </extensions>
      </trkpt>
      <trkpt lat="31.2188561819493770599365234375" lon="121.38839517720043659210205078125">
        <ele>15.80000019073486328125</ele>
        <time>2026-09-07T10:38:03.000Z</time>
        <extensions>
          <ns3:TrackPointExtension>
            <ns3:hr>148</ns3:hr>
            <ns3:cad>89</ns3:cad>
          </ns3:TrackPointExtension>
        </extensions>
      </trkpt>
      <trkpt lat="31.21887780725955963134765625" lon="121.38839215971529483795166015625">
        <ele>15.80000019073486328125</ele>
        <time>2026-09-07T10:38:04.000Z</time>
        <extensions>
          <ns3:TrackPointExtension>
            <ns3:hr>148</ns3:hr>
            <ns3:cad>88</ns3:cad>
          </ns3:TrackPointExtension>
        </extensions>
      </trkpt>
      <trkpt lat="31.21890219859778881072998046875" lon="121.38839182443916797637939453125">
        <ele>15.80000019073486328125</ele>
        <time>2026-09-07T10:38:05.000Z</time>
        <extensions>
          <ns3:TrackPointExtension>
            <ns3:hr>147</ns3:hr>
            <ns3:cad>88</ns3:cad>
          </ns3:TrackPointExtension>
        </extensions>
      </trkpt>
      <trkpt lat="31.21892742812633514404296875" lon="121.3883892260491847991943359375">
        <ele>16</ele>
        <time>2026-09-07T10:38:06.000Z</time>
        <extensions>
          <ns3:TrackPointExtension>
            <ns3:hr>147</ns3:hr>
            <ns3:cad>88</ns3:cad>
          </ns3:TrackPointExtension>
        </extensions>
      </trkpt>
      <trkpt lat="31.2189520709216594696044921875" lon="121.38839065097272396087646484375">
        <ele>16</ele>
        <time>2026-09-07T10:38:07.000Z</time>
        <extensions>
          <ns3:TrackPointExtension>
            <ns3:hr>147</ns3:hr>
            <ns3:cad>88</ns3:cad>
          </ns3:TrackPointExtension>
        </extensions>
      </trkpt>
      <trkpt lat="31.21897243894636631011962890625" lon="121.38839215971529483795166015625">
        <ele>16</ele>
        <time>2026-09-07T10:38:08.000Z</time>
        <extensions>
          <ns3:TrackPointExtension>
            <ns3:hr>147</ns3:hr>
            <ns3:cad>89</ns3:cad>
          </ns3:TrackPointExtension>
        </extensions>
      </trkpt>
      <trkpt lat="31.21899926103651523590087890625" lon="121.38839618302881717681884765625">
        <ele>16</ele>
        <time>2026-09-07T10:38:09.000Z</time>
        <extensions>
          <ns3:TrackPointExtension>
            <ns3:hr>146</ns3:hr>
            <ns3:cad>89</ns3:cad>
          </ns3:TrackPointExtension>
        </extensions>
      </trkpt>
      <trkpt lat="31.2190224789083003997802734375" lon="121.3883914053440093994140625">
        <ele>15.80000019073486328125</ele>
        <time>2026-09-07T10:38:10.000Z</time>
        <extensions>
          <ns3:TrackPointExtension>
            <ns3:hr>147</ns3:hr>
            <ns3:cad>88</ns3:cad>
          </ns3:TrackPointExtension>
        </extensions>
      </trkpt>
      <trkpt lat="31.21905106119811534881591796875" lon="121.38839366845786571502685546875">
        <ele>15.80000019073486328125</ele>
        <time>2026-09-07T10:38:11.000Z</time>
        <extensions>
          <ns3:TrackPointExtension>
            <ns3:hr>147</ns3:hr>
            <ns3:cad>87</ns3:cad>
          </ns3:TrackPointExtension>
        </extensions>
      </trkpt>
      <trkpt lat="31.219069920480251312255859375" lon="121.3883922435343265533447265625">
        <ele>15.6000003814697265625</ele>
        <time>2026-09-07T10:38:12.000Z</time>
        <extensions>
          <ns3:TrackPointExtension>
            <ns3:hr>147</ns3:hr>
            <ns3:cad>87</ns3:cad>
          </ns3:TrackPointExtension>
        </extensions>
      </trkpt>
      <trkpt lat="31.2190962396562099456787109375" lon="121.38838696293532848358154296875">
        <ele>15.6000003814697265625</ele>
        <time>2026-09-07T10:38:13.000Z</time>
        <extensions>
          <ns3:TrackPointExtension>
            <ns3:hr>147</ns3:hr>
            <ns3:cad>88</ns3:cad>
          </ns3:TrackPointExtension>
        </extensions>
      </trkpt>
      <trkpt lat="31.21911861933767795562744140625" lon="121.38838394545018672943115234375">
        <ele>15.6000003814697265625</ele>
        <time>2026-09-07T10:38:14.000Z</time>
        <extensions>
          <ns3:TrackPointExtension>
            <ns3:hr>147</ns3:hr>
            <ns3:cad>89</ns3:cad>
          </ns3:TrackPointExtension>
        </extensions>
      </trkpt>
      <trkpt lat="31.2191418372094631195068359375" lon="121.3883875496685504913330078125">
        <ele>15.80000019073486328125</ele>
        <time>2026-09-07T10:38:15.000Z</time>
        <extensions>
          <ns3:TrackPointExtension>
            <ns3:hr>147</ns3:hr>
            <ns3:cad>89</ns3:cad>
          </ns3:TrackPointExtension>
        </extensions>
      </trkpt>
      <trkpt lat="31.21916321106255054473876953125" lon="121.388387382030487060546875">
        <ele>15.80000019073486328125</ele>
        <time>2026-09-07T10:38:16.000Z</time>
        <extensions>
          <ns3:TrackPointExtension>
            <ns3:hr>147</ns3:hr>
            <ns3:cad>89</ns3:cad>
          </ns3:TrackPointExtension>
        </extensions>
      </trkpt>
      <trkpt lat="31.2191917933523654937744140625" lon="121.38838578946888446807861328125">
        <ele>15.80000019073486328125</ele>
        <time>2026-09-07T10:38:17.000Z</time>
        <extensions>
          <ns3:TrackPointExtension>
            <ns3:hr>147</ns3:hr>
            <ns3:cad>88</ns3:cad>
          </ns3:TrackPointExtension>
        </extensions>
      </trkpt>
      <trkpt lat="31.21922087855637073516845703125" lon="121.38838008977472782135009765625">
        <ele>15.80000019073486328125</ele>
        <time>2026-09-07T10:38:18.000Z</time>
        <extensions>
          <ns3:TrackPointExtension>
            <ns3:hr>147</ns3:hr>
            <ns3:cad>87</ns3:cad>
          </ns3:TrackPointExtension>
        </extensions>
      </trkpt>
      <trkpt lat="31.21924887411296367645263671875" lon="121.38837707228958606719970703125">
        <ele>15.6000003814697265625</ele>
        <time>2026-09-07T10:38:19.000Z</time>
        <extensions>
          <ns3:TrackPointExtension>
            <ns3:hr>146</ns3:hr>
            <ns3:cad>87</ns3:cad>
          </ns3:TrackPointExtension>
        </extensions>
      </trkpt>
      <trkpt lat="31.219277791678905487060546875" lon="121.388371288776397705078125">
        <ele>15.6000003814697265625</ele>
        <time>2026-09-07T10:38:20.000Z</time>
        <extensions>
          <ns3:TrackPointExtension>
            <ns3:hr>147</ns3:hr>
            <ns3:cad>88</ns3:cad>
          </ns3:TrackPointExtension>
        </extensions>
      </trkpt>
      <trkpt lat="31.219307966530323028564453125" lon="121.38837573118507862091064453125">
        <ele>15.6000003814697265625</ele>
        <time>2026-09-07T10:38:21.000Z</time>
        <extensions>
          <ns3:TrackPointExtension>
            <ns3:hr>147</ns3:hr>
            <ns3:cad>89</ns3:cad>
          </ns3:TrackPointExtension>
        </extensions>
      </trkpt>
      <trkpt lat="31.219330094754695892333984375" lon="121.38836852274835109710693359375">
        <ele>15.6000003814697265625</ele>
        <time>2026-09-07T10:38:22.000Z</time>
        <extensions>
          <ns3:TrackPointExtension>
            <ns3:hr>147</ns3:hr>
            <ns3:cad>89</ns3:cad>
          </ns3:TrackPointExtension>
        </extensions>
      </trkpt>
      <trkpt lat="31.21935280971229076385498046875" lon="121.38836600817739963531494140625">
        <ele>15.80000019073486328125</ele>
        <time>2026-09-07T10:38:23.000Z</time>
        <extensions>
          <ns3:TrackPointExtension>
            <ns3:hr>146</ns3:hr>
            <ns3:cad>88</ns3:cad>
          </ns3:TrackPointExtension>
        </extensions>
      </trkpt>
      <trkpt lat="31.2193758599460124969482421875" lon="121.388368941843509674072265625">
        <ele>15.80000019073486328125</ele>
        <time>2026-09-07T10:38:24.000Z</time>
        <extensions>
          <ns3:TrackPointExtension>
            <ns3:hr>147</ns3:hr>
            <ns3:cad>88</ns3:cad>
          </ns3:TrackPointExtension>
        </extensions>
      </trkpt>
      <trkpt lat="31.21940092183649539947509765625" lon="121.3883650861680507659912109375">
        <ele>15.80000019073486328125</ele>
        <time>2026-09-07T10:38:25.000Z</time>
        <extensions>
          <ns3:TrackPointExtension>
            <ns3:hr>146</ns3:hr>
            <ns3:cad>88</ns3:cad>
          </ns3:TrackPointExtension>
        </extensions>
      </trkpt>
      <trkpt lat="31.219423301517963409423828125" lon="121.38836248777806758880615234375">
        <ele>15.80000019073486328125</ele>
        <time>2026-09-07T10:38:26.000Z</time>
        <extensions>
          <ns3:TrackPointExtension>
            <ns3:hr>147</ns3:hr>
            <ns3:cad>88</ns3:cad>
          </ns3:TrackPointExtension>
        </extensions>
      </trkpt>
      <trkpt lat="31.21944802813231945037841796875" lon="121.38836047612130641937255859375">
        <ele>15.80000019073486328125</ele>
        <time>2026-09-07T10:38:27.000Z</time>
        <extensions>
          <ns3:TrackPointExtension>
            <ns3:hr>147</ns3:hr>
            <ns3:cad>88</ns3:cad>
          </ns3:TrackPointExtension>
        </extensions>
      </trkpt>
      <trkpt lat="31.2194767780601978302001953125" lon="121.3883613981306552886962890625">
        <ele>15.80000019073486328125</ele>
        <time>2026-09-07T10:38:28.000Z</time>
        <extensions>
          <ns3:TrackPointExtension>
            <ns3:hr>147</ns3:hr>
            <ns3:cad>88</ns3:cad>
          </ns3:TrackPointExtension>
        </extensions>
      </trkpt>
      <trkpt lat="31.2195015884935855865478515625" lon="121.388355195522308349609375">
        <ele>15.80000019073486328125</ele>
        <time>2026-09-07T10:38:29.000Z</time>
        <extensions>
          <ns3:TrackPointExtension>
            <ns3:hr>147</ns3:hr>
            <ns3:cad>88</ns3:cad>
          </ns3:TrackPointExtension>
        </extensions>
      </trkpt>
      <trkpt lat="31.219531595706939697265625" lon="121.38835494406521320343017578125">
        <ele>15.80000019073486328125</ele>
        <time>2026-09-07T10:38:30.000Z</time>
        <extensions>
          <ns3:TrackPointExtension>
            <ns3:hr>147</ns3:hr>
            <ns3:cad>87</ns3:cad>
          </ns3:TrackPointExtension>
        </extensions>
      </trkpt>
      <trkpt lat="31.21955364011228084564208984375" lon="121.38835310004651546478271484375">
        <ele>15.6000003814697265625</ele>
        <time>2026-09-07T10:38:31.000Z</time>
        <extensions>
          <ns3:TrackPointExtension>
            <ns3:hr>147</ns3:hr>
            <ns3:cad>87</ns3:cad>
          </ns3:TrackPointExtension>
        </extensions>
      </trkpt>
      <trkpt lat="31.21957660652697086334228515625" lon="121.38834890909492969512939453125">
        <ele>15.6000003814697265625</ele>
        <time>2026-09-07T10:38:32.000Z</time>
        <extensions>
          <ns3:TrackPointExtension>
            <ns3:hr>146</ns3:hr>
            <ns3:cad>87</ns3:cad>
          </ns3:TrackPointExtension>
        </extensions>
      </trkpt>
      <trkpt lat="31.21959689073264598846435546875" lon="121.3883513398468494415283203125">
        <ele>15.6000003814697265625</ele>
        <time>2026-09-07T10:38:33.000Z</time>
        <extensions>
          <ns3:TrackPointExtension>
            <ns3:hr>147</ns3:hr>
            <ns3:cad>89</ns3:cad>
          </ns3:TrackPointExtension>
        </extensions>
      </trkpt>
      <trkpt lat="31.2196306698024272918701171875" lon="121.3883473165333271026611328125">
        <ele>15.6000003814697265625</ele>
        <time>2026-09-07T10:38:34.000Z</time>
        <extensions>
          <ns3:TrackPointExtension>
            <ns3:hr>147</ns3:hr>
            <ns3:cad>89</ns3:cad>
          </ns3:TrackPointExtension>
        </extensions>
      </trkpt>
      <trkpt lat="31.21965522877871990203857421875" lon="121.388345472514629364013671875">
        <ele>15.6000003814697265625</ele>
        <time>2026-09-07T10:38:35.000Z</time>
        <extensions>
          <ns3:TrackPointExtension>
            <ns3:hr>147</ns3:hr>
            <ns3:cad>89</ns3:cad>
          </ns3:TrackPointExtension>
        </extensions>
      </trkpt>
      <trkpt lat="31.21968288905918598175048828125" lon="121.38834781944751739501953125">
        <ele>15.6000003814697265625</ele>
        <time>2026-09-07T10:38:36.000Z</time>
        <extensions>
          <ns3:TrackPointExtension>
            <ns3:hr>147</ns3:hr>
            <ns3:cad>88</ns3:cad>
          </ns3:TrackPointExtension>
        </extensions>
      </trkpt>
      <trkpt lat="31.21970987878739833831787109375" lon="121.38834823854267597198486328125">
        <ele>15.6000003814697265625</ele>
        <time>2026-09-07T10:38:37.000Z</time>
        <extensions>
          <ns3:TrackPointExtension>
            <ns3:hr>147</ns3:hr>
            <ns3:cad>87</ns3:cad>
          </ns3:TrackPointExtension>
        </extensions>
      </trkpt>
      <trkpt lat="31.21974139474332332611083984375" lon="121.38834170065820217132568359375">
        <ele>15.6000003814697265625</ele>
        <time>2026-09-07T10:38:38.000Z</time>
        <extensions>
          <ns3:TrackPointExtension>
            <ns3:hr>147</ns3:hr>
            <ns3:cad>87</ns3:cad>
          </ns3:TrackPointExtension>
        </extensions>
      </trkpt>
      <trkpt lat="31.219762600958347320556640625" lon="121.388336755335330963134765625">
        <ele>15.80000019073486328125</ele>
        <time>2026-09-07T10:38:39.000Z</time>
        <extensions>
          <ns3:TrackPointExtension>
            <ns3:hr>147</ns3:hr>
            <ns3:cad>88</ns3:cad>
          </ns3:TrackPointExtension>
        </extensions>
      </trkpt>
      <trkpt lat="31.2197875790297985076904296875" lon="121.38833298347890377044677734375">
        <ele>15.80000019073486328125</ele>
        <time>2026-09-07T10:38:40.000Z</time>
        <extensions>
          <ns3:TrackPointExtension>
            <ns3:hr>147</ns3:hr>
            <ns3:cad>88</ns3:cad>
          </ns3:TrackPointExtension>
        </extensions>
      </trkpt>
      <trkpt lat="31.219813562929630279541015625" lon="121.388333737850189208984375">
        <ele>16</ele>
        <time>2026-09-07T10:38:41.000Z</time>
        <extensions>
          <ns3:TrackPointExtension>
            <ns3:hr>147</ns3:hr>
            <ns3:cad>88</ns3:cad>
          </ns3:TrackPointExtension>
        </extensions>
      </trkpt>
      <trkpt lat="31.2198345176875591278076171875" lon="121.38833281584084033966064453125">
        <ele>16.200000762939453125</ele>
        <time>2026-09-07T10:38:42.000Z</time>
        <extensions>
          <ns3:TrackPointExtension>
            <ns3:hr>147</ns3:hr>
            <ns3:cad>88</ns3:cad>
          </ns3:TrackPointExtension>
        </extensions>
      </trkpt>
      <trkpt lat="31.21985874138772487640380859375" lon="121.38832711614668369293212890625">
        <ele>16.200000762939453125</ele>
        <time>2026-09-07T10:38:43.000Z</time>
        <extensions>
          <ns3:TrackPointExtension>
            <ns3:hr>148</ns3:hr>
            <ns3:cad>87</ns3:cad>
          </ns3:TrackPointExtension>
        </extensions>
      </trkpt>
      <trkpt lat="31.21987081132829189300537109375" lon="121.388312615454196929931640625">
        <ele>16.200000762939453125</ele>
        <time>2026-09-07T10:38:44.000Z</time>
        <extensions>
          <ns3:TrackPointExtension>
            <ns3:hr>148</ns3:hr>
            <ns3:cad>87</ns3:cad>
          </ns3:TrackPointExtension>
        </extensions>
      </trkpt>
      <trkpt lat="31.2198881618678569793701171875" lon="121.38828881084918975830078125">
        <ele>16.200000762939453125</ele>
        <time>2026-09-07T10:38:45.000Z</time>
        <extensions>
          <ns3:TrackPointExtension>
            <ns3:hr>147</ns3:hr>
            <ns3:cad>87</ns3:cad>
          </ns3:TrackPointExtension>
        </extensions>
      </trkpt>
      <trkpt lat="31.2199002318084239959716796875" lon="121.38826643116772174835205078125">
        <ele>16.200000762939453125</ele>
        <time>2026-09-07T10:38:46.000Z</time>
        <extensions>
          <ns3:TrackPointExtension>
            <ns3:hr>147</ns3:hr>
            <ns3:cad>88</ns3:cad>
          </ns3:TrackPointExtension>
        </extensions>
      </trkpt>
      <trkpt lat="31.2199062667787075042724609375" lon="121.3882423751056194305419921875">
        <ele>16.200000762939453125</ele>
        <time>2026-09-07T10:38:47.000Z</time>
        <extensions>
          <ns3:TrackPointExtension>
            <ns3:hr>147</ns3:hr>
            <ns3:cad>88</ns3:cad>
          </ns3:TrackPointExtension>
        </extensions>
      </trkpt>
      <trkpt lat="31.21991506777703762054443359375" lon="121.38821647502481937408447265625">
        <ele>16.200000762939453125</ele>
        <time>2026-09-07T10:38:48.000Z</time>
        <extensions>
          <ns3:TrackPointExtension>
            <ns3:hr>147</ns3:hr>
            <ns3:cad>86</ns3:cad>
          </ns3:TrackPointExtension>
        </extensions>
      </trkpt>
      <trkpt lat="31.2199169956147670745849609375" lon="121.38819384388625621795654296875">
        <ele>16.200000762939453125</ele>
        <time>2026-09-07T10:38:49.000Z</time>
        <extensions>
          <ns3:TrackPointExtension>
            <ns3:hr>147</ns3:hr>
            <ns3:cad>84</ns3:cad>
          </ns3:TrackPointExtension>
        </extensions>
      </trkpt>
      <trkpt lat="31.2199200130999088287353515625" lon="121.3881649263203144073486328125">
        <ele>16.200000762939453125</ele>
        <time>2026-09-07T10:38:50.000Z</time>
        <extensions>
          <ns3:TrackPointExtension>
            <ns3:hr>148</ns3:hr>
            <ns3:cad>84</ns3:cad>
          </ns3:TrackPointExtension>
        </extensions>
      </trkpt>
      <trkpt lat="31.2199200130999088287353515625" lon="121.3881471566855907440185546875">
        <ele>16.200000762939453125</ele>
        <time>2026-09-07T10:38:51.000Z</time>
        <extensions>
          <ns3:TrackPointExtension>
            <ns3:hr>147</ns3:hr>
            <ns3:cad>85</ns3:cad>
          </ns3:TrackPointExtension>
        </extensions>
      </trkpt>
      <trkpt lat="31.21992194093763828277587890625" lon="121.388117484748363494873046875">
        <ele>16.200000762939453125</ele>
        <time>2026-09-07T10:38:52.000Z</time>
        <extensions>
          <ns3:TrackPointExtension>
            <ns3:hr>147</ns3:hr>
            <ns3:cad>86</ns3:cad>
          </ns3:TrackPointExtension>
        </extensions>
      </trkpt>
      <trkpt lat="31.219916157424449920654296875" lon="121.388093344867229461669921875">
        <ele>16.200000762939453125</ele>
        <time>2026-09-07T10:38:53.000Z</time>
        <extensions>
          <ns3:TrackPointExtension>
            <ns3:hr>148</ns3:hr>
            <ns3:cad>88</ns3:cad>
          </ns3:TrackPointExtension>
        </extensions>
      </trkpt>
      <trkpt lat="31.21991716325283050537109375" lon="121.38805679976940155029296875">
        <ele>16.200000762939453125</ele>
        <time>2026-09-07T10:38:54.000Z</time>
        <extensions>
          <ns3:TrackPointExtension>
            <ns3:hr>147</ns3:hr>
            <ns3:cad>88</ns3:cad>
          </ns3:TrackPointExtension>
        </extensions>
      </trkpt>
      <trkpt lat="31.2199072726070880889892578125" lon="121.38802754692733287811279296875">
        <ele>16.200000762939453125</ele>
        <time>2026-09-07T10:38:55.000Z</time>
        <extensions>
          <ns3:TrackPointExtension>
            <ns3:hr>147</ns3:hr>
            <ns3:cad>87</ns3:cad>
          </ns3:TrackPointExtension>
        </extensions>
      </trkpt>
      <trkpt lat="31.21990777552127838134765625" lon="121.38799502514302730560302734375">
        <ele>16.200000762939453125</ele>
        <time>2026-09-07T10:38:56.000Z</time>
        <extensions>
          <ns3:TrackPointExtension>
            <ns3:hr>147</ns3:hr>
            <ns3:cad>87</ns3:cad>
          </ns3:TrackPointExtension>
        </extensions>
      </trkpt>
      <trkpt lat="31.2199045903980731964111328125" lon="121.3879697956144809722900390625">
        <ele>16.200000762939453125</ele>
        <time>2026-09-07T10:38:57.000Z</time>
        <extensions>
          <ns3:TrackPointExtension>
            <ns3:hr>147</ns3:hr>
            <ns3:cad>87</ns3:cad>
          </ns3:TrackPointExtension>
        </extensions>
      </trkpt>
      <trkpt lat="31.21989847160875797271728515625" lon="121.3879399560391902923583984375">
        <ele>16.200000762939453125</ele>
        <time>2026-09-07T10:38:58.000Z</time>
        <extensions>
          <ns3:TrackPointExtension>
            <ns3:hr>147</ns3:hr>
            <ns3:cad>88</ns3:cad>
          </ns3:TrackPointExtension>
        </extensions>
      </trkpt>
      <trkpt lat="31.2198948673903942108154296875" lon="121.3879166543483734130859375">
        <ele>16.200000762939453125</ele>
        <time>2026-09-07T10:38:59.000Z</time>
        <extensions>
          <ns3:TrackPointExtension>
            <ns3:hr>147</ns3:hr>
            <ns3:cad>88</ns3:cad>
          </ns3:TrackPointExtension>
        </extensions>
      </trkpt>
      <trkpt lat="31.21989444829523563385009765625" lon="121.3878858089447021484375">
        <ele>16.200000762939453125</ele>
        <time>2026-09-07T10:39:00.000Z</time>
        <extensions>
          <ns3:TrackPointExtension>
            <ns3:hr>147</ns3:hr>
            <ns3:cad>88</ns3:cad>
          </ns3:TrackPointExtension>
        </extensions>
      </trkpt>
      <trkpt lat="31.2198923528194427490234375" lon="121.38785722665488719940185546875">
        <ele>16.200000762939453125</ele>
        <time>2026-09-07T10:39:01.000Z</time>
        <extensions>
          <ns3:TrackPointExtension>
            <ns3:hr>147</ns3:hr>
            <ns3:cad>87</ns3:cad>
          </ns3:TrackPointExtension>
        </extensions>
      </trkpt>
      <trkpt lat="31.219891011714935302734375" lon="121.38783208094537258148193359375">
        <ele>16.200000762939453125</ele>
        <time>2026-09-07T10:39:02.000Z</time>
        <extensions>
          <ns3:TrackPointExtension>
            <ns3:hr>147</ns3:hr>
            <ns3:cad>87</ns3:cad>
          </ns3:TrackPointExtension>
        </extensions>
      </trkpt>
      <trkpt lat="31.21989008970558643341064453125" lon="121.3878013193607330322265625">
        <ele>16</ele>
        <time>2026-09-07T10:39:03.000Z</time>
        <extensions>
          <ns3:TrackPointExtension>
            <ns3:hr>147</ns3:hr>
            <ns3:cad>87</ns3:cad>
          </ns3:TrackPointExtension>
        </extensions>
      </trkpt>
      <trkpt lat="31.2198851443827152252197265625" lon="121.38777676038444042205810546875">
        <ele>16</ele>
        <time>2026-09-07T10:39:04.000Z</time>
        <extensions>
          <ns3:TrackPointExtension>
            <ns3:hr>147</ns3:hr>
            <ns3:cad>87</ns3:cad>
          </ns3:TrackPointExtension>
        </extensions>
      </trkpt>
      <trkpt lat="31.21989210136234760284423828125" lon="121.3877503573894500732421875">
        <ele>16</ele>
        <time>2026-09-07T10:39:05.000Z</time>
        <extensions>
          <ns3:TrackPointExtension>
            <ns3:hr>147</ns3:hr>
            <ns3:cad>88</ns3:cad>
          </ns3:TrackPointExtension>
        </extensions>
      </trkpt>
      <trkpt lat="31.21989076025784015655517578125" lon="121.3877260498702526092529296875">
        <ele>16</ele>
        <time>2026-09-07T10:39:06.000Z</time>
        <extensions>
          <ns3:TrackPointExtension>
            <ns3:hr>147</ns3:hr>
            <ns3:cad>89</ns3:cad>
          </ns3:TrackPointExtension>
        </extensions>
      </trkpt>
      <trkpt lat="31.2198915146291255950927734375" lon="121.3876935280859470367431640625">
        <ele>16</ele>
        <time>2026-09-07T10:39:07.000Z</time>
        <extensions>
          <ns3:TrackPointExtension>
            <ns3:hr>147</ns3:hr>
            <ns3:cad>89</ns3:cad>
          </ns3:TrackPointExtension>
        </extensions>
      </trkpt>
      <trkpt lat="31.21988304890692234039306640625" lon="121.38766695745289325714111328125">
        <ele>16</ele>
        <time>2026-09-07T10:39:08.000Z</time>
        <extensions>
          <ns3:TrackPointExtension>
            <ns3:hr>147</ns3:hr>
            <ns3:cad>88</ns3:cad>
          </ns3:TrackPointExtension>
        </extensions>
      </trkpt>
      <trkpt lat="31.219881288707256317138671875" lon="121.38763175345957279205322265625">
        <ele>16</ele>
        <time>2026-09-07T10:39:09.000Z</time>
        <extensions>
          <ns3:TrackPointExtension>
            <ns3:hr>147</ns3:hr>
            <ns3:cad>88</ns3:cad>
          </ns3:TrackPointExtension>
        </extensions>
      </trkpt>
      <trkpt lat="31.21987701393663883209228515625" lon="121.3876087032258510589599609375">
        <ele>16</ele>
        <time>2026-09-07T10:39:10.000Z</time>
        <extensions>
          <ns3:TrackPointExtension>
            <ns3:hr>147</ns3:hr>
            <ns3:cad>88</ns3:cad>
          </ns3:TrackPointExtension>
        </extensions>
      </trkpt>
      <trkpt lat="31.21987734921276569366455078125" lon="121.3875775225460529327392578125">
        <ele>16</ele>
        <time>2026-09-07T10:39:11.000Z</time>
        <extensions>
          <ns3:TrackPointExtension>
            <ns3:hr>147</ns3:hr>
            <ns3:cad>88</ns3:cad>
          </ns3:TrackPointExtension>
        </extensions>
      </trkpt>
      <trkpt lat="31.21988070197403430938720703125" lon="121.387553550302982330322265625">
        <ele>16</ele>
        <time>2026-09-07T10:39:12.000Z</time>
        <extensions>
          <ns3:TrackPointExtension>
            <ns3:hr>147</ns3:hr>
            <ns3:cad>88</ns3:cad>
          </ns3:TrackPointExtension>
        </extensions>
      </trkpt>
      <trkpt lat="31.21988556347787380218505859375" lon="121.38752312399446964263916015625">
        <ele>16</ele>
        <time>2026-09-07T10:39:13.000Z</time>
        <extensions>
          <ns3:TrackPointExtension>
            <ns3:hr>147</ns3:hr>
            <ns3:cad>88</ns3:cad>
          </ns3:TrackPointExtension>
        </extensions>
      </trkpt>
      <trkpt lat="31.21988321654498577117919921875" lon="121.38749948702752590179443359375">
        <ele>16</ele>
        <time>2026-09-07T10:39:14.000Z</time>
        <extensions>
          <ns3:TrackPointExtension>
            <ns3:hr>148</ns3:hr>
            <ns3:cad>88</ns3:cad>
          </ns3:TrackPointExtension>
        </extensions>
      </trkpt>
      <trkpt lat="31.21988187544047832489013671875" lon="121.3874719105660915374755859375">
        <ele>16</ele>
        <time>2026-09-07T10:39:15.000Z</time>
        <extensions>
          <ns3:TrackPointExtension>
            <ns3:hr>148</ns3:hr>
            <ns3:cad>87</ns3:cad>
          </ns3:TrackPointExtension>
        </extensions>
      </trkpt>
      <trkpt lat="31.21988791041076183319091796875" lon="121.387446261942386627197265625">
        <ele>16</ele>
        <time>2026-09-07T10:39:16.000Z</time>
        <extensions>
          <ns3:TrackPointExtension>
            <ns3:hr>148</ns3:hr>
            <ns3:cad>87</ns3:cad>
          </ns3:TrackPointExtension>
        </extensions>
      </trkpt>
      <trkpt lat="31.21988900005817413330078125" lon="121.387418098747730255126953125">
        <ele>16</ele>
        <time>2026-09-07T10:39:17.000Z</time>
        <extensions>
          <ns3:TrackPointExtension>
            <ns3:hr>148</ns3:hr>
            <ns3:cad>87</ns3:cad>
          </ns3:TrackPointExtension>
        </extensions>
      </trkpt>
      <trkpt lat="31.21989193372428417205810546875" lon="121.38738624751567840576171875">
        <ele>16</ele>
        <time>2026-09-07T10:39:18.000Z</time>
        <extensions>
          <ns3:TrackPointExtension>
            <ns3:hr>148</ns3:hr>
            <ns3:cad>89</ns3:cad>
          </ns3:TrackPointExtension>
        </extensions>
      </trkpt>
      <trkpt lat="31.2198888324201107025146484375" lon="121.38736001215875148773193359375">
        <ele>16</ele>
        <time>2026-09-07T10:39:19.000Z</time>
        <extensions>
          <ns3:TrackPointExtension>
            <ns3:hr>148</ns3:hr>
            <ns3:cad>89</ns3:cad>
          </ns3:TrackPointExtension>
        </extensions>
      </trkpt>
      <trkpt lat="31.21989243663847446441650390625" lon="121.38732648454606533050537109375">
        <ele>16</ele>
        <time>2026-09-07T10:39:20.000Z</time>
        <extensions>
          <ns3:TrackPointExtension>
            <ns3:hr>148</ns3:hr>
            <ns3:cad>88</ns3:cad>
          </ns3:TrackPointExtension>
        </extensions>
      </trkpt>
      <trkpt lat="31.21988539583981037139892578125" lon="121.3873064517974853515625">
        <ele>16</ele>
        <time>2026-09-07T10:39:21.000Z</time>
        <extensions>
          <ns3:TrackPointExtension>
            <ns3:hr>148</ns3:hr>
            <ns3:cad>87</ns3:cad>
          </ns3:TrackPointExtension>
        </extensions>
      </trkpt>
      <trkpt lat="31.21988606639206409454345703125" lon="121.3872730918228626251220703125">
        <ele>16</ele>
        <time>2026-09-07T10:39:22.000Z</time>
        <extensions>
          <ns3:TrackPointExtension>
            <ns3:hr>149</ns3:hr>
            <ns3:cad>87</ns3:cad>
          </ns3:TrackPointExtension>
        </extensions>
      </trkpt>
      <trkpt lat="31.21988019905984401702880859375" lon="121.3872482813894748687744140625">
        <ele>16</ele>
        <time>2026-09-07T10:39:23.000Z</time>
        <extensions>
          <ns3:TrackPointExtension>
            <ns3:hr>148</ns3:hr>
            <ns3:cad>87</ns3:cad>
          </ns3:TrackPointExtension>
        </extensions>
      </trkpt>
      <trkpt lat="31.219871900975704193115234375" lon="121.3872177712619304656982421875">
        <ele>16</ele>
        <time>2026-09-07T10:39:24.000Z</time>
        <extensions>
          <ns3:TrackPointExtension>
            <ns3:hr>148</ns3:hr>
            <ns3:cad>88</ns3:cad>
          </ns3:TrackPointExtension>
        </extensions>
      </trkpt>
      <trkpt lat="31.21986779384315013885498046875" lon="121.38719379901885986328125">
        <ele>16</ele>
        <time>2026-09-07T10:39:25.000Z</time>
        <extensions>
          <ns3:TrackPointExtension>
            <ns3:hr>149</ns3:hr>
            <ns3:cad>88</ns3:cad>
          </ns3:TrackPointExtension>
        </extensions>
      </trkpt>
      <trkpt lat="31.21986863203346729278564453125" lon="121.387157924473285675048828125">
        <ele>16</ele>
        <time>2026-09-07T10:39:26.000Z</time>
        <extensions>
          <ns3:TrackPointExtension>
            <ns3:hr>148</ns3:hr>
            <ns3:cad>88</ns3:cad>
          </ns3:TrackPointExtension>
        </extensions>
      </trkpt>
      <trkpt lat="31.219865866005420684814453125" lon="121.3871326111257076263427734375">
        <ele>16</ele>
        <time>2026-09-07T10:39:27.000Z</time>
        <extensions>
          <ns3:TrackPointExtension>
            <ns3:hr>148</ns3:hr>
            <ns3:cad>87</ns3:cad>
          </ns3:TrackPointExtension>
        </extensions>
      </trkpt>
      <trkpt lat="31.21986460871994495391845703125" lon="121.3871017657220363616943359375">
        <ele>16</ele>
        <time>2026-09-07T10:39:28.000Z</time>
        <extensions>
          <ns3:TrackPointExtension>
            <ns3:hr>148</ns3:hr>
            <ns3:cad>87</ns3:cad>
          </ns3:TrackPointExtension>
        </extensions>
      </trkpt>
      <trkpt lat="31.219861507415771484375" lon="121.38707184232771396636962890625">
        <ele>16</ele>
        <time>2026-09-07T10:39:29.000Z</time>
        <extensions>
          <ns3:TrackPointExtension>
            <ns3:hr>147</ns3:hr>
            <ns3:cad>87</ns3:cad>
          </ns3:TrackPointExtension>
        </extensions>
      </trkpt>
      <trkpt lat="31.21985253877937793731689453125" lon="121.38703848235309123992919921875">
        <ele>16</ele>
        <time>2026-09-07T10:39:30.000Z</time>
        <extensions>
          <ns3:TrackPointExtension>
            <ns3:hr>147</ns3:hr>
            <ns3:cad>88</ns3:cad>
          </ns3:TrackPointExtension>
        </extensions>
      </trkpt>
      <trkpt lat="31.2198507785797119140625" lon="121.3870047032833099365234375">
        <ele>16</ele>
        <time>2026-09-07T10:39:31.000Z</time>
        <extensions>
          <ns3:TrackPointExtension>
            <ns3:hr>148</ns3:hr>
            <ns3:cad>88</ns3:cad>
          </ns3:TrackPointExtension>
        </extensions>
      </trkpt>
      <trkpt lat="31.21984834782779216766357421875" lon="121.38697947375476360321044921875">
        <ele>15.80000019073486328125</ele>
        <time>2026-09-07T10:39:32.000Z</time>
        <extensions>
          <ns3:TrackPointExtension>
            <ns3:hr>148</ns3:hr>
            <ns3:cad>88</ns3:cad>
          </ns3:TrackPointExtension>
        </extensions>
      </trkpt>
      <trkpt lat="31.21984750963747501373291015625" lon="121.3869495503604412078857421875">
        <ele>16</ele>
        <time>2026-09-07T10:39:33.000Z</time>
        <extensions>
          <ns3:TrackPointExtension>
            <ns3:hr>148</ns3:hr>
            <ns3:cad>88</ns3:cad>
          </ns3:TrackPointExtension>
        </extensions>
      </trkpt>
      <trkpt lat="31.21984449215233325958251953125" lon="121.3869193755090236663818359375">
        <ele>15.80000019073486328125</ele>
        <time>2026-09-07T10:39:34.000Z</time>
        <extensions>
          <ns3:TrackPointExtension>
            <ns3:hr>148</ns3:hr>
            <ns3:cad>87</ns3:cad>
          </ns3:TrackPointExtension>
        </extensions>
      </trkpt>
      <trkpt lat="31.21984264813363552093505859375" lon="121.386885680258274078369140625">
        <ele>15.80000019073486328125</ele>
        <time>2026-09-07T10:39:35.000Z</time>
        <extensions>
          <ns3:TrackPointExtension>
            <ns3:hr>148</ns3:hr>
            <ns3:cad>87</ns3:cad>
          </ns3:TrackPointExtension>
        </extensions>
      </trkpt>
      <trkpt lat="31.219837702810764312744140625" lon="121.3868610374629497528076171875">
        <ele>15.80000019073486328125</ele>
        <time>2026-09-07T10:39:36.000Z</time>
        <extensions>
          <ns3:TrackPointExtension>
            <ns3:hr>147</ns3:hr>
            <ns3:cad>87</ns3:cad>
          </ns3:TrackPointExtension>
        </extensions>
      </trkpt>
      <trkpt lat="31.219838373363018035888671875" lon="121.3868275098502635955810546875">
        <ele>15.80000019073486328125</ele>
        <time>2026-09-07T10:39:37.000Z</time>
        <extensions>
          <ns3:TrackPointExtension>
            <ns3:hr>147</ns3:hr>
            <ns3:cad>88</ns3:cad>
          </ns3:TrackPointExtension>
        </extensions>
      </trkpt>
      <trkpt lat="31.21983828954398632049560546875" lon="121.38680429197847843170166015625">
        <ele>15.80000019073486328125</ele>
        <time>2026-09-07T10:39:38.000Z</time>
        <extensions>
          <ns3:TrackPointExtension>
            <ns3:hr>147</ns3:hr>
            <ns3:cad>88</ns3:cad>
          </ns3:TrackPointExtension>
        </extensions>
      </trkpt>
      <trkpt lat="31.21983669698238372802734375" lon="121.38677076436579227447509765625">
        <ele>15.80000019073486328125</ele>
        <time>2026-09-07T10:39:39.000Z</time>
        <extensions>
          <ns3:TrackPointExtension>
            <ns3:hr>147</ns3:hr>
            <ns3:cad>88</ns3:cad>
          </ns3:TrackPointExtension>
        </extensions>
      </trkpt>
      <trkpt lat="31.219840385019779205322265625" lon="121.38674494810402393341064453125">
        <ele>15.80000019073486328125</ele>
        <time>2026-09-07T10:39:40.000Z</time>
        <extensions>
          <ns3:TrackPointExtension>
            <ns3:hr>146</ns3:hr>
            <ns3:cad>87</ns3:cad>
          </ns3:TrackPointExtension>
        </extensions>
      </trkpt>
      <trkpt lat="31.21984214521944522857666015625" lon="121.38671033084392547607421875">
        <ele>15.6000003814697265625</ele>
        <time>2026-09-07T10:39:41.000Z</time>
        <extensions>
          <ns3:TrackPointExtension>
            <ns3:hr>147</ns3:hr>
            <ns3:cad>87</ns3:cad>
          </ns3:TrackPointExtension>
        </extensions>
      </trkpt>
      <trkpt lat="31.2198439054191112518310546875" lon="121.386681832373142242431640625">
        <ele>15.6000003814697265625</ele>
        <time>2026-09-07T10:39:42.000Z</time>
        <extensions>
          <ns3:TrackPointExtension>
            <ns3:hr>147</ns3:hr>
            <ns3:cad>87</ns3:cad>
          </ns3:TrackPointExtension>
        </extensions>
      </trkpt>
      <trkpt lat="31.21984331868588924407958984375" lon="121.386648304760456085205078125">
        <ele>15.6000003814697265625</ele>
        <time>2026-09-07T10:39:43.000Z</time>
        <extensions>
          <ns3:TrackPointExtension>
            <ns3:hr>147</ns3:hr>
            <ns3:cad>89</ns3:cad>
          </ns3:TrackPointExtension>
        </extensions>
      </trkpt>
      <trkpt lat="31.21984784491360187530517578125" lon="121.38661888428032398223876953125">
        <ele>15.6000003814697265625</ele>
        <time>2026-09-07T10:39:44.000Z</time>
        <extensions>
          <ns3:TrackPointExtension>
            <ns3:hr>146</ns3:hr>
            <ns3:cad>89</ns3:cad>
          </ns3:TrackPointExtension>
        </extensions>
      </trkpt>
      <trkpt lat="31.21984742581844329833984375" lon="121.3865901343524456024169921875">
        <ele>15.6000003814697265625</ele>
        <time>2026-09-07T10:39:45.000Z</time>
        <extensions>
          <ns3:TrackPointExtension>
            <ns3:hr>147</ns3:hr>
            <ns3:cad>88</ns3:cad>
          </ns3:TrackPointExtension>
        </extensions>
      </trkpt>
      <trkpt lat="31.2198499403893947601318359375" lon="121.386558450758457183837890625">
        <ele>15.6000003814697265625</ele>
        <time>2026-09-07T10:39:46.000Z</time>
        <extensions>
          <ns3:TrackPointExtension>
            <ns3:hr>146</ns3:hr>
            <ns3:cad>87</ns3:cad>
          </ns3:TrackPointExtension>
        </extensions>
      </trkpt>
      <trkpt lat="31.2198465876281261444091796875" lon="121.38653330504894256591796875">
        <ele>15.6000003814697265625</ele>
        <time>2026-09-07T10:39:47.000Z</time>
        <extensions>
          <ns3:TrackPointExtension>
            <ns3:hr>146</ns3:hr>
            <ns3:cad>87</ns3:cad>
          </ns3:TrackPointExtension>
        </extensions>
      </trkpt>
      <trkpt lat="31.21984801255166530609130859375" lon="121.386506147682666778564453125">
        <ele>15.80000019073486328125</ele>
        <time>2026-09-07T10:39:48.000Z</time>
        <extensions>
          <ns3:TrackPointExtension>
            <ns3:hr>146</ns3:hr>
            <ns3:cad>87</ns3:cad>
          </ns3:TrackPointExtension>
        </extensions>
      </trkpt>
      <trkpt lat="31.21984206140041351318359375" lon="121.38648091815412044525146484375">
        <ele>15.80000019073486328125</ele>
        <time>2026-09-07T10:39:49.000Z</time>
        <extensions>
          <ns3:TrackPointExtension>
            <ns3:hr>146</ns3:hr>
            <ns3:cad>89</ns3:cad>
          </ns3:TrackPointExtension>
        </extensions>
      </trkpt>
      <trkpt lat="31.2198413908481597900390625" lon="121.38644990511238574981689453125">
        <ele>15.80000019073486328125</ele>
        <time>2026-09-07T10:39:50.000Z</time>
        <extensions>
          <ns3:TrackPointExtension>
            <ns3:hr>146</ns3:hr>
            <ns3:cad>89</ns3:cad>
          </ns3:TrackPointExtension>
        </extensions>
      </trkpt>
      <trkpt lat="31.2198382057249546051025390625" lon="121.38642509467899799346923828125">
        <ele>15.6000003814697265625</ele>
        <time>2026-09-07T10:39:51.000Z</time>
        <extensions>
          <ns3:TrackPointExtension>
            <ns3:hr>146</ns3:hr>
            <ns3:cad>88</ns3:cad>
          </ns3:TrackPointExtension>
        </extensions>
      </trkpt>
      <trkpt lat="31.2198382057249546051025390625" lon="121.38639424927532672882080078125">
        <ele>15.6000003814697265625</ele>
        <time>2026-09-07T10:39:52.000Z</time>
        <extensions>
          <ns3:TrackPointExtension>
            <ns3:hr>146</ns3:hr>
            <ns3:cad>87</ns3:cad>
          </ns3:TrackPointExtension>
        </extensions>
      </trkpt>
      <trkpt lat="31.21983678080141544342041015625" lon="121.38636566698551177978515625">
        <ele>15.6000003814697265625</ele>
        <time>2026-09-07T10:39:53.000Z</time>
        <extensions>
          <ns3:TrackPointExtension>
            <ns3:hr>146</ns3:hr>
            <ns3:cad>87</ns3:cad>
          </ns3:TrackPointExtension>
        </extensions>
      </trkpt>
      <trkpt lat="31.219835020601749420166015625" lon="121.386337168514728546142578125">
        <ele>15.6000003814697265625</ele>
        <time>2026-09-07T10:39:54.000Z</time>
        <extensions>
          <ns3:TrackPointExtension>
            <ns3:hr>146</ns3:hr>
            <ns3:cad>87</ns3:cad>
          </ns3:TrackPointExtension>
        </extensions>
      </trkpt>
      <trkpt lat="31.2198333442211151123046875" lon="121.386309675872325897216796875">
        <ele>15.6000003814697265625</ele>
        <time>2026-09-07T10:39:55.000Z</time>
        <extensions>
          <ns3:TrackPointExtension>
            <ns3:hr>146</ns3:hr>
            <ns3:cad>88</ns3:cad>
          </ns3:TrackPointExtension>
        </extensions>
      </trkpt>
      <trkpt lat="31.2198291532695293426513671875" lon="121.386276148259639739990234375">
        <ele>15.6000003814697265625</ele>
        <time>2026-09-07T10:39:56.000Z</time>
        <extensions>
          <ns3:TrackPointExtension>
            <ns3:hr>146</ns3:hr>
            <ns3:cad>88</ns3:cad>
          </ns3:TrackPointExtension>
        </extensions>
      </trkpt>
      <trkpt lat="31.2198281474411487579345703125" lon="121.38624471612274646759033203125">
        <ele>15.6000003814697265625</ele>
        <time>2026-09-07T10:39:57.000Z</time>
        <extensions>
          <ns3:TrackPointExtension>
            <ns3:hr>146</ns3:hr>
            <ns3:cad>88</ns3:cad>
          </ns3:TrackPointExtension>
        </extensions>
      </trkpt>
      <trkpt lat="31.219826973974704742431640625" lon="121.38622124679386615753173828125">
        <ele>15.3999996185302734375</ele>
        <time>2026-09-07T10:39:58.000Z</time>
        <extensions>
          <ns3:TrackPointExtension>
            <ns3:hr>146</ns3:hr>
            <ns3:cad>87</ns3:cad>
          </ns3:TrackPointExtension>
        </extensions>
      </trkpt>
      <trkpt lat="31.21982756070792675018310546875" lon="121.38618771918118000030517578125">
        <ele>15.3999996185302734375</ele>
        <time>2026-09-07T10:39:59.000Z</time>
        <extensions>
          <ns3:TrackPointExtension>
            <ns3:hr>145</ns3:hr>
            <ns3:cad>87</ns3:cad>
          </ns3:TrackPointExtension>
        </extensions>
      </trkpt>
      <trkpt lat="31.2198244594037532806396484375" lon="121.38616223819553852081298828125">
        <ele>15.3999996185302734375</ele>
        <time>2026-09-07T10:40:00.000Z</time>
        <extensions>
          <ns3:TrackPointExtension>
            <ns3:hr>146</ns3:hr>
            <ns3:cad>87</ns3:cad>
          </ns3:TrackPointExtension>
        </extensions>
      </trkpt>
      <trkpt lat="31.219821609556674957275390625" lon="121.38613122515380382537841796875">
        <ele>15.3999996185302734375</ele>
        <time>2026-09-07T10:40:01.000Z</time>
        <extensions>
          <ns3:TrackPointExtension>
            <ns3:hr>146</ns3:hr>
            <ns3:cad>87</ns3:cad>
          </ns3:TrackPointExtension>
        </extensions>
      </trkpt>
      <trkpt lat="31.21981850825250148773193359375" lon="121.3861033134162425994873046875">
        <ele>15.3999996185302734375</ele>
        <time>2026-09-07T10:40:02.000Z</time>
        <extensions>
          <ns3:TrackPointExtension>
            <ns3:hr>146</ns3:hr>
            <ns3:cad>88</ns3:cad>
          </ns3:TrackPointExtension>
        </extensions>
      </trkpt>
      <trkpt lat="31.21981255710124969482421875" lon="121.3860724680125713348388671875">
        <ele>15.3999996185302734375</ele>
        <time>2026-09-07T10:40:03.000Z</time>
        <extensions>
          <ns3:TrackPointExtension>
            <ns3:hr>146</ns3:hr>
            <ns3:cad>88</ns3:cad>
          </ns3:TrackPointExtension>
        </extensions>
      </trkpt>
      <trkpt lat="31.219811551272869110107421875" lon="121.386046819388866424560546875">
        <ele>15.3999996185302734375</ele>
        <time>2026-09-07T10:40:04.000Z</time>
        <extensions>
          <ns3:TrackPointExtension>
            <ns3:hr>145</ns3:hr>
            <ns3:cad>87</ns3:cad>
          </ns3:TrackPointExtension>
        </extensions>
      </trkpt>
      <trkpt lat="31.2198107130825519561767578125" lon="121.386021673679351806640625">
        <ele>15.3999996185302734375</ele>
        <time>2026-09-07T10:40:05.000Z</time>
        <extensions>
          <ns3:TrackPointExtension>
            <ns3:hr>146</ns3:hr>
            <ns3:cad>87</ns3:cad>
          </ns3:TrackPointExtension>
        </extensions>
      </trkpt>
      <trkpt lat="31.2198118865489959716796875" lon="121.3859920017421245574951171875">
        <ele>15.3999996185302734375</ele>
        <time>2026-09-07T10:40:06.000Z</time>
        <extensions>
          <ns3:TrackPointExtension>
            <ns3:hr>146</ns3:hr>
            <ns3:cad>87</ns3:cad>
          </ns3:TrackPointExtension>
        </extensions>
      </trkpt>
      <trkpt lat="31.2198113836348056793212890625" lon="121.3859658502042293548583984375">
        <ele>15.6000003814697265625</ele>
        <time>2026-09-07T10:40:07.000Z</time>
        <extensions>
          <ns3:TrackPointExtension>
            <ns3:hr>145</ns3:hr>
            <ns3:cad>87</ns3:cad>
          </ns3:TrackPointExtension>
        </extensions>
      </trkpt>
      <trkpt lat="31.21981448493897914886474609375" lon="121.38594062067568302154541015625">
        <ele>15.6000003814697265625</ele>
        <time>2026-09-07T10:40:08.000Z</time>
        <extensions>
          <ns3:TrackPointExtension>
            <ns3:hr>145</ns3:hr>
            <ns3:cad>88</ns3:cad>
          </ns3:TrackPointExtension>
        </extensions>
      </trkpt>
      <trkpt lat="31.21981389820575714111328125" lon="121.3859105296432971954345703125">
        <ele>15.6000003814697265625</ele>
        <time>2026-09-07T10:40:09.000Z</time>
        <extensions>
          <ns3:TrackPointExtension>
            <ns3:hr>145</ns3:hr>
            <ns3:cad>88</ns3:cad>
          </ns3:TrackPointExtension>
        </extensions>
      </trkpt>
      <trkpt lat="31.219818927347660064697265625" lon="121.38587892986834049224853515625">
        <ele>15.3999996185302734375</ele>
        <time>2026-09-07T10:40:10.000Z</time>
        <extensions>
          <ns3:TrackPointExtension>
            <ns3:hr>144</ns3:hr>
            <ns3:cad>88</ns3:cad>
          </ns3:TrackPointExtension>
        </extensions>
      </trkpt>
      <trkpt lat="31.21982219628989696502685546875" lon="121.38585244305431842803955078125">
        <ele>15.3999996185302734375</ele>
        <time>2026-09-07T10:40:11.000Z</time>
        <extensions>
          <ns3:TrackPointExtension>
            <ns3:hr>144</ns3:hr>
            <ns3:cad>87</ns3:cad>
          </ns3:TrackPointExtension>
        </extensions>
      </trkpt>
      <trkpt lat="31.2198241241276264190673828125" lon="121.385820172727108001708984375">
        <ele>15.6000003814697265625</ele>
        <time>2026-09-07T10:40:12.000Z</time>
        <extensions>
          <ns3:TrackPointExtension>
            <ns3:hr>144</ns3:hr>
            <ns3:cad>87</ns3:cad>
          </ns3:TrackPointExtension>
        </extensions>
      </trkpt>
      <trkpt lat="31.219817586243152618408203125" lon="121.38579494319856166839599609375">
        <ele>15.6000003814697265625</ele>
        <time>2026-09-07T10:40:13.000Z</time>
        <extensions>
          <ns3:TrackPointExtension>
            <ns3:hr>144</ns3:hr>
            <ns3:cad>87</ns3:cad>
          </ns3:TrackPointExtension>
        </extensions>
      </trkpt>
      <trkpt lat="31.21982152573764324188232421875" lon="121.38575973920524120330810546875">
        <ele>15.6000003814697265625</ele>
        <time>2026-09-07T10:40:14.000Z</time>
        <extensions>
          <ns3:TrackPointExtension>
            <ns3:hr>143</ns3:hr>
            <ns3:cad>87</ns3:cad>
          </ns3:TrackPointExtension>
        </extensions>
      </trkpt>
      <trkpt lat="31.21982194483280181884765625" lon="121.3857348449528217315673828125">
        <ele>15.6000003814697265625</ele>
        <time>2026-09-07T10:40:15.000Z</time>
        <extensions>
          <ns3:TrackPointExtension>
            <ns3:hr>143</ns3:hr>
            <ns3:cad>88</ns3:cad>
          </ns3:TrackPointExtension>
        </extensions>
      </trkpt>
      <trkpt lat="31.2198264710605144500732421875" lon="121.38570316135883331298828125">
        <ele>15.6000003814697265625</ele>
        <time>2026-09-07T10:40:16.000Z</time>
        <extensions>
          <ns3:TrackPointExtension>
            <ns3:hr>143</ns3:hr>
            <ns3:cad>88</ns3:cad>
          </ns3:TrackPointExtension>
        </extensions>
      </trkpt>
      <trkpt lat="31.219825632870197296142578125" lon="121.3856756687164306640625">
        <ele>15.6000003814697265625</ele>
        <time>2026-09-07T10:40:17.000Z</time>
        <extensions>
          <ns3:TrackPointExtension>
            <ns3:hr>143</ns3:hr>
            <ns3:cad>88</ns3:cad>
          </ns3:TrackPointExtension>
        </extensions>
      </trkpt>
      <trkpt lat="31.219820268452167510986328125" lon="121.38564624823629856109619140625">
        <ele>15.3999996185302734375</ele>
        <time>2026-09-07T10:40:18.000Z</time>
        <extensions>
          <ns3:TrackPointExtension>
            <ns3:hr>143</ns3:hr>
            <ns3:cad>87</ns3:cad>
          </ns3:TrackPointExtension>
        </extensions>
      </trkpt>
      <trkpt lat="31.21981565840542316436767578125" lon="121.3856185041368007659912109375">
        <ele>15.3999996185302734375</ele>
        <time>2026-09-07T10:40:19.000Z</time>
        <extensions>
          <ns3:TrackPointExtension>
            <ns3:hr>143</ns3:hr>
            <ns3:cad>86</ns3:cad>
          </ns3:TrackPointExtension>
        </extensions>
      </trkpt>
      <trkpt lat="31.2198065221309661865234375" lon="121.38559428043663501739501953125">
        <ele>15.3999996185302734375</ele>
        <time>2026-09-07T10:40:20.000Z</time>
        <extensions>
          <ns3:TrackPointExtension>
            <ns3:hr>143</ns3:hr>
            <ns3:cad>86</ns3:cad>
          </ns3:TrackPointExtension>
        </extensions>
      </trkpt>
      <trkpt lat="31.21979721821844577789306640625" lon="121.385568045079708099365234375">
        <ele>15.3999996185302734375</ele>
        <time>2026-09-07T10:40:21.000Z</time>
        <extensions>
          <ns3:TrackPointExtension>
            <ns3:hr>143</ns3:hr>
            <ns3:cad>87</ns3:cad>
          </ns3:TrackPointExtension>
        </extensions>
      </trkpt>
      <trkpt lat="31.21978573501110076904296875" lon="121.38555136509239673614501953125">
        <ele>15.3999996185302734375</ele>
        <time>2026-09-07T10:40:22.000Z</time>
        <extensions>
          <ns3:TrackPointExtension>
            <ns3:hr>143</ns3:hr>
            <ns3:cad>87</ns3:cad>
          </ns3:TrackPointExtension>
        </extensions>
      </trkpt>
      <trkpt lat="31.21978171169757843017578125" lon="121.385522782802581787109375">
        <ele>15.3999996185302734375</ele>
        <time>2026-09-07T10:40:23.000Z</time>
        <extensions>
          <ns3:TrackPointExtension>
            <ns3:hr>143</ns3:hr>
            <ns3:cad>86</ns3:cad>
          </ns3:TrackPointExtension>
        </extensions>
      </trkpt>
      <trkpt lat="31.21976603753864765167236328125" lon="121.3855071924626827239990234375">
        <ele>15.3999996185302734375</ele>
        <time>2026-09-07T10:40:24.000Z</time>
        <extensions>
          <ns3:TrackPointExtension>
            <ns3:hr>143</ns3:hr>
            <ns3:cad>86</ns3:cad>
          </ns3:TrackPointExtension>
        </extensions>
      </trkpt>
      <trkpt lat="31.21974173001945018768310546875" lon="121.38549352996051311492919921875">
        <ele>15.19999980926513671875</ele>
        <time>2026-09-07T10:40:25.000Z</time>
        <extensions>
          <ns3:TrackPointExtension>
            <ns3:hr>143</ns3:hr>
            <ns3:cad>86</ns3:cad>
          </ns3:TrackPointExtension>
        </extensions>
      </trkpt>
      <trkpt lat="31.2197252176702022552490234375" lon="121.3854837231338024139404296875">
        <ele>15</ele>
        <time>2026-09-07T10:40:26.000Z</time>
        <extensions>
          <ns3:TrackPointExtension>
            <ns3:hr>143</ns3:hr>
            <ns3:cad>86</ns3:cad>
          </ns3:TrackPointExtension>
        </extensions>
      </trkpt>
      <trkpt lat="31.21969579719007015228271484375" lon="121.38548665679991245269775390625">
        <ele>15</ele>
        <time>2026-09-07T10:40:27.000Z</time>
        <extensions>
          <ns3:TrackPointExtension>
            <ns3:hr>142</ns3:hr>
            <ns3:cad>86</ns3:cad>
          </ns3:TrackPointExtension>
        </extensions>
      </trkpt>
      <trkpt lat="31.21967375278472900390625" lon="121.38548590242862701416015625">
        <ele>15</ele>
        <time>2026-09-07T10:40:28.000Z</time>
        <extensions>
          <ns3:TrackPointExtension>
            <ns3:hr>142</ns3:hr>
            <ns3:cad>86</ns3:cad>
          </ns3:TrackPointExtension>
        </extensions>
      </trkpt>
      <trkpt lat="31.2196501158177852630615234375" lon="121.3854897581040859222412109375">
        <ele>15</ele>
        <time>2026-09-07T10:40:29.000Z</time>
        <extensions>
          <ns3:TrackPointExtension>
            <ns3:hr>142</ns3:hr>
            <ns3:cad>86</ns3:cad>
          </ns3:TrackPointExtension>
        </extensions>
      </trkpt>
      <trkpt lat="31.219623126089572906494140625" lon="121.38549034483730792999267578125">
        <ele>15</ele>
        <time>2026-09-07T10:40:30.000Z</time>
        <extensions>
          <ns3:TrackPointExtension>
            <ns3:hr>142</ns3:hr>
            <ns3:cad>86</ns3:cad>
          </ns3:TrackPointExtension>
        </extensions>
      </trkpt>
      <trkpt lat="31.2195984832942485809326171875" lon="121.3854946196079254150390625">
        <ele>14.80000019073486328125</ele>
        <time>2026-09-07T10:40:31.000Z</time>
        <extensions>
          <ns3:TrackPointExtension>
            <ns3:hr>143</ns3:hr>
            <ns3:cad>87</ns3:cad>
          </ns3:TrackPointExtension>
        </extensions>
      </trkpt>
      <trkpt lat="31.21957006864249706268310546875" lon="121.3854904286563396453857421875">
        <ele>14.80000019073486328125</ele>
        <time>2026-09-07T10:40:32.000Z</time>
        <extensions>
          <ns3:TrackPointExtension>
            <ns3:hr>143</ns3:hr>
            <ns3:cad>87</ns3:cad>
          </ns3:TrackPointExtension>
        </extensions>
      </trkpt>
      <trkpt lat="31.21954944916069507598876953125" lon="121.38549126684665679931640625">
        <ele>14.80000019073486328125</ele>
        <time>2026-09-07T10:40:33.000Z</time>
        <extensions>
          <ns3:TrackPointExtension>
            <ns3:hr>143</ns3:hr>
            <ns3:cad>87</ns3:cad>
          </ns3:TrackPointExtension>
        </extensions>
      </trkpt>
      <trkpt lat="31.21952044777572154998779296875" lon="121.38549260795116424560546875">
        <ele>14.80000019073486328125</ele>
        <time>2026-09-07T10:40:34.000Z</time>
        <extensions>
          <ns3:TrackPointExtension>
            <ns3:hr>144</ns3:hr>
            <ns3:cad>89</ns3:cad>
          </ns3:TrackPointExtension>
        </extensions>
      </trkpt>
      <trkpt lat="31.21950385160744190216064453125" lon="121.38549394905567169189453125">
        <ele>14.80000019073486328125</ele>
        <time>2026-09-07T10:40:35.000Z</time>
        <extensions>
          <ns3:TrackPointExtension>
            <ns3:hr>144</ns3:hr>
            <ns3:cad>89</ns3:cad>
          </ns3:TrackPointExtension>
        </extensions>
      </trkpt>
      <trkpt lat="31.2194751016795635223388671875" lon="121.38549663126468658447265625">
        <ele>14.80000019073486328125</ele>
        <time>2026-09-07T10:40:36.000Z</time>
        <extensions>
          <ns3:TrackPointExtension>
            <ns3:hr>144</ns3:hr>
            <ns3:cad>88</ns3:cad>
          </ns3:TrackPointExtension>
        </extensions>
      </trkpt>
      <trkpt lat="31.2194524705410003662109375" lon="121.38549922965466976165771484375">
        <ele>14.80000019073486328125</ele>
        <time>2026-09-07T10:40:37.000Z</time>
        <extensions>
          <ns3:TrackPointExtension>
            <ns3:hr>145</ns3:hr>
            <ns3:cad>88</ns3:cad>
          </ns3:TrackPointExtension>
        </extensions>
      </trkpt>
      <trkpt lat="31.21942229568958282470703125" lon="121.3855018280446529388427734375">
        <ele>14.80000019073486328125</ele>
        <time>2026-09-07T10:40:38.000Z</time>
        <extensions>
          <ns3:TrackPointExtension>
            <ns3:hr>145</ns3:hr>
            <ns3:cad>88</ns3:cad>
          </ns3:TrackPointExtension>
        </extensions>
      </trkpt>
      <trkpt lat="31.21940176002681255340576171875" lon="121.38550258241593837738037109375">
        <ele>14.80000019073486328125</ele>
        <time>2026-09-07T10:40:39.000Z</time>
        <extensions>
          <ns3:TrackPointExtension>
            <ns3:hr>145</ns3:hr>
            <ns3:cad>88</ns3:cad>
          </ns3:TrackPointExtension>
        </extensions>
      </trkpt>
      <trkpt lat="31.21937041170895099639892578125" lon="121.3854947872459888458251953125">
        <ele>14.80000019073486328125</ele>
        <time>2026-09-07T10:40:40.000Z</time>
        <extensions>
          <ns3:TrackPointExtension>
            <ns3:hr>145</ns3:hr>
            <ns3:cad>89</ns3:cad>
          </ns3:TrackPointExtension>
        </extensions>
      </trkpt>
      <trkpt lat="31.21934962458908557891845703125" lon="121.3854951225221157073974609375">
        <ele>14.80000019073486328125</ele>
        <time>2026-09-07T10:40:41.000Z</time>
        <extensions>
          <ns3:TrackPointExtension>
            <ns3:hr>145</ns3:hr>
            <ns3:cad>89</ns3:cad>
          </ns3:TrackPointExtension>
        </extensions>
      </trkpt>
      <trkpt lat="31.21932012028992176055908203125" lon="121.38549235649406909942626953125">
        <ele>14.6000003814697265625</ele>
        <time>2026-09-07T10:40:42.000Z</time>
        <extensions>
          <ns3:TrackPointExtension>
            <ns3:hr>146</ns3:hr>
            <ns3:cad>88</ns3:cad>
          </ns3:TrackPointExtension>
        </extensions>
      </trkpt>
      <trkpt lat="31.21930100955069065093994140625" lon="121.38548749499022960662841796875">
        <ele>14.6000003814697265625</ele>
        <time>2026-09-07T10:40:43.000Z</time>
        <extensions>
          <ns3:TrackPointExtension>
            <ns3:hr>145</ns3:hr>
            <ns3:cad>87</ns3:cad>
          </ns3:TrackPointExtension>
        </extensions>
      </trkpt>
      <trkpt lat="31.21928055770695209503173828125" lon="121.3854847289621829986572265625">
        <ele>14.6000003814697265625</ele>
        <time>2026-09-07T10:40:44.000Z</time>
        <extensions>
          <ns3:TrackPointExtension>
            <ns3:hr>145</ns3:hr>
            <ns3:cad>87</ns3:cad>
          </ns3:TrackPointExtension>
        </extensions>
      </trkpt>
      <trkpt lat="31.21925809420645236968994140625" lon="121.3854807056486606597900390625">
        <ele>14.6000003814697265625</ele>
        <time>2026-09-07T10:40:45.000Z</time>
        <extensions>
          <ns3:TrackPointExtension>
            <ns3:hr>145</ns3:hr>
            <ns3:cad>87</ns3:cad>
          </ns3:TrackPointExtension>
        </extensions>
      </trkpt>
      <trkpt lat="31.2192326970398426055908203125" lon="121.3854807056486606597900390625">
        <ele>14.6000003814697265625</ele>
        <time>2026-09-07T10:40:46.000Z</time>
        <extensions>
          <ns3:TrackPointExtension>
            <ns3:hr>145</ns3:hr>
            <ns3:cad>89</ns3:cad>
          </ns3:TrackPointExtension>
        </extensions>
      </trkpt>
      <trkpt lat="31.21920545585453510284423828125" lon="121.385479867458343505859375">
        <ele>14.80000019073486328125</ele>
        <time>2026-09-07T10:40:47.000Z</time>
        <extensions>
          <ns3:TrackPointExtension>
            <ns3:hr>146</ns3:hr>
            <ns3:cad>89</ns3:cad>
          </ns3:TrackPointExtension>
        </extensions>
      </trkpt>
      <trkpt lat="31.21917896904051303863525390625" lon="121.385476179420948028564453125">
        <ele>15</ele>
        <time>2026-09-07T10:40:48.000Z</time>
        <extensions>
          <ns3:TrackPointExtension>
            <ns3:hr>146</ns3:hr>
            <ns3:cad>88</ns3:cad>
          </ns3:TrackPointExtension>
        </extensions>
      </trkpt>
      <trkpt lat="31.21915348805487155914306640625" lon="121.3854696415364742279052734375">
        <ele>15.19999980926513671875</ele>
        <time>2026-09-07T10:40:49.000Z</time>
        <extensions>
          <ns3:TrackPointExtension>
            <ns3:hr>146</ns3:hr>
            <ns3:cad>88</ns3:cad>
          </ns3:TrackPointExtension>
        </extensions>
      </trkpt>
      <trkpt lat="31.21913395822048187255859375" lon="121.38546301983296871185302734375">
        <ele>15.19999980926513671875</ele>
        <time>2026-09-07T10:40:50.000Z</time>
        <extensions>
          <ns3:TrackPointExtension>
            <ns3:hr>146</ns3:hr>
            <ns3:cad>87</ns3:cad>
          </ns3:TrackPointExtension>
        </extensions>
      </trkpt>
      <trkpt lat="31.21910721994936466217041015625" lon="121.385455392301082611083984375">
        <ele>15.3999996185302734375</ele>
        <time>2026-09-07T10:40:51.000Z</time>
        <extensions>
          <ns3:TrackPointExtension>
            <ns3:hr>145</ns3:hr>
            <ns3:cad>87</ns3:cad>
          </ns3:TrackPointExtension>
        </extensions>
      </trkpt>
      <trkpt lat="31.21909129433333873748779296875" lon="121.3854522071778774261474609375">
        <ele>15.3999996185302734375</ele>
        <time>2026-09-07T10:40:52.000Z</time>
        <extensions>
          <ns3:TrackPointExtension>
            <ns3:hr>145</ns3:hr>
            <ns3:cad>87</ns3:cad>
          </ns3:TrackPointExtension>
        </extensions>
      </trkpt>
      <trkpt lat="31.2190635502338409423828125" lon="121.38544877059757709503173828125">
        <ele>15.19999980926513671875</ele>
        <time>2026-09-07T10:40:53.000Z</time>
        <extensions>
          <ns3:TrackPointExtension>
            <ns3:hr>145</ns3:hr>
            <ns3:cad>87</ns3:cad>
          </ns3:TrackPointExtension>
        </extensions>
      </trkpt>
      <trkpt lat="31.2190429307520389556884765625" lon="121.385447680950164794921875">
        <ele>15.19999980926513671875</ele>
        <time>2026-09-07T10:40:54.000Z</time>
        <extensions>
          <ns3:TrackPointExtension>
            <ns3:hr>144</ns3:hr>
            <ns3:cad>88</ns3:cad>
          </ns3:TrackPointExtension>
        </extensions>
      </trkpt>
      <trkpt lat="31.21901728212833404541015625" lon="121.38544457964599132537841796875">
        <ele>15.19999980926513671875</ele>
        <time>2026-09-07T10:40:55.000Z</time>
        <extensions>
          <ns3:TrackPointExtension>
            <ns3:hr>144</ns3:hr>
            <ns3:cad>87</ns3:cad>
          </ns3:TrackPointExtension>
        </extensions>
      </trkpt>
      <trkpt lat="31.218992806971073150634765625" lon="121.38543971814215183258056640625">
        <ele>15.19999980926513671875</ele>
        <time>2026-09-07T10:40:56.000Z</time>
        <extensions>
          <ns3:TrackPointExtension>
            <ns3:hr>144</ns3:hr>
            <ns3:cad>87</ns3:cad>
          </ns3:TrackPointExtension>
        </extensions>
      </trkpt>
      <trkpt lat="31.2189624644815921783447265625" lon="121.38542949222028255462646484375">
        <ele>15.19999980926513671875</ele>
        <time>2026-09-07T10:40:57.000Z</time>
        <extensions>
          <ns3:TrackPointExtension>
            <ns3:hr>144</ns3:hr>
            <ns3:cad>87</ns3:cad>
          </ns3:TrackPointExtension>
        </extensions>
      </trkpt>
      <trkpt lat="31.218951232731342315673828125" lon="121.385412476956844329833984375">
        <ele>15.19999980926513671875</ele>
        <time>2026-09-07T10:40:58.000Z</time>
        <extensions>
          <ns3:TrackPointExtension>
            <ns3:hr>144</ns3:hr>
            <ns3:cad>87</ns3:cad>
          </ns3:TrackPointExtension>
        </extensions>
      </trkpt>
      <trkpt lat="31.21892340481281280517578125" lon="121.38540769927203655242919921875">
        <ele>15.19999980926513671875</ele>
        <time>2026-09-07T10:40:59.000Z</time>
        <extensions>
          <ns3:TrackPointExtension>
            <ns3:hr>144</ns3:hr>
            <ns3:cad>88</ns3:cad>
          </ns3:TrackPointExtension>
        </extensions>
      </trkpt>
      <trkpt lat="31.21889918111264705657958984375" lon="121.38539697043597698211669921875">
        <ele>15.19999980926513671875</ele>
        <time>2026-09-07T10:41:00.000Z</time>
        <extensions>
          <ns3:TrackPointExtension>
            <ns3:hr>144</ns3:hr>
            <ns3:cad>88</ns3:cad>
          </ns3:TrackPointExtension>
        </extensions>
      </trkpt>
      <trkpt lat="31.21887470595538616180419921875" lon="121.3853926956653594970703125">
        <ele>15.19999980926513671875</ele>
        <time>2026-09-07T10:41:01.000Z</time>
        <extensions>
          <ns3:TrackPointExtension>
            <ns3:hr>144</ns3:hr>
            <ns3:cad>88</ns3:cad>
          </ns3:TrackPointExtension>
        </extensions>
      </trkpt>
      <trkpt lat="31.2188504822552204132080078125" lon="121.3853807933628559112548828125">
        <ele>15.19999980926513671875</ele>
        <time>2026-09-07T10:41:02.000Z</time>
        <extensions>
          <ns3:TrackPointExtension>
            <ns3:hr>144</ns3:hr>
            <ns3:cad>87</ns3:cad>
          </ns3:TrackPointExtension>
        </extensions>
      </trkpt>
      <trkpt lat="31.218827180564403533935546875" lon="121.38537718914449214935302734375">
        <ele>15.19999980926513671875</ele>
        <time>2026-09-07T10:41:03.000Z</time>
        <extensions>
          <ns3:TrackPointExtension>
            <ns3:hr>144</ns3:hr>
            <ns3:cad>87</ns3:cad>
          </ns3:TrackPointExtension>
        </extensions>
      </trkpt>
      <trkpt lat="31.21880178339779376983642578125" lon="121.38537056744098663330078125">
        <ele>15.19999980926513671875</ele>
        <time>2026-09-07T10:41:04.000Z</time>
        <extensions>
          <ns3:TrackPointExtension>
            <ns3:hr>144</ns3:hr>
            <ns3:cad>87</ns3:cad>
          </ns3:TrackPointExtension>
        </extensions>
      </trkpt>
      <trkpt lat="31.21878250502049922943115234375" lon="121.38536386191844940185546875">
        <ele>15</ele>
        <time>2026-09-07T10:41:05.000Z</time>
        <extensions>
          <ns3:TrackPointExtension>
            <ns3:hr>144</ns3:hr>
            <ns3:cad>88</ns3:cad>
          </ns3:TrackPointExtension>
        </extensions>
      </trkpt>
      <trkpt lat="31.21875450946390628814697265625" lon="121.38535313308238983154296875">
        <ele>15</ele>
        <time>2026-09-07T10:41:06.000Z</time>
        <extensions>
          <ns3:TrackPointExtension>
            <ns3:hr>144</ns3:hr>
            <ns3:cad>88</ns3:cad>
          </ns3:TrackPointExtension>
        </extensions>
      </trkpt>
      <trkpt lat="31.21873221360146999359130859375" lon="121.38534869067370891571044921875">
        <ele>15</ele>
        <time>2026-09-07T10:41:07.000Z</time>
        <extensions>
          <ns3:TrackPointExtension>
            <ns3:hr>144</ns3:hr>
            <ns3:cad>88</ns3:cad>
          </ns3:TrackPointExtension>
        </extensions>
      </trkpt>
      <trkpt lat="31.218707151710987091064453125" lon="121.385335028171539306640625">
        <ele>14.80000019073486328125</ele>
        <time>2026-09-07T10:41:08.000Z</time>
        <extensions>
          <ns3:TrackPointExtension>
            <ns3:hr>144</ns3:hr>
            <ns3:cad>87</ns3:cad>
          </ns3:TrackPointExtension>
        </extensions>
      </trkpt>
      <trkpt lat="31.21868276037275791168212890625" lon="121.38532673008739948272705078125">
        <ele>14.80000019073486328125</ele>
        <time>2026-09-07T10:41:09.000Z</time>
        <extensions>
          <ns3:TrackPointExtension>
            <ns3:hr>144</ns3:hr>
            <ns3:cad>87</ns3:cad>
          </ns3:TrackPointExtension>
        </extensions>
      </trkpt>
      <trkpt lat="31.2186526693403720855712890625" lon="121.38531558215618133544921875">
        <ele>14.80000019073486328125</ele>
        <time>2026-09-07T10:41:10.000Z</time>
        <extensions>
          <ns3:TrackPointExtension>
            <ns3:hr>144</ns3:hr>
            <ns3:cad>87</ns3:cad>
          </ns3:TrackPointExtension>
        </extensions>
      </trkpt>
      <trkpt lat="31.2186265178024768829345703125" lon="121.38531113974750041961669921875">
        <ele>15</ele>
        <time>2026-09-07T10:41:11.000Z</time>
        <extensions>
          <ns3:TrackPointExtension>
            <ns3:hr>144</ns3:hr>
            <ns3:cad>89</ns3:cad>
          </ns3:TrackPointExtension>
        </extensions>
      </trkpt>
      <trkpt lat="31.21859793551266193389892578125" lon="121.3853016681969165802001953125">
        <ele>15</ele>
        <time>2026-09-07T10:41:12.000Z</time>
        <extensions>
          <ns3:TrackPointExtension>
            <ns3:hr>144</ns3:hr>
            <ns3:cad>89</ns3:cad>
          </ns3:TrackPointExtension>
        </extensions>
      </trkpt>
      <trkpt lat="31.21857798658311367034912109375" lon="121.3852934539318084716796875">
        <ele>14.80000019073486328125</ele>
        <time>2026-09-07T10:41:13.000Z</time>
        <extensions>
          <ns3:TrackPointExtension>
            <ns3:hr>144</ns3:hr>
            <ns3:cad>89</ns3:cad>
          </ns3:TrackPointExtension>
        </extensions>
      </trkpt>
      <trkpt lat="31.21854932047426700592041015625" lon="121.385281719267368316650390625">
        <ele>14.80000019073486328125</ele>
        <time>2026-09-07T10:41:14.000Z</time>
        <extensions>
          <ns3:TrackPointExtension>
            <ns3:hr>144</ns3:hr>
            <ns3:cad>88</ns3:cad>
          </ns3:TrackPointExtension>
        </extensions>
      </trkpt>
      <trkpt lat="31.21853473596274852752685546875" lon="121.38526436872780323028564453125">
        <ele>14.80000019073486328125</ele>
        <time>2026-09-07T10:41:15.000Z</time>
        <extensions>
          <ns3:TrackPointExtension>
            <ns3:hr>144</ns3:hr>
            <ns3:cad>88</ns3:cad>
          </ns3:TrackPointExtension>
        </extensions>
      </trkpt>
      <trkpt lat="31.218510009348392486572265625" lon="121.385250873863697052001953125">
        <ele>14.80000019073486328125</ele>
        <time>2026-09-07T10:41:16.000Z</time>
        <extensions>
          <ns3:TrackPointExtension>
            <ns3:hr>144</ns3:hr>
            <ns3:cad>88</ns3:cad>
          </ns3:TrackPointExtension>
        </extensions>
      </trkpt>
      <trkpt lat="31.21848410926759243011474609375" lon="121.3852376304566860198974609375">
        <ele>14.80000019073486328125</ele>
        <time>2026-09-07T10:41:17.000Z</time>
        <extensions>
          <ns3:TrackPointExtension>
            <ns3:hr>144</ns3:hr>
            <ns3:cad>88</ns3:cad>
          </ns3:TrackPointExtension>
        </extensions>
      </trkpt>
      <trkpt lat="31.2184568680822849273681640625" lon="121.3852155022323131561279296875">
        <ele>14.80000019073486328125</ele>
        <time>2026-09-07T10:41:18.000Z</time>
        <extensions>
          <ns3:TrackPointExtension>
            <ns3:hr>144</ns3:hr>
            <ns3:cad>89</ns3:cad>
          </ns3:TrackPointExtension>
        </extensions>
      </trkpt>
      <trkpt lat="31.21843415312469005584716796875" lon="121.385198570787906646728515625">
        <ele>14.80000019073486328125</ele>
        <time>2026-09-07T10:41:19.000Z</time>
        <extensions>
          <ns3:TrackPointExtension>
            <ns3:hr>145</ns3:hr>
            <ns3:cad>89</ns3:cad>
          </ns3:TrackPointExtension>
        </extensions>
      </trkpt>
      <trkpt lat="31.21840682812035083770751953125" lon="121.3851836510002613067626953125">
        <ele>14.80000019073486328125</ele>
        <time>2026-09-07T10:41:20.000Z</time>
        <extensions>
          <ns3:TrackPointExtension>
            <ns3:hr>145</ns3:hr>
            <ns3:cad>89</ns3:cad>
          </ns3:TrackPointExtension>
        </extensions>
      </trkpt>
      <trkpt lat="31.21838034130632877349853515625" lon="121.38517065905034542083740234375">
        <ele>14.80000019073486328125</ele>
        <time>2026-09-07T10:41:21.000Z</time>
        <extensions>
          <ns3:TrackPointExtension>
            <ns3:hr>145</ns3:hr>
            <ns3:cad>89</ns3:cad>
          </ns3:TrackPointExtension>
        </extensions>
      </trkpt>
      <trkpt lat="31.21835653670132160186767578125" lon="121.3851635344326496124267578125">
        <ele>14.6000003814697265625</ele>
        <time>2026-09-07T10:41:22.000Z</time>
        <extensions>
          <ns3:TrackPointExtension>
            <ns3:hr>145</ns3:hr>
            <ns3:cad>87</ns3:cad>
          </ns3:TrackPointExtension>
        </extensions>
      </trkpt>
      <trkpt lat="31.21833424083888530731201171875" lon="121.385146938264369964599609375">
        <ele>14.6000003814697265625</ele>
        <time>2026-09-07T10:41:23.000Z</time>
        <extensions>
          <ns3:TrackPointExtension>
            <ns3:hr>144</ns3:hr>
            <ns3:cad>87</ns3:cad>
          </ns3:TrackPointExtension>
        </extensions>
      </trkpt>
      <trkpt lat="31.21831320226192474365234375" lon="121.3851360417902469635009765625">
        <ele>14.6000003814697265625</ele>
        <time>2026-09-07T10:41:24.000Z</time>
        <extensions>
          <ns3:TrackPointExtension>
            <ns3:hr>144</ns3:hr>
            <ns3:cad>89</ns3:cad>
          </ns3:TrackPointExtension>
        </extensions>
      </trkpt>
      <trkpt lat="31.218290068209171295166015625" lon="121.3851209543645381927490234375">
        <ele>14.6000003814697265625</ele>
        <time>2026-09-07T10:41:25.000Z</time>
        <extensions>
          <ns3:TrackPointExtension>
            <ns3:hr>144</ns3:hr>
            <ns3:cad>89</ns3:cad>
          </ns3:TrackPointExtension>
        </extensions>
      </trkpt>
      <trkpt lat="31.21827565133571624755859375" lon="121.385108046233654022216796875">
        <ele>14.6000003814697265625</ele>
        <time>2026-09-07T10:41:26.000Z</time>
        <extensions>
          <ns3:TrackPointExtension>
            <ns3:hr>144</ns3:hr>
            <ns3:cad>88</ns3:cad>
          </ns3:TrackPointExtension>
        </extensions>
      </trkpt>
      <trkpt lat="31.21825343929231166839599609375" lon="121.38508818112313747406005859375">
        <ele>14.6000003814697265625</ele>
        <time>2026-09-07T10:41:27.000Z</time>
        <extensions>
          <ns3:TrackPointExtension>
            <ns3:hr>144</ns3:hr>
            <ns3:cad>87</ns3:cad>
          </ns3:TrackPointExtension>
        </extensions>
      </trkpt>
      <trkpt lat="31.21823667548596858978271484375" lon="121.38507292605936527252197265625">
        <ele>14.6000003814697265625</ele>
        <time>2026-09-07T10:41:28.000Z</time>
        <extensions>
          <ns3:TrackPointExtension>
            <ns3:hr>144</ns3:hr>
            <ns3:cad>87</ns3:cad>
          </ns3:TrackPointExtension>
        </extensions>
      </trkpt>
      <trkpt lat="31.21821287088096141815185546875" lon="121.38505599461495876312255859375">
        <ele>14.80000019073486328125</ele>
        <time>2026-09-07T10:41:29.000Z</time>
        <extensions>
          <ns3:TrackPointExtension>
            <ns3:hr>144</ns3:hr>
            <ns3:cad>88</ns3:cad>
          </ns3:TrackPointExtension>
        </extensions>
      </trkpt>
      <trkpt lat="31.21819426305592060089111328125" lon="121.385036297142505645751953125">
        <ele>14.80000019073486328125</ele>
        <time>2026-09-07T10:41:30.000Z</time>
        <extensions>
          <ns3:TrackPointExtension>
            <ns3:hr>145</ns3:hr>
            <ns3:cad>89</ns3:cad>
          </ns3:TrackPointExtension>
        </extensions>
      </trkpt>
      <trkpt lat="31.21816861443221569061279296875" lon="121.38502053916454315185546875">
        <ele>14.80000019073486328125</ele>
        <time>2026-09-07T10:41:31.000Z</time>
        <extensions>
          <ns3:TrackPointExtension>
            <ns3:hr>144</ns3:hr>
            <ns3:cad>89</ns3:cad>
          </ns3:TrackPointExtension>
        </extensions>
      </trkpt>
      <trkpt lat="31.2181507609784603118896484375" lon="121.3850026018917560577392578125">
        <ele>14.80000019073486328125</ele>
        <time>2026-09-07T10:41:32.000Z</time>
        <extensions>
          <ns3:TrackPointExtension>
            <ns3:hr>144</ns3:hr>
            <ns3:cad>89</ns3:cad>
          </ns3:TrackPointExtension>
        </extensions>
      </trkpt>
      <trkpt lat="31.21812586672604084014892578125" lon="121.38498491607606410980224609375">
        <ele>14.6000003814697265625</ele>
        <time>2026-09-07T10:41:33.000Z</time>
        <extensions>
          <ns3:TrackPointExtension>
            <ns3:hr>144</ns3:hr>
            <ns3:cad>89</ns3:cad>
          </ns3:TrackPointExtension>
        </extensions>
      </trkpt>
      <trkpt lat="31.21810658834874629974365234375" lon="121.3849734328687191009521484375">
        <ele>14.6000003814697265625</ele>
        <time>2026-09-07T10:41:34.000Z</time>
        <extensions>
          <ns3:TrackPointExtension>
            <ns3:hr>144</ns3:hr>
            <ns3:cad>88</ns3:cad>
          </ns3:TrackPointExtension>
        </extensions>
      </trkpt>
      <trkpt lat="31.21808127500116825103759765625" lon="121.3849580101668834686279296875">
        <ele>14.3999996185302734375</ele>
        <time>2026-09-07T10:41:35.000Z</time>
        <extensions>
          <ns3:TrackPointExtension>
            <ns3:hr>143</ns3:hr>
            <ns3:cad>88</ns3:cad>
          </ns3:TrackPointExtension>
        </extensions>
      </trkpt>
      <trkpt lat="31.21806166134774684906005859375" lon="121.38495021499693393707275390625">
        <ele>14.3999996185302734375</ele>
        <time>2026-09-07T10:41:36.000Z</time>
        <extensions>
          <ns3:TrackPointExtension>
            <ns3:hr>143</ns3:hr>
            <ns3:cad>89</ns3:cad>
          </ns3:TrackPointExtension>
        </extensions>
      </trkpt>
      <trkpt lat="31.21804137714207172393798828125" lon="121.38493713922798633575439453125">
        <ele>14.3999996185302734375</ele>
        <time>2026-09-07T10:41:37.000Z</time>
        <extensions>
          <ns3:TrackPointExtension>
            <ns3:hr>143</ns3:hr>
            <ns3:cad>89</ns3:cad>
          </ns3:TrackPointExtension>
        </extensions>
      </trkpt>
      <trkpt lat="31.218023188412189483642578125" lon="121.38492456637322902679443359375">
        <ele>14.3999996185302734375</ele>
        <time>2026-09-07T10:41:38.000Z</time>
        <extensions>
          <ns3:TrackPointExtension>
            <ns3:hr>143</ns3:hr>
            <ns3:cad>88</ns3:cad>
          </ns3:TrackPointExtension>
        </extensions>
      </trkpt>
      <trkpt lat="31.21799343265593051910400390625" lon="121.38490713201463222503662109375">
        <ele>14.3999996185302734375</ele>
        <time>2026-09-07T10:41:39.000Z</time>
        <extensions>
          <ns3:TrackPointExtension>
            <ns3:hr>143</ns3:hr>
            <ns3:cad>88</ns3:cad>
          </ns3:TrackPointExtension>
        </extensions>
      </trkpt>
      <trkpt lat="31.21797532774507999420166015625" lon="121.384899504482746124267578125">
        <ele>14.3999996185302734375</ele>
        <time>2026-09-07T10:41:40.000Z</time>
        <extensions>
          <ns3:TrackPointExtension>
            <ns3:hr>142</ns3:hr>
            <ns3:cad>88</ns3:cad>
          </ns3:TrackPointExtension>
        </extensions>
      </trkpt>
      <trkpt lat="31.21794934384524822235107421875" lon="121.384882070124149322509765625">
        <ele>14.3999996185302734375</ele>
        <time>2026-09-07T10:41:41.000Z</time>
        <extensions>
          <ns3:TrackPointExtension>
            <ns3:hr>142</ns3:hr>
            <ns3:cad>88</ns3:cad>
          </ns3:TrackPointExtension>
        </extensions>
      </trkpt>
      <trkpt lat="31.21792939491569995880126953125" lon="121.3848661445081233978271484375">
        <ele>14.3999996185302734375</ele>
        <time>2026-09-07T10:41:42.000Z</time>
        <extensions>
          <ns3:TrackPointExtension>
            <ns3:hr>142</ns3:hr>
            <ns3:cad>88</ns3:cad>
          </ns3:TrackPointExtension>
        </extensions>
      </trkpt>
      <trkpt lat="31.2179063446819782257080078125" lon="121.3848477043211460113525390625">
        <ele>14.3999996185302734375</ele>
        <time>2026-09-07T10:41:43.000Z</time>
        <extensions>
          <ns3:TrackPointExtension>
            <ns3:hr>143</ns3:hr>
            <ns3:cad>89</ns3:cad>
          </ns3:TrackPointExtension>
        </extensions>
      </trkpt>
      <trkpt lat="31.2178875692188739776611328125" lon="121.3848339579999446868896484375">
        <ele>14.3999996185302734375</ele>
        <time>2026-09-07T10:41:44.000Z</time>
        <extensions>
          <ns3:TrackPointExtension>
            <ns3:hr>143</ns3:hr>
            <ns3:cad>89</ns3:cad>
          </ns3:TrackPointExtension>
        </extensions>
      </trkpt>
      <trkpt lat="31.21786133386194705963134765625" lon="121.38481979258358478546142578125">
        <ele>14.6000003814697265625</ele>
        <time>2026-09-07T10:41:45.000Z</time>
        <extensions>
          <ns3:TrackPointExtension>
            <ns3:hr>143</ns3:hr>
            <ns3:cad>89</ns3:cad>
          </ns3:TrackPointExtension>
        </extensions>
      </trkpt>
      <trkpt lat="31.21783786453306674957275390625" lon="121.38480923138558864593505859375">
        <ele>14.3999996185302734375</ele>
        <time>2026-09-07T10:41:46.000Z</time>
        <extensions>
          <ns3:TrackPointExtension>
            <ns3:hr>142</ns3:hr>
            <ns3:cad>88</ns3:cad>
          </ns3:TrackPointExtension>
        </extensions>
      </trkpt>
      <trkpt lat="31.21781137771904468536376953125" lon="121.3847984187304973602294921875">
        <ele>14.3999996185302734375</ele>
        <time>2026-09-07T10:41:47.000Z</time>
        <extensions>
          <ns3:TrackPointExtension>
            <ns3:hr>142</ns3:hr>
            <ns3:cad>87</ns3:cad>
          </ns3:TrackPointExtension>
        </extensions>
      </trkpt>
      <trkpt lat="31.21778472326695919036865234375" lon="121.38478961773216724395751953125">
        <ele>14.19999980926513671875</ele>
        <time>2026-09-07T10:41:48.000Z</time>
        <extensions>
          <ns3:TrackPointExtension>
            <ns3:hr>142</ns3:hr>
            <ns3:cad>87</ns3:cad>
          </ns3:TrackPointExtension>
        </extensions>
      </trkpt>
      <trkpt lat="31.21776075102388858795166015625" lon="121.384782493114471435546875">
        <ele>14.19999980926513671875</ele>
        <time>2026-09-07T10:41:49.000Z</time>
        <extensions>
          <ns3:TrackPointExtension>
            <ns3:hr>142</ns3:hr>
            <ns3:cad>88</ns3:cad>
          </ns3:TrackPointExtension>
        </extensions>
      </trkpt>
      <trkpt lat="31.217732168734073638916015625" lon="121.3847729377448558807373046875">
        <ele>14.19999980926513671875</ele>
        <time>2026-09-07T10:41:50.000Z</time>
        <extensions>
          <ns3:TrackPointExtension>
            <ns3:hr>143</ns3:hr>
            <ns3:cad>89</ns3:cad>
          </ns3:TrackPointExtension>
        </extensions>
      </trkpt>
      <trkpt lat="31.2177118845283985137939453125" lon="121.384762711822986602783203125">
        <ele>14.19999980926513671875</ele>
        <time>2026-09-07T10:41:51.000Z</time>
        <extensions>
          <ns3:TrackPointExtension>
            <ns3:hr>143</ns3:hr>
            <ns3:cad>89</ns3:cad>
          </ns3:TrackPointExtension>
        </extensions>
      </trkpt>
      <trkpt lat="31.21768699027597904205322265625" lon="121.38474963605403900146484375">
        <ele>14.19999980926513671875</ele>
        <time>2026-09-07T10:41:52.000Z</time>
        <extensions>
          <ns3:TrackPointExtension>
            <ns3:hr>143</ns3:hr>
            <ns3:cad>88</ns3:cad>
          </ns3:TrackPointExtension>
        </extensions>
      </trkpt>
      <trkpt lat="31.2176686339080333709716796875" lon="121.38474184088408946990966796875">
        <ele>14.19999980926513671875</ele>
        <time>2026-09-07T10:41:53.000Z</time>
        <extensions>
          <ns3:TrackPointExtension>
            <ns3:hr>143</ns3:hr>
            <ns3:cad>87</ns3:cad>
          </ns3:TrackPointExtension>
        </extensions>
      </trkpt>
      <trkpt lat="31.2176414765417575836181640625" lon="121.38472951948642730712890625">
        <ele>14.19999980926513671875</ele>
        <time>2026-09-07T10:41:54.000Z</time>
        <extensions>
          <ns3:TrackPointExtension>
            <ns3:hr>143</ns3:hr>
            <ns3:cad>87</ns3:cad>
          </ns3:TrackPointExtension>
        </extensions>
      </trkpt>
      <trkpt lat="31.21762110851705074310302734375" lon="121.38472138904035091400146484375">
        <ele>14.19999980926513671875</ele>
        <time>2026-09-07T10:41:55.000Z</time>
        <extensions>
          <ns3:TrackPointExtension>
            <ns3:hr>143</ns3:hr>
            <ns3:cad>87</ns3:cad>
          </ns3:TrackPointExtension>
        </extensions>
      </trkpt>
      <trkpt lat="31.217592023313045501708984375" lon="121.38471099548041820526123046875">
        <ele>14.19999980926513671875</ele>
        <time>2026-09-07T10:41:56.000Z</time>
        <extensions>
          <ns3:TrackPointExtension>
            <ns3:hr>143</ns3:hr>
            <ns3:cad>90</ns3:cad>
          </ns3:TrackPointExtension>
        </extensions>
      </trkpt>
      <trkpt lat="31.21757182292640209197998046875" lon="121.38470479287207126617431640625">
        <ele>14.19999980926513671875</ele>
        <time>2026-09-07T10:41:57.000Z</time>
        <extensions>
          <ns3:TrackPointExtension>
            <ns3:hr>143</ns3:hr>
            <ns3:cad>90</ns3:cad>
          </ns3:TrackPointExtension>
        </extensions>
      </trkpt>
      <trkpt lat="31.21754768304526805877685546875" lon="121.38469020836055278778076171875">
        <ele>14.19999980926513671875</ele>
        <time>2026-09-07T10:41:58.000Z</time>
        <extensions>
          <ns3:TrackPointExtension>
            <ns3:hr>143</ns3:hr>
            <ns3:cad>89</ns3:cad>
          </ns3:TrackPointExtension>
        </extensions>
      </trkpt>
      <trkpt lat="31.217526309192180633544921875" lon="121.38468065299093723297119140625">
        <ele>14.3999996185302734375</ele>
        <time>2026-09-07T10:41:59.000Z</time>
        <extensions>
          <ns3:TrackPointExtension>
            <ns3:hr>143</ns3:hr>
            <ns3:cad>87</ns3:cad>
          </ns3:TrackPointExtension>
        </extensions>
      </trkpt>
      <trkpt lat="31.21750292368233203887939453125" lon="121.38467243872582912445068359375">
        <ele>14.3999996185302734375</ele>
        <time>2026-09-07T10:42:00.000Z</time>
        <extensions>
          <ns3:TrackPointExtension>
            <ns3:hr>143</ns3:hr>
            <ns3:cad>87</ns3:cad>
          </ns3:TrackPointExtension>
        </extensions>
      </trkpt>
      <trkpt lat="31.2174835614860057830810546875" lon="121.38466288335621356964111328125">
        <ele>14.3999996185302734375</ele>
        <time>2026-09-07T10:42:01.000Z</time>
        <extensions>
          <ns3:TrackPointExtension>
            <ns3:hr>144</ns3:hr>
            <ns3:cad>88</ns3:cad>
          </ns3:TrackPointExtension>
        </extensions>
      </trkpt>
      <trkpt lat="31.2174577452242374420166015625" lon="121.38464913703501224517822265625">
        <ele>14.3999996185302734375</ele>
        <time>2026-09-07T10:42:02.000Z</time>
        <extensions>
          <ns3:TrackPointExtension>
            <ns3:hr>144</ns3:hr>
            <ns3:cad>90</ns3:cad>
          </ns3:TrackPointExtension>
        </extensions>
      </trkpt>
      <trkpt lat="31.21743838302791118621826171875" lon="121.3846388272941112518310546875">
        <ele>14.3999996185302734375</ele>
        <time>2026-09-07T10:42:03.000Z</time>
        <extensions>
          <ns3:TrackPointExtension>
            <ns3:hr>145</ns3:hr>
            <ns3:cad>90</ns3:cad>
          </ns3:TrackPointExtension>
        </extensions>
      </trkpt>
      <trkpt lat="31.21741189621388912200927734375" lon="121.38463170267641544342041015625">
        <ele>14.3999996185302734375</ele>
        <time>2026-09-07T10:42:04.000Z</time>
        <extensions>
          <ns3:TrackPointExtension>
            <ns3:hr>146</ns3:hr>
            <ns3:cad>89</ns3:cad>
          </ns3:TrackPointExtension>
        </extensions>
      </trkpt>
      <trkpt lat="31.2173816375434398651123046875" lon="121.38462717644870281219482421875">
        <ele>14.3999996185302734375</ele>
        <time>2026-09-07T10:42:05.000Z</time>
        <extensions>
          <ns3:TrackPointExtension>
            <ns3:hr>146</ns3:hr>
            <ns3:cad>88</ns3:cad>
          </ns3:TrackPointExtension>
        </extensions>
      </trkpt>
      <trkpt lat="31.2173521332442760467529296875" lon="121.3846227340400218963623046875">
        <ele>14.3999996185302734375</ele>
        <time>2026-09-07T10:42:06.000Z</time>
        <extensions>
          <ns3:TrackPointExtension>
            <ns3:hr>146</ns3:hr>
            <ns3:cad>88</ns3:cad>
          </ns3:TrackPointExtension>
        </extensions>
      </trkpt>
      <trkpt lat="31.2173308432102203369140625" lon="121.38461862690746784210205078125">
        <ele>14.3999996185302734375</ele>
        <time>2026-09-07T10:42:07.000Z</time>
        <extensions>
          <ns3:TrackPointExtension>
            <ns3:hr>146</ns3:hr>
            <ns3:cad>88</ns3:cad>
          </ns3:TrackPointExtension>
        </extensions>
      </trkpt>
      <trkpt lat="31.21730393730103969573974609375" lon="121.3846133463084697723388671875">
        <ele>14.3999996185302734375</ele>
        <time>2026-09-07T10:42:08.000Z</time>
        <extensions>
          <ns3:TrackPointExtension>
            <ns3:hr>146</ns3:hr>
            <ns3:cad>89</ns3:cad>
          </ns3:TrackPointExtension>
        </extensions>
      </trkpt>
      <trkpt lat="31.21727577410638332366943359375" lon="121.38460303656756877899169921875">
        <ele>14.3999996185302734375</ele>
        <time>2026-09-07T10:42:09.000Z</time>
        <extensions>
          <ns3:TrackPointExtension>
            <ns3:hr>146</ns3:hr>
            <ns3:cad>89</ns3:cad>
          </ns3:TrackPointExtension>
        </extensions>
      </trkpt>
      <trkpt lat="31.217251382768154144287109375" lon="121.38459809124469757080078125">
        <ele>14.3999996185302734375</ele>
        <time>2026-09-07T10:42:10.000Z</time>
        <extensions>
          <ns3:TrackPointExtension>
            <ns3:hr>147</ns3:hr>
            <ns3:cad>89</ns3:cad>
          </ns3:TrackPointExtension>
        </extensions>
      </trkpt>
      <trkpt lat="31.21722288429737091064453125" lon="121.384590379893779754638671875">
        <ele>14.3999996185302734375</ele>
        <time>2026-09-07T10:42:11.000Z</time>
        <extensions>
          <ns3:TrackPointExtension>
            <ns3:hr>147</ns3:hr>
            <ns3:cad>88</ns3:cad>
          </ns3:TrackPointExtension>
        </extensions>
      </trkpt>
      <trkpt lat="31.21719203889369964599609375" lon="121.3845925591886043548583984375">
        <ele>14.3999996185302734375</ele>
        <time>2026-09-07T10:42:12.000Z</time>
        <extensions>
          <ns3:TrackPointExtension>
            <ns3:hr>147</ns3:hr>
            <ns3:cad>87</ns3:cad>
          </ns3:TrackPointExtension>
        </extensions>
      </trkpt>
      <trkpt lat="31.21716253459453582763671875" lon="121.384583674371242523193359375">
        <ele>14.3999996185302734375</ele>
        <time>2026-09-07T10:42:13.000Z</time>
        <extensions>
          <ns3:TrackPointExtension>
            <ns3:hr>147</ns3:hr>
            <ns3:cad>87</ns3:cad>
          </ns3:TrackPointExtension>
        </extensions>
      </trkpt>
      <trkpt lat="31.21713571250438690185546875" lon="121.384580321609973907470703125">
        <ele>14.3999996185302734375</ele>
        <time>2026-09-07T10:42:14.000Z</time>
        <extensions>
          <ns3:TrackPointExtension>
            <ns3:hr>146</ns3:hr>
            <ns3:cad>87</ns3:cad>
          </ns3:TrackPointExtension>
        </extensions>
      </trkpt>
      <trkpt lat="31.217106878757476806640625" lon="121.384573616087436676025390625">
        <ele>14.3999996185302734375</ele>
        <time>2026-09-07T10:42:15.000Z</time>
        <extensions>
          <ns3:TrackPointExtension>
            <ns3:hr>146</ns3:hr>
            <ns3:cad>89</ns3:cad>
          </ns3:TrackPointExtension>
        </extensions>
      </trkpt>
      <trkpt lat="31.21709070168435573577880859375" lon="121.3845692574977874755859375">
        <ele>14.3999996185302734375</ele>
        <time>2026-09-07T10:42:16.000Z</time>
        <extensions>
          <ns3:TrackPointExtension>
            <ns3:hr>146</ns3:hr>
            <ns3:cad>89</ns3:cad>
          </ns3:TrackPointExtension>
        </extensions>
      </trkpt>
      <trkpt lat="31.21706505306065082550048828125" lon="121.38456297107040882110595703125">
        <ele>14.19999980926513671875</ele>
        <time>2026-09-07T10:42:17.000Z</time>
        <extensions>
          <ns3:TrackPointExtension>
            <ns3:hr>146</ns3:hr>
            <ns3:cad>88</ns3:cad>
          </ns3:TrackPointExtension>
        </extensions>
      </trkpt>
      <trkpt lat="31.21704393066465854644775390625" lon="121.38456364162266254425048828125">
        <ele>14.19999980926513671875</ele>
        <time>2026-09-07T10:42:18.000Z</time>
        <extensions>
          <ns3:TrackPointExtension>
            <ns3:hr>146</ns3:hr>
            <ns3:cad>88</ns3:cad>
          </ns3:TrackPointExtension>
        </extensions>
      </trkpt>
      <trkpt lat="31.2170116603374481201171875" lon="121.384560205042362213134765625">
        <ele>14.19999980926513671875</ele>
        <time>2026-09-07T10:42:19.000Z</time>
        <extensions>
          <ns3:TrackPointExtension>
            <ns3:hr>146</ns3:hr>
            <ns3:cad>88</ns3:cad>
          </ns3:TrackPointExtension>
        </extensions>
      </trkpt>
      <trkpt lat="31.216990537941455841064453125" lon="121.3845543377101421356201171875">
        <ele>14.3999996185302734375</ele>
        <time>2026-09-07T10:42:20.000Z</time>
        <extensions>
          <ns3:TrackPointExtension>
            <ns3:hr>146</ns3:hr>
            <ns3:cad>88</ns3:cad>
          </ns3:TrackPointExtension>
        </extensions>
      </trkpt>
      <trkpt lat="31.21696212328970432281494140625" lon="121.38454436324536800384521484375">
        <ele>14.3999996185302734375</ele>
        <time>2026-09-07T10:42:21.000Z</time>
        <extensions>
          <ns3:TrackPointExtension>
            <ns3:hr>146</ns3:hr>
            <ns3:cad>89</ns3:cad>
          </ns3:TrackPointExtension>
        </extensions>
      </trkpt>
      <trkpt lat="31.216940581798553466796875" lon="121.38454151339828968048095703125">
        <ele>14.3999996185302734375</ele>
        <time>2026-09-07T10:42:22.000Z</time>
        <extensions>
          <ns3:TrackPointExtension>
            <ns3:hr>146</ns3:hr>
            <ns3:cad>89</ns3:cad>
          </ns3:TrackPointExtension>
        </extensions>
      </trkpt>
      <trkpt lat="31.21691199950873851776123046875" lon="121.38453304767608642578125">
        <ele>14.6000003814697265625</ele>
        <time>2026-09-07T10:42:23.000Z</time>
        <extensions>
          <ns3:TrackPointExtension>
            <ns3:hr>146</ns3:hr>
            <ns3:cad>89</ns3:cad>
          </ns3:TrackPointExtension>
        </extensions>
      </trkpt>
      <trkpt lat="31.21688853017985820770263671875" lon="121.38452843762934207916259765625">
        <ele>14.6000003814697265625</ele>
        <time>2026-09-07T10:42:24.000Z</time>
        <extensions>
          <ns3:TrackPointExtension>
            <ns3:hr>146</ns3:hr>
            <ns3:cad>87</ns3:cad>
          </ns3:TrackPointExtension>
        </extensions>
      </trkpt>
      <trkpt lat="31.21685885824263095855712890625" lon="121.38452030718326568603515625">
        <ele>14.6000003814697265625</ele>
        <time>2026-09-07T10:42:25.000Z</time>
        <extensions>
          <ns3:TrackPointExtension>
            <ns3:hr>146</ns3:hr>
            <ns3:cad>87</ns3:cad>
          </ns3:TrackPointExtension>
        </extensions>
      </trkpt>
      <trkpt lat="31.216836981475353240966796875" lon="121.3845156133174896240234375">
        <ele>14.6000003814697265625</ele>
        <time>2026-09-07T10:42:26.000Z</time>
        <extensions>
          <ns3:TrackPointExtension>
            <ns3:hr>145</ns3:hr>
            <ns3:cad>87</ns3:cad>
          </ns3:TrackPointExtension>
        </extensions>
      </trkpt>
      <trkpt lat="31.21680823154747486114501953125" lon="121.38451360166072845458984375">
        <ele>14.6000003814697265625</ele>
        <time>2026-09-07T10:42:27.000Z</time>
        <extensions>
          <ns3:TrackPointExtension>
            <ns3:hr>145</ns3:hr>
            <ns3:cad>88</ns3:cad>
          </ns3:TrackPointExtension>
        </extensions>
      </trkpt>
      <trkpt lat="31.21678434312343597412109375" lon="121.3845117576420307159423828125">
        <ele>14.6000003814697265625</ele>
        <time>2026-09-07T10:42:28.000Z</time>
        <extensions>
          <ns3:TrackPointExtension>
            <ns3:hr>146</ns3:hr>
            <ns3:cad>88</ns3:cad>
          </ns3:TrackPointExtension>
        </extensions>
      </trkpt>
      <trkpt lat="31.21675894595682621002197265625" lon="121.38450882397592067718505859375">
        <ele>14.6000003814697265625</ele>
        <time>2026-09-07T10:42:29.000Z</time>
        <extensions>
          <ns3:TrackPointExtension>
            <ns3:hr>146</ns3:hr>
            <ns3:cad>88</ns3:cad>
          </ns3:TrackPointExtension>
        </extensions>
      </trkpt>
      <trkpt lat="31.21673296205699443817138671875" lon="121.38450153172016143798828125">
        <ele>14.6000003814697265625</ele>
        <time>2026-09-07T10:42:30.000Z</time>
        <extensions>
          <ns3:TrackPointExtension>
            <ns3:hr>146</ns3:hr>
            <ns3:cad>87</ns3:cad>
          </ns3:TrackPointExtension>
        </extensions>
      </trkpt>
      <trkpt lat="31.2167112529277801513671875" lon="121.38449859805405139923095703125">
        <ele>14.6000003814697265625</ele>
        <time>2026-09-07T10:42:31.000Z</time>
        <extensions>
          <ns3:TrackPointExtension>
            <ns3:hr>145</ns3:hr>
            <ns3:cad>87</ns3:cad>
          </ns3:TrackPointExtension>
        </extensions>
      </trkpt>
      <trkpt lat="31.21668116189539432525634765625" lon="121.38449214398860931396484375">
        <ele>14.6000003814697265625</ele>
        <time>2026-09-07T10:42:32.000Z</time>
        <extensions>
          <ns3:TrackPointExtension>
            <ns3:hr>146</ns3:hr>
            <ns3:cad>87</ns3:cad>
          </ns3:TrackPointExtension>
        </extensions>
      </trkpt>
      <trkpt lat="31.21666071005165576934814453125" lon="121.38449289835989475250244140625">
        <ele>14.6000003814697265625</ele>
        <time>2026-09-07T10:42:33.000Z</time>
        <extensions>
          <ns3:TrackPointExtension>
            <ns3:hr>146</ns3:hr>
            <ns3:cad>87</ns3:cad>
          </ns3:TrackPointExtension>
        </extensions>
      </trkpt>
      <trkpt lat="31.2166363187134265899658203125" lon="121.3844926469027996063232421875">
        <ele>14.6000003814697265625</ele>
        <time>2026-09-07T10:42:34.000Z</time>
        <extensions>
          <ns3:TrackPointExtension>
            <ns3:hr>146</ns3:hr>
            <ns3:cad>88</ns3:cad>
          </ns3:TrackPointExtension>
        </extensions>
      </trkpt>
      <trkpt lat="31.216617040336132049560546875" lon="121.38448669575154781341552734375">
        <ele>14.3999996185302734375</ele>
        <time>2026-09-07T10:42:35.000Z</time>
        <extensions>
          <ns3:TrackPointExtension>
            <ns3:hr>146</ns3:hr>
            <ns3:cad>89</ns3:cad>
          </ns3:TrackPointExtension>
        </extensions>
      </trkpt>
      <trkpt lat="31.21658879332244396209716796875" lon="121.3844829238951206207275390625">
        <ele>14.3999996185302734375</ele>
        <time>2026-09-07T10:42:36.000Z</time>
        <extensions>
          <ns3:TrackPointExtension>
            <ns3:hr>146</ns3:hr>
            <ns3:cad>89</ns3:cad>
          </ns3:TrackPointExtension>
        </extensions>
      </trkpt>
      <trkpt lat="31.21657001785933971405029296875" lon="121.38448384590446949005126953125">
        <ele>14.3999996185302734375</ele>
        <time>2026-09-07T10:42:37.000Z</time>
        <extensions>
          <ns3:TrackPointExtension>
            <ns3:hr>146</ns3:hr>
            <ns3:cad>88</ns3:cad>
          </ns3:TrackPointExtension>
        </extensions>
      </trkpt>
      <trkpt lat="31.21654721908271312713623046875" lon="121.38448401354253292083740234375">
        <ele>14.3999996185302734375</ele>
        <time>2026-09-07T10:42:38.000Z</time>
        <extensions>
          <ns3:TrackPointExtension>
            <ns3:hr>146</ns3:hr>
            <ns3:cad>88</ns3:cad>
          </ns3:TrackPointExtension>
        </extensions>
      </trkpt>
      <trkpt lat="31.21652550995349884033203125" lon="121.3844902999699115753173828125">
        <ele>14.6000003814697265625</ele>
        <time>2026-09-07T10:42:39.000Z</time>
        <extensions>
          <ns3:TrackPointExtension>
            <ns3:hr>145</ns3:hr>
            <ns3:cad>88</ns3:cad>
          </ns3:TrackPointExtension>
        </extensions>
      </trkpt>
      <trkpt lat="31.21651587076485157012939453125" lon="121.38451368547976016998291015625">
        <ele>14.6000003814697265625</ele>
        <time>2026-09-07T10:42:40.000Z</time>
        <extensions>
          <ns3:TrackPointExtension>
            <ns3:hr>146</ns3:hr>
            <ns3:cad>88</ns3:cad>
          </ns3:TrackPointExtension>
        </extensions>
      </trkpt>
      <trkpt lat="31.21650539338588714599609375" lon="121.38453732244670391082763671875">
        <ele>14.6000003814697265625</ele>
        <time>2026-09-07T10:42:41.000Z</time>
        <extensions>
          <ns3:TrackPointExtension>
            <ns3:hr>146</ns3:hr>
            <ns3:cad>88</ns3:cad>
          </ns3:TrackPointExtension>
        </extensions>
      </trkpt>
      <trkpt lat="31.2165008671581745147705078125" lon="121.38455676846206188201904296875">
        <ele>14.6000003814697265625</ele>
        <time>2026-09-07T10:42:42.000Z</time>
        <extensions>
          <ns3:TrackPointExtension>
            <ns3:hr>146</ns3:hr>
            <ns3:cad>87</ns3:cad>
          </ns3:TrackPointExtension>
        </extensions>
      </trkpt>
      <trkpt lat="31.21649206615984439849853515625" lon="121.3845855183899402618408203125">
        <ele>14.6000003814697265625</ele>
        <time>2026-09-07T10:42:43.000Z</time>
        <extensions>
          <ns3:TrackPointExtension>
            <ns3:hr>145</ns3:hr>
            <ns3:cad>85</ns3:cad>
          </ns3:TrackPointExtension>
        </extensions>
      </trkpt>
      <trkpt lat="31.2164881266653537750244140625" lon="121.384599767625331878662109375">
        <ele>14.6000003814697265625</ele>
        <time>2026-09-07T10:42:44.000Z</time>
        <extensions>
          <ns3:TrackPointExtension>
            <ns3:hr>146</ns3:hr>
            <ns3:cad>85</ns3:cad>
          </ns3:TrackPointExtension>
        </extensions>
      </trkpt>
      <trkpt lat="31.2164763920009136199951171875" lon="121.384623236954212188720703125">
        <ele>14.6000003814697265625</ele>
        <time>2026-09-07T10:42:45.000Z</time>
        <extensions>
          <ns3:TrackPointExtension>
            <ns3:hr>146</ns3:hr>
            <ns3:cad>85</ns3:cad>
          </ns3:TrackPointExtension>
        </extensions>
      </trkpt>
      <trkpt lat="31.2164676748216152191162109375" lon="121.3846398331224918365478515625">
        <ele>14.80000019073486328125</ele>
        <time>2026-09-07T10:42:46.000Z</time>
        <extensions>
          <ns3:TrackPointExtension>
            <ns3:hr>145</ns3:hr>
            <ns3:cad>86</ns3:cad>
          </ns3:TrackPointExtension>
        </extensions>
      </trkpt>
      <trkpt lat="31.21645468287169933319091796875" lon="121.38466388918459415435791015625">
        <ele>14.80000019073486328125</ele>
        <time>2026-09-07T10:42:47.000Z</time>
        <extensions>
          <ns3:TrackPointExtension>
            <ns3:hr>145</ns3:hr>
            <ns3:cad>87</ns3:cad>
          </ns3:TrackPointExtension>
        </extensions>
      </trkpt>
      <trkpt lat="31.2164442054927349090576171875" lon="121.38468517921864986419677734375">
        <ele>14.80000019073486328125</ele>
        <time>2026-09-07T10:42:48.000Z</time>
        <extensions>
          <ns3:TrackPointExtension>
            <ns3:hr>145</ns3:hr>
            <ns3:cad>87</ns3:cad>
          </ns3:TrackPointExtension>
        </extensions>
      </trkpt>
      <trkpt lat="31.21643691323697566986083984375" lon="121.38471074402332305908203125">
        <ele>14.80000019073486328125</ele>
        <time>2026-09-07T10:42:49.000Z</time>
        <extensions>
          <ns3:TrackPointExtension>
            <ns3:hr>145</ns3:hr>
            <ns3:cad>87</ns3:cad>
          </ns3:TrackPointExtension>
        </extensions>
      </trkpt>
      <trkpt lat="31.21642936952412128448486328125" lon="121.38473547063767910003662109375">
        <ele>14.80000019073486328125</ele>
        <time>2026-09-07T10:42:50.000Z</time>
        <extensions>
          <ns3:TrackPointExtension>
            <ns3:hr>145</ns3:hr>
            <ns3:cad>87</ns3:cad>
          </ns3:TrackPointExtension>
        </extensions>
      </trkpt>
      <trkpt lat="31.21642651967704296112060546875" lon="121.38476170599460601806640625">
        <ele>14.6000003814697265625</ele>
        <time>2026-09-07T10:42:51.000Z</time>
        <extensions>
          <ns3:TrackPointExtension>
            <ns3:hr>146</ns3:hr>
            <ns3:cad>87</ns3:cad>
          </ns3:TrackPointExtension>
        </extensions>
      </trkpt>
      <trkpt lat="31.21642291545867919921875" lon="121.384787522256374359130859375">
        <ele>14.6000003814697265625</ele>
        <time>2026-09-07T10:42:52.000Z</time>
        <extensions>
          <ns3:TrackPointExtension>
            <ns3:hr>145</ns3:hr>
            <ns3:cad>87</ns3:cad>
          </ns3:TrackPointExtension>
        </extensions>
      </trkpt>
      <trkpt lat="31.21641947887837886810302734375" lon="121.3848160207271575927734375">
        <ele>14.3999996185302734375</ele>
        <time>2026-09-07T10:42:53.000Z</time>
        <extensions>
          <ns3:TrackPointExtension>
            <ns3:hr>145</ns3:hr>
            <ns3:cad>89</ns3:cad>
          </ns3:TrackPointExtension>
        </extensions>
      </trkpt>
      <trkpt lat="31.2164083309471607208251953125" lon="121.38484829105436801910400390625">
        <ele>14.3999996185302734375</ele>
        <time>2026-09-07T10:42:54.000Z</time>
        <extensions>
          <ns3:TrackPointExtension>
            <ns3:hr>145</ns3:hr>
            <ns3:cad>89</ns3:cad>
          </ns3:TrackPointExtension>
        </extensions>
      </trkpt>
      <trkpt lat="31.21640615165233612060546875" lon="121.38487796299159526824951171875">
        <ele>14.3999996185302734375</ele>
        <time>2026-09-07T10:42:55.000Z</time>
        <extensions>
          <ns3:TrackPointExtension>
            <ns3:hr>146</ns3:hr>
            <ns3:cad>88</ns3:cad>
          </ns3:TrackPointExtension>
        </extensions>
      </trkpt>
      <trkpt lat="31.216402463614940643310546875" lon="121.38491584919393062591552734375">
        <ele>14.3999996185302734375</ele>
        <time>2026-09-07T10:42:56.000Z</time>
        <extensions>
          <ns3:TrackPointExtension>
            <ns3:hr>145</ns3:hr>
            <ns3:cad>88</ns3:cad>
          </ns3:TrackPointExtension>
        </extensions>
      </trkpt>
      <trkpt lat="31.21640288271009922027587890625" lon="121.38494367711246013641357421875">
        <ele>14.19999980926513671875</ele>
        <time>2026-09-07T10:42:57.000Z</time>
        <extensions>
          <ns3:TrackPointExtension>
            <ns3:hr>145</ns3:hr>
            <ns3:cad>88</ns3:cad>
          </ns3:TrackPointExtension>
        </extensions>
      </trkpt>
      <trkpt lat="31.21640087105333805084228515625" lon="121.38497116975486278533935546875">
        <ele>14.19999980926513671875</ele>
        <time>2026-09-07T10:42:58.000Z</time>
        <extensions>
          <ns3:TrackPointExtension>
            <ns3:hr>145</ns3:hr>
            <ns3:cad>88</ns3:cad>
          </ns3:TrackPointExtension>
        </extensions>
      </trkpt>
      <trkpt lat="31.2164006195962429046630859375" lon="121.38499799184501171112060546875">
        <ele>14.19999980926513671875</ele>
        <time>2026-09-07T10:42:59.000Z</time>
        <extensions>
          <ns3:TrackPointExtension>
            <ns3:hr>146</ns3:hr>
            <ns3:cad>89</ns3:cad>
          </ns3:TrackPointExtension>
        </extensions>
      </trkpt>
      <trkpt lat="31.21638947166502475738525390625" lon="121.38503101654350757598876953125">
        <ele>14</ele>
        <time>2026-09-07T10:43:00.000Z</time>
        <extensions>
          <ns3:TrackPointExtension>
            <ns3:hr>146</ns3:hr>
            <ns3:cad>90</ns3:cad>
          </ns3:TrackPointExtension>
        </extensions>
      </trkpt>
      <trkpt lat="31.2163867056369781494140625" lon="121.3850555755198001861572265625">
        <ele>14</ele>
        <time>2026-09-07T10:43:01.000Z</time>
        <extensions>
          <ns3:TrackPointExtension>
            <ns3:hr>146</ns3:hr>
            <ns3:cad>90</ns3:cad>
          </ns3:TrackPointExtension>
        </extensions>
      </trkpt>
      <trkpt lat="31.21637907810509204864501953125" lon="121.385085918009281158447265625">
        <ele>14</ele>
        <time>2026-09-07T10:43:02.000Z</time>
        <extensions>
          <ns3:TrackPointExtension>
            <ns3:hr>146</ns3:hr>
            <ns3:cad>88</ns3:cad>
          </ns3:TrackPointExtension>
        </extensions>
      </trkpt>
      <trkpt lat="31.2163759768009185791015625" lon="121.38511315919458866119384765625">
        <ele>14</ele>
        <time>2026-09-07T10:43:03.000Z</time>
        <extensions>
          <ns3:TrackPointExtension>
            <ns3:hr>146</ns3:hr>
            <ns3:cad>88</ns3:cad>
          </ns3:TrackPointExtension>
        </extensions>
      </trkpt>
      <trkpt lat="31.2163684330880641937255859375" lon="121.3851407356560230255126953125">
        <ele>14</ele>
        <time>2026-09-07T10:43:04.000Z</time>
        <extensions>
          <ns3:TrackPointExtension>
            <ns3:hr>146</ns3:hr>
            <ns3:cad>88</ns3:cad>
          </ns3:TrackPointExtension>
        </extensions>
      </trkpt>
      <trkpt lat="31.21636885218322277069091796875" lon="121.38516713865101337432861328125">
        <ele>14</ele>
        <time>2026-09-07T10:43:05.000Z</time>
        <extensions>
          <ns3:TrackPointExtension>
            <ns3:hr>145</ns3:hr>
            <ns3:cad>88</ns3:cad>
          </ns3:TrackPointExtension>
        </extensions>
      </trkpt>
      <trkpt lat="31.21636432595551013946533203125" lon="121.38519429601728916168212890625">
        <ele>13.80000019073486328125</ele>
        <time>2026-09-07T10:43:06.000Z</time>
        <extensions>
          <ns3:TrackPointExtension>
            <ns3:hr>146</ns3:hr>
            <ns3:cad>89</ns3:cad>
          </ns3:TrackPointExtension>
        </extensions>
      </trkpt>
      <trkpt lat="31.21635745279490947723388671875" lon="121.3852208666503429412841796875">
        <ele>13.80000019073486328125</ele>
        <time>2026-09-07T10:43:07.000Z</time>
        <extensions>
          <ns3:TrackPointExtension>
            <ns3:hr>146</ns3:hr>
            <ns3:cad>89</ns3:cad>
          </ns3:TrackPointExtension>
        </extensions>
      </trkpt>
      <trkpt lat="31.216352842748165130615234375" lon="121.38525196351110935211181640625">
        <ele>13.80000019073486328125</ele>
        <time>2026-09-07T10:43:08.000Z</time>
        <extensions>
          <ns3:TrackPointExtension>
            <ns3:hr>146</ns3:hr>
            <ns3:cad>88</ns3:cad>
          </ns3:TrackPointExtension>
        </extensions>
      </trkpt>
      <trkpt lat="31.2163489870727062225341796875" lon="121.3852800428867340087890625">
        <ele>13.80000019073486328125</ele>
        <time>2026-09-07T10:43:09.000Z</time>
        <extensions>
          <ns3:TrackPointExtension>
            <ns3:hr>146</ns3:hr>
            <ns3:cad>87</ns3:cad>
          </ns3:TrackPointExtension>
        </extensions>
      </trkpt>
      <trkpt lat="31.216345131397247314453125" lon="121.3853053562343120574951171875">
        <ele>13.80000019073486328125</ele>
        <time>2026-09-07T10:43:10.000Z</time>
        <extensions>
          <ns3:TrackPointExtension>
            <ns3:hr>146</ns3:hr>
            <ns3:cad>87</ns3:cad>
          </ns3:TrackPointExtension>
        </extensions>
      </trkpt>
      <trkpt lat="31.2163382582366466522216796875" lon="121.38533360324800014495849609375">
        <ele>13.80000019073486328125</ele>
        <time>2026-09-07T10:43:11.000Z</time>
        <extensions>
          <ns3:TrackPointExtension>
            <ns3:hr>146</ns3:hr>
            <ns3:cad>87</ns3:cad>
          </ns3:TrackPointExtension>
        </extensions>
      </trkpt>
      <trkpt lat="31.21633079834282398223876953125" lon="121.38536813668906688690185546875">
        <ele>13.80000019073486328125</ele>
        <time>2026-09-07T10:43:12.000Z</time>
        <extensions>
          <ns3:TrackPointExtension>
            <ns3:hr>147</ns3:hr>
            <ns3:cad>89</ns3:cad>
          </ns3:TrackPointExtension>
        </extensions>
      </trkpt>
      <trkpt lat="31.21632677502930164337158203125" lon="121.3853992335498332977294921875">
        <ele>14</ele>
        <time>2026-09-07T10:43:13.000Z</time>
        <extensions>
          <ns3:TrackPointExtension>
            <ns3:hr>147</ns3:hr>
            <ns3:cad>89</ns3:cad>
          </ns3:TrackPointExtension>
        </extensions>
      </trkpt>
      <trkpt lat="31.2163168005645275115966796875" lon="121.385427899658679962158203125">
        <ele>14</ele>
        <time>2026-09-07T10:43:14.000Z</time>
        <extensions>
          <ns3:TrackPointExtension>
            <ns3:hr>147</ns3:hr>
            <ns3:cad>88</ns3:cad>
          </ns3:TrackPointExtension>
        </extensions>
      </trkpt>
      <trkpt lat="31.2163074128329753875732421875" lon="121.38545564375817775726318359375">
        <ele>14</ele>
        <time>2026-09-07T10:43:15.000Z</time>
        <extensions>
          <ns3:TrackPointExtension>
            <ns3:hr>147</ns3:hr>
            <ns3:cad>88</ns3:cad>
          </ns3:TrackPointExtension>
        </extensions>
      </trkpt>
      <trkpt lat="31.21630447916686534881591796875" lon="121.385478191077709197998046875">
        <ele>14</ele>
        <time>2026-09-07T10:43:16.000Z</time>
        <extensions>
          <ns3:TrackPointExtension>
            <ns3:hr>147</ns3:hr>
            <ns3:cad>88</ns3:cad>
          </ns3:TrackPointExtension>
        </extensions>
      </trkpt>
      <trkpt lat="31.21629090048372745513916015625" lon="121.3855045102536678314208984375">
        <ele>14</ele>
        <time>2026-09-07T10:43:17.000Z</time>
        <extensions>
          <ns3:TrackPointExtension>
            <ns3:hr>147</ns3:hr>
            <ns3:cad>88</ns3:cad>
          </ns3:TrackPointExtension>
        </extensions>
      </trkpt>
      <trkpt lat="31.21628151275217533111572265625" lon="121.3855266384780406951904296875">
        <ele>14</ele>
        <time>2026-09-07T10:43:18.000Z</time>
        <extensions>
          <ns3:TrackPointExtension>
            <ns3:hr>147</ns3:hr>
            <ns3:cad>89</ns3:cad>
          </ns3:TrackPointExtension>
        </extensions>
      </trkpt>
      <trkpt lat="31.21627111919224262237548828125" lon="121.385558657348155975341796875">
        <ele>14</ele>
        <time>2026-09-07T10:43:19.000Z</time>
        <extensions>
          <ns3:TrackPointExtension>
            <ns3:hr>147</ns3:hr>
            <ns3:cad>89</ns3:cad>
          </ns3:TrackPointExtension>
        </extensions>
      </trkpt>
      <trkpt lat="31.21626927517354488372802734375" lon="121.38559293933212757110595703125">
        <ele>14</ele>
        <time>2026-09-07T10:43:20.000Z</time>
        <extensions>
          <ns3:TrackPointExtension>
            <ns3:hr>147</ns3:hr>
            <ns3:cad>88</ns3:cad>
          </ns3:TrackPointExtension>
        </extensions>
      </trkpt>
      <trkpt lat="31.2162594683468341827392578125" lon="121.38562403619289398193359375">
        <ele>14</ele>
        <time>2026-09-07T10:43:21.000Z</time>
        <extensions>
          <ns3:TrackPointExtension>
            <ns3:hr>147</ns3:hr>
            <ns3:cad>87</ns3:cad>
          </ns3:TrackPointExtension>
        </extensions>
      </trkpt>
      <trkpt lat="31.21625184081494808197021484375" lon="121.385651528835296630859375">
        <ele>14</ele>
        <time>2026-09-07T10:43:22.000Z</time>
        <extensions>
          <ns3:TrackPointExtension>
            <ns3:hr>147</ns3:hr>
            <ns3:cad>87</ns3:cad>
          </ns3:TrackPointExtension>
        </extensions>
      </trkpt>
      <trkpt lat="31.2162440456449985504150390625" lon="121.38568446971476078033447265625">
        <ele>14</ele>
        <time>2026-09-07T10:43:23.000Z</time>
        <extensions>
          <ns3:TrackPointExtension>
            <ns3:hr>147</ns3:hr>
            <ns3:cad>88</ns3:cad>
          </ns3:TrackPointExtension>
        </extensions>
      </trkpt>
      <trkpt lat="31.2162366695702075958251953125" lon="121.3857127167284488677978515625">
        <ele>14</ele>
        <time>2026-09-07T10:43:24.000Z</time>
        <extensions>
          <ns3:TrackPointExtension>
            <ns3:hr>147</ns3:hr>
            <ns3:cad>89</ns3:cad>
          </ns3:TrackPointExtension>
        </extensions>
      </trkpt>
      <trkpt lat="31.2162252701818943023681640625" lon="121.3857472501695156097412109375">
        <ele>14</ele>
        <time>2026-09-07T10:43:25.000Z</time>
        <extensions>
          <ns3:TrackPointExtension>
            <ns3:hr>147</ns3:hr>
            <ns3:cad>89</ns3:cad>
          </ns3:TrackPointExtension>
        </extensions>
      </trkpt>
      <trkpt lat="31.21622149832546710968017578125" lon="121.38577423989772796630859375">
        <ele>14</ele>
        <time>2026-09-07T10:43:26.000Z</time>
        <extensions>
          <ns3:TrackPointExtension>
            <ns3:hr>147</ns3:hr>
            <ns3:cad>89</ns3:cad>
          </ns3:TrackPointExtension>
        </extensions>
      </trkpt>
      <trkpt lat="31.2162152118980884552001953125" lon="121.3858059234917163848876953125">
        <ele>14</ele>
        <time>2026-09-07T10:43:27.000Z</time>
        <extensions>
          <ns3:TrackPointExtension>
            <ns3:hr>147</ns3:hr>
            <ns3:cad>88</ns3:cad>
          </ns3:TrackPointExtension>
        </extensions>
      </trkpt>
      <trkpt lat="31.21621160767972469329833984375" lon="121.385832913219928741455078125">
        <ele>14</ele>
        <time>2026-09-07T10:43:28.000Z</time>
        <extensions>
          <ns3:TrackPointExtension>
            <ns3:hr>147</ns3:hr>
            <ns3:cad>88</ns3:cad>
          </ns3:TrackPointExtension>
        </extensions>
      </trkpt>
      <trkpt lat="31.21620238758623600006103515625" lon="121.38586484827101230621337890625">
        <ele>14</ele>
        <time>2026-09-07T10:43:29.000Z</time>
        <extensions>
          <ns3:TrackPointExtension>
            <ns3:hr>147</ns3:hr>
            <ns3:cad>88</ns3:cad>
          </ns3:TrackPointExtension>
        </extensions>
      </trkpt>
      <trkpt lat="31.2162018008530139923095703125" lon="121.38589267618954181671142578125">
        <ele>14</ele>
        <time>2026-09-07T10:43:30.000Z</time>
        <extensions>
          <ns3:TrackPointExtension>
            <ns3:hr>147</ns3:hr>
            <ns3:cad>89</ns3:cad>
          </ns3:TrackPointExtension>
        </extensions>
      </trkpt>
      <trkpt lat="31.216194592416286468505859375" lon="121.385922767221927642822265625">
        <ele>14</ele>
        <time>2026-09-07T10:43:31.000Z</time>
        <extensions>
          <ns3:TrackPointExtension>
            <ns3:hr>147</ns3:hr>
            <ns3:cad>90</ns3:cad>
          </ns3:TrackPointExtension>
        </extensions>
      </trkpt>
      <trkpt lat="31.21619115583598613739013671875" lon="121.38594917021691799163818359375">
        <ele>14</ele>
        <time>2026-09-07T10:43:32.000Z</time>
        <extensions>
          <ns3:TrackPointExtension>
            <ns3:hr>147</ns3:hr>
            <ns3:cad>90</ns3:cad>
          </ns3:TrackPointExtension>
        </extensions>
      </trkpt>
      <trkpt lat="31.21618193574249744415283203125" lon="121.38598152436316013336181640625">
        <ele>13.80000019073486328125</ele>
        <time>2026-09-07T10:43:33.000Z</time>
        <extensions>
          <ns3:TrackPointExtension>
            <ns3:hr>147</ns3:hr>
            <ns3:cad>89</ns3:cad>
          </ns3:TrackPointExtension>
        </extensions>
      </trkpt>
      <trkpt lat="31.21618126519024372100830078125" lon="121.386005915701389312744140625">
        <ele>13.80000019073486328125</ele>
        <time>2026-09-07T10:43:34.000Z</time>
        <extensions>
          <ns3:TrackPointExtension>
            <ns3:hr>147</ns3:hr>
            <ns3:cad>89</ns3:cad>
          </ns3:TrackPointExtension>
        </extensions>
      </trkpt>
      <trkpt lat="31.21617556549608707427978515625" lon="121.3860355876386165618896484375">
        <ele>13.80000019073486328125</ele>
        <time>2026-09-07T10:43:35.000Z</time>
        <extensions>
          <ns3:TrackPointExtension>
            <ns3:hr>147</ns3:hr>
            <ns3:cad>89</ns3:cad>
          </ns3:TrackPointExtension>
        </extensions>
      </trkpt>
      <trkpt lat="31.2161729671061038970947265625" lon="121.38606266118586063385009765625">
        <ele>13.80000019073486328125</ele>
        <time>2026-09-07T10:43:36.000Z</time>
        <extensions>
          <ns3:TrackPointExtension>
            <ns3:hr>147</ns3:hr>
            <ns3:cad>89</ns3:cad>
          </ns3:TrackPointExtension>
        </extensions>
      </trkpt>
      <trkpt lat="31.2161672674119472503662109375" lon="121.3860925845801830291748046875">
        <ele>13.80000019073486328125</ele>
        <time>2026-09-07T10:43:37.000Z</time>
        <extensions>
          <ns3:TrackPointExtension>
            <ns3:hr>147</ns3:hr>
            <ns3:cad>90</ns3:cad>
          </ns3:TrackPointExtension>
        </extensions>
      </trkpt>
      <trkpt lat="31.2161642499268054962158203125" lon="121.38612083159387111663818359375">
        <ele>13.80000019073486328125</ele>
        <time>2026-09-07T10:43:38.000Z</time>
        <extensions>
          <ns3:TrackPointExtension>
            <ns3:hr>147</ns3:hr>
            <ns3:cad>90</ns3:cad>
          </ns3:TrackPointExtension>
        </extensions>
      </trkpt>
      <trkpt lat="31.2161598913371562957763671875" lon="121.38614840805530548095703125">
        <ele>13.80000019073486328125</ele>
        <time>2026-09-07T10:43:39.000Z</time>
        <extensions>
          <ns3:TrackPointExtension>
            <ns3:hr>147</ns3:hr>
            <ns3:cad>89</ns3:cad>
          </ns3:TrackPointExtension>
        </extensions>
      </trkpt>
      <trkpt lat="31.2161531858146190643310546875" lon="121.3861759006977081298828125">
        <ele>14</ele>
        <time>2026-09-07T10:43:40.000Z</time>
        <extensions>
          <ns3:TrackPointExtension>
            <ns3:hr>147</ns3:hr>
            <ns3:cad>88</ns3:cad>
          </ns3:TrackPointExtension>
        </extensions>
      </trkpt>
      <trkpt lat="31.21613935567438602447509765625" lon="121.386204063892364501953125">
        <ele>13.80000019073486328125</ele>
        <time>2026-09-07T10:43:41.000Z</time>
        <extensions>
          <ns3:TrackPointExtension>
            <ns3:hr>147</ns3:hr>
            <ns3:cad>88</ns3:cad>
          </ns3:TrackPointExtension>
        </extensions>
      </trkpt>
      <trkpt lat="31.216130889952182769775390625" lon="121.38623113743960857391357421875">
        <ele>13.80000019073486328125</ele>
        <time>2026-09-07T10:43:42.000Z</time>
        <extensions>
          <ns3:TrackPointExtension>
            <ns3:hr>147</ns3:hr>
            <ns3:cad>88</ns3:cad>
          </ns3:TrackPointExtension>
        </extensions>
      </trkpt>
      <trkpt lat="31.216125190258026123046875" lon="121.38626147992908954620361328125">
        <ele>13.80000019073486328125</ele>
        <time>2026-09-07T10:43:43.000Z</time>
        <extensions>
          <ns3:TrackPointExtension>
            <ns3:hr>147</ns3:hr>
            <ns3:cad>89</ns3:cad>
          </ns3:TrackPointExtension>
        </extensions>
      </trkpt>
      <trkpt lat="31.21612074784934520721435546875" lon="121.386288888752460479736328125">
        <ele>13.6000003814697265625</ele>
        <time>2026-09-07T10:43:44.000Z</time>
        <extensions>
          <ns3:TrackPointExtension>
            <ns3:hr>147</ns3:hr>
            <ns3:cad>89</ns3:cad>
          </ns3:TrackPointExtension>
        </extensions>
      </trkpt>
      <trkpt lat="31.2161116115748882293701171875" lon="121.38631604611873626708984375">
        <ele>13.6000003814697265625</ele>
        <time>2026-09-07T10:43:45.000Z</time>
        <extensions>
          <ns3:TrackPointExtension>
            <ns3:hr>147</ns3:hr>
            <ns3:cad>89</ns3:cad>
          </ns3:TrackPointExtension>
        </extensions>
      </trkpt>
      <trkpt lat="31.21610482223331928253173828125" lon="121.38634395785629749298095703125">
        <ele>13.6000003814697265625</ele>
        <time>2026-09-07T10:43:46.000Z</time>
        <extensions>
          <ns3:TrackPointExtension>
            <ns3:hr>147</ns3:hr>
            <ns3:cad>88</ns3:cad>
          </ns3:TrackPointExtension>
        </extensions>
      </trkpt>
      <trkpt lat="31.21609811671078205108642578125" lon="121.38638050295412540435791015625">
        <ele>13.6000003814697265625</ele>
        <time>2026-09-07T10:43:47.000Z</time>
        <extensions>
          <ns3:TrackPointExtension>
            <ns3:hr>147</ns3:hr>
            <ns3:cad>88</ns3:cad>
          </ns3:TrackPointExtension>
        </extensions>
      </trkpt>
      <trkpt lat="31.21609141118824481964111328125" lon="121.3864114321768283843994140625">
        <ele>13.6000003814697265625</ele>
        <time>2026-09-07T10:43:48.000Z</time>
        <extensions>
          <ns3:TrackPointExtension>
            <ns3:hr>146</ns3:hr>
            <ns3:cad>88</ns3:cad>
          </ns3:TrackPointExtension>
        </extensions>
      </trkpt>
      <trkpt lat="31.216085962951183319091796875" lon="121.38643884100019931793212890625">
        <ele>13.6000003814697265625</ele>
        <time>2026-09-07T10:43:49.000Z</time>
        <extensions>
          <ns3:TrackPointExtension>
            <ns3:hr>146</ns3:hr>
            <ns3:cad>89</ns3:cad>
          </ns3:TrackPointExtension>
        </extensions>
      </trkpt>
      <trkpt lat="31.2160787545144557952880859375" lon="121.38646750710904598236083984375">
        <ele>13.6000003814697265625</ele>
        <time>2026-09-07T10:43:50.000Z</time>
        <extensions>
          <ns3:TrackPointExtension>
            <ns3:hr>147</ns3:hr>
            <ns3:cad>89</ns3:cad>
          </ns3:TrackPointExtension>
        </extensions>
      </trkpt>
      <trkpt lat="31.21607196517288684844970703125" lon="121.3864942453801631927490234375">
        <ele>13.6000003814697265625</ele>
        <time>2026-09-07T10:43:51.000Z</time>
        <extensions>
          <ns3:TrackPointExtension>
            <ns3:hr>147</ns3:hr>
            <ns3:cad>89</ns3:cad>
          </ns3:TrackPointExtension>
        </extensions>
      </trkpt>
      <trkpt lat="31.21606375090777873992919921875" lon="121.38652659952640533447265625">
        <ele>13.6000003814697265625</ele>
        <time>2026-09-07T10:43:52.000Z</time>
        <extensions>
          <ns3:TrackPointExtension>
            <ns3:hr>147</ns3:hr>
            <ns3:cad>89</ns3:cad>
          </ns3:TrackPointExtension>
        </extensions>
      </trkpt>
      <trkpt lat="31.216060481965541839599609375" lon="121.38655853457748889923095703125">
        <ele>13.6000003814697265625</ele>
        <time>2026-09-07T10:43:53.000Z</time>
        <extensions>
          <ns3:TrackPointExtension>
            <ns3:hr>147</ns3:hr>
            <ns3:cad>89</ns3:cad>
          </ns3:TrackPointExtension>
        </extensions>
      </trkpt>
      <trkpt lat="31.216053105890750885009765625" lon="121.38659072108566761016845703125">
        <ele>13.6000003814697265625</ele>
        <time>2026-09-07T10:43:54.000Z</time>
        <extensions>
          <ns3:TrackPointExtension>
            <ns3:hr>147</ns3:hr>
            <ns3:cad>89</ns3:cad>
          </ns3:TrackPointExtension>
        </extensions>
      </trkpt>
      <trkpt lat="31.21604782529175281524658203125" lon="121.38662106357514858245849609375">
        <ele>13.6000003814697265625</ele>
        <time>2026-09-07T10:43:55.000Z</time>
        <extensions>
          <ns3:TrackPointExtension>
            <ns3:hr>147</ns3:hr>
            <ns3:cad>89</ns3:cad>
          </ns3:TrackPointExtension>
        </extensions>
      </trkpt>
      <trkpt lat="31.21603860519826412200927734375" lon="121.38665492646396160125732421875">
        <ele>13.6000003814697265625</ele>
        <time>2026-09-07T10:43:56.000Z</time>
        <extensions>
          <ns3:TrackPointExtension>
            <ns3:hr>147</ns3:hr>
            <ns3:cad>89</ns3:cad>
          </ns3:TrackPointExtension>
        </extensions>
      </trkpt>
      <trkpt lat="31.21603441424667835235595703125" lon="121.3866783119738101959228515625">
        <ele>13.6000003814697265625</ele>
        <time>2026-09-07T10:43:57.000Z</time>
        <extensions>
          <ns3:TrackPointExtension>
            <ns3:hr>148</ns3:hr>
            <ns3:cad>90</ns3:cad>
          </ns3:TrackPointExtension>
        </extensions>
      </trkpt>
      <trkpt lat="31.2160291336476802825927734375" lon="121.38670622371137142181396484375">
        <ele>13.6000003814697265625</ele>
        <time>2026-09-07T10:43:58.000Z</time>
        <extensions>
          <ns3:TrackPointExtension>
            <ns3:hr>147</ns3:hr>
            <ns3:cad>90</ns3:cad>
          </ns3:TrackPointExtension>
        </extensions>
      </trkpt>
      <trkpt lat="31.21602888219058513641357421875" lon="121.386729441583156585693359375">
        <ele>13.6000003814697265625</ele>
        <time>2026-09-07T10:43:59.000Z</time>
        <extensions>
          <ns3:TrackPointExtension>
            <ns3:hr>147</ns3:hr>
            <ns3:cad>88</ns3:cad>
          </ns3:TrackPointExtension>
        </extensions>
      </trkpt>
      <trkpt lat="31.2160192430019378662109375" lon="121.386759281158447265625">
        <ele>13.6000003814697265625</ele>
        <time>2026-09-07T10:44:00.000Z</time>
        <extensions>
          <ns3:TrackPointExtension>
            <ns3:hr>147</ns3:hr>
            <ns3:cad>88</ns3:cad>
          </ns3:TrackPointExtension>
        </extensions>
      </trkpt>
      <trkpt lat="31.21601329185068607330322265625" lon="121.38678082264959812164306640625">
        <ele>13.6000003814697265625</ele>
        <time>2026-09-07T10:44:01.000Z</time>
        <extensions>
          <ns3:TrackPointExtension>
            <ns3:hr>148</ns3:hr>
            <ns3:cad>88</ns3:cad>
          </ns3:TrackPointExtension>
        </extensions>
      </trkpt>
      <trkpt lat="31.2160046584904193878173828125" lon="121.386813260614871978759765625">
        <ele>13.6000003814697265625</ele>
        <time>2026-09-07T10:44:02.000Z</time>
        <extensions>
          <ns3:TrackPointExtension>
            <ns3:hr>147</ns3:hr>
            <ns3:cad>89</ns3:cad>
          </ns3:TrackPointExtension>
        </extensions>
      </trkpt>
      <trkpt lat="31.216002143919467926025390625" lon="121.386836729943752288818359375">
        <ele>13.6000003814697265625</ele>
        <time>2026-09-07T10:44:03.000Z</time>
        <extensions>
          <ns3:TrackPointExtension>
            <ns3:hr>147</ns3:hr>
            <ns3:cad>90</ns3:cad>
          </ns3:TrackPointExtension>
        </extensions>
      </trkpt>
      <trkpt lat="31.21599367819726467132568359375" lon="121.38686866499483585357666015625">
        <ele>13.6000003814697265625</ele>
        <time>2026-09-07T10:44:04.000Z</time>
        <extensions>
          <ns3:TrackPointExtension>
            <ns3:hr>147</ns3:hr>
            <ns3:cad>90</ns3:cad>
          </ns3:TrackPointExtension>
        </extensions>
      </trkpt>
      <trkpt lat="31.21598345227539539337158203125" lon="121.3868915475904941558837890625">
        <ele>13.6000003814697265625</ele>
        <time>2026-09-07T10:44:05.000Z</time>
        <extensions>
          <ns3:TrackPointExtension>
            <ns3:hr>147</ns3:hr>
            <ns3:cad>89</ns3:cad>
          </ns3:TrackPointExtension>
        </extensions>
      </trkpt>
      <trkpt lat="31.215975321829319000244140625" lon="121.38692314736545085906982421875">
        <ele>13.6000003814697265625</ele>
        <time>2026-09-07T10:44:06.000Z</time>
        <extensions>
          <ns3:TrackPointExtension>
            <ns3:hr>147</ns3:hr>
            <ns3:cad>88</ns3:cad>
          </ns3:TrackPointExtension>
        </extensions>
      </trkpt>
      <trkpt lat="31.21597456745803356170654296875" lon="121.38694510795176029205322265625">
        <ele>13.6000003814697265625</ele>
        <time>2026-09-07T10:44:07.000Z</time>
        <extensions>
          <ns3:TrackPointExtension>
            <ns3:hr>147</ns3:hr>
            <ns3:cad>88</ns3:cad>
          </ns3:TrackPointExtension>
        </extensions>
      </trkpt>
      <trkpt lat="31.21596685610711574554443359375" lon="121.38697528280317783355712890625">
        <ele>13.6000003814697265625</ele>
        <time>2026-09-07T10:44:08.000Z</time>
        <extensions>
          <ns3:TrackPointExtension>
            <ns3:hr>148</ns3:hr>
            <ns3:cad>88</ns3:cad>
          </ns3:TrackPointExtension>
        </extensions>
      </trkpt>
      <trkpt lat="31.21596115641295909881591796875" lon="121.38700076378881931304931640625">
        <ele>13.3999996185302734375</ele>
        <time>2026-09-07T10:44:09.000Z</time>
        <extensions>
          <ns3:TrackPointExtension>
            <ns3:hr>147</ns3:hr>
            <ns3:cad>89</ns3:cad>
          </ns3:TrackPointExtension>
        </extensions>
      </trkpt>
      <trkpt lat="31.2159523554146289825439453125" lon="121.38702926225960254669189453125">
        <ele>13.3999996185302734375</ele>
        <time>2026-09-07T10:44:10.000Z</time>
        <extensions>
          <ns3:TrackPointExtension>
            <ns3:hr>147</ns3:hr>
            <ns3:cad>89</ns3:cad>
          </ns3:TrackPointExtension>
        </extensions>
      </trkpt>
      <trkpt lat="31.21594606898725032806396484375" lon="121.38705055229365825653076171875">
        <ele>13.3999996185302734375</ele>
        <time>2026-09-07T10:44:11.000Z</time>
        <extensions>
          <ns3:TrackPointExtension>
            <ns3:hr>147</ns3:hr>
            <ns3:cad>88</ns3:cad>
          </ns3:TrackPointExtension>
        </extensions>
      </trkpt>
      <trkpt lat="31.2159392796456813812255859375" lon="121.3870779611170291900634765625">
        <ele>13.6000003814697265625</ele>
        <time>2026-09-07T10:44:12.000Z</time>
        <extensions>
          <ns3:TrackPointExtension>
            <ns3:hr>147</ns3:hr>
            <ns3:cad>88</ns3:cad>
          </ns3:TrackPointExtension>
        </extensions>
      </trkpt>
      <trkpt lat="31.2159355916082859039306640625" lon="121.38710838742554187774658203125">
        <ele>13.6000003814697265625</ele>
        <time>2026-09-07T10:44:13.000Z</time>
        <extensions>
          <ns3:TrackPointExtension>
            <ns3:hr>147</ns3:hr>
            <ns3:cad>87</ns3:cad>
          </ns3:TrackPointExtension>
        </extensions>
      </trkpt>
      <trkpt lat="31.2159412913024425506591796875" lon="121.38713621534407138824462890625">
        <ele>13.6000003814697265625</ele>
        <time>2026-09-07T10:44:14.000Z</time>
        <extensions>
          <ns3:TrackPointExtension>
            <ns3:hr>147</ns3:hr>
            <ns3:cad>87</ns3:cad>
          </ns3:TrackPointExtension>
        </extensions>
      </trkpt>
      <trkpt lat="31.2159449793398380279541015625" lon="121.3871681503951549530029296875">
        <ele>13.6000003814697265625</ele>
        <time>2026-09-07T10:44:15.000Z</time>
        <extensions>
          <ns3:TrackPointExtension>
            <ns3:hr>147</ns3:hr>
            <ns3:cad>88</ns3:cad>
          </ns3:TrackPointExtension>
        </extensions>
      </trkpt>
      <trkpt lat="31.21594958938658237457275390625" lon="121.38719187118113040924072265625">
        <ele>13.6000003814697265625</ele>
        <time>2026-09-07T10:44:16.000Z</time>
        <extensions>
          <ns3:TrackPointExtension>
            <ns3:hr>147</ns3:hr>
            <ns3:cad>88</ns3:cad>
          </ns3:TrackPointExtension>
        </extensions>
      </trkpt>
      <trkpt lat="31.21596802957355976104736328125" lon="121.38722305186092853546142578125">
        <ele>13.6000003814697265625</ele>
        <time>2026-09-07T10:44:17.000Z</time>
        <extensions>
          <ns3:TrackPointExtension>
            <ns3:hr>147</ns3:hr>
            <ns3:cad>88</ns3:cad>
          </ns3:TrackPointExtension>
        </extensions>
      </trkpt>
      <trkpt lat="31.2159897387027740478515625" lon="121.38722707517445087432861328125">
        <ele>13.3999996185302734375</ele>
        <time>2026-09-07T10:44:18.000Z</time>
        <extensions>
          <ns3:TrackPointExtension>
            <ns3:hr>147</ns3:hr>
            <ns3:cad>87</ns3:cad>
          </ns3:TrackPointExtension>
        </extensions>
      </trkpt>
      <trkpt lat="31.21601765044033527374267578125" lon="121.3872385583817958831787109375">
        <ele>13.3999996185302734375</ele>
        <time>2026-09-07T10:44:19.000Z</time>
        <extensions>
          <ns3:TrackPointExtension>
            <ns3:hr>147</ns3:hr>
            <ns3:cad>87</ns3:cad>
          </ns3:TrackPointExtension>
        </extensions>
      </trkpt>
      <trkpt lat="31.21603542007505893707275390625" lon="121.38724836520850658416748046875">
        <ele>13.19999980926513671875</ele>
        <time>2026-09-07T10:44:20.000Z</time>
        <extensions>
          <ns3:TrackPointExtension>
            <ns3:hr>146</ns3:hr>
            <ns3:cad>86</ns3:cad>
          </ns3:TrackPointExtension>
        </extensions>
      </trkpt>
      <trkpt lat="31.2160619907081127166748046875" lon="121.3872626982629299163818359375">
        <ele>13</ele>
        <time>2026-09-07T10:44:21.000Z</time>
        <extensions>
          <ns3:TrackPointExtension>
            <ns3:hr>146</ns3:hr>
            <ns3:cad>87</ns3:cad>
          </ns3:TrackPointExtension>
        </extensions>
      </trkpt>
      <trkpt lat="31.2160800956189632415771484375" lon="121.38726881705224514007568359375">
        <ele>13</ele>
        <time>2026-09-07T10:44:22.000Z</time>
        <extensions>
          <ns3:TrackPointExtension>
            <ns3:hr>146</ns3:hr>
            <ns3:cad>88</ns3:cad>
          </ns3:TrackPointExtension>
        </extensions>
      </trkpt>
      <trkpt lat="31.21610163711011409759521484375" lon="121.38727854005992412567138671875">
        <ele>12.80000019073486328125</ele>
        <time>2026-09-07T10:44:23.000Z</time>
        <extensions>
          <ns3:TrackPointExtension>
            <ns3:hr>146</ns3:hr>
            <ns3:cad>88</ns3:cad>
          </ns3:TrackPointExtension>
        </extensions>
      </trkpt>
      <trkpt lat="31.216124184429645538330078125" lon="121.3872865028679370880126953125">
        <ele>12.80000019073486328125</ele>
        <time>2026-09-07T10:44:24.000Z</time>
        <extensions>
          <ns3:TrackPointExtension>
            <ns3:hr>146</ns3:hr>
            <ns3:cad>88</ns3:cad>
          </ns3:TrackPointExtension>
        </extensions>
      </trkpt>
      <trkpt lat="31.21615092270076274871826171875" lon="121.3872958905994892120361328125">
        <ele>12.80000019073486328125</ele>
        <time>2026-09-07T10:44:25.000Z</time>
        <extensions>
          <ns3:TrackPointExtension>
            <ns3:hr>146</ns3:hr>
            <ns3:cad>88</ns3:cad>
          </ns3:TrackPointExtension>
        </extensions>
      </trkpt>
      <trkpt lat="31.21616701595485210418701171875" lon="121.3873015902936458587646484375">
        <ele>13</ele>
        <time>2026-09-07T10:44:26.000Z</time>
        <extensions>
          <ns3:TrackPointExtension>
            <ns3:hr>146</ns3:hr>
            <ns3:cad>88</ns3:cad>
          </ns3:TrackPointExtension>
        </extensions>
      </trkpt>
      <trkpt lat="31.21619065292179584503173828125" lon="121.38731089420616626739501953125">
        <ele>13</ele>
        <time>2026-09-07T10:44:27.000Z</time>
        <extensions>
          <ns3:TrackPointExtension>
            <ns3:hr>146</ns3:hr>
            <ns3:cad>89</ns3:cad>
          </ns3:TrackPointExtension>
        </extensions>
      </trkpt>
      <trkpt lat="31.21620833873748779296875" lon="121.3873185217380523681640625">
        <ele>13.19999980926513671875</ele>
        <time>2026-09-07T10:44:28.000Z</time>
        <extensions>
          <ns3:TrackPointExtension>
            <ns3:hr>146</ns3:hr>
            <ns3:cad>89</ns3:cad>
          </ns3:TrackPointExtension>
        </extensions>
      </trkpt>
      <trkpt lat="31.2162333168089389801025390625" lon="121.38732497580349445343017578125">
        <ele>13.19999980926513671875</ele>
        <time>2026-09-07T10:44:29.000Z</time>
        <extensions>
          <ns3:TrackPointExtension>
            <ns3:hr>146</ns3:hr>
            <ns3:cad>89</ns3:cad>
          </ns3:TrackPointExtension>
        </extensions>
      </trkpt>
      <trkpt lat="31.2162574566900730133056640625" lon="121.387330256402492523193359375">
        <ele>13.19999980926513671875</ele>
        <time>2026-09-07T10:44:30.000Z</time>
        <extensions>
          <ns3:TrackPointExtension>
            <ns3:hr>146</ns3:hr>
            <ns3:cad>88</ns3:cad>
          </ns3:TrackPointExtension>
        </extensions>
      </trkpt>
      <trkpt lat="31.216281093657016754150390625" lon="121.38733587227761745452880859375">
        <ele>13.19999980926513671875</ele>
        <time>2026-09-07T10:44:31.000Z</time>
        <extensions>
          <ns3:TrackPointExtension>
            <ns3:hr>145</ns3:hr>
            <ns3:cad>87</ns3:cad>
          </ns3:TrackPointExtension>
        </extensions>
      </trkpt>
      <trkpt lat="31.21630481444299221038818359375" lon="121.387349031865596771240234375">
        <ele>13.19999980926513671875</ele>
        <time>2026-09-07T10:44:32.000Z</time>
        <extensions>
          <ns3:TrackPointExtension>
            <ns3:hr>146</ns3:hr>
            <ns3:cad>87</ns3:cad>
          </ns3:TrackPointExtension>
        </extensions>
      </trkpt>
      <trkpt lat="31.21632761321961879730224609375" lon="121.38736252672970294952392578125">
        <ele>13.19999980926513671875</ele>
        <time>2026-09-07T10:44:33.000Z</time>
        <extensions>
          <ns3:TrackPointExtension>
            <ns3:hr>146</ns3:hr>
            <ns3:cad>88</ns3:cad>
          </ns3:TrackPointExtension>
        </extensions>
      </trkpt>
      <trkpt lat="31.21635158546268939971923828125" lon="121.387377195060253143310546875">
        <ele>13.19999980926513671875</ele>
        <time>2026-09-07T10:44:34.000Z</time>
        <extensions>
          <ns3:TrackPointExtension>
            <ns3:hr>145</ns3:hr>
            <ns3:cad>90</ns3:cad>
          </ns3:TrackPointExtension>
        </extensions>
      </trkpt>
      <trkpt lat="31.21637287549674510955810546875" lon="121.38738465495407581329345703125">
        <ele>13.19999980926513671875</ele>
        <time>2026-09-07T10:44:35.000Z</time>
        <extensions>
          <ns3:TrackPointExtension>
            <ns3:hr>145</ns3:hr>
            <ns3:cad>90</ns3:cad>
          </ns3:TrackPointExtension>
        </extensions>
      </trkpt>
      <trkpt lat="31.216393411159515380859375" lon="121.387402005493640899658203125">
        <ele>13.19999980926513671875</ele>
        <time>2026-09-07T10:44:36.000Z</time>
        <extensions>
          <ns3:TrackPointExtension>
            <ns3:hr>146</ns3:hr>
            <ns3:cad>88</ns3:cad>
          </ns3:TrackPointExtension>
        </extensions>
      </trkpt>
      <trkpt lat="31.21641076169908046722412109375" lon="121.38741466216742992401123046875">
        <ele>13.19999980926513671875</ele>
        <time>2026-09-07T10:44:37.000Z</time>
        <extensions>
          <ns3:TrackPointExtension>
            <ns3:hr>146</ns3:hr>
            <ns3:cad>87</ns3:cad>
          </ns3:TrackPointExtension>
        </extensions>
      </trkpt>
      <trkpt lat="31.2164331413805484771728515625" lon="121.38742706738412380218505859375">
        <ele>13.19999980926513671875</ele>
        <time>2026-09-07T10:44:38.000Z</time>
        <extensions>
          <ns3:TrackPointExtension>
            <ns3:hr>146</ns3:hr>
            <ns3:cad>87</ns3:cad>
          </ns3:TrackPointExtension>
        </extensions>
      </trkpt>
      <trkpt lat="31.216454766690731048583984375" lon="121.3874390535056591033935546875">
        <ele>13.3999996185302734375</ele>
        <time>2026-09-07T10:44:39.000Z</time>
        <extensions>
          <ns3:TrackPointExtension>
            <ns3:hr>146</ns3:hr>
            <ns3:cad>87</ns3:cad>
          </ns3:TrackPointExtension>
        </extensions>
      </trkpt>
      <trkpt lat="31.2164779007434844970703125" lon="121.3874568231403827667236328125">
        <ele>13.3999996185302734375</ele>
        <time>2026-09-07T10:44:40.000Z</time>
        <extensions>
          <ns3:TrackPointExtension>
            <ns3:hr>146</ns3:hr>
            <ns3:cad>88</ns3:cad>
          </ns3:TrackPointExtension>
        </extensions>
      </trkpt>
      <trkpt lat="31.2164968438446521759033203125" lon="121.38746662996709346771240234375">
        <ele>13.19999980926513671875</ele>
        <time>2026-09-07T10:44:41.000Z</time>
        <extensions>
          <ns3:TrackPointExtension>
            <ns3:hr>146</ns3:hr>
            <ns3:cad>88</ns3:cad>
          </ns3:TrackPointExtension>
        </extensions>
      </trkpt>
      <trkpt lat="31.2165243364870548248291015625" lon="121.387479119002819061279296875">
        <ele>13.19999980926513671875</ele>
        <time>2026-09-07T10:44:42.000Z</time>
        <extensions>
          <ns3:TrackPointExtension>
            <ns3:hr>146</ns3:hr>
            <ns3:cad>88</ns3:cad>
          </ns3:TrackPointExtension>
        </extensions>
      </trkpt>
      <trkpt lat="31.2165474705398082733154296875" lon="121.38748406432569026947021484375">
        <ele>13.19999980926513671875</ele>
        <time>2026-09-07T10:44:43.000Z</time>
        <extensions>
          <ns3:TrackPointExtension>
            <ns3:hr>146</ns3:hr>
            <ns3:cad>88</ns3:cad>
          </ns3:TrackPointExtension>
        </extensions>
      </trkpt>
      <trkpt lat="31.21657337062060832977294921875" lon="121.3874982297420501708984375">
        <ele>13</ele>
        <time>2026-09-07T10:44:44.000Z</time>
        <extensions>
          <ns3:TrackPointExtension>
            <ns3:hr>146</ns3:hr>
            <ns3:cad>88</ns3:cad>
          </ns3:TrackPointExtension>
        </extensions>
      </trkpt>
      <trkpt lat="31.2165950797498226165771484375" lon="121.3875081203877925872802734375">
        <ele>13</ele>
        <time>2026-09-07T10:44:45.000Z</time>
        <extensions>
          <ns3:TrackPointExtension>
            <ns3:hr>146</ns3:hr>
            <ns3:cad>88</ns3:cad>
          </ns3:TrackPointExtension>
        </extensions>
      </trkpt>
      <trkpt lat="31.21662634424865245819091796875" lon="121.38751558028161525726318359375">
        <ele>12.80000019073486328125</ele>
        <time>2026-09-07T10:44:46.000Z</time>
        <extensions>
          <ns3:TrackPointExtension>
            <ns3:hr>147</ns3:hr>
            <ns3:cad>89</ns3:cad>
          </ns3:TrackPointExtension>
        </extensions>
      </trkpt>
      <trkpt lat="31.2166460417211055755615234375" lon="121.3875250518321990966796875">
        <ele>12.80000019073486328125</ele>
        <time>2026-09-07T10:44:47.000Z</time>
        <extensions>
          <ns3:TrackPointExtension>
            <ns3:hr>147</ns3:hr>
            <ns3:cad>90</ns3:cad>
          </ns3:TrackPointExtension>
        </extensions>
      </trkpt>
      <trkpt lat="31.21667428873479366302490234375" lon="121.3875386305153369903564453125">
        <ele>12.80000019073486328125</ele>
        <time>2026-09-07T10:44:48.000Z</time>
        <extensions>
          <ns3:TrackPointExtension>
            <ns3:hr>147</ns3:hr>
            <ns3:cad>90</ns3:cad>
          </ns3:TrackPointExtension>
        </extensions>
      </trkpt>
      <trkpt lat="31.216694153845310211181640625" lon="121.3875503651797771453857421875">
        <ele>12.80000019073486328125</ele>
        <time>2026-09-07T10:44:49.000Z</time>
        <extensions>
          <ns3:TrackPointExtension>
            <ns3:hr>147</ns3:hr>
            <ns3:cad>89</ns3:cad>
          </ns3:TrackPointExtension>
        </extensions>
      </trkpt>
      <trkpt lat="31.2167191319167613983154296875" lon="121.38756184838712215423583984375">
        <ele>13</ele>
        <time>2026-09-07T10:44:50.000Z</time>
        <extensions>
          <ns3:TrackPointExtension>
            <ns3:hr>147</ns3:hr>
            <ns3:cad>88</ns3:cad>
          </ns3:TrackPointExtension>
        </extensions>
      </trkpt>
      <trkpt lat="31.21673631481826305389404296875" lon="121.38757207430899143218994140625">
        <ele>13</ele>
        <time>2026-09-07T10:44:51.000Z</time>
        <extensions>
          <ns3:TrackPointExtension>
            <ns3:hr>147</ns3:hr>
            <ns3:cad>88</ns3:cad>
          </ns3:TrackPointExtension>
        </extensions>
      </trkpt>
      <trkpt lat="31.216758526861667633056640625" lon="121.3875808753073215484619140625">
        <ele>13.19999980926513671875</ele>
        <time>2026-09-07T10:44:52.000Z</time>
        <extensions>
          <ns3:TrackPointExtension>
            <ns3:hr>147</ns3:hr>
            <ns3:cad>88</ns3:cad>
          </ns3:TrackPointExtension>
        </extensions>
      </trkpt>
      <trkpt lat="31.21677973307669162750244140625" lon="121.38758833520114421844482421875">
        <ele>13.19999980926513671875</ele>
        <time>2026-09-07T10:44:53.000Z</time>
        <extensions>
          <ns3:TrackPointExtension>
            <ns3:hr>147</ns3:hr>
            <ns3:cad>89</ns3:cad>
          </ns3:TrackPointExtension>
        </extensions>
      </trkpt>
      <trkpt lat="31.2168037891387939453125" lon="121.38759654946625232696533203125">
        <ele>13.19999980926513671875</ele>
        <time>2026-09-07T10:44:54.000Z</time>
        <extensions>
          <ns3:TrackPointExtension>
            <ns3:hr>147</ns3:hr>
            <ns3:cad>89</ns3:cad>
          </ns3:TrackPointExtension>
        </extensions>
      </trkpt>
      <trkpt lat="31.21682784520089626312255859375" lon="121.387609206140041351318359375">
        <ele>13.19999980926513671875</ele>
        <time>2026-09-07T10:44:55.000Z</time>
        <extensions>
          <ns3:TrackPointExtension>
            <ns3:hr>147</ns3:hr>
            <ns3:cad>88</ns3:cad>
          </ns3:TrackPointExtension>
        </extensions>
      </trkpt>
      <trkpt lat="31.21685751713812351226806640625" lon="121.387614905834197998046875">
        <ele>13.3999996185302734375</ele>
        <time>2026-09-07T10:44:56.000Z</time>
        <extensions>
          <ns3:TrackPointExtension>
            <ns3:hr>147</ns3:hr>
            <ns3:cad>87</ns3:cad>
          </ns3:TrackPointExtension>
        </extensions>
      </trkpt>
      <trkpt lat="31.21688165701925754547119140625" lon="121.38763544149696826934814453125">
        <ele>13.3999996185302734375</ele>
        <time>2026-09-07T10:44:57.000Z</time>
        <extensions>
          <ns3:TrackPointExtension>
            <ns3:hr>147</ns3:hr>
            <ns3:cad>87</ns3:cad>
          </ns3:TrackPointExtension>
        </extensions>
      </trkpt>
      <trkpt lat="31.2169025279581546783447265625" lon="121.387636698782444000244140625">
        <ele>13.3999996185302734375</ele>
        <time>2026-09-07T10:44:58.000Z</time>
        <extensions>
          <ns3:TrackPointExtension>
            <ns3:hr>147</ns3:hr>
            <ns3:cad>88</ns3:cad>
          </ns3:TrackPointExtension>
        </extensions>
      </trkpt>
      <trkpt lat="31.2169311940670013427734375" lon="121.387646757066249847412109375">
        <ele>13.6000003814697265625</ele>
        <time>2026-09-07T10:44:59.000Z</time>
        <extensions>
          <ns3:TrackPointExtension>
            <ns3:hr>147</ns3:hr>
            <ns3:cad>90</ns3:cad>
          </ns3:TrackPointExtension>
        </extensions>
      </trkpt>
      <trkpt lat="31.2169491313397884368896484375" lon="121.38765136711299419403076171875">
        <ele>13.6000003814697265625</ele>
        <time>2026-09-07T10:45:00.000Z</time>
        <extensions>
          <ns3:TrackPointExtension>
            <ns3:hr>147</ns3:hr>
            <ns3:cad>90</ns3:cad>
          </ns3:TrackPointExtension>
        </extensions>
      </trkpt>
      <trkpt lat="31.21697469614446163177490234375" lon="121.3876698911190032958984375">
        <ele>13.6000003814697265625</ele>
        <time>2026-09-07T10:45:01.000Z</time>
        <extensions>
          <ns3:TrackPointExtension>
            <ns3:hr>147</ns3:hr>
            <ns3:cad>89</ns3:cad>
          </ns3:TrackPointExtension>
        </extensions>
      </trkpt>
      <trkpt lat="31.21699045412242412567138671875" lon="121.38767994940280914306640625">
        <ele>13.6000003814697265625</ele>
        <time>2026-09-07T10:45:02.000Z</time>
        <extensions>
          <ns3:TrackPointExtension>
            <ns3:hr>147</ns3:hr>
            <ns3:cad>88</ns3:cad>
          </ns3:TrackPointExtension>
        </extensions>
      </trkpt>
      <trkpt lat="31.2170135043561458587646484375" lon="121.38769679702818393707275390625">
        <ele>13.3999996185302734375</ele>
        <time>2026-09-07T10:45:03.000Z</time>
        <extensions>
          <ns3:TrackPointExtension>
            <ns3:hr>147</ns3:hr>
            <ns3:cad>87</ns3:cad>
          </ns3:TrackPointExtension>
        </extensions>
      </trkpt>
      <trkpt lat="31.217031441628932952880859375" lon="121.3876998983323574066162109375">
        <ele>13.3999996185302734375</ele>
        <time>2026-09-07T10:45:04.000Z</time>
        <extensions>
          <ns3:TrackPointExtension>
            <ns3:hr>147</ns3:hr>
            <ns3:cad>87</ns3:cad>
          </ns3:TrackPointExtension>
        </extensions>
      </trkpt>
      <trkpt lat="31.21705348603427410125732421875" lon="121.38771506957709789276123046875">
        <ele>13.3999996185302734375</ele>
        <time>2026-09-07T10:45:05.000Z</time>
        <extensions>
          <ns3:TrackPointExtension>
            <ns3:hr>147</ns3:hr>
            <ns3:cad>89</ns3:cad>
          </ns3:TrackPointExtension>
        </extensions>
      </trkpt>
      <trkpt lat="31.217074692249298095703125" lon="121.387723870575428009033203125">
        <ele>13.6000003814697265625</ele>
        <time>2026-09-07T10:45:06.000Z</time>
        <extensions>
          <ns3:TrackPointExtension>
            <ns3:hr>147</ns3:hr>
            <ns3:cad>89</ns3:cad>
          </ns3:TrackPointExtension>
        </extensions>
      </trkpt>
      <trkpt lat="31.2171016819775104522705078125" lon="121.3877342641353607177734375">
        <ele>13.6000003814697265625</ele>
        <time>2026-09-07T10:45:07.000Z</time>
        <extensions>
          <ns3:TrackPointExtension>
            <ns3:hr>147</ns3:hr>
            <ns3:cad>89</ns3:cad>
          </ns3:TrackPointExtension>
        </extensions>
      </trkpt>
      <trkpt lat="31.21712707914412021636962890625" lon="121.38773988001048564910888671875">
        <ele>13.6000003814697265625</ele>
        <time>2026-09-07T10:45:08.000Z</time>
        <extensions>
          <ns3:TrackPointExtension>
            <ns3:hr>148</ns3:hr>
            <ns3:cad>88</ns3:cad>
          </ns3:TrackPointExtension>
        </extensions>
      </trkpt>
      <trkpt lat="31.217159517109394073486328125" lon="121.3877542130649089813232421875">
        <ele>13.6000003814697265625</ele>
        <time>2026-09-07T10:45:09.000Z</time>
        <extensions>
          <ns3:TrackPointExtension>
            <ns3:hr>147</ns3:hr>
            <ns3:cad>87</ns3:cad>
          </ns3:TrackPointExtension>
        </extensions>
      </trkpt>
      <trkpt lat="31.2171818129718303680419921875" lon="121.38776309788227081298828125">
        <ele>13.6000003814697265625</ele>
        <time>2026-09-07T10:45:10.000Z</time>
        <extensions>
          <ns3:TrackPointExtension>
            <ns3:hr>147</ns3:hr>
            <ns3:cad>87</ns3:cad>
          </ns3:TrackPointExtension>
        </extensions>
      </trkpt>
      <trkpt lat="31.21720251627266407012939453125" lon="121.38777273707091808319091796875">
        <ele>13.6000003814697265625</ele>
        <time>2026-09-07T10:45:11.000Z</time>
        <extensions>
          <ns3:TrackPointExtension>
            <ns3:hr>147</ns3:hr>
            <ns3:cad>87</ns3:cad>
          </ns3:TrackPointExtension>
        </extensions>
      </trkpt>
      <trkpt lat="31.21721894480288028717041015625" lon="121.38778111897408962249755859375">
        <ele>13.6000003814697265625</ele>
        <time>2026-09-07T10:45:12.000Z</time>
        <extensions>
          <ns3:TrackPointExtension>
            <ns3:hr>147</ns3:hr>
            <ns3:cad>89</ns3:cad>
          </ns3:TrackPointExtension>
        </extensions>
      </trkpt>
      <trkpt lat="31.21724040247499942779541015625" lon="121.38778933323919773101806640625">
        <ele>13.3999996185302734375</ele>
        <time>2026-09-07T10:45:13.000Z</time>
        <extensions>
          <ns3:TrackPointExtension>
            <ns3:hr>148</ns3:hr>
            <ns3:cad>89</ns3:cad>
          </ns3:TrackPointExtension>
        </extensions>
      </trkpt>
      <trkpt lat="31.21726454235613346099853515625" lon="121.387799642980098724365234375">
        <ele>13.3999996185302734375</ele>
        <time>2026-09-07T10:45:14.000Z</time>
        <extensions>
          <ns3:TrackPointExtension>
            <ns3:hr>148</ns3:hr>
            <ns3:cad>88</ns3:cad>
          </ns3:TrackPointExtension>
        </extensions>
      </trkpt>
      <trkpt lat="31.217296980321407318115234375" lon="121.38781045563519001007080078125">
        <ele>13.3999996185302734375</ele>
        <time>2026-09-07T10:45:15.000Z</time>
        <extensions>
          <ns3:TrackPointExtension>
            <ns3:hr>148</ns3:hr>
            <ns3:cad>87</ns3:cad>
          </ns3:TrackPointExtension>
        </extensions>
      </trkpt>
      <trkpt lat="31.21732338331639766693115234375" lon="121.3878296501934528350830078125">
        <ele>13.3999996185302734375</ele>
        <time>2026-09-07T10:45:16.000Z</time>
        <extensions>
          <ns3:TrackPointExtension>
            <ns3:hr>148</ns3:hr>
            <ns3:cad>87</ns3:cad>
          </ns3:TrackPointExtension>
        </extensions>
      </trkpt>
      <trkpt lat="31.217348277568817138671875" lon="121.38784163631498813629150390625">
        <ele>13.3999996185302734375</ele>
        <time>2026-09-07T10:45:17.000Z</time>
        <extensions>
          <ns3:TrackPointExtension>
            <ns3:hr>148</ns3:hr>
            <ns3:cad>87</ns3:cad>
          </ns3:TrackPointExtension>
        </extensions>
      </trkpt>
      <trkpt lat="31.21737577021121978759765625" lon="121.3878601603209972381591796875">
        <ele>13.3999996185302734375</ele>
        <time>2026-09-07T10:45:18.000Z</time>
        <extensions>
          <ns3:TrackPointExtension>
            <ns3:hr>149</ns3:hr>
            <ns3:cad>89</ns3:cad>
          </ns3:TrackPointExtension>
        </extensions>
      </trkpt>
      <trkpt lat="31.21739831753075122833251953125" lon="121.38786192052066326141357421875">
        <ele>13.19999980926513671875</ele>
        <time>2026-09-07T10:45:19.000Z</time>
        <extensions>
          <ns3:TrackPointExtension>
            <ns3:hr>148</ns3:hr>
            <ns3:cad>89</ns3:cad>
          </ns3:TrackPointExtension>
        </extensions>
      </trkpt>
      <trkpt lat="31.21742270886898040771484375" lon="121.387870721518993377685546875">
        <ele>13.19999980926513671875</ele>
        <time>2026-09-07T10:45:20.000Z</time>
        <extensions>
          <ns3:TrackPointExtension>
            <ns3:hr>148</ns3:hr>
            <ns3:cad>88</ns3:cad>
          </ns3:TrackPointExtension>
        </extensions>
      </trkpt>
      <trkpt lat="31.21744207106530666351318359375" lon="121.38787147589027881622314453125">
        <ele>13</ele>
        <time>2026-09-07T10:45:21.000Z</time>
        <extensions>
          <ns3:TrackPointExtension>
            <ns3:hr>149</ns3:hr>
            <ns3:cad>88</ns3:cad>
          </ns3:TrackPointExtension>
        </extensions>
      </trkpt>
      <trkpt lat="31.2174689769744873046875" lon="121.38788136653602123260498046875">
        <ele>13</ele>
        <time>2026-09-07T10:45:22.000Z</time>
        <extensions>
          <ns3:TrackPointExtension>
            <ns3:hr>149</ns3:hr>
            <ns3:cad>88</ns3:cad>
          </ns3:TrackPointExtension>
        </extensions>
      </trkpt>
      <trkpt lat="31.21748951263725757598876953125" lon="121.38788036070764064788818359375">
        <ele>13.19999980926513671875</ele>
        <time>2026-09-07T10:45:23.000Z</time>
        <extensions>
          <ns3:TrackPointExtension>
            <ns3:hr>149</ns3:hr>
            <ns3:cad>88</ns3:cad>
          </ns3:TrackPointExtension>
        </extensions>
      </trkpt>
      <trkpt lat="31.21752102859318256378173828125" lon="121.38789662159979343414306640625">
        <ele>13.19999980926513671875</ele>
        <time>2026-09-07T10:45:24.000Z</time>
        <extensions>
          <ns3:TrackPointExtension>
            <ns3:hr>149</ns3:hr>
            <ns3:cad>89</ns3:cad>
          </ns3:TrackPointExtension>
        </extensions>
      </trkpt>
      <trkpt lat="31.2175465933978557586669921875" lon="121.3878990523517131805419921875">
        <ele>13.19999980926513671875</ele>
        <time>2026-09-07T10:45:25.000Z</time>
        <extensions>
          <ns3:TrackPointExtension>
            <ns3:hr>148</ns3:hr>
            <ns3:cad>89</ns3:cad>
          </ns3:TrackPointExtension>
        </extensions>
      </trkpt>
      <trkpt lat="31.2175683863461017608642578125" lon="121.387912966310977935791015625">
        <ele>13.19999980926513671875</ele>
        <time>2026-09-07T10:45:26.000Z</time>
        <extensions>
          <ns3:TrackPointExtension>
            <ns3:hr>149</ns3:hr>
            <ns3:cad>88</ns3:cad>
          </ns3:TrackPointExtension>
        </extensions>
      </trkpt>
      <trkpt lat="31.2175908498466014862060546875" lon="121.387917660176753997802734375">
        <ele>13.3999996185302734375</ele>
        <time>2026-09-07T10:45:27.000Z</time>
        <extensions>
          <ns3:TrackPointExtension>
            <ns3:hr>149</ns3:hr>
            <ns3:cad>87</ns3:cad>
          </ns3:TrackPointExtension>
        </extensions>
      </trkpt>
      <trkpt lat="31.2176170013844966888427734375" lon="121.387928389012813568115234375">
        <ele>13.6000003814697265625</ele>
        <time>2026-09-07T10:45:28.000Z</time>
        <extensions>
          <ns3:TrackPointExtension>
            <ns3:hr>149</ns3:hr>
            <ns3:cad>87</ns3:cad>
          </ns3:TrackPointExtension>
        </extensions>
      </trkpt>
      <trkpt lat="31.21764072217047214508056640625" lon="121.38793417252600193023681640625">
        <ele>13.80000019073486328125</ele>
        <time>2026-09-07T10:45:29.000Z</time>
        <extensions>
          <ns3:TrackPointExtension>
            <ns3:hr>149</ns3:hr>
            <ns3:cad>87</ns3:cad>
          </ns3:TrackPointExtension>
        </extensions>
      </trkpt>
      <trkpt lat="31.2176714837551116943359375" lon="121.387947164475917816162109375">
        <ele>14</ele>
        <time>2026-09-07T10:45:30.000Z</time>
        <extensions>
          <ns3:TrackPointExtension>
            <ns3:hr>148</ns3:hr>
            <ns3:cad>89</ns3:cad>
          </ns3:TrackPointExtension>
        </extensions>
      </trkpt>
      <trkpt lat="31.21769704855978488922119140625" lon="121.3879513554275035858154296875">
        <ele>14.19999980926513671875</ele>
        <time>2026-09-07T10:45:31.000Z</time>
        <extensions>
          <ns3:TrackPointExtension>
            <ns3:hr>149</ns3:hr>
            <ns3:cad>89</ns3:cad>
          </ns3:TrackPointExtension>
        </extensions>
      </trkpt>
      <trkpt lat="31.217728815972805023193359375" lon="121.3879664428532123565673828125">
        <ele>14.19999980926513671875</ele>
        <time>2026-09-07T10:45:32.000Z</time>
        <extensions>
          <ns3:TrackPointExtension>
            <ns3:hr>149</ns3:hr>
            <ns3:cad>89</ns3:cad>
          </ns3:TrackPointExtension>
        </extensions>
      </trkpt>
      <trkpt lat="31.217748261988162994384765625" lon="121.38798010535538196563720703125">
        <ele>13.80000019073486328125</ele>
        <time>2026-09-07T10:45:33.000Z</time>
        <extensions>
          <ns3:TrackPointExtension>
            <ns3:hr>148</ns3:hr>
            <ns3:cad>88</ns3:cad>
          </ns3:TrackPointExtension>
        </extensions>
      </trkpt>
      <trkpt lat="31.21778572909533977508544921875" lon="121.3879895769059658050537109375">
        <ele>13.6000003814697265625</ele>
        <time>2026-09-07T10:45:34.000Z</time>
        <extensions>
          <ns3:TrackPointExtension>
            <ns3:hr>149</ns3:hr>
            <ns3:cad>87</ns3:cad>
          </ns3:TrackPointExtension>
        </extensions>
      </trkpt>
      <trkpt lat="31.2178111262619495391845703125" lon="121.3879959471523761749267578125">
        <ele>13.3999996185302734375</ele>
        <time>2026-09-07T10:45:35.000Z</time>
        <extensions>
          <ns3:TrackPointExtension>
            <ns3:hr>149</ns3:hr>
            <ns3:cad>87</ns3:cad>
          </ns3:TrackPointExtension>
        </extensions>
      </trkpt>
      <trkpt lat="31.2178376130759716033935546875" lon="121.3880103640258312225341796875">
        <ele>13.19999980926513671875</ele>
        <time>2026-09-07T10:45:36.000Z</time>
        <extensions>
          <ns3:TrackPointExtension>
            <ns3:hr>148</ns3:hr>
            <ns3:cad>88</ns3:cad>
          </ns3:TrackPointExtension>
        </extensions>
      </trkpt>
      <trkpt lat="31.21785848401486873626708984375" lon="121.38801983557641506195068359375">
        <ele>13.19999980926513671875</ele>
        <time>2026-09-07T10:45:37.000Z</time>
        <extensions>
          <ns3:TrackPointExtension>
            <ns3:hr>149</ns3:hr>
            <ns3:cad>90</ns3:cad>
          </ns3:TrackPointExtension>
        </extensions>
      </trkpt>
      <trkpt lat="31.2178825400769710540771484375" lon="121.38803190551698207855224609375">
        <ele>13.3999996185302734375</ele>
        <time>2026-09-07T10:45:38.000Z</time>
        <extensions>
          <ns3:TrackPointExtension>
            <ns3:hr>149</ns3:hr>
            <ns3:cad>90</ns3:cad>
          </ns3:TrackPointExtension>
        </extensions>
      </trkpt>
      <trkpt lat="31.21790559031069278717041015625" lon="121.388041712343692779541015625">
        <ele>13.80000019073486328125</ele>
        <time>2026-09-07T10:45:39.000Z</time>
        <extensions>
          <ns3:TrackPointExtension>
            <ns3:hr>149</ns3:hr>
            <ns3:cad>89</ns3:cad>
          </ns3:TrackPointExtension>
        </extensions>
      </trkpt>
      <trkpt lat="31.21792922727763652801513671875" lon="121.3880492560565471649169921875">
        <ele>13.80000019073486328125</ele>
        <time>2026-09-07T10:45:40.000Z</time>
        <extensions>
          <ns3:TrackPointExtension>
            <ns3:hr>149</ns3:hr>
            <ns3:cad>88</ns3:cad>
          </ns3:TrackPointExtension>
        </extensions>
      </trkpt>
      <trkpt lat="31.2179504334926605224609375" lon="121.38806208036839962005615234375">
        <ele>14</ele>
        <time>2026-09-07T10:45:41.000Z</time>
        <extensions>
          <ns3:TrackPointExtension>
            <ns3:hr>149</ns3:hr>
            <ns3:cad>87</ns3:cad>
          </ns3:TrackPointExtension>
        </extensions>
      </trkpt>
      <trkpt lat="31.2179717235267162322998046875" lon="121.38806727714836597442626953125">
        <ele>14</ele>
        <time>2026-09-07T10:45:42.000Z</time>
        <extensions>
          <ns3:TrackPointExtension>
            <ns3:hr>150</ns3:hr>
            <ns3:cad>87</ns3:cad>
          </ns3:TrackPointExtension>
        </extensions>
      </trkpt>
      <trkpt lat="31.2179968692362308502197265625" lon="121.38808228075504302978515625">
        <ele>14</ele>
        <time>2026-09-07T10:45:43.000Z</time>
        <extensions>
          <ns3:TrackPointExtension>
            <ns3:hr>150</ns3:hr>
            <ns3:cad>87</ns3:cad>
          </ns3:TrackPointExtension>
        </extensions>
      </trkpt>
      <trkpt lat="31.218017823994159698486328125" lon="121.38808806426823139190673828125">
        <ele>14</ele>
        <time>2026-09-07T10:45:44.000Z</time>
        <extensions>
          <ns3:TrackPointExtension>
            <ns3:hr>150</ns3:hr>
            <ns3:cad>89</ns3:cad>
          </ns3:TrackPointExtension>
        </extensions>
      </trkpt>
      <trkpt lat="31.21804087422788143157958984375" lon="121.388097703456878662109375">
        <ele>14</ele>
        <time>2026-09-07T10:45:45.000Z</time>
        <extensions>
          <ns3:TrackPointExtension>
            <ns3:hr>150</ns3:hr>
            <ns3:cad>89</ns3:cad>
          </ns3:TrackPointExtension>
        </extensions>
      </trkpt>
      <trkpt lat="31.2180595658719539642333984375" lon="121.3881029002368450164794921875">
        <ele>13.80000019073486328125</ele>
        <time>2026-09-07T10:45:46.000Z</time>
        <extensions>
          <ns3:TrackPointExtension>
            <ns3:hr>150</ns3:hr>
            <ns3:cad>88</ns3:cad>
          </ns3:TrackPointExtension>
        </extensions>
      </trkpt>
      <trkpt lat="31.2180857174098491668701171875" lon="121.3881206698715686798095703125">
        <ele>14</ele>
        <time>2026-09-07T10:45:47.000Z</time>
        <extensions>
          <ns3:TrackPointExtension>
            <ns3:hr>151</ns3:hr>
            <ns3:cad>88</ns3:cad>
          </ns3:TrackPointExtension>
        </extensions>
      </trkpt>
      <trkpt lat="31.2181108631193637847900390625" lon="121.388132236897945404052734375">
        <ele>14</ele>
        <time>2026-09-07T10:45:48.000Z</time>
        <extensions>
          <ns3:TrackPointExtension>
            <ns3:hr>150</ns3:hr>
            <ns3:cad>88</ns3:cad>
          </ns3:TrackPointExtension>
        </extensions>
      </trkpt>
      <trkpt lat="31.21813525445759296417236328125" lon="121.38815159909427165985107421875">
        <ele>14</ele>
        <time>2026-09-07T10:45:49.000Z</time>
        <extensions>
          <ns3:TrackPointExtension>
            <ns3:hr>151</ns3:hr>
            <ns3:cad>90</ns3:cad>
          </ns3:TrackPointExtension>
        </extensions>
      </trkpt>
      <trkpt lat="31.2181561253964900970458984375" lon="121.38816383667290210723876953125">
        <ele>14.19999980926513671875</ele>
        <time>2026-09-07T10:45:50.000Z</time>
        <extensions>
          <ns3:TrackPointExtension>
            <ns3:hr>151</ns3:hr>
            <ns3:cad>90</ns3:cad>
          </ns3:TrackPointExtension>
        </extensions>
      </trkpt>
      <trkpt lat="31.21818420477211475372314453125" lon="121.388175152242183685302734375">
        <ele>14.3999996185302734375</ele>
        <time>2026-09-07T10:45:51.000Z</time>
        <extensions>
          <ns3:TrackPointExtension>
            <ns3:hr>151</ns3:hr>
            <ns3:cad>88</ns3:cad>
          </ns3:TrackPointExtension>
        </extensions>
      </trkpt>
      <trkpt lat="31.21820700354874134063720703125" lon="121.38818009756505489349365234375">
        <ele>14.3999996185302734375</ele>
        <time>2026-09-07T10:45:52.000Z</time>
        <extensions>
          <ns3:TrackPointExtension>
            <ns3:hr>151</ns3:hr>
            <ns3:cad>88</ns3:cad>
          </ns3:TrackPointExtension>
        </extensions>
      </trkpt>
      <trkpt lat="31.218233406543731689453125" lon="121.3881890662014484405517578125">
        <ele>14.3999996185302734375</ele>
        <time>2026-09-07T10:45:53.000Z</time>
        <extensions>
          <ns3:TrackPointExtension>
            <ns3:hr>151</ns3:hr>
            <ns3:cad>88</ns3:cad>
          </ns3:TrackPointExtension>
        </extensions>
      </trkpt>
      <trkpt lat="31.218254864215850830078125" lon="121.388195268809795379638671875">
        <ele>14.3999996185302734375</ele>
        <time>2026-09-07T10:45:54.000Z</time>
        <extensions>
          <ns3:TrackPointExtension>
            <ns3:hr>152</ns3:hr>
            <ns3:cad>88</ns3:cad>
          </ns3:TrackPointExtension>
        </extensions>
      </trkpt>
      <trkpt lat="31.21828663162887096405029296875" lon="121.38820105232298374176025390625">
        <ele>14.3999996185302734375</ele>
        <time>2026-09-07T10:45:55.000Z</time>
        <extensions>
          <ns3:TrackPointExtension>
            <ns3:hr>151</ns3:hr>
            <ns3:cad>89</ns3:cad>
          </ns3:TrackPointExtension>
        </extensions>
      </trkpt>
      <trkpt lat="31.21830825693905353546142578125" lon="121.3882038183510303497314453125">
        <ele>14.19999980926513671875</ele>
        <time>2026-09-07T10:45:56.000Z</time>
        <extensions>
          <ns3:TrackPointExtension>
            <ns3:hr>151</ns3:hr>
            <ns3:cad>89</ns3:cad>
          </ns3:TrackPointExtension>
        </extensions>
      </trkpt>
      <trkpt lat="31.21833826415240764617919921875" lon="121.38822301290929317474365234375">
        <ele>14</ele>
        <time>2026-09-07T10:45:57.000Z</time>
        <extensions>
          <ns3:TrackPointExtension>
            <ns3:hr>151</ns3:hr>
            <ns3:cad>89</ns3:cad>
          </ns3:TrackPointExtension>
        </extensions>
      </trkpt>
      <trkpt lat="31.21835821308195590972900390625" lon="121.38822770677506923675537109375">
        <ele>13.80000019073486328125</ele>
        <time>2026-09-07T10:45:58.000Z</time>
        <extensions>
          <ns3:TrackPointExtension>
            <ns3:hr>151</ns3:hr>
            <ns3:cad>88</ns3:cad>
          </ns3:TrackPointExtension>
        </extensions>
      </trkpt>
      <trkpt lat="31.21837983839213848114013671875" lon="121.38824162073433399200439453125">
        <ele>13.80000019073486328125</ele>
        <time>2026-09-07T10:45:59.000Z</time>
        <extensions>
          <ns3:TrackPointExtension>
            <ns3:hr>151</ns3:hr>
            <ns3:cad>88</ns3:cad>
          </ns3:TrackPointExtension>
        </extensions>
      </trkpt>
      <trkpt lat="31.2183998711407184600830078125" lon="121.38825285248458385467529296875">
        <ele>13.80000019073486328125</ele>
        <time>2026-09-07T10:46:00.000Z</time>
        <extensions>
          <ns3:TrackPointExtension>
            <ns3:hr>151</ns3:hr>
            <ns3:cad>88</ns3:cad>
          </ns3:TrackPointExtension>
        </extensions>
      </trkpt>
      <trkpt lat="31.21842409484088420867919921875" lon="121.388264000415802001953125">
        <ele>13.80000019073486328125</ele>
        <time>2026-09-07T10:46:01.000Z</time>
        <extensions>
          <ns3:TrackPointExtension>
            <ns3:hr>151</ns3:hr>
            <ns3:cad>90</ns3:cad>
          </ns3:TrackPointExtension>
        </extensions>
      </trkpt>
      <trkpt lat="31.21844504959881305694580078125" lon="121.3882760703563690185546875">
        <ele>14</ele>
        <time>2026-09-07T10:46:02.000Z</time>
        <extensions>
          <ns3:TrackPointExtension>
            <ns3:hr>151</ns3:hr>
            <ns3:cad>90</ns3:cad>
          </ns3:TrackPointExtension>
        </extensions>
      </trkpt>
      <trkpt lat="31.21847011148929595947265625" lon="121.38828017748892307281494140625">
        <ele>14.19999980926513671875</ele>
        <time>2026-09-07T10:46:03.000Z</time>
        <extensions>
          <ns3:TrackPointExtension>
            <ns3:hr>150</ns3:hr>
            <ns3:cad>90</ns3:cad>
          </ns3:TrackPointExtension>
        </extensions>
      </trkpt>
      <trkpt lat="31.21849316172301769256591796875" lon="121.38828872703015804290771484375">
        <ele>14.19999980926513671875</ele>
        <time>2026-09-07T10:46:04.000Z</time>
        <extensions>
          <ns3:TrackPointExtension>
            <ns3:hr>151</ns3:hr>
            <ns3:cad>88</ns3:cad>
          </ns3:TrackPointExtension>
        </extensions>
      </trkpt>
      <trkpt lat="31.21852216310799121856689453125" lon="121.388296522200107574462890625">
        <ele>14</ele>
        <time>2026-09-07T10:46:05.000Z</time>
        <extensions>
          <ns3:TrackPointExtension>
            <ns3:hr>151</ns3:hr>
            <ns3:cad>87</ns3:cad>
          </ns3:TrackPointExtension>
        </extensions>
      </trkpt>
      <trkpt lat="31.2185470573604106903076171875" lon="121.3883074186742305755615234375">
        <ele>14</ele>
        <time>2026-09-07T10:46:06.000Z</time>
        <extensions>
          <ns3:TrackPointExtension>
            <ns3:hr>151</ns3:hr>
            <ns3:cad>87</ns3:cad>
          </ns3:TrackPointExtension>
        </extensions>
      </trkpt>
      <trkpt lat="31.21857932768762111663818359375" lon="121.38831219635903835296630859375">
        <ele>14</ele>
        <time>2026-09-07T10:46:07.000Z</time>
        <extensions>
          <ns3:TrackPointExtension>
            <ns3:hr>150</ns3:hr>
            <ns3:cad>88</ns3:cad>
          </ns3:TrackPointExtension>
        </extensions>
      </trkpt>
      <trkpt lat="31.2186048924922943115234375" lon="121.388322673738002777099609375">
        <ele>13.80000019073486328125</ele>
        <time>2026-09-07T10:46:08.000Z</time>
        <extensions>
          <ns3:TrackPointExtension>
            <ns3:hr>150</ns3:hr>
            <ns3:cad>90</ns3:cad>
          </ns3:TrackPointExtension>
        </extensions>
      </trkpt>
      <trkpt lat="31.2186335586011409759521484375" lon="121.3883312232792377471923828125">
        <ele>13.80000019073486328125</ele>
        <time>2026-09-07T10:46:09.000Z</time>
        <extensions>
          <ns3:TrackPointExtension>
            <ns3:hr>150</ns3:hr>
            <ns3:cad>90</ns3:cad>
          </ns3:TrackPointExtension>
        </extensions>
      </trkpt>
      <trkpt lat="31.2186587043106555938720703125" lon="121.3883416168391704559326171875">
        <ele>13.6000003814697265625</ele>
        <time>2026-09-07T10:46:10.000Z</time>
        <extensions>
          <ns3:TrackPointExtension>
            <ns3:hr>150</ns3:hr>
            <ns3:cad>89</ns3:cad>
          </ns3:TrackPointExtension>
        </extensions>
      </trkpt>
      <trkpt lat="31.21867991052567958831787109375" lon="121.38834840618073940277099609375">
        <ele>13.3999996185302734375</ele>
        <time>2026-09-07T10:46:11.000Z</time>
        <extensions>
          <ns3:TrackPointExtension>
            <ns3:hr>150</ns3:hr>
            <ns3:cad>88</ns3:cad>
          </ns3:TrackPointExtension>
        </extensions>
      </trkpt>
      <trkpt lat="31.218702457845211029052734375" lon="121.38835678808391094207763671875">
        <ele>13.3999996185302734375</ele>
        <time>2026-09-07T10:46:12.000Z</time>
        <extensions>
          <ns3:TrackPointExtension>
            <ns3:hr>150</ns3:hr>
            <ns3:cad>88</ns3:cad>
          </ns3:TrackPointExtension>
        </extensions>
      </trkpt>
      <trkpt lat="31.21872399933636188507080078125" lon="121.3883590511977672576904296875">
        <ele>13.19999980926513671875</ele>
        <time>2026-09-07T10:46:13.000Z</time>
        <extensions>
          <ns3:TrackPointExtension>
            <ns3:hr>151</ns3:hr>
            <ns3:cad>88</ns3:cad>
          </ns3:TrackPointExtension>
        </extensions>
      </trkpt>
      <trkpt lat="31.2187498994171619415283203125" lon="121.38836567290127277374267578125">
        <ele>13.3999996185302734375</ele>
        <time>2026-09-07T10:46:14.000Z</time>
        <extensions>
          <ns3:TrackPointExtension>
            <ns3:hr>151</ns3:hr>
            <ns3:cad>89</ns3:cad>
          </ns3:TrackPointExtension>
        </extensions>
      </trkpt>
      <trkpt lat="31.2187753804028034210205078125" lon="121.38836232014000415802001953125">
        <ele>13.3999996185302734375</ele>
        <time>2026-09-07T10:46:15.000Z</time>
        <extensions>
          <ns3:TrackPointExtension>
            <ns3:hr>151</ns3:hr>
            <ns3:cad>89</ns3:cad>
          </ns3:TrackPointExtension>
        </extensions>
      </trkpt>
      <trkpt lat="31.21880765073001384735107421875" lon="121.38836449943482875823974609375">
        <ele>13.3999996185302734375</ele>
        <time>2026-09-07T10:46:16.000Z</time>
        <extensions>
          <ns3:TrackPointExtension>
            <ns3:hr>151</ns3:hr>
            <ns3:cad>88</ns3:cad>
          </ns3:TrackPointExtension>
        </extensions>
      </trkpt>
      <trkpt lat="31.21882676146924495697021484375" lon="121.38836315833032131195068359375">
        <ele>13.6000003814697265625</ele>
        <time>2026-09-07T10:46:17.000Z</time>
        <extensions>
          <ns3:TrackPointExtension>
            <ns3:hr>151</ns3:hr>
            <ns3:cad>87</ns3:cad>
          </ns3:TrackPointExtension>
        </extensions>
      </trkpt>
      <trkpt lat="31.2188565172255039215087890625" lon="121.38836416415870189666748046875">
        <ele>13.80000019073486328125</ele>
        <time>2026-09-07T10:46:18.000Z</time>
        <extensions>
          <ns3:TrackPointExtension>
            <ns3:hr>151</ns3:hr>
            <ns3:cad>87</ns3:cad>
          </ns3:TrackPointExtension>
        </extensions>
      </trkpt>
      <trkpt lat="31.218878142535686492919921875" lon="121.38836324214935302734375">
        <ele>13.80000019073486328125</ele>
        <time>2026-09-07T10:46:19.000Z</time>
        <extensions>
          <ns3:TrackPointExtension>
            <ns3:hr>151</ns3:hr>
            <ns3:cad>88</ns3:cad>
          </ns3:TrackPointExtension>
        </extensions>
      </trkpt>
      <trkpt lat="31.2189061380922794342041015625" lon="121.3883681036531925201416015625">
        <ele>14</ele>
        <time>2026-09-07T10:46:20.000Z</time>
        <extensions>
          <ns3:TrackPointExtension>
            <ns3:hr>151</ns3:hr>
            <ns3:cad>89</ns3:cad>
          </ns3:TrackPointExtension>
        </extensions>
      </trkpt>
      <trkpt lat="31.21893136762082576751708984375" lon="121.388370282948017120361328125">
        <ele>14.19999980926513671875</ele>
        <time>2026-09-07T10:46:21.000Z</time>
        <extensions>
          <ns3:TrackPointExtension>
            <ns3:hr>151</ns3:hr>
            <ns3:cad>89</ns3:cad>
          </ns3:TrackPointExtension>
        </extensions>
      </trkpt>
      <trkpt lat="31.218960285186767578125" lon="121.388371624052524566650390625">
        <ele>14.19999980926513671875</ele>
        <time>2026-09-07T10:46:22.000Z</time>
        <extensions>
          <ns3:TrackPointExtension>
            <ns3:hr>151</ns3:hr>
            <ns3:cad>89</ns3:cad>
          </ns3:TrackPointExtension>
        </extensions>
      </trkpt>
      <trkpt lat="31.218985430896282196044921875" lon="121.388368271291255950927734375">
        <ele>14.19999980926513671875</ele>
        <time>2026-09-07T10:46:23.000Z</time>
        <extensions>
          <ns3:TrackPointExtension>
            <ns3:hr>151</ns3:hr>
            <ns3:cad>88</ns3:cad>
          </ns3:TrackPointExtension>
        </extensions>
      </trkpt>
      <trkpt lat="31.21901820413768291473388671875" lon="121.388373635709285736083984375">
        <ele>14.19999980926513671875</ele>
        <time>2026-09-07T10:46:24.000Z</time>
        <extensions>
          <ns3:TrackPointExtension>
            <ns3:hr>150</ns3:hr>
            <ns3:cad>88</ns3:cad>
          </ns3:TrackPointExtension>
        </extensions>
      </trkpt>
      <trkpt lat="31.21903832070529460906982421875" lon="121.38837187550961971282958984375">
        <ele>14.19999980926513671875</ele>
        <time>2026-09-07T10:46:25.000Z</time>
        <extensions>
          <ns3:TrackPointExtension>
            <ns3:hr>150</ns3:hr>
            <ns3:cad>88</ns3:cad>
          </ns3:TrackPointExtension>
        </extensions>
      </trkpt>
      <trkpt lat="31.219065897166728973388671875" lon="121.38837506063282489776611328125">
        <ele>14.19999980926513671875</ele>
        <time>2026-09-07T10:46:26.000Z</time>
        <extensions>
          <ns3:TrackPointExtension>
            <ns3:hr>150</ns3:hr>
            <ns3:cad>89</ns3:cad>
          </ns3:TrackPointExtension>
        </extensions>
      </trkpt>
      <trkpt lat="31.2190905399620532989501953125" lon="121.3883691094815731048583984375">
        <ele>14.19999980926513671875</ele>
        <time>2026-09-07T10:46:27.000Z</time>
        <extensions>
          <ns3:TrackPointExtension>
            <ns3:hr>151</ns3:hr>
            <ns3:cad>90</ns3:cad>
          </ns3:TrackPointExtension>
        </extensions>
      </trkpt>
      <trkpt lat="31.21911518275737762451171875" lon="121.38836936093866825103759765625">
        <ele>14.19999980926513671875</ele>
        <time>2026-09-07T10:46:28.000Z</time>
        <extensions>
          <ns3:TrackPointExtension>
            <ns3:hr>151</ns3:hr>
            <ns3:cad>90</ns3:cad>
          </ns3:TrackPointExtension>
        </extensions>
      </trkpt>
      <trkpt lat="31.21913303621113300323486328125" lon="121.3883681036531925201416015625">
        <ele>14.3999996185302734375</ele>
        <time>2026-09-07T10:46:29.000Z</time>
        <extensions>
          <ns3:TrackPointExtension>
            <ns3:hr>151</ns3:hr>
            <ns3:cad>89</ns3:cad>
          </ns3:TrackPointExtension>
        </extensions>
      </trkpt>
      <trkpt lat="31.21915935538709163665771484375" lon="121.38836433179676532745361328125">
        <ele>14.3999996185302734375</ele>
        <time>2026-09-07T10:46:30.000Z</time>
        <extensions>
          <ns3:TrackPointExtension>
            <ns3:hr>151</ns3:hr>
            <ns3:cad>88</ns3:cad>
          </ns3:TrackPointExtension>
        </extensions>
      </trkpt>
      <trkpt lat="31.219183914363384246826171875" lon="121.3883645832538604736328125">
        <ele>14.19999980926513671875</ele>
        <time>2026-09-07T10:46:31.000Z</time>
        <extensions>
          <ns3:TrackPointExtension>
            <ns3:hr>150</ns3:hr>
            <ns3:cad>88</ns3:cad>
          </ns3:TrackPointExtension>
        </extensions>
      </trkpt>
      <trkpt lat="31.21920646168291568756103515625" lon="121.3883565366268157958984375">
        <ele>14</ele>
        <time>2026-09-07T10:46:32.000Z</time>
        <extensions>
          <ns3:TrackPointExtension>
            <ns3:hr>151</ns3:hr>
            <ns3:cad>88</ns3:cad>
          </ns3:TrackPointExtension>
        </extensions>
      </trkpt>
      <trkpt lat="31.21922858990728855133056640625" lon="121.38835678808391094207763671875">
        <ele>14</ele>
        <time>2026-09-07T10:46:33.000Z</time>
        <extensions>
          <ns3:TrackPointExtension>
            <ns3:hr>151</ns3:hr>
            <ns3:cad>89</ns3:cad>
          </ns3:TrackPointExtension>
        </extensions>
      </trkpt>
      <trkpt lat="31.219252981245517730712890625" lon="121.38834924437105655670166015625">
        <ele>14</ele>
        <time>2026-09-07T10:46:34.000Z</time>
        <extensions>
          <ns3:TrackPointExtension>
            <ns3:hr>150</ns3:hr>
            <ns3:cad>89</ns3:cad>
          </ns3:TrackPointExtension>
        </extensions>
      </trkpt>
      <trkpt lat="31.2192766182124614715576171875" lon="121.38834874145686626434326171875">
        <ele>13.80000019073486328125</ele>
        <time>2026-09-07T10:46:35.000Z</time>
        <extensions>
          <ns3:TrackPointExtension>
            <ns3:hr>151</ns3:hr>
            <ns3:cad>88</ns3:cad>
          </ns3:TrackPointExtension>
        </extensions>
      </trkpt>
      <trkpt lat="31.219301261007785797119140625" lon="121.38834421522915363311767578125">
        <ele>14</ele>
        <time>2026-09-07T10:46:36.000Z</time>
        <extensions>
          <ns3:TrackPointExtension>
            <ns3:hr>151</ns3:hr>
            <ns3:cad>88</ns3:cad>
          </ns3:TrackPointExtension>
        </extensions>
      </trkpt>
      <trkpt lat="31.21932699345052242279052734375" lon="121.38834874145686626434326171875">
        <ele>14</ele>
        <time>2026-09-07T10:46:37.000Z</time>
        <extensions>
          <ns3:TrackPointExtension>
            <ns3:hr>151</ns3:hr>
            <ns3:cad>88</ns3:cad>
          </ns3:TrackPointExtension>
        </extensions>
      </trkpt>
      <trkpt lat="31.21934945695102214813232421875" lon="121.38835226185619831085205078125">
        <ele>14</ele>
        <time>2026-09-07T10:46:38.000Z</time>
        <extensions>
          <ns3:TrackPointExtension>
            <ns3:hr>150</ns3:hr>
            <ns3:cad>88</ns3:cad>
          </ns3:TrackPointExtension>
        </extensions>
      </trkpt>
      <trkpt lat="31.21937778778374195098876953125" lon="121.38835293240845203399658203125">
        <ele>14</ele>
        <time>2026-09-07T10:46:39.000Z</time>
        <extensions>
          <ns3:TrackPointExtension>
            <ns3:hr>150</ns3:hr>
            <ns3:cad>90</ns3:cad>
          </ns3:TrackPointExtension>
        </extensions>
      </trkpt>
      <trkpt lat="31.21939740143716335296630859375" lon="121.388349495828151702880859375">
        <ele>14</ele>
        <time>2026-09-07T10:46:40.000Z</time>
        <extensions>
          <ns3:TrackPointExtension>
            <ns3:hr>151</ns3:hr>
            <ns3:cad>90</ns3:cad>
          </ns3:TrackPointExtension>
        </extensions>
      </trkpt>
      <trkpt lat="31.219428665935993194580078125" lon="121.388348825275897979736328125">
        <ele>14</ele>
        <time>2026-09-07T10:46:41.000Z</time>
        <extensions>
          <ns3:TrackPointExtension>
            <ns3:hr>150</ns3:hr>
            <ns3:cad>89</ns3:cad>
          </ns3:TrackPointExtension>
        </extensions>
      </trkpt>
      <trkpt lat="31.2194499559700489044189453125" lon="121.38834337703883647918701171875">
        <ele>13.80000019073486328125</ele>
        <time>2026-09-07T10:46:42.000Z</time>
        <extensions>
          <ns3:TrackPointExtension>
            <ns3:hr>150</ns3:hr>
            <ns3:cad>88</ns3:cad>
          </ns3:TrackPointExtension>
        </extensions>
      </trkpt>
      <trkpt lat="31.2194808013737201690673828125" lon="121.38834421522915363311767578125">
        <ele>13.80000019073486328125</ele>
        <time>2026-09-07T10:46:43.000Z</time>
        <extensions>
          <ns3:TrackPointExtension>
            <ns3:hr>150</ns3:hr>
            <ns3:cad>88</ns3:cad>
          </ns3:TrackPointExtension>
        </extensions>
      </trkpt>
      <trkpt lat="31.21950209140777587890625" lon="121.38834270648658275604248046875">
        <ele>13.80000019073486328125</ele>
        <time>2026-09-07T10:46:44.000Z</time>
        <extensions>
          <ns3:TrackPointExtension>
            <ns3:hr>150</ns3:hr>
            <ns3:cad>88</ns3:cad>
          </ns3:TrackPointExtension>
        </extensions>
      </trkpt>
      <trkpt lat="31.21952882967889308929443359375" lon="121.388348154723644256591796875">
        <ele>13.80000019073486328125</ele>
        <time>2026-09-07T10:46:45.000Z</time>
        <extensions>
          <ns3:TrackPointExtension>
            <ns3:hr>150</ns3:hr>
            <ns3:cad>90</ns3:cad>
          </ns3:TrackPointExtension>
        </extensions>
      </trkpt>
      <trkpt lat="31.219545342028141021728515625" lon="121.38834572397172451019287109375">
        <ele>13.80000019073486328125</ele>
        <time>2026-09-07T10:46:46.000Z</time>
        <extensions>
          <ns3:TrackPointExtension>
            <ns3:hr>150</ns3:hr>
            <ns3:cad>90</ns3:cad>
          </ns3:TrackPointExtension>
        </extensions>
      </trkpt>
      <trkpt lat="31.21956772170960903167724609375" lon="121.38834907673299312591552734375">
        <ele>13.80000019073486328125</ele>
        <time>2026-09-07T10:46:47.000Z</time>
        <extensions>
          <ns3:TrackPointExtension>
            <ns3:hr>150</ns3:hr>
            <ns3:cad>89</ns3:cad>
          </ns3:TrackPointExtension>
        </extensions>
      </trkpt>
      <trkpt lat="31.21958498843014240264892578125" lon="121.38834647834300994873046875">
        <ele>13.80000019073486328125</ele>
        <time>2026-09-07T10:46:48.000Z</time>
        <extensions>
          <ns3:TrackPointExtension>
            <ns3:hr>150</ns3:hr>
            <ns3:cad>88</ns3:cad>
          </ns3:TrackPointExtension>
        </extensions>
      </trkpt>
      <trkpt lat="31.21961298398673534393310546875" lon="121.38834807090461254119873046875">
        <ele>13.80000019073486328125</ele>
        <time>2026-09-07T10:46:49.000Z</time>
        <extensions>
          <ns3:TrackPointExtension>
            <ns3:hr>149</ns3:hr>
            <ns3:cad>88</ns3:cad>
          </ns3:TrackPointExtension>
        </extensions>
      </trkpt>
      <trkpt lat="31.2196350283920764923095703125" lon="121.38834379613399505615234375">
        <ele>13.80000019073486328125</ele>
        <time>2026-09-07T10:46:50.000Z</time>
        <extensions>
          <ns3:TrackPointExtension>
            <ns3:hr>149</ns3:hr>
            <ns3:cad>88</ns3:cad>
          </ns3:TrackPointExtension>
        </extensions>
      </trkpt>
      <trkpt lat="31.2196685560047626495361328125" lon="121.388345472514629364013671875">
        <ele>13.80000019073486328125</ele>
        <time>2026-09-07T10:46:51.000Z</time>
        <extensions>
          <ns3:TrackPointExtension>
            <ns3:hr>149</ns3:hr>
            <ns3:cad>89</ns3:cad>
          </ns3:TrackPointExtension>
        </extensions>
      </trkpt>
      <trkpt lat="31.2196920253336429595947265625" lon="121.3883412815630435943603515625">
        <ele>14</ele>
        <time>2026-09-07T10:46:52.000Z</time>
        <extensions>
          <ns3:TrackPointExtension>
            <ns3:hr>149</ns3:hr>
            <ns3:cad>89</ns3:cad>
          </ns3:TrackPointExtension>
        </extensions>
      </trkpt>
      <trkpt lat="31.21972228400409221649169921875" lon="121.38833935372531414031982421875">
        <ele>14</ele>
        <time>2026-09-07T10:46:53.000Z</time>
        <extensions>
          <ns3:TrackPointExtension>
            <ns3:hr>149</ns3:hr>
            <ns3:cad>89</ns3:cad>
          </ns3:TrackPointExtension>
        </extensions>
      </trkpt>
      <trkpt lat="31.2197434902191162109375" lon="121.38833834789693355560302734375">
        <ele>14</ele>
        <time>2026-09-07T10:46:54.000Z</time>
        <extensions>
          <ns3:TrackPointExtension>
            <ns3:hr>150</ns3:hr>
            <ns3:cad>88</ns3:cad>
          </ns3:TrackPointExtension>
        </extensions>
      </trkpt>
      <trkpt lat="31.2197751738131046295166015625" lon="121.38833784498274326324462890625">
        <ele>14</ele>
        <time>2026-09-07T10:46:55.000Z</time>
        <extensions>
          <ns3:TrackPointExtension>
            <ns3:hr>149</ns3:hr>
            <ns3:cad>87</ns3:cad>
          </ns3:TrackPointExtension>
        </extensions>
      </trkpt>
      <trkpt lat="31.21979638002812862396240234375" lon="121.3883385993540287017822265625">
        <ele>14.19999980926513671875</ele>
        <time>2026-09-07T10:46:56.000Z</time>
        <extensions>
          <ns3:TrackPointExtension>
            <ns3:hr>149</ns3:hr>
            <ns3:cad>87</ns3:cad>
          </ns3:TrackPointExtension>
        </extensions>
      </trkpt>
      <trkpt lat="31.21982689015567302703857421875" lon="121.38833197765052318572998046875">
        <ele>14.19999980926513671875</ele>
        <time>2026-09-07T10:46:57.000Z</time>
        <extensions>
          <ns3:TrackPointExtension>
            <ns3:hr>149</ns3:hr>
            <ns3:cad>87</ns3:cad>
          </ns3:TrackPointExtension>
        </extensions>
      </trkpt>
      <trkpt lat="31.2198579870164394378662109375" lon="121.38832376338541507720947265625">
        <ele>14.19999980926513671875</ele>
        <time>2026-09-07T10:46:58.000Z</time>
        <extensions>
          <ns3:TrackPointExtension>
            <ns3:hr>149</ns3:hr>
            <ns3:cad>89</ns3:cad>
          </ns3:TrackPointExtension>
        </extensions>
      </trkpt>
      <trkpt lat="31.2198735773563385009765625" lon="121.388306580483913421630859375">
        <ele>14.19999980926513671875</ele>
        <time>2026-09-07T10:46:59.000Z</time>
        <extensions>
          <ns3:TrackPointExtension>
            <ns3:hr>150</ns3:hr>
            <ns3:cad>89</ns3:cad>
          </ns3:TrackPointExtension>
        </extensions>
      </trkpt>
      <trkpt lat="31.21989042498171329498291015625" lon="121.38827866874635219573974609375">
        <ele>14</ele>
        <time>2026-09-07T10:47:00.000Z</time>
        <extensions>
          <ns3:TrackPointExtension>
            <ns3:hr>149</ns3:hr>
            <ns3:cad>88</ns3:cad>
          </ns3:TrackPointExtension>
        </extensions>
      </trkpt>
      <trkpt lat="31.21989444829523563385009765625" lon="121.38825586996972560882568359375">
        <ele>14</ele>
        <time>2026-09-07T10:47:01.000Z</time>
        <extensions>
          <ns3:TrackPointExtension>
            <ns3:hr>149</ns3:hr>
            <ns3:cad>87</ns3:cad>
          </ns3:TrackPointExtension>
        </extensions>
      </trkpt>
      <trkpt lat="31.21990232728421688079833984375" lon="121.38822670094668865203857421875">
        <ele>13.80000019073486328125</ele>
        <time>2026-09-07T10:47:02.000Z</time>
        <extensions>
          <ns3:TrackPointExtension>
            <ns3:hr>150</ns3:hr>
            <ns3:cad>87</ns3:cad>
          </ns3:TrackPointExtension>
        </extensions>
      </trkpt>
      <trkpt lat="31.219906099140644073486328125" lon="121.38820507563650608062744140625">
        <ele>14</ele>
        <time>2026-09-07T10:47:03.000Z</time>
        <extensions>
          <ns3:TrackPointExtension>
            <ns3:hr>149</ns3:hr>
            <ns3:cad>86</ns3:cad>
          </ns3:TrackPointExtension>
        </extensions>
      </trkpt>
      <trkpt lat="31.21991054154932498931884765625" lon="121.38817372731864452362060546875">
        <ele>14.19999980926513671875</ele>
        <time>2026-09-07T10:47:04.000Z</time>
        <extensions>
          <ns3:TrackPointExtension>
            <ns3:hr>149</ns3:hr>
            <ns3:cad>86</ns3:cad>
          </ns3:TrackPointExtension>
        </extensions>
      </trkpt>
      <trkpt lat="31.2199129723012447357177734375" lon="121.3881491683423519134521484375">
        <ele>14.19999980926513671875</ele>
        <time>2026-09-07T10:47:05.000Z</time>
        <extensions>
          <ns3:TrackPointExtension>
            <ns3:hr>150</ns3:hr>
            <ns3:cad>86</ns3:cad>
          </ns3:TrackPointExtension>
        </extensions>
      </trkpt>
      <trkpt lat="31.21991313993930816650390625" lon="121.38811924494802951812744140625">
        <ele>14.19999980926513671875</ele>
        <time>2026-09-07T10:47:06.000Z</time>
        <extensions>
          <ns3:TrackPointExtension>
            <ns3:hr>150</ns3:hr>
            <ns3:cad>86</ns3:cad>
          </ns3:TrackPointExtension>
        </extensions>
      </trkpt>
      <trkpt lat="31.21991020627319812774658203125" lon="121.388089992105960845947265625">
        <ele>14.3999996185302734375</ele>
        <time>2026-09-07T10:47:07.000Z</time>
        <extensions>
          <ns3:TrackPointExtension>
            <ns3:hr>150</ns3:hr>
            <ns3:cad>87</ns3:cad>
          </ns3:TrackPointExtension>
        </extensions>
      </trkpt>
      <trkpt lat="31.219908781349658966064453125" lon="121.38806283473968505859375">
        <ele>14.3999996185302734375</ele>
        <time>2026-09-07T10:47:08.000Z</time>
        <extensions>
          <ns3:TrackPointExtension>
            <ns3:hr>150</ns3:hr>
            <ns3:cad>87</ns3:cad>
          </ns3:TrackPointExtension>
        </extensions>
      </trkpt>
      <trkpt lat="31.21990819461643695831298828125" lon="121.38803240843117237091064453125">
        <ele>14.3999996185302734375</ele>
        <time>2026-09-07T10:47:09.000Z</time>
        <extensions>
          <ns3:TrackPointExtension>
            <ns3:hr>150</ns3:hr>
            <ns3:cad>88</ns3:cad>
          </ns3:TrackPointExtension>
        </extensions>
      </trkpt>
      <trkpt lat="31.2199029140174388885498046875" lon="121.3880093581974506378173828125">
        <ele>14.3999996185302734375</ele>
        <time>2026-09-07T10:47:10.000Z</time>
        <extensions>
          <ns3:TrackPointExtension>
            <ns3:hr>150</ns3:hr>
            <ns3:cad>89</ns3:cad>
          </ns3:TrackPointExtension>
        </extensions>
      </trkpt>
      <trkpt lat="31.21990375220775604248046875" lon="121.38797826133668422698974609375">
        <ele>14.19999980926513671875</ele>
        <time>2026-09-07T10:47:11.000Z</time>
        <extensions>
          <ns3:TrackPointExtension>
            <ns3:hr>150</ns3:hr>
            <ns3:cad>89</ns3:cad>
          </ns3:TrackPointExtension>
        </extensions>
      </trkpt>
      <trkpt lat="31.2199002318084239959716796875" lon="121.38795076869428157806396484375">
        <ele>14.19999980926513671875</ele>
        <time>2026-09-07T10:47:12.000Z</time>
        <extensions>
          <ns3:TrackPointExtension>
            <ns3:hr>150</ns3:hr>
            <ns3:cad>88</ns3:cad>
          </ns3:TrackPointExtension>
        </extensions>
      </trkpt>
      <trkpt lat="31.21990316547453403472900390625" lon="121.387918330729007720947265625">
        <ele>14.19999980926513671875</ele>
        <time>2026-09-07T10:47:13.000Z</time>
        <extensions>
          <ns3:TrackPointExtension>
            <ns3:hr>151</ns3:hr>
            <ns3:cad>88</ns3:cad>
          </ns3:TrackPointExtension>
        </extensions>
      </trkpt>
      <trkpt lat="31.21990568004548549652099609375" lon="121.3878923468291759490966796875">
        <ele>14.19999980926513671875</ele>
        <time>2026-09-07T10:47:14.000Z</time>
        <extensions>
          <ns3:TrackPointExtension>
            <ns3:hr>151</ns3:hr>
            <ns3:cad>87</ns3:cad>
          </ns3:TrackPointExtension>
        </extensions>
      </trkpt>
      <trkpt lat="31.2199042551219463348388671875" lon="121.3878641836345195770263671875">
        <ele>14.19999980926513671875</ele>
        <time>2026-09-07T10:47:15.000Z</time>
        <extensions>
          <ns3:TrackPointExtension>
            <ns3:hr>150</ns3:hr>
            <ns3:cad>87</ns3:cad>
          </ns3:TrackPointExtension>
        </extensions>
      </trkpt>
      <trkpt lat="31.21989645995199680328369140625" lon="121.38783928938210010528564453125">
        <ele>14.19999980926513671875</ele>
        <time>2026-09-07T10:47:16.000Z</time>
        <extensions>
          <ns3:TrackPointExtension>
            <ns3:hr>150</ns3:hr>
            <ns3:cad>89</ns3:cad>
          </ns3:TrackPointExtension>
        </extensions>
      </trkpt>
      <trkpt lat="31.21989629231393337249755859375" lon="121.38781213201582431793212890625">
        <ele>14.19999980926513671875</ele>
        <time>2026-09-07T10:47:17.000Z</time>
        <extensions>
          <ns3:TrackPointExtension>
            <ns3:hr>150</ns3:hr>
            <ns3:cad>89</ns3:cad>
          </ns3:TrackPointExtension>
        </extensions>
      </trkpt>
      <trkpt lat="31.219894699752330780029296875" lon="121.38778648339211940765380859375">
        <ele>14.19999980926513671875</ele>
        <time>2026-09-07T10:47:18.000Z</time>
        <extensions>
          <ns3:TrackPointExtension>
            <ns3:hr>150</ns3:hr>
            <ns3:cad>89</ns3:cad>
          </ns3:TrackPointExtension>
        </extensions>
      </trkpt>
      <trkpt lat="31.21989495120942592620849609375" lon="121.3877528719604015350341796875">
        <ele>14.19999980926513671875</ele>
        <time>2026-09-07T10:47:19.000Z</time>
        <extensions>
          <ns3:TrackPointExtension>
            <ns3:hr>150</ns3:hr>
            <ns3:cad>88</ns3:cad>
          </ns3:TrackPointExtension>
        </extensions>
      </trkpt>
      <trkpt lat="31.2198925204575061798095703125" lon="121.3877270556986331939697265625">
        <ele>14.19999980926513671875</ele>
        <time>2026-09-07T10:47:20.000Z</time>
        <extensions>
          <ns3:TrackPointExtension>
            <ns3:hr>150</ns3:hr>
            <ns3:cad>87</ns3:cad>
          </ns3:TrackPointExtension>
        </extensions>
      </trkpt>
      <trkpt lat="31.2198918499052524566650390625" lon="121.38769428245723247528076171875">
        <ele>14.19999980926513671875</ele>
        <time>2026-09-07T10:47:21.000Z</time>
        <extensions>
          <ns3:TrackPointExtension>
            <ns3:hr>150</ns3:hr>
            <ns3:cad>87</ns3:cad>
          </ns3:TrackPointExtension>
        </extensions>
      </trkpt>
      <trkpt lat="31.21988321654498577117919921875" lon="121.387666873633861541748046875">
        <ele>14.19999980926513671875</ele>
        <time>2026-09-07T10:47:22.000Z</time>
        <extensions>
          <ns3:TrackPointExtension>
            <ns3:hr>150</ns3:hr>
            <ns3:cad>88</ns3:cad>
          </ns3:TrackPointExtension>
        </extensions>
      </trkpt>
      <trkpt lat="31.21988154016435146331787109375" lon="121.38763460330665111541748046875">
        <ele>14.19999980926513671875</ele>
        <time>2026-09-07T10:47:23.000Z</time>
        <extensions>
          <ns3:TrackPointExtension>
            <ns3:hr>150</ns3:hr>
            <ns3:cad>90</ns3:cad>
          </ns3:TrackPointExtension>
        </extensions>
      </trkpt>
      <trkpt lat="31.219879277050495147705078125" lon="121.38760752975940704345703125">
        <ele>14.19999980926513671875</ele>
        <time>2026-09-07T10:47:24.000Z</time>
        <extensions>
          <ns3:TrackPointExtension>
            <ns3:hr>150</ns3:hr>
            <ns3:cad>90</ns3:cad>
          </ns3:TrackPointExtension>
        </extensions>
      </trkpt>
      <trkpt lat="31.21987801976501941680908203125" lon="121.38757676817476749420166015625">
        <ele>14.19999980926513671875</ele>
        <time>2026-09-07T10:47:25.000Z</time>
        <extensions>
          <ns3:TrackPointExtension>
            <ns3:hr>150</ns3:hr>
            <ns3:cad>89</ns3:cad>
          </ns3:TrackPointExtension>
        </extensions>
      </trkpt>
      <trkpt lat="31.2198774330317974090576171875" lon="121.3875513710081577301025390625">
        <ele>14.3999996185302734375</ele>
        <time>2026-09-07T10:47:26.000Z</time>
        <extensions>
          <ns3:TrackPointExtension>
            <ns3:hr>150</ns3:hr>
            <ns3:cad>89</ns3:cad>
          </ns3:TrackPointExtension>
        </extensions>
      </trkpt>
      <trkpt lat="31.21988019905984401702880859375" lon="121.387516669929027557373046875">
        <ele>14.3999996185302734375</ele>
        <time>2026-09-07T10:47:27.000Z</time>
        <extensions>
          <ns3:TrackPointExtension>
            <ns3:hr>150</ns3:hr>
            <ns3:cad>89</ns3:cad>
          </ns3:TrackPointExtension>
        </extensions>
      </trkpt>
      <trkpt lat="31.219879947602748870849609375" lon="121.3874916918575763702392578125">
        <ele>14.3999996185302734375</ele>
        <time>2026-09-07T10:47:28.000Z</time>
        <extensions>
          <ns3:TrackPointExtension>
            <ns3:hr>149</ns3:hr>
            <ns3:cad>89</ns3:cad>
          </ns3:TrackPointExtension>
        </extensions>
      </trkpt>
      <trkpt lat="31.21987801976501941680908203125" lon="121.38745774514973163604736328125">
        <ele>14.3999996185302734375</ele>
        <time>2026-09-07T10:47:29.000Z</time>
        <extensions>
          <ns3:TrackPointExtension>
            <ns3:hr>149</ns3:hr>
            <ns3:cad>89</ns3:cad>
          </ns3:TrackPointExtension>
        </extensions>
      </trkpt>
      <trkpt lat="31.2198740802705287933349609375" lon="121.3874269835650920867919921875">
        <ele>14.3999996185302734375</ele>
        <time>2026-09-07T10:47:30.000Z</time>
        <extensions>
          <ns3:TrackPointExtension>
            <ns3:hr>149</ns3:hr>
            <ns3:cad>89</ns3:cad>
          </ns3:TrackPointExtension>
        </extensions>
      </trkpt>
      <trkpt lat="31.21987483464181423187255859375" lon="121.387394629418849945068359375">
        <ele>14.3999996185302734375</ele>
        <time>2026-09-07T10:47:31.000Z</time>
        <extensions>
          <ns3:TrackPointExtension>
            <ns3:hr>149</ns3:hr>
            <ns3:cad>89</ns3:cad>
          </ns3:TrackPointExtension>
        </extensions>
      </trkpt>
      <trkpt lat="31.219879277050495147705078125" lon="121.3873699866235256195068359375">
        <ele>14.3999996185302734375</ele>
        <time>2026-09-07T10:47:32.000Z</time>
        <extensions>
          <ns3:TrackPointExtension>
            <ns3:hr>149</ns3:hr>
            <ns3:cad>88</ns3:cad>
          </ns3:TrackPointExtension>
        </extensions>
      </trkpt>
      <trkpt lat="31.21988053433597087860107421875" lon="121.38734601438045501708984375">
        <ele>14.3999996185302734375</ele>
        <time>2026-09-07T10:47:33.000Z</time>
        <extensions>
          <ns3:TrackPointExtension>
            <ns3:hr>148</ns3:hr>
            <ns3:cad>87</ns3:cad>
          </ns3:TrackPointExtension>
        </extensions>
      </trkpt>
      <trkpt lat="31.21988204307854175567626953125" lon="121.387318186461925506591796875">
        <ele>14.3999996185302734375</ele>
        <time>2026-09-07T10:47:34.000Z</time>
        <extensions>
          <ns3:TrackPointExtension>
            <ns3:hr>148</ns3:hr>
            <ns3:cad>87</ns3:cad>
          </ns3:TrackPointExtension>
        </extensions>
      </trkpt>
      <trkpt lat="31.21987718157470226287841796875" lon="121.387297399342060089111328125">
        <ele>14.3999996185302734375</ele>
        <time>2026-09-07T10:47:35.000Z</time>
        <extensions>
          <ns3:TrackPointExtension>
            <ns3:hr>148</ns3:hr>
            <ns3:cad>88</ns3:cad>
          </ns3:TrackPointExtension>
        </extensions>
      </trkpt>
      <trkpt lat="31.21987718157470226287841796875" lon="121.38726881705224514007568359375">
        <ele>14.19999980926513671875</ele>
        <time>2026-09-07T10:47:36.000Z</time>
        <extensions>
          <ns3:TrackPointExtension>
            <ns3:hr>149</ns3:hr>
            <ns3:cad>88</ns3:cad>
          </ns3:TrackPointExtension>
        </extensions>
      </trkpt>
      <trkpt lat="31.2198730744421482086181640625" lon="121.38724316842854022979736328125">
        <ele>14.19999980926513671875</ele>
        <time>2026-09-07T10:47:37.000Z</time>
        <extensions>
          <ns3:TrackPointExtension>
            <ns3:hr>148</ns3:hr>
            <ns3:cad>88</ns3:cad>
          </ns3:TrackPointExtension>
        </extensions>
      </trkpt>
      <trkpt lat="31.219873912632465362548828125" lon="121.38721064664423465728759765625">
        <ele>14.19999980926513671875</ele>
        <time>2026-09-07T10:47:38.000Z</time>
        <extensions>
          <ns3:TrackPointExtension>
            <ns3:hr>148</ns3:hr>
            <ns3:cad>88</ns3:cad>
          </ns3:TrackPointExtension>
        </extensions>
      </trkpt>
      <trkpt lat="31.219873242080211639404296875" lon="121.38718650676310062408447265625">
        <ele>14.19999980926513671875</ele>
        <time>2026-09-07T10:47:39.000Z</time>
        <extensions>
          <ns3:TrackPointExtension>
            <ns3:hr>149</ns3:hr>
            <ns3:cad>88</ns3:cad>
          </ns3:TrackPointExtension>
        </extensions>
      </trkpt>
      <trkpt lat="31.219873242080211639404296875" lon="121.38715448789298534393310546875">
        <ele>14.3999996185302734375</ele>
        <time>2026-09-07T10:47:40.000Z</time>
        <extensions>
          <ns3:TrackPointExtension>
            <ns3:hr>148</ns3:hr>
            <ns3:cad>88</ns3:cad>
          </ns3:TrackPointExtension>
        </extensions>
      </trkpt>
      <trkpt lat="31.219869889318943023681640625" lon="121.3871252350509166717529296875">
        <ele>14.3999996185302734375</ele>
        <time>2026-09-07T10:47:41.000Z</time>
        <extensions>
          <ns3:TrackPointExtension>
            <ns3:hr>148</ns3:hr>
            <ns3:cad>88</ns3:cad>
          </ns3:TrackPointExtension>
        </extensions>
      </trkpt>
      <trkpt lat="31.2198754213750362396240234375" lon="121.38708257116377353668212890625">
        <ele>14.3999996185302734375</ele>
        <time>2026-09-07T10:47:42.000Z</time>
        <extensions>
          <ns3:TrackPointExtension>
            <ns3:hr>149</ns3:hr>
            <ns3:cad>90</ns3:cad>
          </ns3:TrackPointExtension>
        </extensions>
      </trkpt>
      <trkpt lat="31.21987290680408477783203125" lon="121.3870531506836414337158203125">
        <ele>14.3999996185302734375</ele>
        <time>2026-09-07T10:47:43.000Z</time>
        <extensions>
          <ns3:TrackPointExtension>
            <ns3:hr>148</ns3:hr>
            <ns3:cad>90</ns3:cad>
          </ns3:TrackPointExtension>
        </extensions>
      </trkpt>
      <trkpt lat="31.21987181715667247772216796875" lon="121.387017779052257537841796875">
        <ele>14.3999996185302734375</ele>
        <time>2026-09-07T10:47:44.000Z</time>
        <extensions>
          <ns3:TrackPointExtension>
            <ns3:hr>148</ns3:hr>
            <ns3:cad>88</ns3:cad>
          </ns3:TrackPointExtension>
        </extensions>
      </trkpt>
      <trkpt lat="31.21986947022378444671630859375" lon="121.38698659837245941162109375">
        <ele>14.3999996185302734375</ele>
        <time>2026-09-07T10:47:45.000Z</time>
        <extensions>
          <ns3:TrackPointExtension>
            <ns3:hr>149</ns3:hr>
            <ns3:cad>88</ns3:cad>
          </ns3:TrackPointExtension>
        </extensions>
      </trkpt>
      <trkpt lat="31.2198673747479915618896484375" lon="121.3869505561888217926025390625">
        <ele>14.3999996185302734375</ele>
        <time>2026-09-07T10:47:46.000Z</time>
        <extensions>
          <ns3:TrackPointExtension>
            <ns3:hr>148</ns3:hr>
            <ns3:cad>88</ns3:cad>
          </ns3:TrackPointExtension>
        </extensions>
      </trkpt>
      <trkpt lat="31.21986242942512035369873046875" lon="121.3869233988225460052490234375">
        <ele>14.3999996185302734375</ele>
        <time>2026-09-07T10:47:47.000Z</time>
        <extensions>
          <ns3:TrackPointExtension>
            <ns3:hr>148</ns3:hr>
            <ns3:cad>88</ns3:cad>
          </ns3:TrackPointExtension>
        </extensions>
      </trkpt>
      <trkpt lat="31.2198573164641857147216796875" lon="121.386889033019542694091796875">
        <ele>14.3999996185302734375</ele>
        <time>2026-09-07T10:47:48.000Z</time>
        <extensions>
          <ns3:TrackPointExtension>
            <ns3:hr>149</ns3:hr>
            <ns3:cad>88</ns3:cad>
          </ns3:TrackPointExtension>
        </extensions>
      </trkpt>
      <trkpt lat="31.2198563106358051300048828125" lon="121.38686279766261577606201171875">
        <ele>14.3999996185302734375</ele>
        <time>2026-09-07T10:47:49.000Z</time>
        <extensions>
          <ns3:TrackPointExtension>
            <ns3:hr>148</ns3:hr>
            <ns3:cad>89</ns3:cad>
          </ns3:TrackPointExtension>
        </extensions>
      </trkpt>
      <trkpt lat="31.21985354460775852203369140625" lon="121.386830694973468780517578125">
        <ele>14.19999980926513671875</ele>
        <time>2026-09-07T10:47:50.000Z</time>
        <extensions>
          <ns3:TrackPointExtension>
            <ns3:hr>148</ns3:hr>
            <ns3:cad>89</ns3:cad>
          </ns3:TrackPointExtension>
        </extensions>
      </trkpt>
      <trkpt lat="31.21985471807420253753662109375" lon="121.38680714182555675506591796875">
        <ele>14.19999980926513671875</ele>
        <time>2026-09-07T10:47:51.000Z</time>
        <extensions>
          <ns3:TrackPointExtension>
            <ns3:hr>149</ns3:hr>
            <ns3:cad>88</ns3:cad>
          </ns3:TrackPointExtension>
        </extensions>
      </trkpt>
      <trkpt lat="31.21985890902578830718994140625" lon="121.38677336275577545166015625">
        <ele>14.19999980926513671875</ele>
        <time>2026-09-07T10:47:52.000Z</time>
        <extensions>
          <ns3:TrackPointExtension>
            <ns3:hr>148</ns3:hr>
            <ns3:cad>88</ns3:cad>
          </ns3:TrackPointExtension>
        </extensions>
      </trkpt>
      <trkpt lat="31.2198596633970737457275390625" lon="121.38674461282789707183837890625">
        <ele>14.3999996185302734375</ele>
        <time>2026-09-07T10:47:53.000Z</time>
        <extensions>
          <ns3:TrackPointExtension>
            <ns3:hr>149</ns3:hr>
            <ns3:cad>88</ns3:cad>
          </ns3:TrackPointExtension>
        </extensions>
      </trkpt>
      <trkpt lat="31.21985614299774169921875" lon="121.3867151923477649688720703125">
        <ele>14.3999996185302734375</ele>
        <time>2026-09-07T10:47:54.000Z</time>
        <extensions>
          <ns3:TrackPointExtension>
            <ns3:hr>148</ns3:hr>
            <ns3:cad>89</ns3:cad>
          </ns3:TrackPointExtension>
        </extensions>
      </trkpt>
      <trkpt lat="31.21985471807420253753662109375" lon="121.3866840116679668426513671875">
        <ele>14.3999996185302734375</ele>
        <time>2026-09-07T10:47:55.000Z</time>
        <extensions>
          <ns3:TrackPointExtension>
            <ns3:hr>148</ns3:hr>
            <ns3:cad>89</ns3:cad>
          </ns3:TrackPointExtension>
        </extensions>
      </trkpt>
      <trkpt lat="31.2198509462177753448486328125" lon="121.38665660284459590911865234375">
        <ele>14.3999996185302734375</ele>
        <time>2026-09-07T10:47:56.000Z</time>
        <extensions>
          <ns3:TrackPointExtension>
            <ns3:hr>148</ns3:hr>
            <ns3:cad>89</ns3:cad>
          </ns3:TrackPointExtension>
        </extensions>
      </trkpt>
      <trkpt lat="31.21985103003680706024169921875" lon="121.38662693090736865997314453125">
        <ele>14.3999996185302734375</ele>
        <time>2026-09-07T10:47:57.000Z</time>
        <extensions>
          <ns3:TrackPointExtension>
            <ns3:hr>149</ns3:hr>
            <ns3:cad>88</ns3:cad>
          </ns3:TrackPointExtension>
        </extensions>
      </trkpt>
      <trkpt lat="31.21985035948455333709716796875" lon="121.38659893535077571868896484375">
        <ele>14.3999996185302734375</ele>
        <time>2026-09-07T10:47:58.000Z</time>
        <extensions>
          <ns3:TrackPointExtension>
            <ns3:hr>149</ns3:hr>
            <ns3:cad>88</ns3:cad>
          </ns3:TrackPointExtension>
        </extensions>
      </trkpt>
      <trkpt lat="31.21985136531293392181396484375" lon="121.3865670002996921539306640625">
        <ele>14.3999996185302734375</ele>
        <time>2026-09-07T10:47:59.000Z</time>
        <extensions>
          <ns3:TrackPointExtension>
            <ns3:hr>149</ns3:hr>
            <ns3:cad>88</ns3:cad>
          </ns3:TrackPointExtension>
        </extensions>
      </trkpt>
      <trkpt lat="31.21984935365617275238037109375" lon="121.3865371607244014739990234375">
        <ele>14.3999996185302734375</ele>
        <time>2026-09-07T10:48:00.000Z</time>
        <extensions>
          <ns3:TrackPointExtension>
            <ns3:hr>149</ns3:hr>
            <ns3:cad>88</ns3:cad>
          </ns3:TrackPointExtension>
        </extensions>
      </trkpt>
      <trkpt lat="31.21985279023647308349609375" lon="121.38650690205395221710205078125">
        <ele>14.3999996185302734375</ele>
        <time>2026-09-07T10:48:01.000Z</time>
        <extensions>
          <ns3:TrackPointExtension>
            <ns3:hr>148</ns3:hr>
            <ns3:cad>90</ns3:cad>
          </ns3:TrackPointExtension>
        </extensions>
      </trkpt>
      <trkpt lat="31.21985086239874362945556640625" lon="121.386482007801532745361328125">
        <ele>14.3999996185302734375</ele>
        <time>2026-09-07T10:48:02.000Z</time>
        <extensions>
          <ns3:TrackPointExtension>
            <ns3:hr>149</ns3:hr>
            <ns3:cad>90</ns3:cad>
          </ns3:TrackPointExtension>
        </extensions>
      </trkpt>
      <trkpt lat="31.21984465979039669036865234375" lon="121.38645526953041553497314453125">
        <ele>14.3999996185302734375</ele>
        <time>2026-09-07T10:48:03.000Z</time>
        <extensions>
          <ns3:TrackPointExtension>
            <ns3:hr>149</ns3:hr>
            <ns3:cad>88</ns3:cad>
          </ns3:TrackPointExtension>
        </extensions>
      </trkpt>
      <trkpt lat="31.21984206140041351318359375" lon="121.38642895035445690155029296875">
        <ele>14.3999996185302734375</ele>
        <time>2026-09-07T10:48:04.000Z</time>
        <extensions>
          <ns3:TrackPointExtension>
            <ns3:hr>148</ns3:hr>
            <ns3:cad>88</ns3:cad>
          </ns3:TrackPointExtension>
        </extensions>
      </trkpt>
      <trkpt lat="31.2198439054191112518310546875" lon="121.3863936625421047210693359375">
        <ele>14.3999996185302734375</ele>
        <time>2026-09-07T10:48:05.000Z</time>
        <extensions>
          <ns3:TrackPointExtension>
            <ns3:hr>149</ns3:hr>
            <ns3:cad>88</ns3:cad>
          </ns3:TrackPointExtension>
        </extensions>
      </trkpt>
      <trkpt lat="31.21984063647687435150146484375" lon="121.38636776246130466461181640625">
        <ele>14.3999996185302734375</ele>
        <time>2026-09-07T10:48:06.000Z</time>
        <extensions>
          <ns3:TrackPointExtension>
            <ns3:hr>149</ns3:hr>
            <ns3:cad>88</ns3:cad>
          </ns3:TrackPointExtension>
        </extensions>
      </trkpt>
      <trkpt lat="31.21984767727553844451904296875" lon="121.38633524067699909210205078125">
        <ele>14.3999996185302734375</ele>
        <time>2026-09-07T10:48:07.000Z</time>
        <extensions>
          <ns3:TrackPointExtension>
            <ns3:hr>149</ns3:hr>
            <ns3:cad>89</ns3:cad>
          </ns3:TrackPointExtension>
        </extensions>
      </trkpt>
      <trkpt lat="31.2198442406952381134033203125" lon="121.38631160371005535125732421875">
        <ele>14.3999996185302734375</ele>
        <time>2026-09-07T10:48:08.000Z</time>
        <extensions>
          <ns3:TrackPointExtension>
            <ns3:hr>148</ns3:hr>
            <ns3:cad>89</ns3:cad>
          </ns3:TrackPointExtension>
        </extensions>
      </trkpt>
      <trkpt lat="31.2198472581803798675537109375" lon="121.38627639971673488616943359375">
        <ele>14.19999980926513671875</ele>
        <time>2026-09-07T10:48:09.000Z</time>
        <extensions>
          <ns3:TrackPointExtension>
            <ns3:hr>149</ns3:hr>
            <ns3:cad>88</ns3:cad>
          </ns3:TrackPointExtension>
        </extensions>
      </trkpt>
      <trkpt lat="31.21984231285750865936279296875" lon="121.3862525112926959991455078125">
        <ele>14.19999980926513671875</ele>
        <time>2026-09-07T10:48:10.000Z</time>
        <extensions>
          <ns3:TrackPointExtension>
            <ns3:hr>149</ns3:hr>
            <ns3:cad>88</ns3:cad>
          </ns3:TrackPointExtension>
        </extensions>
      </trkpt>
      <trkpt lat="31.219841726124286651611328125" lon="121.3862186484038829803466796875">
        <ele>14</ele>
        <time>2026-09-07T10:48:11.000Z</time>
        <extensions>
          <ns3:TrackPointExtension>
            <ns3:hr>148</ns3:hr>
            <ns3:cad>87</ns3:cad>
          </ns3:TrackPointExtension>
        </extensions>
      </trkpt>
      <trkpt lat="31.2198385410010814666748046875" lon="121.38619459234178066253662109375">
        <ele>14</ele>
        <time>2026-09-07T10:48:12.000Z</time>
        <extensions>
          <ns3:TrackPointExtension>
            <ns3:hr>149</ns3:hr>
            <ns3:cad>87</ns3:cad>
          </ns3:TrackPointExtension>
        </extensions>
      </trkpt>
      <trkpt lat="31.21983208693563938140869140625" lon="121.38616123236715793609619140625">
        <ele>14.19999980926513671875</ele>
        <time>2026-09-07T10:48:13.000Z</time>
        <extensions>
          <ns3:TrackPointExtension>
            <ns3:hr>149</ns3:hr>
            <ns3:cad>87</ns3:cad>
          </ns3:TrackPointExtension>
        </extensions>
      </trkpt>
      <trkpt lat="31.2198304943740367889404296875" lon="121.38613558374345302581787109375">
        <ele>14.3999996185302734375</ele>
        <time>2026-09-07T10:48:14.000Z</time>
        <extensions>
          <ns3:TrackPointExtension>
            <ns3:hr>149</ns3:hr>
            <ns3:cad>88</ns3:cad>
          </ns3:TrackPointExtension>
        </extensions>
      </trkpt>
      <trkpt lat="31.219822280108928680419921875" lon="121.386103145778179168701171875">
        <ele>14.3999996185302734375</ele>
        <time>2026-09-07T10:48:15.000Z</time>
        <extensions>
          <ns3:TrackPointExtension>
            <ns3:hr>148</ns3:hr>
            <ns3:cad>88</ns3:cad>
          </ns3:TrackPointExtension>
        </extensions>
      </trkpt>
      <trkpt lat="31.2198217771947383880615234375" lon="121.38607992790639400482177734375">
        <ele>14.3999996185302734375</ele>
        <time>2026-09-07T10:48:16.000Z</time>
        <extensions>
          <ns3:TrackPointExtension>
            <ns3:hr>149</ns3:hr>
            <ns3:cad>88</ns3:cad>
          </ns3:TrackPointExtension>
        </extensions>
      </trkpt>
      <trkpt lat="31.2198207713663578033447265625" lon="121.3860506750643253326416015625">
        <ele>14.3999996185302734375</ele>
        <time>2026-09-07T10:48:17.000Z</time>
        <extensions>
          <ns3:TrackPointExtension>
            <ns3:hr>149</ns3:hr>
            <ns3:cad>87</ns3:cad>
          </ns3:TrackPointExtension>
        </extensions>
      </trkpt>
      <trkpt lat="31.21982655487954616546630859375" lon="121.38602142222225666046142578125">
        <ele>14.3999996185302734375</ele>
        <time>2026-09-07T10:48:18.000Z</time>
        <extensions>
          <ns3:TrackPointExtension>
            <ns3:hr>148</ns3:hr>
            <ns3:cad>87</ns3:cad>
          </ns3:TrackPointExtension>
        </extensions>
      </trkpt>
      <trkpt lat="31.219825632870197296142578125" lon="121.38599359430372714996337890625">
        <ele>14.3999996185302734375</ele>
        <time>2026-09-07T10:48:19.000Z</time>
        <extensions>
          <ns3:TrackPointExtension>
            <ns3:hr>149</ns3:hr>
            <ns3:cad>88</ns3:cad>
          </ns3:TrackPointExtension>
        </extensions>
      </trkpt>
      <trkpt lat="31.2198234535753726959228515625" lon="121.385962665081024169921875">
        <ele>14.19999980926513671875</ele>
        <time>2026-09-07T10:48:20.000Z</time>
        <extensions>
          <ns3:TrackPointExtension>
            <ns3:hr>149</ns3:hr>
            <ns3:cad>89</ns3:cad>
          </ns3:TrackPointExtension>
        </extensions>
      </trkpt>
      <trkpt lat="31.2198167480528354644775390625" lon="121.38593927957117557525634765625">
        <ele>14.3999996185302734375</ele>
        <time>2026-09-07T10:48:21.000Z</time>
        <extensions>
          <ns3:TrackPointExtension>
            <ns3:hr>148</ns3:hr>
            <ns3:cad>89</ns3:cad>
          </ns3:TrackPointExtension>
        </extensions>
      </trkpt>
      <trkpt lat="31.21981733478605747222900390625" lon="121.385907344520092010498046875">
        <ele>14.3999996185302734375</ele>
        <time>2026-09-07T10:48:22.000Z</time>
        <extensions>
          <ns3:TrackPointExtension>
            <ns3:hr>149</ns3:hr>
            <ns3:cad>88</ns3:cad>
          </ns3:TrackPointExtension>
        </extensions>
      </trkpt>
      <trkpt lat="31.21981431730091571807861328125" lon="121.3858880661427974700927734375">
        <ele>14.19999980926513671875</ele>
        <time>2026-09-07T10:48:23.000Z</time>
        <extensions>
          <ns3:TrackPointExtension>
            <ns3:hr>149</ns3:hr>
            <ns3:cad>87</ns3:cad>
          </ns3:TrackPointExtension>
        </extensions>
      </trkpt>
      <trkpt lat="31.21981255710124969482421875" lon="121.38585780747234821319580078125">
        <ele>14.19999980926513671875</ele>
        <time>2026-09-07T10:48:24.000Z</time>
        <extensions>
          <ns3:TrackPointExtension>
            <ns3:hr>148</ns3:hr>
            <ns3:cad>87</ns3:cad>
          </ns3:TrackPointExtension>
        </extensions>
      </trkpt>
      <trkpt lat="31.21980576775968074798583984375" lon="121.38583299703896045684814453125">
        <ele>14.19999980926513671875</ele>
        <time>2026-09-07T10:48:25.000Z</time>
        <extensions>
          <ns3:TrackPointExtension>
            <ns3:hr>149</ns3:hr>
            <ns3:cad>87</ns3:cad>
          </ns3:TrackPointExtension>
        </extensions>
      </trkpt>
      <trkpt lat="31.21980677358806133270263671875" lon="121.38579410500824451446533203125">
        <ele>14.3999996185302734375</ele>
        <time>2026-09-07T10:48:26.000Z</time>
        <extensions>
          <ns3:TrackPointExtension>
            <ns3:hr>149</ns3:hr>
            <ns3:cad>88</ns3:cad>
          </ns3:TrackPointExtension>
        </extensions>
      </trkpt>
      <trkpt lat="31.21980207972228527069091796875" lon="121.38576594181358814239501953125">
        <ele>14.3999996185302734375</ele>
        <time>2026-09-07T10:48:27.000Z</time>
        <extensions>
          <ns3:TrackPointExtension>
            <ns3:hr>149</ns3:hr>
            <ns3:cad>88</ns3:cad>
          </ns3:TrackPointExtension>
        </extensions>
      </trkpt>
      <trkpt lat="31.219796799123287200927734375" lon="121.38572671450674533843994140625">
        <ele>14.3999996185302734375</ele>
        <time>2026-09-07T10:48:28.000Z</time>
        <extensions>
          <ns3:TrackPointExtension>
            <ns3:hr>149</ns3:hr>
            <ns3:cad>88</ns3:cad>
          </ns3:TrackPointExtension>
        </extensions>
      </trkpt>
      <trkpt lat="31.2197959609329700469970703125" lon="121.38570182025432586669921875">
        <ele>14.3999996185302734375</ele>
        <time>2026-09-07T10:48:29.000Z</time>
        <extensions>
          <ns3:TrackPointExtension>
            <ns3:hr>149</ns3:hr>
            <ns3:cad>88</ns3:cad>
          </ns3:TrackPointExtension>
        </extensions>
      </trkpt>
      <trkpt lat="31.21979889459908008575439453125" lon="121.38566887937486171722412109375">
        <ele>14.3999996185302734375</ele>
        <time>2026-09-07T10:48:30.000Z</time>
        <extensions>
          <ns3:TrackPointExtension>
            <ns3:hr>149</ns3:hr>
            <ns3:cad>87</ns3:cad>
          </ns3:TrackPointExtension>
        </extensions>
      </trkpt>
      <trkpt lat="31.21979780495166778564453125" lon="121.38563820160925388336181640625">
        <ele>14.6000003814697265625</ele>
        <time>2026-09-07T10:48:31.000Z</time>
        <extensions>
          <ns3:TrackPointExtension>
            <ns3:hr>150</ns3:hr>
            <ns3:cad>88</ns3:cad>
          </ns3:TrackPointExtension>
        </extensions>
      </trkpt>
      <trkpt lat="31.2197869084775447845458984375" lon="121.38560886494815349578857421875">
        <ele>14.3999996185302734375</ele>
        <time>2026-09-07T10:48:32.000Z</time>
        <extensions>
          <ns3:TrackPointExtension>
            <ns3:hr>150</ns3:hr>
            <ns3:cad>89</ns3:cad>
          </ns3:TrackPointExtension>
        </extensions>
      </trkpt>
      <trkpt lat="31.21978112496435642242431640625" lon="121.38558137230575084686279296875">
        <ele>14.3999996185302734375</ele>
        <time>2026-09-07T10:48:33.000Z</time>
        <extensions>
          <ns3:TrackPointExtension>
            <ns3:hr>150</ns3:hr>
            <ns3:cad>89</ns3:cad>
          </ns3:TrackPointExtension>
        </extensions>
      </trkpt>
      <trkpt lat="31.2197734974324703216552734375" lon="121.3855588249862194061279296875">
        <ele>14.3999996185302734375</ele>
        <time>2026-09-07T10:48:34.000Z</time>
        <extensions>
          <ns3:TrackPointExtension>
            <ns3:hr>150</ns3:hr>
            <ns3:cad>88</ns3:cad>
          </ns3:TrackPointExtension>
        </extensions>
      </trkpt>
      <trkpt lat="31.21976704336702823638916015625" lon="121.38552923686802387237548828125">
        <ele>14.3999996185302734375</ele>
        <time>2026-09-07T10:48:35.000Z</time>
        <extensions>
          <ns3:TrackPointExtension>
            <ns3:hr>150</ns3:hr>
            <ns3:cad>87</ns3:cad>
          </ns3:TrackPointExtension>
        </extensions>
      </trkpt>
      <trkpt lat="31.21975757181644439697265625" lon="121.38551247306168079376220703125">
        <ele>14.3999996185302734375</ele>
        <time>2026-09-07T10:48:36.000Z</time>
        <extensions>
          <ns3:TrackPointExtension>
            <ns3:hr>150</ns3:hr>
            <ns3:cad>87</ns3:cad>
          </ns3:TrackPointExtension>
        </extensions>
      </trkpt>
      <trkpt lat="31.21973535977303981781005859375" lon="121.3854917697608470916748046875">
        <ele>14.19999980926513671875</ele>
        <time>2026-09-07T10:48:37.000Z</time>
        <extensions>
          <ns3:TrackPointExtension>
            <ns3:hr>150</ns3:hr>
            <ns3:cad>87</ns3:cad>
          </ns3:TrackPointExtension>
        </extensions>
      </trkpt>
      <trkpt lat="31.21971809305250644683837890625" lon="121.38548514805734157562255859375">
        <ele>14.19999980926513671875</ele>
        <time>2026-09-07T10:48:38.000Z</time>
        <extensions>
          <ns3:TrackPointExtension>
            <ns3:hr>150</ns3:hr>
            <ns3:cad>87</ns3:cad>
          </ns3:TrackPointExtension>
        </extensions>
      </trkpt>
      <trkpt lat="31.219694875180721282958984375" lon="121.385478191077709197998046875">
        <ele>14.19999980926513671875</ele>
        <time>2026-09-07T10:48:39.000Z</time>
        <extensions>
          <ns3:TrackPointExtension>
            <ns3:hr>150</ns3:hr>
            <ns3:cad>86</ns3:cad>
          </ns3:TrackPointExtension>
        </extensions>
      </trkpt>
      <trkpt lat="31.21967199258506298065185546875" lon="121.3854770176112651824951171875">
        <ele>14</ele>
        <time>2026-09-07T10:48:40.000Z</time>
        <extensions>
          <ns3:TrackPointExtension>
            <ns3:hr>150</ns3:hr>
            <ns3:cad>86</ns3:cad>
          </ns3:TrackPointExtension>
        </extensions>
      </trkpt>
      <trkpt lat="31.2196434102952480316162109375" lon="121.38547458685934543609619140625">
        <ele>14</ele>
        <time>2026-09-07T10:48:41.000Z</time>
        <extensions>
          <ns3:TrackPointExtension>
            <ns3:hr>150</ns3:hr>
            <ns3:cad>86</ns3:cad>
          </ns3:TrackPointExtension>
        </extensions>
      </trkpt>
      <trkpt lat="31.2196202762424945831298828125" lon="121.38547743670642375946044921875">
        <ele>14</ele>
        <time>2026-09-07T10:48:42.000Z</time>
        <extensions>
          <ns3:TrackPointExtension>
            <ns3:hr>150</ns3:hr>
            <ns3:cad>87</ns3:cad>
          </ns3:TrackPointExtension>
        </extensions>
      </trkpt>
      <trkpt lat="31.21959395706653594970703125" lon="121.38547911308705806732177734375">
        <ele>14</ele>
        <time>2026-09-07T10:48:43.000Z</time>
        <extensions>
          <ns3:TrackPointExtension>
            <ns3:hr>150</ns3:hr>
            <ns3:cad>87</ns3:cad>
          </ns3:TrackPointExtension>
        </extensions>
      </trkpt>
      <trkpt lat="31.219570152461528778076171875" lon="121.3854840584099292755126953125">
        <ele>14</ele>
        <time>2026-09-07T10:48:44.000Z</time>
        <extensions>
          <ns3:TrackPointExtension>
            <ns3:hr>150</ns3:hr>
            <ns3:cad>88</ns3:cad>
          </ns3:TrackPointExtension>
        </extensions>
      </trkpt>
      <trkpt lat="31.21954157017171382904052734375" lon="121.38548464514315128326416015625">
        <ele>14</ele>
        <time>2026-09-07T10:48:45.000Z</time>
        <extensions>
          <ns3:TrackPointExtension>
            <ns3:hr>149</ns3:hr>
            <ns3:cad>92</ns3:cad>
          </ns3:TrackPointExtension>
        </extensions>
      </trkpt>
      <trkpt lat="31.219519190490245819091796875" lon="121.385488249361515045166015625">
        <ele>14</ele>
        <time>2026-09-07T10:48:46.000Z</time>
        <extensions>
          <ns3:TrackPointExtension>
            <ns3:hr>149</ns3:hr>
            <ns3:cad>92</ns3:cad>
          </ns3:TrackPointExtension>
        </extensions>
      </trkpt>
      <trkpt lat="31.21949563734233379364013671875" lon="121.38548766262829303741455078125">
        <ele>14</ele>
        <time>2026-09-07T10:48:47.000Z</time>
        <extensions>
          <ns3:TrackPointExtension>
            <ns3:hr>149</ns3:hr>
            <ns3:cad>92</ns3:cad>
          </ns3:TrackPointExtension>
        </extensions>
      </trkpt>
      <trkpt lat="31.2194740958511829376220703125" lon="121.38549269177019596099853515625">
        <ele>14</ele>
        <time>2026-09-07T10:48:48.000Z</time>
        <extensions>
          <ns3:TrackPointExtension>
            <ns3:hr>148</ns3:hr>
            <ns3:cad>91</ns3:cad>
          </ns3:TrackPointExtension>
        </extensions>
      </trkpt>
      <trkpt lat="31.2194499559700489044189453125" lon="121.38549336232244968414306640625">
        <ele>14</ele>
        <time>2026-09-07T10:48:49.000Z</time>
        <extensions>
          <ns3:TrackPointExtension>
            <ns3:hr>148</ns3:hr>
            <ns3:cad>90</ns3:cad>
          </ns3:TrackPointExtension>
        </extensions>
      </trkpt>
      <trkpt lat="31.2194281630218029022216796875" lon="121.38549637980759143829345703125">
        <ele>14</ele>
        <time>2026-09-07T10:48:50.000Z</time>
        <extensions>
          <ns3:TrackPointExtension>
            <ns3:hr>148</ns3:hr>
            <ns3:cad>90</ns3:cad>
          </ns3:TrackPointExtension>
        </extensions>
      </trkpt>
      <trkpt lat="31.21939723379909992218017578125" lon="121.38549101538956165313720703125">
        <ele>13.80000019073486328125</ele>
        <time>2026-09-07T10:48:51.000Z</time>
        <extensions>
          <ns3:TrackPointExtension>
            <ns3:hr>149</ns3:hr>
            <ns3:cad>90</ns3:cad>
          </ns3:TrackPointExtension>
        </extensions>
      </trkpt>
      <trkpt lat="31.21936940588057041168212890625" lon="121.385490931570529937744140625">
        <ele>13.80000019073486328125</ele>
        <time>2026-09-07T10:48:52.000Z</time>
        <extensions>
          <ns3:TrackPointExtension>
            <ns3:hr>148</ns3:hr>
            <ns3:cad>90</ns3:cad>
          </ns3:TrackPointExtension>
        </extensions>
      </trkpt>
      <trkpt lat="31.2193356268107891082763671875" lon="121.38549185357987880706787109375">
        <ele>13.80000019073486328125</ele>
        <time>2026-09-07T10:48:53.000Z</time>
        <extensions>
          <ns3:TrackPointExtension>
            <ns3:hr>148</ns3:hr>
            <ns3:cad>89</ns3:cad>
          </ns3:TrackPointExtension>
        </extensions>
      </trkpt>
      <trkpt lat="31.2193111516535282135009765625" lon="121.38549151830375194549560546875">
        <ele>13.80000019073486328125</ele>
        <time>2026-09-07T10:48:54.000Z</time>
        <extensions>
          <ns3:TrackPointExtension>
            <ns3:hr>148</ns3:hr>
            <ns3:cad>88</ns3:cad>
          </ns3:TrackPointExtension>
        </extensions>
      </trkpt>
      <trkpt lat="31.219283826649188995361328125" lon="121.38549151830375194549560546875">
        <ele>13.80000019073486328125</ele>
        <time>2026-09-07T10:48:55.000Z</time>
        <extensions>
          <ns3:TrackPointExtension>
            <ns3:hr>149</ns3:hr>
            <ns3:cad>88</ns3:cad>
          </ns3:TrackPointExtension>
        </extensions>
      </trkpt>
      <trkpt lat="31.219260692596435546875" lon="121.38548783026635646820068359375">
        <ele>13.80000019073486328125</ele>
        <time>2026-09-07T10:48:56.000Z</time>
        <extensions>
          <ns3:TrackPointExtension>
            <ns3:hr>148</ns3:hr>
            <ns3:cad>88</ns3:cad>
          </ns3:TrackPointExtension>
        </extensions>
      </trkpt>
      <trkpt lat="31.219239570200443267822265625" lon="121.38548581860959529876708984375">
        <ele>14</ele>
        <time>2026-09-07T10:48:57.000Z</time>
        <extensions>
          <ns3:TrackPointExtension>
            <ns3:hr>148</ns3:hr>
            <ns3:cad>90</ns3:cad>
          </ns3:TrackPointExtension>
        </extensions>
      </trkpt>
      <trkpt lat="31.2192179448902606964111328125" lon="121.3854785263538360595703125">
        <ele>14.19999980926513671875</ele>
        <time>2026-09-07T10:48:58.000Z</time>
        <extensions>
          <ns3:TrackPointExtension>
            <ns3:hr>148</ns3:hr>
            <ns3:cad>90</ns3:cad>
          </ns3:TrackPointExtension>
        </extensions>
      </trkpt>
      <trkpt lat="31.2191951461136341094970703125" lon="121.385475508868694305419921875">
        <ele>14.19999980926513671875</ele>
        <time>2026-09-07T10:48:59.000Z</time>
        <extensions>
          <ns3:TrackPointExtension>
            <ns3:hr>148</ns3:hr>
            <ns3:cad>88</ns3:cad>
          </ns3:TrackPointExtension>
        </extensions>
      </trkpt>
      <trkpt lat="31.21917109005153179168701171875" lon="121.38547106646001338958740234375">
        <ele>14.3999996185302734375</ele>
        <time>2026-09-07T10:49:00.000Z</time>
        <extensions>
          <ns3:TrackPointExtension>
            <ns3:hr>148</ns3:hr>
            <ns3:cad>87</ns3:cad>
          </ns3:TrackPointExtension>
        </extensions>
      </trkpt>
      <trkpt lat="31.2191448546946048736572265625" lon="121.3854686357080936431884765625">
        <ele>14.3999996185302734375</ele>
        <time>2026-09-07T10:49:01.000Z</time>
        <extensions>
          <ns3:TrackPointExtension>
            <ns3:hr>148</ns3:hr>
            <ns3:cad>87</ns3:cad>
          </ns3:TrackPointExtension>
        </extensions>
      </trkpt>
      <trkpt lat="31.2191180326044559478759765625" lon="121.38546285219490528106689453125">
        <ele>14.19999980926513671875</ele>
        <time>2026-09-07T10:49:02.000Z</time>
        <extensions>
          <ns3:TrackPointExtension>
            <ns3:hr>148</ns3:hr>
            <ns3:cad>88</ns3:cad>
          </ns3:TrackPointExtension>
        </extensions>
      </trkpt>
      <trkpt lat="31.21908676810562610626220703125" lon="121.38545430265367031097412109375">
        <ele>14.3999996185302734375</ele>
        <time>2026-09-07T10:49:03.000Z</time>
        <extensions>
          <ns3:TrackPointExtension>
            <ns3:hr>148</ns3:hr>
            <ns3:cad>89</ns3:cad>
          </ns3:TrackPointExtension>
        </extensions>
      </trkpt>
      <trkpt lat="31.21906028129160404205322265625" lon="121.38544709421694278717041015625">
        <ele>14.3999996185302734375</ele>
        <time>2026-09-07T10:49:04.000Z</time>
        <extensions>
          <ns3:TrackPointExtension>
            <ns3:hr>147</ns3:hr>
            <ns3:cad>90</ns3:cad>
          </ns3:TrackPointExtension>
        </extensions>
      </trkpt>
      <trkpt lat="31.21902809478342533111572265625" lon="121.3854495249688625335693359375">
        <ele>14.3999996185302734375</ele>
        <time>2026-09-07T10:49:05.000Z</time>
        <extensions>
          <ns3:TrackPointExtension>
            <ns3:hr>147</ns3:hr>
            <ns3:cad>90</ns3:cad>
          </ns3:TrackPointExtension>
        </extensions>
      </trkpt>
      <trkpt lat="31.219003535807132720947265625" lon="121.38543670065701007843017578125">
        <ele>14.19999980926513671875</ele>
        <time>2026-09-07T10:49:06.000Z</time>
        <extensions>
          <ns3:TrackPointExtension>
            <ns3:hr>147</ns3:hr>
            <ns3:cad>89</ns3:cad>
          </ns3:TrackPointExtension>
        </extensions>
      </trkpt>
      <trkpt lat="31.21897973120212554931640625" lon="121.38542882166802883148193359375">
        <ele>14.19999980926513671875</ele>
        <time>2026-09-07T10:49:07.000Z</time>
        <extensions>
          <ns3:TrackPointExtension>
            <ns3:hr>147</ns3:hr>
            <ns3:cad>88</ns3:cad>
          </ns3:TrackPointExtension>
        </extensions>
      </trkpt>
      <trkpt lat="31.21895198710262775421142578125" lon="121.38542161323130130767822265625">
        <ele>14.19999980926513671875</ele>
        <time>2026-09-07T10:49:08.000Z</time>
        <extensions>
          <ns3:TrackPointExtension>
            <ns3:hr>147</ns3:hr>
            <ns3:cad>88</ns3:cad>
          </ns3:TrackPointExtension>
        </extensions>
      </trkpt>
      <trkpt lat="31.2189242430031299591064453125" lon="121.3854146562516689300537109375">
        <ele>14</ele>
        <time>2026-09-07T10:49:09.000Z</time>
        <extensions>
          <ns3:TrackPointExtension>
            <ns3:hr>147</ns3:hr>
            <ns3:cad>88</ns3:cad>
          </ns3:TrackPointExtension>
        </extensions>
      </trkpt>
      <trkpt lat="31.218896247446537017822265625" lon="121.38541105203330516815185546875">
        <ele>13.80000019073486328125</ele>
        <time>2026-09-07T10:49:10.000Z</time>
        <extensions>
          <ns3:TrackPointExtension>
            <ns3:hr>147</ns3:hr>
            <ns3:cad>90</ns3:cad>
          </ns3:TrackPointExtension>
        </extensions>
      </trkpt>
      <trkpt lat="31.21887420304119586944580078125" lon="121.38540920801460742950439453125">
        <ele>13.80000019073486328125</ele>
        <time>2026-09-07T10:49:11.000Z</time>
        <extensions>
          <ns3:TrackPointExtension>
            <ns3:hr>147</ns3:hr>
            <ns3:cad>90</ns3:cad>
          </ns3:TrackPointExtension>
        </extensions>
      </trkpt>
      <trkpt lat="31.2188489735126495361328125" lon="121.38540015555918216705322265625">
        <ele>13.80000019073486328125</ele>
        <time>2026-09-07T10:49:12.000Z</time>
        <extensions>
          <ns3:TrackPointExtension>
            <ns3:hr>147</ns3:hr>
            <ns3:cad>89</ns3:cad>
          </ns3:TrackPointExtension>
        </extensions>
      </trkpt>
      <trkpt lat="31.21883128769695758819580078125" lon="121.3853948749601840972900390625">
        <ele>13.80000019073486328125</ele>
        <time>2026-09-07T10:49:13.000Z</time>
        <extensions>
          <ns3:TrackPointExtension>
            <ns3:hr>147</ns3:hr>
            <ns3:cad>89</ns3:cad>
          </ns3:TrackPointExtension>
        </extensions>
      </trkpt>
      <trkpt lat="31.21880698017776012420654296875" lon="121.385382972657680511474609375">
        <ele>13.80000019073486328125</ele>
        <time>2026-09-07T10:49:14.000Z</time>
        <extensions>
          <ns3:TrackPointExtension>
            <ns3:hr>146</ns3:hr>
            <ns3:cad>89</ns3:cad>
          </ns3:TrackPointExtension>
        </extensions>
      </trkpt>
      <trkpt lat="31.21878795325756072998046875" lon="121.38537668623030185699462890625">
        <ele>14</ele>
        <time>2026-09-07T10:49:15.000Z</time>
        <extensions>
          <ns3:TrackPointExtension>
            <ns3:hr>146</ns3:hr>
            <ns3:cad>89</ns3:cad>
          </ns3:TrackPointExtension>
        </extensions>
      </trkpt>
      <trkpt lat="31.2187656573951244354248046875" lon="121.3853657059371471405029296875">
        <ele>13.80000019073486328125</ele>
        <time>2026-09-07T10:49:16.000Z</time>
        <extensions>
          <ns3:TrackPointExtension>
            <ns3:hr>146</ns3:hr>
            <ns3:cad>90</ns3:cad>
          </ns3:TrackPointExtension>
        </extensions>
      </trkpt>
      <trkpt lat="31.21874512173235416412353515625" lon="121.38535539619624614715576171875">
        <ele>13.80000019073486328125</ele>
        <time>2026-09-07T10:49:17.000Z</time>
        <extensions>
          <ns3:TrackPointExtension>
            <ns3:hr>146</ns3:hr>
            <ns3:cad>90</ns3:cad>
          </ns3:TrackPointExtension>
        </extensions>
      </trkpt>
      <trkpt lat="31.2187207303941249847412109375" lon="121.3853445835411548614501953125">
        <ele>13.6000003814697265625</ele>
        <time>2026-09-07T10:49:18.000Z</time>
        <extensions>
          <ns3:TrackPointExtension>
            <ns3:hr>146</ns3:hr>
            <ns3:cad>89</ns3:cad>
          </ns3:TrackPointExtension>
        </extensions>
      </trkpt>
      <trkpt lat="31.21870078146457672119140625" lon="121.38533611781895160675048828125">
        <ele>13.6000003814697265625</ele>
        <time>2026-09-07T10:49:19.000Z</time>
        <extensions>
          <ns3:TrackPointExtension>
            <ns3:hr>146</ns3:hr>
            <ns3:cad>89</ns3:cad>
          </ns3:TrackPointExtension>
        </extensions>
      </trkpt>
      <trkpt lat="31.218674294650554656982421875" lon="121.3853254728019237518310546875">
        <ele>13.6000003814697265625</ele>
        <time>2026-09-07T10:49:20.000Z</time>
        <extensions>
          <ns3:TrackPointExtension>
            <ns3:hr>146</ns3:hr>
            <ns3:cad>89</ns3:cad>
          </ns3:TrackPointExtension>
        </extensions>
      </trkpt>
      <trkpt lat="31.2186560221016407012939453125" lon="121.385316587984561920166015625">
        <ele>13.6000003814697265625</ele>
        <time>2026-09-07T10:49:21.000Z</time>
        <extensions>
          <ns3:TrackPointExtension>
            <ns3:hr>145</ns3:hr>
            <ns3:cad>89</ns3:cad>
          </ns3:TrackPointExtension>
        </extensions>
      </trkpt>
      <trkpt lat="31.218631379306316375732421875" lon="121.385301835834980010986328125">
        <ele>13.6000003814697265625</ele>
        <time>2026-09-07T10:49:22.000Z</time>
        <extensions>
          <ns3:TrackPointExtension>
            <ns3:hr>146</ns3:hr>
            <ns3:cad>90</ns3:cad>
          </ns3:TrackPointExtension>
        </extensions>
      </trkpt>
      <trkpt lat="31.21861369349062442779541015625" lon="121.38529010117053985595703125">
        <ele>13.6000003814697265625</ele>
        <time>2026-09-07T10:49:23.000Z</time>
        <extensions>
          <ns3:TrackPointExtension>
            <ns3:hr>146</ns3:hr>
            <ns3:cad>90</ns3:cad>
          </ns3:TrackPointExtension>
        </extensions>
      </trkpt>
      <trkpt lat="31.2185906432569026947021484375" lon="121.38527375645935535430908203125">
        <ele>13.6000003814697265625</ele>
        <time>2026-09-07T10:49:24.000Z</time>
        <extensions>
          <ns3:TrackPointExtension>
            <ns3:hr>145</ns3:hr>
            <ns3:cad>89</ns3:cad>
          </ns3:TrackPointExtension>
        </extensions>
      </trkpt>
      <trkpt lat="31.2185681797564029693603515625" lon="121.38526218943297863006591796875">
        <ele>13.3999996185302734375</ele>
        <time>2026-09-07T10:49:25.000Z</time>
        <extensions>
          <ns3:TrackPointExtension>
            <ns3:hr>146</ns3:hr>
            <ns3:cad>89</ns3:cad>
          </ns3:TrackPointExtension>
        </extensions>
      </trkpt>
      <trkpt lat="31.21853825636208057403564453125" lon="121.3852510415017604827880859375">
        <ele>13.3999996185302734375</ele>
        <time>2026-09-07T10:49:26.000Z</time>
        <extensions>
          <ns3:TrackPointExtension>
            <ns3:hr>145</ns3:hr>
            <ns3:cad>89</ns3:cad>
          </ns3:TrackPointExtension>
        </extensions>
      </trkpt>
      <trkpt lat="31.21851193718612194061279296875" lon="121.3852473534643650054931640625">
        <ele>13.3999996185302734375</ele>
        <time>2026-09-07T10:49:27.000Z</time>
        <extensions>
          <ns3:TrackPointExtension>
            <ns3:hr>145</ns3:hr>
            <ns3:cad>89</ns3:cad>
          </ns3:TrackPointExtension>
        </extensions>
      </trkpt>
      <trkpt lat="31.21848192997276782989501953125" lon="121.38523369096219539642333984375">
        <ele>13.3999996185302734375</ele>
        <time>2026-09-07T10:49:28.000Z</time>
        <extensions>
          <ns3:TrackPointExtension>
            <ns3:hr>146</ns3:hr>
            <ns3:cad>91</ns3:cad>
          </ns3:TrackPointExtension>
        </extensions>
      </trkpt>
      <trkpt lat="31.2184582091867923736572265625" lon="121.3852245546877384185791015625">
        <ele>13.3999996185302734375</ele>
        <time>2026-09-07T10:49:29.000Z</time>
        <extensions>
          <ns3:TrackPointExtension>
            <ns3:hr>146</ns3:hr>
            <ns3:cad>91</ns3:cad>
          </ns3:TrackPointExtension>
        </extensions>
      </trkpt>
      <trkpt lat="31.2184278666973114013671875" lon="121.38520519249141216278076171875">
        <ele>13.3999996185302734375</ele>
        <time>2026-09-07T10:49:30.000Z</time>
        <extensions>
          <ns3:TrackPointExtension>
            <ns3:hr>146</ns3:hr>
            <ns3:cad>90</ns3:cad>
          </ns3:TrackPointExtension>
        </extensions>
      </trkpt>
      <trkpt lat="31.21840775012969970703125" lon="121.385189853608608245849609375">
        <ele>13.3999996185302734375</ele>
        <time>2026-09-07T10:49:31.000Z</time>
        <extensions>
          <ns3:TrackPointExtension>
            <ns3:hr>145</ns3:hr>
            <ns3:cad>89</ns3:cad>
          </ns3:TrackPointExtension>
        </extensions>
      </trkpt>
      <trkpt lat="31.21838687919080257415771484375" lon="121.3851735927164554595947265625">
        <ele>13.3999996185302734375</ele>
        <time>2026-09-07T10:49:32.000Z</time>
        <extensions>
          <ns3:TrackPointExtension>
            <ns3:hr>145</ns3:hr>
            <ns3:cad>89</ns3:cad>
          </ns3:TrackPointExtension>
        </extensions>
      </trkpt>
      <trkpt lat="31.21836894191801548004150390625" lon="121.385163702070713043212890625">
        <ele>13.19999980926513671875</ele>
        <time>2026-09-07T10:49:33.000Z</time>
        <extensions>
          <ns3:TrackPointExtension>
            <ns3:hr>145</ns3:hr>
            <ns3:cad>88</ns3:cad>
          </ns3:TrackPointExtension>
        </extensions>
      </trkpt>
      <trkpt lat="31.2183468975126743316650390625" lon="121.3851494528353214263916015625">
        <ele>13.19999980926513671875</ele>
        <time>2026-09-07T10:49:34.000Z</time>
        <extensions>
          <ns3:TrackPointExtension>
            <ns3:hr>146</ns3:hr>
            <ns3:cad>89</ns3:cad>
          </ns3:TrackPointExtension>
        </extensions>
      </trkpt>
      <trkpt lat="31.21832870878279209136962890625" lon="121.38513226993381977081298828125">
        <ele>13.3999996185302734375</ele>
        <time>2026-09-07T10:49:35.000Z</time>
        <extensions>
          <ns3:TrackPointExtension>
            <ns3:hr>145</ns3:hr>
            <ns3:cad>90</ns3:cad>
          </ns3:TrackPointExtension>
        </extensions>
      </trkpt>
      <trkpt lat="31.21830473653972148895263671875" lon="121.3851159252226352691650390625">
        <ele>13.3999996185302734375</ele>
        <time>2026-09-07T10:49:36.000Z</time>
        <extensions>
          <ns3:TrackPointExtension>
            <ns3:hr>145</ns3:hr>
            <ns3:cad>90</ns3:cad>
          </ns3:TrackPointExtension>
        </extensions>
      </trkpt>
      <trkpt lat="31.21828864328563213348388671875" lon="121.38510159216821193695068359375">
        <ele>13.3999996185302734375</ele>
        <time>2026-09-07T10:49:37.000Z</time>
        <extensions>
          <ns3:TrackPointExtension>
            <ns3:hr>146</ns3:hr>
            <ns3:cad>89</ns3:cad>
          </ns3:TrackPointExtension>
        </extensions>
      </trkpt>
      <trkpt lat="31.21826467104256153106689453125" lon="121.38508600182831287384033203125">
        <ele>13.3999996185302734375</ele>
        <time>2026-09-07T10:49:38.000Z</time>
        <extensions>
          <ns3:TrackPointExtension>
            <ns3:hr>146</ns3:hr>
            <ns3:cad>89</ns3:cad>
          </ns3:TrackPointExtension>
        </extensions>
      </trkpt>
      <trkpt lat="31.218246482312679290771484375" lon="121.38507477007806301116943359375">
        <ele>13.3999996185302734375</ele>
        <time>2026-09-07T10:49:39.000Z</time>
        <extensions>
          <ns3:TrackPointExtension>
            <ns3:hr>146</ns3:hr>
            <ns3:cad>89</ns3:cad>
          </ns3:TrackPointExtension>
        </extensions>
      </trkpt>
      <trkpt lat="31.2182261981070041656494140625" lon="121.38505700044333934783935546875">
        <ele>13.3999996185302734375</ele>
        <time>2026-09-07T10:49:40.000Z</time>
        <extensions>
          <ns3:TrackPointExtension>
            <ns3:hr>145</ns3:hr>
            <ns3:cad>89</ns3:cad>
          </ns3:TrackPointExtension>
        </extensions>
      </trkpt>
      <trkpt lat="31.21820725500583648681640625" lon="121.3850461877882480621337890625">
        <ele>13.3999996185302734375</ele>
        <time>2026-09-07T10:49:41.000Z</time>
        <extensions>
          <ns3:TrackPointExtension>
            <ns3:hr>145</ns3:hr>
            <ns3:cad>91</ns3:cad>
          </ns3:TrackPointExtension>
        </extensions>
      </trkpt>
      <trkpt lat="31.21818135492503643035888671875" lon="121.3850332796573638916015625">
        <ele>13.6000003814697265625</ele>
        <time>2026-09-07T10:49:42.000Z</time>
        <extensions>
          <ns3:TrackPointExtension>
            <ns3:hr>145</ns3:hr>
            <ns3:cad>91</ns3:cad>
          </ns3:TrackPointExtension>
        </extensions>
      </trkpt>
      <trkpt lat="31.2181671895086765289306640625" lon="121.3850217126309871673583984375">
        <ele>13.6000003814697265625</ele>
        <time>2026-09-07T10:49:43.000Z</time>
        <extensions>
          <ns3:TrackPointExtension>
            <ns3:hr>145</ns3:hr>
            <ns3:cad>89</ns3:cad>
          </ns3:TrackPointExtension>
        </extensions>
      </trkpt>
      <trkpt lat="31.21814061887562274932861328125" lon="121.38500268571078777313232421875">
        <ele>13.6000003814697265625</ele>
        <time>2026-09-07T10:49:44.000Z</time>
        <extensions>
          <ns3:TrackPointExtension>
            <ns3:hr>145</ns3:hr>
            <ns3:cad>89</ns3:cad>
          </ns3:TrackPointExtension>
        </extensions>
      </trkpt>
      <trkpt lat="31.21811865828931331634521484375" lon="121.38499262742698192596435546875">
        <ele>13.6000003814697265625</ele>
        <time>2026-09-07T10:49:45.000Z</time>
        <extensions>
          <ns3:TrackPointExtension>
            <ns3:hr>145</ns3:hr>
            <ns3:cad>89</ns3:cad>
          </ns3:TrackPointExtension>
        </extensions>
      </trkpt>
      <trkpt lat="31.21809267438948154449462890625" lon="121.3849707506597042083740234375">
        <ele>13.3999996185302734375</ele>
        <time>2026-09-07T10:49:46.000Z</time>
        <extensions>
          <ns3:TrackPointExtension>
            <ns3:hr>144</ns3:hr>
            <ns3:cad>90</ns3:cad>
          </ns3:TrackPointExtension>
        </extensions>
      </trkpt>
      <trkpt lat="31.21806719340384006500244140625" lon="121.3849573396146297454833984375">
        <ele>13.3999996185302734375</ele>
        <time>2026-09-07T10:49:47.000Z</time>
        <extensions>
          <ns3:TrackPointExtension>
            <ns3:hr>144</ns3:hr>
            <ns3:cad>91</ns3:cad>
          </ns3:TrackPointExtension>
        </extensions>
      </trkpt>
      <trkpt lat="31.21804632246494293212890625" lon="121.38494065962731838226318359375">
        <ele>13.3999996185302734375</ele>
        <time>2026-09-07T10:49:48.000Z</time>
        <extensions>
          <ns3:TrackPointExtension>
            <ns3:hr>144</ns3:hr>
            <ns3:cad>91</ns3:cad>
          </ns3:TrackPointExtension>
        </extensions>
      </trkpt>
      <trkpt lat="31.2180253677070140838623046875" lon="121.38492942787706851959228515625">
        <ele>13.3999996185302734375</ele>
        <time>2026-09-07T10:49:49.000Z</time>
        <extensions>
          <ns3:TrackPointExtension>
            <ns3:hr>144</ns3:hr>
            <ns3:cad>90</ns3:cad>
          </ns3:TrackPointExtension>
        </extensions>
      </trkpt>
      <trkpt lat="31.21799712069332599639892578125" lon="121.38491216115653514862060546875">
        <ele>13.3999996185302734375</ele>
        <time>2026-09-07T10:49:50.000Z</time>
        <extensions>
          <ns3:TrackPointExtension>
            <ns3:hr>144</ns3:hr>
            <ns3:cad>90</ns3:cad>
          </ns3:TrackPointExtension>
        </extensions>
      </trkpt>
      <trkpt lat="31.21797348372638225555419921875" lon="121.3848993368446826934814453125">
        <ele>13.3999996185302734375</ele>
        <time>2026-09-07T10:49:51.000Z</time>
        <extensions>
          <ns3:TrackPointExtension>
            <ns3:hr>144</ns3:hr>
            <ns3:cad>90</ns3:cad>
          </ns3:TrackPointExtension>
        </extensions>
      </trkpt>
      <trkpt lat="31.2179469130933284759521484375" lon="121.38488332740962505340576171875">
        <ele>13.3999996185302734375</ele>
        <time>2026-09-07T10:49:52.000Z</time>
        <extensions>
          <ns3:TrackPointExtension>
            <ns3:hr>145</ns3:hr>
            <ns3:cad>90</ns3:cad>
          </ns3:TrackPointExtension>
        </extensions>
      </trkpt>
      <trkpt lat="31.21792294085025787353515625" lon="121.3848698325455188751220703125">
        <ele>13.3999996185302734375</ele>
        <time>2026-09-07T10:49:53.000Z</time>
        <extensions>
          <ns3:TrackPointExtension>
            <ns3:hr>145</ns3:hr>
            <ns3:cad>92</ns3:cad>
          </ns3:TrackPointExtension>
        </extensions>
      </trkpt>
      <trkpt lat="31.21789989061653614044189453125" lon="121.38485700823366641998291015625">
        <ele>13.3999996185302734375</ele>
        <time>2026-09-07T10:49:54.000Z</time>
        <extensions>
          <ns3:TrackPointExtension>
            <ns3:hr>145</ns3:hr>
            <ns3:cad>92</ns3:cad>
          </ns3:TrackPointExtension>
        </extensions>
      </trkpt>
      <trkpt lat="31.2178766727447509765625" lon="121.3848470337688922882080078125">
        <ele>13.3999996185302734375</ele>
        <time>2026-09-07T10:49:55.000Z</time>
        <extensions>
          <ns3:TrackPointExtension>
            <ns3:hr>146</ns3:hr>
            <ns3:cad>90</ns3:cad>
          </ns3:TrackPointExtension>
        </extensions>
      </trkpt>
      <trkpt lat="31.21784758754074573516845703125" lon="121.38482901267707347869873046875">
        <ele>13.3999996185302734375</ele>
        <time>2026-09-07T10:49:56.000Z</time>
        <extensions>
          <ns3:TrackPointExtension>
            <ns3:hr>146</ns3:hr>
            <ns3:cad>90</ns3:cad>
          </ns3:TrackPointExtension>
        </extensions>
      </trkpt>
      <trkpt lat="31.2178288958966732025146484375" lon="121.38482180424034595489501953125">
        <ele>13.3999996185302734375</ele>
        <time>2026-09-07T10:49:57.000Z</time>
        <extensions>
          <ns3:TrackPointExtension>
            <ns3:hr>146</ns3:hr>
            <ns3:cad>90</ns3:cad>
          </ns3:TrackPointExtension>
        </extensions>
      </trkpt>
      <trkpt lat="31.21780148707330226898193359375" lon="121.3848084770143032073974609375">
        <ele>13.3999996185302734375</ele>
        <time>2026-09-07T10:49:58.000Z</time>
        <extensions>
          <ns3:TrackPointExtension>
            <ns3:hr>146</ns3:hr>
            <ns3:cad>90</ns3:cad>
          </ns3:TrackPointExtension>
        </extensions>
      </trkpt>
      <trkpt lat="31.2177829630672931671142578125" lon="121.3847954012453556060791015625">
        <ele>13.3999996185302734375</ele>
        <time>2026-09-07T10:49:59.000Z</time>
        <extensions>
          <ns3:TrackPointExtension>
            <ns3:hr>145</ns3:hr>
            <ns3:cad>90</ns3:cad>
          </ns3:TrackPointExtension>
        </extensions>
      </trkpt>
      <trkpt lat="31.21775555424392223358154296875" lon="121.38478676788508892059326171875">
        <ele>13.3999996185302734375</ele>
        <time>2026-09-07T10:50:00.000Z</time>
        <extensions>
          <ns3:TrackPointExtension>
            <ns3:hr>145</ns3:hr>
            <ns3:cad>90</ns3:cad>
          </ns3:TrackPointExtension>
        </extensions>
      </trkpt>
      <trkpt lat="31.21773527003824710845947265625" lon="121.3847757875919342041015625">
        <ele>13.3999996185302734375</ele>
        <time>2026-09-07T10:50:01.000Z</time>
        <extensions>
          <ns3:TrackPointExtension>
            <ns3:hr>145</ns3:hr>
            <ns3:cad>90</ns3:cad>
          </ns3:TrackPointExtension>
        </extensions>
      </trkpt>
      <trkpt lat="31.21770945377647876739501953125" lon="121.3847534917294979095458984375">
        <ele>13.3999996185302734375</ele>
        <time>2026-09-07T10:50:02.000Z</time>
        <extensions>
          <ns3:TrackPointExtension>
            <ns3:hr>146</ns3:hr>
            <ns3:cad>90</ns3:cad>
          </ns3:TrackPointExtension>
        </extensions>
      </trkpt>
      <trkpt lat="31.217686235904693603515625" lon="121.38473982922732830047607421875">
        <ele>13.3999996185302734375</ele>
        <time>2026-09-07T10:50:03.000Z</time>
        <extensions>
          <ns3:TrackPointExtension>
            <ns3:hr>146</ns3:hr>
            <ns3:cad>90</ns3:cad>
          </ns3:TrackPointExtension>
        </extensions>
      </trkpt>
      <trkpt lat="31.21766134165227413177490234375" lon="121.38472809456288814544677734375">
        <ele>13.3999996185302734375</ele>
        <time>2026-09-07T10:50:04.000Z</time>
        <extensions>
          <ns3:TrackPointExtension>
            <ns3:hr>146</ns3:hr>
            <ns3:cad>90</ns3:cad>
          </ns3:TrackPointExtension>
        </extensions>
      </trkpt>
      <trkpt lat="31.21763519011437892913818359375" lon="121.3847280107438564300537109375">
        <ele>13.3999996185302734375</ele>
        <time>2026-09-07T10:50:05.000Z</time>
        <extensions>
          <ns3:TrackPointExtension>
            <ns3:hr>146</ns3:hr>
            <ns3:cad>90</ns3:cad>
          </ns3:TrackPointExtension>
        </extensions>
      </trkpt>
      <trkpt lat="31.21760778129100799560546875" lon="121.38471116311848163604736328125">
        <ele>13.3999996185302734375</ele>
        <time>2026-09-07T10:50:06.000Z</time>
        <extensions>
          <ns3:TrackPointExtension>
            <ns3:hr>145</ns3:hr>
            <ns3:cad>90</ns3:cad>
          </ns3:TrackPointExtension>
        </extensions>
      </trkpt>
      <trkpt lat="31.21758406050503253936767578125" lon="121.38470160774886608123779296875">
        <ele>13.3999996185302734375</ele>
        <time>2026-09-07T10:50:07.000Z</time>
        <extensions>
          <ns3:TrackPointExtension>
            <ns3:hr>146</ns3:hr>
            <ns3:cad>90</ns3:cad>
          </ns3:TrackPointExtension>
        </extensions>
      </trkpt>
      <trkpt lat="31.2175549753010272979736328125" lon="121.38469356112182140350341796875">
        <ele>13.19999980926513671875</ele>
        <time>2026-09-07T10:50:08.000Z</time>
        <extensions>
          <ns3:TrackPointExtension>
            <ns3:hr>146</ns3:hr>
            <ns3:cad>89</ns3:cad>
          </ns3:TrackPointExtension>
        </extensions>
      </trkpt>
      <trkpt lat="31.217534355819225311279296875" lon="121.3846834190189838409423828125">
        <ele>13.19999980926513671875</ele>
        <time>2026-09-07T10:50:09.000Z</time>
        <extensions>
          <ns3:TrackPointExtension>
            <ns3:hr>145</ns3:hr>
            <ns3:cad>89</ns3:cad>
          </ns3:TrackPointExtension>
        </extensions>
      </trkpt>
      <trkpt lat="31.21750988066196441650390625" lon="121.38467294164001941680908203125">
        <ele>13.19999980926513671875</ele>
        <time>2026-09-07T10:50:10.000Z</time>
        <extensions>
          <ns3:TrackPointExtension>
            <ns3:hr>146</ns3:hr>
            <ns3:cad>90</ns3:cad>
          </ns3:TrackPointExtension>
        </extensions>
      </trkpt>
      <trkpt lat="31.21748716570436954498291015625" lon="121.38466673903167247772216796875">
        <ele>13.19999980926513671875</ele>
        <time>2026-09-07T10:50:11.000Z</time>
        <extensions>
          <ns3:TrackPointExtension>
            <ns3:hr>146</ns3:hr>
            <ns3:cad>91</ns3:cad>
          </ns3:TrackPointExtension>
        </extensions>
      </trkpt>
      <trkpt lat="31.217465959489345550537109375" lon="121.38466036878526210784912109375">
        <ele>13.19999980926513671875</ele>
        <time>2026-09-07T10:50:12.000Z</time>
        <extensions>
          <ns3:TrackPointExtension>
            <ns3:hr>145</ns3:hr>
            <ns3:cad>92</ns3:cad>
          </ns3:TrackPointExtension>
        </extensions>
      </trkpt>
      <trkpt lat="31.2174460105597972869873046875" lon="121.38465441763401031494140625">
        <ele>13.19999980926513671875</ele>
        <time>2026-09-07T10:50:13.000Z</time>
        <extensions>
          <ns3:TrackPointExtension>
            <ns3:hr>146</ns3:hr>
            <ns3:cad>92</ns3:cad>
          </ns3:TrackPointExtension>
        </extensions>
      </trkpt>
      <trkpt lat="31.21742128394544124603271484375" lon="121.3846416771411895751953125">
        <ele>13.19999980926513671875</ele>
        <time>2026-09-07T10:50:14.000Z</time>
        <extensions>
          <ns3:TrackPointExtension>
            <ns3:hr>146</ns3:hr>
            <ns3:cad>90</ns3:cad>
          </ns3:TrackPointExtension>
        </extensions>
      </trkpt>
      <trkpt lat="31.2173987366259098052978515625" lon="121.38463840819895267486572265625">
        <ele>13.19999980926513671875</ele>
        <time>2026-09-07T10:50:15.000Z</time>
        <extensions>
          <ns3:TrackPointExtension>
            <ns3:hr>146</ns3:hr>
            <ns3:cad>90</ns3:cad>
          </ns3:TrackPointExtension>
        </extensions>
      </trkpt>
      <trkpt lat="31.21736864559352397918701171875" lon="121.3846284337341785430908203125">
        <ele>13.19999980926513671875</ele>
        <time>2026-09-07T10:50:16.000Z</time>
        <extensions>
          <ns3:TrackPointExtension>
            <ns3:hr>145</ns3:hr>
            <ns3:cad>89</ns3:cad>
          </ns3:TrackPointExtension>
        </extensions>
      </trkpt>
      <trkpt lat="31.21734115295112133026123046875" lon="121.38462365604937076568603515625">
        <ele>13.19999980926513671875</ele>
        <time>2026-09-07T10:50:17.000Z</time>
        <extensions>
          <ns3:TrackPointExtension>
            <ns3:hr>146</ns3:hr>
            <ns3:cad>89</ns3:cad>
          </ns3:TrackPointExtension>
        </extensions>
      </trkpt>
      <trkpt lat="31.21731265448033809661865234375" lon="121.3846130110323429107666015625">
        <ele>13.19999980926513671875</ele>
        <time>2026-09-07T10:50:18.000Z</time>
        <extensions>
          <ns3:TrackPointExtension>
            <ns3:hr>146</ns3:hr>
            <ns3:cad>89</ns3:cad>
          </ns3:TrackPointExtension>
        </extensions>
      </trkpt>
      <trkpt lat="31.21729002334177494049072265625" lon="121.38461108319461345672607421875">
        <ele>13.19999980926513671875</ele>
        <time>2026-09-07T10:50:19.000Z</time>
        <extensions>
          <ns3:TrackPointExtension>
            <ns3:hr>147</ns3:hr>
            <ns3:cad>89</ns3:cad>
          </ns3:TrackPointExtension>
        </extensions>
      </trkpt>
      <trkpt lat="31.21725750155746936798095703125" lon="121.3846073113381862640380859375">
        <ele>13.19999980926513671875</ele>
        <time>2026-09-07T10:50:20.000Z</time>
        <extensions>
          <ns3:TrackPointExtension>
            <ns3:hr>147</ns3:hr>
            <ns3:cad>89</ns3:cad>
          </ns3:TrackPointExtension>
        </extensions>
      </trkpt>
      <trkpt lat="31.21723621152341365814208984375" lon="121.38460077345371246337890625">
        <ele>13.19999980926513671875</ele>
        <time>2026-09-07T10:50:21.000Z</time>
        <extensions>
          <ns3:TrackPointExtension>
            <ns3:hr>147</ns3:hr>
            <ns3:cad>88</ns3:cad>
          </ns3:TrackPointExtension>
        </extensions>
      </trkpt>
      <trkpt lat="31.2172042764723300933837890625" lon="121.38459800742566585540771484375">
        <ele>13.19999980926513671875</ele>
        <time>2026-09-07T10:50:22.000Z</time>
        <extensions>
          <ns3:TrackPointExtension>
            <ns3:hr>147</ns3:hr>
            <ns3:cad>88</ns3:cad>
          </ns3:TrackPointExtension>
        </extensions>
      </trkpt>
      <trkpt lat="31.21718533337116241455078125" lon="121.38459649868309497833251953125">
        <ele>13</ele>
        <time>2026-09-07T10:50:23.000Z</time>
        <extensions>
          <ns3:TrackPointExtension>
            <ns3:hr>147</ns3:hr>
            <ns3:cad>88</ns3:cad>
          </ns3:TrackPointExtension>
        </extensions>
      </trkpt>
      <trkpt lat="31.2171566672623157501220703125" lon="121.38458945788443088531494140625">
        <ele>13.19999980926513671875</ele>
        <time>2026-09-07T10:50:24.000Z</time>
        <extensions>
          <ns3:TrackPointExtension>
            <ns3:hr>146</ns3:hr>
            <ns3:cad>88</ns3:cad>
          </ns3:TrackPointExtension>
        </extensions>
      </trkpt>
      <trkpt lat="31.21713713742792606353759765625" lon="121.38458610512316226959228515625">
        <ele>13</ele>
        <time>2026-09-07T10:50:25.000Z</time>
        <extensions>
          <ns3:TrackPointExtension>
            <ns3:hr>147</ns3:hr>
            <ns3:cad>90</ns3:cad>
          </ns3:TrackPointExtension>
        </extensions>
      </trkpt>
      <trkpt lat="31.21710930950939655303955078125" lon="121.38457872904837131500244140625">
        <ele>13</ele>
        <time>2026-09-07T10:50:26.000Z</time>
        <extensions>
          <ns3:TrackPointExtension>
            <ns3:hr>147</ns3:hr>
            <ns3:cad>90</ns3:cad>
          </ns3:TrackPointExtension>
        </extensions>
      </trkpt>
      <trkpt lat="31.21709221042692661285400390625" lon="121.384570933878421783447265625">
        <ele>13</ele>
        <time>2026-09-07T10:50:27.000Z</time>
        <extensions>
          <ns3:TrackPointExtension>
            <ns3:hr>147</ns3:hr>
            <ns3:cad>88</ns3:cad>
          </ns3:TrackPointExtension>
        </extensions>
      </trkpt>
      <trkpt lat="31.217068992555141448974609375" lon="121.3845665752887725830078125">
        <ele>13</ele>
        <time>2026-09-07T10:50:28.000Z</time>
        <extensions>
          <ns3:TrackPointExtension>
            <ns3:hr>146</ns3:hr>
            <ns3:cad>88</ns3:cad>
          </ns3:TrackPointExtension>
        </extensions>
      </trkpt>
      <trkpt lat="31.217050217092037200927734375" lon="121.38456523418426513671875">
        <ele>13.19999980926513671875</ele>
        <time>2026-09-07T10:50:29.000Z</time>
        <extensions>
          <ns3:TrackPointExtension>
            <ns3:hr>146</ns3:hr>
            <ns3:cad>88</ns3:cad>
          </ns3:TrackPointExtension>
        </extensions>
      </trkpt>
      <trkpt lat="31.2170198746025562286376953125" lon="121.38455844484269618988037109375">
        <ele>13.19999980926513671875</ele>
        <time>2026-09-07T10:50:30.000Z</time>
        <extensions>
          <ns3:TrackPointExtension>
            <ns3:hr>146</ns3:hr>
            <ns3:cad>89</ns3:cad>
          </ns3:TrackPointExtension>
        </extensions>
      </trkpt>
      <trkpt lat="31.21699917130172252655029296875" lon="121.38455542735755443572998046875">
        <ele>13.19999980926513671875</ele>
        <time>2026-09-07T10:50:31.000Z</time>
        <extensions>
          <ns3:TrackPointExtension>
            <ns3:hr>146</ns3:hr>
            <ns3:cad>90</ns3:cad>
          </ns3:TrackPointExtension>
        </extensions>
      </trkpt>
      <trkpt lat="31.2169672362506389617919921875" lon="121.3845540024340152740478515625">
        <ele>13.19999980926513671875</ele>
        <time>2026-09-07T10:50:32.000Z</time>
        <extensions>
          <ns3:TrackPointExtension>
            <ns3:hr>146</ns3:hr>
            <ns3:cad>90</ns3:cad>
          </ns3:TrackPointExtension>
        </extensions>
      </trkpt>
      <trkpt lat="31.21694569475948810577392578125" lon="121.38455240987241268157958984375">
        <ele>13.19999980926513671875</ele>
        <time>2026-09-07T10:50:33.000Z</time>
        <extensions>
          <ns3:TrackPointExtension>
            <ns3:hr>146</ns3:hr>
            <ns3:cad>88</ns3:cad>
          </ns3:TrackPointExtension>
        </extensions>
      </trkpt>
      <trkpt lat="31.21691644191741943359375" lon="121.38454352505505084991455078125">
        <ele>13.19999980926513671875</ele>
        <time>2026-09-07T10:50:34.000Z</time>
        <extensions>
          <ns3:TrackPointExtension>
            <ns3:hr>145</ns3:hr>
            <ns3:cad>88</ns3:cad>
          </ns3:TrackPointExtension>
        </extensions>
      </trkpt>
      <trkpt lat="31.21689439751207828521728515625" lon="121.38454235158860683441162109375">
        <ele>13.19999980926513671875</ele>
        <time>2026-09-07T10:50:35.000Z</time>
        <extensions>
          <ns3:TrackPointExtension>
            <ns3:hr>145</ns3:hr>
            <ns3:cad>88</ns3:cad>
          </ns3:TrackPointExtension>
        </extensions>
      </trkpt>
      <trkpt lat="31.2168649770319461822509765625" lon="121.3845375739037990570068359375">
        <ele>13.19999980926513671875</ele>
        <time>2026-09-07T10:50:36.000Z</time>
        <extensions>
          <ns3:TrackPointExtension>
            <ns3:hr>145</ns3:hr>
            <ns3:cad>89</ns3:cad>
          </ns3:TrackPointExtension>
        </extensions>
      </trkpt>
      <trkpt lat="31.2168421782553195953369140625" lon="121.3845332153141498565673828125">
        <ele>13.19999980926513671875</ele>
        <time>2026-09-07T10:50:37.000Z</time>
        <extensions>
          <ns3:TrackPointExtension>
            <ns3:hr>145</ns3:hr>
            <ns3:cad>90</ns3:cad>
          </ns3:TrackPointExtension>
        </extensions>
      </trkpt>
      <trkpt lat="31.2168153561651706695556640625" lon="121.38452835381031036376953125">
        <ele>13</ele>
        <time>2026-09-07T10:50:38.000Z</time>
        <extensions>
          <ns3:TrackPointExtension>
            <ns3:hr>146</ns3:hr>
            <ns3:cad>90</ns3:cad>
          </ns3:TrackPointExtension>
        </extensions>
      </trkpt>
      <trkpt lat="31.216792054474353790283203125" lon="121.384528689086437225341796875">
        <ele>13</ele>
        <time>2026-09-07T10:50:39.000Z</time>
        <extensions>
          <ns3:TrackPointExtension>
            <ns3:hr>146</ns3:hr>
            <ns3:cad>89</ns3:cad>
          </ns3:TrackPointExtension>
        </extensions>
      </trkpt>
      <trkpt lat="31.21676112525165081024169921875" lon="121.3845218159258365631103515625">
        <ele>13</ele>
        <time>2026-09-07T10:50:40.000Z</time>
        <extensions>
          <ns3:TrackPointExtension>
            <ns3:hr>146</ns3:hr>
            <ns3:cad>89</ns3:cad>
          </ns3:TrackPointExtension>
        </extensions>
      </trkpt>
      <trkpt lat="31.2167379073798656463623046875" lon="121.38451770879328250885009765625">
        <ele>12.80000019073486328125</ele>
        <time>2026-09-07T10:50:41.000Z</time>
        <extensions>
          <ns3:TrackPointExtension>
            <ns3:hr>146</ns3:hr>
            <ns3:cad>89</ns3:cad>
          </ns3:TrackPointExtension>
        </extensions>
      </trkpt>
      <trkpt lat="31.2167112529277801513671875" lon="121.38451301492750644683837890625">
        <ele>12.80000019073486328125</ele>
        <time>2026-09-07T10:50:42.000Z</time>
        <extensions>
          <ns3:TrackPointExtension>
            <ns3:hr>145</ns3:hr>
            <ns3:cad>89</ns3:cad>
          </ns3:TrackPointExtension>
        </extensions>
      </trkpt>
      <trkpt lat="31.21668602339923381805419921875" lon="121.38450815342366695404052734375">
        <ele>12.80000019073486328125</ele>
        <time>2026-09-07T10:50:43.000Z</time>
        <extensions>
          <ns3:TrackPointExtension>
            <ns3:hr>146</ns3:hr>
            <ns3:cad>90</ns3:cad>
          </ns3:TrackPointExtension>
        </extensions>
      </trkpt>
      <trkpt lat="31.216661632061004638671875" lon="121.38450153172016143798828125">
        <ele>12.80000019073486328125</ele>
        <time>2026-09-07T10:50:44.000Z</time>
        <extensions>
          <ns3:TrackPointExtension>
            <ns3:hr>146</ns3:hr>
            <ns3:cad>90</ns3:cad>
          </ns3:TrackPointExtension>
        </extensions>
      </trkpt>
      <trkpt lat="31.216639168560504913330078125" lon="121.38449708931148052215576171875">
        <ele>12.80000019073486328125</ele>
        <time>2026-09-07T10:50:45.000Z</time>
        <extensions>
          <ns3:TrackPointExtension>
            <ns3:hr>147</ns3:hr>
            <ns3:cad>89</ns3:cad>
          </ns3:TrackPointExtension>
        </extensions>
      </trkpt>
      <trkpt lat="31.216613017022609710693359375" lon="121.38449080288410186767578125">
        <ele>12.80000019073486328125</ele>
        <time>2026-09-07T10:50:46.000Z</time>
        <extensions>
          <ns3:TrackPointExtension>
            <ns3:hr>147</ns3:hr>
            <ns3:cad>89</ns3:cad>
          </ns3:TrackPointExtension>
        </extensions>
      </trkpt>
      <trkpt lat="31.21659147553145885467529296875" lon="121.38448669575154781341552734375">
        <ele>12.80000019073486328125</ele>
        <time>2026-09-07T10:50:47.000Z</time>
        <extensions>
          <ns3:TrackPointExtension>
            <ns3:hr>147</ns3:hr>
            <ns3:cad>89</ns3:cad>
          </ns3:TrackPointExtension>
        </extensions>
      </trkpt>
      <trkpt lat="31.21656230650842189788818359375" lon="121.3844914734363555908203125">
        <ele>12.80000019073486328125</ele>
        <time>2026-09-07T10:50:48.000Z</time>
        <extensions>
          <ns3:TrackPointExtension>
            <ns3:hr>147</ns3:hr>
            <ns3:cad>89</ns3:cad>
          </ns3:TrackPointExtension>
        </extensions>
      </trkpt>
      <trkpt lat="31.21654302813112735748291015625" lon="121.38449759222567081451416015625">
        <ele>13</ele>
        <time>2026-09-07T10:50:49.000Z</time>
        <extensions>
          <ns3:TrackPointExtension>
            <ns3:hr>147</ns3:hr>
            <ns3:cad>90</ns3:cad>
          </ns3:TrackPointExtension>
        </extensions>
      </trkpt>
      <trkpt lat="31.2165243364870548248291015625" lon="121.3845063932240009307861328125">
        <ele>13</ele>
        <time>2026-09-07T10:50:50.000Z</time>
        <extensions>
          <ns3:TrackPointExtension>
            <ns3:hr>147</ns3:hr>
            <ns3:cad>90</ns3:cad>
          </ns3:TrackPointExtension>
        </extensions>
      </trkpt>
      <trkpt lat="31.2165062315762042999267578125" lon="121.384520642459392547607421875">
        <ele>13</ele>
        <time>2026-09-07T10:50:51.000Z</time>
        <extensions>
          <ns3:TrackPointExtension>
            <ns3:hr>147</ns3:hr>
            <ns3:cad>89</ns3:cad>
          </ns3:TrackPointExtension>
        </extensions>
      </trkpt>
      <trkpt lat="31.216496340930461883544921875" lon="121.38453262858092784881591796875">
        <ele>13.19999980926513671875</ele>
        <time>2026-09-07T10:50:52.000Z</time>
        <extensions>
          <ns3:TrackPointExtension>
            <ns3:hr>147</ns3:hr>
            <ns3:cad>88</ns3:cad>
          </ns3:TrackPointExtension>
        </extensions>
      </trkpt>
      <trkpt lat="31.2164913117885589599609375" lon="121.38454603962600231170654296875">
        <ele>13.19999980926513671875</ele>
        <time>2026-09-07T10:50:53.000Z</time>
        <extensions>
          <ns3:TrackPointExtension>
            <ns3:hr>147</ns3:hr>
            <ns3:cad>88</ns3:cad>
          </ns3:TrackPointExtension>
        </extensions>
      </trkpt>
      <trkpt lat="31.21647597290575504302978515625" lon="121.38455844484269618988037109375">
        <ele>13.19999980926513671875</ele>
        <time>2026-09-07T10:50:54.000Z</time>
        <extensions>
          <ns3:TrackPointExtension>
            <ns3:hr>147</ns3:hr>
            <ns3:cad>86</ns3:cad>
          </ns3:TrackPointExtension>
        </extensions>
      </trkpt>
      <trkpt lat="31.2164710275828838348388671875" lon="121.3845677487552165985107421875">
        <ele>13.3999996185302734375</ele>
        <time>2026-09-07T10:50:55.000Z</time>
        <extensions>
          <ns3:TrackPointExtension>
            <ns3:hr>146</ns3:hr>
            <ns3:cad>85</ns3:cad>
          </ns3:TrackPointExtension>
        </extensions>
      </trkpt>
      <trkpt lat="31.21647312305867671966552734375" lon="121.38457973487675189971923828125">
        <ele>13.3999996185302734375</ele>
        <time>2026-09-07T10:50:56.000Z</time>
        <extensions>
          <ns3:TrackPointExtension>
            <ns3:hr>147</ns3:hr>
            <ns3:cad>83</ns3:cad>
          </ns3:TrackPointExtension>
        </extensions>
      </trkpt>
      <trkpt lat="31.2164663337171077728271484375" lon="121.38460320420563220977783203125">
        <ele>13.19999980926513671875</ele>
        <time>2026-09-07T10:50:57.000Z</time>
        <extensions>
          <ns3:TrackPointExtension>
            <ns3:hr>147</ns3:hr>
            <ns3:cad>81</ns3:cad>
          </ns3:TrackPointExtension>
        </extensions>
      </trkpt>
      <trkpt lat="31.21646138839423656463623046875" lon="121.38461845926940441131591796875">
        <ele>13.19999980926513671875</ele>
        <time>2026-09-07T10:50:58.000Z</time>
        <extensions>
          <ns3:TrackPointExtension>
            <ns3:hr>147</ns3:hr>
            <ns3:cad>81</ns3:cad>
          </ns3:TrackPointExtension>
        </extensions>
      </trkpt>
      <trkpt lat="31.216456107795238494873046875" lon="121.38465131632983684539794921875">
        <ele>13.19999980926513671875</ele>
        <time>2026-09-07T10:50:59.000Z</time>
        <extensions>
          <ns3:TrackPointExtension>
            <ns3:hr>147</ns3:hr>
            <ns3:cad>81</ns3:cad>
          </ns3:TrackPointExtension>
        </extensions>
      </trkpt>
      <trkpt lat="31.21644864790141582489013671875" lon="121.38467679731547832489013671875">
        <ele>13</ele>
        <time>2026-09-07T10:51:00.000Z</time>
        <extensions>
          <ns3:TrackPointExtension>
            <ns3:hr>146</ns3:hr>
            <ns3:cad>81</ns3:cad>
          </ns3:TrackPointExtension>
        </extensions>
      </trkpt>
      <trkpt lat="31.216443367302417755126953125" lon="121.38471149839460849761962890625">
        <ele>13</ele>
        <time>2026-09-07T10:51:01.000Z</time>
        <extensions>
          <ns3:TrackPointExtension>
            <ns3:hr>146</ns3:hr>
            <ns3:cad>81</ns3:cad>
          </ns3:TrackPointExtension>
        </extensions>
      </trkpt>
      <trkpt lat="31.21643993072211742401123046875" lon="121.384733878076076507568359375">
        <ele>13</ele>
        <time>2026-09-07T10:51:02.000Z</time>
        <extensions>
          <ns3:TrackPointExtension>
            <ns3:hr>146</ns3:hr>
            <ns3:cad>85</ns3:cad>
          </ns3:TrackPointExtension>
        </extensions>
      </trkpt>
      <trkpt lat="31.2164294533431529998779296875" lon="121.38476598076522350311279296875">
        <ele>13</ele>
        <time>2026-09-07T10:51:03.000Z</time>
        <extensions>
          <ns3:TrackPointExtension>
            <ns3:hr>146</ns3:hr>
            <ns3:cad>87</ns3:cad>
          </ns3:TrackPointExtension>
        </extensions>
      </trkpt>
      <trkpt lat="31.21642551384866237640380859375" lon="121.38479481451213359832763671875">
        <ele>13</ele>
        <time>2026-09-07T10:51:04.000Z</time>
        <extensions>
          <ns3:TrackPointExtension>
            <ns3:hr>146</ns3:hr>
            <ns3:cad>87</ns3:cad>
          </ns3:TrackPointExtension>
        </extensions>
      </trkpt>
      <trkpt lat="31.21641729958355426788330078125" lon="121.38482096605002880096435546875">
        <ele>13</ele>
        <time>2026-09-07T10:51:05.000Z</time>
        <extensions>
          <ns3:TrackPointExtension>
            <ns3:hr>146</ns3:hr>
            <ns3:cad>88</ns3:cad>
          </ns3:TrackPointExtension>
        </extensions>
      </trkpt>
      <trkpt lat="31.21640908531844615936279296875" lon="121.384860612452030181884765625">
        <ele>13</ele>
        <time>2026-09-07T10:51:06.000Z</time>
        <extensions>
          <ns3:TrackPointExtension>
            <ns3:hr>146</ns3:hr>
            <ns3:cad>88</ns3:cad>
          </ns3:TrackPointExtension>
        </extensions>
      </trkpt>
      <trkpt lat="31.216403804719448089599609375" lon="121.384894810616970062255859375">
        <ele>13</ele>
        <time>2026-09-07T10:51:07.000Z</time>
        <extensions>
          <ns3:TrackPointExtension>
            <ns3:hr>145</ns3:hr>
            <ns3:cad>89</ns3:cad>
          </ns3:TrackPointExtension>
        </extensions>
      </trkpt>
      <trkpt lat="31.21640573255717754364013671875" lon="121.3849211297929286956787109375">
        <ele>13</ele>
        <time>2026-09-07T10:51:08.000Z</time>
        <extensions>
          <ns3:TrackPointExtension>
            <ns3:hr>146</ns3:hr>
            <ns3:cad>89</ns3:cad>
          </ns3:TrackPointExtension>
        </extensions>
      </trkpt>
      <trkpt lat="31.216394416987895965576171875" lon="121.38495675288140773773193359375">
        <ele>13</ele>
        <time>2026-09-07T10:51:09.000Z</time>
        <extensions>
          <ns3:TrackPointExtension>
            <ns3:hr>145</ns3:hr>
            <ns3:cad>90</ns3:cad>
          </ns3:TrackPointExtension>
        </extensions>
      </trkpt>
      <trkpt lat="31.216397099196910858154296875" lon="121.38498374260962009429931640625">
        <ele>13</ele>
        <time>2026-09-07T10:51:10.000Z</time>
        <extensions>
          <ns3:TrackPointExtension>
            <ns3:hr>145</ns3:hr>
            <ns3:cad>89</ns3:cad>
          </ns3:TrackPointExtension>
        </extensions>
      </trkpt>
      <trkpt lat="31.21638947166502475738525390625" lon="121.38501961715519428253173828125">
        <ele>13</ele>
        <time>2026-09-07T10:51:11.000Z</time>
        <extensions>
          <ns3:TrackPointExtension>
            <ns3:hr>145</ns3:hr>
            <ns3:cad>90</ns3:cad>
          </ns3:TrackPointExtension>
        </extensions>
      </trkpt>
      <trkpt lat="31.2163895554840564727783203125" lon="121.38504602015018463134765625">
        <ele>13</ele>
        <time>2026-09-07T10:51:12.000Z</time>
        <extensions>
          <ns3:TrackPointExtension>
            <ns3:hr>145</ns3:hr>
            <ns3:cad>90</ns3:cad>
          </ns3:TrackPointExtension>
        </extensions>
      </trkpt>
      <trkpt lat="31.2163811735808849334716796875" lon="121.38508147560060024261474609375">
        <ele>13</ele>
        <time>2026-09-07T10:51:13.000Z</time>
        <extensions>
          <ns3:TrackPointExtension>
            <ns3:hr>145</ns3:hr>
            <ns3:cad>91</ns3:cad>
          </ns3:TrackPointExtension>
        </extensions>
      </trkpt>
      <trkpt lat="31.21637488715350627899169921875" lon="121.38510460965335369110107421875">
        <ele>13</ele>
        <time>2026-09-07T10:51:14.000Z</time>
        <extensions>
          <ns3:TrackPointExtension>
            <ns3:hr>145</ns3:hr>
            <ns3:cad>91</ns3:cad>
          </ns3:TrackPointExtension>
        </extensions>
      </trkpt>
      <trkpt lat="31.21636650525033473968505859375" lon="121.385135538876056671142578125">
        <ele>13</ele>
        <time>2026-09-07T10:51:15.000Z</time>
        <extensions>
          <ns3:TrackPointExtension>
            <ns3:hr>144</ns3:hr>
            <ns3:cad>91</ns3:cad>
          </ns3:TrackPointExtension>
        </extensions>
      </trkpt>
      <trkpt lat="31.2163607217371463775634765625" lon="121.38516210950911045074462890625">
        <ele>13</ele>
        <time>2026-09-07T10:51:16.000Z</time>
        <extensions>
          <ns3:TrackPointExtension>
            <ns3:hr>144</ns3:hr>
            <ns3:cad>90</ns3:cad>
          </ns3:TrackPointExtension>
        </extensions>
      </trkpt>
      <trkpt lat="31.2163499929010868072509765625" lon="121.38519614003598690032958984375">
        <ele>12.80000019073486328125</ele>
        <time>2026-09-07T10:51:17.000Z</time>
        <extensions>
          <ns3:TrackPointExtension>
            <ns3:hr>144</ns3:hr>
            <ns3:cad>90</ns3:cad>
          </ns3:TrackPointExtension>
        </extensions>
      </trkpt>
      <trkpt lat="31.2163466401398181915283203125" lon="121.385218016803264617919921875">
        <ele>12.80000019073486328125</ele>
        <time>2026-09-07T10:51:18.000Z</time>
        <extensions>
          <ns3:TrackPointExtension>
            <ns3:hr>145</ns3:hr>
            <ns3:cad>89</ns3:cad>
          </ns3:TrackPointExtension>
        </extensions>
      </trkpt>
      <trkpt lat="31.21633683331310749053955078125" lon="121.3852463476359844207763671875">
        <ele>12.80000019073486328125</ele>
        <time>2026-09-07T10:51:19.000Z</time>
        <extensions>
          <ns3:TrackPointExtension>
            <ns3:hr>145</ns3:hr>
            <ns3:cad>89</ns3:cad>
          </ns3:TrackPointExtension>
        </extensions>
      </trkpt>
      <trkpt lat="31.2163305468857288360595703125" lon="121.38526923023164272308349609375">
        <ele>12.80000019073486328125</ele>
        <time>2026-09-07T10:51:20.000Z</time>
        <extensions>
          <ns3:TrackPointExtension>
            <ns3:hr>145</ns3:hr>
            <ns3:cad>90</ns3:cad>
          </ns3:TrackPointExtension>
        </extensions>
      </trkpt>
      <trkpt lat="31.21632442809641361236572265625" lon="121.3853009976446628570556640625">
        <ele>12.80000019073486328125</ele>
        <time>2026-09-07T10:51:21.000Z</time>
        <extensions>
          <ns3:TrackPointExtension>
            <ns3:hr>145</ns3:hr>
            <ns3:cad>90</ns3:cad>
          </ns3:TrackPointExtension>
        </extensions>
      </trkpt>
      <trkpt lat="31.21632208116352558135986328125" lon="121.3853283226490020751953125">
        <ele>12.80000019073486328125</ele>
        <time>2026-09-07T10:51:22.000Z</time>
        <extensions>
          <ns3:TrackPointExtension>
            <ns3:hr>145</ns3:hr>
            <ns3:cad>90</ns3:cad>
          </ns3:TrackPointExtension>
        </extensions>
      </trkpt>
      <trkpt lat="31.2163214944303035736083984375" lon="121.3853647001087665557861328125">
        <ele>12.80000019073486328125</ele>
        <time>2026-09-07T10:51:23.000Z</time>
        <extensions>
          <ns3:TrackPointExtension>
            <ns3:hr>145</ns3:hr>
            <ns3:cad>90</ns3:cad>
          </ns3:TrackPointExtension>
        </extensions>
      </trkpt>
      <trkpt lat="31.21631973423063755035400390625" lon="121.3853921927511692047119140625">
        <ele>12.80000019073486328125</ele>
        <time>2026-09-07T10:51:24.000Z</time>
        <extensions>
          <ns3:TrackPointExtension>
            <ns3:hr>146</ns3:hr>
            <ns3:cad>89</ns3:cad>
          </ns3:TrackPointExtension>
        </extensions>
      </trkpt>
      <trkpt lat="31.2163077481091022491455078125" lon="121.38542865402996540069580078125">
        <ele>12.80000019073486328125</ele>
        <time>2026-09-07T10:51:25.000Z</time>
        <extensions>
          <ns3:TrackPointExtension>
            <ns3:hr>146</ns3:hr>
            <ns3:cad>89</ns3:cad>
          </ns3:TrackPointExtension>
        </extensions>
      </trkpt>
      <trkpt lat="31.21630682609975337982177734375" lon="121.38546042144298553466796875">
        <ele>12.80000019073486328125</ele>
        <time>2026-09-07T10:51:26.000Z</time>
        <extensions>
          <ns3:TrackPointExtension>
            <ns3:hr>146</ns3:hr>
            <ns3:cad>90</ns3:cad>
          </ns3:TrackPointExtension>
        </extensions>
      </trkpt>
      <trkpt lat="31.21629576198756694793701171875" lon="121.38549285940825939178466796875">
        <ele>12.80000019073486328125</ele>
        <time>2026-09-07T10:51:27.000Z</time>
        <extensions>
          <ns3:TrackPointExtension>
            <ns3:hr>145</ns3:hr>
            <ns3:cad>92</ns3:cad>
          </ns3:TrackPointExtension>
        </extensions>
      </trkpt>
      <trkpt lat="31.21628771536052227020263671875" lon="121.3855199329555034637451171875">
        <ele>12.6000003814697265625</ele>
        <time>2026-09-07T10:51:28.000Z</time>
        <extensions>
          <ns3:TrackPointExtension>
            <ns3:hr>146</ns3:hr>
            <ns3:cad>92</ns3:cad>
          </ns3:TrackPointExtension>
        </extensions>
      </trkpt>
      <trkpt lat="31.2162795849144458770751953125" lon="121.38555136509239673614501953125">
        <ele>12.6000003814697265625</ele>
        <time>2026-09-07T10:51:29.000Z</time>
        <extensions>
          <ns3:TrackPointExtension>
            <ns3:hr>146</ns3:hr>
            <ns3:cad>92</ns3:cad>
          </ns3:TrackPointExtension>
        </extensions>
      </trkpt>
      <trkpt lat="31.21627380140125751495361328125" lon="121.3855735771358013153076171875">
        <ele>12.80000019073486328125</ele>
        <time>2026-09-07T10:51:30.000Z</time>
        <extensions>
          <ns3:TrackPointExtension>
            <ns3:hr>145</ns3:hr>
            <ns3:cad>92</ns3:cad>
          </ns3:TrackPointExtension>
        </extensions>
      </trkpt>
      <trkpt lat="31.21626391075551509857177734375" lon="121.38560500927269458770751953125">
        <ele>12.80000019073486328125</ele>
        <time>2026-09-07T10:51:31.000Z</time>
        <extensions>
          <ns3:TrackPointExtension>
            <ns3:hr>146</ns3:hr>
            <ns3:cad>91</ns3:cad>
          </ns3:TrackPointExtension>
        </extensions>
      </trkpt>
      <trkpt lat="31.216258965432643890380859375" lon="121.38562881387770175933837890625">
        <ele>12.80000019073486328125</ele>
        <time>2026-09-07T10:51:32.000Z</time>
        <extensions>
          <ns3:TrackPointExtension>
            <ns3:hr>146</ns3:hr>
            <ns3:cad>91</ns3:cad>
          </ns3:TrackPointExtension>
        </extensions>
      </trkpt>
      <trkpt lat="31.21624982915818691253662109375" lon="121.385659240186214447021484375">
        <ele>12.80000019073486328125</ele>
        <time>2026-09-07T10:51:33.000Z</time>
        <extensions>
          <ns3:TrackPointExtension>
            <ns3:hr>145</ns3:hr>
            <ns3:cad>91</ns3:cad>
          </ns3:TrackPointExtension>
        </extensions>
      </trkpt>
      <trkpt lat="31.21624748222529888153076171875" lon="121.38568731956183910369873046875">
        <ele>12.6000003814697265625</ele>
        <time>2026-09-07T10:51:34.000Z</time>
        <extensions>
          <ns3:TrackPointExtension>
            <ns3:hr>146</ns3:hr>
            <ns3:cad>91</ns3:cad>
          </ns3:TrackPointExtension>
        </extensions>
      </trkpt>
      <trkpt lat="31.216238178312778472900390625" lon="121.385718919336795806884765625">
        <ele>12.6000003814697265625</ele>
        <time>2026-09-07T10:51:35.000Z</time>
        <extensions>
          <ns3:TrackPointExtension>
            <ns3:hr>146</ns3:hr>
            <ns3:cad>90</ns3:cad>
          </ns3:TrackPointExtension>
        </extensions>
      </trkpt>
      <trkpt lat="31.21623222716152667999267578125" lon="121.38574465177953243255615234375">
        <ele>12.6000003814697265625</ele>
        <time>2026-09-07T10:51:36.000Z</time>
        <extensions>
          <ns3:TrackPointExtension>
            <ns3:hr>145</ns3:hr>
            <ns3:cad>89</ns3:cad>
          </ns3:TrackPointExtension>
        </extensions>
      </trkpt>
      <trkpt lat="31.21622149832546710968017578125" lon="121.38578102923929691314697265625">
        <ele>12.6000003814697265625</ele>
        <time>2026-09-07T10:51:37.000Z</time>
        <extensions>
          <ns3:TrackPointExtension>
            <ns3:hr>145</ns3:hr>
            <ns3:cad>89</ns3:cad>
          </ns3:TrackPointExtension>
        </extensions>
      </trkpt>
      <trkpt lat="31.21621294878423213958740234375" lon="121.38580508530139923095703125">
        <ele>12.80000019073486328125</ele>
        <time>2026-09-07T10:51:38.000Z</time>
        <extensions>
          <ns3:TrackPointExtension>
            <ns3:hr>145</ns3:hr>
            <ns3:cad>89</ns3:cad>
          </ns3:TrackPointExtension>
        </extensions>
      </trkpt>
      <trkpt lat="31.21620456688106060028076171875" lon="121.3858325779438018798828125">
        <ele>12.80000019073486328125</ele>
        <time>2026-09-07T10:51:39.000Z</time>
        <extensions>
          <ns3:TrackPointExtension>
            <ns3:hr>145</ns3:hr>
            <ns3:cad>90</ns3:cad>
          </ns3:TrackPointExtension>
        </extensions>
      </trkpt>
      <trkpt lat="31.21619962155818939208984375" lon="121.38586199842393398284912109375">
        <ele>12.80000019073486328125</ele>
        <time>2026-09-07T10:51:40.000Z</time>
        <extensions>
          <ns3:TrackPointExtension>
            <ns3:hr>145</ns3:hr>
            <ns3:cad>90</ns3:cad>
          </ns3:TrackPointExtension>
        </extensions>
      </trkpt>
      <trkpt lat="31.2161954306066036224365234375" lon="121.38589351437985897064208984375">
        <ele>12.80000019073486328125</ele>
        <time>2026-09-07T10:51:41.000Z</time>
        <extensions>
          <ns3:TrackPointExtension>
            <ns3:hr>146</ns3:hr>
            <ns3:cad>90</ns3:cad>
          </ns3:TrackPointExtension>
        </extensions>
      </trkpt>
      <trkpt lat="31.2161950953304767608642578125" lon="121.3859269581735134124755859375">
        <ele>12.80000019073486328125</ele>
        <time>2026-09-07T10:51:42.000Z</time>
        <extensions>
          <ns3:TrackPointExtension>
            <ns3:hr>145</ns3:hr>
            <ns3:cad>90</ns3:cad>
          </ns3:TrackPointExtension>
        </extensions>
      </trkpt>
      <trkpt lat="31.21618688106536865234375" lon="121.38596023432910442352294921875">
        <ele>12.80000019073486328125</ele>
        <time>2026-09-07T10:51:43.000Z</time>
        <extensions>
          <ns3:TrackPointExtension>
            <ns3:hr>145</ns3:hr>
            <ns3:cad>90</ns3:cad>
          </ns3:TrackPointExtension>
        </extensions>
      </trkpt>
      <trkpt lat="31.216184534132480621337890625" lon="121.38599107973277568817138671875">
        <ele>12.6000003814697265625</ele>
        <time>2026-09-07T10:51:44.000Z</time>
        <extensions>
          <ns3:TrackPointExtension>
            <ns3:hr>146</ns3:hr>
            <ns3:cad>91</ns3:cad>
          </ns3:TrackPointExtension>
        </extensions>
      </trkpt>
      <trkpt lat="31.2161793373525142669677734375" lon="121.386026032269001007080078125">
        <ele>12.6000003814697265625</ele>
        <time>2026-09-07T10:51:45.000Z</time>
        <extensions>
          <ns3:TrackPointExtension>
            <ns3:hr>146</ns3:hr>
            <ns3:cad>91</ns3:cad>
          </ns3:TrackPointExtension>
        </extensions>
      </trkpt>
      <trkpt lat="31.2161746434867382049560546875" lon="121.38605293817818164825439453125">
        <ele>12.80000019073486328125</ele>
        <time>2026-09-07T10:51:46.000Z</time>
        <extensions>
          <ns3:TrackPointExtension>
            <ns3:hr>146</ns3:hr>
            <ns3:cad>92</ns3:cad>
          </ns3:TrackPointExtension>
        </extensions>
      </trkpt>
      <trkpt lat="31.2161659263074398040771484375" lon="121.38608629815280437469482421875">
        <ele>12.6000003814697265625</ele>
        <time>2026-09-07T10:51:47.000Z</time>
        <extensions>
          <ns3:TrackPointExtension>
            <ns3:hr>145</ns3:hr>
            <ns3:cad>92</ns3:cad>
          </ns3:TrackPointExtension>
        </extensions>
      </trkpt>
      <trkpt lat="31.21615997515618801116943359375" lon="121.38611429370939731597900390625">
        <ele>12.6000003814697265625</ele>
        <time>2026-09-07T10:51:48.000Z</time>
        <extensions>
          <ns3:TrackPointExtension>
            <ns3:hr>146</ns3:hr>
            <ns3:cad>90</ns3:cad>
          </ns3:TrackPointExtension>
        </extensions>
      </trkpt>
      <trkpt lat="31.21615176089107990264892578125" lon="121.3861422054469585418701171875">
        <ele>12.6000003814697265625</ele>
        <time>2026-09-07T10:51:49.000Z</time>
        <extensions>
          <ns3:TrackPointExtension>
            <ns3:hr>146</ns3:hr>
            <ns3:cad>89</ns3:cad>
          </ns3:TrackPointExtension>
        </extensions>
      </trkpt>
      <trkpt lat="31.21614354662597179412841796875" lon="121.38617162592709064483642578125">
        <ele>12.6000003814697265625</ele>
        <time>2026-09-07T10:51:50.000Z</time>
        <extensions>
          <ns3:TrackPointExtension>
            <ns3:hr>146</ns3:hr>
            <ns3:cad>89</ns3:cad>
          </ns3:TrackPointExtension>
        </extensions>
      </trkpt>
      <trkpt lat="31.216134242713451385498046875" lon="121.38619828037917613983154296875">
        <ele>12.6000003814697265625</ele>
        <time>2026-09-07T10:51:51.000Z</time>
        <extensions>
          <ns3:TrackPointExtension>
            <ns3:hr>146</ns3:hr>
            <ns3:cad>89</ns3:cad>
          </ns3:TrackPointExtension>
        </extensions>
      </trkpt>
      <trkpt lat="31.21612778864800930023193359375" lon="121.38622342608869075775146484375">
        <ele>12.6000003814697265625</ele>
        <time>2026-09-07T10:51:52.000Z</time>
        <extensions>
          <ns3:TrackPointExtension>
            <ns3:hr>145</ns3:hr>
            <ns3:cad>90</ns3:cad>
          </ns3:TrackPointExtension>
        </extensions>
      </trkpt>
      <trkpt lat="31.21611915528774261474609375" lon="121.38625393621623516082763671875">
        <ele>12.6000003814697265625</ele>
        <time>2026-09-07T10:51:53.000Z</time>
        <extensions>
          <ns3:TrackPointExtension>
            <ns3:hr>146</ns3:hr>
            <ns3:cad>90</ns3:cad>
          </ns3:TrackPointExtension>
        </extensions>
      </trkpt>
      <trkpt lat="31.21611454524099826812744140625" lon="121.386283524334430694580078125">
        <ele>12.6000003814697265625</ele>
        <time>2026-09-07T10:51:54.000Z</time>
        <extensions>
          <ns3:TrackPointExtension>
            <ns3:hr>145</ns3:hr>
            <ns3:cad>90</ns3:cad>
          </ns3:TrackPointExtension>
        </extensions>
      </trkpt>
      <trkpt lat="31.21610934846103191375732421875" lon="121.3863155432045459747314453125">
        <ele>12.6000003814697265625</ele>
        <time>2026-09-07T10:51:55.000Z</time>
        <extensions>
          <ns3:TrackPointExtension>
            <ns3:hr>145</ns3:hr>
            <ns3:cad>90</ns3:cad>
          </ns3:TrackPointExtension>
        </extensions>
      </trkpt>
      <trkpt lat="31.216109432280063629150390625" lon="121.38634345494210720062255859375">
        <ele>12.6000003814697265625</ele>
        <time>2026-09-07T10:51:56.000Z</time>
        <extensions>
          <ns3:TrackPointExtension>
            <ns3:hr>145</ns3:hr>
            <ns3:cad>90</ns3:cad>
          </ns3:TrackPointExtension>
        </extensions>
      </trkpt>
      <trkpt lat="31.2160998769104480743408203125" lon="121.386372707784175872802734375">
        <ele>12.6000003814697265625</ele>
        <time>2026-09-07T10:51:57.000Z</time>
        <extensions>
          <ns3:TrackPointExtension>
            <ns3:hr>145</ns3:hr>
            <ns3:cad>90</ns3:cad>
          </ns3:TrackPointExtension>
        </extensions>
      </trkpt>
      <trkpt lat="31.21609610505402088165283203125" lon="121.386400200426578521728515625">
        <ele>12.3999996185302734375</ele>
        <time>2026-09-07T10:51:58.000Z</time>
        <extensions>
          <ns3:TrackPointExtension>
            <ns3:hr>145</ns3:hr>
            <ns3:cad>90</ns3:cad>
          </ns3:TrackPointExtension>
        </extensions>
      </trkpt>
      <trkpt lat="31.2160935066640377044677734375" lon="121.38643297366797924041748046875">
        <ele>12.3999996185302734375</ele>
        <time>2026-09-07T10:51:59.000Z</time>
        <extensions>
          <ns3:TrackPointExtension>
            <ns3:hr>145</ns3:hr>
            <ns3:cad>90</ns3:cad>
          </ns3:TrackPointExtension>
        </extensions>
      </trkpt>
      <trkpt lat="31.216089315712451934814453125" lon="121.38646180741488933563232421875">
        <ele>12.3999996185302734375</ele>
        <time>2026-09-07T10:52:00.000Z</time>
        <extensions>
          <ns3:TrackPointExtension>
            <ns3:hr>144</ns3:hr>
            <ns3:cad>90</ns3:cad>
          </ns3:TrackPointExtension>
        </extensions>
      </trkpt>
      <trkpt lat="31.21607883833348751068115234375" lon="121.38649365864694118499755859375">
        <ele>12.3999996185302734375</ele>
        <time>2026-09-07T10:52:01.000Z</time>
        <extensions>
          <ns3:TrackPointExtension>
            <ns3:hr>144</ns3:hr>
            <ns3:cad>88</ns3:cad>
          </ns3:TrackPointExtension>
        </extensions>
      </trkpt>
      <trkpt lat="31.21607230044901371002197265625" lon="121.38652081601321697235107421875">
        <ele>12.3999996185302734375</ele>
        <time>2026-09-07T10:52:02.000Z</time>
        <extensions>
          <ns3:TrackPointExtension>
            <ns3:hr>145</ns3:hr>
            <ns3:cad>88</ns3:cad>
          </ns3:TrackPointExtension>
        </extensions>
      </trkpt>
      <trkpt lat="31.21606375090777873992919921875" lon="121.38654805719852447509765625">
        <ele>12.3999996185302734375</ele>
        <time>2026-09-07T10:52:03.000Z</time>
        <extensions>
          <ns3:TrackPointExtension>
            <ns3:hr>145</ns3:hr>
            <ns3:cad>89</ns3:cad>
          </ns3:TrackPointExtension>
        </extensions>
      </trkpt>
      <trkpt lat="31.21605872176587581634521484375" lon="121.386573873460292816162109375">
        <ele>12.19999980926513671875</ele>
        <time>2026-09-07T10:52:04.000Z</time>
        <extensions>
          <ns3:TrackPointExtension>
            <ns3:hr>145</ns3:hr>
            <ns3:cad>89</ns3:cad>
          </ns3:TrackPointExtension>
        </extensions>
      </trkpt>
      <trkpt lat="31.21605075895786285400390625" lon="121.3865965045988559722900390625">
        <ele>12.19999980926513671875</ele>
        <time>2026-09-07T10:52:05.000Z</time>
        <extensions>
          <ns3:TrackPointExtension>
            <ns3:hr>145</ns3:hr>
            <ns3:cad>90</ns3:cad>
          </ns3:TrackPointExtension>
        </extensions>
      </trkpt>
      <trkpt lat="31.2160485796630382537841796875" lon="121.38661989010870456695556640625">
        <ele>12.19999980926513671875</ele>
        <time>2026-09-07T10:52:06.000Z</time>
        <extensions>
          <ns3:TrackPointExtension>
            <ns3:hr>145</ns3:hr>
            <ns3:cad>90</ns3:cad>
          </ns3:TrackPointExtension>
        </extensions>
      </trkpt>
      <trkpt lat="31.216045059263706207275390625" lon="121.38665509410202503204345703125">
        <ele>12.19999980926513671875</ele>
        <time>2026-09-07T10:52:07.000Z</time>
        <extensions>
          <ns3:TrackPointExtension>
            <ns3:hr>145</ns3:hr>
            <ns3:cad>89</ns3:cad>
          </ns3:TrackPointExtension>
        </extensions>
      </trkpt>
      <trkpt lat="31.21604262851178646087646484375" lon="121.3866830058395862579345703125">
        <ele>12.19999980926513671875</ele>
        <time>2026-09-07T10:52:08.000Z</time>
        <extensions>
          <ns3:TrackPointExtension>
            <ns3:hr>145</ns3:hr>
            <ns3:cad>89</ns3:cad>
          </ns3:TrackPointExtension>
        </extensions>
      </trkpt>
      <trkpt lat="31.21603089384734630584716796875" lon="121.3867155276238918304443359375">
        <ele>12.3999996185302734375</ele>
        <time>2026-09-07T10:52:09.000Z</time>
        <extensions>
          <ns3:TrackPointExtension>
            <ns3:hr>145</ns3:hr>
            <ns3:cad>89</ns3:cad>
          </ns3:TrackPointExtension>
        </extensions>
      </trkpt>
      <trkpt lat="31.21602469123899936676025390625" lon="121.38673991896212100982666015625">
        <ele>12.3999996185302734375</ele>
        <time>2026-09-07T10:52:10.000Z</time>
        <extensions>
          <ns3:TrackPointExtension>
            <ns3:hr>146</ns3:hr>
            <ns3:cad>90</ns3:cad>
          </ns3:TrackPointExtension>
        </extensions>
      </trkpt>
      <trkpt lat="31.216012872755527496337890625" lon="121.38677244074642658233642578125">
        <ele>12.19999980926513671875</ele>
        <time>2026-09-07T10:52:11.000Z</time>
        <extensions>
          <ns3:TrackPointExtension>
            <ns3:hr>145</ns3:hr>
            <ns3:cad>90</ns3:cad>
          </ns3:TrackPointExtension>
        </extensions>
      </trkpt>
      <trkpt lat="31.2160103581845760345458984375" lon="121.3868000172078609466552734375">
        <ele>12.19999980926513671875</ele>
        <time>2026-09-07T10:52:12.000Z</time>
        <extensions>
          <ns3:TrackPointExtension>
            <ns3:hr>145</ns3:hr>
            <ns3:cad>89</ns3:cad>
          </ns3:TrackPointExtension>
        </extensions>
      </trkpt>
      <trkpt lat="31.21599988080561161041259765625" lon="121.3868276774883270263671875">
        <ele>12.19999980926513671875</ele>
        <time>2026-09-07T10:52:13.000Z</time>
        <extensions>
          <ns3:TrackPointExtension>
            <ns3:hr>146</ns3:hr>
            <ns3:cad>89</ns3:cad>
          </ns3:TrackPointExtension>
        </extensions>
      </trkpt>
      <trkpt lat="31.21599669568240642547607421875" lon="121.38685190118849277496337890625">
        <ele>12.19999980926513671875</ele>
        <time>2026-09-07T10:52:14.000Z</time>
        <extensions>
          <ns3:TrackPointExtension>
            <ns3:hr>145</ns3:hr>
            <ns3:cad>89</ns3:cad>
          </ns3:TrackPointExtension>
        </extensions>
      </trkpt>
      <trkpt lat="31.21598596684634685516357421875" lon="121.38688157312572002410888671875">
        <ele>12.19999980926513671875</ele>
        <time>2026-09-07T10:52:15.000Z</time>
        <extensions>
          <ns3:TrackPointExtension>
            <ns3:hr>145</ns3:hr>
            <ns3:cad>89</ns3:cad>
          </ns3:TrackPointExtension>
        </extensions>
      </trkpt>
      <trkpt lat="31.2159785069525241851806640625" lon="121.38690412044525146484375">
        <ele>12.19999980926513671875</ele>
        <time>2026-09-07T10:52:16.000Z</time>
        <extensions>
          <ns3:TrackPointExtension>
            <ns3:hr>146</ns3:hr>
            <ns3:cad>89</ns3:cad>
          </ns3:TrackPointExtension>
        </extensions>
      </trkpt>
      <trkpt lat="31.21597138233482837677001953125" lon="121.38693605549633502960205078125">
        <ele>12.19999980926513671875</ele>
        <time>2026-09-07T10:52:17.000Z</time>
        <extensions>
          <ns3:TrackPointExtension>
            <ns3:hr>145</ns3:hr>
            <ns3:cad>89</ns3:cad>
          </ns3:TrackPointExtension>
        </extensions>
      </trkpt>
      <trkpt lat="31.21596987359225749969482421875" lon="121.38696270994842052459716796875">
        <ele>12.19999980926513671875</ele>
        <time>2026-09-07T10:52:18.000Z</time>
        <extensions>
          <ns3:TrackPointExtension>
            <ns3:hr>145</ns3:hr>
            <ns3:cad>89</ns3:cad>
          </ns3:TrackPointExtension>
        </extensions>
      </trkpt>
      <trkpt lat="31.21596082113683223724365234375" lon="121.3869931362569332122802734375">
        <ele>12.19999980926513671875</ele>
        <time>2026-09-07T10:52:19.000Z</time>
        <extensions>
          <ns3:TrackPointExtension>
            <ns3:hr>146</ns3:hr>
            <ns3:cad>89</ns3:cad>
          </ns3:TrackPointExtension>
        </extensions>
      </trkpt>
      <trkpt lat="31.21595998294651508331298828125" lon="121.3870154321193695068359375">
        <ele>12.19999980926513671875</ele>
        <time>2026-09-07T10:52:20.000Z</time>
        <extensions>
          <ns3:TrackPointExtension>
            <ns3:hr>145</ns3:hr>
            <ns3:cad>88</ns3:cad>
          </ns3:TrackPointExtension>
        </extensions>
      </trkpt>
      <trkpt lat="31.21595746837556362152099609375" lon="121.3870481215417385101318359375">
        <ele>12.19999980926513671875</ele>
        <time>2026-09-07T10:52:21.000Z</time>
        <extensions>
          <ns3:TrackPointExtension>
            <ns3:hr>145</ns3:hr>
            <ns3:cad>88</ns3:cad>
          </ns3:TrackPointExtension>
        </extensions>
      </trkpt>
      <trkpt lat="31.2159550376236438751220703125" lon="121.387070752680301666259765625">
        <ele>12.19999980926513671875</ele>
        <time>2026-09-07T10:52:22.000Z</time>
        <extensions>
          <ns3:TrackPointExtension>
            <ns3:hr>146</ns3:hr>
            <ns3:cad>88</ns3:cad>
          </ns3:TrackPointExtension>
        </extensions>
      </trkpt>
      <trkpt lat="31.21594975702464580535888671875" lon="121.38710520230233669281005859375">
        <ele>12.19999980926513671875</ele>
        <time>2026-09-07T10:52:23.000Z</time>
        <extensions>
          <ns3:TrackPointExtension>
            <ns3:hr>145</ns3:hr>
            <ns3:cad>89</ns3:cad>
          </ns3:TrackPointExtension>
        </extensions>
      </trkpt>
      <trkpt lat="31.21594623662531375885009765625" lon="121.38712984509766101837158203125">
        <ele>12.3999996185302734375</ele>
        <time>2026-09-07T10:52:24.000Z</time>
        <extensions>
          <ns3:TrackPointExtension>
            <ns3:hr>145</ns3:hr>
            <ns3:cad>89</ns3:cad>
          </ns3:TrackPointExtension>
        </extensions>
      </trkpt>
      <trkpt lat="31.215943805873394012451171875" lon="121.3871631212532520294189453125">
        <ele>12.3999996185302734375</ele>
        <time>2026-09-07T10:52:25.000Z</time>
        <extensions>
          <ns3:TrackPointExtension>
            <ns3:hr>146</ns3:hr>
            <ns3:cad>88</ns3:cad>
          </ns3:TrackPointExtension>
        </extensions>
      </trkpt>
      <trkpt lat="31.21594137512147426605224609375" lon="121.38719321228563785552978515625">
        <ele>12.3999996185302734375</ele>
        <time>2026-09-07T10:52:26.000Z</time>
        <extensions>
          <ns3:TrackPointExtension>
            <ns3:hr>145</ns3:hr>
            <ns3:cad>87</ns3:cad>
          </ns3:TrackPointExtension>
        </extensions>
      </trkpt>
      <trkpt lat="31.215951852500438690185546875" lon="121.38721299357712268829345703125">
        <ele>12.19999980926513671875</ele>
        <time>2026-09-07T10:52:27.000Z</time>
        <extensions>
          <ns3:TrackPointExtension>
            <ns3:hr>145</ns3:hr>
            <ns3:cad>86</ns3:cad>
          </ns3:TrackPointExtension>
        </extensions>
      </trkpt>
      <trkpt lat="31.2159744836390018463134765625" lon="121.3872382231056690216064453125">
        <ele>12.19999980926513671875</ele>
        <time>2026-09-07T10:52:28.000Z</time>
        <extensions>
          <ns3:TrackPointExtension>
            <ns3:hr>146</ns3:hr>
            <ns3:cad>86</ns3:cad>
          </ns3:TrackPointExtension>
        </extensions>
      </trkpt>
      <trkpt lat="31.21599233709275722503662109375" lon="121.38724937103688716888427734375">
        <ele>12.19999980926513671875</ele>
        <time>2026-09-07T10:52:29.000Z</time>
        <extensions>
          <ns3:TrackPointExtension>
            <ns3:hr>145</ns3:hr>
            <ns3:cad>87</ns3:cad>
          </ns3:TrackPointExtension>
        </extensions>
      </trkpt>
      <trkpt lat="31.2160204164683818817138671875" lon="121.38726420700550079345703125">
        <ele>12.19999980926513671875</ele>
        <time>2026-09-07T10:52:30.000Z</time>
        <extensions>
          <ns3:TrackPointExtension>
            <ns3:hr>145</ns3:hr>
            <ns3:cad>87</ns3:cad>
          </ns3:TrackPointExtension>
        </extensions>
      </trkpt>
      <trkpt lat="31.21604246087372303009033203125" lon="121.3872737623751163482666015625">
        <ele>12.19999980926513671875</ele>
        <time>2026-09-07T10:52:31.000Z</time>
        <extensions>
          <ns3:TrackPointExtension>
            <ns3:hr>146</ns3:hr>
            <ns3:cad>86</ns3:cad>
          </ns3:TrackPointExtension>
        </extensions>
      </trkpt>
      <trkpt lat="31.216064505279064178466796875" lon="121.3872844912111759185791015625">
        <ele>12</ele>
        <time>2026-09-07T10:52:32.000Z</time>
        <extensions>
          <ns3:TrackPointExtension>
            <ns3:hr>145</ns3:hr>
            <ns3:cad>85</ns3:cad>
          </ns3:TrackPointExtension>
        </extensions>
      </trkpt>
      <trkpt lat="31.21608621440827846527099609375" lon="121.38728826306760311126708984375">
        <ele>12</ele>
        <time>2026-09-07T10:52:33.000Z</time>
        <extensions>
          <ns3:TrackPointExtension>
            <ns3:hr>146</ns3:hr>
            <ns3:cad>85</ns3:cad>
          </ns3:TrackPointExtension>
        </extensions>
      </trkpt>
      <trkpt lat="31.21610934846103191375732421875" lon="121.38730016537010669708251953125">
        <ele>12</ele>
        <time>2026-09-07T10:52:34.000Z</time>
        <extensions>
          <ns3:TrackPointExtension>
            <ns3:hr>146</ns3:hr>
            <ns3:cad>86</ns3:cad>
          </ns3:TrackPointExtension>
        </extensions>
      </trkpt>
      <trkpt lat="31.21612762100994586944580078125" lon="121.387301422655582427978515625">
        <ele>12</ele>
        <time>2026-09-07T10:52:35.000Z</time>
        <extensions>
          <ns3:TrackPointExtension>
            <ns3:hr>146</ns3:hr>
            <ns3:cad>87</ns3:cad>
          </ns3:TrackPointExtension>
        </extensions>
      </trkpt>
      <trkpt lat="31.21614891104400157928466796875" lon="121.3873126544058322906494140625">
        <ele>12</ele>
        <time>2026-09-07T10:52:36.000Z</time>
        <extensions>
          <ns3:TrackPointExtension>
            <ns3:hr>146</ns3:hr>
            <ns3:cad>90</ns3:cad>
          </ns3:TrackPointExtension>
        </extensions>
      </trkpt>
      <trkpt lat="31.216168440878391265869140625" lon="121.38731391169130802154541015625">
        <ele>12</ele>
        <time>2026-09-07T10:52:37.000Z</time>
        <extensions>
          <ns3:TrackPointExtension>
            <ns3:hr>146</ns3:hr>
            <ns3:cad>90</ns3:cad>
          </ns3:TrackPointExtension>
        </extensions>
      </trkpt>
      <trkpt lat="31.2161935865879058837890625" lon="121.3873243890702724456787109375">
        <ele>12.19999980926513671875</ele>
        <time>2026-09-07T10:52:38.000Z</time>
        <extensions>
          <ns3:TrackPointExtension>
            <ns3:hr>146</ns3:hr>
            <ns3:cad>90</ns3:cad>
          </ns3:TrackPointExtension>
        </extensions>
      </trkpt>
      <trkpt lat="31.21620976366102695465087890625" lon="121.3873307593166828155517578125">
        <ele>12.19999980926513671875</ele>
        <time>2026-09-07T10:52:39.000Z</time>
        <extensions>
          <ns3:TrackPointExtension>
            <ns3:hr>146</ns3:hr>
            <ns3:cad>90</ns3:cad>
          </ns3:TrackPointExtension>
        </extensions>
      </trkpt>
      <trkpt lat="31.216234154999256134033203125" lon="121.38734064996242523193359375">
        <ele>12.19999980926513671875</ele>
        <time>2026-09-07T10:52:40.000Z</time>
        <extensions>
          <ns3:TrackPointExtension>
            <ns3:hr>147</ns3:hr>
            <ns3:cad>90</ns3:cad>
          </ns3:TrackPointExtension>
        </extensions>
      </trkpt>
      <trkpt lat="31.21625636704266071319580078125" lon="121.3873455114662647247314453125">
        <ele>12.19999980926513671875</ele>
        <time>2026-09-07T10:52:41.000Z</time>
        <extensions>
          <ns3:TrackPointExtension>
            <ns3:hr>147</ns3:hr>
            <ns3:cad>90</ns3:cad>
          </ns3:TrackPointExtension>
        </extensions>
      </trkpt>
      <trkpt lat="31.21628184802830219268798828125" lon="121.38735481537878513336181640625">
        <ele>12.19999980926513671875</ele>
        <time>2026-09-07T10:52:42.000Z</time>
        <extensions>
          <ns3:TrackPointExtension>
            <ns3:hr>147</ns3:hr>
            <ns3:cad>91</ns3:cad>
          </ns3:TrackPointExtension>
        </extensions>
      </trkpt>
      <trkpt lat="31.21630347333848476409912109375" lon="121.38736370019614696502685546875">
        <ele>12.19999980926513671875</ele>
        <time>2026-09-07T10:52:43.000Z</time>
        <extensions>
          <ns3:TrackPointExtension>
            <ns3:hr>147</ns3:hr>
            <ns3:cad>91</ns3:cad>
          </ns3:TrackPointExtension>
        </extensions>
      </trkpt>
      <trkpt lat="31.21632727794349193572998046875" lon="121.3873776979744434356689453125">
        <ele>12.19999980926513671875</ele>
        <time>2026-09-07T10:52:44.000Z</time>
        <extensions>
          <ns3:TrackPointExtension>
            <ns3:hr>146</ns3:hr>
            <ns3:cad>89</ns3:cad>
          </ns3:TrackPointExtension>
        </extensions>
      </trkpt>
      <trkpt lat="31.2163456343114376068115234375" lon="121.38738398440182209014892578125">
        <ele>12.19999980926513671875</ele>
        <time>2026-09-07T10:52:45.000Z</time>
        <extensions>
          <ns3:TrackPointExtension>
            <ns3:hr>147</ns3:hr>
            <ns3:cad>89</ns3:cad>
          </ns3:TrackPointExtension>
        </extensions>
      </trkpt>
      <trkpt lat="31.21636935509741306304931640625" lon="121.38739706017076969146728515625">
        <ele>12.19999980926513671875</ele>
        <time>2026-09-07T10:52:46.000Z</time>
        <extensions>
          <ns3:TrackPointExtension>
            <ns3:hr>147</ns3:hr>
            <ns3:cad>89</ns3:cad>
          </ns3:TrackPointExtension>
        </extensions>
      </trkpt>
      <trkpt lat="31.2163898907601833343505859375" lon="121.387402005493640899658203125">
        <ele>12.19999980926513671875</ele>
        <time>2026-09-07T10:52:47.000Z</time>
        <extensions>
          <ns3:TrackPointExtension>
            <ns3:hr>147</ns3:hr>
            <ns3:cad>90</ns3:cad>
          </ns3:TrackPointExtension>
        </extensions>
      </trkpt>
      <trkpt lat="31.21641746722161769866943359375" lon="121.38742086477577686309814453125">
        <ele>12</ele>
        <time>2026-09-07T10:52:48.000Z</time>
        <extensions>
          <ns3:TrackPointExtension>
            <ns3:hr>147</ns3:hr>
            <ns3:cad>91</ns3:cad>
          </ns3:TrackPointExtension>
        </extensions>
      </trkpt>
      <trkpt lat="31.21643699705600738525390625" lon="121.38743176124989986419677734375">
        <ele>12</ele>
        <time>2026-09-07T10:52:49.000Z</time>
        <extensions>
          <ns3:TrackPointExtension>
            <ns3:hr>147</ns3:hr>
            <ns3:cad>91</ns3:cad>
          </ns3:TrackPointExtension>
        </extensions>
      </trkpt>
      <trkpt lat="31.21646189130842685699462890625" lon="121.38744936324656009674072265625">
        <ele>12</ele>
        <time>2026-09-07T10:52:50.000Z</time>
        <extensions>
          <ns3:TrackPointExtension>
            <ns3:hr>148</ns3:hr>
            <ns3:cad>90</ns3:cad>
          </ns3:TrackPointExtension>
        </extensions>
      </trkpt>
      <trkpt lat="31.216478906571865081787109375" lon="121.38745388947427272796630859375">
        <ele>12</ele>
        <time>2026-09-07T10:52:51.000Z</time>
        <extensions>
          <ns3:TrackPointExtension>
            <ns3:hr>148</ns3:hr>
            <ns3:cad>90</ns3:cad>
          </ns3:TrackPointExtension>
        </extensions>
      </trkpt>
      <trkpt lat="31.21651017107069492340087890625" lon="121.387465037405490875244140625">
        <ele>12</ele>
        <time>2026-09-07T10:52:52.000Z</time>
        <extensions>
          <ns3:TrackPointExtension>
            <ns3:hr>148</ns3:hr>
            <ns3:cad>90</ns3:cad>
          </ns3:TrackPointExtension>
        </extensions>
      </trkpt>
      <trkpt lat="31.2165357358753681182861328125" lon="121.38747266493737697601318359375">
        <ele>12</ele>
        <time>2026-09-07T10:52:53.000Z</time>
        <extensions>
          <ns3:TrackPointExtension>
            <ns3:hr>148</ns3:hr>
            <ns3:cad>90</ns3:cad>
          </ns3:TrackPointExtension>
        </extensions>
      </trkpt>
      <trkpt lat="31.2165638990700244903564453125" lon="121.38748909346759319305419921875">
        <ele>12</ele>
        <time>2026-09-07T10:52:54.000Z</time>
        <extensions>
          <ns3:TrackPointExtension>
            <ns3:hr>149</ns3:hr>
            <ns3:cad>91</ns3:cad>
          </ns3:TrackPointExtension>
        </extensions>
      </trkpt>
      <trkpt lat="31.2165826745331287384033203125" lon="121.3874967209994792938232421875">
        <ele>12</ele>
        <time>2026-09-07T10:52:55.000Z</time>
        <extensions>
          <ns3:TrackPointExtension>
            <ns3:hr>148</ns3:hr>
            <ns3:cad>91</ns3:cad>
          </ns3:TrackPointExtension>
        </extensions>
      </trkpt>
      <trkpt lat="31.2166037969291210174560546875" lon="121.3875138200819492340087890625">
        <ele>12</ele>
        <time>2026-09-07T10:52:56.000Z</time>
        <extensions>
          <ns3:TrackPointExtension>
            <ns3:hr>148</ns3:hr>
            <ns3:cad>91</ns3:cad>
          </ns3:TrackPointExtension>
        </extensions>
      </trkpt>
      <trkpt lat="31.2166319601237773895263671875" lon="121.3875185139477252960205078125">
        <ele>12.19999980926513671875</ele>
        <time>2026-09-07T10:52:57.000Z</time>
        <extensions>
          <ns3:TrackPointExtension>
            <ns3:hr>148</ns3:hr>
            <ns3:cad>90</ns3:cad>
          </ns3:TrackPointExtension>
        </extensions>
      </trkpt>
      <trkpt lat="31.21666188351809978485107421875" lon="121.3875330984592437744140625">
        <ele>12.19999980926513671875</ele>
        <time>2026-09-07T10:52:58.000Z</time>
        <extensions>
          <ns3:TrackPointExtension>
            <ns3:hr>149</ns3:hr>
            <ns3:cad>90</ns3:cad>
          </ns3:TrackPointExtension>
        </extensions>
      </trkpt>
      <trkpt lat="31.2166844308376312255859375" lon="121.3875396363437175750732421875">
        <ele>12.19999980926513671875</ele>
        <time>2026-09-07T10:52:59.000Z</time>
        <extensions>
          <ns3:TrackPointExtension>
            <ns3:hr>148</ns3:hr>
            <ns3:cad>90</ns3:cad>
          </ns3:TrackPointExtension>
        </extensions>
      </trkpt>
      <trkpt lat="31.21671351604163646697998046875" lon="121.38754894025623798370361328125">
        <ele>12.19999980926513671875</ele>
        <time>2026-09-07T10:53:00.000Z</time>
        <extensions>
          <ns3:TrackPointExtension>
            <ns3:hr>148</ns3:hr>
            <ns3:cad>90</ns3:cad>
          </ns3:TrackPointExtension>
        </extensions>
      </trkpt>
      <trkpt lat="31.216737069189548492431640625" lon="121.3875587470829486846923828125">
        <ele>12.19999980926513671875</ele>
        <time>2026-09-07T10:53:01.000Z</time>
        <extensions>
          <ns3:TrackPointExtension>
            <ns3:hr>148</ns3:hr>
            <ns3:cad>92</ns3:cad>
          </ns3:TrackPointExtension>
        </extensions>
      </trkpt>
      <trkpt lat="31.2167610414326190948486328125" lon="121.3875708170235157012939453125">
        <ele>12.19999980926513671875</ele>
        <time>2026-09-07T10:53:02.000Z</time>
        <extensions>
          <ns3:TrackPointExtension>
            <ns3:hr>148</ns3:hr>
            <ns3:cad>92</ns3:cad>
          </ns3:TrackPointExtension>
        </extensions>
      </trkpt>
      <trkpt lat="31.21678291819989681243896484375" lon="121.3875795342028141021728515625">
        <ele>12</ele>
        <time>2026-09-07T10:53:03.000Z</time>
        <extensions>
          <ns3:TrackPointExtension>
            <ns3:hr>148</ns3:hr>
            <ns3:cad>92</ns3:cad>
          </ns3:TrackPointExtension>
        </extensions>
      </trkpt>
      <trkpt lat="31.21680420823395252227783203125" lon="121.38758682645857334136962890625">
        <ele>12</ele>
        <time>2026-09-07T10:53:04.000Z</time>
        <extensions>
          <ns3:TrackPointExtension>
            <ns3:hr>147</ns3:hr>
            <ns3:cad>92</ns3:cad>
          </ns3:TrackPointExtension>
        </extensions>
      </trkpt>
      <trkpt lat="31.216828264296054840087890625" lon="121.3875921070575714111328125">
        <ele>12</ele>
        <time>2026-09-07T10:53:05.000Z</time>
        <extensions>
          <ns3:TrackPointExtension>
            <ns3:hr>148</ns3:hr>
            <ns3:cad>91</ns3:cad>
          </ns3:TrackPointExtension>
        </extensions>
      </trkpt>
      <trkpt lat="31.21685064397752285003662109375" lon="121.38759688474237918853759765625">
        <ele>12</ele>
        <time>2026-09-07T10:53:06.000Z</time>
        <extensions>
          <ns3:TrackPointExtension>
            <ns3:hr>148</ns3:hr>
            <ns3:cad>91</ns3:cad>
          </ns3:TrackPointExtension>
        </extensions>
      </trkpt>
      <trkpt lat="31.2168733589351177215576171875" lon="121.387604176998138427734375">
        <ele>11.80000019073486328125</ele>
        <time>2026-09-07T10:53:07.000Z</time>
        <extensions>
          <ns3:TrackPointExtension>
            <ns3:hr>148</ns3:hr>
            <ns3:cad>91</ns3:cad>
          </ns3:TrackPointExtension>
        </extensions>
      </trkpt>
      <trkpt lat="31.21689976193010807037353515625" lon="121.38762555085122585296630859375">
        <ele>12</ele>
        <time>2026-09-07T10:53:08.000Z</time>
        <extensions>
          <ns3:TrackPointExtension>
            <ns3:hr>147</ns3:hr>
            <ns3:cad>91</ns3:cad>
          </ns3:TrackPointExtension>
        </extensions>
      </trkpt>
      <trkpt lat="31.21691836975514888763427734375" lon="121.3876403868198394775390625">
        <ele>11.80000019073486328125</ele>
        <time>2026-09-07T10:53:09.000Z</time>
        <extensions>
          <ns3:TrackPointExtension>
            <ns3:hr>148</ns3:hr>
            <ns3:cad>89</ns3:cad>
          </ns3:TrackPointExtension>
        </extensions>
      </trkpt>
      <trkpt lat="31.21693949215114116668701171875" lon="121.38765539042651653289794921875">
        <ele>11.80000019073486328125</ele>
        <time>2026-09-07T10:53:10.000Z</time>
        <extensions>
          <ns3:TrackPointExtension>
            <ns3:hr>148</ns3:hr>
            <ns3:cad>89</ns3:cad>
          </ns3:TrackPointExtension>
        </extensions>
      </trkpt>
      <trkpt lat="31.21696329675614833831787109375" lon="121.387666873633861541748046875">
        <ele>12</ele>
        <time>2026-09-07T10:53:11.000Z</time>
        <extensions>
          <ns3:TrackPointExtension>
            <ns3:hr>148</ns3:hr>
            <ns3:cad>89</ns3:cad>
          </ns3:TrackPointExtension>
        </extensions>
      </trkpt>
      <trkpt lat="31.2169866822659969329833984375" lon="121.3876767642796039581298828125">
        <ele>12</ele>
        <time>2026-09-07T10:53:12.000Z</time>
        <extensions>
          <ns3:TrackPointExtension>
            <ns3:hr>148</ns3:hr>
            <ns3:cad>89</ns3:cad>
          </ns3:TrackPointExtension>
        </extensions>
      </trkpt>
      <trkpt lat="31.2170101515948772430419921875" lon="121.38767869211733341217041015625">
        <ele>12</ele>
        <time>2026-09-07T10:53:13.000Z</time>
        <extensions>
          <ns3:TrackPointExtension>
            <ns3:hr>148</ns3:hr>
            <ns3:cad>90</ns3:cad>
          </ns3:TrackPointExtension>
        </extensions>
      </trkpt>
      <trkpt lat="31.2170363031327724456787109375" lon="121.387695707380771636962890625">
        <ele>12.19999980926513671875</ele>
        <time>2026-09-07T10:53:14.000Z</time>
        <extensions>
          <ns3:TrackPointExtension>
            <ns3:hr>148</ns3:hr>
            <ns3:cad>90</ns3:cad>
          </ns3:TrackPointExtension>
        </extensions>
      </trkpt>
      <trkpt lat="31.21705717407166957855224609375" lon="121.38770400546491146087646484375">
        <ele>12.3999996185302734375</ele>
        <time>2026-09-07T10:53:15.000Z</time>
        <extensions>
          <ns3:TrackPointExtension>
            <ns3:hr>149</ns3:hr>
            <ns3:cad>90</ns3:cad>
          </ns3:TrackPointExtension>
        </extensions>
      </trkpt>
      <trkpt lat="31.21708315797150135040283203125" lon="121.38771951198577880859375">
        <ele>12.6000003814697265625</ele>
        <time>2026-09-07T10:53:16.000Z</time>
        <extensions>
          <ns3:TrackPointExtension>
            <ns3:hr>148</ns3:hr>
            <ns3:cad>88</ns3:cad>
          </ns3:TrackPointExtension>
        </extensions>
      </trkpt>
      <trkpt lat="31.21710629202425479888916015625" lon="121.3877235352993011474609375">
        <ele>12.6000003814697265625</ele>
        <time>2026-09-07T10:53:17.000Z</time>
        <extensions>
          <ns3:TrackPointExtension>
            <ns3:hr>148</ns3:hr>
            <ns3:cad>88</ns3:cad>
          </ns3:TrackPointExtension>
        </extensions>
      </trkpt>
      <trkpt lat="31.21713177300989627838134765625" lon="121.38773803599178791046142578125">
        <ele>12.6000003814697265625</ele>
        <time>2026-09-07T10:53:18.000Z</time>
        <extensions>
          <ns3:TrackPointExtension>
            <ns3:hr>149</ns3:hr>
            <ns3:cad>88</ns3:cad>
          </ns3:TrackPointExtension>
        </extensions>
      </trkpt>
      <trkpt lat="31.21715448796749114990234375" lon="121.38774390332400798797607421875">
        <ele>12.6000003814697265625</ele>
        <time>2026-09-07T10:53:19.000Z</time>
        <extensions>
          <ns3:TrackPointExtension>
            <ns3:hr>148</ns3:hr>
            <ns3:cad>89</ns3:cad>
          </ns3:TrackPointExtension>
        </extensions>
      </trkpt>
      <trkpt lat="31.21717770583927631378173828125" lon="121.3877592422068119049072265625">
        <ele>12.6000003814697265625</ele>
        <time>2026-09-07T10:53:20.000Z</time>
        <extensions>
          <ns3:TrackPointExtension>
            <ns3:hr>148</ns3:hr>
            <ns3:cad>89</ns3:cad>
          </ns3:TrackPointExtension>
        </extensions>
      </trkpt>
      <trkpt lat="31.21720184572041034698486328125" lon="121.3877652771770954132080078125">
        <ele>12.6000003814697265625</ele>
        <time>2026-09-07T10:53:21.000Z</time>
        <extensions>
          <ns3:TrackPointExtension>
            <ns3:hr>149</ns3:hr>
            <ns3:cad>89</ns3:cad>
          </ns3:TrackPointExtension>
        </extensions>
      </trkpt>
      <trkpt lat="31.21722296811640262603759765625" lon="121.3877785205841064453125">
        <ele>12.6000003814697265625</ele>
        <time>2026-09-07T10:53:22.000Z</time>
        <extensions>
          <ns3:TrackPointExtension>
            <ns3:hr>148</ns3:hr>
            <ns3:cad>89</ns3:cad>
          </ns3:TrackPointExtension>
        </extensions>
      </trkpt>
      <trkpt lat="31.21724828146398067474365234375" lon="121.38778497464954853057861328125">
        <ele>12.6000003814697265625</ele>
        <time>2026-09-07T10:53:23.000Z</time>
        <extensions>
          <ns3:TrackPointExtension>
            <ns3:hr>148</ns3:hr>
            <ns3:cad>89</ns3:cad>
          </ns3:TrackPointExtension>
        </extensions>
      </trkpt>
      <trkpt lat="31.21726982295513153076171875" lon="121.3878001458942890167236328125">
        <ele>12.6000003814697265625</ele>
        <time>2026-09-07T10:53:24.000Z</time>
        <extensions>
          <ns3:TrackPointExtension>
            <ns3:hr>149</ns3:hr>
            <ns3:cad>90</ns3:cad>
          </ns3:TrackPointExtension>
        </extensions>
      </trkpt>
      <trkpt lat="31.21729874052107334136962890625" lon="121.3878132216632366180419921875">
        <ele>12.6000003814697265625</ele>
        <time>2026-09-07T10:53:25.000Z</time>
        <extensions>
          <ns3:TrackPointExtension>
            <ns3:hr>149</ns3:hr>
            <ns3:cad>92</ns3:cad>
          </ns3:TrackPointExtension>
        </extensions>
      </trkpt>
      <trkpt lat="31.21732723899185657501220703125" lon="121.3878162391483783721923828125">
        <ele>12.6000003814697265625</ele>
        <time>2026-09-07T10:53:26.000Z</time>
        <extensions>
          <ns3:TrackPointExtension>
            <ns3:hr>149</ns3:hr>
            <ns3:cad>93</ns3:cad>
          </ns3:TrackPointExtension>
        </extensions>
      </trkpt>
      <trkpt lat="31.21735590510070323944091796875" lon="121.38782805763185024261474609375">
        <ele>12.6000003814697265625</ele>
        <time>2026-09-07T10:53:27.000Z</time>
        <extensions>
          <ns3:TrackPointExtension>
            <ns3:hr>149</ns3:hr>
            <ns3:cad>93</ns3:cad>
          </ns3:TrackPointExtension>
        </extensions>
      </trkpt>
      <trkpt lat="31.21738515794277191162109375" lon="121.3878390379250049591064453125">
        <ele>12.6000003814697265625</ele>
        <time>2026-09-07T10:53:28.000Z</time>
        <extensions>
          <ns3:TrackPointExtension>
            <ns3:hr>148</ns3:hr>
            <ns3:cad>93</ns3:cad>
          </ns3:TrackPointExtension>
        </extensions>
      </trkpt>
      <trkpt lat="31.21741524897515773773193359375" lon="121.3878537900745868682861328125">
        <ele>12.80000019073486328125</ele>
        <time>2026-09-07T10:53:29.000Z</time>
        <extensions>
          <ns3:TrackPointExtension>
            <ns3:hr>149</ns3:hr>
            <ns3:cad>92</ns3:cad>
          </ns3:TrackPointExtension>
        </extensions>
      </trkpt>
      <trkpt lat="31.217435784637928009033203125" lon="121.3878604955971240997314453125">
        <ele>12.80000019073486328125</ele>
        <time>2026-09-07T10:53:30.000Z</time>
        <extensions>
          <ns3:TrackPointExtension>
            <ns3:hr>149</ns3:hr>
            <ns3:cad>92</ns3:cad>
          </ns3:TrackPointExtension>
        </extensions>
      </trkpt>
      <trkpt lat="31.217462606728076934814453125" lon="121.3878682069480419158935546875">
        <ele>12.80000019073486328125</ele>
        <time>2026-09-07T10:53:31.000Z</time>
        <extensions>
          <ns3:TrackPointExtension>
            <ns3:hr>149</ns3:hr>
            <ns3:cad>92</ns3:cad>
          </ns3:TrackPointExtension>
        </extensions>
      </trkpt>
      <trkpt lat="31.21748649515211582183837890625" lon="121.3878764212131500244140625">
        <ele>12.80000019073486328125</ele>
        <time>2026-09-07T10:53:32.000Z</time>
        <extensions>
          <ns3:TrackPointExtension>
            <ns3:hr>149</ns3:hr>
            <ns3:cad>92</ns3:cad>
          </ns3:TrackPointExtension>
        </extensions>
      </trkpt>
      <trkpt lat="31.217515580356121063232421875" lon="121.38788907788693904876708984375">
        <ele>12.80000019073486328125</ele>
        <time>2026-09-07T10:53:33.000Z</time>
        <extensions>
          <ns3:TrackPointExtension>
            <ns3:hr>149</ns3:hr>
            <ns3:cad>92</ns3:cad>
          </ns3:TrackPointExtension>
        </extensions>
      </trkpt>
      <trkpt lat="31.21754215098917484283447265625" lon="121.38789561577141284942626953125">
        <ele>12.80000019073486328125</ele>
        <time>2026-09-07T10:53:34.000Z</time>
        <extensions>
          <ns3:TrackPointExtension>
            <ns3:hr>150</ns3:hr>
            <ns3:cad>91</ns3:cad>
          </ns3:TrackPointExtension>
        </extensions>
      </trkpt>
      <trkpt lat="31.21757693588733673095703125" lon="121.38791522942483425140380859375">
        <ele>12.80000019073486328125</ele>
        <time>2026-09-07T10:53:35.000Z</time>
        <extensions>
          <ns3:TrackPointExtension>
            <ns3:hr>150</ns3:hr>
            <ns3:cad>89</ns3:cad>
          </ns3:TrackPointExtension>
        </extensions>
      </trkpt>
      <trkpt lat="31.21760451234877109527587890625" lon="121.3879258744418621063232421875">
        <ele>12.80000019073486328125</ele>
        <time>2026-09-07T10:53:36.000Z</time>
        <extensions>
          <ns3:TrackPointExtension>
            <ns3:hr>150</ns3:hr>
            <ns3:cad>89</ns3:cad>
          </ns3:TrackPointExtension>
        </extensions>
      </trkpt>
      <trkpt lat="31.21763703413307666778564453125" lon="121.3879443146288394927978515625">
        <ele>12.80000019073486328125</ele>
        <time>2026-09-07T10:53:37.000Z</time>
        <extensions>
          <ns3:TrackPointExtension>
            <ns3:hr>150</ns3:hr>
            <ns3:cad>89</ns3:cad>
          </ns3:TrackPointExtension>
        </extensions>
      </trkpt>
      <trkpt lat="31.217662431299686431884765625" lon="121.38794682919979095458984375">
        <ele>12.80000019073486328125</ele>
        <time>2026-09-07T10:53:38.000Z</time>
        <extensions>
          <ns3:TrackPointExtension>
            <ns3:hr>150</ns3:hr>
            <ns3:cad>91</ns3:cad>
          </ns3:TrackPointExtension>
        </extensions>
      </trkpt>
      <trkpt lat="31.21769067831337451934814453125" lon="121.387964598834514617919921875">
        <ele>12.80000019073486328125</ele>
        <time>2026-09-07T10:53:39.000Z</time>
        <extensions>
          <ns3:TrackPointExtension>
            <ns3:hr>150</ns3:hr>
            <ns3:cad>92</ns3:cad>
          </ns3:TrackPointExtension>
        </extensions>
      </trkpt>
      <trkpt lat="31.21771372854709625244140625" lon="121.3879741542041301727294921875">
        <ele>12.6000003814697265625</ele>
        <time>2026-09-07T10:53:40.000Z</time>
        <extensions>
          <ns3:TrackPointExtension>
            <ns3:hr>150</ns3:hr>
            <ns3:cad>92</ns3:cad>
          </ns3:TrackPointExtension>
        </extensions>
      </trkpt>
      <trkpt lat="31.217741556465625762939453125" lon="121.387991420924663543701171875">
        <ele>12.6000003814697265625</ele>
        <time>2026-09-07T10:53:41.000Z</time>
        <extensions>
          <ns3:TrackPointExtension>
            <ns3:hr>151</ns3:hr>
            <ns3:cad>92</ns3:cad>
          </ns3:TrackPointExtension>
        </extensions>
      </trkpt>
      <trkpt lat="31.2177698872983455657958984375" lon="121.38800374232232570648193359375">
        <ele>12.6000003814697265625</ele>
        <time>2026-09-07T10:53:42.000Z</time>
        <extensions>
          <ns3:TrackPointExtension>
            <ns3:hr>151</ns3:hr>
            <ns3:cad>92</ns3:cad>
          </ns3:TrackPointExtension>
        </extensions>
      </trkpt>
      <trkpt lat="31.21779377572238445281982421875" lon="121.38802058994770050048828125">
        <ele>12.6000003814697265625</ele>
        <time>2026-09-07T10:53:43.000Z</time>
        <extensions>
          <ns3:TrackPointExtension>
            <ns3:hr>151</ns3:hr>
            <ns3:cad>92</ns3:cad>
          </ns3:TrackPointExtension>
        </extensions>
      </trkpt>
      <trkpt lat="31.21782361529767513275146484375" lon="121.38803609646856784820556640625">
        <ele>12.6000003814697265625</ele>
        <time>2026-09-07T10:53:44.000Z</time>
        <extensions>
          <ns3:TrackPointExtension>
            <ns3:hr>152</ns3:hr>
            <ns3:cad>93</ns3:cad>
          </ns3:TrackPointExtension>
        </extensions>
      </trkpt>
      <trkpt lat="31.21784775517880916595458984375" lon="121.3880418799817562103271484375">
        <ele>12.80000019073486328125</ele>
        <time>2026-09-07T10:53:45.000Z</time>
        <extensions>
          <ns3:TrackPointExtension>
            <ns3:hr>152</ns3:hr>
            <ns3:cad>93</ns3:cad>
          </ns3:TrackPointExtension>
        </extensions>
      </trkpt>
      <trkpt lat="31.21788228861987590789794921875" lon="121.38805277645587921142578125">
        <ele>12.80000019073486328125</ele>
        <time>2026-09-07T10:53:46.000Z</time>
        <extensions>
          <ns3:TrackPointExtension>
            <ns3:hr>152</ns3:hr>
            <ns3:cad>92</ns3:cad>
          </ns3:TrackPointExtension>
        </extensions>
      </trkpt>
      <trkpt lat="31.2179060094058513641357421875" lon="121.38806342147290706634521484375">
        <ele>12.80000019073486328125</ele>
        <time>2026-09-07T10:53:47.000Z</time>
        <extensions>
          <ns3:TrackPointExtension>
            <ns3:hr>151</ns3:hr>
            <ns3:cad>92</ns3:cad>
          </ns3:TrackPointExtension>
        </extensions>
      </trkpt>
      <trkpt lat="31.2179338373243808746337890625" lon="121.38807767070829868316650390625">
        <ele>12.80000019073486328125</ele>
        <time>2026-09-07T10:53:48.000Z</time>
        <extensions>
          <ns3:TrackPointExtension>
            <ns3:hr>152</ns3:hr>
            <ns3:cad>92</ns3:cad>
          </ns3:TrackPointExtension>
        </extensions>
      </trkpt>
      <trkpt lat="31.21795873157680034637451171875" lon="121.38808823190629482269287109375">
        <ele>12.6000003814697265625</ele>
        <time>2026-09-07T10:53:49.000Z</time>
        <extensions>
          <ns3:TrackPointExtension>
            <ns3:hr>152</ns3:hr>
            <ns3:cad>92</ns3:cad>
          </ns3:TrackPointExtension>
        </extensions>
      </trkpt>
      <trkpt lat="31.21798287145793437957763671875" lon="121.38810181058943271636962890625">
        <ele>12.6000003814697265625</ele>
        <time>2026-09-07T10:53:50.000Z</time>
        <extensions>
          <ns3:TrackPointExtension>
            <ns3:hr>152</ns3:hr>
            <ns3:cad>92</ns3:cad>
          </ns3:TrackPointExtension>
        </extensions>
      </trkpt>
      <trkpt lat="31.21800952591001987457275390625" lon="121.388104073703289031982421875">
        <ele>12.6000003814697265625</ele>
        <time>2026-09-07T10:53:51.000Z</time>
        <extensions>
          <ns3:TrackPointExtension>
            <ns3:hr>152</ns3:hr>
            <ns3:cad>93</ns3:cad>
          </ns3:TrackPointExtension>
        </extensions>
      </trkpt>
      <trkpt lat="31.21803534217178821563720703125" lon="121.3881122879683971405029296875">
        <ele>12.6000003814697265625</ele>
        <time>2026-09-07T10:53:52.000Z</time>
        <extensions>
          <ns3:TrackPointExtension>
            <ns3:hr>152</ns3:hr>
            <ns3:cad>93</ns3:cad>
          </ns3:TrackPointExtension>
        </extensions>
      </trkpt>
      <trkpt lat="31.21806015260517597198486328125" lon="121.38811446726322174072265625">
        <ele>12.6000003814697265625</ele>
        <time>2026-09-07T10:53:53.000Z</time>
        <extensions>
          <ns3:TrackPointExtension>
            <ns3:hr>152</ns3:hr>
            <ns3:cad>93</ns3:cad>
          </ns3:TrackPointExtension>
        </extensions>
      </trkpt>
      <trkpt lat="31.21809192001819610595703125" lon="121.38812125660479068756103515625">
        <ele>12.6000003814697265625</ele>
        <time>2026-09-07T10:53:54.000Z</time>
        <extensions>
          <ns3:TrackPointExtension>
            <ns3:hr>152</ns3:hr>
            <ns3:cad>91</ns3:cad>
          </ns3:TrackPointExtension>
        </extensions>
      </trkpt>
      <trkpt lat="31.21812217868864536285400390625" lon="121.3881230168044567108154296875">
        <ele>12.6000003814697265625</ele>
        <time>2026-09-07T10:53:55.000Z</time>
        <extensions>
          <ns3:TrackPointExtension>
            <ns3:hr>152</ns3:hr>
            <ns3:cad>91</ns3:cad>
          </ns3:TrackPointExtension>
        </extensions>
      </trkpt>
      <trkpt lat="31.21814690530300140380859375" lon="121.38814757578074932098388671875">
        <ele>12.6000003814697265625</ele>
        <time>2026-09-07T10:53:56.000Z</time>
        <extensions>
          <ns3:TrackPointExtension>
            <ns3:hr>152</ns3:hr>
            <ns3:cad>91</ns3:cad>
          </ns3:TrackPointExtension>
        </extensions>
      </trkpt>
      <trkpt lat="31.21817247010767459869384765625" lon="121.388163752853870391845703125">
        <ele>12.3999996185302734375</ele>
        <time>2026-09-07T10:53:57.000Z</time>
        <extensions>
          <ns3:TrackPointExtension>
            <ns3:hr>152</ns3:hr>
            <ns3:cad>93</ns3:cad>
          </ns3:TrackPointExtension>
        </extensions>
      </trkpt>
      <trkpt lat="31.21819744817912578582763671875" lon="121.38817347586154937744140625">
        <ele>12.3999996185302734375</ele>
        <time>2026-09-07T10:53:58.000Z</time>
        <extensions>
          <ns3:TrackPointExtension>
            <ns3:hr>153</ns3:hr>
            <ns3:cad>93</ns3:cad>
          </ns3:TrackPointExtension>
        </extensions>
      </trkpt>
      <trkpt lat="31.21822737157344818115234375" lon="121.38819015584886074066162109375">
        <ele>12.3999996185302734375</ele>
        <time>2026-09-07T10:53:59.000Z</time>
        <extensions>
          <ns3:TrackPointExtension>
            <ns3:hr>153</ns3:hr>
            <ns3:cad>92</ns3:cad>
          </ns3:TrackPointExtension>
        </extensions>
      </trkpt>
      <trkpt lat="31.2182496674358844757080078125" lon="121.3882058300077915191650390625">
        <ele>12.3999996185302734375</ele>
        <time>2026-09-07T10:54:00.000Z</time>
        <extensions>
          <ns3:TrackPointExtension>
            <ns3:hr>153</ns3:hr>
            <ns3:cad>92</ns3:cad>
          </ns3:TrackPointExtension>
        </extensions>
      </trkpt>
      <trkpt lat="31.21827590279281139373779296875" lon="121.3882224261760711669921875">
        <ele>12.6000003814697265625</ele>
        <time>2026-09-07T10:54:01.000Z</time>
        <extensions>
          <ns3:TrackPointExtension>
            <ns3:hr>153</ns3:hr>
            <ns3:cad>92</ns3:cad>
          </ns3:TrackPointExtension>
        </extensions>
      </trkpt>
      <trkpt lat="31.21830021031200885772705078125" lon="121.3882291316986083984375">
        <ele>12.6000003814697265625</ele>
        <time>2026-09-07T10:54:02.000Z</time>
        <extensions>
          <ns3:TrackPointExtension>
            <ns3:hr>153</ns3:hr>
            <ns3:cad>92</ns3:cad>
          </ns3:TrackPointExtension>
        </extensions>
      </trkpt>
      <trkpt lat="31.21832770295441150665283203125" lon="121.38824522495269775390625">
        <ele>12.80000019073486328125</ele>
        <time>2026-09-07T10:54:03.000Z</time>
        <extensions>
          <ns3:TrackPointExtension>
            <ns3:hr>153</ns3:hr>
            <ns3:cad>94</ns3:cad>
          </ns3:TrackPointExtension>
        </extensions>
      </trkpt>
      <trkpt lat="31.21835016645491123199462890625" lon="121.38824648223817348480224609375">
        <ele>12.80000019073486328125</ele>
        <time>2026-09-07T10:54:04.000Z</time>
        <extensions>
          <ns3:TrackPointExtension>
            <ns3:hr>153</ns3:hr>
            <ns3:cad>94</ns3:cad>
          </ns3:TrackPointExtension>
        </extensions>
      </trkpt>
      <trkpt lat="31.2183797545731067657470703125" lon="121.3882534392178058624267578125">
        <ele>13</ele>
        <time>2026-09-07T10:54:05.000Z</time>
        <extensions>
          <ns3:TrackPointExtension>
            <ns3:hr>153</ns3:hr>
            <ns3:cad>94</ns3:cad>
          </ns3:TrackPointExtension>
        </extensions>
      </trkpt>
      <trkpt lat="31.21840414591133594512939453125" lon="121.38825402595102787017822265625">
        <ele>13</ele>
        <time>2026-09-07T10:54:06.000Z</time>
        <extensions>
          <ns3:TrackPointExtension>
            <ns3:hr>154</ns3:hr>
            <ns3:cad>93</ns3:cad>
          </ns3:TrackPointExtension>
        </extensions>
      </trkpt>
      <trkpt lat="31.21842744760215282440185546875" lon="121.388261318206787109375">
        <ele>13</ele>
        <time>2026-09-07T10:54:07.000Z</time>
        <extensions>
          <ns3:TrackPointExtension>
            <ns3:hr>153</ns3:hr>
            <ns3:cad>92</ns3:cad>
          </ns3:TrackPointExtension>
        </extensions>
      </trkpt>
      <trkpt lat="31.21845535933971405029296875" lon="121.3882712088525295257568359375">
        <ele>13</ele>
        <time>2026-09-07T10:54:08.000Z</time>
        <extensions>
          <ns3:TrackPointExtension>
            <ns3:hr>153</ns3:hr>
            <ns3:cad>92</ns3:cad>
          </ns3:TrackPointExtension>
        </extensions>
      </trkpt>
      <trkpt lat="31.2184823490679264068603515625" lon="121.38828252442181110382080078125">
        <ele>13</ele>
        <time>2026-09-07T10:54:09.000Z</time>
        <extensions>
          <ns3:TrackPointExtension>
            <ns3:hr>154</ns3:hr>
            <ns3:cad>92</ns3:cad>
          </ns3:TrackPointExtension>
        </extensions>
      </trkpt>
      <trkpt lat="31.218514703214168548583984375" lon="121.388287134468555450439453125">
        <ele>13</ele>
        <time>2026-09-07T10:54:10.000Z</time>
        <extensions>
          <ns3:TrackPointExtension>
            <ns3:hr>153</ns3:hr>
            <ns3:cad>93</ns3:cad>
          </ns3:TrackPointExtension>
        </extensions>
      </trkpt>
      <trkpt lat="31.21854445897042751312255859375" lon="121.38829275034368038177490234375">
        <ele>13</ele>
        <time>2026-09-07T10:54:11.000Z</time>
        <extensions>
          <ns3:TrackPointExtension>
            <ns3:hr>153</ns3:hr>
            <ns3:cad>93</ns3:cad>
          </ns3:TrackPointExtension>
        </extensions>
      </trkpt>
      <trkpt lat="31.218580417335033416748046875" lon="121.388300545513629913330078125">
        <ele>13</ele>
        <time>2026-09-07T10:54:12.000Z</time>
        <extensions>
          <ns3:TrackPointExtension>
            <ns3:hr>154</ns3:hr>
            <ns3:cad>91</ns3:cad>
          </ns3:TrackPointExtension>
        </extensions>
      </trkpt>
      <trkpt lat="31.21861067600548267364501953125" lon="121.3883077539503574371337890625">
        <ele>12.80000019073486328125</ele>
        <time>2026-09-07T10:54:13.000Z</time>
        <extensions>
          <ns3:TrackPointExtension>
            <ns3:hr>154</ns3:hr>
            <ns3:cad>91</ns3:cad>
          </ns3:TrackPointExtension>
        </extensions>
      </trkpt>
      <trkpt lat="31.218641437590122222900390625" lon="121.38831404037773609161376953125">
        <ele>12.80000019073486328125</ele>
        <time>2026-09-07T10:54:14.000Z</time>
        <extensions>
          <ns3:TrackPointExtension>
            <ns3:hr>154</ns3:hr>
            <ns3:cad>91</ns3:cad>
          </ns3:TrackPointExtension>
        </extensions>
      </trkpt>
      <trkpt lat="31.21866415254771709442138671875" lon="121.38832041062414646148681640625">
        <ele>12.6000003814697265625</ele>
        <time>2026-09-07T10:54:15.000Z</time>
        <extensions>
          <ns3:TrackPointExtension>
            <ns3:hr>153</ns3:hr>
            <ns3:cad>91</ns3:cad>
          </ns3:TrackPointExtension>
        </extensions>
      </trkpt>
      <trkpt lat="31.21869382448494434356689453125" lon="121.38832896016538143157958984375">
        <ele>12.6000003814697265625</ele>
        <time>2026-09-07T10:54:16.000Z</time>
        <extensions>
          <ns3:TrackPointExtension>
            <ns3:hr>153</ns3:hr>
            <ns3:cad>92</ns3:cad>
          </ns3:TrackPointExtension>
        </extensions>
      </trkpt>
      <trkpt lat="31.21871712617576122283935546875" lon="121.38833046890795230865478515625">
        <ele>12.6000003814697265625</ele>
        <time>2026-09-07T10:54:17.000Z</time>
        <extensions>
          <ns3:TrackPointExtension>
            <ns3:hr>153</ns3:hr>
            <ns3:cad>92</ns3:cad>
          </ns3:TrackPointExtension>
        </extensions>
      </trkpt>
      <trkpt lat="31.2187455408275127410888671875" lon="121.38834354467689990997314453125">
        <ele>12.6000003814697265625</ele>
        <time>2026-09-07T10:54:18.000Z</time>
        <extensions>
          <ns3:TrackPointExtension>
            <ns3:hr>154</ns3:hr>
            <ns3:cad>91</ns3:cad>
          </ns3:TrackPointExtension>
        </extensions>
      </trkpt>
      <trkpt lat="31.21876825578510761260986328125" lon="121.38834522105753421783447265625">
        <ele>12.6000003814697265625</ele>
        <time>2026-09-07T10:54:19.000Z</time>
        <extensions>
          <ns3:TrackPointExtension>
            <ns3:hr>153</ns3:hr>
            <ns3:cad>91</ns3:cad>
          </ns3:TrackPointExtension>
        </extensions>
      </trkpt>
      <trkpt lat="31.21879641897976398468017578125" lon="121.3883533515036106109619140625">
        <ele>12.6000003814697265625</ele>
        <time>2026-09-07T10:54:20.000Z</time>
        <extensions>
          <ns3:TrackPointExtension>
            <ns3:hr>153</ns3:hr>
            <ns3:cad>91</ns3:cad>
          </ns3:TrackPointExtension>
        </extensions>
      </trkpt>
      <trkpt lat="31.218821145594120025634765625" lon="121.38835729099810123443603515625">
        <ele>12.6000003814697265625</ele>
        <time>2026-09-07T10:54:21.000Z</time>
        <extensions>
          <ns3:TrackPointExtension>
            <ns3:hr>153</ns3:hr>
            <ns3:cad>92</ns3:cad>
          </ns3:TrackPointExtension>
        </extensions>
      </trkpt>
      <trkpt lat="31.2188501469790935516357421875" lon="121.3883637450635433197021484375">
        <ele>12.80000019073486328125</ele>
        <time>2026-09-07T10:54:22.000Z</time>
        <extensions>
          <ns3:TrackPointExtension>
            <ns3:hr>154</ns3:hr>
            <ns3:cad>94</ns3:cad>
          </ns3:TrackPointExtension>
        </extensions>
      </trkpt>
      <trkpt lat="31.21887722052633762359619140625" lon="121.388368941843509674072265625">
        <ele>12.80000019073486328125</ele>
        <time>2026-09-07T10:54:23.000Z</time>
        <extensions>
          <ns3:TrackPointExtension>
            <ns3:hr>154</ns3:hr>
            <ns3:cad>94</ns3:cad>
          </ns3:TrackPointExtension>
        </extensions>
      </trkpt>
      <trkpt lat="31.21890773065388202667236328125" lon="121.38837288133800029754638671875">
        <ele>12.80000019073486328125</ele>
        <time>2026-09-07T10:54:24.000Z</time>
        <extensions>
          <ns3:TrackPointExtension>
            <ns3:hr>154</ns3:hr>
            <ns3:cad>91</ns3:cad>
          </ns3:TrackPointExtension>
        </extensions>
      </trkpt>
      <trkpt lat="31.21893237344920635223388671875" lon="121.38837807811796665191650390625">
        <ele>12.80000019073486328125</ele>
        <time>2026-09-07T10:54:25.000Z</time>
        <extensions>
          <ns3:TrackPointExtension>
            <ns3:hr>155</ns3:hr>
            <ns3:cad>91</ns3:cad>
          </ns3:TrackPointExtension>
        </extensions>
      </trkpt>
      <trkpt lat="31.21895818971097469329833984375" lon="121.38837187550961971282958984375">
        <ele>13</ele>
        <time>2026-09-07T10:54:26.000Z</time>
        <extensions>
          <ns3:TrackPointExtension>
            <ns3:hr>155</ns3:hr>
            <ns3:cad>91</ns3:cad>
          </ns3:TrackPointExtension>
        </extensions>
      </trkpt>
      <trkpt lat="31.21898501180112361907958984375" lon="121.38837120495736598968505859375">
        <ele>12.80000019073486328125</ele>
        <time>2026-09-07T10:54:27.000Z</time>
        <extensions>
          <ns3:TrackPointExtension>
            <ns3:hr>155</ns3:hr>
            <ns3:cad>91</ns3:cad>
          </ns3:TrackPointExtension>
        </extensions>
      </trkpt>
      <trkpt lat="31.21901451610028743743896484375" lon="121.38836785219609737396240234375">
        <ele>12.80000019073486328125</ele>
        <time>2026-09-07T10:54:28.000Z</time>
        <extensions>
          <ns3:TrackPointExtension>
            <ns3:hr>155</ns3:hr>
            <ns3:cad>92</ns3:cad>
          </ns3:TrackPointExtension>
        </extensions>
      </trkpt>
      <trkpt lat="31.2190415896475315093994140625" lon="121.3883686065673828125">
        <ele>12.80000019073486328125</ele>
        <time>2026-09-07T10:54:29.000Z</time>
        <extensions>
          <ns3:TrackPointExtension>
            <ns3:hr>154</ns3:hr>
            <ns3:cad>94</ns3:cad>
          </ns3:TrackPointExtension>
        </extensions>
      </trkpt>
      <trkpt lat="31.2190657295286655426025390625" lon="121.38836651109158992767333984375">
        <ele>12.80000019073486328125</ele>
        <time>2026-09-07T10:54:30.000Z</time>
        <extensions>
          <ns3:TrackPointExtension>
            <ns3:hr>155</ns3:hr>
            <ns3:cad>94</ns3:cad>
          </ns3:TrackPointExtension>
        </extensions>
      </trkpt>
      <trkpt lat="31.2190955691039562225341796875" lon="121.38836969621479511260986328125">
        <ele>12.80000019073486328125</ele>
        <time>2026-09-07T10:54:31.000Z</time>
        <extensions>
          <ns3:TrackPointExtension>
            <ns3:hr>155</ns3:hr>
            <ns3:cad>93</ns3:cad>
          </ns3:TrackPointExtension>
        </extensions>
      </trkpt>
      <trkpt lat="31.2191200442612171173095703125" lon="121.38836567290127277374267578125">
        <ele>12.80000019073486328125</ele>
        <time>2026-09-07T10:54:32.000Z</time>
        <extensions>
          <ns3:TrackPointExtension>
            <ns3:hr>155</ns3:hr>
            <ns3:cad>92</ns3:cad>
          </ns3:TrackPointExtension>
        </extensions>
      </trkpt>
      <trkpt lat="31.2191455252468585968017578125" lon="121.388365924358367919921875">
        <ele>12.80000019073486328125</ele>
        <time>2026-09-07T10:54:33.000Z</time>
        <extensions>
          <ns3:TrackPointExtension>
            <ns3:hr>155</ns3:hr>
            <ns3:cad>91</ns3:cad>
          </ns3:TrackPointExtension>
        </extensions>
      </trkpt>
      <trkpt lat="31.21916480362415313720703125" lon="121.38836667872965335845947265625">
        <ele>12.6000003814697265625</ele>
        <time>2026-09-07T10:54:34.000Z</time>
        <extensions>
          <ns3:TrackPointExtension>
            <ns3:hr>155</ns3:hr>
            <ns3:cad>91</ns3:cad>
          </ns3:TrackPointExtension>
        </extensions>
      </trkpt>
      <trkpt lat="31.2191891111433506011962890625" lon="121.38836902566254138946533203125">
        <ele>12.6000003814697265625</ele>
        <time>2026-09-07T10:54:35.000Z</time>
        <extensions>
          <ns3:TrackPointExtension>
            <ns3:hr>155</ns3:hr>
            <ns3:cad>91</ns3:cad>
          </ns3:TrackPointExtension>
        </extensions>
      </trkpt>
      <trkpt lat="31.21920797042548656463623046875" lon="121.3883657567203044891357421875">
        <ele>12.6000003814697265625</ele>
        <time>2026-09-07T10:54:36.000Z</time>
        <extensions>
          <ns3:TrackPointExtension>
            <ns3:hr>155</ns3:hr>
            <ns3:cad>91</ns3:cad>
          </ns3:TrackPointExtension>
        </extensions>
      </trkpt>
      <trkpt lat="31.21923479251563549041748046875" lon="121.38836483471095561981201171875">
        <ele>12.6000003814697265625</ele>
        <time>2026-09-07T10:54:37.000Z</time>
        <extensions>
          <ns3:TrackPointExtension>
            <ns3:hr>155</ns3:hr>
            <ns3:cad>90</ns3:cad>
          </ns3:TrackPointExtension>
        </extensions>
      </trkpt>
      <trkpt lat="31.2192551605403423309326171875" lon="121.38836324214935302734375">
        <ele>12.80000019073486328125</ele>
        <time>2026-09-07T10:54:38.000Z</time>
        <extensions>
          <ns3:TrackPointExtension>
            <ns3:hr>155</ns3:hr>
            <ns3:cad>90</ns3:cad>
          </ns3:TrackPointExtension>
        </extensions>
      </trkpt>
      <trkpt lat="31.2192846648395061492919921875" lon="121.38835695572197437286376953125">
        <ele>12.80000019073486328125</ele>
        <time>2026-09-07T10:54:39.000Z</time>
        <extensions>
          <ns3:TrackPointExtension>
            <ns3:hr>155</ns3:hr>
            <ns3:cad>90</ns3:cad>
          </ns3:TrackPointExtension>
        </extensions>
      </trkpt>
      <trkpt lat="31.21930771507322788238525390625" lon="121.38834857381880283355712890625">
        <ele>12.80000019073486328125</ele>
        <time>2026-09-07T10:54:40.000Z</time>
        <extensions>
          <ns3:TrackPointExtension>
            <ns3:hr>155</ns3:hr>
            <ns3:cad>90</ns3:cad>
          </ns3:TrackPointExtension>
        </extensions>
      </trkpt>
      <trkpt lat="31.21933512389659881591796875" lon="121.38835041783750057220458984375">
        <ele>12.80000019073486328125</ele>
        <time>2026-09-07T10:54:41.000Z</time>
        <extensions>
          <ns3:TrackPointExtension>
            <ns3:hr>155</ns3:hr>
            <ns3:cad>91</ns3:cad>
          </ns3:TrackPointExtension>
        </extensions>
      </trkpt>
      <trkpt lat="31.21936135925352573394775390625" lon="121.388348825275897979736328125">
        <ele>13</ele>
        <time>2026-09-07T10:54:42.000Z</time>
        <extensions>
          <ns3:TrackPointExtension>
            <ns3:hr>154</ns3:hr>
            <ns3:cad>91</ns3:cad>
          </ns3:TrackPointExtension>
        </extensions>
      </trkpt>
      <trkpt lat="31.21938985772430896759033203125" lon="121.38834924437105655670166015625">
        <ele>12.80000019073486328125</ele>
        <time>2026-09-07T10:54:43.000Z</time>
        <extensions>
          <ns3:TrackPointExtension>
            <ns3:hr>154</ns3:hr>
            <ns3:cad>91</ns3:cad>
          </ns3:TrackPointExtension>
        </extensions>
      </trkpt>
      <trkpt lat="31.21941751800477504730224609375" lon="121.3883463107049465179443359375">
        <ele>12.80000019073486328125</ele>
        <time>2026-09-07T10:54:44.000Z</time>
        <extensions>
          <ns3:TrackPointExtension>
            <ns3:hr>154</ns3:hr>
            <ns3:cad>91</ns3:cad>
          </ns3:TrackPointExtension>
        </extensions>
      </trkpt>
      <trkpt lat="31.21945003978908061981201171875" lon="121.38834781944751739501953125">
        <ele>12.80000019073486328125</ele>
        <time>2026-09-07T10:54:45.000Z</time>
        <extensions>
          <ns3:TrackPointExtension>
            <ns3:hr>155</ns3:hr>
            <ns3:cad>92</ns3:cad>
          </ns3:TrackPointExtension>
        </extensions>
      </trkpt>
      <trkpt lat="31.21947334147989749908447265625" lon="121.38834756799042224884033203125">
        <ele>12.80000019073486328125</ele>
        <time>2026-09-07T10:54:46.000Z</time>
        <extensions>
          <ns3:TrackPointExtension>
            <ns3:hr>155</ns3:hr>
            <ns3:cad>92</ns3:cad>
          </ns3:TrackPointExtension>
        </extensions>
      </trkpt>
      <trkpt lat="31.21950251050293445587158203125" lon="121.388347484171390533447265625">
        <ele>13</ele>
        <time>2026-09-07T10:54:47.000Z</time>
        <extensions>
          <ns3:TrackPointExtension>
            <ns3:hr>155</ns3:hr>
            <ns3:cad>93</ns3:cad>
          </ns3:TrackPointExtension>
        </extensions>
      </trkpt>
      <trkpt lat="31.21953218244016170501708984375" lon="121.38834513723850250244140625">
        <ele>13</ele>
        <time>2026-09-07T10:54:48.000Z</time>
        <extensions>
          <ns3:TrackPointExtension>
            <ns3:hr>154</ns3:hr>
            <ns3:cad>93</ns3:cad>
          </ns3:TrackPointExtension>
        </extensions>
      </trkpt>
      <trkpt lat="31.219555400311946868896484375" lon="121.38834656216204166412353515625">
        <ele>13</ele>
        <time>2026-09-07T10:54:49.000Z</time>
        <extensions>
          <ns3:TrackPointExtension>
            <ns3:hr>155</ns3:hr>
            <ns3:cad>92</ns3:cad>
          </ns3:TrackPointExtension>
        </extensions>
      </trkpt>
      <trkpt lat="31.2195833958685398101806640625" lon="121.3883463107049465179443359375">
        <ele>13.19999980926513671875</ele>
        <time>2026-09-07T10:54:50.000Z</time>
        <extensions>
          <ns3:TrackPointExtension>
            <ns3:hr>154</ns3:hr>
            <ns3:cad>91</ns3:cad>
          </ns3:TrackPointExtension>
        </extensions>
      </trkpt>
      <trkpt lat="31.21960829012095928192138671875" lon="121.3883469812572002410888671875">
        <ele>13.19999980926513671875</ele>
        <time>2026-09-07T10:54:51.000Z</time>
        <extensions>
          <ns3:TrackPointExtension>
            <ns3:hr>154</ns3:hr>
            <ns3:cad>90</ns3:cad>
          </ns3:TrackPointExtension>
        </extensions>
      </trkpt>
      <trkpt lat="31.219632513821125030517578125" lon="121.38835175894200801849365234375">
        <ele>13.19999980926513671875</ele>
        <time>2026-09-07T10:54:52.000Z</time>
        <extensions>
          <ns3:TrackPointExtension>
            <ns3:hr>155</ns3:hr>
            <ns3:cad>89</ns3:cad>
          </ns3:TrackPointExtension>
        </extensions>
      </trkpt>
      <trkpt lat="31.21965757571160793304443359375" lon="121.38835578225553035736083984375">
        <ele>13.19999980926513671875</ele>
        <time>2026-09-07T10:54:53.000Z</time>
        <extensions>
          <ns3:TrackPointExtension>
            <ns3:hr>155</ns3:hr>
            <ns3:cad>89</ns3:cad>
          </ns3:TrackPointExtension>
        </extensions>
      </trkpt>
      <trkpt lat="31.219682134687900543212890625" lon="121.38835259713232517242431640625">
        <ele>13</ele>
        <time>2026-09-07T10:54:54.000Z</time>
        <extensions>
          <ns3:TrackPointExtension>
            <ns3:hr>154</ns3:hr>
            <ns3:cad>90</ns3:cad>
          </ns3:TrackPointExtension>
        </extensions>
      </trkpt>
      <trkpt lat="31.21970937587320804595947265625" lon="121.38835326768457889556884765625">
        <ele>13</ele>
        <time>2026-09-07T10:54:55.000Z</time>
        <extensions>
          <ns3:TrackPointExtension>
            <ns3:hr>154</ns3:hr>
            <ns3:cad>90</ns3:cad>
          </ns3:TrackPointExtension>
        </extensions>
      </trkpt>
      <trkpt lat="31.2197352759540081024169921875" lon="121.38835318386554718017578125">
        <ele>13</ele>
        <time>2026-09-07T10:54:56.000Z</time>
        <extensions>
          <ns3:TrackPointExtension>
            <ns3:hr>154</ns3:hr>
            <ns3:cad>89</ns3:cad>
          </ns3:TrackPointExtension>
        </extensions>
      </trkpt>
      <trkpt lat="31.2197634391486644744873046875" lon="121.38835460878908634185791015625">
        <ele>13</ele>
        <time>2026-09-07T10:54:57.000Z</time>
        <extensions>
          <ns3:TrackPointExtension>
            <ns3:hr>155</ns3:hr>
            <ns3:cad>88</ns3:cad>
          </ns3:TrackPointExtension>
        </extensions>
      </trkpt>
      <trkpt lat="31.2197904288768768310546875" lon="121.38834907673299312591552734375">
        <ele>13</ele>
        <time>2026-09-07T10:54:58.000Z</time>
        <extensions>
          <ns3:TrackPointExtension>
            <ns3:hr>154</ns3:hr>
            <ns3:cad>88</ns3:cad>
          </ns3:TrackPointExtension>
        </extensions>
      </trkpt>
      <trkpt lat="31.21981867589056491851806640625" lon="121.3883463107049465179443359375">
        <ele>13.19999980926513671875</ele>
        <time>2026-09-07T10:54:59.000Z</time>
        <extensions>
          <ns3:TrackPointExtension>
            <ns3:hr>154</ns3:hr>
            <ns3:cad>88</ns3:cad>
          </ns3:TrackPointExtension>
        </extensions>
      </trkpt>
      <trkpt lat="31.2198440730571746826171875" lon="121.38833818025887012481689453125">
        <ele>13.19999980926513671875</ele>
        <time>2026-09-07T10:55:00.000Z</time>
        <extensions>
          <ns3:TrackPointExtension>
            <ns3:hr>154</ns3:hr>
            <ns3:cad>90</ns3:cad>
          </ns3:TrackPointExtension>
        </extensions>
      </trkpt>
      <trkpt lat="31.21987030841410160064697265625" lon="121.38832225464284420013427734375">
        <ele>13.19999980926513671875</ele>
        <time>2026-09-07T10:55:01.000Z</time>
        <extensions>
          <ns3:TrackPointExtension>
            <ns3:hr>155</ns3:hr>
            <ns3:cad>90</ns3:cad>
          </ns3:TrackPointExtension>
        </extensions>
      </trkpt>
      <trkpt lat="31.219878606498241424560546875" lon="121.38830364681780338287353515625">
        <ele>13.19999980926513671875</ele>
        <time>2026-09-07T10:55:02.000Z</time>
        <extensions>
          <ns3:TrackPointExtension>
            <ns3:hr>154</ns3:hr>
            <ns3:cad>89</ns3:cad>
          </ns3:TrackPointExtension>
        </extensions>
      </trkpt>
      <trkpt lat="31.219886653125286102294921875" lon="121.38827196322381496429443359375">
        <ele>13.3999996185302734375</ele>
        <time>2026-09-07T10:55:03.000Z</time>
        <extensions>
          <ns3:TrackPointExtension>
            <ns3:hr>154</ns3:hr>
            <ns3:cad>88</ns3:cad>
          </ns3:TrackPointExtension>
        </extensions>
      </trkpt>
      <trkpt lat="31.21989377774298191070556640625" lon="121.38824857771396636962890625">
        <ele>13.3999996185302734375</ele>
        <time>2026-09-07T10:55:04.000Z</time>
        <extensions>
          <ns3:TrackPointExtension>
            <ns3:hr>154</ns3:hr>
            <ns3:cad>88</ns3:cad>
          </ns3:TrackPointExtension>
        </extensions>
      </trkpt>
      <trkpt lat="31.21989713050425052642822265625" lon="121.38822049833834171295166015625">
        <ele>13.6000003814697265625</ele>
        <time>2026-09-07T10:55:05.000Z</time>
        <extensions>
          <ns3:TrackPointExtension>
            <ns3:hr>154</ns3:hr>
            <ns3:cad>86</ns3:cad>
          </ns3:TrackPointExtension>
        </extensions>
      </trkpt>
      <trkpt lat="31.219901740550994873046875" lon="121.3881927542388439178466796875">
        <ele>13.6000003814697265625</ele>
        <time>2026-09-07T10:55:06.000Z</time>
        <extensions>
          <ns3:TrackPointExtension>
            <ns3:hr>154</ns3:hr>
            <ns3:cad>85</ns3:cad>
          </ns3:TrackPointExtension>
        </extensions>
      </trkpt>
      <trkpt lat="31.21990232728421688079833984375" lon="121.38816266320645809173583984375">
        <ele>13.6000003814697265625</ele>
        <time>2026-09-07T10:55:07.000Z</time>
        <extensions>
          <ns3:TrackPointExtension>
            <ns3:hr>153</ns3:hr>
            <ns3:cad>85</ns3:cad>
          </ns3:TrackPointExtension>
        </extensions>
      </trkpt>
      <trkpt lat="31.2199052609503269195556640625" lon="121.38813550584018230438232421875">
        <ele>13.6000003814697265625</ele>
        <time>2026-09-07T10:55:08.000Z</time>
        <extensions>
          <ns3:TrackPointExtension>
            <ns3:hr>154</ns3:hr>
            <ns3:cad>86</ns3:cad>
          </ns3:TrackPointExtension>
        </extensions>
      </trkpt>
      <trkpt lat="31.21990534476935863494873046875" lon="121.388106755912303924560546875">
        <ele>13.6000003814697265625</ele>
        <time>2026-09-07T10:55:09.000Z</time>
        <extensions>
          <ns3:TrackPointExtension>
            <ns3:hr>154</ns3:hr>
            <ns3:cad>87</ns3:cad>
          </ns3:TrackPointExtension>
        </extensions>
      </trkpt>
      <trkpt lat="31.219903416931629180908203125" lon="121.38807817362248897552490234375">
        <ele>13.6000003814697265625</ele>
        <time>2026-09-07T10:55:10.000Z</time>
        <extensions>
          <ns3:TrackPointExtension>
            <ns3:hr>154</ns3:hr>
            <ns3:cad>87</ns3:cad>
          </ns3:TrackPointExtension>
        </extensions>
      </trkpt>
      <trkpt lat="31.21990199200809001922607421875" lon="121.38804431073367595672607421875">
        <ele>13.6000003814697265625</ele>
        <time>2026-09-07T10:55:11.000Z</time>
        <extensions>
          <ns3:TrackPointExtension>
            <ns3:hr>153</ns3:hr>
            <ns3:cad>89</ns3:cad>
          </ns3:TrackPointExtension>
        </extensions>
      </trkpt>
      <trkpt lat="31.2199005670845508575439453125" lon="121.38801564462482929229736328125">
        <ele>13.6000003814697265625</ele>
        <time>2026-09-07T10:55:12.000Z</time>
        <extensions>
          <ns3:TrackPointExtension>
            <ns3:hr>154</ns3:hr>
            <ns3:cad>90</ns3:cad>
          </ns3:TrackPointExtension>
        </extensions>
      </trkpt>
      <trkpt lat="31.21989847160875797271728515625" lon="121.3879852183163166046142578125">
        <ele>13.6000003814697265625</ele>
        <time>2026-09-07T10:55:13.000Z</time>
        <extensions>
          <ns3:TrackPointExtension>
            <ns3:hr>154</ns3:hr>
            <ns3:cad>90</ns3:cad>
          </ns3:TrackPointExtension>
        </extensions>
      </trkpt>
      <trkpt lat="31.21989612467586994171142578125" lon="121.387960575520992279052734375">
        <ele>13.6000003814697265625</ele>
        <time>2026-09-07T10:55:14.000Z</time>
        <extensions>
          <ns3:TrackPointExtension>
            <ns3:hr>154</ns3:hr>
            <ns3:cad>90</ns3:cad>
          </ns3:TrackPointExtension>
        </extensions>
      </trkpt>
      <trkpt lat="31.2198968790471553802490234375" lon="121.3879327476024627685546875">
        <ele>13.6000003814697265625</ele>
        <time>2026-09-07T10:55:15.000Z</time>
        <extensions>
          <ns3:TrackPointExtension>
            <ns3:hr>153</ns3:hr>
            <ns3:cad>90</ns3:cad>
          </ns3:TrackPointExtension>
        </extensions>
      </trkpt>
      <trkpt lat="31.21990106999874114990234375" lon="121.38790584169328212738037109375">
        <ele>13.6000003814697265625</ele>
        <time>2026-09-07T10:55:16.000Z</time>
        <extensions>
          <ns3:TrackPointExtension>
            <ns3:hr>153</ns3:hr>
            <ns3:cad>90</ns3:cad>
          </ns3:TrackPointExtension>
        </extensions>
      </trkpt>
      <trkpt lat="31.219906099140644073486328125" lon="121.38787516392767429351806640625">
        <ele>13.6000003814697265625</ele>
        <time>2026-09-07T10:55:17.000Z</time>
        <extensions>
          <ns3:TrackPointExtension>
            <ns3:hr>153</ns3:hr>
            <ns3:cad>90</ns3:cad>
          </ns3:TrackPointExtension>
        </extensions>
      </trkpt>
      <trkpt lat="31.21990869753062725067138671875" lon="121.38784599490463733673095703125">
        <ele>13.6000003814697265625</ele>
        <time>2026-09-07T10:55:18.000Z</time>
        <extensions>
          <ns3:TrackPointExtension>
            <ns3:hr>153</ns3:hr>
            <ns3:cad>90</ns3:cad>
          </ns3:TrackPointExtension>
        </extensions>
      </trkpt>
      <trkpt lat="31.21991154737770557403564453125" lon="121.387814395129680633544921875">
        <ele>13.3999996185302734375</ele>
        <time>2026-09-07T10:55:19.000Z</time>
        <extensions>
          <ns3:TrackPointExtension>
            <ns3:hr>153</ns3:hr>
            <ns3:cad>91</ns3:cad>
          </ns3:TrackPointExtension>
        </extensions>
      </trkpt>
      <trkpt lat="31.21990635059773921966552734375" lon="121.3877900876104831695556640625">
        <ele>13.3999996185302734375</ele>
        <time>2026-09-07T10:55:20.000Z</time>
        <extensions>
          <ns3:TrackPointExtension>
            <ns3:hr>154</ns3:hr>
            <ns3:cad>91</ns3:cad>
          </ns3:TrackPointExtension>
        </extensions>
      </trkpt>
      <trkpt lat="31.219896711409091949462890625" lon="121.3877595774829387664794921875">
        <ele>13.3999996185302734375</ele>
        <time>2026-09-07T10:55:21.000Z</time>
        <extensions>
          <ns3:TrackPointExtension>
            <ns3:hr>153</ns3:hr>
            <ns3:cad>90</ns3:cad>
          </ns3:TrackPointExtension>
        </extensions>
      </trkpt>
      <trkpt lat="31.21989361010491847991943359375" lon="121.387738287448883056640625">
        <ele>13.3999996185302734375</ele>
        <time>2026-09-07T10:55:22.000Z</time>
        <extensions>
          <ns3:TrackPointExtension>
            <ns3:hr>153</ns3:hr>
            <ns3:cad>90</ns3:cad>
          </ns3:TrackPointExtension>
        </extensions>
      </trkpt>
      <trkpt lat="31.219891346991062164306640625" lon="121.387709118425846099853515625">
        <ele>13.3999996185302734375</ele>
        <time>2026-09-07T10:55:23.000Z</time>
        <extensions>
          <ns3:TrackPointExtension>
            <ns3:hr>153</ns3:hr>
            <ns3:cad>90</ns3:cad>
          </ns3:TrackPointExtension>
        </extensions>
      </trkpt>
      <trkpt lat="31.2198931910097599029541015625" lon="121.3876824639737606048583984375">
        <ele>13.3999996185302734375</ele>
        <time>2026-09-07T10:55:24.000Z</time>
        <extensions>
          <ns3:TrackPointExtension>
            <ns3:hr>153</ns3:hr>
            <ns3:cad>90</ns3:cad>
          </ns3:TrackPointExtension>
        </extensions>
      </trkpt>
      <trkpt lat="31.21989578939974308013916015625" lon="121.38764508068561553955078125">
        <ele>13.3999996185302734375</ele>
        <time>2026-09-07T10:55:25.000Z</time>
        <extensions>
          <ns3:TrackPointExtension>
            <ns3:hr>153</ns3:hr>
            <ns3:cad>91</ns3:cad>
          </ns3:TrackPointExtension>
        </extensions>
      </trkpt>
      <trkpt lat="31.2198952026665210723876953125" lon="121.38761683367192745208740234375">
        <ele>13.6000003814697265625</ele>
        <time>2026-09-07T10:55:26.000Z</time>
        <extensions>
          <ns3:TrackPointExtension>
            <ns3:hr>153</ns3:hr>
            <ns3:cad>91</ns3:cad>
          </ns3:TrackPointExtension>
        </extensions>
      </trkpt>
      <trkpt lat="31.2198968790471553802490234375" lon="121.38758313842117786407470703125">
        <ele>13.6000003814697265625</ele>
        <time>2026-09-07T10:55:27.000Z</time>
        <extensions>
          <ns3:TrackPointExtension>
            <ns3:hr>152</ns3:hr>
            <ns3:cad>90</ns3:cad>
          </ns3:TrackPointExtension>
        </extensions>
      </trkpt>
      <trkpt lat="31.21989746578037738800048828125" lon="121.3875626027584075927734375">
        <ele>13.6000003814697265625</ele>
        <time>2026-09-07T10:55:28.000Z</time>
        <extensions>
          <ns3:TrackPointExtension>
            <ns3:hr>153</ns3:hr>
            <ns3:cad>90</ns3:cad>
          </ns3:TrackPointExtension>
        </extensions>
      </trkpt>
      <trkpt lat="31.21990081854164600372314453125" lon="121.38752765022218227386474609375">
        <ele>13.80000019073486328125</ele>
        <time>2026-09-07T10:55:29.000Z</time>
        <extensions>
          <ns3:TrackPointExtension>
            <ns3:hr>153</ns3:hr>
            <ns3:cad>91</ns3:cad>
          </ns3:TrackPointExtension>
        </extensions>
      </trkpt>
      <trkpt lat="31.2198950350284576416015625" lon="121.38750066049396991729736328125">
        <ele>13.6000003814697265625</ele>
        <time>2026-09-07T10:55:30.000Z</time>
        <extensions>
          <ns3:TrackPointExtension>
            <ns3:hr>153</ns3:hr>
            <ns3:cad>91</ns3:cad>
          </ns3:TrackPointExtension>
        </extensions>
      </trkpt>
      <trkpt lat="31.21989704668521881103515625" lon="121.387464702129364013671875">
        <ele>13.6000003814697265625</ele>
        <time>2026-09-07T10:55:31.000Z</time>
        <extensions>
          <ns3:TrackPointExtension>
            <ns3:hr>152</ns3:hr>
            <ns3:cad>91</ns3:cad>
          </ns3:TrackPointExtension>
        </extensions>
      </trkpt>
      <trkpt lat="31.21989662759006023406982421875" lon="121.3874357007443904876708984375">
        <ele>13.3999996185302734375</ele>
        <time>2026-09-07T10:55:32.000Z</time>
        <extensions>
          <ns3:TrackPointExtension>
            <ns3:hr>153</ns3:hr>
            <ns3:cad>91</ns3:cad>
          </ns3:TrackPointExtension>
        </extensions>
      </trkpt>
      <trkpt lat="31.2198992259800434112548828125" lon="121.38740343041718006134033203125">
        <ele>13.3999996185302734375</ele>
        <time>2026-09-07T10:55:33.000Z</time>
        <extensions>
          <ns3:TrackPointExtension>
            <ns3:hr>153</ns3:hr>
            <ns3:cad>91</ns3:cad>
          </ns3:TrackPointExtension>
        </extensions>
      </trkpt>
      <trkpt lat="31.21989528648555278778076171875" lon="121.3873723335564136505126953125">
        <ele>13.3999996185302734375</ele>
        <time>2026-09-07T10:55:34.000Z</time>
        <extensions>
          <ns3:TrackPointExtension>
            <ns3:hr>153</ns3:hr>
            <ns3:cad>90</ns3:cad>
          </ns3:TrackPointExtension>
        </extensions>
      </trkpt>
      <trkpt lat="31.21989394538104534149169921875" lon="121.387341320514678955078125">
        <ele>13.3999996185302734375</ele>
        <time>2026-09-07T10:55:35.000Z</time>
        <extensions>
          <ns3:TrackPointExtension>
            <ns3:hr>153</ns3:hr>
            <ns3:cad>90</ns3:cad>
          </ns3:TrackPointExtension>
        </extensions>
      </trkpt>
      <trkpt lat="31.21988656930625438690185546875" lon="121.38731516897678375244140625">
        <ele>13.3999996185302734375</ele>
        <time>2026-09-07T10:55:36.000Z</time>
        <extensions>
          <ns3:TrackPointExtension>
            <ns3:hr>152</ns3:hr>
            <ns3:cad>89</ns3:cad>
          </ns3:TrackPointExtension>
        </extensions>
      </trkpt>
      <trkpt lat="31.2198834680020809173583984375" lon="121.38728625141084194183349609375">
        <ele>13.6000003814697265625</ele>
        <time>2026-09-07T10:55:37.000Z</time>
        <extensions>
          <ns3:TrackPointExtension>
            <ns3:hr>153</ns3:hr>
            <ns3:cad>89</ns3:cad>
          </ns3:TrackPointExtension>
        </extensions>
      </trkpt>
      <trkpt lat="31.219880282878875732421875" lon="121.38725959695875644683837890625">
        <ele>13.6000003814697265625</ele>
        <time>2026-09-07T10:55:38.000Z</time>
        <extensions>
          <ns3:TrackPointExtension>
            <ns3:hr>153</ns3:hr>
            <ns3:cad>91</ns3:cad>
          </ns3:TrackPointExtension>
        </extensions>
      </trkpt>
      <trkpt lat="31.219873912632465362548828125" lon="121.38722841627895832061767578125">
        <ele>13.6000003814697265625</ele>
        <time>2026-09-07T10:55:39.000Z</time>
        <extensions>
          <ns3:TrackPointExtension>
            <ns3:hr>153</ns3:hr>
            <ns3:cad>91</ns3:cad>
          </ns3:TrackPointExtension>
        </extensions>
      </trkpt>
      <trkpt lat="31.21987022459506988525390625" lon="121.387200839817523956298828125">
        <ele>13.6000003814697265625</ele>
        <time>2026-09-07T10:55:40.000Z</time>
        <extensions>
          <ns3:TrackPointExtension>
            <ns3:hr>152</ns3:hr>
            <ns3:cad>88</ns3:cad>
          </ns3:TrackPointExtension>
        </extensions>
      </trkpt>
      <trkpt lat="31.21987131424248218536376953125" lon="121.3871691562235355377197265625">
        <ele>13.6000003814697265625</ele>
        <time>2026-09-07T10:55:41.000Z</time>
        <extensions>
          <ns3:TrackPointExtension>
            <ns3:hr>152</ns3:hr>
            <ns3:cad>88</ns3:cad>
          </ns3:TrackPointExtension>
        </extensions>
      </trkpt>
      <trkpt lat="31.2198680453002452850341796875" lon="121.38714157976210117340087890625">
        <ele>13.6000003814697265625</ele>
        <time>2026-09-07T10:55:42.000Z</time>
        <extensions>
          <ns3:TrackPointExtension>
            <ns3:hr>152</ns3:hr>
            <ns3:cad>88</ns3:cad>
          </ns3:TrackPointExtension>
        </extensions>
      </trkpt>
      <trkpt lat="31.21986444108188152313232421875" lon="121.38711190782487392425537109375">
        <ele>13.3999996185302734375</ele>
        <time>2026-09-07T10:55:43.000Z</time>
        <extensions>
          <ns3:TrackPointExtension>
            <ns3:hr>152</ns3:hr>
            <ns3:cad>89</ns3:cad>
          </ns3:TrackPointExtension>
        </extensions>
      </trkpt>
      <trkpt lat="31.21985949575901031494140625" lon="121.3870819844305515289306640625">
        <ele>13.3999996185302734375</ele>
        <time>2026-09-07T10:55:44.000Z</time>
        <extensions>
          <ns3:TrackPointExtension>
            <ns3:hr>152</ns3:hr>
            <ns3:cad>90</ns3:cad>
          </ns3:TrackPointExtension>
        </extensions>
      </trkpt>
      <trkpt lat="31.2198636867105960845947265625" lon="121.38704736717045307159423828125">
        <ele>13.3999996185302734375</ele>
        <time>2026-09-07T10:55:45.000Z</time>
        <extensions>
          <ns3:TrackPointExtension>
            <ns3:hr>153</ns3:hr>
            <ns3:cad>90</ns3:cad>
          </ns3:TrackPointExtension>
        </extensions>
      </trkpt>
      <trkpt lat="31.21986083686351776123046875" lon="121.38701953925192356109619140625">
        <ele>13.19999980926513671875</ele>
        <time>2026-09-07T10:55:46.000Z</time>
        <extensions>
          <ns3:TrackPointExtension>
            <ns3:hr>152</ns3:hr>
            <ns3:cad>89</ns3:cad>
          </ns3:TrackPointExtension>
        </extensions>
      </trkpt>
      <trkpt lat="31.21985807083547115325927734375" lon="121.386984251439571380615234375">
        <ele>13.19999980926513671875</ele>
        <time>2026-09-07T10:55:47.000Z</time>
        <extensions>
          <ns3:TrackPointExtension>
            <ns3:hr>152</ns3:hr>
            <ns3:cad>89</ns3:cad>
          </ns3:TrackPointExtension>
        </extensions>
      </trkpt>
      <trkpt lat="31.219861507415771484375" lon="121.386955417692661285400390625">
        <ele>13.19999980926513671875</ele>
        <time>2026-09-07T10:55:48.000Z</time>
        <extensions>
          <ns3:TrackPointExtension>
            <ns3:hr>152</ns3:hr>
            <ns3:cad>89</ns3:cad>
          </ns3:TrackPointExtension>
        </extensions>
      </trkpt>
      <trkpt lat="31.2198626808822154998779296875" lon="121.3869242370128631591796875">
        <ele>13.19999980926513671875</ele>
        <time>2026-09-07T10:55:49.000Z</time>
        <extensions>
          <ns3:TrackPointExtension>
            <ns3:hr>153</ns3:hr>
            <ns3:cad>89</ns3:cad>
          </ns3:TrackPointExtension>
        </extensions>
      </trkpt>
      <trkpt lat="31.2198636867105960845947265625" lon="121.38689339160919189453125">
        <ele>13.19999980926513671875</ele>
        <time>2026-09-07T10:55:50.000Z</time>
        <extensions>
          <ns3:TrackPointExtension>
            <ns3:hr>152</ns3:hr>
            <ns3:cad>90</ns3:cad>
          </ns3:TrackPointExtension>
        </extensions>
      </trkpt>
      <trkpt lat="31.2198667041957378387451171875" lon="121.38685978017747402191162109375">
        <ele>13.19999980926513671875</ele>
        <time>2026-09-07T10:55:51.000Z</time>
        <extensions>
          <ns3:TrackPointExtension>
            <ns3:hr>152</ns3:hr>
            <ns3:cad>90</ns3:cad>
          </ns3:TrackPointExtension>
        </extensions>
      </trkpt>
      <trkpt lat="31.21986662037670612335205078125" lon="121.38683237135410308837890625">
        <ele>13.19999980926513671875</ele>
        <time>2026-09-07T10:55:52.000Z</time>
        <extensions>
          <ns3:TrackPointExtension>
            <ns3:hr>152</ns3:hr>
            <ns3:cad>89</ns3:cad>
          </ns3:TrackPointExtension>
        </extensions>
      </trkpt>
      <trkpt lat="31.21986008249223232269287109375" lon="121.3867969997227191925048828125">
        <ele>13.19999980926513671875</ele>
        <time>2026-09-07T10:55:53.000Z</time>
        <extensions>
          <ns3:TrackPointExtension>
            <ns3:hr>152</ns3:hr>
            <ns3:cad>88</ns3:cad>
          </ns3:TrackPointExtension>
        </extensions>
      </trkpt>
      <trkpt lat="31.219853460788726806640625" lon="121.3867688365280628204345703125">
        <ele>13.3999996185302734375</ele>
        <time>2026-09-07T10:55:54.000Z</time>
        <extensions>
          <ns3:TrackPointExtension>
            <ns3:hr>152</ns3:hr>
            <ns3:cad>88</ns3:cad>
          </ns3:TrackPointExtension>
        </extensions>
      </trkpt>
      <trkpt lat="31.21985103003680706024169921875" lon="121.38673623092472553253173828125">
        <ele>13.3999996185302734375</ele>
        <time>2026-09-07T10:55:55.000Z</time>
        <extensions>
          <ns3:TrackPointExtension>
            <ns3:hr>151</ns3:hr>
            <ns3:cad>88</ns3:cad>
          </ns3:TrackPointExtension>
        </extensions>
      </trkpt>
      <trkpt lat="31.21984918601810932159423828125" lon="121.386708319187164306640625">
        <ele>13.3999996185302734375</ele>
        <time>2026-09-07T10:55:56.000Z</time>
        <extensions>
          <ns3:TrackPointExtension>
            <ns3:hr>152</ns3:hr>
            <ns3:cad>90</ns3:cad>
          </ns3:TrackPointExtension>
        </extensions>
      </trkpt>
      <trkpt lat="31.21985136531293392181396484375" lon="121.38667269609868526458740234375">
        <ele>13.3999996185302734375</ele>
        <time>2026-09-07T10:55:57.000Z</time>
        <extensions>
          <ns3:TrackPointExtension>
            <ns3:hr>152</ns3:hr>
            <ns3:cad>90</ns3:cad>
          </ns3:TrackPointExtension>
        </extensions>
      </trkpt>
      <trkpt lat="31.21985186822712421417236328125" lon="121.3866457901895046234130859375">
        <ele>13.3999996185302734375</ele>
        <time>2026-09-07T10:55:58.000Z</time>
        <extensions>
          <ns3:TrackPointExtension>
            <ns3:hr>151</ns3:hr>
            <ns3:cad>91</ns3:cad>
          </ns3:TrackPointExtension>
        </extensions>
      </trkpt>
      <trkpt lat="31.21985438279807567596435546875" lon="121.38660572469234466552734375">
        <ele>13.3999996185302734375</ele>
        <time>2026-09-07T10:55:59.000Z</time>
        <extensions>
          <ns3:TrackPointExtension>
            <ns3:hr>151</ns3:hr>
            <ns3:cad>90</ns3:cad>
          </ns3:TrackPointExtension>
        </extensions>
      </trkpt>
      <trkpt lat="31.21985421516001224517822265625" lon="121.3865743763744831085205078125">
        <ele>13.3999996185302734375</ele>
        <time>2026-09-07T10:56:00.000Z</time>
        <extensions>
          <ns3:TrackPointExtension>
            <ns3:hr>151</ns3:hr>
            <ns3:cad>90</ns3:cad>
          </ns3:TrackPointExtension>
        </extensions>
      </trkpt>
      <trkpt lat="31.2198548018932342529296875" lon="121.38654009439051151275634765625">
        <ele>13.3999996185302734375</ele>
        <time>2026-09-07T10:56:01.000Z</time>
        <extensions>
          <ns3:TrackPointExtension>
            <ns3:hr>151</ns3:hr>
            <ns3:cad>90</ns3:cad>
          </ns3:TrackPointExtension>
        </extensions>
      </trkpt>
      <trkpt lat="31.21985337696969509124755859375" lon="121.3865125179290771484375">
        <ele>13.6000003814697265625</ele>
        <time>2026-09-07T10:56:02.000Z</time>
        <extensions>
          <ns3:TrackPointExtension>
            <ns3:hr>152</ns3:hr>
            <ns3:cad>92</ns3:cad>
          </ns3:TrackPointExtension>
        </extensions>
      </trkpt>
      <trkpt lat="31.2198526225984096527099609375" lon="121.38647672720253467559814453125">
        <ele>13.6000003814697265625</ele>
        <time>2026-09-07T10:56:03.000Z</time>
        <extensions>
          <ns3:TrackPointExtension>
            <ns3:hr>151</ns3:hr>
            <ns3:cad>93</ns3:cad>
          </ns3:TrackPointExtension>
        </extensions>
      </trkpt>
      <trkpt lat="31.21984734199941158294677734375" lon="121.3864468038082122802734375">
        <ele>13.6000003814697265625</ele>
        <time>2026-09-07T10:56:04.000Z</time>
        <extensions>
          <ns3:TrackPointExtension>
            <ns3:hr>151</ns3:hr>
            <ns3:cad>93</ns3:cad>
          </ns3:TrackPointExtension>
        </extensions>
      </trkpt>
      <trkpt lat="31.21984918601810932159423828125" lon="121.38641872443258762359619140625">
        <ele>13.6000003814697265625</ele>
        <time>2026-09-07T10:56:05.000Z</time>
        <extensions>
          <ns3:TrackPointExtension>
            <ns3:hr>152</ns3:hr>
            <ns3:cad>93</ns3:cad>
          </ns3:TrackPointExtension>
        </extensions>
      </trkpt>
      <trkpt lat="31.2198459170758724212646484375" lon="121.38638469390571117401123046875">
        <ele>13.3999996185302734375</ele>
        <time>2026-09-07T10:56:06.000Z</time>
        <extensions>
          <ns3:TrackPointExtension>
            <ns3:hr>152</ns3:hr>
            <ns3:cad>92</ns3:cad>
          </ns3:TrackPointExtension>
        </extensions>
      </trkpt>
      <trkpt lat="31.21984868310391902923583984375" lon="121.38635334558784961700439453125">
        <ele>13.3999996185302734375</ele>
        <time>2026-09-07T10:56:07.000Z</time>
        <extensions>
          <ns3:TrackPointExtension>
            <ns3:hr>152</ns3:hr>
            <ns3:cad>91</ns3:cad>
          </ns3:TrackPointExtension>
        </extensions>
      </trkpt>
      <trkpt lat="31.219844408333301544189453125" lon="121.3863215781748294830322265625">
        <ele>13.3999996185302734375</ele>
        <time>2026-09-07T10:56:08.000Z</time>
        <extensions>
          <ns3:TrackPointExtension>
            <ns3:hr>152</ns3:hr>
            <ns3:cad>92</ns3:cad>
          </ns3:TrackPointExtension>
        </extensions>
      </trkpt>
      <trkpt lat="31.21984541416168212890625" lon="121.3862914033234119415283203125">
        <ele>13.3999996185302734375</ele>
        <time>2026-09-07T10:56:09.000Z</time>
        <extensions>
          <ns3:TrackPointExtension>
            <ns3:hr>152</ns3:hr>
            <ns3:cad>92</ns3:cad>
          </ns3:TrackPointExtension>
        </extensions>
      </trkpt>
      <trkpt lat="31.2198432348668575286865234375" lon="121.3862612284719944000244140625">
        <ele>13.3999996185302734375</ele>
        <time>2026-09-07T10:56:10.000Z</time>
        <extensions>
          <ns3:TrackPointExtension>
            <ns3:hr>152</ns3:hr>
            <ns3:cad>92</ns3:cad>
          </ns3:TrackPointExtension>
        </extensions>
      </trkpt>
      <trkpt lat="31.219841055572032928466796875" lon="121.38622761704027652740478515625">
        <ele>13.6000003814697265625</ele>
        <time>2026-09-07T10:56:11.000Z</time>
        <extensions>
          <ns3:TrackPointExtension>
            <ns3:hr>152</ns3:hr>
            <ns3:cad>92</ns3:cad>
          </ns3:TrackPointExtension>
        </extensions>
      </trkpt>
      <trkpt lat="31.2198375351727008819580078125" lon="121.3861981965601444244384765625">
        <ele>13.6000003814697265625</ele>
        <time>2026-09-07T10:56:12.000Z</time>
        <extensions>
          <ns3:TrackPointExtension>
            <ns3:hr>153</ns3:hr>
            <ns3:cad>91</ns3:cad>
          </ns3:TrackPointExtension>
        </extensions>
      </trkpt>
      <trkpt lat="31.21984030120074748992919921875" lon="121.386165507137775421142578125">
        <ele>13.6000003814697265625</ele>
        <time>2026-09-07T10:56:13.000Z</time>
        <extensions>
          <ns3:TrackPointExtension>
            <ns3:hr>153</ns3:hr>
            <ns3:cad>91</ns3:cad>
          </ns3:TrackPointExtension>
        </extensions>
      </trkpt>
      <trkpt lat="31.21983761899173259735107421875" lon="121.3861370086669921875">
        <ele>13.6000003814697265625</ele>
        <time>2026-09-07T10:56:14.000Z</time>
        <extensions>
          <ns3:TrackPointExtension>
            <ns3:hr>153</ns3:hr>
            <ns3:cad>91</ns3:cad>
          </ns3:TrackPointExtension>
        </extensions>
      </trkpt>
      <trkpt lat="31.21983862482011318206787109375" lon="121.38610490597784519195556640625">
        <ele>13.6000003814697265625</ele>
        <time>2026-09-07T10:56:15.000Z</time>
        <extensions>
          <ns3:TrackPointExtension>
            <ns3:hr>153</ns3:hr>
            <ns3:cad>91</ns3:cad>
          </ns3:TrackPointExtension>
        </extensions>
      </trkpt>
      <trkpt lat="31.21983946301043033599853515625" lon="121.386074982583522796630859375">
        <ele>13.6000003814697265625</ele>
        <time>2026-09-07T10:56:16.000Z</time>
        <extensions>
          <ns3:TrackPointExtension>
            <ns3:hr>153</ns3:hr>
            <ns3:cad>91</ns3:cad>
          </ns3:TrackPointExtension>
        </extensions>
      </trkpt>
      <trkpt lat="31.2198375351727008819580078125" lon="121.3860456459224224090576171875">
        <ele>13.6000003814697265625</ele>
        <time>2026-09-07T10:56:17.000Z</time>
        <extensions>
          <ns3:TrackPointExtension>
            <ns3:hr>153</ns3:hr>
            <ns3:cad>89</ns3:cad>
          </ns3:TrackPointExtension>
        </extensions>
      </trkpt>
      <trkpt lat="31.21983937919139862060546875" lon="121.38601572252810001373291015625">
        <ele>13.6000003814697265625</ele>
        <time>2026-09-07T10:56:18.000Z</time>
        <extensions>
          <ns3:TrackPointExtension>
            <ns3:hr>153</ns3:hr>
            <ns3:cad>89</ns3:cad>
          </ns3:TrackPointExtension>
        </extensions>
      </trkpt>
      <trkpt lat="31.2198413908481597900390625" lon="121.3859839551150798797607421875">
        <ele>13.6000003814697265625</ele>
        <time>2026-09-07T10:56:19.000Z</time>
        <extensions>
          <ns3:TrackPointExtension>
            <ns3:hr>153</ns3:hr>
            <ns3:cad>89</ns3:cad>
          </ns3:TrackPointExtension>
        </extensions>
      </trkpt>
      <trkpt lat="31.21984180994331836700439453125" lon="121.38595528900623321533203125">
        <ele>13.6000003814697265625</ele>
        <time>2026-09-07T10:56:20.000Z</time>
        <extensions>
          <ns3:TrackPointExtension>
            <ns3:hr>154</ns3:hr>
            <ns3:cad>89</ns3:cad>
          </ns3:TrackPointExtension>
        </extensions>
      </trkpt>
      <trkpt lat="31.21983929537236690521240234375" lon="121.385916061699390411376953125">
        <ele>13.6000003814697265625</ele>
        <time>2026-09-07T10:56:21.000Z</time>
        <extensions>
          <ns3:TrackPointExtension>
            <ns3:hr>153</ns3:hr>
            <ns3:cad>91</ns3:cad>
          </ns3:TrackPointExtension>
        </extensions>
      </trkpt>
      <trkpt lat="31.2198294885456562042236328125" lon="121.3858840428292751312255859375">
        <ele>13.6000003814697265625</ele>
        <time>2026-09-07T10:56:22.000Z</time>
        <extensions>
          <ns3:TrackPointExtension>
            <ns3:hr>153</ns3:hr>
            <ns3:cad>91</ns3:cad>
          </ns3:TrackPointExtension>
        </extensions>
      </trkpt>
      <trkpt lat="31.2198294885456562042236328125" lon="121.38584976084530353546142578125">
        <ele>13.6000003814697265625</ele>
        <time>2026-09-07T10:56:23.000Z</time>
        <extensions>
          <ns3:TrackPointExtension>
            <ns3:hr>153</ns3:hr>
            <ns3:cad>91</ns3:cad>
          </ns3:TrackPointExtension>
        </extensions>
      </trkpt>
      <trkpt lat="31.2198247946798801422119140625" lon="121.385822184383869171142578125">
        <ele>13.6000003814697265625</ele>
        <time>2026-09-07T10:56:24.000Z</time>
        <extensions>
          <ns3:TrackPointExtension>
            <ns3:hr>153</ns3:hr>
            <ns3:cad>89</ns3:cad>
          </ns3:TrackPointExtension>
        </extensions>
      </trkpt>
      <trkpt lat="31.2198274768888950347900390625" lon="121.38579159043729305267333984375">
        <ele>13.6000003814697265625</ele>
        <time>2026-09-07T10:56:25.000Z</time>
        <extensions>
          <ns3:TrackPointExtension>
            <ns3:hr>153</ns3:hr>
            <ns3:cad>89</ns3:cad>
          </ns3:TrackPointExtension>
        </extensions>
      </trkpt>
      <trkpt lat="31.219826973974704742431640625" lon="121.38575873337686061859130859375">
        <ele>13.6000003814697265625</ele>
        <time>2026-09-07T10:56:26.000Z</time>
        <extensions>
          <ns3:TrackPointExtension>
            <ns3:hr>153</ns3:hr>
            <ns3:cad>89</ns3:cad>
          </ns3:TrackPointExtension>
        </extensions>
      </trkpt>
      <trkpt lat="31.21982689015567302703857421875" lon="121.38572470284998416900634765625">
        <ele>13.6000003814697265625</ele>
        <time>2026-09-07T10:56:27.000Z</time>
        <extensions>
          <ns3:TrackPointExtension>
            <ns3:hr>154</ns3:hr>
            <ns3:cad>90</ns3:cad>
          </ns3:TrackPointExtension>
        </extensions>
      </trkpt>
      <trkpt lat="31.21981884352862834930419921875" lon="121.38569637201726436614990234375">
        <ele>13.6000003814697265625</ele>
        <time>2026-09-07T10:56:28.000Z</time>
        <extensions>
          <ns3:TrackPointExtension>
            <ns3:hr>153</ns3:hr>
            <ns3:cad>91</ns3:cad>
          </ns3:TrackPointExtension>
        </extensions>
      </trkpt>
      <trkpt lat="31.219821274280548095703125" lon="121.38566418550908565521240234375">
        <ele>13.6000003814697265625</ele>
        <time>2026-09-07T10:56:29.000Z</time>
        <extensions>
          <ns3:TrackPointExtension>
            <ns3:hr>153</ns3:hr>
            <ns3:cad>91</ns3:cad>
          </ns3:TrackPointExtension>
        </extensions>
      </trkpt>
      <trkpt lat="31.21981322765350341796875" lon="121.385633088648319244384765625">
        <ele>13.6000003814697265625</ele>
        <time>2026-09-07T10:56:30.000Z</time>
        <extensions>
          <ns3:TrackPointExtension>
            <ns3:hr>153</ns3:hr>
            <ns3:cad>89</ns3:cad>
          </ns3:TrackPointExtension>
        </extensions>
      </trkpt>
      <trkpt lat="31.21981062926352024078369140625" lon="121.38559645973145961761474609375">
        <ele>13.6000003814697265625</ele>
        <time>2026-09-07T10:56:31.000Z</time>
        <extensions>
          <ns3:TrackPointExtension>
            <ns3:hr>153</ns3:hr>
            <ns3:cad>89</ns3:cad>
          </ns3:TrackPointExtension>
        </extensions>
      </trkpt>
      <trkpt lat="31.21979721821844577789306640625" lon="121.385576762259006500244140625">
        <ele>13.6000003814697265625</ele>
        <time>2026-09-07T10:56:32.000Z</time>
        <extensions>
          <ns3:TrackPointExtension>
            <ns3:hr>153</ns3:hr>
            <ns3:cad>89</ns3:cad>
          </ns3:TrackPointExtension>
        </extensions>
      </trkpt>
      <trkpt lat="31.21978715993463993072509765625" lon="121.38555002398788928985595703125">
        <ele>13.6000003814697265625</ele>
        <time>2026-09-07T10:56:33.000Z</time>
        <extensions>
          <ns3:TrackPointExtension>
            <ns3:hr>153</ns3:hr>
            <ns3:cad>90</ns3:cad>
          </ns3:TrackPointExtension>
        </extensions>
      </trkpt>
      <trkpt lat="31.2197812087833881378173828125" lon="121.38552613556385040283203125">
        <ele>13.6000003814697265625</ele>
        <time>2026-09-07T10:56:34.000Z</time>
        <extensions>
          <ns3:TrackPointExtension>
            <ns3:hr>153</ns3:hr>
            <ns3:cad>90</ns3:cad>
          </ns3:TrackPointExtension>
        </extensions>
      </trkpt>
      <trkpt lat="31.2197662889957427978515625" lon="121.38550174422562122344970703125">
        <ele>13.6000003814697265625</ele>
        <time>2026-09-07T10:56:35.000Z</time>
        <extensions>
          <ns3:TrackPointExtension>
            <ns3:hr>153</ns3:hr>
            <ns3:cad>89</ns3:cad>
          </ns3:TrackPointExtension>
        </extensions>
      </trkpt>
      <trkpt lat="31.21974256820976734161376953125" lon="121.3854853995144367218017578125">
        <ele>13.6000003814697265625</ele>
        <time>2026-09-07T10:56:36.000Z</time>
        <extensions>
          <ns3:TrackPointExtension>
            <ns3:hr>153</ns3:hr>
            <ns3:cad>89</ns3:cad>
          </ns3:TrackPointExtension>
        </extensions>
      </trkpt>
      <trkpt lat="31.2197181768715381622314453125" lon="121.38547928072512149810791015625">
        <ele>13.6000003814697265625</ele>
        <time>2026-09-07T10:56:37.000Z</time>
        <extensions>
          <ns3:TrackPointExtension>
            <ns3:hr>153</ns3:hr>
            <ns3:cad>87</ns3:cad>
          </ns3:TrackPointExtension>
        </extensions>
      </trkpt>
      <trkpt lat="31.219695545732975006103515625" lon="121.3854790292680263519287109375">
        <ele>13.3999996185302734375</ele>
        <time>2026-09-07T10:56:38.000Z</time>
        <extensions>
          <ns3:TrackPointExtension>
            <ns3:hr>153</ns3:hr>
            <ns3:cad>85</ns3:cad>
          </ns3:TrackPointExtension>
        </extensions>
      </trkpt>
      <trkpt lat="31.21966713108122348785400390625" lon="121.38548498041927814483642578125">
        <ele>13.3999996185302734375</ele>
        <time>2026-09-07T10:56:39.000Z</time>
        <extensions>
          <ns3:TrackPointExtension>
            <ns3:hr>152</ns3:hr>
            <ns3:cad>85</ns3:cad>
          </ns3:TrackPointExtension>
        </extensions>
      </trkpt>
      <trkpt lat="31.21964802034199237823486328125" lon="121.38549017719924449920654296875">
        <ele>13.3999996185302734375</ele>
        <time>2026-09-07T10:56:40.000Z</time>
        <extensions>
          <ns3:TrackPointExtension>
            <ns3:hr>153</ns3:hr>
            <ns3:cad>87</ns3:cad>
          </ns3:TrackPointExtension>
        </extensions>
      </trkpt>
      <trkpt lat="31.21961675584316253662109375" lon="121.38548799790441989898681640625">
        <ele>13.19999980926513671875</ele>
        <time>2026-09-07T10:56:41.000Z</time>
        <extensions>
          <ns3:TrackPointExtension>
            <ns3:hr>153</ns3:hr>
            <ns3:cad>89</ns3:cad>
          </ns3:TrackPointExtension>
        </extensions>
      </trkpt>
      <trkpt lat="31.2195954658091068267822265625" lon="121.38549285940825939178466796875">
        <ele>13.19999980926513671875</ele>
        <time>2026-09-07T10:56:42.000Z</time>
        <extensions>
          <ns3:TrackPointExtension>
            <ns3:hr>152</ns3:hr>
            <ns3:cad>91</ns3:cad>
          </ns3:TrackPointExtension>
        </extensions>
      </trkpt>
      <trkpt lat="31.2195624411106109619140625" lon="121.385496966540813446044921875">
        <ele>13.3999996185302734375</ele>
        <time>2026-09-07T10:56:43.000Z</time>
        <extensions>
          <ns3:TrackPointExtension>
            <ns3:hr>152</ns3:hr>
            <ns3:cad>92</ns3:cad>
          </ns3:TrackPointExtension>
        </extensions>
      </trkpt>
      <trkpt lat="31.21954089961946010589599609375" lon="121.38549990020692348480224609375">
        <ele>13.3999996185302734375</ele>
        <time>2026-09-07T10:56:44.000Z</time>
        <extensions>
          <ns3:TrackPointExtension>
            <ns3:hr>152</ns3:hr>
            <ns3:cad>92</ns3:cad>
          </ns3:TrackPointExtension>
        </extensions>
      </trkpt>
      <trkpt lat="31.21951491571962833404541015625" lon="121.385497637093067169189453125">
        <ele>13.3999996185302734375</ele>
        <time>2026-09-07T10:56:45.000Z</time>
        <extensions>
          <ns3:TrackPointExtension>
            <ns3:hr>152</ns3:hr>
            <ns3:cad>92</ns3:cad>
          </ns3:TrackPointExtension>
        </extensions>
      </trkpt>
      <trkpt lat="31.21949261985719203948974609375" lon="121.3854978047311305999755859375">
        <ele>13.3999996185302734375</ele>
        <time>2026-09-07T10:56:46.000Z</time>
        <extensions>
          <ns3:TrackPointExtension>
            <ns3:hr>152</ns3:hr>
            <ns3:cad>93</ns3:cad>
          </ns3:TrackPointExtension>
        </extensions>
      </trkpt>
      <trkpt lat="31.2194687314331531524658203125" lon="121.3855028338730335235595703125">
        <ele>13.3999996185302734375</ele>
        <time>2026-09-07T10:56:47.000Z</time>
        <extensions>
          <ns3:TrackPointExtension>
            <ns3:hr>152</ns3:hr>
            <ns3:cad>94</ns3:cad>
          </ns3:TrackPointExtension>
        </extensions>
      </trkpt>
      <trkpt lat="31.21943931095302104949951171875" lon="121.3855051808059215545654296875">
        <ele>13.3999996185302734375</ele>
        <time>2026-09-07T10:56:48.000Z</time>
        <extensions>
          <ns3:TrackPointExtension>
            <ns3:hr>151</ns3:hr>
            <ns3:cad>94</ns3:cad>
          </ns3:TrackPointExtension>
        </extensions>
      </trkpt>
      <trkpt lat="31.21941366232931613922119140625" lon="121.385510377585887908935546875">
        <ele>13.3999996185302734375</ele>
        <time>2026-09-07T10:56:49.000Z</time>
        <extensions>
          <ns3:TrackPointExtension>
            <ns3:hr>152</ns3:hr>
            <ns3:cad>92</ns3:cad>
          </ns3:TrackPointExtension>
        </extensions>
      </trkpt>
      <trkpt lat="31.219381727278232574462890625" lon="121.385506689548492431640625">
        <ele>13.3999996185302734375</ele>
        <time>2026-09-07T10:56:50.000Z</time>
        <extensions>
          <ns3:TrackPointExtension>
            <ns3:hr>152</ns3:hr>
            <ns3:cad>92</ns3:cad>
          </ns3:TrackPointExtension>
        </extensions>
      </trkpt>
      <trkpt lat="31.2193540669977664947509765625" lon="121.38550727628171443939208984375">
        <ele>13.3999996185302734375</ele>
        <time>2026-09-07T10:56:51.000Z</time>
        <extensions>
          <ns3:TrackPointExtension>
            <ns3:hr>152</ns3:hr>
            <ns3:cad>92</ns3:cad>
          </ns3:TrackPointExtension>
        </extensions>
      </trkpt>
      <trkpt lat="31.21931693516671657562255859375" lon="121.38550224713981151580810546875">
        <ele>13.3999996185302734375</ele>
        <time>2026-09-07T10:56:52.000Z</time>
        <extensions>
          <ns3:TrackPointExtension>
            <ns3:hr>152</ns3:hr>
            <ns3:cad>93</ns3:cad>
          </ns3:TrackPointExtension>
        </extensions>
      </trkpt>
      <trkpt lat="31.2192933820188045501708984375" lon="121.3855021633207798004150390625">
        <ele>13.3999996185302734375</ele>
        <time>2026-09-07T10:56:53.000Z</time>
        <extensions>
          <ns3:TrackPointExtension>
            <ns3:hr>153</ns3:hr>
            <ns3:cad>94</ns3:cad>
          </ns3:TrackPointExtension>
        </extensions>
      </trkpt>
      <trkpt lat="31.2192618660628795623779296875" lon="121.38549855910241603851318359375">
        <ele>13.3999996185302734375</ele>
        <time>2026-09-07T10:56:54.000Z</time>
        <extensions>
          <ns3:TrackPointExtension>
            <ns3:hr>153</ns3:hr>
            <ns3:cad>94</ns3:cad>
          </ns3:TrackPointExtension>
        </extensions>
      </trkpt>
      <trkpt lat="31.2192367203533649444580078125" lon="121.38549436815083026885986328125">
        <ele>13.3999996185302734375</ele>
        <time>2026-09-07T10:56:55.000Z</time>
        <extensions>
          <ns3:TrackPointExtension>
            <ns3:hr>153</ns3:hr>
            <ns3:cad>94</ns3:cad>
          </ns3:TrackPointExtension>
        </extensions>
      </trkpt>
      <trkpt lat="31.2192102335393428802490234375" lon="121.3854870758950710296630859375">
        <ele>13.6000003814697265625</ele>
        <time>2026-09-07T10:56:56.000Z</time>
        <extensions>
          <ns3:TrackPointExtension>
            <ns3:hr>153</ns3:hr>
            <ns3:cad>92</ns3:cad>
          </ns3:TrackPointExtension>
        </extensions>
      </trkpt>
      <trkpt lat="31.21918148361146450042724609375" lon="121.3854750059545040130615234375">
        <ele>13.6000003814697265625</ele>
        <time>2026-09-07T10:56:57.000Z</time>
        <extensions>
          <ns3:TrackPointExtension>
            <ns3:hr>152</ns3:hr>
            <ns3:cad>92</ns3:cad>
          </ns3:TrackPointExtension>
        </extensions>
      </trkpt>
      <trkpt lat="31.2191547453403472900390625" lon="121.38547156937420368194580078125">
        <ele>13.6000003814697265625</ele>
        <time>2026-09-07T10:56:58.000Z</time>
        <extensions>
          <ns3:TrackPointExtension>
            <ns3:hr>153</ns3:hr>
            <ns3:cad>93</ns3:cad>
          </ns3:TrackPointExtension>
        </extensions>
      </trkpt>
      <trkpt lat="31.2191193737089633941650390625" lon="121.3854642771184444427490234375">
        <ele>13.6000003814697265625</ele>
        <time>2026-09-07T10:56:59.000Z</time>
        <extensions>
          <ns3:TrackPointExtension>
            <ns3:hr>153</ns3:hr>
            <ns3:cad>94</ns3:cad>
          </ns3:TrackPointExtension>
        </extensions>
      </trkpt>
      <trkpt lat="31.2190908752381801605224609375" lon="121.38546519912779331207275390625">
        <ele>13.6000003814697265625</ele>
        <time>2026-09-07T10:57:00.000Z</time>
        <extensions>
          <ns3:TrackPointExtension>
            <ns3:hr>153</ns3:hr>
            <ns3:cad>94</ns3:cad>
          </ns3:TrackPointExtension>
        </extensions>
      </trkpt>
      <trkpt lat="31.21905692853033542633056640625" lon="121.385460086166858673095703125">
        <ele>13.6000003814697265625</ele>
        <time>2026-09-07T10:57:01.000Z</time>
        <extensions>
          <ns3:TrackPointExtension>
            <ns3:hr>152</ns3:hr>
            <ns3:cad>94</ns3:cad>
          </ns3:TrackPointExtension>
        </extensions>
      </trkpt>
      <trkpt lat="31.21902742423117160797119140625" lon="121.38545078225433826446533203125">
        <ele>13.80000019073486328125</ele>
        <time>2026-09-07T10:57:02.000Z</time>
        <extensions>
          <ns3:TrackPointExtension>
            <ns3:hr>153</ns3:hr>
            <ns3:cad>93</ns3:cad>
          </ns3:TrackPointExtension>
        </extensions>
      </trkpt>
      <trkpt lat="31.21899993158876895904541015625" lon="121.38543787412345409393310546875">
        <ele>13.80000019073486328125</ele>
        <time>2026-09-07T10:57:03.000Z</time>
        <extensions>
          <ns3:TrackPointExtension>
            <ns3:hr>153</ns3:hr>
            <ns3:cad>92</ns3:cad>
          </ns3:TrackPointExtension>
        </extensions>
      </trkpt>
      <trkpt lat="31.21897260658442974090576171875" lon="121.385431252419948577880859375">
        <ele>13.80000019073486328125</ele>
        <time>2026-09-07T10:57:04.000Z</time>
        <extensions>
          <ns3:TrackPointExtension>
            <ns3:hr>153</ns3:hr>
            <ns3:cad>92</ns3:cad>
          </ns3:TrackPointExtension>
        </extensions>
      </trkpt>
      <trkpt lat="31.21894628740847110748291015625" lon="121.3854257203638553619384765625">
        <ele>13.80000019073486328125</ele>
        <time>2026-09-07T10:57:05.000Z</time>
        <extensions>
          <ns3:TrackPointExtension>
            <ns3:hr>154</ns3:hr>
            <ns3:cad>93</ns3:cad>
          </ns3:TrackPointExtension>
        </extensions>
      </trkpt>
      <trkpt lat="31.21891611255705356597900390625" lon="121.385419182479381561279296875">
        <ele>13.6000003814697265625</ele>
        <time>2026-09-07T10:57:06.000Z</time>
        <extensions>
          <ns3:TrackPointExtension>
            <ns3:hr>153</ns3:hr>
            <ns3:cad>94</ns3:cad>
          </ns3:TrackPointExtension>
        </extensions>
      </trkpt>
      <trkpt lat="31.218891553580760955810546875" lon="121.3854159973561763763427734375">
        <ele>13.6000003814697265625</ele>
        <time>2026-09-07T10:57:07.000Z</time>
        <extensions>
          <ns3:TrackPointExtension>
            <ns3:hr>154</ns3:hr>
            <ns3:cad>93</ns3:cad>
          </ns3:TrackPointExtension>
        </extensions>
      </trkpt>
      <trkpt lat="31.21886263601481914520263671875" lon="121.38540551997721195220947265625">
        <ele>13.6000003814697265625</ele>
        <time>2026-09-07T10:57:08.000Z</time>
        <extensions>
          <ns3:TrackPointExtension>
            <ns3:hr>154</ns3:hr>
            <ns3:cad>93</ns3:cad>
          </ns3:TrackPointExtension>
        </extensions>
      </trkpt>
      <trkpt lat="31.21884251944720745086669921875" lon="121.38540082611143589019775390625">
        <ele>13.6000003814697265625</ele>
        <time>2026-09-07T10:57:09.000Z</time>
        <extensions>
          <ns3:TrackPointExtension>
            <ns3:hr>154</ns3:hr>
            <ns3:cad>93</ns3:cad>
          </ns3:TrackPointExtension>
        </extensions>
      </trkpt>
      <trkpt lat="31.21881485916674137115478515625" lon="121.3853958807885646820068359375">
        <ele>13.6000003814697265625</ele>
        <time>2026-09-07T10:57:10.000Z</time>
        <extensions>
          <ns3:TrackPointExtension>
            <ns3:hr>153</ns3:hr>
            <ns3:cad>93</ns3:cad>
          </ns3:TrackPointExtension>
        </extensions>
      </trkpt>
      <trkpt lat="31.21879256330430507659912109375" lon="121.38538456521928310394287109375">
        <ele>13.6000003814697265625</ele>
        <time>2026-09-07T10:57:11.000Z</time>
        <extensions>
          <ns3:TrackPointExtension>
            <ns3:hr>154</ns3:hr>
            <ns3:cad>93</ns3:cad>
          </ns3:TrackPointExtension>
        </extensions>
      </trkpt>
      <trkpt lat="31.21876917779445648193359375" lon="121.38537132181227207183837890625">
        <ele>13.6000003814697265625</ele>
        <time>2026-09-07T10:57:12.000Z</time>
        <extensions>
          <ns3:TrackPointExtension>
            <ns3:hr>154</ns3:hr>
            <ns3:cad>94</ns3:cad>
          </ns3:TrackPointExtension>
        </extensions>
      </trkpt>
      <trkpt lat="31.218739338219165802001953125" lon="121.38535908423364162445068359375">
        <ele>13.3999996185302734375</ele>
        <time>2026-09-07T10:57:13.000Z</time>
        <extensions>
          <ns3:TrackPointExtension>
            <ns3:hr>153</ns3:hr>
            <ns3:cad>94</ns3:cad>
          </ns3:TrackPointExtension>
        </extensions>
      </trkpt>
      <trkpt lat="31.21871712617576122283935546875" lon="121.38535137288272380828857421875">
        <ele>13.3999996185302734375</ele>
        <time>2026-09-07T10:57:14.000Z</time>
        <extensions>
          <ns3:TrackPointExtension>
            <ns3:hr>153</ns3:hr>
            <ns3:cad>93</ns3:cad>
          </ns3:TrackPointExtension>
        </extensions>
      </trkpt>
      <trkpt lat="31.2186875380575656890869140625" lon="121.385338716208934783935546875">
        <ele>13.3999996185302734375</ele>
        <time>2026-09-07T10:57:15.000Z</time>
        <extensions>
          <ns3:TrackPointExtension>
            <ns3:hr>153</ns3:hr>
            <ns3:cad>93</ns3:cad>
          </ns3:TrackPointExtension>
        </extensions>
      </trkpt>
      <trkpt lat="31.2186627276241779327392578125" lon="121.385332681238651275634765625">
        <ele>13.19999980926513671875</ele>
        <time>2026-09-07T10:57:16.000Z</time>
        <extensions>
          <ns3:TrackPointExtension>
            <ns3:hr>153</ns3:hr>
            <ns3:cad>93</ns3:cad>
          </ns3:TrackPointExtension>
        </extensions>
      </trkpt>
      <trkpt lat="31.21863213367760181427001953125" lon="121.385320611298084259033203125">
        <ele>13.19999980926513671875</ele>
        <time>2026-09-07T10:57:17.000Z</time>
        <extensions>
          <ns3:TrackPointExtension>
            <ns3:hr>154</ns3:hr>
            <ns3:cad>93</ns3:cad>
          </ns3:TrackPointExtension>
        </extensions>
      </trkpt>
      <trkpt lat="31.21860581450164318084716796875" lon="121.3853050209581851959228515625">
        <ele>13.19999980926513671875</ele>
        <time>2026-09-07T10:57:18.000Z</time>
        <extensions>
          <ns3:TrackPointExtension>
            <ns3:hr>153</ns3:hr>
            <ns3:cad>93</ns3:cad>
          </ns3:TrackPointExtension>
        </extensions>
      </trkpt>
      <trkpt lat="31.21858150698244571685791015625" lon="121.385287754237651824951171875">
        <ele>13</ele>
        <time>2026-09-07T10:57:19.000Z</time>
        <extensions>
          <ns3:TrackPointExtension>
            <ns3:hr>153</ns3:hr>
            <ns3:cad>94</ns3:cad>
          </ns3:TrackPointExtension>
        </extensions>
      </trkpt>
      <trkpt lat="31.21855753473937511444091796875" lon="121.3852701522409915924072265625">
        <ele>13</ele>
        <time>2026-09-07T10:57:20.000Z</time>
        <extensions>
          <ns3:TrackPointExtension>
            <ns3:hr>154</ns3:hr>
            <ns3:cad>94</ns3:cad>
          </ns3:TrackPointExtension>
        </extensions>
      </trkpt>
      <trkpt lat="31.21853339485824108123779296875" lon="121.3852577470242977142333984375">
        <ele>13</ele>
        <time>2026-09-07T10:57:21.000Z</time>
        <extensions>
          <ns3:TrackPointExtension>
            <ns3:hr>153</ns3:hr>
            <ns3:cad>94</ns3:cad>
          </ns3:TrackPointExtension>
        </extensions>
      </trkpt>
      <trkpt lat="31.21850037015974521636962890625" lon="121.38524022884666919708251953125">
        <ele>13</ele>
        <time>2026-09-07T10:57:22.000Z</time>
        <extensions>
          <ns3:TrackPointExtension>
            <ns3:hr>153</ns3:hr>
            <ns3:cad>93</ns3:cad>
          </ns3:TrackPointExtension>
        </extensions>
      </trkpt>
      <trkpt lat="31.218473128974437713623046875" lon="121.3852191902697086334228515625">
        <ele>13.19999980926513671875</ele>
        <time>2026-09-07T10:57:23.000Z</time>
        <extensions>
          <ns3:TrackPointExtension>
            <ns3:hr>154</ns3:hr>
            <ns3:cad>93</ns3:cad>
          </ns3:TrackPointExtension>
        </extensions>
      </trkpt>
      <trkpt lat="31.218444295227527618408203125" lon="121.38519597239792346954345703125">
        <ele>13.19999980926513671875</ele>
        <time>2026-09-07T10:57:24.000Z</time>
        <extensions>
          <ns3:TrackPointExtension>
            <ns3:hr>153</ns3:hr>
            <ns3:cad>96</ns3:cad>
          </ns3:TrackPointExtension>
        </extensions>
      </trkpt>
      <trkpt lat="31.2184189818799495697021484375" lon="121.38517585583031177520751953125">
        <ele>13.3999996185302734375</ele>
        <time>2026-09-07T10:57:25.000Z</time>
        <extensions>
          <ns3:TrackPointExtension>
            <ns3:hr>153</ns3:hr>
            <ns3:cad>96</ns3:cad>
          </ns3:TrackPointExtension>
        </extensions>
      </trkpt>
      <trkpt lat="31.21839492581784725189208984375" lon="121.3851566612720489501953125">
        <ele>13.6000003814697265625</ele>
        <time>2026-09-07T10:57:26.000Z</time>
        <extensions>
          <ns3:TrackPointExtension>
            <ns3:hr>154</ns3:hr>
            <ns3:cad>95</ns3:cad>
          </ns3:TrackPointExtension>
        </extensions>
      </trkpt>
      <trkpt lat="31.2183703668415546417236328125" lon="121.38513796962797641754150390625">
        <ele>13.6000003814697265625</ele>
        <time>2026-09-07T10:57:27.000Z</time>
        <extensions>
          <ns3:TrackPointExtension>
            <ns3:hr>153</ns3:hr>
            <ns3:cad>95</ns3:cad>
          </ns3:TrackPointExtension>
        </extensions>
      </trkpt>
      <trkpt lat="31.21834815479815006256103515625" lon="121.3851263187825679779052734375">
        <ele>13.3999996185302734375</ele>
        <time>2026-09-07T10:57:28.000Z</time>
        <extensions>
          <ns3:TrackPointExtension>
            <ns3:hr>153</ns3:hr>
            <ns3:cad>94</ns3:cad>
          </ns3:TrackPointExtension>
        </extensions>
      </trkpt>
      <trkpt lat="31.218320243060588836669921875" lon="121.38510611839592456817626953125">
        <ele>13.3999996185302734375</ele>
        <time>2026-09-07T10:57:29.000Z</time>
        <extensions>
          <ns3:TrackPointExtension>
            <ns3:hr>154</ns3:hr>
            <ns3:cad>94</ns3:cad>
          </ns3:TrackPointExtension>
        </extensions>
      </trkpt>
      <trkpt lat="31.21829979121685028076171875" lon="121.38509086333215236663818359375">
        <ele>13.3999996185302734375</ele>
        <time>2026-09-07T10:57:30.000Z</time>
        <extensions>
          <ns3:TrackPointExtension>
            <ns3:hr>153</ns3:hr>
            <ns3:cad>94</ns3:cad>
          </ns3:TrackPointExtension>
        </extensions>
      </trkpt>
      <trkpt lat="31.21827556751668453216552734375" lon="121.38507510535418987274169921875">
        <ele>13.3999996185302734375</ele>
        <time>2026-09-07T10:57:31.000Z</time>
        <extensions>
          <ns3:TrackPointExtension>
            <ns3:hr>154</ns3:hr>
            <ns3:cad>95</ns3:cad>
          </ns3:TrackPointExtension>
        </extensions>
      </trkpt>
      <trkpt lat="31.21825193054974079132080078125" lon="121.38505867682397365570068359375">
        <ele>13.3999996185302734375</ele>
        <time>2026-09-07T10:57:32.000Z</time>
        <extensions>
          <ns3:TrackPointExtension>
            <ns3:hr>154</ns3:hr>
            <ns3:cad>95</ns3:cad>
          </ns3:TrackPointExtension>
        </extensions>
      </trkpt>
      <trkpt lat="31.21822980232536792755126953125" lon="121.38503856025636196136474609375">
        <ele>13.3999996185302734375</ele>
        <time>2026-09-07T10:57:33.000Z</time>
        <extensions>
          <ns3:TrackPointExtension>
            <ns3:hr>154</ns3:hr>
            <ns3:cad>95</ns3:cad>
          </ns3:TrackPointExtension>
        </extensions>
      </trkpt>
      <trkpt lat="31.2182040698826313018798828125" lon="121.38501911424100399017333984375">
        <ele>13.3999996185302734375</ele>
        <time>2026-09-07T10:57:34.000Z</time>
        <extensions>
          <ns3:TrackPointExtension>
            <ns3:hr>154</ns3:hr>
            <ns3:cad>93</ns3:cad>
          </ns3:TrackPointExtension>
        </extensions>
      </trkpt>
      <trkpt lat="31.21818051673471927642822265625" lon="121.3850064575672149658203125">
        <ele>13.3999996185302734375</ele>
        <time>2026-09-07T10:57:35.000Z</time>
        <extensions>
          <ns3:TrackPointExtension>
            <ns3:hr>155</ns3:hr>
            <ns3:cad>93</ns3:cad>
          </ns3:TrackPointExtension>
        </extensions>
      </trkpt>
      <trkpt lat="31.2181510962545871734619140625" lon="121.3849938847124576568603515625">
        <ele>13.3999996185302734375</ele>
        <time>2026-09-07T10:57:36.000Z</time>
        <extensions>
          <ns3:TrackPointExtension>
            <ns3:hr>155</ns3:hr>
            <ns3:cad>93</ns3:cad>
          </ns3:TrackPointExtension>
        </extensions>
      </trkpt>
      <trkpt lat="31.21812880039215087890625" lon="121.38498055748641490936279296875">
        <ele>13.19999980926513671875</ele>
        <time>2026-09-07T10:57:37.000Z</time>
        <extensions>
          <ns3:TrackPointExtension>
            <ns3:hr>155</ns3:hr>
            <ns3:cad>96</ns3:cad>
          </ns3:TrackPointExtension>
        </extensions>
      </trkpt>
      <trkpt lat="31.2181031517684459686279296875" lon="121.384962536394596099853515625">
        <ele>13.19999980926513671875</ele>
        <time>2026-09-07T10:57:38.000Z</time>
        <extensions>
          <ns3:TrackPointExtension>
            <ns3:hr>155</ns3:hr>
            <ns3:cad>96</ns3:cad>
          </ns3:TrackPointExtension>
        </extensions>
      </trkpt>
      <trkpt lat="31.21807607822120189666748046875" lon="121.38495004735887050628662109375">
        <ele>13.19999980926513671875</ele>
        <time>2026-09-07T10:57:39.000Z</time>
        <extensions>
          <ns3:TrackPointExtension>
            <ns3:hr>155</ns3:hr>
            <ns3:cad>95</ns3:cad>
          </ns3:TrackPointExtension>
        </extensions>
      </trkpt>
      <trkpt lat="31.21805227361619472503662109375" lon="121.38493931852281093597412109375">
        <ele>13</ele>
        <time>2026-09-07T10:57:40.000Z</time>
        <extensions>
          <ns3:TrackPointExtension>
            <ns3:hr>154</ns3:hr>
            <ns3:cad>95</ns3:cad>
          </ns3:TrackPointExtension>
        </extensions>
      </trkpt>
      <trkpt lat="31.21802276931703090667724609375" lon="121.38492305763065814971923828125">
        <ele>13</ele>
        <time>2026-09-07T10:57:41.000Z</time>
        <extensions>
          <ns3:TrackPointExtension>
            <ns3:hr>155</ns3:hr>
            <ns3:cad>95</ns3:cad>
          </ns3:TrackPointExtension>
        </extensions>
      </trkpt>
      <trkpt lat="31.21800114400684833526611328125" lon="121.384910903871059417724609375">
        <ele>13</ele>
        <time>2026-09-07T10:57:42.000Z</time>
        <extensions>
          <ns3:TrackPointExtension>
            <ns3:hr>155</ns3:hr>
            <ns3:cad>94</ns3:cad>
          </ns3:TrackPointExtension>
        </extensions>
      </trkpt>
      <trkpt lat="31.21797448955476284027099609375" lon="121.38489003293216228485107421875">
        <ele>13</ele>
        <time>2026-09-07T10:57:43.000Z</time>
        <extensions>
          <ns3:TrackPointExtension>
            <ns3:hr>155</ns3:hr>
            <ns3:cad>94</ns3:cad>
          </ns3:TrackPointExtension>
        </extensions>
      </trkpt>
      <trkpt lat="31.21794515289366245269775390625" lon="121.38487477786839008331298828125">
        <ele>13</ele>
        <time>2026-09-07T10:57:44.000Z</time>
        <extensions>
          <ns3:TrackPointExtension>
            <ns3:hr>155</ns3:hr>
            <ns3:cad>95</ns3:cad>
          </ns3:TrackPointExtension>
        </extensions>
      </trkpt>
      <trkpt lat="31.21792101301252841949462890625" lon="121.384859941899776458740234375">
        <ele>13</ele>
        <time>2026-09-07T10:57:45.000Z</time>
        <extensions>
          <ns3:TrackPointExtension>
            <ns3:hr>156</ns3:hr>
            <ns3:cad>95</ns3:cad>
          </ns3:TrackPointExtension>
        </extensions>
      </trkpt>
      <trkpt lat="31.21789201162755489349365234375" lon="121.384842507541179656982421875">
        <ele>12.80000019073486328125</ele>
        <time>2026-09-07T10:57:46.000Z</time>
        <extensions>
          <ns3:TrackPointExtension>
            <ns3:hr>156</ns3:hr>
            <ns3:cad>95</ns3:cad>
          </ns3:TrackPointExtension>
        </extensions>
      </trkpt>
      <trkpt lat="31.21786653064191341400146484375" lon="121.38483018614351749420166015625">
        <ele>13</ele>
        <time>2026-09-07T10:57:47.000Z</time>
        <extensions>
          <ns3:TrackPointExtension>
            <ns3:hr>156</ns3:hr>
            <ns3:cad>95</ns3:cad>
          </ns3:TrackPointExtension>
        </extensions>
      </trkpt>
      <trkpt lat="31.2178359366953372955322265625" lon="121.38481291942298412322998046875">
        <ele>13.19999980926513671875</ele>
        <time>2026-09-07T10:57:48.000Z</time>
        <extensions>
          <ns3:TrackPointExtension>
            <ns3:hr>156</ns3:hr>
            <ns3:cad>95</ns3:cad>
          </ns3:TrackPointExtension>
        </extensions>
      </trkpt>
      <trkpt lat="31.21781305409967899322509765625" lon="121.38480587862432003021240234375">
        <ele>13.19999980926513671875</ele>
        <time>2026-09-07T10:57:49.000Z</time>
        <extensions>
          <ns3:TrackPointExtension>
            <ns3:hr>156</ns3:hr>
            <ns3:cad>95</ns3:cad>
          </ns3:TrackPointExtension>
        </extensions>
      </trkpt>
      <trkpt lat="31.217787154018878936767578125" lon="121.384791545569896697998046875">
        <ele>13.19999980926513671875</ele>
        <time>2026-09-07T10:57:50.000Z</time>
        <extensions>
          <ns3:TrackPointExtension>
            <ns3:hr>156</ns3:hr>
            <ns3:cad>96</ns3:cad>
          </ns3:TrackPointExtension>
        </extensions>
      </trkpt>
      <trkpt lat="31.2177628464996814727783203125" lon="121.38478190638124942779541015625">
        <ele>13.19999980926513671875</ele>
        <time>2026-09-07T10:57:51.000Z</time>
        <extensions>
          <ns3:TrackPointExtension>
            <ns3:hr>156</ns3:hr>
            <ns3:cad>95</ns3:cad>
          </ns3:TrackPointExtension>
        </extensions>
      </trkpt>
      <trkpt lat="31.217733509838581085205078125" lon="121.38476908206939697265625">
        <ele>13.19999980926513671875</ele>
        <time>2026-09-07T10:57:52.000Z</time>
        <extensions>
          <ns3:TrackPointExtension>
            <ns3:hr>157</ns3:hr>
            <ns3:cad>95</ns3:cad>
          </ns3:TrackPointExtension>
        </extensions>
      </trkpt>
      <trkpt lat="31.21770895086228847503662109375" lon="121.38475793413817882537841796875">
        <ele>13</ele>
        <time>2026-09-07T10:57:53.000Z</time>
        <extensions>
          <ns3:TrackPointExtension>
            <ns3:hr>157</ns3:hr>
            <ns3:cad>95</ns3:cad>
          </ns3:TrackPointExtension>
        </extensions>
      </trkpt>
      <trkpt lat="31.217684559524059295654296875" lon="121.38475139625370502471923828125">
        <ele>13</ele>
        <time>2026-09-07T10:57:54.000Z</time>
        <extensions>
          <ns3:TrackPointExtension>
            <ns3:hr>157</ns3:hr>
            <ns3:cad>93</ns3:cad>
          </ns3:TrackPointExtension>
        </extensions>
      </trkpt>
      <trkpt lat="31.21765312738716602325439453125" lon="121.38474066741764545440673828125">
        <ele>13</ele>
        <time>2026-09-07T10:57:55.000Z</time>
        <extensions>
          <ns3:TrackPointExtension>
            <ns3:hr>157</ns3:hr>
            <ns3:cad>93</ns3:cad>
          </ns3:TrackPointExtension>
        </extensions>
      </trkpt>
      <trkpt lat="31.21762814931571483612060546875" lon="121.38473211787641048431396484375">
        <ele>13</ele>
        <time>2026-09-07T10:57:56.000Z</time>
        <extensions>
          <ns3:TrackPointExtension>
            <ns3:hr>156</ns3:hr>
            <ns3:cad>95</ns3:cad>
          </ns3:TrackPointExtension>
        </extensions>
      </trkpt>
      <trkpt lat="31.21759973466396331787109375" lon="121.38472080230712890625">
        <ele>13</ele>
        <time>2026-09-07T10:57:57.000Z</time>
        <extensions>
          <ns3:TrackPointExtension>
            <ns3:hr>156</ns3:hr>
            <ns3:cad>95</ns3:cad>
          </ns3:TrackPointExtension>
        </extensions>
      </trkpt>
      <trkpt lat="31.2175697274506092071533203125" lon="121.38470697216689586639404296875">
        <ele>13</ele>
        <time>2026-09-07T10:57:58.000Z</time>
        <extensions>
          <ns3:TrackPointExtension>
            <ns3:hr>156</ns3:hr>
            <ns3:cad>95</ns3:cad>
          </ns3:TrackPointExtension>
        </extensions>
      </trkpt>
      <trkpt lat="31.2175479345023632049560546875" lon="121.38469859026372432708740234375">
        <ele>13</ele>
        <time>2026-09-07T10:57:59.000Z</time>
        <extensions>
          <ns3:TrackPointExtension>
            <ns3:hr>156</ns3:hr>
            <ns3:cad>93</ns3:cad>
          </ns3:TrackPointExtension>
        </extensions>
      </trkpt>
      <trkpt lat="31.2175157479941844940185546875" lon="121.3846884481608867645263671875">
        <ele>13</ele>
        <time>2026-09-07T10:58:00.000Z</time>
        <extensions>
          <ns3:TrackPointExtension>
            <ns3:hr>157</ns3:hr>
            <ns3:cad>93</ns3:cad>
          </ns3:TrackPointExtension>
        </extensions>
      </trkpt>
      <trkpt lat="31.21749303303658962249755859375" lon="121.38468182645738124847412109375">
        <ele>13.19999980926513671875</ele>
        <time>2026-09-07T10:58:01.000Z</time>
        <extensions>
          <ns3:TrackPointExtension>
            <ns3:hr>156</ns3:hr>
            <ns3:cad>94</ns3:cad>
          </ns3:TrackPointExtension>
        </extensions>
      </trkpt>
      <trkpt lat="31.217461265623569488525390625" lon="121.38466724194586277008056640625">
        <ele>13.19999980926513671875</ele>
        <time>2026-09-07T10:58:02.000Z</time>
        <extensions>
          <ns3:TrackPointExtension>
            <ns3:hr>157</ns3:hr>
            <ns3:cad>94</ns3:cad>
          </ns3:TrackPointExtension>
        </extensions>
      </trkpt>
      <trkpt lat="31.2174369581043720245361328125" lon="121.384660787880420684814453125">
        <ele>13.19999980926513671875</ele>
        <time>2026-09-07T10:58:03.000Z</time>
        <extensions>
          <ns3:TrackPointExtension>
            <ns3:hr>157</ns3:hr>
            <ns3:cad>95</ns3:cad>
          </ns3:TrackPointExtension>
        </extensions>
      </trkpt>
      <trkpt lat="31.21740435250103473663330078125" lon="121.38465081341564655303955078125">
        <ele>13.19999980926513671875</ele>
        <time>2026-09-07T10:58:04.000Z</time>
        <extensions>
          <ns3:TrackPointExtension>
            <ns3:hr>157</ns3:hr>
            <ns3:cad>95</ns3:cad>
          </ns3:TrackPointExtension>
        </extensions>
      </trkpt>
      <trkpt lat="31.21737602166831493377685546875" lon="121.38464729301631450653076171875">
        <ele>13.19999980926513671875</ele>
        <time>2026-09-07T10:58:05.000Z</time>
        <extensions>
          <ns3:TrackPointExtension>
            <ns3:hr>156</ns3:hr>
            <ns3:cad>93</ns3:cad>
          </ns3:TrackPointExtension>
        </extensions>
      </trkpt>
      <trkpt lat="31.217342577874660491943359375" lon="121.3846344687044620513916015625">
        <ele>13.19999980926513671875</ele>
        <time>2026-09-07T10:58:06.000Z</time>
        <extensions>
          <ns3:TrackPointExtension>
            <ns3:hr>157</ns3:hr>
            <ns3:cad>92</ns3:cad>
          </ns3:TrackPointExtension>
        </extensions>
      </trkpt>
      <trkpt lat="31.21731516905128955841064453125" lon="121.38462952338159084320068359375">
        <ele>13</ele>
        <time>2026-09-07T10:58:07.000Z</time>
        <extensions>
          <ns3:TrackPointExtension>
            <ns3:hr>156</ns3:hr>
            <ns3:cad>91</ns3:cad>
          </ns3:TrackPointExtension>
        </extensions>
      </trkpt>
      <trkpt lat="31.2172880955040454864501953125" lon="121.3846190460026264190673828125">
        <ele>13</ele>
        <time>2026-09-07T10:58:08.000Z</time>
        <extensions>
          <ns3:TrackPointExtension>
            <ns3:hr>157</ns3:hr>
            <ns3:cad>91</ns3:cad>
          </ns3:TrackPointExtension>
        </extensions>
      </trkpt>
      <trkpt lat="31.2172599323093891143798828125" lon="121.3846079818904399871826171875">
        <ele>13</ele>
        <time>2026-09-07T10:58:09.000Z</time>
        <extensions>
          <ns3:TrackPointExtension>
            <ns3:hr>157</ns3:hr>
            <ns3:cad>93</ns3:cad>
          </ns3:TrackPointExtension>
        </extensions>
      </trkpt>
      <trkpt lat="31.217234618961811065673828125" lon="121.38460211455821990966796875">
        <ele>13</ele>
        <time>2026-09-07T10:58:10.000Z</time>
        <extensions>
          <ns3:TrackPointExtension>
            <ns3:hr>157</ns3:hr>
            <ns3:cad>94</ns3:cad>
          </ns3:TrackPointExtension>
        </extensions>
      </trkpt>
      <trkpt lat="31.2172086350619792938232421875" lon="121.38459851033985614776611328125">
        <ele>13</ele>
        <time>2026-09-07T10:58:11.000Z</time>
        <extensions>
          <ns3:TrackPointExtension>
            <ns3:hr>156</ns3:hr>
            <ns3:cad>94</ns3:cad>
          </ns3:TrackPointExtension>
        </extensions>
      </trkpt>
      <trkpt lat="31.21718390844762325286865234375" lon="121.38459096662700176239013671875">
        <ele>13</ele>
        <time>2026-09-07T10:58:12.000Z</time>
        <extensions>
          <ns3:TrackPointExtension>
            <ns3:hr>156</ns3:hr>
            <ns3:cad>94</ns3:cad>
          </ns3:TrackPointExtension>
        </extensions>
      </trkpt>
      <trkpt lat="31.21715314686298370361328125" lon="121.3845821656286716461181640625">
        <ele>13</ele>
        <time>2026-09-07T10:58:13.000Z</time>
        <extensions>
          <ns3:TrackPointExtension>
            <ns3:hr>156</ns3:hr>
            <ns3:cad>93</ns3:cad>
          </ns3:TrackPointExtension>
        </extensions>
      </trkpt>
      <trkpt lat="31.2171305157244205474853515625" lon="121.38457596302032470703125">
        <ele>13</ele>
        <time>2026-09-07T10:58:14.000Z</time>
        <extensions>
          <ns3:TrackPointExtension>
            <ns3:hr>157</ns3:hr>
            <ns3:cad>93</ns3:cad>
          </ns3:TrackPointExtension>
        </extensions>
      </trkpt>
      <trkpt lat="31.21710159815847873687744140625" lon="121.38456330634653568267822265625">
        <ele>13</ele>
        <time>2026-09-07T10:58:15.000Z</time>
        <extensions>
          <ns3:TrackPointExtension>
            <ns3:hr>156</ns3:hr>
            <ns3:cad>92</ns3:cad>
          </ns3:TrackPointExtension>
        </extensions>
      </trkpt>
      <trkpt lat="31.217077039182186126708984375" lon="121.3845638930797576904296875">
        <ele>13</ele>
        <time>2026-09-07T10:58:16.000Z</time>
        <extensions>
          <ns3:TrackPointExtension>
            <ns3:hr>156</ns3:hr>
            <ns3:cad>92</ns3:cad>
          </ns3:TrackPointExtension>
        </extensions>
      </trkpt>
      <trkpt lat="31.21704854071140289306640625" lon="121.3845598697662353515625">
        <ele>13</ele>
        <time>2026-09-07T10:58:17.000Z</time>
        <extensions>
          <ns3:TrackPointExtension>
            <ns3:hr>156</ns3:hr>
            <ns3:cad>90</ns3:cad>
          </ns3:TrackPointExtension>
        </extensions>
      </trkpt>
      <trkpt lat="31.21702305972576141357421875" lon="121.384554170072078704833984375">
        <ele>13</ele>
        <time>2026-09-07T10:58:18.000Z</time>
        <extensions>
          <ns3:TrackPointExtension>
            <ns3:hr>157</ns3:hr>
            <ns3:cad>90</ns3:cad>
          </ns3:TrackPointExtension>
        </extensions>
      </trkpt>
      <trkpt lat="31.216994225978851318359375" lon="121.38455115258693695068359375">
        <ele>13</ele>
        <time>2026-09-07T10:58:19.000Z</time>
        <extensions>
          <ns3:TrackPointExtension>
            <ns3:hr>156</ns3:hr>
            <ns3:cad>90</ns3:cad>
          </ns3:TrackPointExtension>
        </extensions>
      </trkpt>
      <trkpt lat="31.2169672362506389617919921875" lon="121.38454101048409938812255859375">
        <ele>13</ele>
        <time>2026-09-07T10:58:20.000Z</time>
        <extensions>
          <ns3:TrackPointExtension>
            <ns3:hr>156</ns3:hr>
            <ns3:cad>90</ns3:cad>
          </ns3:TrackPointExtension>
        </extensions>
      </trkpt>
      <trkpt lat="31.21694016270339488983154296875" lon="121.3845308683812618255615234375">
        <ele>13.19999980926513671875</ele>
        <time>2026-09-07T10:58:21.000Z</time>
        <extensions>
          <ns3:TrackPointExtension>
            <ns3:hr>156</ns3:hr>
            <ns3:cad>89</ns3:cad>
          </ns3:TrackPointExtension>
        </extensions>
      </trkpt>
      <trkpt lat="31.21691551990807056427001953125" lon="121.384524665772914886474609375">
        <ele>13.19999980926513671875</ele>
        <time>2026-09-07T10:58:22.000Z</time>
        <extensions>
          <ns3:TrackPointExtension>
            <ns3:hr>156</ns3:hr>
            <ns3:cad>89</ns3:cad>
          </ns3:TrackPointExtension>
        </extensions>
      </trkpt>
      <trkpt lat="31.2168807350099086761474609375" lon="121.38451284728944301605224609375">
        <ele>13.19999980926513671875</ele>
        <time>2026-09-07T10:58:23.000Z</time>
        <extensions>
          <ns3:TrackPointExtension>
            <ns3:hr>156</ns3:hr>
            <ns3:cad>89</ns3:cad>
          </ns3:TrackPointExtension>
        </extensions>
      </trkpt>
      <trkpt lat="31.21685600839555263519287109375" lon="121.3845102488994598388671875">
        <ele>13.19999980926513671875</ele>
        <time>2026-09-07T10:58:24.000Z</time>
        <extensions>
          <ns3:TrackPointExtension>
            <ns3:hr>156</ns3:hr>
            <ns3:cad>89</ns3:cad>
          </ns3:TrackPointExtension>
        </extensions>
      </trkpt>
      <trkpt lat="31.2168264202773571014404296875" lon="121.38450966216623783111572265625">
        <ele>13.3999996185302734375</ele>
        <time>2026-09-07T10:58:25.000Z</time>
        <extensions>
          <ns3:TrackPointExtension>
            <ns3:hr>155</ns3:hr>
            <ns3:cad>89</ns3:cad>
          </ns3:TrackPointExtension>
        </extensions>
      </trkpt>
      <trkpt lat="31.216797418892383575439453125" lon="121.384504549205303192138671875">
        <ele>13.3999996185302734375</ele>
        <time>2026-09-07T10:58:26.000Z</time>
        <extensions>
          <ns3:TrackPointExtension>
            <ns3:hr>155</ns3:hr>
            <ns3:cad>89</ns3:cad>
          </ns3:TrackPointExtension>
        </extensions>
      </trkpt>
      <trkpt lat="31.21677638031542301177978515625" lon="121.384497173130512237548828125">
        <ele>13.3999996185302734375</ele>
        <time>2026-09-07T10:58:27.000Z</time>
        <extensions>
          <ns3:TrackPointExtension>
            <ns3:hr>155</ns3:hr>
            <ns3:cad>91</ns3:cad>
          </ns3:TrackPointExtension>
        </extensions>
      </trkpt>
    </trkseg>
  </trk>
</gpx>
