<gpx xmlns:ns3="http://www.garmin.com/xmlschemas/TrackPointExtension/v1" xmlns="http://www.topografix.com/GPX/1/1" xmlns:xsi="http://www.w3.org/2001/XMLSchema-instance" xmlns:ns2="http://www.garmin.com/xmlschemas/GpxExtensions/v3" creator="Garmin Connect" version="1.1" xsi:schemaLocation="http://www.topografix.com/GPX/1/1 http://www.topografix.com/GPX/11.xsd">
  <extensions>
<distance>5502.15</distance>
<average_hr>141.0</average_hr>
<average_speed>2.6449999809265137</average_speed>
<start_time>2026-09-21T10:24:28+00:00</start_time>
<end_time>2026-09-21T10:59:08.392000+00:00</end_time>
<moving_time>2078.969</moving_time>
<elapsed_time>2080.392</elapsed_time>
</extensions>
<metadata>
    <link href="connect.garmin.com">
      <text>Garmin Connect</text>
    </link>
    <time>2026-09-21T10:24:28.000Z</time>
  </metadata>
  <trk>
    <name>Changning Running</name>
    <type>running</type>
    <trkseg>
      <trkpt lat="31.21762312017381191253662109375" lon="121.387926377356052398681640625">
        <ele>13.19999980926513671875</ele>
        <time>2026-09-21T10:24:28.000Z</time>
        <extensions>
          <ns3:TrackPointExtension>
            <ns3:hr>77</ns3:hr>
            <ns3:cad>0</ns3:cad>
          </ns3:TrackPointExtension>
        </extensions>
      </trkpt>
      <trkpt lat="31.21759931556880474090576171875" lon="121.38791388832032680511474609375">
        <ele>13.19999980926513671875</ele>
        <time>2026-09-21T10:24:29.000Z</time>
        <extensions>
          <ns3:TrackPointExtension>
            <ns3:hr>77</ns3:hr>
            <ns3:cad>47</ns3:cad>
          </ns3:TrackPointExtension>
        </extensions>
      </trkpt>
      <trkpt lat="31.2176180072128772735595703125" lon="121.38792092911899089813232421875">
        <ele>13</ele>
        <time>2026-09-21T10:24:30.000Z</time>
        <extensions>
          <ns3:TrackPointExtension>
            <ns3:hr>76</ns3:hr>
            <ns3:cad>47</ns3:cad>
          </ns3:TrackPointExtension>
        </extensions>
      </trkpt>
      <trkpt lat="31.21764407493174076080322265625" lon="121.38793283142149448394775390625">
        <ele>12.80000019073486328125</ele>
        <time>2026-09-21T10:24:31.000Z</time>
        <extensions>
          <ns3:TrackPointExtension>
            <ns3:hr>76</ns3:hr>
            <ns3:cad>47</ns3:cad>
          </ns3:TrackPointExtension>
        </extensions>
      </trkpt>
      <trkpt lat="31.21766100637614727020263671875" lon="121.387936770915985107421875">
        <ele>12.80000019073486328125</ele>
        <time>2026-09-21T10:24:32.000Z</time>
        <extensions>
          <ns3:TrackPointExtension>
            <ns3:hr>76</ns3:hr>
            <ns3:cad>47</ns3:cad>
          </ns3:TrackPointExtension>
        </extensions>
      </trkpt>
      <trkpt lat="31.21769319288432598114013671875" lon="121.387950517237186431884765625">
        <ele>12.80000019073486328125</ele>
        <time>2026-09-21T10:24:33.000Z</time>
        <extensions>
          <ns3:TrackPointExtension>
            <ns3:hr>77</ns3:hr>
            <ns3:cad>83</ns3:cad>
          </ns3:TrackPointExtension>
        </extensions>
      </trkpt>
      <trkpt lat="31.21771498583257198333740234375" lon="121.38796015642583370208740234375">
        <ele>12.80000019073486328125</ele>
        <time>2026-09-21T10:24:34.000Z</time>
        <extensions>
          <ns3:TrackPointExtension>
            <ns3:hr>78</ns3:hr>
            <ns3:cad>83</ns3:cad>
          </ns3:TrackPointExtension>
        </extensions>
      </trkpt>
      <trkpt lat="31.21773946098983287811279296875" lon="121.38796870596706867218017578125">
        <ele>12.80000019073486328125</ele>
        <time>2026-09-21T10:24:35.000Z</time>
        <extensions>
          <ns3:TrackPointExtension>
            <ns3:hr>79</ns3:hr>
            <ns3:cad>84</ns3:cad>
          </ns3:TrackPointExtension>
        </extensions>
      </trkpt>
      <trkpt lat="31.21776561252772808074951171875" lon="121.38797960244119167327880859375">
        <ele>12.80000019073486328125</ele>
        <time>2026-09-21T10:24:36.000Z</time>
        <extensions>
          <ns3:TrackPointExtension>
            <ns3:hr>80</ns3:hr>
            <ns3:cad>84</ns3:cad>
          </ns3:TrackPointExtension>
        </extensions>
      </trkpt>
      <trkpt lat="31.21778346598148345947265625" lon="121.38798572123050689697265625">
        <ele>13</ele>
        <time>2026-09-21T10:24:37.000Z</time>
        <extensions>
          <ns3:TrackPointExtension>
            <ns3:hr>82</ns3:hr>
            <ns3:cad>86</ns3:cad>
          </ns3:TrackPointExtension>
        </extensions>
      </trkpt>
      <trkpt lat="31.2178136408329010009765625" lon="121.38799552805721759796142578125">
        <ele>13</ele>
        <time>2026-09-21T10:24:38.000Z</time>
        <extensions>
          <ns3:TrackPointExtension>
            <ns3:hr>84</ns3:hr>
            <ns3:cad>86</ns3:cad>
          </ns3:TrackPointExtension>
        </extensions>
      </trkpt>
      <trkpt lat="31.21783099137246608734130859375" lon="121.38800223357975482940673828125">
        <ele>13</ele>
        <time>2026-09-21T10:24:39.000Z</time>
        <extensions>
          <ns3:TrackPointExtension>
            <ns3:hr>86</ns3:hr>
            <ns3:cad>85</ns3:cad>
          </ns3:TrackPointExtension>
        </extensions>
      </trkpt>
      <trkpt lat="31.217858903110027313232421875" lon="121.38801530934870243072509765625">
        <ele>13</ele>
        <time>2026-09-21T10:24:40.000Z</time>
        <extensions>
          <ns3:TrackPointExtension>
            <ns3:hr>88</ns3:hr>
            <ns3:cad>84</ns3:cad>
          </ns3:TrackPointExtension>
        </extensions>
      </trkpt>
      <trkpt lat="31.21787960641086101531982421875" lon="121.38802503235638141632080078125">
        <ele>13.19999980926513671875</ele>
        <time>2026-09-21T10:24:41.000Z</time>
        <extensions>
          <ns3:TrackPointExtension>
            <ns3:hr>90</ns3:hr>
            <ns3:cad>84</ns3:cad>
          </ns3:TrackPointExtension>
        </extensions>
      </trkpt>
      <trkpt lat="31.21790156699717044830322265625" lon="121.38803475536406040191650390625">
        <ele>13.19999980926513671875</ele>
        <time>2026-09-21T10:24:42.000Z</time>
        <extensions>
          <ns3:TrackPointExtension>
            <ns3:hr>91</ns3:hr>
            <ns3:cad>85</ns3:cad>
          </ns3:TrackPointExtension>
        </extensions>
      </trkpt>
      <trkpt lat="31.21792000718414783477783203125" lon="121.3880438916385173797607421875">
        <ele>13.19999980926513671875</ele>
        <time>2026-09-21T10:24:43.000Z</time>
        <extensions>
          <ns3:TrackPointExtension>
            <ns3:hr>93</ns3:hr>
            <ns3:cad>85</ns3:cad>
          </ns3:TrackPointExtension>
        </extensions>
      </trkpt>
      <trkpt lat="31.2179397046566009521484375" lon="121.3880480825901031494140625">
        <ele>13.19999980926513671875</ele>
        <time>2026-09-21T10:24:44.000Z</time>
        <extensions>
          <ns3:TrackPointExtension>
            <ns3:hr>95</ns3:hr>
            <ns3:cad>85</ns3:cad>
          </ns3:TrackPointExtension>
        </extensions>
      </trkpt>
      <trkpt lat="31.2179583124816417694091796875" lon="121.38805503956973552703857421875">
        <ele>13.3999996185302734375</ele>
        <time>2026-09-21T10:24:45.000Z</time>
        <extensions>
          <ns3:TrackPointExtension>
            <ns3:hr>96</ns3:hr>
            <ns3:cad>85</ns3:cad>
          </ns3:TrackPointExtension>
        </extensions>
      </trkpt>
      <trkpt lat="31.21797951869666576385498046875" lon="121.38805319555103778839111328125">
        <ele>13.19999980926513671875</ele>
        <time>2026-09-21T10:24:46.000Z</time>
        <extensions>
          <ns3:TrackPointExtension>
            <ns3:hr>98</ns3:hr>
            <ns3:cad>85</ns3:cad>
          </ns3:TrackPointExtension>
        </extensions>
      </trkpt>
      <trkpt lat="31.21800533495843410491943359375" lon="121.388064511120319366455078125">
        <ele>13.19999980926513671875</ele>
        <time>2026-09-21T10:24:47.000Z</time>
        <extensions>
          <ns3:TrackPointExtension>
            <ns3:hr>99</ns3:hr>
            <ns3:cad>85</ns3:cad>
          </ns3:TrackPointExtension>
        </extensions>
      </trkpt>
      <trkpt lat="31.218027882277965545654296875" lon="121.38807968236505985260009765625">
        <ele>13.3999996185302734375</ele>
        <time>2026-09-21T10:24:48.000Z</time>
        <extensions>
          <ns3:TrackPointExtension>
            <ns3:hr>100</ns3:hr>
            <ns3:cad>86</ns3:cad>
          </ns3:TrackPointExtension>
        </extensions>
      </trkpt>
      <trkpt lat="31.2180528603494167327880859375" lon="121.3880881480872631072998046875">
        <ele>13.3999996185302734375</ele>
        <time>2026-09-21T10:24:49.000Z</time>
        <extensions>
          <ns3:TrackPointExtension>
            <ns3:hr>101</ns3:hr>
            <ns3:cad>86</ns3:cad>
          </ns3:TrackPointExtension>
        </extensions>
      </trkpt>
      <trkpt lat="31.2180719710886478424072265625" lon="121.388103067874908447265625">
        <ele>13.3999996185302734375</ele>
        <time>2026-09-21T10:24:50.000Z</time>
        <extensions>
          <ns3:TrackPointExtension>
            <ns3:hr>103</ns3:hr>
            <ns3:cad>86</ns3:cad>
          </ns3:TrackPointExtension>
        </extensions>
      </trkpt>
      <trkpt lat="31.21809636242687702178955078125" lon="121.388112790882587432861328125">
        <ele>13.3999996185302734375</ele>
        <time>2026-09-21T10:24:51.000Z</time>
        <extensions>
          <ns3:TrackPointExtension>
            <ns3:hr>104</ns3:hr>
            <ns3:cad>86</ns3:cad>
          </ns3:TrackPointExtension>
        </extensions>
      </trkpt>
      <trkpt lat="31.2181222625076770782470703125" lon="121.38813131488859653472900390625">
        <ele>13.3999996185302734375</ele>
        <time>2026-09-21T10:24:52.000Z</time>
        <extensions>
          <ns3:TrackPointExtension>
            <ns3:hr>105</ns3:hr>
            <ns3:cad>86</ns3:cad>
          </ns3:TrackPointExtension>
        </extensions>
      </trkpt>
      <trkpt lat="31.21814019978046417236328125" lon="121.38813617639243602752685546875">
        <ele>13.3999996185302734375</ele>
        <time>2026-09-21T10:24:53.000Z</time>
        <extensions>
          <ns3:TrackPointExtension>
            <ns3:hr>107</ns3:hr>
            <ns3:cad>86</ns3:cad>
          </ns3:TrackPointExtension>
        </extensions>
      </trkpt>
      <trkpt lat="31.21816777624189853668212890625" lon="121.38814866542816162109375">
        <ele>13.3999996185302734375</ele>
        <time>2026-09-21T10:24:54.000Z</time>
        <extensions>
          <ns3:TrackPointExtension>
            <ns3:hr>110</ns3:hr>
            <ns3:cad>86</ns3:cad>
          </ns3:TrackPointExtension>
        </extensions>
      </trkpt>
      <trkpt lat="31.2181906588375568389892578125" lon="121.38816316612064838409423828125">
        <ele>13.3999996185302734375</ele>
        <time>2026-09-21T10:24:55.000Z</time>
        <extensions>
          <ns3:TrackPointExtension>
            <ns3:hr>113</ns3:hr>
            <ns3:cad>86</ns3:cad>
          </ns3:TrackPointExtension>
        </extensions>
      </trkpt>
      <trkpt lat="31.2182194925844669342041015625" lon="121.388173140585422515869140625">
        <ele>13.3999996185302734375</ele>
        <time>2026-09-21T10:24:56.000Z</time>
        <extensions>
          <ns3:TrackPointExtension>
            <ns3:hr>119</ns3:hr>
            <ns3:cad>86</ns3:cad>
          </ns3:TrackPointExtension>
        </extensions>
      </trkpt>
      <trkpt lat="31.2182416208088397979736328125" lon="121.388181857764720916748046875">
        <ele>13.3999996185302734375</ele>
        <time>2026-09-21T10:24:57.000Z</time>
        <extensions>
          <ns3:TrackPointExtension>
            <ns3:hr>121</ns3:hr>
            <ns3:cad>86</ns3:cad>
          </ns3:TrackPointExtension>
        </extensions>
      </trkpt>
      <trkpt lat="31.2182681076228618621826171875" lon="121.3881897367537021636962890625">
        <ele>13.3999996185302734375</ele>
        <time>2026-09-21T10:24:58.000Z</time>
        <extensions>
          <ns3:TrackPointExtension>
            <ns3:hr>122</ns3:hr>
            <ns3:cad>86</ns3:cad>
          </ns3:TrackPointExtension>
        </extensions>
      </trkpt>
      <trkpt lat="31.21828897856175899505615234375" lon="121.38819920830428600311279296875">
        <ele>13.19999980926513671875</ele>
        <time>2026-09-21T10:24:59.000Z</time>
        <extensions>
          <ns3:TrackPointExtension>
            <ns3:hr>123</ns3:hr>
            <ns3:cad>86</ns3:cad>
          </ns3:TrackPointExtension>
        </extensions>
      </trkpt>
      <trkpt lat="31.21830758638679981231689453125" lon="121.38820943422615528106689453125">
        <ele>13.19999980926513671875</ele>
        <time>2026-09-21T10:25:00.000Z</time>
        <extensions>
          <ns3:TrackPointExtension>
            <ns3:hr>124</ns3:hr>
            <ns3:cad>86</ns3:cad>
          </ns3:TrackPointExtension>
        </extensions>
      </trkpt>
      <trkpt lat="31.2183354981243610382080078125" lon="121.38821714557707309722900390625">
        <ele>13.3999996185302734375</ele>
        <time>2026-09-21T10:25:01.000Z</time>
        <extensions>
          <ns3:TrackPointExtension>
            <ns3:hr>125</ns3:hr>
            <ns3:cad>86</ns3:cad>
          </ns3:TrackPointExtension>
        </extensions>
      </trkpt>
      <trkpt lat="31.218350417912006378173828125" lon="121.3882269524037837982177734375">
        <ele>13.3999996185302734375</ele>
        <time>2026-09-21T10:25:02.000Z</time>
        <extensions>
          <ns3:TrackPointExtension>
            <ns3:hr>125</ns3:hr>
            <ns3:cad>86</ns3:cad>
          </ns3:TrackPointExtension>
        </extensions>
      </trkpt>
      <trkpt lat="31.21837615035474300384521484375" lon="121.38823407702147960662841796875">
        <ele>13.3999996185302734375</ele>
        <time>2026-09-21T10:25:03.000Z</time>
        <extensions>
          <ns3:TrackPointExtension>
            <ns3:hr>126</ns3:hr>
            <ns3:cad>85</ns3:cad>
          </ns3:TrackPointExtension>
        </extensions>
      </trkpt>
      <trkpt lat="31.21839878149330615997314453125" lon="121.38824882917106151580810546875">
        <ele>13.6000003814697265625</ele>
        <time>2026-09-21T10:25:04.000Z</time>
        <extensions>
          <ns3:TrackPointExtension>
            <ns3:hr>127</ns3:hr>
            <ns3:cad>85</ns3:cad>
          </ns3:TrackPointExtension>
        </extensions>
      </trkpt>
      <trkpt lat="31.21841906569898128509521484375" lon="121.38825670816004276275634765625">
        <ele>13.6000003814697265625</ele>
        <time>2026-09-21T10:25:05.000Z</time>
        <extensions>
          <ns3:TrackPointExtension>
            <ns3:hr>127</ns3:hr>
            <ns3:cad>85</ns3:cad>
          </ns3:TrackPointExtension>
        </extensions>
      </trkpt>
      <trkpt lat="31.218443624675273895263671875" lon="121.3882671855390071868896484375">
        <ele>13.6000003814697265625</ele>
        <time>2026-09-21T10:25:06.000Z</time>
        <extensions>
          <ns3:TrackPointExtension>
            <ns3:hr>127</ns3:hr>
            <ns3:cad>86</ns3:cad>
          </ns3:TrackPointExtension>
        </extensions>
      </trkpt>
      <trkpt lat="31.218467764556407928466796875" lon="121.38827137649059295654296875">
        <ele>13.3999996185302734375</ele>
        <time>2026-09-21T10:25:07.000Z</time>
        <extensions>
          <ns3:TrackPointExtension>
            <ns3:hr>128</ns3:hr>
            <ns3:cad>87</ns3:cad>
          </ns3:TrackPointExtension>
        </extensions>
      </trkpt>
      <trkpt lat="31.2184997834265232086181640625" lon="121.38828487135469913482666015625">
        <ele>13.6000003814697265625</ele>
        <time>2026-09-21T10:25:08.000Z</time>
        <extensions>
          <ns3:TrackPointExtension>
            <ns3:hr>128</ns3:hr>
            <ns3:cad>87</ns3:cad>
          </ns3:TrackPointExtension>
        </extensions>
      </trkpt>
      <trkpt lat="31.2185235880315303802490234375" lon="121.3882903195917606353759765625">
        <ele>13.6000003814697265625</ele>
        <time>2026-09-21T10:25:09.000Z</time>
        <extensions>
          <ns3:TrackPointExtension>
            <ns3:hr>129</ns3:hr>
            <ns3:cad>87</ns3:cad>
          </ns3:TrackPointExtension>
        </extensions>
      </trkpt>
      <trkpt lat="31.218551583588123321533203125" lon="121.388296522200107574462890625">
        <ele>13.6000003814697265625</ele>
        <time>2026-09-21T10:25:10.000Z</time>
        <extensions>
          <ns3:TrackPointExtension>
            <ns3:hr>129</ns3:hr>
            <ns3:cad>86</ns3:cad>
          </ns3:TrackPointExtension>
        </extensions>
      </trkpt>
      <trkpt lat="31.2185768969357013702392578125" lon="121.3883082568645477294921875">
        <ele>13.6000003814697265625</ele>
        <time>2026-09-21T10:25:11.000Z</time>
        <extensions>
          <ns3:TrackPointExtension>
            <ns3:hr>130</ns3:hr>
            <ns3:cad>86</ns3:cad>
          </ns3:TrackPointExtension>
        </extensions>
      </trkpt>
      <trkpt lat="31.21860045008361339569091796875" lon="121.3883144594728946685791015625">
        <ele>13.6000003814697265625</ele>
        <time>2026-09-21T10:25:12.000Z</time>
        <extensions>
          <ns3:TrackPointExtension>
            <ns3:hr>130</ns3:hr>
            <ns3:cad>86</ns3:cad>
          </ns3:TrackPointExtension>
        </extensions>
      </trkpt>
      <trkpt lat="31.2186276912689208984375" lon="121.38831940479576587677001953125">
        <ele>13.6000003814697265625</ele>
        <time>2026-09-21T10:25:13.000Z</time>
        <extensions>
          <ns3:TrackPointExtension>
            <ns3:hr>131</ns3:hr>
            <ns3:cad>87</ns3:cad>
          </ns3:TrackPointExtension>
        </extensions>
      </trkpt>
      <trkpt lat="31.218648143112659454345703125" lon="121.38832912780344486236572265625">
        <ele>13.80000019073486328125</ele>
        <time>2026-09-21T10:25:14.000Z</time>
        <extensions>
          <ns3:TrackPointExtension>
            <ns3:hr>131</ns3:hr>
            <ns3:cad>87</ns3:cad>
          </ns3:TrackPointExtension>
        </extensions>
      </trkpt>
      <trkpt lat="31.2186727859079837799072265625" lon="121.38833650387823581695556640625">
        <ele>13.80000019073486328125</ele>
        <time>2026-09-21T10:25:15.000Z</time>
        <extensions>
          <ns3:TrackPointExtension>
            <ns3:hr>132</ns3:hr>
            <ns3:cad>86</ns3:cad>
          </ns3:TrackPointExtension>
        </extensions>
      </trkpt>
      <trkpt lat="31.21869281865656375885009765625" lon="121.3883392699062824249267578125">
        <ele>13.80000019073486328125</ele>
        <time>2026-09-21T10:25:16.000Z</time>
        <extensions>
          <ns3:TrackPointExtension>
            <ns3:hr>132</ns3:hr>
            <ns3:cad>86</ns3:cad>
          </ns3:TrackPointExtension>
        </extensions>
      </trkpt>
      <trkpt lat="31.21872031129896640777587890625" lon="121.3883364200592041015625">
        <ele>13.80000019073486328125</ele>
        <time>2026-09-21T10:25:17.000Z</time>
        <extensions>
          <ns3:TrackPointExtension>
            <ns3:hr>133</ns3:hr>
            <ns3:cad>86</ns3:cad>
          </ns3:TrackPointExtension>
        </extensions>
      </trkpt>
      <trkpt lat="31.2187441997230052947998046875" lon="121.3883396051824092864990234375">
        <ele>14</ele>
        <time>2026-09-21T10:25:18.000Z</time>
        <extensions>
          <ns3:TrackPointExtension>
            <ns3:hr>133</ns3:hr>
            <ns3:cad>86</ns3:cad>
          </ns3:TrackPointExtension>
        </extensions>
      </trkpt>
      <trkpt lat="31.2187656573951244354248046875" lon="121.38834253884851932525634765625">
        <ele>14</ele>
        <time>2026-09-21T10:25:19.000Z</time>
        <extensions>
          <ns3:TrackPointExtension>
            <ns3:hr>134</ns3:hr>
            <ns3:cad>87</ns3:cad>
          </ns3:TrackPointExtension>
        </extensions>
      </trkpt>
      <trkpt lat="31.2187928147614002227783203125" lon="121.38835259713232517242431640625">
        <ele>14</ele>
        <time>2026-09-21T10:25:20.000Z</time>
        <extensions>
          <ns3:TrackPointExtension>
            <ns3:hr>134</ns3:hr>
            <ns3:cad>87</ns3:cad>
          </ns3:TrackPointExtension>
        </extensions>
      </trkpt>
      <trkpt lat="31.218815781176090240478515625" lon="121.38835444115102291107177734375">
        <ele>14</ele>
        <time>2026-09-21T10:25:21.000Z</time>
        <extensions>
          <ns3:TrackPointExtension>
            <ns3:hr>134</ns3:hr>
            <ns3:cad>87</ns3:cad>
          </ns3:TrackPointExtension>
        </extensions>
      </trkpt>
      <trkpt lat="31.21884469874203205108642578125" lon="121.3883573748171329498291015625">
        <ele>13.80000019073486328125</ele>
        <time>2026-09-21T10:25:22.000Z</time>
        <extensions>
          <ns3:TrackPointExtension>
            <ns3:hr>135</ns3:hr>
            <ns3:cad>86</ns3:cad>
          </ns3:TrackPointExtension>
        </extensions>
      </trkpt>
      <trkpt lat="31.2188645638525485992431640625" lon="121.38836030848324298858642578125">
        <ele>13.80000019073486328125</ele>
        <time>2026-09-21T10:25:23.000Z</time>
        <extensions>
          <ns3:TrackPointExtension>
            <ns3:hr>135</ns3:hr>
            <ns3:cad>86</ns3:cad>
          </ns3:TrackPointExtension>
        </extensions>
      </trkpt>
      <trkpt lat="31.21889264322817325592041015625" lon="121.38836416415870189666748046875">
        <ele>13.80000019073486328125</ele>
        <time>2026-09-21T10:25:24.000Z</time>
        <extensions>
          <ns3:TrackPointExtension>
            <ns3:hr>135</ns3:hr>
            <ns3:cad>86</ns3:cad>
          </ns3:TrackPointExtension>
        </extensions>
      </trkpt>
      <trkpt lat="31.21891628019511699676513671875" lon="121.3883634097874164581298828125">
        <ele>13.6000003814697265625</ele>
        <time>2026-09-21T10:25:25.000Z</time>
        <extensions>
          <ns3:TrackPointExtension>
            <ns3:hr>135</ns3:hr>
            <ns3:cad>86</ns3:cad>
          </ns3:TrackPointExtension>
        </extensions>
      </trkpt>
      <trkpt lat="31.218941174447536468505859375" lon="121.3883620686829090118408203125">
        <ele>13.6000003814697265625</ele>
        <time>2026-09-21T10:25:26.000Z</time>
        <extensions>
          <ns3:TrackPointExtension>
            <ns3:hr>135</ns3:hr>
            <ns3:cad>86</ns3:cad>
          </ns3:TrackPointExtension>
        </extensions>
      </trkpt>
      <trkpt lat="31.21896363794803619384765625" lon="121.38836793601512908935546875">
        <ele>13.6000003814697265625</ele>
        <time>2026-09-21T10:25:27.000Z</time>
        <extensions>
          <ns3:TrackPointExtension>
            <ns3:hr>135</ns3:hr>
            <ns3:cad>86</ns3:cad>
          </ns3:TrackPointExtension>
        </extensions>
      </trkpt>
      <trkpt lat="31.218983419239521026611328125" lon="121.388370282948017120361328125">
        <ele>13.6000003814697265625</ele>
        <time>2026-09-21T10:25:28.000Z</time>
        <extensions>
          <ns3:TrackPointExtension>
            <ns3:hr>135</ns3:hr>
            <ns3:cad>86</ns3:cad>
          </ns3:TrackPointExtension>
        </extensions>
      </trkpt>
      <trkpt lat="31.21901066042482852935791015625" lon="121.3883727975189685821533203125">
        <ele>13.6000003814697265625</ele>
        <time>2026-09-21T10:25:29.000Z</time>
        <extensions>
          <ns3:TrackPointExtension>
            <ns3:hr>136</ns3:hr>
            <ns3:cad>86</ns3:cad>
          </ns3:TrackPointExtension>
        </extensions>
      </trkpt>
      <trkpt lat="31.21903060935437679290771484375" lon="121.3883721269667148590087890625">
        <ele>13.6000003814697265625</ele>
        <time>2026-09-21T10:25:30.000Z</time>
        <extensions>
          <ns3:TrackPointExtension>
            <ns3:hr>136</ns3:hr>
            <ns3:cad>86</ns3:cad>
          </ns3:TrackPointExtension>
        </extensions>
      </trkpt>
      <trkpt lat="31.21906011365354061126708984375" lon="121.3883672654628753662109375">
        <ele>13.80000019073486328125</ele>
        <time>2026-09-21T10:25:31.000Z</time>
        <extensions>
          <ns3:TrackPointExtension>
            <ns3:hr>136</ns3:hr>
            <ns3:cad>87</ns3:cad>
          </ns3:TrackPointExtension>
        </extensions>
      </trkpt>
      <trkpt lat="31.2190828286111354827880859375" lon="121.38836659491062164306640625">
        <ele>13.80000019073486328125</ele>
        <time>2026-09-21T10:25:32.000Z</time>
        <extensions>
          <ns3:TrackPointExtension>
            <ns3:hr>135</ns3:hr>
            <ns3:cad>87</ns3:cad>
          </ns3:TrackPointExtension>
        </extensions>
      </trkpt>
      <trkpt lat="31.219109483063220977783203125" lon="121.388373635709285736083984375">
        <ele>13.80000019073486328125</ele>
        <time>2026-09-21T10:25:33.000Z</time>
        <extensions>
          <ns3:TrackPointExtension>
            <ns3:hr>136</ns3:hr>
            <ns3:cad>86</ns3:cad>
          </ns3:TrackPointExtension>
        </extensions>
      </trkpt>
      <trkpt lat="31.21912934817373752593994140625" lon="121.3883741386234760284423828125">
        <ele>13.80000019073486328125</ele>
        <time>2026-09-21T10:25:34.000Z</time>
        <extensions>
          <ns3:TrackPointExtension>
            <ns3:hr>136</ns3:hr>
            <ns3:cad>86</ns3:cad>
          </ns3:TrackPointExtension>
        </extensions>
      </trkpt>
      <trkpt lat="31.2191520631313323974609375" lon="121.3883707858622074127197265625">
        <ele>13.80000019073486328125</ele>
        <time>2026-09-21T10:25:35.000Z</time>
        <extensions>
          <ns3:TrackPointExtension>
            <ns3:hr>135</ns3:hr>
            <ns3:cad>86</ns3:cad>
          </ns3:TrackPointExtension>
        </extensions>
      </trkpt>
      <trkpt lat="31.21917477808892726898193359375" lon="121.38837422244250774383544921875">
        <ele>13.80000019073486328125</ele>
        <time>2026-09-21T10:25:36.000Z</time>
        <extensions>
          <ns3:TrackPointExtension>
            <ns3:hr>136</ns3:hr>
            <ns3:cad>86</ns3:cad>
          </ns3:TrackPointExtension>
        </extensions>
      </trkpt>
      <trkpt lat="31.219195984303951263427734375" lon="121.38836659491062164306640625">
        <ele>13.80000019073486328125</ele>
        <time>2026-09-21T10:25:37.000Z</time>
        <extensions>
          <ns3:TrackPointExtension>
            <ns3:hr>136</ns3:hr>
            <ns3:cad>87</ns3:cad>
          </ns3:TrackPointExtension>
        </extensions>
      </trkpt>
      <trkpt lat="31.21922875754535198211669921875" lon="121.38836382888257503509521484375">
        <ele>13.80000019073486328125</ele>
        <time>2026-09-21T10:25:38.000Z</time>
        <extensions>
          <ns3:TrackPointExtension>
            <ns3:hr>135</ns3:hr>
            <ns3:cad>87</ns3:cad>
          </ns3:TrackPointExtension>
        </extensions>
      </trkpt>
      <trkpt lat="31.21924669481813907623291015625" lon="121.38835896737873554229736328125">
        <ele>13.80000019073486328125</ele>
        <time>2026-09-21T10:25:39.000Z</time>
        <extensions>
          <ns3:TrackPointExtension>
            <ns3:hr>136</ns3:hr>
            <ns3:cad>86</ns3:cad>
          </ns3:TrackPointExtension>
        </extensions>
      </trkpt>
      <trkpt lat="31.2192782945930957794189453125" lon="121.3883556984364986419677734375">
        <ele>13.80000019073486328125</ele>
        <time>2026-09-21T10:25:40.000Z</time>
        <extensions>
          <ns3:TrackPointExtension>
            <ns3:hr>136</ns3:hr>
            <ns3:cad>86</ns3:cad>
          </ns3:TrackPointExtension>
        </extensions>
      </trkpt>
      <trkpt lat="31.21930427849292755126953125" lon="121.38835251331329345703125">
        <ele>13.80000019073486328125</ele>
        <time>2026-09-21T10:25:41.000Z</time>
        <extensions>
          <ns3:TrackPointExtension>
            <ns3:hr>136</ns3:hr>
            <ns3:cad>86</ns3:cad>
          </ns3:TrackPointExtension>
        </extensions>
      </trkpt>
      <trkpt lat="31.2193316034972667694091796875" lon="121.3883479870855808258056640625">
        <ele>13.80000019073486328125</ele>
        <time>2026-09-21T10:25:42.000Z</time>
        <extensions>
          <ns3:TrackPointExtension>
            <ns3:hr>136</ns3:hr>
            <ns3:cad>86</ns3:cad>
          </ns3:TrackPointExtension>
        </extensions>
      </trkpt>
      <trkpt lat="31.2193580903112888336181640625" lon="121.38834404759109020233154296875">
        <ele>13.80000019073486328125</ele>
        <time>2026-09-21T10:25:43.000Z</time>
        <extensions>
          <ns3:TrackPointExtension>
            <ns3:hr>136</ns3:hr>
            <ns3:cad>86</ns3:cad>
          </ns3:TrackPointExtension>
        </extensions>
      </trkpt>
      <trkpt lat="31.219376362860202789306640625" lon="121.388339437544345855712890625">
        <ele>13.80000019073486328125</ele>
        <time>2026-09-21T10:25:44.000Z</time>
        <extensions>
          <ns3:TrackPointExtension>
            <ns3:hr>136</ns3:hr>
            <ns3:cad>87</ns3:cad>
          </ns3:TrackPointExtension>
        </extensions>
      </trkpt>
      <trkpt lat="31.21940444223582744598388671875" lon="121.3883335702121257781982421875">
        <ele>13.6000003814697265625</ele>
        <time>2026-09-21T10:25:45.000Z</time>
        <extensions>
          <ns3:TrackPointExtension>
            <ns3:hr>137</ns3:hr>
            <ns3:cad>87</ns3:cad>
          </ns3:TrackPointExtension>
        </extensions>
      </trkpt>
      <trkpt lat="31.21942372061312198638916015625" lon="121.3883298821747303009033203125">
        <ele>13.6000003814697265625</ele>
        <time>2026-09-21T10:25:46.000Z</time>
        <extensions>
          <ns3:TrackPointExtension>
            <ns3:hr>137</ns3:hr>
            <ns3:cad>86</ns3:cad>
          </ns3:TrackPointExtension>
        </extensions>
      </trkpt>
      <trkpt lat="31.219451129436492919921875" lon="121.38832879252731800079345703125">
        <ele>13.6000003814697265625</ele>
        <time>2026-09-21T10:25:47.000Z</time>
        <extensions>
          <ns3:TrackPointExtension>
            <ns3:hr>137</ns3:hr>
            <ns3:cad>86</ns3:cad>
          </ns3:TrackPointExtension>
        </extensions>
      </trkpt>
      <trkpt lat="31.2194697372615337371826171875" lon="121.38832778669893741607666015625">
        <ele>13.6000003814697265625</ele>
        <time>2026-09-21T10:25:48.000Z</time>
        <extensions>
          <ns3:TrackPointExtension>
            <ns3:hr>137</ns3:hr>
            <ns3:cad>86</ns3:cad>
          </ns3:TrackPointExtension>
        </extensions>
      </trkpt>
      <trkpt lat="31.21949203312397003173828125" lon="121.38832694850862026214599609375">
        <ele>13.6000003814697265625</ele>
        <time>2026-09-21T10:25:49.000Z</time>
        <extensions>
          <ns3:TrackPointExtension>
            <ns3:hr>136</ns3:hr>
            <ns3:cad>87</ns3:cad>
          </ns3:TrackPointExtension>
        </extensions>
      </trkpt>
      <trkpt lat="31.21951441280543804168701171875" lon="121.38832527212798595428466796875">
        <ele>13.80000019073486328125</ele>
        <time>2026-09-21T10:25:50.000Z</time>
        <extensions>
          <ns3:TrackPointExtension>
            <ns3:hr>137</ns3:hr>
            <ns3:cad>87</ns3:cad>
          </ns3:TrackPointExtension>
        </extensions>
      </trkpt>
      <trkpt lat="31.21953452937304973602294921875" lon="121.38832946307957172393798828125">
        <ele>13.80000019073486328125</ele>
        <time>2026-09-21T10:25:51.000Z</time>
        <extensions>
          <ns3:TrackPointExtension>
            <ns3:hr>137</ns3:hr>
            <ns3:cad>87</ns3:cad>
          </ns3:TrackPointExtension>
        </extensions>
      </trkpt>
      <trkpt lat="31.219558082520961761474609375" lon="121.3883328996598720550537109375">
        <ele>14</ele>
        <time>2026-09-21T10:25:52.000Z</time>
        <extensions>
          <ns3:TrackPointExtension>
            <ns3:hr>136</ns3:hr>
            <ns3:cad>86</ns3:cad>
          </ns3:TrackPointExtension>
        </extensions>
      </trkpt>
      <trkpt lat="31.21957727707922458648681640625" lon="121.38833113946020603179931640625">
        <ele>14</ele>
        <time>2026-09-21T10:25:53.000Z</time>
        <extensions>
          <ns3:TrackPointExtension>
            <ns3:hr>137</ns3:hr>
            <ns3:cad>86</ns3:cad>
          </ns3:TrackPointExtension>
        </extensions>
      </trkpt>
      <trkpt lat="31.21960829012095928192138671875" lon="121.38832845725119113922119140625">
        <ele>14</ele>
        <time>2026-09-21T10:25:54.000Z</time>
        <extensions>
          <ns3:TrackPointExtension>
            <ns3:hr>137</ns3:hr>
            <ns3:cad>86</ns3:cad>
          </ns3:TrackPointExtension>
        </extensions>
      </trkpt>
      <trkpt lat="31.2196310050785541534423828125" lon="121.38832770287990570068359375">
        <ele>14</ele>
        <time>2026-09-21T10:25:55.000Z</time>
        <extensions>
          <ns3:TrackPointExtension>
            <ns3:hr>136</ns3:hr>
            <ns3:cad>86</ns3:cad>
          </ns3:TrackPointExtension>
        </extensions>
      </trkpt>
      <trkpt lat="31.21965506114065647125244140625" lon="121.388323344290256500244140625">
        <ele>14</ele>
        <time>2026-09-21T10:25:56.000Z</time>
        <extensions>
          <ns3:TrackPointExtension>
            <ns3:hr>137</ns3:hr>
            <ns3:cad>86</ns3:cad>
          </ns3:TrackPointExtension>
        </extensions>
      </trkpt>
      <trkpt lat="31.2196823023259639739990234375" lon="121.38832728378474712371826171875">
        <ele>14</ele>
        <time>2026-09-21T10:25:57.000Z</time>
        <extensions>
          <ns3:TrackPointExtension>
            <ns3:hr>137</ns3:hr>
            <ns3:cad>85</ns3:cad>
          </ns3:TrackPointExtension>
        </extensions>
      </trkpt>
      <trkpt lat="31.2197014130651950836181640625" lon="121.38831806369125843048095703125">
        <ele>14</ele>
        <time>2026-09-21T10:25:58.000Z</time>
        <extensions>
          <ns3:TrackPointExtension>
            <ns3:hr>136</ns3:hr>
            <ns3:cad>85</ns3:cad>
          </ns3:TrackPointExtension>
        </extensions>
      </trkpt>
      <trkpt lat="31.219730079174041748046875" lon="121.388317979872226715087890625">
        <ele>13.80000019073486328125</ele>
        <time>2026-09-21T10:25:59.000Z</time>
        <extensions>
          <ns3:TrackPointExtension>
            <ns3:hr>137</ns3:hr>
            <ns3:cad>85</ns3:cad>
          </ns3:TrackPointExtension>
        </extensions>
      </trkpt>
      <trkpt lat="31.2197513692080974578857421875" lon="121.38831672258675098419189453125">
        <ele>13.80000019073486328125</ele>
        <time>2026-09-21T10:26:00.000Z</time>
        <extensions>
          <ns3:TrackPointExtension>
            <ns3:hr>137</ns3:hr>
            <ns3:cad>85</ns3:cad>
          </ns3:TrackPointExtension>
        </extensions>
      </trkpt>
      <trkpt lat="31.219776012003421783447265625" lon="121.3883134536445140838623046875">
        <ele>13.80000019073486328125</ele>
        <time>2026-09-21T10:26:01.000Z</time>
        <extensions>
          <ns3:TrackPointExtension>
            <ns3:hr>136</ns3:hr>
            <ns3:cad>85</ns3:cad>
          </ns3:TrackPointExtension>
        </extensions>
      </trkpt>
      <trkpt lat="31.21979906223714351654052734375" lon="121.38831554912030696868896484375">
        <ele>13.80000019073486328125</ele>
        <time>2026-09-21T10:26:02.000Z</time>
        <extensions>
          <ns3:TrackPointExtension>
            <ns3:hr>137</ns3:hr>
            <ns3:cad>85</ns3:cad>
          </ns3:TrackPointExtension>
        </extensions>
      </trkpt>
      <trkpt lat="31.219821609556674957275390625" lon="121.38830834068357944488525390625">
        <ele>14</ele>
        <time>2026-09-21T10:26:03.000Z</time>
        <extensions>
          <ns3:TrackPointExtension>
            <ns3:hr>137</ns3:hr>
            <ns3:cad>84</ns3:cad>
          </ns3:TrackPointExtension>
        </extensions>
      </trkpt>
      <trkpt lat="31.2198507785797119140625" lon="121.38830867595970630645751953125">
        <ele>14</ele>
        <time>2026-09-21T10:26:04.000Z</time>
        <extensions>
          <ns3:TrackPointExtension>
            <ns3:hr>136</ns3:hr>
            <ns3:cad>84</ns3:cad>
          </ns3:TrackPointExtension>
        </extensions>
      </trkpt>
      <trkpt lat="31.21986888349056243896484375" lon="121.38830079697072505950927734375">
        <ele>14.19999980926513671875</ele>
        <time>2026-09-21T10:26:05.000Z</time>
        <extensions>
          <ns3:TrackPointExtension>
            <ns3:hr>137</ns3:hr>
            <ns3:cad>84</ns3:cad>
          </ns3:TrackPointExtension>
        </extensions>
      </trkpt>
      <trkpt lat="31.2198814563453197479248046875" lon="121.38828537426888942718505859375">
        <ele>14.3999996185302734375</ele>
        <time>2026-09-21T10:26:06.000Z</time>
        <extensions>
          <ns3:TrackPointExtension>
            <ns3:hr>137</ns3:hr>
            <ns3:cad>85</ns3:cad>
          </ns3:TrackPointExtension>
        </extensions>
      </trkpt>
      <trkpt lat="31.2198965437710285186767578125" lon="121.38825939036905765533447265625">
        <ele>14.6000003814697265625</ele>
        <time>2026-09-21T10:26:07.000Z</time>
        <extensions>
          <ns3:TrackPointExtension>
            <ns3:hr>137</ns3:hr>
            <ns3:cad>85</ns3:cad>
          </ns3:TrackPointExtension>
        </extensions>
      </trkpt>
      <trkpt lat="31.2199019081890583038330078125" lon="121.38823977671563625335693359375">
        <ele>14.6000003814697265625</ele>
        <time>2026-09-21T10:26:08.000Z</time>
        <extensions>
          <ns3:TrackPointExtension>
            <ns3:hr>137</ns3:hr>
            <ns3:cad>85</ns3:cad>
          </ns3:TrackPointExtension>
        </extensions>
      </trkpt>
      <trkpt lat="31.21991037391126155853271484375" lon="121.38820943422615528106689453125">
        <ele>14.6000003814697265625</ele>
        <time>2026-09-21T10:26:09.000Z</time>
        <extensions>
          <ns3:TrackPointExtension>
            <ns3:hr>136</ns3:hr>
            <ns3:cad>85</ns3:cad>
          </ns3:TrackPointExtension>
        </extensions>
      </trkpt>
      <trkpt lat="31.21991540305316448211669921875" lon="121.388183534145355224609375">
        <ele>14.80000019073486328125</ele>
        <time>2026-09-21T10:26:10.000Z</time>
        <extensions>
          <ns3:TrackPointExtension>
            <ns3:hr>137</ns3:hr>
            <ns3:cad>85</ns3:cad>
          </ns3:TrackPointExtension>
        </extensions>
      </trkpt>
      <trkpt lat="31.219920180737972259521484375" lon="121.3881565444171428680419921875">
        <ele>15</ele>
        <time>2026-09-21T10:26:11.000Z</time>
        <extensions>
          <ns3:TrackPointExtension>
            <ns3:hr>137</ns3:hr>
            <ns3:cad>82</ns3:cad>
          </ns3:TrackPointExtension>
        </extensions>
      </trkpt>
      <trkpt lat="31.21992881409823894500732421875" lon="121.38813148252665996551513671875">
        <ele>15</ele>
        <time>2026-09-21T10:26:12.000Z</time>
        <extensions>
          <ns3:TrackPointExtension>
            <ns3:hr>138</ns3:hr>
            <ns3:cad>82</ns3:cad>
          </ns3:TrackPointExtension>
        </extensions>
      </trkpt>
      <trkpt lat="31.21993124485015869140625" lon="121.388113796710968017578125">
        <ele>15</ele>
        <time>2026-09-21T10:26:13.000Z</time>
        <extensions>
          <ns3:TrackPointExtension>
            <ns3:hr>138</ns3:hr>
            <ns3:cad>83</ns3:cad>
          </ns3:TrackPointExtension>
        </extensions>
      </trkpt>
      <trkpt lat="31.21993065811693668365478515625" lon="121.38808496296405792236328125">
        <ele>15.19999980926513671875</ele>
        <time>2026-09-21T10:26:14.000Z</time>
        <extensions>
          <ns3:TrackPointExtension>
            <ns3:hr>138</ns3:hr>
            <ns3:cad>84</ns3:cad>
          </ns3:TrackPointExtension>
        </extensions>
      </trkpt>
      <trkpt lat="31.21992881409823894500732421875" lon="121.38806409202516078948974609375">
        <ele>15.19999980926513671875</ele>
        <time>2026-09-21T10:26:15.000Z</time>
        <extensions>
          <ns3:TrackPointExtension>
            <ns3:hr>138</ns3:hr>
            <ns3:cad>85</ns3:cad>
          </ns3:TrackPointExtension>
        </extensions>
      </trkpt>
      <trkpt lat="31.21992395259439945220947265625" lon="121.3880346715450286865234375">
        <ele>15.19999980926513671875</ele>
        <time>2026-09-21T10:26:16.000Z</time>
        <extensions>
          <ns3:TrackPointExtension>
            <ns3:hr>138</ns3:hr>
            <ns3:cad>85</ns3:cad>
          </ns3:TrackPointExtension>
        </extensions>
      </trkpt>
      <trkpt lat="31.2199245393276214599609375" lon="121.3880080170929431915283203125">
        <ele>15.19999980926513671875</ele>
        <time>2026-09-21T10:26:17.000Z</time>
        <extensions>
          <ns3:TrackPointExtension>
            <ns3:hr>138</ns3:hr>
            <ns3:cad>85</ns3:cad>
          </ns3:TrackPointExtension>
        </extensions>
      </trkpt>
      <trkpt lat="31.21992118656635284423828125" lon="121.38798094354569911956787109375">
        <ele>15.19999980926513671875</ele>
        <time>2026-09-21T10:26:18.000Z</time>
        <extensions>
          <ns3:TrackPointExtension>
            <ns3:hr>139</ns3:hr>
            <ns3:cad>85</ns3:cad>
          </ns3:TrackPointExtension>
        </extensions>
      </trkpt>
      <trkpt lat="31.2199213542044162750244140625" lon="121.3879530318081378936767578125">
        <ele>15.19999980926513671875</ele>
        <time>2026-09-21T10:26:19.000Z</time>
        <extensions>
          <ns3:TrackPointExtension>
            <ns3:hr>138</ns3:hr>
            <ns3:cad>85</ns3:cad>
          </ns3:TrackPointExtension>
        </extensions>
      </trkpt>
      <trkpt lat="31.219924204051494598388671875" lon="121.38793400488793849945068359375">
        <ele>15.19999980926513671875</ele>
        <time>2026-09-21T10:26:20.000Z</time>
        <extensions>
          <ns3:TrackPointExtension>
            <ns3:hr>138</ns3:hr>
            <ns3:cad>85</ns3:cad>
          </ns3:TrackPointExtension>
        </extensions>
      </trkpt>
      <trkpt lat="31.2199233658611774444580078125" lon="121.3879003934562206268310546875">
        <ele>15.19999980926513671875</ele>
        <time>2026-09-21T10:26:21.000Z</time>
        <extensions>
          <ns3:TrackPointExtension>
            <ns3:hr>138</ns3:hr>
            <ns3:cad>85</ns3:cad>
          </ns3:TrackPointExtension>
        </extensions>
      </trkpt>
      <trkpt lat="31.21992059983313083648681640625" lon="121.38787684030830860137939453125">
        <ele>15</ele>
        <time>2026-09-21T10:26:22.000Z</time>
        <extensions>
          <ns3:TrackPointExtension>
            <ns3:hr>138</ns3:hr>
            <ns3:cad>85</ns3:cad>
          </ns3:TrackPointExtension>
        </extensions>
      </trkpt>
      <trkpt lat="31.2199173308908939361572265625" lon="121.3878444023430347442626953125">
        <ele>15</ele>
        <time>2026-09-21T10:26:23.000Z</time>
        <extensions>
          <ns3:TrackPointExtension>
            <ns3:hr>138</ns3:hr>
            <ns3:cad>85</ns3:cad>
          </ns3:TrackPointExtension>
        </extensions>
      </trkpt>
      <trkpt lat="31.21991372667253017425537109375" lon="121.38782017864286899566650390625">
        <ele>15</ele>
        <time>2026-09-21T10:26:24.000Z</time>
        <extensions>
          <ns3:TrackPointExtension>
            <ns3:hr>139</ns3:hr>
            <ns3:cad>85</ns3:cad>
          </ns3:TrackPointExtension>
        </extensions>
      </trkpt>
      <trkpt lat="31.21990836225450038909912109375" lon="121.387791931629180908203125">
        <ele>15</ele>
        <time>2026-09-21T10:26:25.000Z</time>
        <extensions>
          <ns3:TrackPointExtension>
            <ns3:hr>139</ns3:hr>
            <ns3:cad>85</ns3:cad>
          </ns3:TrackPointExtension>
        </extensions>
      </trkpt>
      <trkpt lat="31.21991406194865703582763671875" lon="121.3877622596919536590576171875">
        <ele>15.19999980926513671875</ele>
        <time>2026-09-21T10:26:26.000Z</time>
        <extensions>
          <ns3:TrackPointExtension>
            <ns3:hr>139</ns3:hr>
            <ns3:cad>86</ns3:cad>
          </ns3:TrackPointExtension>
        </extensions>
      </trkpt>
      <trkpt lat="31.21991892345249652862548828125" lon="121.38773870654404163360595703125">
        <ele>15.19999980926513671875</ele>
        <time>2026-09-21T10:26:27.000Z</time>
        <extensions>
          <ns3:TrackPointExtension>
            <ns3:hr>139</ns3:hr>
            <ns3:cad>87</ns3:cad>
          </ns3:TrackPointExtension>
        </extensions>
      </trkpt>
      <trkpt lat="31.219922862946987152099609375" lon="121.38770987279713153839111328125">
        <ele>15.19999980926513671875</ele>
        <time>2026-09-21T10:26:28.000Z</time>
        <extensions>
          <ns3:TrackPointExtension>
            <ns3:hr>139</ns3:hr>
            <ns3:cad>87</ns3:cad>
          </ns3:TrackPointExtension>
        </extensions>
      </trkpt>
      <trkpt lat="31.21992051601409912109375" lon="121.38768724165856838226318359375">
        <ele>15.19999980926513671875</ele>
        <time>2026-09-21T10:26:29.000Z</time>
        <extensions>
          <ns3:TrackPointExtension>
            <ns3:hr>140</ns3:hr>
            <ns3:cad>86</ns3:cad>
          </ns3:TrackPointExtension>
        </extensions>
      </trkpt>
      <trkpt lat="31.2199163250625133514404296875" lon="121.3876556418836116790771484375">
        <ele>15.19999980926513671875</ele>
        <time>2026-09-21T10:26:30.000Z</time>
        <extensions>
          <ns3:TrackPointExtension>
            <ns3:hr>140</ns3:hr>
            <ns3:cad>86</ns3:cad>
          </ns3:TrackPointExtension>
        </extensions>
      </trkpt>
      <trkpt lat="31.2199153192341327667236328125" lon="121.38762957416474819183349609375">
        <ele>15</ele>
        <time>2026-09-21T10:26:31.000Z</time>
        <extensions>
          <ns3:TrackPointExtension>
            <ns3:hr>140</ns3:hr>
            <ns3:cad>86</ns3:cad>
          </ns3:TrackPointExtension>
        </extensions>
      </trkpt>
      <trkpt lat="31.2199133075773715972900390625" lon="121.38760459609329700469970703125">
        <ele>15</ele>
        <time>2026-09-21T10:26:32.000Z</time>
        <extensions>
          <ns3:TrackPointExtension>
            <ns3:hr>140</ns3:hr>
            <ns3:cad>85</ns3:cad>
          </ns3:TrackPointExtension>
        </extensions>
      </trkpt>
      <trkpt lat="31.21991439722478389739990234375" lon="121.38757442124187946319580078125">
        <ele>15</ele>
        <time>2026-09-21T10:26:33.000Z</time>
        <extensions>
          <ns3:TrackPointExtension>
            <ns3:hr>139</ns3:hr>
            <ns3:cad>85</ns3:cad>
          </ns3:TrackPointExtension>
        </extensions>
      </trkpt>
      <trkpt lat="31.21990869753062725067138671875" lon="121.38755522668361663818359375">
        <ele>15</ele>
        <time>2026-09-21T10:26:34.000Z</time>
        <extensions>
          <ns3:TrackPointExtension>
            <ns3:hr>140</ns3:hr>
            <ns3:cad>85</ns3:cad>
          </ns3:TrackPointExtension>
        </extensions>
      </trkpt>
      <trkpt lat="31.2199116311967372894287109375" lon="121.38752262108027935028076171875">
        <ele>15</ele>
        <time>2026-09-21T10:26:35.000Z</time>
        <extensions>
          <ns3:TrackPointExtension>
            <ns3:hr>140</ns3:hr>
            <ns3:cad>85</ns3:cad>
          </ns3:TrackPointExtension>
        </extensions>
      </trkpt>
      <trkpt lat="31.2199069373309612274169921875" lon="121.3875004090368747711181640625">
        <ele>15</ele>
        <time>2026-09-21T10:26:36.000Z</time>
        <extensions>
          <ns3:TrackPointExtension>
            <ns3:hr>139</ns3:hr>
            <ns3:cad>85</ns3:cad>
          </ns3:TrackPointExtension>
        </extensions>
      </trkpt>
      <trkpt lat="31.2199045903980731964111328125" lon="121.3874698989093303680419921875">
        <ele>15</ele>
        <time>2026-09-21T10:26:37.000Z</time>
        <extensions>
          <ns3:TrackPointExtension>
            <ns3:hr>140</ns3:hr>
            <ns3:cad>85</ns3:cad>
          </ns3:TrackPointExtension>
        </extensions>
      </trkpt>
      <trkpt lat="31.21990383602678775787353515625" lon="121.387440897524356842041015625">
        <ele>15</ele>
        <time>2026-09-21T10:26:38.000Z</time>
        <extensions>
          <ns3:TrackPointExtension>
            <ns3:hr>140</ns3:hr>
            <ns3:cad>85</ns3:cad>
          </ns3:TrackPointExtension>
        </extensions>
      </trkpt>
      <trkpt lat="31.21989930979907512664794921875" lon="121.38741281814873218536376953125">
        <ele>15</ele>
        <time>2026-09-21T10:26:39.000Z</time>
        <extensions>
          <ns3:TrackPointExtension>
            <ns3:hr>139</ns3:hr>
            <ns3:cad>85</ns3:cad>
          </ns3:TrackPointExtension>
        </extensions>
      </trkpt>
      <trkpt lat="31.2198977172374725341796875" lon="121.38738733716309070587158203125">
        <ele>15</ele>
        <time>2026-09-21T10:26:40.000Z</time>
        <extensions>
          <ns3:TrackPointExtension>
            <ns3:hr>139</ns3:hr>
            <ns3:cad>85</ns3:cad>
          </ns3:TrackPointExtension>
        </extensions>
      </trkpt>
      <trkpt lat="31.2198948673903942108154296875" lon="121.38736219145357608795166015625">
        <ele>15</ele>
        <time>2026-09-21T10:26:41.000Z</time>
        <extensions>
          <ns3:TrackPointExtension>
            <ns3:hr>139</ns3:hr>
            <ns3:cad>85</ns3:cad>
          </ns3:TrackPointExtension>
        </extensions>
      </trkpt>
      <trkpt lat="31.2198901735246181488037109375" lon="121.387334279716014862060546875">
        <ele>15</ele>
        <time>2026-09-21T10:26:42.000Z</time>
        <extensions>
          <ns3:TrackPointExtension>
            <ns3:hr>140</ns3:hr>
            <ns3:cad>85</ns3:cad>
          </ns3:TrackPointExtension>
        </extensions>
      </trkpt>
      <trkpt lat="31.2198884971439838409423828125" lon="121.3873046077787876129150390625">
        <ele>14.80000019073486328125</ele>
        <time>2026-09-21T10:26:43.000Z</time>
        <extensions>
          <ns3:TrackPointExtension>
            <ns3:hr>139</ns3:hr>
            <ns3:cad>85</ns3:cad>
          </ns3:TrackPointExtension>
        </extensions>
      </trkpt>
      <trkpt lat="31.21988489292562007904052734375" lon="121.38728030025959014892578125">
        <ele>15</ele>
        <time>2026-09-21T10:26:44.000Z</time>
        <extensions>
          <ns3:TrackPointExtension>
            <ns3:hr>139</ns3:hr>
            <ns3:cad>86</ns3:cad>
          </ns3:TrackPointExtension>
        </extensions>
      </trkpt>
      <trkpt lat="31.2198838032782077789306640625" lon="121.38725071214139461517333984375">
        <ele>15</ele>
        <time>2026-09-21T10:26:45.000Z</time>
        <extensions>
          <ns3:TrackPointExtension>
            <ns3:hr>139</ns3:hr>
            <ns3:cad>87</ns3:cad>
          </ns3:TrackPointExtension>
        </extensions>
      </trkpt>
      <trkpt lat="31.21988229453563690185546875" lon="121.38722389005124568939208984375">
        <ele>15</ele>
        <time>2026-09-21T10:26:46.000Z</time>
        <extensions>
          <ns3:TrackPointExtension>
            <ns3:hr>140</ns3:hr>
            <ns3:cad>87</ns3:cad>
          </ns3:TrackPointExtension>
        </extensions>
      </trkpt>
      <trkpt lat="31.21988355182111263275146484375" lon="121.38719455339014530181884765625">
        <ele>14.80000019073486328125</ele>
        <time>2026-09-21T10:26:47.000Z</time>
        <extensions>
          <ns3:TrackPointExtension>
            <ns3:hr>139</ns3:hr>
            <ns3:cad>86</ns3:cad>
          </ns3:TrackPointExtension>
        </extensions>
      </trkpt>
      <trkpt lat="31.2198774330317974090576171875" lon="121.387167982757091522216796875">
        <ele>14.80000019073486328125</ele>
        <time>2026-09-21T10:26:48.000Z</time>
        <extensions>
          <ns3:TrackPointExtension>
            <ns3:hr>139</ns3:hr>
            <ns3:cad>86</ns3:cad>
          </ns3:TrackPointExtension>
        </extensions>
      </trkpt>
      <trkpt lat="31.21987584047019481658935546875" lon="121.3871366344392299652099609375">
        <ele>14.80000019073486328125</ele>
        <time>2026-09-21T10:26:49.000Z</time>
        <extensions>
          <ns3:TrackPointExtension>
            <ns3:hr>139</ns3:hr>
            <ns3:cad>86</ns3:cad>
          </ns3:TrackPointExtension>
        </extensions>
      </trkpt>
      <trkpt lat="31.21987734921276569366455078125" lon="121.387107633054256439208984375">
        <ele>14.80000019073486328125</ele>
        <time>2026-09-21T10:26:50.000Z</time>
        <extensions>
          <ns3:TrackPointExtension>
            <ns3:hr>138</ns3:hr>
            <ns3:cad>86</ns3:cad>
          </ns3:TrackPointExtension>
        </extensions>
      </trkpt>
      <trkpt lat="31.21988095343112945556640625" lon="121.38707787729799747467041015625">
        <ele>14.80000019073486328125</ele>
        <time>2026-09-21T10:26:51.000Z</time>
        <extensions>
          <ns3:TrackPointExtension>
            <ns3:hr>138</ns3:hr>
            <ns3:cad>87</ns3:cad>
          </ns3:TrackPointExtension>
        </extensions>
      </trkpt>
      <trkpt lat="31.219880618155002593994140625" lon="121.3870508037507534027099609375">
        <ele>14.80000019073486328125</ele>
        <time>2026-09-21T10:26:52.000Z</time>
        <extensions>
          <ns3:TrackPointExtension>
            <ns3:hr>138</ns3:hr>
            <ns3:cad>87</ns3:cad>
          </ns3:TrackPointExtension>
        </extensions>
      </trkpt>
      <trkpt lat="31.219883970916271209716796875" lon="121.38702289201319217681884765625">
        <ele>14.80000019073486328125</ele>
        <time>2026-09-21T10:26:53.000Z</time>
        <extensions>
          <ns3:TrackPointExtension>
            <ns3:hr>138</ns3:hr>
            <ns3:cad>86</ns3:cad>
          </ns3:TrackPointExtension>
        </extensions>
      </trkpt>
      <trkpt lat="31.2198824621737003326416015625" lon="121.38699573464691638946533203125">
        <ele>14.80000019073486328125</ele>
        <time>2026-09-21T10:26:54.000Z</time>
        <extensions>
          <ns3:TrackPointExtension>
            <ns3:hr>138</ns3:hr>
            <ns3:cad>86</ns3:cad>
          </ns3:TrackPointExtension>
        </extensions>
      </trkpt>
      <trkpt lat="31.2198722362518310546875" lon="121.38696916401386260986328125">
        <ele>14.80000019073486328125</ele>
        <time>2026-09-21T10:26:55.000Z</time>
        <extensions>
          <ns3:TrackPointExtension>
            <ns3:hr>138</ns3:hr>
            <ns3:cad>86</ns3:cad>
          </ns3:TrackPointExtension>
        </extensions>
      </trkpt>
      <trkpt lat="31.21987181715667247772216796875" lon="121.38693354092538356781005859375">
        <ele>14.6000003814697265625</ele>
        <time>2026-09-21T10:26:56.000Z</time>
        <extensions>
          <ns3:TrackPointExtension>
            <ns3:hr>138</ns3:hr>
            <ns3:cad>86</ns3:cad>
          </ns3:TrackPointExtension>
        </extensions>
      </trkpt>
      <trkpt lat="31.21986754238605499267578125" lon="121.386905126273632049560546875">
        <ele>14.6000003814697265625</ele>
        <time>2026-09-21T10:26:57.000Z</time>
        <extensions>
          <ns3:TrackPointExtension>
            <ns3:hr>139</ns3:hr>
            <ns3:cad>87</ns3:cad>
          </ns3:TrackPointExtension>
        </extensions>
      </trkpt>
      <trkpt lat="31.2198683805763721466064453125" lon="121.386869251728057861328125">
        <ele>14.6000003814697265625</ele>
        <time>2026-09-21T10:26:58.000Z</time>
        <extensions>
          <ns3:TrackPointExtension>
            <ns3:hr>139</ns3:hr>
            <ns3:cad>87</ns3:cad>
          </ns3:TrackPointExtension>
        </extensions>
      </trkpt>
      <trkpt lat="31.21986628510057926177978515625" lon="121.38684133999049663543701171875">
        <ele>14.6000003814697265625</ele>
        <time>2026-09-21T10:26:59.000Z</time>
        <extensions>
          <ns3:TrackPointExtension>
            <ns3:hr>139</ns3:hr>
            <ns3:cad>87</ns3:cad>
          </ns3:TrackPointExtension>
        </extensions>
      </trkpt>
      <trkpt lat="31.21986427344381809234619140625" lon="121.38680781237781047821044921875">
        <ele>14.6000003814697265625</ele>
        <time>2026-09-21T10:27:00.000Z</time>
        <extensions>
          <ns3:TrackPointExtension>
            <ns3:hr>139</ns3:hr>
            <ns3:cad>87</ns3:cad>
          </ns3:TrackPointExtension>
        </extensions>
      </trkpt>
      <trkpt lat="31.21986410580575466156005859375" lon="121.38677713461220264434814453125">
        <ele>14.80000019073486328125</ele>
        <time>2026-09-21T10:27:01.000Z</time>
        <extensions>
          <ns3:TrackPointExtension>
            <ns3:hr>139</ns3:hr>
            <ns3:cad>87</ns3:cad>
          </ns3:TrackPointExtension>
        </extensions>
      </trkpt>
      <trkpt lat="31.21986075304448604583740234375" lon="121.386740505695343017578125">
        <ele>14.6000003814697265625</ele>
        <time>2026-09-21T10:27:02.000Z</time>
        <extensions>
          <ns3:TrackPointExtension>
            <ns3:hr>140</ns3:hr>
            <ns3:cad>87</ns3:cad>
          </ns3:TrackPointExtension>
        </extensions>
      </trkpt>
      <trkpt lat="31.21986343525350093841552734375" lon="121.386707313358783721923828125">
        <ele>14.6000003814697265625</ele>
        <time>2026-09-21T10:27:03.000Z</time>
        <extensions>
          <ns3:TrackPointExtension>
            <ns3:hr>140</ns3:hr>
            <ns3:cad>87</ns3:cad>
          </ns3:TrackPointExtension>
        </extensions>
      </trkpt>
      <trkpt lat="31.219859831035137176513671875" lon="121.38668124563992023468017578125">
        <ele>14.6000003814697265625</ele>
        <time>2026-09-21T10:27:04.000Z</time>
        <extensions>
          <ns3:TrackPointExtension>
            <ns3:hr>140</ns3:hr>
            <ns3:cad>87</ns3:cad>
          </ns3:TrackPointExtension>
        </extensions>
      </trkpt>
      <trkpt lat="31.2198593281209468841552734375" lon="121.3866478018462657928466796875">
        <ele>14.6000003814697265625</ele>
        <time>2026-09-21T10:27:05.000Z</time>
        <extensions>
          <ns3:TrackPointExtension>
            <ns3:hr>140</ns3:hr>
            <ns3:cad>87</ns3:cad>
          </ns3:TrackPointExtension>
        </extensions>
      </trkpt>
      <trkpt lat="31.2198569811880588531494140625" lon="121.3866229914128780364990234375">
        <ele>14.6000003814697265625</ele>
        <time>2026-09-21T10:27:06.000Z</time>
        <extensions>
          <ns3:TrackPointExtension>
            <ns3:hr>140</ns3:hr>
            <ns3:cad>87</ns3:cad>
          </ns3:TrackPointExtension>
        </extensions>
      </trkpt>
      <trkpt lat="31.21985614299774169921875" lon="121.38659072108566761016845703125">
        <ele>14.6000003814697265625</ele>
        <time>2026-09-21T10:27:07.000Z</time>
        <extensions>
          <ns3:TrackPointExtension>
            <ns3:hr>141</ns3:hr>
            <ns3:cad>87</ns3:cad>
          </ns3:TrackPointExtension>
        </extensions>
      </trkpt>
      <trkpt lat="31.21984885074198246002197265625" lon="121.38656339608132839202880859375">
        <ele>14.6000003814697265625</ele>
        <time>2026-09-21T10:27:08.000Z</time>
        <extensions>
          <ns3:TrackPointExtension>
            <ns3:hr>141</ns3:hr>
            <ns3:cad>87</ns3:cad>
          </ns3:TrackPointExtension>
        </extensions>
      </trkpt>
      <trkpt lat="31.219848096370697021484375" lon="121.3865368254482746124267578125">
        <ele>14.6000003814697265625</ele>
        <time>2026-09-21T10:27:09.000Z</time>
        <extensions>
          <ns3:TrackPointExtension>
            <ns3:hr>141</ns3:hr>
            <ns3:cad>87</ns3:cad>
          </ns3:TrackPointExtension>
        </extensions>
      </trkpt>
      <trkpt lat="31.2198462523519992828369140625" lon="121.38650706969201564788818359375">
        <ele>14.6000003814697265625</ele>
        <time>2026-09-21T10:27:10.000Z</time>
        <extensions>
          <ns3:TrackPointExtension>
            <ns3:hr>141</ns3:hr>
            <ns3:cad>87</ns3:cad>
          </ns3:TrackPointExtension>
        </extensions>
      </trkpt>
      <trkpt lat="31.219844408333301544189453125" lon="121.38648225925862789154052734375">
        <ele>14.6000003814697265625</ele>
        <time>2026-09-21T10:27:11.000Z</time>
        <extensions>
          <ns3:TrackPointExtension>
            <ns3:hr>141</ns3:hr>
            <ns3:cad>86</ns3:cad>
          </ns3:TrackPointExtension>
        </extensions>
      </trkpt>
      <trkpt lat="31.219844408333301544189453125" lon="121.38645677827298641204833984375">
        <ele>14.6000003814697265625</ele>
        <time>2026-09-21T10:27:12.000Z</time>
        <extensions>
          <ns3:TrackPointExtension>
            <ns3:hr>141</ns3:hr>
            <ns3:cad>86</ns3:cad>
          </ns3:TrackPointExtension>
        </extensions>
      </trkpt>
      <trkpt lat="31.219840385019779205322265625" lon="121.38642895035445690155029296875">
        <ele>14.6000003814697265625</ele>
        <time>2026-09-21T10:27:13.000Z</time>
        <extensions>
          <ns3:TrackPointExtension>
            <ns3:hr>141</ns3:hr>
            <ns3:cad>86</ns3:cad>
          </ns3:TrackPointExtension>
        </extensions>
      </trkpt>
      <trkpt lat="31.2198425643146038055419921875" lon="121.38640196062624454498291015625">
        <ele>14.6000003814697265625</ele>
        <time>2026-09-21T10:27:14.000Z</time>
        <extensions>
          <ns3:TrackPointExtension>
            <ns3:hr>141</ns3:hr>
            <ns3:cad>86</ns3:cad>
          </ns3:TrackPointExtension>
        </extensions>
      </trkpt>
      <trkpt lat="31.2198445759713649749755859375" lon="121.38637664727866649627685546875">
        <ele>14.6000003814697265625</ele>
        <time>2026-09-21T10:27:15.000Z</time>
        <extensions>
          <ns3:TrackPointExtension>
            <ns3:hr>141</ns3:hr>
            <ns3:cad>86</ns3:cad>
          </ns3:TrackPointExtension>
        </extensions>
      </trkpt>
      <trkpt lat="31.21984968893229961395263671875" lon="121.38634865172207355499267578125">
        <ele>14.6000003814697265625</ele>
        <time>2026-09-21T10:27:16.000Z</time>
        <extensions>
          <ns3:TrackPointExtension>
            <ns3:hr>140</ns3:hr>
            <ns3:cad>87</ns3:cad>
          </ns3:TrackPointExtension>
        </extensions>
      </trkpt>
      <trkpt lat="31.21985287405550479888916015625" lon="121.38632417656481266021728515625">
        <ele>14.6000003814697265625</ele>
        <time>2026-09-21T10:27:17.000Z</time>
        <extensions>
          <ns3:TrackPointExtension>
            <ns3:hr>140</ns3:hr>
            <ns3:cad>87</ns3:cad>
          </ns3:TrackPointExtension>
        </extensions>
      </trkpt>
      <trkpt lat="31.219856478273868560791015625" lon="121.3862944208085536956787109375">
        <ele>14.6000003814697265625</ele>
        <time>2026-09-21T10:27:18.000Z</time>
        <extensions>
          <ns3:TrackPointExtension>
            <ns3:hr>140</ns3:hr>
            <ns3:cad>86</ns3:cad>
          </ns3:TrackPointExtension>
        </extensions>
      </trkpt>
      <trkpt lat="31.2198574841022491455078125" lon="121.38626717962324619293212890625">
        <ele>14.6000003814697265625</ele>
        <time>2026-09-21T10:27:19.000Z</time>
        <extensions>
          <ns3:TrackPointExtension>
            <ns3:hr>140</ns3:hr>
            <ns3:cad>86</ns3:cad>
          </ns3:TrackPointExtension>
        </extensions>
      </trkpt>
      <trkpt lat="31.2198601663112640380859375" lon="121.38623901642858982086181640625">
        <ele>14.80000019073486328125</ele>
        <time>2026-09-21T10:27:20.000Z</time>
        <extensions>
          <ns3:TrackPointExtension>
            <ns3:hr>140</ns3:hr>
            <ns3:cad>86</ns3:cad>
          </ns3:TrackPointExtension>
        </extensions>
      </trkpt>
      <trkpt lat="31.21986486017704010009765625" lon="121.38620733283460140228271484375">
        <ele>14.6000003814697265625</ele>
        <time>2026-09-21T10:27:21.000Z</time>
        <extensions>
          <ns3:TrackPointExtension>
            <ns3:hr>140</ns3:hr>
            <ns3:cad>87</ns3:cad>
          </ns3:TrackPointExtension>
        </extensions>
      </trkpt>
      <trkpt lat="31.21986125595867633819580078125" lon="121.386182606220245361328125">
        <ele>14.80000019073486328125</ele>
        <time>2026-09-21T10:27:22.000Z</time>
        <extensions>
          <ns3:TrackPointExtension>
            <ns3:hr>139</ns3:hr>
            <ns3:cad>87</ns3:cad>
          </ns3:TrackPointExtension>
        </extensions>
      </trkpt>
      <trkpt lat="31.2198606692254543304443359375" lon="121.3861542753875255584716796875">
        <ele>14.6000003814697265625</ele>
        <time>2026-09-21T10:27:23.000Z</time>
        <extensions>
          <ns3:TrackPointExtension>
            <ns3:hr>139</ns3:hr>
            <ns3:cad>87</ns3:cad>
          </ns3:TrackPointExtension>
        </extensions>
      </trkpt>
      <trkpt lat="31.21985823847353458404541015625" lon="121.38612787239253520965576171875">
        <ele>14.6000003814697265625</ele>
        <time>2026-09-21T10:27:24.000Z</time>
        <extensions>
          <ns3:TrackPointExtension>
            <ns3:hr>139</ns3:hr>
            <ns3:cad>87</ns3:cad>
          </ns3:TrackPointExtension>
        </extensions>
      </trkpt>
      <trkpt lat="31.2198596633970737457275390625" lon="121.386096440255641937255859375">
        <ele>14.6000003814697265625</ele>
        <time>2026-09-21T10:27:25.000Z</time>
        <extensions>
          <ns3:TrackPointExtension>
            <ns3:hr>139</ns3:hr>
            <ns3:cad>87</ns3:cad>
          </ns3:TrackPointExtension>
        </extensions>
      </trkpt>
      <trkpt lat="31.21986343525350093841552734375" lon="121.3860701210796833038330078125">
        <ele>14.6000003814697265625</ele>
        <time>2026-09-21T10:27:26.000Z</time>
        <extensions>
          <ns3:TrackPointExtension>
            <ns3:hr>139</ns3:hr>
            <ns3:cad>86</ns3:cad>
          </ns3:TrackPointExtension>
        </extensions>
      </trkpt>
      <trkpt lat="31.2198623456060886383056640625" lon="121.3860404491424560546875">
        <ele>14.6000003814697265625</ele>
        <time>2026-09-21T10:27:27.000Z</time>
        <extensions>
          <ns3:TrackPointExtension>
            <ns3:hr>138</ns3:hr>
            <ns3:cad>86</ns3:cad>
          </ns3:TrackPointExtension>
        </extensions>
      </trkpt>
      <trkpt lat="31.21985790319740772247314453125" lon="121.38601471669971942901611328125">
        <ele>14.6000003814697265625</ele>
        <time>2026-09-21T10:27:28.000Z</time>
        <extensions>
          <ns3:TrackPointExtension>
            <ns3:hr>138</ns3:hr>
            <ns3:cad>87</ns3:cad>
          </ns3:TrackPointExtension>
        </extensions>
      </trkpt>
      <trkpt lat="31.21985438279807567596435546875" lon="121.385989822447299957275390625">
        <ele>14.6000003814697265625</ele>
        <time>2026-09-21T10:27:29.000Z</time>
        <extensions>
          <ns3:TrackPointExtension>
            <ns3:hr>137</ns3:hr>
            <ns3:cad>87</ns3:cad>
          </ns3:TrackPointExtension>
        </extensions>
      </trkpt>
      <trkpt lat="31.21985840611159801483154296875" lon="121.38596409000456333160400390625">
        <ele>14.6000003814697265625</ele>
        <time>2026-09-21T10:27:30.000Z</time>
        <extensions>
          <ns3:TrackPointExtension>
            <ns3:hr>137</ns3:hr>
            <ns3:cad>86</ns3:cad>
          </ns3:TrackPointExtension>
        </extensions>
      </trkpt>
      <trkpt lat="31.21985572390258312225341796875" lon="121.38594045303761959075927734375">
        <ele>14.6000003814697265625</ele>
        <time>2026-09-21T10:27:31.000Z</time>
        <extensions>
          <ns3:TrackPointExtension>
            <ns3:hr>137</ns3:hr>
            <ns3:cad>86</ns3:cad>
          </ns3:TrackPointExtension>
        </extensions>
      </trkpt>
      <trkpt lat="31.21985136531293392181396484375" lon="121.3859117031097412109375">
        <ele>14.6000003814697265625</ele>
        <time>2026-09-21T10:27:32.000Z</time>
        <extensions>
          <ns3:TrackPointExtension>
            <ns3:hr>137</ns3:hr>
            <ns3:cad>86</ns3:cad>
          </ns3:TrackPointExtension>
        </extensions>
      </trkpt>
      <trkpt lat="31.21985136531293392181396484375" lon="121.385885886847972869873046875">
        <ele>14.6000003814697265625</ele>
        <time>2026-09-21T10:27:33.000Z</time>
        <extensions>
          <ns3:TrackPointExtension>
            <ns3:hr>136</ns3:hr>
            <ns3:cad>86</ns3:cad>
          </ns3:TrackPointExtension>
        </extensions>
      </trkpt>
      <trkpt lat="31.2198529578745365142822265625" lon="121.3858552090823650360107421875">
        <ele>14.6000003814697265625</ele>
        <time>2026-09-21T10:27:34.000Z</time>
        <extensions>
          <ns3:TrackPointExtension>
            <ns3:hr>136</ns3:hr>
            <ns3:cad>86</ns3:cad>
          </ns3:TrackPointExtension>
        </extensions>
      </trkpt>
      <trkpt lat="31.21985186822712421417236328125" lon="121.3858290575444698333740234375">
        <ele>14.6000003814697265625</ele>
        <time>2026-09-21T10:27:35.000Z</time>
        <extensions>
          <ns3:TrackPointExtension>
            <ns3:hr>136</ns3:hr>
            <ns3:cad>87</ns3:cad>
          </ns3:TrackPointExtension>
        </extensions>
      </trkpt>
      <trkpt lat="31.21984985657036304473876953125" lon="121.38580114580690860748291015625">
        <ele>14.6000003814697265625</ele>
        <time>2026-09-21T10:27:36.000Z</time>
        <extensions>
          <ns3:TrackPointExtension>
            <ns3:hr>137</ns3:hr>
            <ns3:cad>87</ns3:cad>
          </ns3:TrackPointExtension>
        </extensions>
      </trkpt>
      <trkpt lat="31.21985069476068019866943359375" lon="121.3857754133641719818115234375">
        <ele>14.6000003814697265625</ele>
        <time>2026-09-21T10:27:37.000Z</time>
        <extensions>
          <ns3:TrackPointExtension>
            <ns3:hr>136</ns3:hr>
            <ns3:cad>86</ns3:cad>
          </ns3:TrackPointExtension>
        </extensions>
      </trkpt>
      <trkpt lat="31.2198526225984096527099609375" lon="121.38575152494013309478759765625">
        <ele>14.80000019073486328125</ele>
        <time>2026-09-21T10:27:38.000Z</time>
        <extensions>
          <ns3:TrackPointExtension>
            <ns3:hr>136</ns3:hr>
            <ns3:cad>86</ns3:cad>
          </ns3:TrackPointExtension>
        </extensions>
      </trkpt>
      <trkpt lat="31.219857148826122283935546875" lon="121.385723613202571868896484375">
        <ele>14.80000019073486328125</ele>
        <time>2026-09-21T10:27:39.000Z</time>
        <extensions>
          <ns3:TrackPointExtension>
            <ns3:hr>136</ns3:hr>
            <ns3:cad>85</ns3:cad>
          </ns3:TrackPointExtension>
        </extensions>
      </trkpt>
      <trkpt lat="31.2198553048074245452880859375" lon="121.3856989704072475433349609375">
        <ele>14.6000003814697265625</ele>
        <time>2026-09-21T10:27:40.000Z</time>
        <extensions>
          <ns3:TrackPointExtension>
            <ns3:hr>137</ns3:hr>
            <ns3:cad>85</ns3:cad>
          </ns3:TrackPointExtension>
        </extensions>
      </trkpt>
      <trkpt lat="31.2198569811880588531494140625" lon="121.38567156158387660980224609375">
        <ele>14.80000019073486328125</ele>
        <time>2026-09-21T10:27:41.000Z</time>
        <extensions>
          <ns3:TrackPointExtension>
            <ns3:hr>136</ns3:hr>
            <ns3:cad>86</ns3:cad>
          </ns3:TrackPointExtension>
        </extensions>
      </trkpt>
      <trkpt lat="31.21985605917870998382568359375" lon="121.38564390130341053009033203125">
        <ele>14.80000019073486328125</ele>
        <time>2026-09-21T10:27:42.000Z</time>
        <extensions>
          <ns3:TrackPointExtension>
            <ns3:hr>136</ns3:hr>
            <ns3:cad>86</ns3:cad>
          </ns3:TrackPointExtension>
        </extensions>
      </trkpt>
      <trkpt lat="31.2198519520461559295654296875" lon="121.385619677603244781494140625">
        <ele>14.80000019073486328125</ele>
        <time>2026-09-21T10:27:43.000Z</time>
        <extensions>
          <ns3:TrackPointExtension>
            <ns3:hr>137</ns3:hr>
            <ns3:cad>86</ns3:cad>
          </ns3:TrackPointExtension>
        </extensions>
      </trkpt>
      <trkpt lat="31.2198435701429843902587890625" lon="121.38558422215282917022705078125">
        <ele>14.80000019073486328125</ele>
        <time>2026-09-21T10:27:44.000Z</time>
        <extensions>
          <ns3:TrackPointExtension>
            <ns3:hr>136</ns3:hr>
            <ns3:cad>86</ns3:cad>
          </ns3:TrackPointExtension>
        </extensions>
      </trkpt>
      <trkpt lat="31.2198321707546710968017578125" lon="121.38556301593780517578125">
        <ele>14.80000019073486328125</ele>
        <time>2026-09-21T10:27:45.000Z</time>
        <extensions>
          <ns3:TrackPointExtension>
            <ns3:hr>136</ns3:hr>
            <ns3:cad>86</ns3:cad>
          </ns3:TrackPointExtension>
        </extensions>
      </trkpt>
      <trkpt lat="31.2198199331760406494140625" lon="121.38553258962929248809814453125">
        <ele>14.80000019073486328125</ele>
        <time>2026-09-21T10:27:46.000Z</time>
        <extensions>
          <ns3:TrackPointExtension>
            <ns3:hr>137</ns3:hr>
            <ns3:cad>86</ns3:cad>
          </ns3:TrackPointExtension>
        </extensions>
      </trkpt>
      <trkpt lat="31.219812892377376556396484375" lon="121.3855038397014141082763671875">
        <ele>14.80000019073486328125</ele>
        <time>2026-09-21T10:27:47.000Z</time>
        <extensions>
          <ns3:TrackPointExtension>
            <ns3:hr>136</ns3:hr>
            <ns3:cad>86</ns3:cad>
          </ns3:TrackPointExtension>
        </extensions>
      </trkpt>
      <trkpt lat="31.21979353018105030059814453125" lon="121.3854807056486606597900390625">
        <ele>14.80000019073486328125</ele>
        <time>2026-09-21T10:27:48.000Z</time>
        <extensions>
          <ns3:TrackPointExtension>
            <ns3:hr>136</ns3:hr>
            <ns3:cad>86</ns3:cad>
          </ns3:TrackPointExtension>
        </extensions>
      </trkpt>
      <trkpt lat="31.21976754628121852874755859375" lon="121.38546016998589038848876953125">
        <ele>14.80000019073486328125</ele>
        <time>2026-09-21T10:27:49.000Z</time>
        <extensions>
          <ns3:TrackPointExtension>
            <ns3:hr>136</ns3:hr>
            <ns3:cad>85</ns3:cad>
          </ns3:TrackPointExtension>
        </extensions>
      </trkpt>
      <trkpt lat="31.21974340640008449554443359375" lon="121.38545732013881206512451171875">
        <ele>14.80000019073486328125</ele>
        <time>2026-09-21T10:27:50.000Z</time>
        <extensions>
          <ns3:TrackPointExtension>
            <ns3:hr>135</ns3:hr>
            <ns3:cad>84</ns3:cad>
          </ns3:TrackPointExtension>
        </extensions>
      </trkpt>
      <trkpt lat="31.2197134830057621002197265625" lon="121.38545279391109943389892578125">
        <ele>14.80000019073486328125</ele>
        <time>2026-09-21T10:27:51.000Z</time>
        <extensions>
          <ns3:TrackPointExtension>
            <ns3:hr>135</ns3:hr>
            <ns3:cad>84</ns3:cad>
          </ns3:TrackPointExtension>
        </extensions>
      </trkpt>
      <trkpt lat="31.21969060041010379791259765625" lon="121.38545111753046512603759765625">
        <ele>14.6000003814697265625</ele>
        <time>2026-09-21T10:27:52.000Z</time>
        <extensions>
          <ns3:TrackPointExtension>
            <ns3:hr>135</ns3:hr>
            <ns3:cad>84</ns3:cad>
          </ns3:TrackPointExtension>
        </extensions>
      </trkpt>
      <trkpt lat="31.21966478414833545684814453125" lon="121.38545581139624118804931640625">
        <ele>14.6000003814697265625</ele>
        <time>2026-09-21T10:27:53.000Z</time>
        <extensions>
          <ns3:TrackPointExtension>
            <ns3:hr>135</ns3:hr>
            <ns3:cad>83</ns3:cad>
          </ns3:TrackPointExtension>
        </extensions>
      </trkpt>
      <trkpt lat="31.21964399702847003936767578125" lon="121.38545773923397064208984375">
        <ele>14.6000003814697265625</ele>
        <time>2026-09-21T10:27:54.000Z</time>
        <extensions>
          <ns3:TrackPointExtension>
            <ns3:hr>135</ns3:hr>
            <ns3:cad>84</ns3:cad>
          </ns3:TrackPointExtension>
        </extensions>
      </trkpt>
      <trkpt lat="31.2196206115186214447021484375" lon="121.385460086166858673095703125">
        <ele>14.6000003814697265625</ele>
        <time>2026-09-21T10:27:55.000Z</time>
        <extensions>
          <ns3:TrackPointExtension>
            <ns3:hr>135</ns3:hr>
            <ns3:cad>85</ns3:cad>
          </ns3:TrackPointExtension>
        </extensions>
      </trkpt>
      <trkpt lat="31.21959135867655277252197265625" lon="121.38546050526201725006103515625">
        <ele>14.6000003814697265625</ele>
        <time>2026-09-21T10:27:56.000Z</time>
        <extensions>
          <ns3:TrackPointExtension>
            <ns3:hr>135</ns3:hr>
            <ns3:cad>86</ns3:cad>
          </ns3:TrackPointExtension>
        </extensions>
      </trkpt>
      <trkpt lat="31.2195686437189579010009765625" lon="121.3854639418423175811767578125">
        <ele>14.6000003814697265625</ele>
        <time>2026-09-21T10:27:57.000Z</time>
        <extensions>
          <ns3:TrackPointExtension>
            <ns3:hr>135</ns3:hr>
            <ns3:cad>86</ns3:cad>
          </ns3:TrackPointExtension>
        </extensions>
      </trkpt>
      <trkpt lat="31.21954299509525299072265625" lon="121.38546176254749298095703125">
        <ele>14.6000003814697265625</ele>
        <time>2026-09-21T10:27:58.000Z</time>
        <extensions>
          <ns3:TrackPointExtension>
            <ns3:hr>135</ns3:hr>
            <ns3:cad>86</ns3:cad>
          </ns3:TrackPointExtension>
        </extensions>
      </trkpt>
      <trkpt lat="31.21952354907989501953125" lon="121.3854624330997467041015625">
        <ele>14.6000003814697265625</ele>
        <time>2026-09-21T10:27:59.000Z</time>
        <extensions>
          <ns3:TrackPointExtension>
            <ns3:hr>135</ns3:hr>
            <ns3:cad>87</ns3:cad>
          </ns3:TrackPointExtension>
        </extensions>
      </trkpt>
      <trkpt lat="31.2195019237697124481201171875" lon="121.3854642771184444427490234375">
        <ele>14.6000003814697265625</ele>
        <time>2026-09-21T10:28:00.000Z</time>
        <extensions>
          <ns3:TrackPointExtension>
            <ns3:hr>135</ns3:hr>
            <ns3:cad>87</ns3:cad>
          </ns3:TrackPointExtension>
        </extensions>
      </trkpt>
      <trkpt lat="31.21947954408824443817138671875" lon="121.385464780032634735107421875">
        <ele>14.6000003814697265625</ele>
        <time>2026-09-21T10:28:01.000Z</time>
        <extensions>
          <ns3:TrackPointExtension>
            <ns3:hr>135</ns3:hr>
            <ns3:cad>86</ns3:cad>
          </ns3:TrackPointExtension>
        </extensions>
      </trkpt>
      <trkpt lat="31.21945540420711040496826171875" lon="121.38546821661293506622314453125">
        <ele>14.6000003814697265625</ele>
        <time>2026-09-21T10:28:02.000Z</time>
        <extensions>
          <ns3:TrackPointExtension>
            <ns3:hr>135</ns3:hr>
            <ns3:cad>86</ns3:cad>
          </ns3:TrackPointExtension>
        </extensions>
      </trkpt>
      <trkpt lat="31.21943562291562557220458984375" lon="121.385468803346157073974609375">
        <ele>14.80000019073486328125</ele>
        <time>2026-09-21T10:28:03.000Z</time>
        <extensions>
          <ns3:TrackPointExtension>
            <ns3:hr>135</ns3:hr>
            <ns3:cad>86</ns3:cad>
          </ns3:TrackPointExtension>
        </extensions>
      </trkpt>
      <trkpt lat="31.219414584338665008544921875" lon="121.38547115027904510498046875">
        <ele>14.80000019073486328125</ele>
        <time>2026-09-21T10:28:04.000Z</time>
        <extensions>
          <ns3:TrackPointExtension>
            <ns3:hr>135</ns3:hr>
            <ns3:cad>86</ns3:cad>
          </ns3:TrackPointExtension>
        </extensions>
      </trkpt>
      <trkpt lat="31.21939136646687984466552734375" lon="121.38547383248805999755859375">
        <ele>14.80000019073486328125</ele>
        <time>2026-09-21T10:28:05.000Z</time>
        <extensions>
          <ns3:TrackPointExtension>
            <ns3:hr>135</ns3:hr>
            <ns3:cad>86</ns3:cad>
          </ns3:TrackPointExtension>
        </extensions>
      </trkpt>
      <trkpt lat="31.21936890296638011932373046875" lon="121.38547542504966259002685546875">
        <ele>14.6000003814697265625</ele>
        <time>2026-09-21T10:28:06.000Z</time>
        <extensions>
          <ns3:TrackPointExtension>
            <ns3:hr>135</ns3:hr>
            <ns3:cad>86</ns3:cad>
          </ns3:TrackPointExtension>
        </extensions>
      </trkpt>
      <trkpt lat="31.2193379737436771392822265625" lon="121.385473497211933135986328125">
        <ele>14.6000003814697265625</ele>
        <time>2026-09-21T10:28:07.000Z</time>
        <extensions>
          <ns3:TrackPointExtension>
            <ns3:hr>136</ns3:hr>
            <ns3:cad>86</ns3:cad>
          </ns3:TrackPointExtension>
        </extensions>
      </trkpt>
      <trkpt lat="31.21931626461446285247802734375" lon="121.38546972535550594329833984375">
        <ele>14.6000003814697265625</ele>
        <time>2026-09-21T10:28:08.000Z</time>
        <extensions>
          <ns3:TrackPointExtension>
            <ns3:hr>136</ns3:hr>
            <ns3:cad>86</ns3:cad>
          </ns3:TrackPointExtension>
        </extensions>
      </trkpt>
      <trkpt lat="31.21929086744785308837890625" lon="121.38546989299356937408447265625">
        <ele>14.6000003814697265625</ele>
        <time>2026-09-21T10:28:09.000Z</time>
        <extensions>
          <ns3:TrackPointExtension>
            <ns3:hr>136</ns3:hr>
            <ns3:cad>86</ns3:cad>
          </ns3:TrackPointExtension>
        </extensions>
      </trkpt>
      <trkpt lat="31.2192705832421779632568359375" lon="121.38546620495617389678955078125">
        <ele>14.6000003814697265625</ele>
        <time>2026-09-21T10:28:10.000Z</time>
        <extensions>
          <ns3:TrackPointExtension>
            <ns3:hr>136</ns3:hr>
            <ns3:cad>86</ns3:cad>
          </ns3:TrackPointExtension>
        </extensions>
      </trkpt>
      <trkpt lat="31.21925272978842258453369140625" lon="121.385462768375873565673828125">
        <ele>14.6000003814697265625</ele>
        <time>2026-09-21T10:28:11.000Z</time>
        <extensions>
          <ns3:TrackPointExtension>
            <ns3:hr>136</ns3:hr>
            <ns3:cad>86</ns3:cad>
          </ns3:TrackPointExtension>
        </extensions>
      </trkpt>
      <trkpt lat="31.21922783553600311279296875" lon="121.3854562304913997650146484375">
        <ele>14.80000019073486328125</ele>
        <time>2026-09-21T10:28:12.000Z</time>
        <extensions>
          <ns3:TrackPointExtension>
            <ns3:hr>137</ns3:hr>
            <ns3:cad>86</ns3:cad>
          </ns3:TrackPointExtension>
        </extensions>
      </trkpt>
      <trkpt lat="31.2192082218825817108154296875" lon="121.3854569010436534881591796875">
        <ele>14.80000019073486328125</ele>
        <time>2026-09-21T10:28:13.000Z</time>
        <extensions>
          <ns3:TrackPointExtension>
            <ns3:hr>136</ns3:hr>
            <ns3:cad>86</ns3:cad>
          </ns3:TrackPointExtension>
        </extensions>
      </trkpt>
      <trkpt lat="31.21918383054435253143310546875" lon="121.38545027934014797210693359375">
        <ele>15</ele>
        <time>2026-09-21T10:28:14.000Z</time>
        <extensions>
          <ns3:TrackPointExtension>
            <ns3:hr>136</ns3:hr>
            <ns3:cad>86</ns3:cad>
          </ns3:TrackPointExtension>
        </extensions>
      </trkpt>
      <trkpt lat="31.2191627919673919677734375" lon="121.38544793240725994110107421875">
        <ele>15</ele>
        <time>2026-09-21T10:28:15.000Z</time>
        <extensions>
          <ns3:TrackPointExtension>
            <ns3:hr>137</ns3:hr>
            <ns3:cad>86</ns3:cad>
          </ns3:TrackPointExtension>
        </extensions>
      </trkpt>
      <trkpt lat="31.21913773007690906524658203125" lon="121.38544223271310329437255859375">
        <ele>15</ele>
        <time>2026-09-21T10:28:16.000Z</time>
        <extensions>
          <ns3:TrackPointExtension>
            <ns3:hr>136</ns3:hr>
            <ns3:cad>86</ns3:cad>
          </ns3:TrackPointExtension>
        </extensions>
      </trkpt>
      <trkpt lat="31.21911660768091678619384765625" lon="121.38543938286602497100830078125">
        <ele>15</ele>
        <time>2026-09-21T10:28:17.000Z</time>
        <extensions>
          <ns3:TrackPointExtension>
            <ns3:hr>135</ns3:hr>
            <ns3:cad>87</ns3:cad>
          </ns3:TrackPointExtension>
        </extensions>
      </trkpt>
      <trkpt lat="31.21909095905721187591552734375" lon="121.385432593524456024169921875">
        <ele>15</ele>
        <time>2026-09-21T10:28:18.000Z</time>
        <extensions>
          <ns3:TrackPointExtension>
            <ns3:hr>135</ns3:hr>
            <ns3:cad>87</ns3:cad>
          </ns3:TrackPointExtension>
        </extensions>
      </trkpt>
      <trkpt lat="31.21906748972833156585693359375" lon="121.385422535240650177001953125">
        <ele>15</ele>
        <time>2026-09-21T10:28:19.000Z</time>
        <extensions>
          <ns3:TrackPointExtension>
            <ns3:hr>135</ns3:hr>
            <ns3:cad>87</ns3:cad>
          </ns3:TrackPointExtension>
        </extensions>
      </trkpt>
      <trkpt lat="31.2190447747707366943359375" lon="121.38541750609874725341796875">
        <ele>15</ele>
        <time>2026-09-21T10:28:20.000Z</time>
        <extensions>
          <ns3:TrackPointExtension>
            <ns3:hr>135</ns3:hr>
            <ns3:cad>86</ns3:cad>
          </ns3:TrackPointExtension>
        </extensions>
      </trkpt>
      <trkpt lat="31.21901853941380977630615234375" lon="121.38541038148105144500732421875">
        <ele>15</ele>
        <time>2026-09-21T10:28:21.000Z</time>
        <extensions>
          <ns3:TrackPointExtension>
            <ns3:hr>135</ns3:hr>
            <ns3:cad>86</ns3:cad>
          </ns3:TrackPointExtension>
        </extensions>
      </trkpt>
      <trkpt lat="31.218994818627834320068359375" lon="121.3854022510349750518798828125">
        <ele>15</ele>
        <time>2026-09-21T10:28:22.000Z</time>
        <extensions>
          <ns3:TrackPointExtension>
            <ns3:hr>135</ns3:hr>
            <ns3:cad>86</ns3:cad>
          </ns3:TrackPointExtension>
        </extensions>
      </trkpt>
      <trkpt lat="31.21896573342382907867431640625" lon="121.38539345003664493560791015625">
        <ele>15</ele>
        <time>2026-09-21T10:28:23.000Z</time>
        <extensions>
          <ns3:TrackPointExtension>
            <ns3:hr>136</ns3:hr>
            <ns3:cad>87</ns3:cad>
          </ns3:TrackPointExtension>
        </extensions>
      </trkpt>
      <trkpt lat="31.21894620358943939208984375" lon="121.3853868283331394195556640625">
        <ele>15</ele>
        <time>2026-09-21T10:28:24.000Z</time>
        <extensions>
          <ns3:TrackPointExtension>
            <ns3:hr>135</ns3:hr>
            <ns3:cad>87</ns3:cad>
          </ns3:TrackPointExtension>
        </extensions>
      </trkpt>
      <trkpt lat="31.21892231516540050506591796875" lon="121.3853801228106021881103515625">
        <ele>15.19999980926513671875</ele>
        <time>2026-09-21T10:28:25.000Z</time>
        <extensions>
          <ns3:TrackPointExtension>
            <ns3:hr>135</ns3:hr>
            <ns3:cad>87</ns3:cad>
          </ns3:TrackPointExtension>
        </extensions>
      </trkpt>
      <trkpt lat="31.21890018694102764129638671875" lon="121.38537459075450897216796875">
        <ele>15</ele>
        <time>2026-09-21T10:28:26.000Z</time>
        <extensions>
          <ns3:TrackPointExtension>
            <ns3:hr>136</ns3:hr>
            <ns3:cad>86</ns3:cad>
          </ns3:TrackPointExtension>
        </extensions>
      </trkpt>
      <trkpt lat="31.2188704311847686767578125" lon="121.3853640295565128326416015625">
        <ele>15</ele>
        <time>2026-09-21T10:28:27.000Z</time>
        <extensions>
          <ns3:TrackPointExtension>
            <ns3:hr>136</ns3:hr>
            <ns3:cad>86</ns3:cad>
          </ns3:TrackPointExtension>
        </extensions>
      </trkpt>
      <trkpt lat="31.2188498117029666900634765625" lon="121.385352797806262969970703125">
        <ele>15</ele>
        <time>2026-09-21T10:28:28.000Z</time>
        <extensions>
          <ns3:TrackPointExtension>
            <ns3:hr>136</ns3:hr>
            <ns3:cad>86</ns3:cad>
          </ns3:TrackPointExtension>
        </extensions>
      </trkpt>
      <trkpt lat="31.218821816146373748779296875" lon="121.385347433388233184814453125">
        <ele>15</ele>
        <time>2026-09-21T10:28:29.000Z</time>
        <extensions>
          <ns3:TrackPointExtension>
            <ns3:hr>136</ns3:hr>
            <ns3:cad>87</ns3:cad>
          </ns3:TrackPointExtension>
        </extensions>
      </trkpt>
      <trkpt lat="31.21879859827458858489990234375" lon="121.38534114696085453033447265625">
        <ele>15</ele>
        <time>2026-09-21T10:28:30.000Z</time>
        <extensions>
          <ns3:TrackPointExtension>
            <ns3:hr>136</ns3:hr>
            <ns3:cad>87</ns3:cad>
          </ns3:TrackPointExtension>
        </extensions>
      </trkpt>
      <trkpt lat="31.2187819182872772216796875" lon="121.38533494435250759124755859375">
        <ele>15</ele>
        <time>2026-09-21T10:28:31.000Z</time>
        <extensions>
          <ns3:TrackPointExtension>
            <ns3:hr>136</ns3:hr>
            <ns3:cad>87</ns3:cad>
          </ns3:TrackPointExtension>
        </extensions>
      </trkpt>
      <trkpt lat="31.2187552638351917266845703125" lon="121.3853256404399871826171875">
        <ele>15</ele>
        <time>2026-09-21T10:28:32.000Z</time>
        <extensions>
          <ns3:TrackPointExtension>
            <ns3:hr>136</ns3:hr>
            <ns3:cad>87</ns3:cad>
          </ns3:TrackPointExtension>
        </extensions>
      </trkpt>
      <trkpt lat="31.2187338061630725860595703125" lon="121.385324634611606597900390625">
        <ele>15</ele>
        <time>2026-09-21T10:28:33.000Z</time>
        <extensions>
          <ns3:TrackPointExtension>
            <ns3:hr>137</ns3:hr>
            <ns3:cad>86</ns3:cad>
          </ns3:TrackPointExtension>
        </extensions>
      </trkpt>
      <trkpt lat="31.21870673261582851409912109375" lon="121.38531767763197422027587890625">
        <ele>15</ele>
        <time>2026-09-21T10:28:34.000Z</time>
        <extensions>
          <ns3:TrackPointExtension>
            <ns3:hr>137</ns3:hr>
            <ns3:cad>86</ns3:cad>
          </ns3:TrackPointExtension>
        </extensions>
      </trkpt>
      <trkpt lat="31.2186878733336925506591796875" lon="121.38531315140426158905029296875">
        <ele>14.80000019073486328125</ele>
        <time>2026-09-21T10:28:35.000Z</time>
        <extensions>
          <ns3:TrackPointExtension>
            <ns3:hr>137</ns3:hr>
            <ns3:cad>87</ns3:cad>
          </ns3:TrackPointExtension>
        </extensions>
      </trkpt>
      <trkpt lat="31.21867035515606403350830078125" lon="121.3853015005588531494140625">
        <ele>14.80000019073486328125</ele>
        <time>2026-09-21T10:28:36.000Z</time>
        <extensions>
          <ns3:TrackPointExtension>
            <ns3:hr>136</ns3:hr>
            <ns3:cad>87</ns3:cad>
          </ns3:TrackPointExtension>
        </extensions>
      </trkpt>
      <trkpt lat="31.21864906512200832366943359375" lon="121.385291106998920440673828125">
        <ele>14.80000019073486328125</ele>
        <time>2026-09-21T10:28:37.000Z</time>
        <extensions>
          <ns3:TrackPointExtension>
            <ns3:hr>137</ns3:hr>
            <ns3:cad>86</ns3:cad>
          </ns3:TrackPointExtension>
        </extensions>
      </trkpt>
      <trkpt lat="31.21862702071666717529296875" lon="121.38528213836252689361572265625">
        <ele>14.80000019073486328125</ele>
        <time>2026-09-21T10:28:38.000Z</time>
        <extensions>
          <ns3:TrackPointExtension>
            <ns3:hr>137</ns3:hr>
            <ns3:cad>86</ns3:cad>
          </ns3:TrackPointExtension>
        </extensions>
      </trkpt>
      <trkpt lat="31.218599192798137664794921875" lon="121.38526671566069126129150390625">
        <ele>14.80000019073486328125</ele>
        <time>2026-09-21T10:28:39.000Z</time>
        <extensions>
          <ns3:TrackPointExtension>
            <ns3:hr>136</ns3:hr>
            <ns3:cad>86</ns3:cad>
          </ns3:TrackPointExtension>
        </extensions>
      </trkpt>
      <trkpt lat="31.218582428991794586181640625" lon="121.3852624408900737762451171875">
        <ele>14.80000019073486328125</ele>
        <time>2026-09-21T10:28:40.000Z</time>
        <extensions>
          <ns3:TrackPointExtension>
            <ns3:hr>137</ns3:hr>
            <ns3:cad>86</ns3:cad>
          </ns3:TrackPointExtension>
        </extensions>
      </trkpt>
      <trkpt lat="31.218560300767421722412109375" lon="121.38524944894015789031982421875">
        <ele>14.80000019073486328125</ele>
        <time>2026-09-21T10:28:41.000Z</time>
        <extensions>
          <ns3:TrackPointExtension>
            <ns3:hr>137</ns3:hr>
            <ns3:cad>86</ns3:cad>
          </ns3:TrackPointExtension>
        </extensions>
      </trkpt>
      <trkpt lat="31.2185457162559032440185546875" lon="121.38523670844733715057373046875">
        <ele>14.80000019073486328125</ele>
        <time>2026-09-21T10:28:42.000Z</time>
        <extensions>
          <ns3:TrackPointExtension>
            <ns3:hr>137</ns3:hr>
            <ns3:cad>86</ns3:cad>
          </ns3:TrackPointExtension>
        </extensions>
      </trkpt>
      <trkpt lat="31.21851646341383457183837890625" lon="121.385220028460025787353515625">
        <ele>14.80000019073486328125</ele>
        <time>2026-09-21T10:28:43.000Z</time>
        <extensions>
          <ns3:TrackPointExtension>
            <ns3:hr>136</ns3:hr>
            <ns3:cad>86</ns3:cad>
          </ns3:TrackPointExtension>
        </extensions>
      </trkpt>
      <trkpt lat="31.2185004539787769317626953125" lon="121.38520619831979274749755859375">
        <ele>14.80000019073486328125</ele>
        <time>2026-09-21T10:28:44.000Z</time>
        <extensions>
          <ns3:TrackPointExtension>
            <ns3:hr>137</ns3:hr>
            <ns3:cad>86</ns3:cad>
          </ns3:TrackPointExtension>
        </extensions>
      </trkpt>
      <trkpt lat="31.21847279369831085205078125" lon="121.38518750667572021484375">
        <ele>14.6000003814697265625</ele>
        <time>2026-09-21T10:28:45.000Z</time>
        <extensions>
          <ns3:TrackPointExtension>
            <ns3:hr>137</ns3:hr>
            <ns3:cad>86</ns3:cad>
          </ns3:TrackPointExtension>
        </extensions>
      </trkpt>
      <trkpt lat="31.2184474803507328033447265625" lon="121.385171748697757720947265625">
        <ele>14.80000019073486328125</ele>
        <time>2026-09-21T10:28:46.000Z</time>
        <extensions>
          <ns3:TrackPointExtension>
            <ns3:hr>137</ns3:hr>
            <ns3:cad>86</ns3:cad>
          </ns3:TrackPointExtension>
        </extensions>
      </trkpt>
      <trkpt lat="31.21842845343053340911865234375" lon="121.3851615227758884429931640625">
        <ele>14.80000019073486328125</ele>
        <time>2026-09-21T10:28:47.000Z</time>
        <extensions>
          <ns3:TrackPointExtension>
            <ns3:hr>137</ns3:hr>
            <ns3:cad>86</ns3:cad>
          </ns3:TrackPointExtension>
        </extensions>
      </trkpt>
      <trkpt lat="31.2184028886258602142333984375" lon="121.38514283113181591033935546875">
        <ele>14.6000003814697265625</ele>
        <time>2026-09-21T10:28:48.000Z</time>
        <extensions>
          <ns3:TrackPointExtension>
            <ns3:hr>137</ns3:hr>
            <ns3:cad>86</ns3:cad>
          </ns3:TrackPointExtension>
        </extensions>
      </trkpt>
      <trkpt lat="31.21838889084756374359130859375" lon="121.3851325213909149169921875">
        <ele>14.6000003814697265625</ele>
        <time>2026-09-21T10:28:49.000Z</time>
        <extensions>
          <ns3:TrackPointExtension>
            <ns3:hr>136</ns3:hr>
            <ns3:cad>86</ns3:cad>
          </ns3:TrackPointExtension>
        </extensions>
      </trkpt>
      <trkpt lat="31.218367516994476318359375" lon="121.38511332683265209197998046875">
        <ele>14.3999996185302734375</ele>
        <time>2026-09-21T10:28:50.000Z</time>
        <extensions>
          <ns3:TrackPointExtension>
            <ns3:hr>137</ns3:hr>
            <ns3:cad>86</ns3:cad>
          </ns3:TrackPointExtension>
        </extensions>
      </trkpt>
      <trkpt lat="31.218349747359752655029296875" lon="121.38509907759726047515869140625">
        <ele>14.3999996185302734375</ele>
        <time>2026-09-21T10:28:51.000Z</time>
        <extensions>
          <ns3:TrackPointExtension>
            <ns3:hr>137</ns3:hr>
            <ns3:cad>86</ns3:cad>
          </ns3:TrackPointExtension>
        </extensions>
      </trkpt>
      <trkpt lat="31.21832870878279209136962890625" lon="121.385084576904773712158203125">
        <ele>14.3999996185302734375</ele>
        <time>2026-09-21T10:28:52.000Z</time>
        <extensions>
          <ns3:TrackPointExtension>
            <ns3:hr>136</ns3:hr>
            <ns3:cad>86</ns3:cad>
          </ns3:TrackPointExtension>
        </extensions>
      </trkpt>
      <trkpt lat="31.2183080054819583892822265625" lon="121.3850733451545238494873046875">
        <ele>14.3999996185302734375</ele>
        <time>2026-09-21T10:28:53.000Z</time>
        <extensions>
          <ns3:TrackPointExtension>
            <ns3:hr>136</ns3:hr>
            <ns3:cad>87</ns3:cad>
          </ns3:TrackPointExtension>
        </extensions>
      </trkpt>
      <trkpt lat="31.21828814037144184112548828125" lon="121.38506236486136913299560546875">
        <ele>14.3999996185302734375</ele>
        <time>2026-09-21T10:28:54.000Z</time>
        <extensions>
          <ns3:TrackPointExtension>
            <ns3:hr>136</ns3:hr>
            <ns3:cad>87</ns3:cad>
          </ns3:TrackPointExtension>
        </extensions>
      </trkpt>
      <trkpt lat="31.2182669341564178466796875" lon="121.3850515522062778472900390625">
        <ele>14.6000003814697265625</ele>
        <time>2026-09-21T10:28:55.000Z</time>
        <extensions>
          <ns3:TrackPointExtension>
            <ns3:hr>136</ns3:hr>
            <ns3:cad>87</ns3:cad>
          </ns3:TrackPointExtension>
        </extensions>
      </trkpt>
      <trkpt lat="31.21824857778847217559814453125" lon="121.38504308648407459259033203125">
        <ele>14.3999996185302734375</ele>
        <time>2026-09-21T10:28:56.000Z</time>
        <extensions>
          <ns3:TrackPointExtension>
            <ns3:hr>135</ns3:hr>
            <ns3:cad>87</ns3:cad>
          </ns3:TrackPointExtension>
        </extensions>
      </trkpt>
      <trkpt lat="31.21822468936443328857421875" lon="121.38502481393516063690185546875">
        <ele>14.3999996185302734375</ele>
        <time>2026-09-21T10:28:57.000Z</time>
        <extensions>
          <ns3:TrackPointExtension>
            <ns3:hr>135</ns3:hr>
            <ns3:cad>87</ns3:cad>
          </ns3:TrackPointExtension>
        </extensions>
      </trkpt>
      <trkpt lat="31.2182101048529148101806640625" lon="121.385016851127147674560546875">
        <ele>14.3999996185302734375</ele>
        <time>2026-09-21T10:28:58.000Z</time>
        <extensions>
          <ns3:TrackPointExtension>
            <ns3:hr>135</ns3:hr>
            <ns3:cad>86</ns3:cad>
          </ns3:TrackPointExtension>
        </extensions>
      </trkpt>
      <trkpt lat="31.21818521060049533843994140625" lon="121.38500042259693145751953125">
        <ele>14.3999996185302734375</ele>
        <time>2026-09-21T10:28:59.000Z</time>
        <extensions>
          <ns3:TrackPointExtension>
            <ns3:hr>135</ns3:hr>
            <ns3:cad>86</ns3:cad>
          </ns3:TrackPointExtension>
        </extensions>
      </trkpt>
      <trkpt lat="31.21816702187061309814453125" lon="121.3849890232086181640625">
        <ele>14.3999996185302734375</ele>
        <time>2026-09-21T10:29:00.000Z</time>
        <extensions>
          <ns3:TrackPointExtension>
            <ns3:hr>134</ns3:hr>
            <ns3:cad>87</ns3:cad>
          </ns3:TrackPointExtension>
        </extensions>
      </trkpt>
      <trkpt lat="31.21814028359949588775634765625" lon="121.38497536070644855499267578125">
        <ele>14.3999996185302734375</ele>
        <time>2026-09-21T10:29:01.000Z</time>
        <extensions>
          <ns3:TrackPointExtension>
            <ns3:hr>134</ns3:hr>
            <ns3:cad>87</ns3:cad>
          </ns3:TrackPointExtension>
        </extensions>
      </trkpt>
      <trkpt lat="31.2181219272315502166748046875" lon="121.38496044091880321502685546875">
        <ele>14.6000003814697265625</ele>
        <time>2026-09-21T10:29:02.000Z</time>
        <extensions>
          <ns3:TrackPointExtension>
            <ns3:hr>134</ns3:hr>
            <ns3:cad>86</ns3:cad>
          </ns3:TrackPointExtension>
        </extensions>
      </trkpt>
      <trkpt lat="31.21810222975909709930419921875" lon="121.38494736514985561370849609375">
        <ele>14.3999996185302734375</ele>
        <time>2026-09-21T10:29:03.000Z</time>
        <extensions>
          <ns3:TrackPointExtension>
            <ns3:hr>134</ns3:hr>
            <ns3:cad>86</ns3:cad>
          </ns3:TrackPointExtension>
        </extensions>
      </trkpt>
      <trkpt lat="31.2180803529918193817138671875" lon="121.3849321939051151275634765625">
        <ele>14.6000003814697265625</ele>
        <time>2026-09-21T10:29:04.000Z</time>
        <extensions>
          <ns3:TrackPointExtension>
            <ns3:hr>134</ns3:hr>
            <ns3:cad>86</ns3:cad>
          </ns3:TrackPointExtension>
        </extensions>
      </trkpt>
      <trkpt lat="31.21806216426193714141845703125" lon="121.38492322526872158050537109375">
        <ele>14.6000003814697265625</ele>
        <time>2026-09-21T10:29:05.000Z</time>
        <extensions>
          <ns3:TrackPointExtension>
            <ns3:hr>134</ns3:hr>
            <ns3:cad>87</ns3:cad>
          </ns3:TrackPointExtension>
        </extensions>
      </trkpt>
      <trkpt lat="31.2180421315133571624755859375" lon="121.384905539453029632568359375">
        <ele>14.6000003814697265625</ele>
        <time>2026-09-21T10:29:06.000Z</time>
        <extensions>
          <ns3:TrackPointExtension>
            <ns3:hr>134</ns3:hr>
            <ns3:cad>87</ns3:cad>
          </ns3:TrackPointExtension>
        </extensions>
      </trkpt>
      <trkpt lat="31.2180246971547603607177734375" lon="121.384894140064716339111328125">
        <ele>14.3999996185302734375</ele>
        <time>2026-09-21T10:29:07.000Z</time>
        <extensions>
          <ns3:TrackPointExtension>
            <ns3:hr>133</ns3:hr>
            <ns3:cad>87</ns3:cad>
          </ns3:TrackPointExtension>
        </extensions>
      </trkpt>
      <trkpt lat="31.2180018983781337738037109375" lon="121.384876705706119537353515625">
        <ele>14.3999996185302734375</ele>
        <time>2026-09-21T10:29:08.000Z</time>
        <extensions>
          <ns3:TrackPointExtension>
            <ns3:hr>133</ns3:hr>
            <ns3:cad>86</ns3:cad>
          </ns3:TrackPointExtension>
        </extensions>
      </trkpt>
      <trkpt lat="31.2179814465343952178955078125" lon="121.38486907817423343658447265625">
        <ele>14.3999996185302734375</ele>
        <time>2026-09-21T10:29:09.000Z</time>
        <extensions>
          <ns3:TrackPointExtension>
            <ns3:hr>133</ns3:hr>
            <ns3:cad>86</ns3:cad>
          </ns3:TrackPointExtension>
        </extensions>
      </trkpt>
      <trkpt lat="31.21795370243489742279052734375" lon="121.38485332019627094268798828125">
        <ele>14.3999996185302734375</ele>
        <time>2026-09-21T10:29:10.000Z</time>
        <extensions>
          <ns3:TrackPointExtension>
            <ns3:hr>133</ns3:hr>
            <ns3:cad>86</ns3:cad>
          </ns3:TrackPointExtension>
        </extensions>
      </trkpt>
      <trkpt lat="31.2179355137050151824951171875" lon="121.38484342955052852630615234375">
        <ele>14.3999996185302734375</ele>
        <time>2026-09-21T10:29:11.000Z</time>
        <extensions>
          <ns3:TrackPointExtension>
            <ns3:hr>134</ns3:hr>
            <ns3:cad>86</ns3:cad>
          </ns3:TrackPointExtension>
        </extensions>
      </trkpt>
      <trkpt lat="31.21791816316545009613037109375" lon="121.384829096496105194091796875">
        <ele>14.3999996185302734375</ele>
        <time>2026-09-21T10:29:12.000Z</time>
        <extensions>
          <ns3:TrackPointExtension>
            <ns3:hr>133</ns3:hr>
            <ns3:cad>87</ns3:cad>
          </ns3:TrackPointExtension>
        </extensions>
      </trkpt>
      <trkpt lat="31.21789343655109405517578125" lon="121.3848128356039524078369140625">
        <ele>14.3999996185302734375</ele>
        <time>2026-09-21T10:29:13.000Z</time>
        <extensions>
          <ns3:TrackPointExtension>
            <ns3:hr>133</ns3:hr>
            <ns3:cad>87</ns3:cad>
          </ns3:TrackPointExtension>
        </extensions>
      </trkpt>
      <trkpt lat="31.21787658892571926116943359375" lon="121.384807638823986053466796875">
        <ele>14.3999996185302734375</ele>
        <time>2026-09-21T10:29:14.000Z</time>
        <extensions>
          <ns3:TrackPointExtension>
            <ns3:hr>134</ns3:hr>
            <ns3:cad>87</ns3:cad>
          </ns3:TrackPointExtension>
        </extensions>
      </trkpt>
      <trkpt lat="31.21784809045493602752685546875" lon="121.3847891986370086669921875">
        <ele>14.3999996185302734375</ele>
        <time>2026-09-21T10:29:15.000Z</time>
        <extensions>
          <ns3:TrackPointExtension>
            <ns3:hr>133</ns3:hr>
            <ns3:cad>87</ns3:cad>
          </ns3:TrackPointExtension>
        </extensions>
      </trkpt>
      <trkpt lat="31.21782772243022918701171875" lon="121.38477955944836139678955078125">
        <ele>14.3999996185302734375</ele>
        <time>2026-09-21T10:29:16.000Z</time>
        <extensions>
          <ns3:TrackPointExtension>
            <ns3:hr>133</ns3:hr>
            <ns3:cad>86</ns3:cad>
          </ns3:TrackPointExtension>
        </extensions>
      </trkpt>
      <trkpt lat="31.21779813431203365325927734375" lon="121.38476782478392124176025390625">
        <ele>14.3999996185302734375</ele>
        <time>2026-09-21T10:29:17.000Z</time>
        <extensions>
          <ns3:TrackPointExtension>
            <ns3:hr>134</ns3:hr>
            <ns3:cad>86</ns3:cad>
          </ns3:TrackPointExtension>
        </extensions>
      </trkpt>
      <trkpt lat="31.2177789397537708282470703125" lon="121.38475776650011539459228515625">
        <ele>14.3999996185302734375</ele>
        <time>2026-09-21T10:29:18.000Z</time>
        <extensions>
          <ns3:TrackPointExtension>
            <ns3:hr>134</ns3:hr>
            <ns3:cad>87</ns3:cad>
          </ns3:TrackPointExtension>
        </extensions>
      </trkpt>
      <trkpt lat="31.2177574820816516876220703125" lon="121.38474619947373867034912109375">
        <ele>14.3999996185302734375</ele>
        <time>2026-09-21T10:29:19.000Z</time>
        <extensions>
          <ns3:TrackPointExtension>
            <ns3:hr>134</ns3:hr>
            <ns3:cad>87</ns3:cad>
          </ns3:TrackPointExtension>
        </extensions>
      </trkpt>
      <trkpt lat="31.2177343480288982391357421875" lon="121.38473622500896453857421875">
        <ele>14.3999996185302734375</ele>
        <time>2026-09-21T10:29:20.000Z</time>
        <extensions>
          <ns3:TrackPointExtension>
            <ns3:hr>134</ns3:hr>
            <ns3:cad>86</ns3:cad>
          </ns3:TrackPointExtension>
        </extensions>
      </trkpt>
      <trkpt lat="31.21770702302455902099609375" lon="121.38472683727741241455078125">
        <ele>14.3999996185302734375</ele>
        <time>2026-09-21T10:29:21.000Z</time>
        <extensions>
          <ns3:TrackPointExtension>
            <ns3:hr>134</ns3:hr>
            <ns3:cad>86</ns3:cad>
          </ns3:TrackPointExtension>
        </extensions>
      </trkpt>
      <trkpt lat="31.2176823802292346954345703125" lon="121.38471753336489200592041015625">
        <ele>14.3999996185302734375</ele>
        <time>2026-09-21T10:29:22.000Z</time>
        <extensions>
          <ns3:TrackPointExtension>
            <ns3:hr>135</ns3:hr>
            <ns3:cad>86</ns3:cad>
          </ns3:TrackPointExtension>
        </extensions>
      </trkpt>
      <trkpt lat="31.21766234748065471649169921875" lon="121.384711749851703643798828125">
        <ele>14.3999996185302734375</ele>
        <time>2026-09-21T10:29:23.000Z</time>
        <extensions>
          <ns3:TrackPointExtension>
            <ns3:hr>135</ns3:hr>
            <ns3:cad>86</ns3:cad>
          </ns3:TrackPointExtension>
        </extensions>
      </trkpt>
      <trkpt lat="31.21763770468533039093017578125" lon="121.38470093719661235809326171875">
        <ele>14.3999996185302734375</ele>
        <time>2026-09-21T10:29:24.000Z</time>
        <extensions>
          <ns3:TrackPointExtension>
            <ns3:hr>135</ns3:hr>
            <ns3:cad>87</ns3:cad>
          </ns3:TrackPointExtension>
        </extensions>
      </trkpt>
      <trkpt lat="31.21761507354676723480224609375" lon="121.38469523750245571136474609375">
        <ele>14.3999996185302734375</ele>
        <time>2026-09-21T10:29:25.000Z</time>
        <extensions>
          <ns3:TrackPointExtension>
            <ns3:hr>135</ns3:hr>
            <ns3:cad>87</ns3:cad>
          </ns3:TrackPointExtension>
        </extensions>
      </trkpt>
      <trkpt lat="31.21759093366563320159912109375" lon="121.384684927761554718017578125">
        <ele>14.3999996185302734375</ele>
        <time>2026-09-21T10:29:26.000Z</time>
        <extensions>
          <ns3:TrackPointExtension>
            <ns3:hr>135</ns3:hr>
            <ns3:cad>87</ns3:cad>
          </ns3:TrackPointExtension>
        </extensions>
      </trkpt>
      <trkpt lat="31.21756662614643573760986328125" lon="121.384677886962890625">
        <ele>14.3999996185302734375</ele>
        <time>2026-09-21T10:29:27.000Z</time>
        <extensions>
          <ns3:TrackPointExtension>
            <ns3:hr>135</ns3:hr>
            <ns3:cad>87</ns3:cad>
          </ns3:TrackPointExtension>
        </extensions>
      </trkpt>
      <trkpt lat="31.21754500083625316619873046875" lon="121.38467059470713138580322265625">
        <ele>14.3999996185302734375</ele>
        <time>2026-09-21T10:29:28.000Z</time>
        <extensions>
          <ns3:TrackPointExtension>
            <ns3:hr>136</ns3:hr>
            <ns3:cad>87</ns3:cad>
          </ns3:TrackPointExtension>
        </extensions>
      </trkpt>
      <trkpt lat="31.217524297535419464111328125" lon="121.38466204516589641571044921875">
        <ele>14.3999996185302734375</ele>
        <time>2026-09-21T10:29:29.000Z</time>
        <extensions>
          <ns3:TrackPointExtension>
            <ns3:hr>136</ns3:hr>
            <ns3:cad>87</ns3:cad>
          </ns3:TrackPointExtension>
        </extensions>
      </trkpt>
      <trkpt lat="31.2174996547400951385498046875" lon="121.38465198688209056854248046875">
        <ele>14.3999996185302734375</ele>
        <time>2026-09-21T10:29:30.000Z</time>
        <extensions>
          <ns3:TrackPointExtension>
            <ns3:hr>137</ns3:hr>
            <ns3:cad>88</ns3:cad>
          </ns3:TrackPointExtension>
        </extensions>
      </trkpt>
      <trkpt lat="31.2174805440008640289306640625" lon="121.38464025221765041351318359375">
        <ele>14.3999996185302734375</ele>
        <time>2026-09-21T10:29:31.000Z</time>
        <extensions>
          <ns3:TrackPointExtension>
            <ns3:hr>138</ns3:hr>
            <ns3:cad>88</ns3:cad>
          </ns3:TrackPointExtension>
        </extensions>
      </trkpt>
      <trkpt lat="31.2174600921571254730224609375" lon="121.384639330208301544189453125">
        <ele>14.3999996185302734375</ele>
        <time>2026-09-21T10:29:32.000Z</time>
        <extensions>
          <ns3:TrackPointExtension>
            <ns3:hr>138</ns3:hr>
            <ns3:cad>87</ns3:cad>
          </ns3:TrackPointExtension>
        </extensions>
      </trkpt>
      <trkpt lat="31.21743972413241863250732421875" lon="121.38463455252349376678466796875">
        <ele>14.3999996185302734375</ele>
        <time>2026-09-21T10:29:33.000Z</time>
        <extensions>
          <ns3:TrackPointExtension>
            <ns3:hr>138</ns3:hr>
            <ns3:cad>87</ns3:cad>
          </ns3:TrackPointExtension>
        </extensions>
      </trkpt>
      <trkpt lat="31.2174260616302490234375" lon="121.38462223112583160400390625">
        <ele>14.3999996185302734375</ele>
        <time>2026-09-21T10:29:34.000Z</time>
        <extensions>
          <ns3:TrackPointExtension>
            <ns3:hr>139</ns3:hr>
            <ns3:cad>87</ns3:cad>
          </ns3:TrackPointExtension>
        </extensions>
      </trkpt>
      <trkpt lat="31.2174030952155590057373046875" lon="121.38460840098559856414794921875">
        <ele>14.3999996185302734375</ele>
        <time>2026-09-21T10:29:35.000Z</time>
        <extensions>
          <ns3:TrackPointExtension>
            <ns3:hr>138</ns3:hr>
            <ns3:cad>86</ns3:cad>
          </ns3:TrackPointExtension>
        </extensions>
      </trkpt>
      <trkpt lat="31.2173831462860107421875" lon="121.38459809124469757080078125">
        <ele>14.3999996185302734375</ele>
        <time>2026-09-21T10:29:36.000Z</time>
        <extensions>
          <ns3:TrackPointExtension>
            <ns3:hr>138</ns3:hr>
            <ns3:cad>86</ns3:cad>
          </ns3:TrackPointExtension>
        </extensions>
      </trkpt>
      <trkpt lat="31.2173605151474475860595703125" lon="121.38459482230246067047119140625">
        <ele>14.19999980926513671875</ele>
        <time>2026-09-21T10:29:37.000Z</time>
        <extensions>
          <ns3:TrackPointExtension>
            <ns3:hr>138</ns3:hr>
            <ns3:cad>86</ns3:cad>
          </ns3:TrackPointExtension>
        </extensions>
      </trkpt>
      <trkpt lat="31.21733612380921840667724609375" lon="121.38458610512316226959228515625">
        <ele>14.19999980926513671875</ele>
        <time>2026-09-21T10:29:38.000Z</time>
        <extensions>
          <ns3:TrackPointExtension>
            <ns3:hr>138</ns3:hr>
            <ns3:cad>85</ns3:cad>
          </ns3:TrackPointExtension>
        </extensions>
      </trkpt>
      <trkpt lat="31.21731148101389408111572265625" lon="121.38458870351314544677734375">
        <ele>14.19999980926513671875</ele>
        <time>2026-09-21T10:29:39.000Z</time>
        <extensions>
          <ns3:TrackPointExtension>
            <ns3:hr>137</ns3:hr>
            <ns3:cad>84</ns3:cad>
          </ns3:TrackPointExtension>
        </extensions>
      </trkpt>
      <trkpt lat="31.217283904552459716796875" lon="121.384588368237018585205078125">
        <ele>14.19999980926513671875</ele>
        <time>2026-09-21T10:29:40.000Z</time>
        <extensions>
          <ns3:TrackPointExtension>
            <ns3:hr>137</ns3:hr>
            <ns3:cad>83</ns3:cad>
          </ns3:TrackPointExtension>
        </extensions>
      </trkpt>
      <trkpt lat="31.2172616086900234222412109375" lon="121.3845813274383544921875">
        <ele>14.19999980926513671875</ele>
        <time>2026-09-21T10:29:41.000Z</time>
        <extensions>
          <ns3:TrackPointExtension>
            <ns3:hr>137</ns3:hr>
            <ns3:cad>83</ns3:cad>
          </ns3:TrackPointExtension>
        </extensions>
      </trkpt>
      <trkpt lat="31.21723671443760395050048828125" lon="121.384576968848705291748046875">
        <ele>14</ele>
        <time>2026-09-21T10:29:42.000Z</time>
        <extensions>
          <ns3:TrackPointExtension>
            <ns3:hr>136</ns3:hr>
            <ns3:cad>85</ns3:cad>
          </ns3:TrackPointExtension>
        </extensions>
      </trkpt>
      <trkpt lat="31.21721207164227962493896484375" lon="121.38457017950713634490966796875">
        <ele>14.19999980926513671875</ele>
        <time>2026-09-21T10:29:43.000Z</time>
        <extensions>
          <ns3:TrackPointExtension>
            <ns3:hr>135</ns3:hr>
            <ns3:cad>85</ns3:cad>
          </ns3:TrackPointExtension>
        </extensions>
      </trkpt>
      <trkpt lat="31.2171918712556362152099609375" lon="121.38456615619361400604248046875">
        <ele>14.19999980926513671875</ele>
        <time>2026-09-21T10:29:44.000Z</time>
        <extensions>
          <ns3:TrackPointExtension>
            <ns3:hr>135</ns3:hr>
            <ns3:cad>85</ns3:cad>
          </ns3:TrackPointExtension>
        </extensions>
      </trkpt>
      <trkpt lat="31.21716027148067951202392578125" lon="121.3845593668520450592041015625">
        <ele>14.19999980926513671875</ele>
        <time>2026-09-21T10:29:45.000Z</time>
        <extensions>
          <ns3:TrackPointExtension>
            <ns3:hr>134</ns3:hr>
            <ns3:cad>86</ns3:cad>
          </ns3:TrackPointExtension>
        </extensions>
      </trkpt>
      <trkpt lat="31.21713613159954547882080078125" lon="121.38455173932015895843505859375">
        <ele>14.19999980926513671875</ele>
        <time>2026-09-21T10:29:46.000Z</time>
        <extensions>
          <ns3:TrackPointExtension>
            <ns3:hr>134</ns3:hr>
            <ns3:cad>86</ns3:cad>
          </ns3:TrackPointExtension>
        </extensions>
      </trkpt>
      <trkpt lat="31.21711023151874542236328125" lon="121.38454603962600231170654296875">
        <ele>14.19999980926513671875</ele>
        <time>2026-09-21T10:29:47.000Z</time>
        <extensions>
          <ns3:TrackPointExtension>
            <ns3:hr>134</ns3:hr>
            <ns3:cad>86</ns3:cad>
          </ns3:TrackPointExtension>
        </extensions>
      </trkpt>
      <trkpt lat="31.21708500199019908905029296875" lon="121.38453899882733821868896484375">
        <ele>14.19999980926513671875</ele>
        <time>2026-09-21T10:29:48.000Z</time>
        <extensions>
          <ns3:TrackPointExtension>
            <ns3:hr>134</ns3:hr>
            <ns3:cad>86</ns3:cad>
          </ns3:TrackPointExtension>
        </extensions>
      </trkpt>
      <trkpt lat="31.2170607782900333404541015625" lon="121.3845312036573886871337890625">
        <ele>14.19999980926513671875</ele>
        <time>2026-09-21T10:29:49.000Z</time>
        <extensions>
          <ns3:TrackPointExtension>
            <ns3:hr>134</ns3:hr>
            <ns3:cad>87</ns3:cad>
          </ns3:TrackPointExtension>
        </extensions>
      </trkpt>
      <trkpt lat="31.21704041026532649993896484375" lon="121.3845248334109783172607421875">
        <ele>14.19999980926513671875</ele>
        <time>2026-09-21T10:29:50.000Z</time>
        <extensions>
          <ns3:TrackPointExtension>
            <ns3:hr>135</ns3:hr>
            <ns3:cad>87</ns3:cad>
          </ns3:TrackPointExtension>
        </extensions>
      </trkpt>
      <trkpt lat="31.217014677822589874267578125" lon="121.384521983563899993896484375">
        <ele>14.19999980926513671875</ele>
        <time>2026-09-21T10:29:51.000Z</time>
        <extensions>
          <ns3:TrackPointExtension>
            <ns3:hr>134</ns3:hr>
            <ns3:cad>87</ns3:cad>
          </ns3:TrackPointExtension>
        </extensions>
      </trkpt>
      <trkpt lat="31.216990537941455841064453125" lon="121.38451762497425079345703125">
        <ele>14.19999980926513671875</ele>
        <time>2026-09-21T10:29:52.000Z</time>
        <extensions>
          <ns3:TrackPointExtension>
            <ns3:hr>134</ns3:hr>
            <ns3:cad>86</ns3:cad>
          </ns3:TrackPointExtension>
        </extensions>
      </trkpt>
      <trkpt lat="31.2169736064970493316650390625" lon="121.38451418839395046234130859375">
        <ele>14.19999980926513671875</ele>
        <time>2026-09-21T10:29:53.000Z</time>
        <extensions>
          <ns3:TrackPointExtension>
            <ns3:hr>134</ns3:hr>
            <ns3:cad>86</ns3:cad>
          </ns3:TrackPointExtension>
        </extensions>
      </trkpt>
      <trkpt lat="31.21695139445364475250244140625" lon="121.38451159000396728515625">
        <ele>14.19999980926513671875</ele>
        <time>2026-09-21T10:29:54.000Z</time>
        <extensions>
          <ns3:TrackPointExtension>
            <ns3:hr>135</ns3:hr>
            <ns3:cad>87</ns3:cad>
          </ns3:TrackPointExtension>
        </extensions>
      </trkpt>
      <trkpt lat="31.21693396009504795074462890625" lon="121.38450915925204753875732421875">
        <ele>14.3999996185302734375</ele>
        <time>2026-09-21T10:29:55.000Z</time>
        <extensions>
          <ns3:TrackPointExtension>
            <ns3:hr>135</ns3:hr>
            <ns3:cad>87</ns3:cad>
          </ns3:TrackPointExtension>
        </extensions>
      </trkpt>
      <trkpt lat="31.21691250242292881011962890625" lon="121.3845010288059711456298828125">
        <ele>14.3999996185302734375</ele>
        <time>2026-09-21T10:29:56.000Z</time>
        <extensions>
          <ns3:TrackPointExtension>
            <ns3:hr>134</ns3:hr>
            <ns3:cad>87</ns3:cad>
          </ns3:TrackPointExtension>
        </extensions>
      </trkpt>
      <trkpt lat="31.21688936837017536163330078125" lon="121.38449289835989475250244140625">
        <ele>14.3999996185302734375</ele>
        <time>2026-09-21T10:29:57.000Z</time>
        <extensions>
          <ns3:TrackPointExtension>
            <ns3:hr>134</ns3:hr>
            <ns3:cad>86</ns3:cad>
          </ns3:TrackPointExtension>
        </extensions>
      </trkpt>
      <trkpt lat="31.216871179640293121337890625" lon="121.38448703102767467498779296875">
        <ele>14.3999996185302734375</ele>
        <time>2026-09-21T10:29:58.000Z</time>
        <extensions>
          <ns3:TrackPointExtension>
            <ns3:hr>134</ns3:hr>
            <ns3:cad>86</ns3:cad>
          </ns3:TrackPointExtension>
        </extensions>
      </trkpt>
      <trkpt lat="31.2168508954346179962158203125" lon="121.384484767913818359375">
        <ele>14.3999996185302734375</ele>
        <time>2026-09-21T10:29:59.000Z</time>
        <extensions>
          <ns3:TrackPointExtension>
            <ns3:hr>135</ns3:hr>
            <ns3:cad>86</ns3:cad>
          </ns3:TrackPointExtension>
        </extensions>
      </trkpt>
      <trkpt lat="31.21683337725698947906494140625" lon="121.38448468409478664398193359375">
        <ele>14.3999996185302734375</ele>
        <time>2026-09-21T10:30:00.000Z</time>
        <extensions>
          <ns3:TrackPointExtension>
            <ns3:hr>135</ns3:hr>
            <ns3:cad>86</ns3:cad>
          </ns3:TrackPointExtension>
        </extensions>
      </trkpt>
      <trkpt lat="31.21680554933845996856689453125" lon="121.38448334299027919769287109375">
        <ele>14.3999996185302734375</ele>
        <time>2026-09-21T10:30:01.000Z</time>
        <extensions>
          <ns3:TrackPointExtension>
            <ns3:hr>135</ns3:hr>
            <ns3:cad>86</ns3:cad>
          </ns3:TrackPointExtension>
        </extensions>
      </trkpt>
      <trkpt lat="31.21678224764764308929443359375" lon="121.38449071906507015228271484375">
        <ele>14.6000003814697265625</ele>
        <time>2026-09-21T10:30:02.000Z</time>
        <extensions>
          <ns3:TrackPointExtension>
            <ns3:hr>134</ns3:hr>
            <ns3:cad>86</ns3:cad>
          </ns3:TrackPointExtension>
        </extensions>
      </trkpt>
      <trkpt lat="31.21675726957619190216064453125" lon="121.38449340127408504486083984375">
        <ele>14.6000003814697265625</ele>
        <time>2026-09-21T10:30:03.000Z</time>
        <extensions>
          <ns3:TrackPointExtension>
            <ns3:hr>134</ns3:hr>
            <ns3:cad>85</ns3:cad>
          </ns3:TrackPointExtension>
        </extensions>
      </trkpt>
      <trkpt lat="31.21673229150474071502685546875" lon="121.38449189253151416778564453125">
        <ele>14.6000003814697265625</ele>
        <time>2026-09-21T10:30:04.000Z</time>
        <extensions>
          <ns3:TrackPointExtension>
            <ns3:hr>134</ns3:hr>
            <ns3:cad>85</ns3:cad>
          </ns3:TrackPointExtension>
        </extensions>
      </trkpt>
      <trkpt lat="31.2167058885097503662109375" lon="121.38449122197926044464111328125">
        <ele>14.6000003814697265625</ele>
        <time>2026-09-21T10:30:05.000Z</time>
        <extensions>
          <ns3:TrackPointExtension>
            <ns3:hr>134</ns3:hr>
            <ns3:cad>83</ns3:cad>
          </ns3:TrackPointExtension>
        </extensions>
      </trkpt>
      <trkpt lat="31.21668015606701374053955078125" lon="121.3844879530370235443115234375">
        <ele>14.6000003814697265625</ele>
        <time>2026-09-21T10:30:06.000Z</time>
        <extensions>
          <ns3:TrackPointExtension>
            <ns3:hr>134</ns3:hr>
            <ns3:cad>83</ns3:cad>
          </ns3:TrackPointExtension>
        </extensions>
      </trkpt>
      <trkpt lat="31.2166567705571651458740234375" lon="121.384494490921497344970703125">
        <ele>14.6000003814697265625</ele>
        <time>2026-09-21T10:30:07.000Z</time>
        <extensions>
          <ns3:TrackPointExtension>
            <ns3:hr>134</ns3:hr>
            <ns3:cad>84</ns3:cad>
          </ns3:TrackPointExtension>
        </extensions>
      </trkpt>
      <trkpt lat="31.21662936173379421234130859375" lon="121.384500525891780853271484375">
        <ele>14.6000003814697265625</ele>
        <time>2026-09-21T10:30:08.000Z</time>
        <extensions>
          <ns3:TrackPointExtension>
            <ns3:hr>134</ns3:hr>
            <ns3:cad>85</ns3:cad>
          </ns3:TrackPointExtension>
        </extensions>
      </trkpt>
      <trkpt lat="31.21661134064197540283203125" lon="121.38450262136757373809814453125">
        <ele>14.3999996185302734375</ele>
        <time>2026-09-21T10:30:09.000Z</time>
        <extensions>
          <ns3:TrackPointExtension>
            <ns3:hr>135</ns3:hr>
            <ns3:cad>85</ns3:cad>
          </ns3:TrackPointExtension>
        </extensions>
      </trkpt>
      <trkpt lat="31.2165840156376361846923828125" lon="121.3845050521194934844970703125">
        <ele>14.6000003814697265625</ele>
        <time>2026-09-21T10:30:10.000Z</time>
        <extensions>
          <ns3:TrackPointExtension>
            <ns3:hr>135</ns3:hr>
            <ns3:cad>86</ns3:cad>
          </ns3:TrackPointExtension>
        </extensions>
      </trkpt>
      <trkpt lat="31.2165602110326290130615234375" lon="121.38450689613819122314453125">
        <ele>14.6000003814697265625</ele>
        <time>2026-09-21T10:30:11.000Z</time>
        <extensions>
          <ns3:TrackPointExtension>
            <ns3:hr>135</ns3:hr>
            <ns3:cad>86</ns3:cad>
          </ns3:TrackPointExtension>
        </extensions>
      </trkpt>
      <trkpt lat="31.21654026210308074951171875" lon="121.38451770879328250885009765625">
        <ele>14.6000003814697265625</ele>
        <time>2026-09-21T10:30:12.000Z</time>
        <extensions>
          <ns3:TrackPointExtension>
            <ns3:hr>135</ns3:hr>
            <ns3:cad>86</ns3:cad>
          </ns3:TrackPointExtension>
        </extensions>
      </trkpt>
      <trkpt lat="31.21651570312678813934326171875" lon="121.3845298625528812408447265625">
        <ele>14.6000003814697265625</ele>
        <time>2026-09-21T10:30:13.000Z</time>
        <extensions>
          <ns3:TrackPointExtension>
            <ns3:hr>135</ns3:hr>
            <ns3:cad>86</ns3:cad>
          </ns3:TrackPointExtension>
        </extensions>
      </trkpt>
      <trkpt lat="31.2164998613297939300537109375" lon="121.38454369269311428070068359375">
        <ele>14.6000003814697265625</ele>
        <time>2026-09-21T10:30:14.000Z</time>
        <extensions>
          <ns3:TrackPointExtension>
            <ns3:hr>135</ns3:hr>
            <ns3:cad>86</ns3:cad>
          </ns3:TrackPointExtension>
        </extensions>
      </trkpt>
      <trkpt lat="31.21648100204765796661376953125" lon="121.3845660723745822906494140625">
        <ele>14.6000003814697265625</ele>
        <time>2026-09-21T10:30:15.000Z</time>
        <extensions>
          <ns3:TrackPointExtension>
            <ns3:hr>135</ns3:hr>
            <ns3:cad>86</ns3:cad>
          </ns3:TrackPointExtension>
        </extensions>
      </trkpt>
      <trkpt lat="31.216478236019611358642578125" lon="121.38458074070513248443603515625">
        <ele>14.6000003814697265625</ele>
        <time>2026-09-21T10:30:16.000Z</time>
        <extensions>
          <ns3:TrackPointExtension>
            <ns3:hr>135</ns3:hr>
            <ns3:cad>86</ns3:cad>
          </ns3:TrackPointExtension>
        </extensions>
      </trkpt>
      <trkpt lat="31.2164725363254547119140625" lon="121.384607143700122833251953125">
        <ele>14.6000003814697265625</ele>
        <time>2026-09-21T10:30:17.000Z</time>
        <extensions>
          <ns3:TrackPointExtension>
            <ns3:hr>135</ns3:hr>
            <ns3:cad>86</ns3:cad>
          </ns3:TrackPointExtension>
        </extensions>
      </trkpt>
      <trkpt lat="31.216467507183551788330078125" lon="121.3846314512193202972412109375">
        <ele>14.6000003814697265625</ele>
        <time>2026-09-21T10:30:18.000Z</time>
        <extensions>
          <ns3:TrackPointExtension>
            <ns3:hr>135</ns3:hr>
            <ns3:cad>86</ns3:cad>
          </ns3:TrackPointExtension>
        </extensions>
      </trkpt>
      <trkpt lat="31.21646004728972911834716796875" lon="121.38466103933751583099365234375">
        <ele>14.6000003814697265625</ele>
        <time>2026-09-21T10:30:19.000Z</time>
        <extensions>
          <ns3:TrackPointExtension>
            <ns3:hr>136</ns3:hr>
            <ns3:cad>86</ns3:cad>
          </ns3:TrackPointExtension>
        </extensions>
      </trkpt>
      <trkpt lat="31.2164519168436527252197265625" lon="121.38469188474118709564208984375">
        <ele>14.6000003814697265625</ele>
        <time>2026-09-21T10:30:20.000Z</time>
        <extensions>
          <ns3:TrackPointExtension>
            <ns3:hr>136</ns3:hr>
            <ns3:cad>87</ns3:cad>
          </ns3:TrackPointExtension>
        </extensions>
      </trkpt>
      <trkpt lat="31.21644512750208377838134765625" lon="121.38471703045070171356201171875">
        <ele>14.80000019073486328125</ele>
        <time>2026-09-21T10:30:21.000Z</time>
        <extensions>
          <ns3:TrackPointExtension>
            <ns3:hr>137</ns3:hr>
            <ns3:cad>87</ns3:cad>
          </ns3:TrackPointExtension>
        </extensions>
      </trkpt>
      <trkpt lat="31.2164374999701976776123046875" lon="121.38474720530211925506591796875">
        <ele>14.80000019073486328125</ele>
        <time>2026-09-21T10:30:22.000Z</time>
        <extensions>
          <ns3:TrackPointExtension>
            <ns3:hr>137</ns3:hr>
            <ns3:cad>86</ns3:cad>
          </ns3:TrackPointExtension>
        </extensions>
      </trkpt>
      <trkpt lat="31.21643004007637500762939453125" lon="121.38476866297423839569091796875">
        <ele>14.80000019073486328125</ele>
        <time>2026-09-21T10:30:23.000Z</time>
        <extensions>
          <ns3:TrackPointExtension>
            <ns3:hr>137</ns3:hr>
            <ns3:cad>86</ns3:cad>
          </ns3:TrackPointExtension>
        </extensions>
      </trkpt>
      <trkpt lat="31.2164204008877277374267578125" lon="121.38479766435921192169189453125">
        <ele>14.80000019073486328125</ele>
        <time>2026-09-21T10:30:24.000Z</time>
        <extensions>
          <ns3:TrackPointExtension>
            <ns3:hr>137</ns3:hr>
            <ns3:cad>86</ns3:cad>
          </ns3:TrackPointExtension>
        </extensions>
      </trkpt>
      <trkpt lat="31.21641411446034908294677734375" lon="121.3848212175071239471435546875">
        <ele>14.80000019073486328125</ele>
        <time>2026-09-21T10:30:25.000Z</time>
        <extensions>
          <ns3:TrackPointExtension>
            <ns3:hr>138</ns3:hr>
            <ns3:cad>86</ns3:cad>
          </ns3:TrackPointExtension>
        </extensions>
      </trkpt>
      <trkpt lat="31.21640707366168498992919921875" lon="121.38485013507306575775146484375">
        <ele>14.80000019073486328125</ele>
        <time>2026-09-21T10:30:26.000Z</time>
        <extensions>
          <ns3:TrackPointExtension>
            <ns3:hr>138</ns3:hr>
            <ns3:cad>87</ns3:cad>
          </ns3:TrackPointExtension>
        </extensions>
      </trkpt>
      <trkpt lat="31.21640254743397235870361328125" lon="121.38487159274518489837646484375">
        <ele>14.80000019073486328125</ele>
        <time>2026-09-21T10:30:27.000Z</time>
        <extensions>
          <ns3:TrackPointExtension>
            <ns3:hr>138</ns3:hr>
            <ns3:cad>87</ns3:cad>
          </ns3:TrackPointExtension>
        </extensions>
      </trkpt>
      <trkpt lat="31.21639701537787914276123046875" lon="121.384899504482746124267578125">
        <ele>14.80000019073486328125</ele>
        <time>2026-09-21T10:30:28.000Z</time>
        <extensions>
          <ns3:TrackPointExtension>
            <ns3:hr>138</ns3:hr>
            <ns3:cad>87</ns3:cad>
          </ns3:TrackPointExtension>
        </extensions>
      </trkpt>
      <trkpt lat="31.21639785356819629669189453125" lon="121.3849224708974361419677734375">
        <ele>14.80000019073486328125</ele>
        <time>2026-09-21T10:30:29.000Z</time>
        <extensions>
          <ns3:TrackPointExtension>
            <ns3:hr>137</ns3:hr>
            <ns3:cad>87</ns3:cad>
          </ns3:TrackPointExtension>
        </extensions>
      </trkpt>
      <trkpt lat="31.21639399789273738861083984375" lon="121.38494250364601612091064453125">
        <ele>14.80000019073486328125</ele>
        <time>2026-09-21T10:30:30.000Z</time>
        <extensions>
          <ns3:TrackPointExtension>
            <ns3:hr>138</ns3:hr>
            <ns3:cad>86</ns3:cad>
          </ns3:TrackPointExtension>
        </extensions>
      </trkpt>
      <trkpt lat="31.21638813056051731109619140625" lon="121.38496823608875274658203125">
        <ele>15</ele>
        <time>2026-09-21T10:30:31.000Z</time>
        <extensions>
          <ns3:TrackPointExtension>
            <ns3:hr>138</ns3:hr>
            <ns3:cad>86</ns3:cad>
          </ns3:TrackPointExtension>
        </extensions>
      </trkpt>
      <trkpt lat="31.2163867056369781494140625" lon="121.38499061577022075653076171875">
        <ele>15</ele>
        <time>2026-09-21T10:30:32.000Z</time>
        <extensions>
          <ns3:TrackPointExtension>
            <ns3:hr>138</ns3:hr>
            <ns3:cad>87</ns3:cad>
          </ns3:TrackPointExtension>
        </extensions>
      </trkpt>
      <trkpt lat="31.21637840755283832550048828125" lon="121.38501777313649654388427734375">
        <ele>15</ele>
        <time>2026-09-21T10:30:33.000Z</time>
        <extensions>
          <ns3:TrackPointExtension>
            <ns3:hr>138</ns3:hr>
            <ns3:cad>87</ns3:cad>
          </ns3:TrackPointExtension>
        </extensions>
      </trkpt>
      <trkpt lat="31.21637438423931598663330078125" lon="121.38504358939826488494873046875">
        <ele>15</ele>
        <time>2026-09-21T10:30:34.000Z</time>
        <extensions>
          <ns3:TrackPointExtension>
            <ns3:hr>138</ns3:hr>
            <ns3:cad>87</ns3:cad>
          </ns3:TrackPointExtension>
        </extensions>
      </trkpt>
      <trkpt lat="31.216370947659015655517578125" lon="121.3850693218410015106201171875">
        <ele>14.80000019073486328125</ele>
        <time>2026-09-21T10:30:35.000Z</time>
        <extensions>
          <ns3:TrackPointExtension>
            <ns3:hr>138</ns3:hr>
            <ns3:cad>87</ns3:cad>
          </ns3:TrackPointExtension>
        </extensions>
      </trkpt>
      <trkpt lat="31.21636549942195415496826171875" lon="121.38509589247405529022216796875">
        <ele>14.6000003814697265625</ele>
        <time>2026-09-21T10:30:36.000Z</time>
        <extensions>
          <ns3:TrackPointExtension>
            <ns3:hr>138</ns3:hr>
            <ns3:cad>87</ns3:cad>
          </ns3:TrackPointExtension>
        </extensions>
      </trkpt>
      <trkpt lat="31.216356866061687469482421875" lon="121.385122127830982208251953125">
        <ele>14.6000003814697265625</ele>
        <time>2026-09-21T10:30:37.000Z</time>
        <extensions>
          <ns3:TrackPointExtension>
            <ns3:hr>138</ns3:hr>
            <ns3:cad>87</ns3:cad>
          </ns3:TrackPointExtension>
        </extensions>
      </trkpt>
      <trkpt lat="31.2163489870727062225341796875" lon="121.38515330851078033447265625">
        <ele>14.6000003814697265625</ele>
        <time>2026-09-21T10:30:38.000Z</time>
        <extensions>
          <ns3:TrackPointExtension>
            <ns3:hr>138</ns3:hr>
            <ns3:cad>87</ns3:cad>
          </ns3:TrackPointExtension>
        </extensions>
      </trkpt>
      <trkpt lat="31.21634311974048614501953125" lon="121.38517920859158039093017578125">
        <ele>14.6000003814697265625</ele>
        <time>2026-09-21T10:30:39.000Z</time>
        <extensions>
          <ns3:TrackPointExtension>
            <ns3:hr>138</ns3:hr>
            <ns3:cad>87</ns3:cad>
          </ns3:TrackPointExtension>
        </extensions>
      </trkpt>
      <trkpt lat="31.21633415110409259796142578125" lon="121.3852103054523468017578125">
        <ele>14.6000003814697265625</ele>
        <time>2026-09-21T10:30:40.000Z</time>
        <extensions>
          <ns3:TrackPointExtension>
            <ns3:hr>138</ns3:hr>
            <ns3:cad>86</ns3:cad>
          </ns3:TrackPointExtension>
        </extensions>
      </trkpt>
      <trkpt lat="31.2163338996469974517822265625" lon="121.38523067347705364227294921875">
        <ele>14.6000003814697265625</ele>
        <time>2026-09-21T10:30:41.000Z</time>
        <extensions>
          <ns3:TrackPointExtension>
            <ns3:hr>139</ns3:hr>
            <ns3:cad>86</ns3:cad>
          </ns3:TrackPointExtension>
        </extensions>
      </trkpt>
      <trkpt lat="31.2163305468857288360595703125" lon="121.38526260852813720703125">
        <ele>14.6000003814697265625</ele>
        <time>2026-09-21T10:30:42.000Z</time>
        <extensions>
          <ns3:TrackPointExtension>
            <ns3:hr>139</ns3:hr>
            <ns3:cad>86</ns3:cad>
          </ns3:TrackPointExtension>
        </extensions>
      </trkpt>
      <trkpt lat="31.216329373419284820556640625" lon="121.38528750278055667877197265625">
        <ele>14.6000003814697265625</ele>
        <time>2026-09-21T10:30:43.000Z</time>
        <extensions>
          <ns3:TrackPointExtension>
            <ns3:hr>139</ns3:hr>
            <ns3:cad>86</ns3:cad>
          </ns3:TrackPointExtension>
        </extensions>
      </trkpt>
      <trkpt lat="31.21632744558155536651611328125" lon="121.3853202760219573974609375">
        <ele>14.6000003814697265625</ele>
        <time>2026-09-21T10:30:44.000Z</time>
        <extensions>
          <ns3:TrackPointExtension>
            <ns3:hr>140</ns3:hr>
            <ns3:cad>87</ns3:cad>
          </ns3:TrackPointExtension>
        </extensions>
      </trkpt>
      <trkpt lat="31.21632099151611328125" lon="121.3853506185114383697509765625">
        <ele>14.6000003814697265625</ele>
        <time>2026-09-21T10:30:45.000Z</time>
        <extensions>
          <ns3:TrackPointExtension>
            <ns3:hr>140</ns3:hr>
            <ns3:cad>87</ns3:cad>
          </ns3:TrackPointExtension>
        </extensions>
      </trkpt>
      <trkpt lat="31.21630967594683170318603515625" lon="121.3853804580867290496826171875">
        <ele>14.6000003814697265625</ele>
        <time>2026-09-21T10:30:46.000Z</time>
        <extensions>
          <ns3:TrackPointExtension>
            <ns3:hr>140</ns3:hr>
            <ns3:cad>87</ns3:cad>
          </ns3:TrackPointExtension>
        </extensions>
      </trkpt>
      <trkpt lat="31.21629592962563037872314453125" lon="121.38540551997721195220947265625">
        <ele>14.6000003814697265625</ele>
        <time>2026-09-21T10:30:47.000Z</time>
        <extensions>
          <ns3:TrackPointExtension>
            <ns3:hr>141</ns3:hr>
            <ns3:cad>87</ns3:cad>
          </ns3:TrackPointExtension>
        </extensions>
      </trkpt>
      <trkpt lat="31.2162923254072666168212890625" lon="121.38543359935283660888671875">
        <ele>14.6000003814697265625</ele>
        <time>2026-09-21T10:30:48.000Z</time>
        <extensions>
          <ns3:TrackPointExtension>
            <ns3:hr>141</ns3:hr>
            <ns3:cad>86</ns3:cad>
          </ns3:TrackPointExtension>
        </extensions>
      </trkpt>
      <trkpt lat="31.21628419496119022369384765625" lon="121.38546100817620754241943359375">
        <ele>14.6000003814697265625</ele>
        <time>2026-09-21T10:30:49.000Z</time>
        <extensions>
          <ns3:TrackPointExtension>
            <ns3:hr>141</ns3:hr>
            <ns3:cad>86</ns3:cad>
          </ns3:TrackPointExtension>
        </extensions>
      </trkpt>
      <trkpt lat="31.216277740895748138427734375" lon="121.385488249361515045166015625">
        <ele>14.6000003814697265625</ele>
        <time>2026-09-21T10:30:50.000Z</time>
        <extensions>
          <ns3:TrackPointExtension>
            <ns3:hr>141</ns3:hr>
            <ns3:cad>87</ns3:cad>
          </ns3:TrackPointExtension>
        </extensions>
      </trkpt>
      <trkpt lat="31.21626961044967174530029296875" lon="121.38551314361393451690673828125">
        <ele>14.6000003814697265625</ele>
        <time>2026-09-21T10:30:51.000Z</time>
        <extensions>
          <ns3:TrackPointExtension>
            <ns3:hr>141</ns3:hr>
            <ns3:cad>88</ns3:cad>
          </ns3:TrackPointExtension>
        </extensions>
      </trkpt>
      <trkpt lat="31.216261647641658782958984375" lon="121.38553611002862453460693359375">
        <ele>14.6000003814697265625</ele>
        <time>2026-09-21T10:30:52.000Z</time>
        <extensions>
          <ns3:TrackPointExtension>
            <ns3:hr>142</ns3:hr>
            <ns3:cad>88</ns3:cad>
          </ns3:TrackPointExtension>
        </extensions>
      </trkpt>
      <trkpt lat="31.21625720523297786712646484375" lon="121.385566703975200653076171875">
        <ele>14.6000003814697265625</ele>
        <time>2026-09-21T10:30:53.000Z</time>
        <extensions>
          <ns3:TrackPointExtension>
            <ns3:hr>142</ns3:hr>
            <ns3:cad>87</ns3:cad>
          </ns3:TrackPointExtension>
        </extensions>
      </trkpt>
      <trkpt lat="31.2162525951862335205078125" lon="121.385592184960842132568359375">
        <ele>14.6000003814697265625</ele>
        <time>2026-09-21T10:30:54.000Z</time>
        <extensions>
          <ns3:TrackPointExtension>
            <ns3:hr>142</ns3:hr>
            <ns3:cad>87</ns3:cad>
          </ns3:TrackPointExtension>
        </extensions>
      </trkpt>
      <trkpt lat="31.21624815277755260467529296875" lon="121.38562143780291080474853515625">
        <ele>14.6000003814697265625</ele>
        <time>2026-09-21T10:30:55.000Z</time>
        <extensions>
          <ns3:TrackPointExtension>
            <ns3:hr>142</ns3:hr>
            <ns3:cad>87</ns3:cad>
          </ns3:TrackPointExtension>
        </extensions>
      </trkpt>
      <trkpt lat="31.21623842976987361907958984375" lon="121.3856500200927257537841796875">
        <ele>14.6000003814697265625</ele>
        <time>2026-09-21T10:30:56.000Z</time>
        <extensions>
          <ns3:TrackPointExtension>
            <ns3:hr>142</ns3:hr>
            <ns3:cad>88</ns3:cad>
          </ns3:TrackPointExtension>
        </extensions>
      </trkpt>
      <trkpt lat="31.21623449027538299560546875" lon="121.38568245805799961090087890625">
        <ele>14.6000003814697265625</ele>
        <time>2026-09-21T10:30:57.000Z</time>
        <extensions>
          <ns3:TrackPointExtension>
            <ns3:hr>143</ns3:hr>
            <ns3:cad>88</ns3:cad>
          </ns3:TrackPointExtension>
        </extensions>
      </trkpt>
      <trkpt lat="31.216222085058689117431640625" lon="121.38571246527135372161865234375">
        <ele>14.6000003814697265625</ele>
        <time>2026-09-21T10:30:58.000Z</time>
        <extensions>
          <ns3:TrackPointExtension>
            <ns3:hr>143</ns3:hr>
            <ns3:cad>88</ns3:cad>
          </ns3:TrackPointExtension>
        </extensions>
      </trkpt>
      <trkpt lat="31.2162175588309764862060546875" lon="121.38574448414146900177001953125">
        <ele>14.6000003814697265625</ele>
        <time>2026-09-21T10:30:59.000Z</time>
        <extensions>
          <ns3:TrackPointExtension>
            <ns3:hr>143</ns3:hr>
            <ns3:cad>87</ns3:cad>
          </ns3:TrackPointExtension>
        </extensions>
      </trkpt>
      <trkpt lat="31.21621110476553440093994140625" lon="121.3857717253267765045166015625">
        <ele>14.6000003814697265625</ele>
        <time>2026-09-21T10:31:00.000Z</time>
        <extensions>
          <ns3:TrackPointExtension>
            <ns3:hr>143</ns3:hr>
            <ns3:cad>86</ns3:cad>
          </ns3:TrackPointExtension>
        </extensions>
      </trkpt>
      <trkpt lat="31.21620632708072662353515625" lon="121.3857951946556568145751953125">
        <ele>14.6000003814697265625</ele>
        <time>2026-09-21T10:31:01.000Z</time>
        <extensions>
          <ns3:TrackPointExtension>
            <ns3:hr>143</ns3:hr>
            <ns3:cad>86</ns3:cad>
          </ns3:TrackPointExtension>
        </extensions>
      </trkpt>
      <trkpt lat="31.21619568206369876861572265625" lon="121.385836265981197357177734375">
        <ele>14.6000003814697265625</ele>
        <time>2026-09-21T10:31:02.000Z</time>
        <extensions>
          <ns3:TrackPointExtension>
            <ns3:hr>144</ns3:hr>
            <ns3:cad>87</ns3:cad>
          </ns3:TrackPointExtension>
        </extensions>
      </trkpt>
      <trkpt lat="31.2161991186439990997314453125" lon="121.385863758623600006103515625">
        <ele>14.6000003814697265625</ele>
        <time>2026-09-21T10:31:03.000Z</time>
        <extensions>
          <ns3:TrackPointExtension>
            <ns3:hr>144</ns3:hr>
            <ns3:cad>88</ns3:cad>
          </ns3:TrackPointExtension>
        </extensions>
      </trkpt>
      <trkpt lat="31.216199286282062530517578125" lon="121.385899297893047332763671875">
        <ele>14.6000003814697265625</ele>
        <time>2026-09-21T10:31:04.000Z</time>
        <extensions>
          <ns3:TrackPointExtension>
            <ns3:hr>144</ns3:hr>
            <ns3:cad>88</ns3:cad>
          </ns3:TrackPointExtension>
        </extensions>
      </trkpt>
      <trkpt lat="31.216194592416286468505859375" lon="121.38592016883194446563720703125">
        <ele>14.6000003814697265625</ele>
        <time>2026-09-21T10:31:05.000Z</time>
        <extensions>
          <ns3:TrackPointExtension>
            <ns3:hr>144</ns3:hr>
            <ns3:cad>87</ns3:cad>
          </ns3:TrackPointExtension>
        </extensions>
      </trkpt>
      <trkpt lat="31.216185204684734344482421875" lon="121.38594598509371280670166015625">
        <ele>14.6000003814697265625</ele>
        <time>2026-09-21T10:31:06.000Z</time>
        <extensions>
          <ns3:TrackPointExtension>
            <ns3:hr>144</ns3:hr>
            <ns3:cad>87</ns3:cad>
          </ns3:TrackPointExtension>
        </extensions>
      </trkpt>
      <trkpt lat="31.21617908589541912078857421875" lon="121.38597163371741771697998046875">
        <ele>14.6000003814697265625</ele>
        <time>2026-09-21T10:31:07.000Z</time>
        <extensions>
          <ns3:TrackPointExtension>
            <ns3:hr>144</ns3:hr>
            <ns3:cad>87</ns3:cad>
          </ns3:TrackPointExtension>
        </extensions>
      </trkpt>
      <trkpt lat="31.2161756493151187896728515625" lon="121.3860007189214229583740234375">
        <ele>14.6000003814697265625</ele>
        <time>2026-09-21T10:31:08.000Z</time>
        <extensions>
          <ns3:TrackPointExtension>
            <ns3:hr>144</ns3:hr>
            <ns3:cad>88</ns3:cad>
          </ns3:TrackPointExtension>
        </extensions>
      </trkpt>
      <trkpt lat="31.21617087163031101226806640625" lon="121.3860329054296016693115234375">
        <ele>14.6000003814697265625</ele>
        <time>2026-09-21T10:31:09.000Z</time>
        <extensions>
          <ns3:TrackPointExtension>
            <ns3:hr>145</ns3:hr>
            <ns3:cad>88</ns3:cad>
          </ns3:TrackPointExtension>
        </extensions>
      </trkpt>
      <trkpt lat="31.2161716260015964508056640625" lon="121.3860600627958774566650390625">
        <ele>14.80000019073486328125</ele>
        <time>2026-09-21T10:31:10.000Z</time>
        <extensions>
          <ns3:TrackPointExtension>
            <ns3:hr>145</ns3:hr>
            <ns3:cad>88</ns3:cad>
          </ns3:TrackPointExtension>
        </extensions>
      </trkpt>
      <trkpt lat="31.21616609394550323486328125" lon="121.386091075837612152099609375">
        <ele>14.80000019073486328125</ele>
        <time>2026-09-21T10:31:11.000Z</time>
        <extensions>
          <ns3:TrackPointExtension>
            <ns3:hr>145</ns3:hr>
            <ns3:cad>87</ns3:cad>
          </ns3:TrackPointExtension>
        </extensions>
      </trkpt>
      <trkpt lat="31.216160394251346588134765625" lon="121.3861116953194141387939453125">
        <ele>14.80000019073486328125</ele>
        <time>2026-09-21T10:31:12.000Z</time>
        <extensions>
          <ns3:TrackPointExtension>
            <ns3:hr>145</ns3:hr>
            <ns3:cad>87</ns3:cad>
          </ns3:TrackPointExtension>
        </extensions>
      </trkpt>
      <trkpt lat="31.21615268290042877197265625" lon="121.38614262454211711883544921875">
        <ele>14.80000019073486328125</ele>
        <time>2026-09-21T10:31:13.000Z</time>
        <extensions>
          <ns3:TrackPointExtension>
            <ns3:hr>145</ns3:hr>
            <ns3:cad>86</ns3:cad>
          </ns3:TrackPointExtension>
        </extensions>
      </trkpt>
      <trkpt lat="31.21614740230143070220947265625" lon="121.38616374693810939788818359375">
        <ele>14.80000019073486328125</ele>
        <time>2026-09-21T10:31:14.000Z</time>
        <extensions>
          <ns3:TrackPointExtension>
            <ns3:hr>145</ns3:hr>
            <ns3:cad>86</ns3:cad>
          </ns3:TrackPointExtension>
        </extensions>
      </trkpt>
      <trkpt lat="31.2161354161798954010009765625" lon="121.386195011436939239501953125">
        <ele>14.6000003814697265625</ele>
        <time>2026-09-21T10:31:15.000Z</time>
        <extensions>
          <ns3:TrackPointExtension>
            <ns3:hr>146</ns3:hr>
            <ns3:cad>86</ns3:cad>
          </ns3:TrackPointExtension>
        </extensions>
      </trkpt>
      <trkpt lat="31.2161307223141193389892578125" lon="121.38621940277516841888427734375">
        <ele>14.6000003814697265625</ele>
        <time>2026-09-21T10:31:16.000Z</time>
        <extensions>
          <ns3:TrackPointExtension>
            <ns3:hr>146</ns3:hr>
            <ns3:cad>88</ns3:cad>
          </ns3:TrackPointExtension>
        </extensions>
      </trkpt>
      <trkpt lat="31.2161199934780597686767578125" lon="121.38624764978885650634765625">
        <ele>14.6000003814697265625</ele>
        <time>2026-09-21T10:31:17.000Z</time>
        <extensions>
          <ns3:TrackPointExtension>
            <ns3:hr>146</ns3:hr>
            <ns3:cad>88</ns3:cad>
          </ns3:TrackPointExtension>
        </extensions>
      </trkpt>
      <trkpt lat="31.2161102704703807830810546875" lon="121.3862692750990390777587890625">
        <ele>14.6000003814697265625</ele>
        <time>2026-09-21T10:31:18.000Z</time>
        <extensions>
          <ns3:TrackPointExtension>
            <ns3:hr>145</ns3:hr>
            <ns3:cad>87</ns3:cad>
          </ns3:TrackPointExtension>
        </extensions>
      </trkpt>
      <trkpt lat="31.21610247530043125152587890625" lon="121.38629618100821971893310546875">
        <ele>14.6000003814697265625</ele>
        <time>2026-09-21T10:31:19.000Z</time>
        <extensions>
          <ns3:TrackPointExtension>
            <ns3:hr>146</ns3:hr>
            <ns3:cad>87</ns3:cad>
          </ns3:TrackPointExtension>
        </extensions>
      </trkpt>
      <trkpt lat="31.2160941772162914276123046875" lon="121.38632409274578094482421875">
        <ele>14.6000003814697265625</ele>
        <time>2026-09-21T10:31:20.000Z</time>
        <extensions>
          <ns3:TrackPointExtension>
            <ns3:hr>146</ns3:hr>
            <ns3:cad>87</ns3:cad>
          </ns3:TrackPointExtension>
        </extensions>
      </trkpt>
      <trkpt lat="31.21609208174049854278564453125" lon="121.38635225594043731689453125">
        <ele>14.6000003814697265625</ele>
        <time>2026-09-21T10:31:21.000Z</time>
        <extensions>
          <ns3:TrackPointExtension>
            <ns3:hr>145</ns3:hr>
            <ns3:cad>88</ns3:cad>
          </ns3:TrackPointExtension>
        </extensions>
      </trkpt>
      <trkpt lat="31.21608554385602474212646484375" lon="121.386381089687347412109375">
        <ele>14.6000003814697265625</ele>
        <time>2026-09-21T10:31:22.000Z</time>
        <extensions>
          <ns3:TrackPointExtension>
            <ns3:hr>145</ns3:hr>
            <ns3:cad>88</ns3:cad>
          </ns3:TrackPointExtension>
        </extensions>
      </trkpt>
      <trkpt lat="31.2160834483802318572998046875" lon="121.38640413992106914520263671875">
        <ele>14.6000003814697265625</ele>
        <time>2026-09-21T10:31:23.000Z</time>
        <extensions>
          <ns3:TrackPointExtension>
            <ns3:hr>145</ns3:hr>
            <ns3:cad>88</ns3:cad>
          </ns3:TrackPointExtension>
        </extensions>
      </trkpt>
      <trkpt lat="31.2160760723054409027099609375" lon="121.386430375277996063232421875">
        <ele>14.3999996185302734375</ele>
        <time>2026-09-21T10:31:24.000Z</time>
        <extensions>
          <ns3:TrackPointExtension>
            <ns3:hr>144</ns3:hr>
            <ns3:cad>87</ns3:cad>
          </ns3:TrackPointExtension>
        </extensions>
      </trkpt>
      <trkpt lat="31.216073893010616302490234375" lon="121.38644839636981487274169921875">
        <ele>14.3999996185302734375</ele>
        <time>2026-09-21T10:31:25.000Z</time>
        <extensions>
          <ns3:TrackPointExtension>
            <ns3:hr>144</ns3:hr>
            <ns3:cad>87</ns3:cad>
          </ns3:TrackPointExtension>
        </extensions>
      </trkpt>
      <trkpt lat="31.21607146225869655609130859375" lon="121.38648242689669132232666015625">
        <ele>14.3999996185302734375</ele>
        <time>2026-09-21T10:31:26.000Z</time>
        <extensions>
          <ns3:TrackPointExtension>
            <ns3:hr>144</ns3:hr>
            <ns3:cad>87</ns3:cad>
          </ns3:TrackPointExtension>
        </extensions>
      </trkpt>
      <trkpt lat="31.21606819331645965576171875" lon="121.3865093328058719635009765625">
        <ele>14.3999996185302734375</ele>
        <time>2026-09-21T10:31:27.000Z</time>
        <extensions>
          <ns3:TrackPointExtension>
            <ns3:hr>144</ns3:hr>
            <ns3:cad>87</ns3:cad>
          </ns3:TrackPointExtension>
        </extensions>
      </trkpt>
      <trkpt lat="31.21606240980327129364013671875" lon="121.38654026202857494354248046875">
        <ele>14.3999996185302734375</ele>
        <time>2026-09-21T10:31:28.000Z</time>
        <extensions>
          <ns3:TrackPointExtension>
            <ns3:hr>144</ns3:hr>
            <ns3:cad>88</ns3:cad>
          </ns3:TrackPointExtension>
        </extensions>
      </trkpt>
      <trkpt lat="31.2160542793571949005126953125" lon="121.38657085597515106201171875">
        <ele>14.6000003814697265625</ele>
        <time>2026-09-21T10:31:29.000Z</time>
        <extensions>
          <ns3:TrackPointExtension>
            <ns3:hr>144</ns3:hr>
            <ns3:cad>88</ns3:cad>
          </ns3:TrackPointExtension>
        </extensions>
      </trkpt>
      <trkpt lat="31.2160475738346576690673828125" lon="121.38660128228366374969482421875">
        <ele>14.6000003814697265625</ele>
        <time>2026-09-21T10:31:30.000Z</time>
        <extensions>
          <ns3:TrackPointExtension>
            <ns3:hr>144</ns3:hr>
            <ns3:cad>87</ns3:cad>
          </ns3:TrackPointExtension>
        </extensions>
      </trkpt>
      <trkpt lat="31.21604547835886478424072265625" lon="121.38662986457347869873046875">
        <ele>14.6000003814697265625</ele>
        <time>2026-09-21T10:31:31.000Z</time>
        <extensions>
          <ns3:TrackPointExtension>
            <ns3:hr>143</ns3:hr>
            <ns3:cad>87</ns3:cad>
          </ns3:TrackPointExtension>
        </extensions>
      </trkpt>
      <trkpt lat="31.21604799292981624603271484375" lon="121.3866586983203887939453125">
        <ele>14.6000003814697265625</ele>
        <time>2026-09-21T10:31:32.000Z</time>
        <extensions>
          <ns3:TrackPointExtension>
            <ns3:hr>143</ns3:hr>
            <ns3:cad>87</ns3:cad>
          </ns3:TrackPointExtension>
        </extensions>
      </trkpt>
      <trkpt lat="31.2160415388643741607666015625" lon="121.38668694533407688140869140625">
        <ele>14.6000003814697265625</ele>
        <time>2026-09-21T10:31:33.000Z</time>
        <extensions>
          <ns3:TrackPointExtension>
            <ns3:hr>143</ns3:hr>
            <ns3:cad>88</ns3:cad>
          </ns3:TrackPointExtension>
        </extensions>
      </trkpt>
      <trkpt lat="31.21603843756020069122314453125" lon="121.38671644963324069976806640625">
        <ele>14.6000003814697265625</ele>
        <time>2026-09-21T10:31:34.000Z</time>
        <extensions>
          <ns3:TrackPointExtension>
            <ns3:hr>142</ns3:hr>
            <ns3:cad>88</ns3:cad>
          </ns3:TrackPointExtension>
        </extensions>
      </trkpt>
      <trkpt lat="31.216034330427646636962890625" lon="121.386745870113372802734375">
        <ele>14.80000019073486328125</ele>
        <time>2026-09-21T10:31:35.000Z</time>
        <extensions>
          <ns3:TrackPointExtension>
            <ns3:hr>142</ns3:hr>
            <ns3:cad>88</ns3:cad>
          </ns3:TrackPointExtension>
        </extensions>
      </trkpt>
      <trkpt lat="31.2160304747521877288818359375" lon="121.3867701776325702667236328125">
        <ele>14.80000019073486328125</ele>
        <time>2026-09-21T10:31:36.000Z</time>
        <extensions>
          <ns3:TrackPointExtension>
            <ns3:hr>142</ns3:hr>
            <ns3:cad>87</ns3:cad>
          </ns3:TrackPointExtension>
        </extensions>
      </trkpt>
      <trkpt lat="31.216022931039333343505859375" lon="121.38680211268365383148193359375">
        <ele>14.80000019073486328125</ele>
        <time>2026-09-21T10:31:37.000Z</time>
        <extensions>
          <ns3:TrackPointExtension>
            <ns3:hr>142</ns3:hr>
            <ns3:cad>87</ns3:cad>
          </ns3:TrackPointExtension>
        </extensions>
      </trkpt>
      <trkpt lat="31.21601991355419158935546875" lon="121.3868214748799800872802734375">
        <ele>14.6000003814697265625</ele>
        <time>2026-09-21T10:31:38.000Z</time>
        <extensions>
          <ns3:TrackPointExtension>
            <ns3:hr>141</ns3:hr>
            <ns3:cad>87</ns3:cad>
          </ns3:TrackPointExtension>
        </extensions>
      </trkpt>
      <trkpt lat="31.21601178310811519622802734375" lon="121.38684821315109729766845703125">
        <ele>14.6000003814697265625</ele>
        <time>2026-09-21T10:31:39.000Z</time>
        <extensions>
          <ns3:TrackPointExtension>
            <ns3:hr>141</ns3:hr>
            <ns3:cad>88</ns3:cad>
          </ns3:TrackPointExtension>
        </extensions>
      </trkpt>
      <trkpt lat="31.21600289829075336456298828125" lon="121.38687126338481903076171875">
        <ele>14.6000003814697265625</ele>
        <time>2026-09-21T10:31:40.000Z</time>
        <extensions>
          <ns3:TrackPointExtension>
            <ns3:hr>141</ns3:hr>
            <ns3:cad>88</ns3:cad>
          </ns3:TrackPointExtension>
        </extensions>
      </trkpt>
      <trkpt lat="31.215996444225311279296875" lon="121.38689833693206310272216796875">
        <ele>14.6000003814697265625</ele>
        <time>2026-09-21T10:31:41.000Z</time>
        <extensions>
          <ns3:TrackPointExtension>
            <ns3:hr>141</ns3:hr>
            <ns3:cad>88</ns3:cad>
          </ns3:TrackPointExtension>
        </extensions>
      </trkpt>
      <trkpt lat="31.21598496101796627044677734375" lon="121.38692365027964115142822265625">
        <ele>14.6000003814697265625</ele>
        <time>2026-09-21T10:31:42.000Z</time>
        <extensions>
          <ns3:TrackPointExtension>
            <ns3:hr>141</ns3:hr>
            <ns3:cad>87</ns3:cad>
          </ns3:TrackPointExtension>
        </extensions>
      </trkpt>
      <trkpt lat="31.21597507037222385406494140625" lon="121.386948041617870330810546875">
        <ele>14.6000003814697265625</ele>
        <time>2026-09-21T10:31:43.000Z</time>
        <extensions>
          <ns3:TrackPointExtension>
            <ns3:hr>141</ns3:hr>
            <ns3:cad>87</ns3:cad>
          </ns3:TrackPointExtension>
        </extensions>
      </trkpt>
      <trkpt lat="31.2159677781164646148681640625" lon="121.38697830028831958770751953125">
        <ele>14.6000003814697265625</ele>
        <time>2026-09-21T10:31:44.000Z</time>
        <extensions>
          <ns3:TrackPointExtension>
            <ns3:hr>141</ns3:hr>
            <ns3:cad>86</ns3:cad>
          </ns3:TrackPointExtension>
        </extensions>
      </trkpt>
      <trkpt lat="31.2159629166126251220703125" lon="121.3869953155517578125">
        <ele>14.6000003814697265625</ele>
        <time>2026-09-21T10:31:45.000Z</time>
        <extensions>
          <ns3:TrackPointExtension>
            <ns3:hr>141</ns3:hr>
            <ns3:cad>86</ns3:cad>
          </ns3:TrackPointExtension>
        </extensions>
      </trkpt>
      <trkpt lat="31.2159548699855804443359375" lon="121.38703077100217342376708984375">
        <ele>14.6000003814697265625</ele>
        <time>2026-09-21T10:31:46.000Z</time>
        <extensions>
          <ns3:TrackPointExtension>
            <ns3:hr>141</ns3:hr>
            <ns3:cad>87</ns3:cad>
          </ns3:TrackPointExtension>
        </extensions>
      </trkpt>
      <trkpt lat="31.21595126576721668243408203125" lon="121.3870556652545928955078125">
        <ele>14.6000003814697265625</ele>
        <time>2026-09-21T10:31:47.000Z</time>
        <extensions>
          <ns3:TrackPointExtension>
            <ns3:hr>141</ns3:hr>
            <ns3:cad>87</ns3:cad>
          </ns3:TrackPointExtension>
        </extensions>
      </trkpt>
      <trkpt lat="31.21595076285302639007568359375" lon="121.38708852231502532958984375">
        <ele>14.6000003814697265625</ele>
        <time>2026-09-21T10:31:48.000Z</time>
        <extensions>
          <ns3:TrackPointExtension>
            <ns3:hr>141</ns3:hr>
            <ns3:cad>87</ns3:cad>
          </ns3:TrackPointExtension>
        </extensions>
      </trkpt>
      <trkpt lat="31.21594858355820178985595703125" lon="121.387116350233554840087890625">
        <ele>14.6000003814697265625</ele>
        <time>2026-09-21T10:31:49.000Z</time>
        <extensions>
          <ns3:TrackPointExtension>
            <ns3:hr>141</ns3:hr>
            <ns3:cad>86</ns3:cad>
          </ns3:TrackPointExtension>
        </extensions>
      </trkpt>
      <trkpt lat="31.21595025993883609771728515625" lon="121.38714593835175037384033203125">
        <ele>14.6000003814697265625</ele>
        <time>2026-09-21T10:31:50.000Z</time>
        <extensions>
          <ns3:TrackPointExtension>
            <ns3:hr>142</ns3:hr>
            <ns3:cad>86</ns3:cad>
          </ns3:TrackPointExtension>
        </extensions>
      </trkpt>
      <trkpt lat="31.215948164463043212890625" lon="121.387178711593151092529296875">
        <ele>14.6000003814697265625</ele>
        <time>2026-09-21T10:31:51.000Z</time>
        <extensions>
          <ns3:TrackPointExtension>
            <ns3:hr>141</ns3:hr>
            <ns3:cad>86</ns3:cad>
          </ns3:TrackPointExtension>
        </extensions>
      </trkpt>
      <trkpt lat="31.21595554053783416748046875" lon="121.3871986605226993560791015625">
        <ele>14.6000003814697265625</ele>
        <time>2026-09-21T10:31:52.000Z</time>
        <extensions>
          <ns3:TrackPointExtension>
            <ns3:hr>141</ns3:hr>
            <ns3:cad>87</ns3:cad>
          </ns3:TrackPointExtension>
        </extensions>
      </trkpt>
      <trkpt lat="31.21597490273416042327880859375" lon="121.38721802271902561187744140625">
        <ele>14.6000003814697265625</ele>
        <time>2026-09-21T10:31:53.000Z</time>
        <extensions>
          <ns3:TrackPointExtension>
            <ns3:hr>141</ns3:hr>
            <ns3:cad>87</ns3:cad>
          </ns3:TrackPointExtension>
        </extensions>
      </trkpt>
      <trkpt lat="31.2159949354827404022216796875" lon="121.3872300088405609130859375">
        <ele>14.6000003814697265625</ele>
        <time>2026-09-21T10:31:54.000Z</time>
        <extensions>
          <ns3:TrackPointExtension>
            <ns3:hr>141</ns3:hr>
            <ns3:cad>86</ns3:cad>
          </ns3:TrackPointExtension>
        </extensions>
      </trkpt>
      <trkpt lat="31.216017901897430419921875" lon="121.38724970631301403045654296875">
        <ele>14.6000003814697265625</ele>
        <time>2026-09-21T10:31:55.000Z</time>
        <extensions>
          <ns3:TrackPointExtension>
            <ns3:hr>141</ns3:hr>
            <ns3:cad>85</ns3:cad>
          </ns3:TrackPointExtension>
        </extensions>
      </trkpt>
      <trkpt lat="31.21603542007505893707275390625" lon="121.38725959695875644683837890625">
        <ele>14.3999996185302734375</ele>
        <time>2026-09-21T10:31:56.000Z</time>
        <extensions>
          <ns3:TrackPointExtension>
            <ns3:hr>141</ns3:hr>
            <ns3:cad>85</ns3:cad>
          </ns3:TrackPointExtension>
        </extensions>
      </trkpt>
      <trkpt lat="31.21605855412781238555908203125" lon="121.38727359473705291748046875">
        <ele>14.3999996185302734375</ele>
        <time>2026-09-21T10:31:57.000Z</time>
        <extensions>
          <ns3:TrackPointExtension>
            <ns3:hr>141</ns3:hr>
            <ns3:cad>85</ns3:cad>
          </ns3:TrackPointExtension>
        </extensions>
      </trkpt>
      <trkpt lat="31.21607984416186809539794921875" lon="121.38728088699281215667724609375">
        <ele>14.6000003814697265625</ele>
        <time>2026-09-21T10:31:58.000Z</time>
        <extensions>
          <ns3:TrackPointExtension>
            <ns3:hr>141</ns3:hr>
            <ns3:cad>86</ns3:cad>
          </ns3:TrackPointExtension>
        </extensions>
      </trkpt>
      <trkpt lat="31.2161079235374927520751953125" lon="121.3872895203530788421630859375">
        <ele>14.6000003814697265625</ele>
        <time>2026-09-21T10:31:59.000Z</time>
        <extensions>
          <ns3:TrackPointExtension>
            <ns3:hr>142</ns3:hr>
            <ns3:cad>87</ns3:cad>
          </ns3:TrackPointExtension>
        </extensions>
      </trkpt>
      <trkpt lat="31.216126866638660430908203125" lon="121.387292705476284027099609375">
        <ele>14.6000003814697265625</ele>
        <time>2026-09-21T10:32:00.000Z</time>
        <extensions>
          <ns3:TrackPointExtension>
            <ns3:hr>142</ns3:hr>
            <ns3:cad>87</ns3:cad>
          </ns3:TrackPointExtension>
        </extensions>
      </trkpt>
      <trkpt lat="31.21614639647305011749267578125" lon="121.3873002491891384124755859375">
        <ele>14.80000019073486328125</ele>
        <time>2026-09-21T10:32:01.000Z</time>
        <extensions>
          <ns3:TrackPointExtension>
            <ns3:hr>142</ns3:hr>
            <ns3:cad>86</ns3:cad>
          </ns3:TrackPointExtension>
        </extensions>
      </trkpt>
      <trkpt lat="31.21617204509675502777099609375" lon="121.38730787672102451324462890625">
        <ele>14.80000019073486328125</ele>
        <time>2026-09-21T10:32:02.000Z</time>
        <extensions>
          <ns3:TrackPointExtension>
            <ns3:hr>142</ns3:hr>
            <ns3:cad>86</ns3:cad>
          </ns3:TrackPointExtension>
        </extensions>
      </trkpt>
      <trkpt lat="31.21618847362697124481201171875" lon="121.38731005601584911346435546875">
        <ele>14.80000019073486328125</ele>
        <time>2026-09-21T10:32:03.000Z</time>
        <extensions>
          <ns3:TrackPointExtension>
            <ns3:hr>142</ns3:hr>
            <ns3:cad>86</ns3:cad>
          </ns3:TrackPointExtension>
        </extensions>
      </trkpt>
      <trkpt lat="31.2162145413458347320556640625" lon="121.38732212595641613006591796875">
        <ele>14.80000019073486328125</ele>
        <time>2026-09-21T10:32:04.000Z</time>
        <extensions>
          <ns3:TrackPointExtension>
            <ns3:hr>143</ns3:hr>
            <ns3:cad>87</ns3:cad>
          </ns3:TrackPointExtension>
        </extensions>
      </trkpt>
      <trkpt lat="31.21623088605701923370361328125" lon="121.3873260654509067535400390625">
        <ele>14.6000003814697265625</ele>
        <time>2026-09-21T10:32:05.000Z</time>
        <extensions>
          <ns3:TrackPointExtension>
            <ns3:hr>143</ns3:hr>
            <ns3:cad>88</ns3:cad>
          </ns3:TrackPointExtension>
        </extensions>
      </trkpt>
      <trkpt lat="31.21625603176653385162353515625" lon="121.3873418234288692474365234375">
        <ele>14.6000003814697265625</ele>
        <time>2026-09-21T10:32:06.000Z</time>
        <extensions>
          <ns3:TrackPointExtension>
            <ns3:hr>143</ns3:hr>
            <ns3:cad>88</ns3:cad>
          </ns3:TrackPointExtension>
        </extensions>
      </trkpt>
      <trkpt lat="31.21627472341060638427734375" lon="121.387352384626865386962890625">
        <ele>14.6000003814697265625</ele>
        <time>2026-09-21T10:32:07.000Z</time>
        <extensions>
          <ns3:TrackPointExtension>
            <ns3:hr>143</ns3:hr>
            <ns3:cad>87</ns3:cad>
          </ns3:TrackPointExtension>
        </extensions>
      </trkpt>
      <trkpt lat="31.21629752218723297119140625" lon="121.38736537657678127288818359375">
        <ele>14.6000003814697265625</ele>
        <time>2026-09-21T10:32:08.000Z</time>
        <extensions>
          <ns3:TrackPointExtension>
            <ns3:hr>142</ns3:hr>
            <ns3:cad>87</ns3:cad>
          </ns3:TrackPointExtension>
        </extensions>
      </trkpt>
      <trkpt lat="31.21632300317287445068359375" lon="121.38737174682319164276123046875">
        <ele>14.6000003814697265625</ele>
        <time>2026-09-21T10:32:09.000Z</time>
        <extensions>
          <ns3:TrackPointExtension>
            <ns3:hr>142</ns3:hr>
            <ns3:cad>86</ns3:cad>
          </ns3:TrackPointExtension>
        </extensions>
      </trkpt>
      <trkpt lat="31.216346807777881622314453125" lon="121.38737509958446025848388671875">
        <ele>14.6000003814697265625</ele>
        <time>2026-09-21T10:32:10.000Z</time>
        <extensions>
          <ns3:TrackPointExtension>
            <ns3:hr>142</ns3:hr>
            <ns3:cad>86</ns3:cad>
          </ns3:TrackPointExtension>
        </extensions>
      </trkpt>
      <trkpt lat="31.21637203730642795562744140625" lon="121.3873855769634246826171875">
        <ele>14.6000003814697265625</ele>
        <time>2026-09-21T10:32:11.000Z</time>
        <extensions>
          <ns3:TrackPointExtension>
            <ns3:hr>142</ns3:hr>
            <ns3:cad>87</ns3:cad>
          </ns3:TrackPointExtension>
        </extensions>
      </trkpt>
      <trkpt lat="31.216393075883388519287109375" lon="121.38738566078245639801025390625">
        <ele>14.6000003814697265625</ele>
        <time>2026-09-21T10:32:12.000Z</time>
        <extensions>
          <ns3:TrackPointExtension>
            <ns3:hr>142</ns3:hr>
            <ns3:cad>87</ns3:cad>
          </ns3:TrackPointExtension>
        </extensions>
      </trkpt>
      <trkpt lat="31.21641864068806171417236328125" lon="121.38739605434238910675048828125">
        <ele>14.6000003814697265625</ele>
        <time>2026-09-21T10:32:13.000Z</time>
        <extensions>
          <ns3:TrackPointExtension>
            <ns3:hr>142</ns3:hr>
            <ns3:cad>87</ns3:cad>
          </ns3:TrackPointExtension>
        </extensions>
      </trkpt>
      <trkpt lat="31.2164247594773769378662109375" lon="121.38740661554038524627685546875">
        <ele>14.6000003814697265625</ele>
        <time>2026-09-21T10:32:14.000Z</time>
        <extensions>
          <ns3:TrackPointExtension>
            <ns3:hr>141</ns3:hr>
            <ns3:cad>86</ns3:cad>
          </ns3:TrackPointExtension>
        </extensions>
      </trkpt>
      <trkpt lat="31.21643976308405399322509765625" lon="121.38742052949965000152587890625">
        <ele>14.6000003814697265625</ele>
        <time>2026-09-21T10:32:15.000Z</time>
        <extensions>
          <ns3:TrackPointExtension>
            <ns3:hr>141</ns3:hr>
            <ns3:cad>86</ns3:cad>
          </ns3:TrackPointExtension>
        </extensions>
      </trkpt>
      <trkpt lat="31.216459460556507110595703125" lon="121.3874311745166778564453125">
        <ele>14.80000019073486328125</ele>
        <time>2026-09-21T10:32:16.000Z</time>
        <extensions>
          <ns3:TrackPointExtension>
            <ns3:hr>141</ns3:hr>
            <ns3:cad>86</ns3:cad>
          </ns3:TrackPointExtension>
        </extensions>
      </trkpt>
      <trkpt lat="31.21648770757019519805908203125" lon="121.38744383119046688079833984375">
        <ele>14.80000019073486328125</ele>
        <time>2026-09-21T10:32:17.000Z</time>
        <extensions>
          <ns3:TrackPointExtension>
            <ns3:hr>141</ns3:hr>
            <ns3:cad>88</ns3:cad>
          </ns3:TrackPointExtension>
        </extensions>
      </trkpt>
      <trkpt lat="31.21650807559490203857421875" lon="121.38745254836976528167724609375">
        <ele>14.80000019073486328125</ele>
        <time>2026-09-21T10:32:18.000Z</time>
        <extensions>
          <ns3:TrackPointExtension>
            <ns3:hr>140</ns3:hr>
            <ns3:cad>88</ns3:cad>
          </ns3:TrackPointExtension>
        </extensions>
      </trkpt>
      <trkpt lat="31.2165357358753681182861328125" lon="121.38746143318712711334228515625">
        <ele>14.80000019073486328125</ele>
        <time>2026-09-21T10:32:19.000Z</time>
        <extensions>
          <ns3:TrackPointExtension>
            <ns3:hr>140</ns3:hr>
            <ns3:cad>88</ns3:cad>
          </ns3:TrackPointExtension>
        </extensions>
      </trkpt>
      <trkpt lat="31.2165571935474872589111328125" lon="121.38747232966125011444091796875">
        <ele>14.80000019073486328125</ele>
        <time>2026-09-21T10:32:20.000Z</time>
        <extensions>
          <ns3:TrackPointExtension>
            <ns3:hr>140</ns3:hr>
            <ns3:cad>87</ns3:cad>
          </ns3:TrackPointExtension>
        </extensions>
      </trkpt>
      <trkpt lat="31.2165769748389720916748046875" lon="121.38747476041316986083984375">
        <ele>14.80000019073486328125</ele>
        <time>2026-09-21T10:32:21.000Z</time>
        <extensions>
          <ns3:TrackPointExtension>
            <ns3:hr>139</ns3:hr>
            <ns3:cad>87</ns3:cad>
          </ns3:TrackPointExtension>
        </extensions>
      </trkpt>
      <trkpt lat="31.2166024558246135711669921875" lon="121.38748423196375370025634765625">
        <ele>14.6000003814697265625</ele>
        <time>2026-09-21T10:32:22.000Z</time>
        <extensions>
          <ns3:TrackPointExtension>
            <ns3:hr>139</ns3:hr>
            <ns3:cad>87</ns3:cad>
          </ns3:TrackPointExtension>
        </extensions>
      </trkpt>
      <trkpt lat="31.2166254222393035888671875" lon="121.3874950446188449859619140625">
        <ele>14.80000019073486328125</ele>
        <time>2026-09-21T10:32:23.000Z</time>
        <extensions>
          <ns3:TrackPointExtension>
            <ns3:hr>140</ns3:hr>
            <ns3:cad>88</ns3:cad>
          </ns3:TrackPointExtension>
        </extensions>
      </trkpt>
      <trkpt lat="31.21664880774915218353271484375" lon="121.387507952749729156494140625">
        <ele>14.80000019073486328125</ele>
        <time>2026-09-21T10:32:24.000Z</time>
        <extensions>
          <ns3:TrackPointExtension>
            <ns3:hr>140</ns3:hr>
            <ns3:cad>88</ns3:cad>
          </ns3:TrackPointExtension>
        </extensions>
      </trkpt>
      <trkpt lat="31.21667009778320789337158203125" lon="121.38751767575740814208984375">
        <ele>14.80000019073486328125</ele>
        <time>2026-09-21T10:32:25.000Z</time>
        <extensions>
          <ns3:TrackPointExtension>
            <ns3:hr>140</ns3:hr>
            <ns3:cad>87</ns3:cad>
          </ns3:TrackPointExtension>
        </extensions>
      </trkpt>
      <trkpt lat="31.21669256128370761871337890625" lon="121.38752463273704051971435546875">
        <ele>14.80000019073486328125</ele>
        <time>2026-09-21T10:32:26.000Z</time>
        <extensions>
          <ns3:TrackPointExtension>
            <ns3:hr>139</ns3:hr>
            <ns3:cad>87</ns3:cad>
          </ns3:TrackPointExtension>
        </extensions>
      </trkpt>
      <trkpt lat="31.21671100147068500518798828125" lon="121.38753988780081272125244140625">
        <ele>14.6000003814697265625</ele>
        <time>2026-09-21T10:32:27.000Z</time>
        <extensions>
          <ns3:TrackPointExtension>
            <ns3:hr>139</ns3:hr>
            <ns3:cad>86</ns3:cad>
          </ns3:TrackPointExtension>
        </extensions>
      </trkpt>
      <trkpt lat="31.21673413552343845367431640625" lon="121.38755254447460174560546875">
        <ele>14.6000003814697265625</ele>
        <time>2026-09-21T10:32:28.000Z</time>
        <extensions>
          <ns3:TrackPointExtension>
            <ns3:hr>139</ns3:hr>
            <ns3:cad>86</ns3:cad>
          </ns3:TrackPointExtension>
        </extensions>
      </trkpt>
      <trkpt lat="31.216755844652652740478515625" lon="121.38756285421550273895263671875">
        <ele>14.3999996185302734375</ele>
        <time>2026-09-21T10:32:29.000Z</time>
        <extensions>
          <ns3:TrackPointExtension>
            <ns3:hr>138</ns3:hr>
            <ns3:cad>87</ns3:cad>
          </ns3:TrackPointExtension>
        </extensions>
      </trkpt>
      <trkpt lat="31.216774620115756988525390625" lon="121.38756997883319854736328125">
        <ele>14.3999996185302734375</ele>
        <time>2026-09-21T10:32:30.000Z</time>
        <extensions>
          <ns3:TrackPointExtension>
            <ns3:hr>138</ns3:hr>
            <ns3:cad>87</ns3:cad>
          </ns3:TrackPointExtension>
        </extensions>
      </trkpt>
      <trkpt lat="31.21679750271141529083251953125" lon="121.38757936656475067138671875">
        <ele>14.3999996185302734375</ele>
        <time>2026-09-21T10:32:31.000Z</time>
        <extensions>
          <ns3:TrackPointExtension>
            <ns3:hr>138</ns3:hr>
            <ns3:cad>87</ns3:cad>
          </ns3:TrackPointExtension>
        </extensions>
      </trkpt>
      <trkpt lat="31.2168193794786930084228515625" lon="121.3875852338969707489013671875">
        <ele>14.3999996185302734375</ele>
        <time>2026-09-21T10:32:32.000Z</time>
        <extensions>
          <ns3:TrackPointExtension>
            <ns3:hr>138</ns3:hr>
            <ns3:cad>87</ns3:cad>
          </ns3:TrackPointExtension>
        </extensions>
      </trkpt>
      <trkpt lat="31.21684175916016101837158203125" lon="121.38758917339146137237548828125">
        <ele>14.6000003814697265625</ele>
        <time>2026-09-21T10:32:33.000Z</time>
        <extensions>
          <ns3:TrackPointExtension>
            <ns3:hr>138</ns3:hr>
            <ns3:cad>87</ns3:cad>
          </ns3:TrackPointExtension>
        </extensions>
      </trkpt>
      <trkpt lat="31.21686103753745555877685546875" lon="121.38759705238044261932373046875">
        <ele>14.6000003814697265625</ele>
        <time>2026-09-21T10:32:34.000Z</time>
        <extensions>
          <ns3:TrackPointExtension>
            <ns3:hr>138</ns3:hr>
            <ns3:cad>86</ns3:cad>
          </ns3:TrackPointExtension>
        </extensions>
      </trkpt>
      <trkpt lat="31.216885931789875030517578125" lon="121.387609876692295074462890625">
        <ele>14.6000003814697265625</ele>
        <time>2026-09-21T10:32:35.000Z</time>
        <extensions>
          <ns3:TrackPointExtension>
            <ns3:hr>138</ns3:hr>
            <ns3:cad>86</ns3:cad>
          </ns3:TrackPointExtension>
        </extensions>
      </trkpt>
      <trkpt lat="31.21690504252910614013671875" lon="121.3876120559871196746826171875">
        <ele>14.80000019073486328125</ele>
        <time>2026-09-21T10:32:36.000Z</time>
        <extensions>
          <ns3:TrackPointExtension>
            <ns3:hr>138</ns3:hr>
            <ns3:cad>87</ns3:cad>
          </ns3:TrackPointExtension>
        </extensions>
      </trkpt>
      <trkpt lat="31.21692918241024017333984375" lon="121.38762295246124267578125">
        <ele>14.80000019073486328125</ele>
        <time>2026-09-21T10:32:37.000Z</time>
        <extensions>
          <ns3:TrackPointExtension>
            <ns3:hr>138</ns3:hr>
            <ns3:cad>87</ns3:cad>
          </ns3:TrackPointExtension>
        </extensions>
      </trkpt>
      <trkpt lat="31.21695357374846935272216796875" lon="121.3876372016966342926025390625">
        <ele>14.80000019073486328125</ele>
        <time>2026-09-21T10:32:38.000Z</time>
        <extensions>
          <ns3:TrackPointExtension>
            <ns3:hr>138</ns3:hr>
            <ns3:cad>87</ns3:cad>
          </ns3:TrackPointExtension>
        </extensions>
      </trkpt>
      <trkpt lat="31.216971762478351593017578125" lon="121.38765069656074047088623046875">
        <ele>14.80000019073486328125</ele>
        <time>2026-09-21T10:32:39.000Z</time>
        <extensions>
          <ns3:TrackPointExtension>
            <ns3:hr>138</ns3:hr>
            <ns3:cad>86</ns3:cad>
          </ns3:TrackPointExtension>
        </extensions>
      </trkpt>
      <trkpt lat="31.2169910408556461334228515625" lon="121.38766528107225894927978515625">
        <ele>14.80000019073486328125</ele>
        <time>2026-09-21T10:32:40.000Z</time>
        <extensions>
          <ns3:TrackPointExtension>
            <ns3:hr>138</ns3:hr>
            <ns3:cad>86</ns3:cad>
          </ns3:TrackPointExtension>
        </extensions>
      </trkpt>
      <trkpt lat="31.2170114926993846893310546875" lon="121.3876725733280181884765625">
        <ele>14.80000019073486328125</ele>
        <time>2026-09-21T10:32:41.000Z</time>
        <extensions>
          <ns3:TrackPointExtension>
            <ns3:hr>138</ns3:hr>
            <ns3:cad>86</ns3:cad>
          </ns3:TrackPointExtension>
        </extensions>
      </trkpt>
      <trkpt lat="31.2170272506773471832275390625" lon="121.3876905106008052825927734375">
        <ele>14.80000019073486328125</ele>
        <time>2026-09-21T10:32:42.000Z</time>
        <extensions>
          <ns3:TrackPointExtension>
            <ns3:hr>138</ns3:hr>
            <ns3:cad>86</ns3:cad>
          </ns3:TrackPointExtension>
        </extensions>
      </trkpt>
      <trkpt lat="31.21704594232141971588134765625" lon="121.38770006597042083740234375">
        <ele>14.80000019073486328125</ele>
        <time>2026-09-21T10:32:43.000Z</time>
        <extensions>
          <ns3:TrackPointExtension>
            <ns3:hr>138</ns3:hr>
            <ns3:cad>86</ns3:cad>
          </ns3:TrackPointExtension>
        </extensions>
      </trkpt>
      <trkpt lat="31.2170681543648242950439453125" lon="121.3877092860639095306396484375">
        <ele>14.80000019073486328125</ele>
        <time>2026-09-21T10:32:44.000Z</time>
        <extensions>
          <ns3:TrackPointExtension>
            <ns3:hr>138</ns3:hr>
            <ns3:cad>87</ns3:cad>
          </ns3:TrackPointExtension>
        </extensions>
      </trkpt>
      <trkpt lat="31.21708835475146770477294921875" lon="121.387711130082607269287109375">
        <ele>14.80000019073486328125</ele>
        <time>2026-09-21T10:32:45.000Z</time>
        <extensions>
          <ns3:TrackPointExtension>
            <ns3:hr>138</ns3:hr>
            <ns3:cad>87</ns3:cad>
          </ns3:TrackPointExtension>
        </extensions>
      </trkpt>
      <trkpt lat="31.2171107344329357147216796875" lon="121.387721188366413116455078125">
        <ele>14.80000019073486328125</ele>
        <time>2026-09-21T10:32:46.000Z</time>
        <extensions>
          <ns3:TrackPointExtension>
            <ns3:hr>138</ns3:hr>
            <ns3:cad>87</ns3:cad>
          </ns3:TrackPointExtension>
        </extensions>
      </trkpt>
      <trkpt lat="31.2171331979334354400634765625" lon="121.387735269963741302490234375">
        <ele>14.80000019073486328125</ele>
        <time>2026-09-21T10:32:47.000Z</time>
        <extensions>
          <ns3:TrackPointExtension>
            <ns3:hr>138</ns3:hr>
            <ns3:cad>87</ns3:cad>
          </ns3:TrackPointExtension>
        </extensions>
      </trkpt>
      <trkpt lat="31.21715717017650604248046875" lon="121.3877475075423717498779296875">
        <ele>14.80000019073486328125</ele>
        <time>2026-09-21T10:32:48.000Z</time>
        <extensions>
          <ns3:TrackPointExtension>
            <ns3:hr>138</ns3:hr>
            <ns3:cad>87</ns3:cad>
          </ns3:TrackPointExtension>
        </extensions>
      </trkpt>
      <trkpt lat="31.217179633677005767822265625" lon="121.38776418752968311309814453125">
        <ele>15</ele>
        <time>2026-09-21T10:32:49.000Z</time>
        <extensions>
          <ns3:TrackPointExtension>
            <ns3:hr>138</ns3:hr>
            <ns3:cad>86</ns3:cad>
          </ns3:TrackPointExtension>
        </extensions>
      </trkpt>
      <trkpt lat="31.217203103005886077880859375" lon="121.38776938430964946746826171875">
        <ele>15.19999980926513671875</ele>
        <time>2026-09-21T10:32:50.000Z</time>
        <extensions>
          <ns3:TrackPointExtension>
            <ns3:hr>137</ns3:hr>
            <ns3:cad>86</ns3:cad>
          </ns3:TrackPointExtension>
        </extensions>
      </trkpt>
      <trkpt lat="31.217230595648288726806640625" lon="121.38778145425021648406982421875">
        <ele>15.19999980926513671875</ele>
        <time>2026-09-21T10:32:51.000Z</time>
        <extensions>
          <ns3:TrackPointExtension>
            <ns3:hr>138</ns3:hr>
            <ns3:cad>86</ns3:cad>
          </ns3:TrackPointExtension>
        </extensions>
      </trkpt>
      <trkpt lat="31.217248700559139251708984375" lon="121.3877817057073116302490234375">
        <ele>15.19999980926513671875</ele>
        <time>2026-09-21T10:32:52.000Z</time>
        <extensions>
          <ns3:TrackPointExtension>
            <ns3:hr>138</ns3:hr>
            <ns3:cad>86</ns3:cad>
          </ns3:TrackPointExtension>
        </extensions>
      </trkpt>
      <trkpt lat="31.2172803841531276702880859375" lon="121.38779184781014919281005859375">
        <ele>15.3999996185302734375</ele>
        <time>2026-09-21T10:32:53.000Z</time>
        <extensions>
          <ns3:TrackPointExtension>
            <ns3:hr>138</ns3:hr>
            <ns3:cad>87</ns3:cad>
          </ns3:TrackPointExtension>
        </extensions>
      </trkpt>
      <trkpt lat="31.21729957871139049530029296875" lon="121.3878004811704158782958984375">
        <ele>15.3999996185302734375</ele>
        <time>2026-09-21T10:32:54.000Z</time>
        <extensions>
          <ns3:TrackPointExtension>
            <ns3:hr>138</ns3:hr>
            <ns3:cad>88</ns3:cad>
          </ns3:TrackPointExtension>
        </extensions>
      </trkpt>
      <trkpt lat="31.21732086874544620513916015625" lon="121.38780760578811168670654296875">
        <ele>15.3999996185302734375</ele>
        <time>2026-09-21T10:32:55.000Z</time>
        <extensions>
          <ns3:TrackPointExtension>
            <ns3:hr>138</ns3:hr>
            <ns3:cad>88</ns3:cad>
          </ns3:TrackPointExtension>
        </extensions>
      </trkpt>
      <trkpt lat="31.217345260083675384521484375" lon="121.38781280256807804107666015625">
        <ele>15.3999996185302734375</ele>
        <time>2026-09-21T10:32:56.000Z</time>
        <extensions>
          <ns3:TrackPointExtension>
            <ns3:hr>139</ns3:hr>
            <ns3:cad>88</ns3:cad>
          </ns3:TrackPointExtension>
        </extensions>
      </trkpt>
      <trkpt lat="31.21736981905996799468994140625" lon="121.38782135210931301116943359375">
        <ele>15.3999996185302734375</ele>
        <time>2026-09-21T10:32:57.000Z</time>
        <extensions>
          <ns3:TrackPointExtension>
            <ns3:hr>139</ns3:hr>
            <ns3:cad>87</ns3:cad>
          </ns3:TrackPointExtension>
        </extensions>
      </trkpt>
      <trkpt lat="31.21739144437015056610107421875" lon="121.38783744536340236663818359375">
        <ele>15.3999996185302734375</ele>
        <time>2026-09-21T10:32:58.000Z</time>
        <extensions>
          <ns3:TrackPointExtension>
            <ns3:hr>139</ns3:hr>
            <ns3:cad>86</ns3:cad>
          </ns3:TrackPointExtension>
        </extensions>
      </trkpt>
      <trkpt lat="31.217407286167144775390625" lon="121.3878507725894451141357421875">
        <ele>15.3999996185302734375</ele>
        <time>2026-09-21T10:32:59.000Z</time>
        <extensions>
          <ns3:TrackPointExtension>
            <ns3:hr>139</ns3:hr>
            <ns3:cad>86</ns3:cad>
          </ns3:TrackPointExtension>
        </extensions>
      </trkpt>
      <trkpt lat="31.2174325995147228240966796875" lon="121.38786175288259983062744140625">
        <ele>15.3999996185302734375</ele>
        <time>2026-09-21T10:33:00.000Z</time>
        <extensions>
          <ns3:TrackPointExtension>
            <ns3:hr>140</ns3:hr>
            <ns3:cad>88</ns3:cad>
          </ns3:TrackPointExtension>
        </extensions>
      </trkpt>
      <trkpt lat="31.21745112352073192596435546875" lon="121.3878645189106464385986328125">
        <ele>15.3999996185302734375</ele>
        <time>2026-09-21T10:33:01.000Z</time>
        <extensions>
          <ns3:TrackPointExtension>
            <ns3:hr>140</ns3:hr>
            <ns3:cad>88</ns3:cad>
          </ns3:TrackPointExtension>
        </extensions>
      </trkpt>
      <trkpt lat="31.21746989898383617401123046875" lon="121.3878710567951202392578125">
        <ele>15.3999996185302734375</ele>
        <time>2026-09-21T10:33:02.000Z</time>
        <extensions>
          <ns3:TrackPointExtension>
            <ns3:hr>141</ns3:hr>
            <ns3:cad>88</ns3:cad>
          </ns3:TrackPointExtension>
        </extensions>
      </trkpt>
      <trkpt lat="31.217487417161464691162109375" lon="121.387877762317657470703125">
        <ele>15.3999996185302734375</ele>
        <time>2026-09-21T10:33:03.000Z</time>
        <extensions>
          <ns3:TrackPointExtension>
            <ns3:hr>141</ns3:hr>
            <ns3:cad>87</ns3:cad>
          </ns3:TrackPointExtension>
        </extensions>
      </trkpt>
      <trkpt lat="31.21752186678349971771240234375" lon="121.38789108954370021820068359375">
        <ele>15.3999996185302734375</ele>
        <time>2026-09-21T10:33:04.000Z</time>
        <extensions>
          <ns3:TrackPointExtension>
            <ns3:hr>141</ns3:hr>
            <ns3:cad>86</ns3:cad>
          </ns3:TrackPointExtension>
        </extensions>
      </trkpt>
      <trkpt lat="31.21754315681755542755126953125" lon="121.38789678923785686492919921875">
        <ele>15.3999996185302734375</ele>
        <time>2026-09-21T10:33:05.000Z</time>
        <extensions>
          <ns3:TrackPointExtension>
            <ns3:hr>141</ns3:hr>
            <ns3:cad>86</ns3:cad>
          </ns3:TrackPointExtension>
        </extensions>
      </trkpt>
      <trkpt lat="31.21756880544126033782958984375" lon="121.38790433295071125030517578125">
        <ele>15.3999996185302734375</ele>
        <time>2026-09-21T10:33:06.000Z</time>
        <extensions>
          <ns3:TrackPointExtension>
            <ns3:hr>141</ns3:hr>
            <ns3:cad>87</ns3:cad>
          </ns3:TrackPointExtension>
        </extensions>
      </trkpt>
      <trkpt lat="31.2175881676375865936279296875" lon="121.387914307415485382080078125">
        <ele>15.3999996185302734375</ele>
        <time>2026-09-21T10:33:07.000Z</time>
        <extensions>
          <ns3:TrackPointExtension>
            <ns3:hr>141</ns3:hr>
            <ns3:cad>87</ns3:cad>
          </ns3:TrackPointExtension>
        </extensions>
      </trkpt>
      <trkpt lat="31.21760820038616657257080078125" lon="121.38792461715638637542724609375">
        <ele>15.3999996185302734375</ele>
        <time>2026-09-21T10:33:08.000Z</time>
        <extensions>
          <ns3:TrackPointExtension>
            <ns3:hr>141</ns3:hr>
            <ns3:cad>87</ns3:cad>
          </ns3:TrackPointExtension>
        </extensions>
      </trkpt>
      <trkpt lat="31.21763384900987148284912109375" lon="121.3879392854869365692138671875">
        <ele>15.3999996185302734375</ele>
        <time>2026-09-21T10:33:09.000Z</time>
        <extensions>
          <ns3:TrackPointExtension>
            <ns3:hr>142</ns3:hr>
            <ns3:cad>87</ns3:cad>
          </ns3:TrackPointExtension>
        </extensions>
      </trkpt>
      <trkpt lat="31.217651702463626861572265625" lon="121.3879433088004589080810546875">
        <ele>15.3999996185302734375</ele>
        <time>2026-09-21T10:33:10.000Z</time>
        <extensions>
          <ns3:TrackPointExtension>
            <ns3:hr>142</ns3:hr>
            <ns3:cad>87</ns3:cad>
          </ns3:TrackPointExtension>
        </extensions>
      </trkpt>
      <trkpt lat="31.21767877601087093353271484375" lon="121.38795630075037479400634765625">
        <ele>15.3999996185302734375</ele>
        <time>2026-09-21T10:33:11.000Z</time>
        <extensions>
          <ns3:TrackPointExtension>
            <ns3:hr>141</ns3:hr>
            <ns3:cad>87</ns3:cad>
          </ns3:TrackPointExtension>
        </extensions>
      </trkpt>
      <trkpt lat="31.2176978029310703277587890625" lon="121.38796426355838775634765625">
        <ele>15.3999996185302734375</ele>
        <time>2026-09-21T10:33:12.000Z</time>
        <extensions>
          <ns3:TrackPointExtension>
            <ns3:hr>141</ns3:hr>
            <ns3:cad>87</ns3:cad>
          </ns3:TrackPointExtension>
        </extensions>
      </trkpt>
      <trkpt lat="31.21772185899317264556884765625" lon="121.38797423802316188812255859375">
        <ele>15.3999996185302734375</ele>
        <time>2026-09-21T10:33:13.000Z</time>
        <extensions>
          <ns3:TrackPointExtension>
            <ns3:hr>141</ns3:hr>
            <ns3:cad>87</ns3:cad>
          </ns3:TrackPointExtension>
        </extensions>
      </trkpt>
      <trkpt lat="31.217743568122386932373046875" lon="121.3879801891744136810302734375">
        <ele>15.19999980926513671875</ele>
        <time>2026-09-21T10:33:14.000Z</time>
        <extensions>
          <ns3:TrackPointExtension>
            <ns3:hr>141</ns3:hr>
            <ns3:cad>87</ns3:cad>
          </ns3:TrackPointExtension>
        </extensions>
      </trkpt>
      <trkpt lat="31.21777097694575786590576171875" lon="121.38798831962049007415771484375">
        <ele>15.3999996185302734375</ele>
        <time>2026-09-21T10:33:15.000Z</time>
        <extensions>
          <ns3:TrackPointExtension>
            <ns3:hr>141</ns3:hr>
            <ns3:cad>87</ns3:cad>
          </ns3:TrackPointExtension>
        </extensions>
      </trkpt>
      <trkpt lat="31.21779645793139934539794921875" lon="121.3879986293613910675048828125">
        <ele>15.3999996185302734375</ele>
        <time>2026-09-21T10:33:16.000Z</time>
        <extensions>
          <ns3:TrackPointExtension>
            <ns3:hr>141</ns3:hr>
            <ns3:cad>86</ns3:cad>
          </ns3:TrackPointExtension>
        </extensions>
      </trkpt>
      <trkpt lat="31.21781523339450359344482421875" lon="121.38800977729260921478271484375">
        <ele>15.6000003814697265625</ele>
        <time>2026-09-21T10:33:17.000Z</time>
        <extensions>
          <ns3:TrackPointExtension>
            <ns3:hr>141</ns3:hr>
            <ns3:cad>86</ns3:cad>
          </ns3:TrackPointExtension>
        </extensions>
      </trkpt>
      <trkpt lat="31.2178362719714641571044921875" lon="121.388022601604461669921875">
        <ele>15.6000003814697265625</ele>
        <time>2026-09-21T10:33:18.000Z</time>
        <extensions>
          <ns3:TrackPointExtension>
            <ns3:hr>141</ns3:hr>
            <ns3:cad>87</ns3:cad>
          </ns3:TrackPointExtension>
        </extensions>
      </trkpt>
      <trkpt lat="31.2178520299494266510009765625" lon="121.38802804984152317047119140625">
        <ele>15.80000019073486328125</ele>
        <time>2026-09-21T10:33:19.000Z</time>
        <extensions>
          <ns3:TrackPointExtension>
            <ns3:hr>141</ns3:hr>
            <ns3:cad>87</ns3:cad>
          </ns3:TrackPointExtension>
        </extensions>
      </trkpt>
      <trkpt lat="31.21787725947797298431396484375" lon="121.388035677373409271240234375">
        <ele>15.6000003814697265625</ele>
        <time>2026-09-21T10:33:20.000Z</time>
        <extensions>
          <ns3:TrackPointExtension>
            <ns3:hr>142</ns3:hr>
            <ns3:cad>87</ns3:cad>
          </ns3:TrackPointExtension>
        </extensions>
      </trkpt>
      <trkpt lat="31.21789922006428241729736328125" lon="121.38803944922983646392822265625">
        <ele>15.6000003814697265625</ele>
        <time>2026-09-21T10:33:21.000Z</time>
        <extensions>
          <ns3:TrackPointExtension>
            <ns3:hr>141</ns3:hr>
            <ns3:cad>87</ns3:cad>
          </ns3:TrackPointExtension>
        </extensions>
      </trkpt>
      <trkpt lat="31.217927969992160797119140625" lon="121.38805587776005268096923828125">
        <ele>15.3999996185302734375</ele>
        <time>2026-09-21T10:33:22.000Z</time>
        <extensions>
          <ns3:TrackPointExtension>
            <ns3:hr>141</ns3:hr>
            <ns3:cad>86</ns3:cad>
          </ns3:TrackPointExtension>
        </extensions>
      </trkpt>
      <trkpt lat="31.21794532053172588348388671875" lon="121.38806191273033618927001953125">
        <ele>15.3999996185302734375</ele>
        <time>2026-09-21T10:33:23.000Z</time>
        <extensions>
          <ns3:TrackPointExtension>
            <ns3:hr>141</ns3:hr>
            <ns3:cad>86</ns3:cad>
          </ns3:TrackPointExtension>
        </extensions>
      </trkpt>
      <trkpt lat="31.21797096915543079376220703125" lon="121.3880750723183155059814453125">
        <ele>15.3999996185302734375</ele>
        <time>2026-09-21T10:33:24.000Z</time>
        <extensions>
          <ns3:TrackPointExtension>
            <ns3:hr>142</ns3:hr>
            <ns3:cad>87</ns3:cad>
          </ns3:TrackPointExtension>
        </extensions>
      </trkpt>
      <trkpt lat="31.2179965339601039886474609375" lon="121.38808093965053558349609375">
        <ele>15.3999996185302734375</ele>
        <time>2026-09-21T10:33:25.000Z</time>
        <extensions>
          <ns3:TrackPointExtension>
            <ns3:hr>142</ns3:hr>
            <ns3:cad>88</ns3:cad>
          </ns3:TrackPointExtension>
        </extensions>
      </trkpt>
      <trkpt lat="31.21802411042153835296630859375" lon="121.388089992105960845947265625">
        <ele>15.3999996185302734375</ele>
        <time>2026-09-21T10:33:26.000Z</time>
        <extensions>
          <ns3:TrackPointExtension>
            <ns3:hr>142</ns3:hr>
            <ns3:cad>88</ns3:cad>
          </ns3:TrackPointExtension>
        </extensions>
      </trkpt>
      <trkpt lat="31.2180458195507526397705078125" lon="121.388096697628498077392578125">
        <ele>15.6000003814697265625</ele>
        <time>2026-09-21T10:33:27.000Z</time>
        <extensions>
          <ns3:TrackPointExtension>
            <ns3:hr>143</ns3:hr>
            <ns3:cad>87</ns3:cad>
          </ns3:TrackPointExtension>
        </extensions>
      </trkpt>
      <trkpt lat="31.21806618757545948028564453125" lon="121.38810533098876476287841796875">
        <ele>15.6000003814697265625</ele>
        <time>2026-09-21T10:33:28.000Z</time>
        <extensions>
          <ns3:TrackPointExtension>
            <ns3:hr>143</ns3:hr>
            <ns3:cad>87</ns3:cad>
          </ns3:TrackPointExtension>
        </extensions>
      </trkpt>
      <trkpt lat="31.21808647178113460540771484375" lon="121.388119161128997802734375">
        <ele>15.6000003814697265625</ele>
        <time>2026-09-21T10:33:29.000Z</time>
        <extensions>
          <ns3:TrackPointExtension>
            <ns3:hr>143</ns3:hr>
            <ns3:cad>87</ns3:cad>
          </ns3:TrackPointExtension>
        </extensions>
      </trkpt>
      <trkpt lat="31.2181058339774608612060546875" lon="121.388130895793437957763671875">
        <ele>15.6000003814697265625</ele>
        <time>2026-09-21T10:33:30.000Z</time>
        <extensions>
          <ns3:TrackPointExtension>
            <ns3:hr>143</ns3:hr>
            <ns3:cad>87</ns3:cad>
          </ns3:TrackPointExtension>
        </extensions>
      </trkpt>
      <trkpt lat="31.218129806220531463623046875" lon="121.38814690522849559783935546875">
        <ele>15.6000003814697265625</ele>
        <time>2026-09-21T10:33:31.000Z</time>
        <extensions>
          <ns3:TrackPointExtension>
            <ns3:hr>144</ns3:hr>
            <ns3:cad>89</ns3:cad>
          </ns3:TrackPointExtension>
        </extensions>
      </trkpt>
      <trkpt lat="31.21815486811101436614990234375" lon="121.3881565444171428680419921875">
        <ele>15.6000003814697265625</ele>
        <time>2026-09-21T10:33:32.000Z</time>
        <extensions>
          <ns3:TrackPointExtension>
            <ns3:hr>144</ns3:hr>
            <ns3:cad>89</ns3:cad>
          </ns3:TrackPointExtension>
        </extensions>
      </trkpt>
      <trkpt lat="31.2181762419641017913818359375" lon="121.38817305676639080047607421875">
        <ele>15.6000003814697265625</ele>
        <time>2026-09-21T10:33:33.000Z</time>
        <extensions>
          <ns3:TrackPointExtension>
            <ns3:hr>144</ns3:hr>
            <ns3:cad>88</ns3:cad>
          </ns3:TrackPointExtension>
        </extensions>
      </trkpt>
      <trkpt lat="31.2181946821510791778564453125" lon="121.3881837017834186553955078125">
        <ele>15.6000003814697265625</ele>
        <time>2026-09-21T10:33:34.000Z</time>
        <extensions>
          <ns3:TrackPointExtension>
            <ns3:hr>144</ns3:hr>
            <ns3:cad>87</ns3:cad>
          </ns3:TrackPointExtension>
        </extensions>
      </trkpt>
      <trkpt lat="31.2182191573083400726318359375" lon="121.388200633227825164794921875">
        <ele>15.80000019073486328125</ele>
        <time>2026-09-21T10:33:35.000Z</time>
        <extensions>
          <ns3:TrackPointExtension>
            <ns3:hr>144</ns3:hr>
            <ns3:cad>86</ns3:cad>
          </ns3:TrackPointExtension>
        </extensions>
      </trkpt>
      <trkpt lat="31.2182345800101757049560546875" lon="121.38820775784552097320556640625">
        <ele>15.80000019073486328125</ele>
        <time>2026-09-21T10:33:36.000Z</time>
        <extensions>
          <ns3:TrackPointExtension>
            <ns3:hr>144</ns3:hr>
            <ns3:cad>86</ns3:cad>
          </ns3:TrackPointExtension>
        </extensions>
      </trkpt>
      <trkpt lat="31.21826299466192722320556640625" lon="121.38821714557707309722900390625">
        <ele>15.80000019073486328125</ele>
        <time>2026-09-21T10:33:37.000Z</time>
        <extensions>
          <ns3:TrackPointExtension>
            <ns3:hr>144</ns3:hr>
            <ns3:cad>88</ns3:cad>
          </ns3:TrackPointExtension>
        </extensions>
      </trkpt>
      <trkpt lat="31.21828344650566577911376953125" lon="121.3882219232618808746337890625">
        <ele>15.80000019073486328125</ele>
        <time>2026-09-21T10:33:38.000Z</time>
        <extensions>
          <ns3:TrackPointExtension>
            <ns3:hr>144</ns3:hr>
            <ns3:cad>88</ns3:cad>
          </ns3:TrackPointExtension>
        </extensions>
      </trkpt>
      <trkpt lat="31.21830406598746776580810546875" lon="121.38823038898408412933349609375">
        <ele>15.80000019073486328125</ele>
        <time>2026-09-21T10:33:39.000Z</time>
        <extensions>
          <ns3:TrackPointExtension>
            <ns3:hr>144</ns3:hr>
            <ns3:cad>88</ns3:cad>
          </ns3:TrackPointExtension>
        </extensions>
      </trkpt>
      <trkpt lat="31.21832066215574741363525390625" lon="121.3882390223443508148193359375">
        <ele>15.80000019073486328125</ele>
        <time>2026-09-21T10:33:40.000Z</time>
        <extensions>
          <ns3:TrackPointExtension>
            <ns3:hr>144</ns3:hr>
            <ns3:cad>87</ns3:cad>
          </ns3:TrackPointExtension>
        </extensions>
      </trkpt>
      <trkpt lat="31.2183442153036594390869140625" lon="121.3882443867623805999755859375">
        <ele>15.6000003814697265625</ele>
        <time>2026-09-21T10:33:41.000Z</time>
        <extensions>
          <ns3:TrackPointExtension>
            <ns3:hr>143</ns3:hr>
            <ns3:cad>87</ns3:cad>
          </ns3:TrackPointExtension>
        </extensions>
      </trkpt>
      <trkpt lat="31.218365170061588287353515625" lon="121.388251595199108123779296875">
        <ele>15.6000003814697265625</ele>
        <time>2026-09-21T10:33:42.000Z</time>
        <extensions>
          <ns3:TrackPointExtension>
            <ns3:hr>143</ns3:hr>
            <ns3:cad>87</ns3:cad>
          </ns3:TrackPointExtension>
        </extensions>
      </trkpt>
      <trkpt lat="31.2183894775807857513427734375" lon="121.3882557861506938934326171875">
        <ele>15.6000003814697265625</ele>
        <time>2026-09-21T10:33:43.000Z</time>
        <extensions>
          <ns3:TrackPointExtension>
            <ns3:hr>143</ns3:hr>
            <ns3:cad>88</ns3:cad>
          </ns3:TrackPointExtension>
        </extensions>
      </trkpt>
      <trkpt lat="31.21841437183320522308349609375" lon="121.3882665149867534637451171875">
        <ele>15.3999996185302734375</ele>
        <time>2026-09-21T10:33:44.000Z</time>
        <extensions>
          <ns3:TrackPointExtension>
            <ns3:hr>143</ns3:hr>
            <ns3:cad>88</ns3:cad>
          </ns3:TrackPointExtension>
        </extensions>
      </trkpt>
      <trkpt lat="31.21843934990465641021728515625" lon="121.3882685266435146331787109375">
        <ele>15.3999996185302734375</ele>
        <time>2026-09-21T10:33:45.000Z</time>
        <extensions>
          <ns3:TrackPointExtension>
            <ns3:hr>142</ns3:hr>
            <ns3:cad>88</ns3:cad>
          </ns3:TrackPointExtension>
        </extensions>
      </trkpt>
      <trkpt lat="31.21846533380448818206787109375" lon="121.38827850110828876495361328125">
        <ele>15.3999996185302734375</ele>
        <time>2026-09-21T10:33:46.000Z</time>
        <extensions>
          <ns3:TrackPointExtension>
            <ns3:hr>143</ns3:hr>
            <ns3:cad>87</ns3:cad>
          </ns3:TrackPointExtension>
        </extensions>
      </trkpt>
      <trkpt lat="31.218485869467258453369140625" lon="121.38828587718307971954345703125">
        <ele>15.3999996185302734375</ele>
        <time>2026-09-21T10:33:47.000Z</time>
        <extensions>
          <ns3:TrackPointExtension>
            <ns3:hr>143</ns3:hr>
            <ns3:cad>87</ns3:cad>
          </ns3:TrackPointExtension>
        </extensions>
      </trkpt>
      <trkpt lat="31.21851461939513683319091796875" lon="121.38829677365720272064208984375">
        <ele>15.3999996185302734375</ele>
        <time>2026-09-21T10:33:48.000Z</time>
        <extensions>
          <ns3:TrackPointExtension>
            <ns3:hr>143</ns3:hr>
            <ns3:cad>87</ns3:cad>
          </ns3:TrackPointExtension>
        </extensions>
      </trkpt>
      <trkpt lat="31.218534149229526519775390625" lon="121.38830088078975677490234375">
        <ele>15.3999996185302734375</ele>
        <time>2026-09-21T10:33:49.000Z</time>
        <extensions>
          <ns3:TrackPointExtension>
            <ns3:hr>142</ns3:hr>
            <ns3:cad>87</ns3:cad>
          </ns3:TrackPointExtension>
        </extensions>
      </trkpt>
      <trkpt lat="31.21856222860515117645263671875" lon="121.3883111067116260528564453125">
        <ele>15.3999996185302734375</ele>
        <time>2026-09-21T10:33:50.000Z</time>
        <extensions>
          <ns3:TrackPointExtension>
            <ns3:hr>142</ns3:hr>
            <ns3:cad>89</ns3:cad>
          </ns3:TrackPointExtension>
        </extensions>
      </trkpt>
      <trkpt lat="31.218584440648555755615234375" lon="121.38831605203449726104736328125">
        <ele>15.6000003814697265625</ele>
        <time>2026-09-21T10:33:51.000Z</time>
        <extensions>
          <ns3:TrackPointExtension>
            <ns3:hr>141</ns3:hr>
            <ns3:cad>89</ns3:cad>
          </ns3:TrackPointExtension>
        </extensions>
      </trkpt>
      <trkpt lat="31.21860899962484836578369140625" lon="121.3883235119283199310302734375">
        <ele>15.6000003814697265625</ele>
        <time>2026-09-21T10:33:52.000Z</time>
        <extensions>
          <ns3:TrackPointExtension>
            <ns3:hr>141</ns3:hr>
            <ns3:cad>88</ns3:cad>
          </ns3:TrackPointExtension>
        </extensions>
      </trkpt>
      <trkpt lat="31.21862760744988918304443359375" lon="121.38833113946020603179931640625">
        <ele>15.6000003814697265625</ele>
        <time>2026-09-21T10:33:53.000Z</time>
        <extensions>
          <ns3:TrackPointExtension>
            <ns3:hr>141</ns3:hr>
            <ns3:cad>87</ns3:cad>
          </ns3:TrackPointExtension>
        </extensions>
      </trkpt>
      <trkpt lat="31.21865308843553066253662109375" lon="121.38833616860210895538330078125">
        <ele>15.6000003814697265625</ele>
        <time>2026-09-21T10:33:54.000Z</time>
        <extensions>
          <ns3:TrackPointExtension>
            <ns3:hr>141</ns3:hr>
            <ns3:cad>87</ns3:cad>
          </ns3:TrackPointExtension>
        </extensions>
      </trkpt>
      <trkpt lat="31.2186719477176666259765625" lon="121.38834672980010509490966796875">
        <ele>15.6000003814697265625</ele>
        <time>2026-09-21T10:33:55.000Z</time>
        <extensions>
          <ns3:TrackPointExtension>
            <ns3:hr>141</ns3:hr>
            <ns3:cad>87</ns3:cad>
          </ns3:TrackPointExtension>
        </extensions>
      </trkpt>
      <trkpt lat="31.2186955846846103668212890625" lon="121.38834589160978794097900390625">
        <ele>15.6000003814697265625</ele>
        <time>2026-09-21T10:33:56.000Z</time>
        <extensions>
          <ns3:TrackPointExtension>
            <ns3:hr>141</ns3:hr>
            <ns3:cad>88</ns3:cad>
          </ns3:TrackPointExtension>
        </extensions>
      </trkpt>
      <trkpt lat="31.2187210656702518463134765625" lon="121.38835377059876918792724609375">
        <ele>15.3999996185302734375</ele>
        <time>2026-09-21T10:33:57.000Z</time>
        <extensions>
          <ns3:TrackPointExtension>
            <ns3:hr>141</ns3:hr>
            <ns3:cad>88</ns3:cad>
          </ns3:TrackPointExtension>
        </extensions>
      </trkpt>
      <trkpt lat="31.21873808093369007110595703125" lon="121.3883573748171329498291015625">
        <ele>15.3999996185302734375</ele>
        <time>2026-09-21T10:33:58.000Z</time>
        <extensions>
          <ns3:TrackPointExtension>
            <ns3:hr>141</ns3:hr>
            <ns3:cad>87</ns3:cad>
          </ns3:TrackPointExtension>
        </extensions>
      </trkpt>
      <trkpt lat="31.21876708231866359710693359375" lon="121.38836483471095561981201171875">
        <ele>15.3999996185302734375</ele>
        <time>2026-09-21T10:33:59.000Z</time>
        <extensions>
          <ns3:TrackPointExtension>
            <ns3:hr>141</ns3:hr>
            <ns3:cad>87</ns3:cad>
          </ns3:TrackPointExtension>
        </extensions>
      </trkpt>
      <trkpt lat="31.218790970742702484130859375" lon="121.38836466707289218902587890625">
        <ele>15.3999996185302734375</ele>
        <time>2026-09-21T10:34:00.000Z</time>
        <extensions>
          <ns3:TrackPointExtension>
            <ns3:hr>141</ns3:hr>
            <ns3:cad>87</ns3:cad>
          </ns3:TrackPointExtension>
        </extensions>
      </trkpt>
      <trkpt lat="31.218818463385105133056640625" lon="121.38837070204317569732666015625">
        <ele>15.3999996185302734375</ele>
        <time>2026-09-21T10:34:01.000Z</time>
        <extensions>
          <ns3:TrackPointExtension>
            <ns3:hr>140</ns3:hr>
            <ns3:cad>87</ns3:cad>
          </ns3:TrackPointExtension>
        </extensions>
      </trkpt>
      <trkpt lat="31.21883757412433624267578125" lon="121.388376317918300628662109375">
        <ele>15.3999996185302734375</ele>
        <time>2026-09-21T10:34:02.000Z</time>
        <extensions>
          <ns3:TrackPointExtension>
            <ns3:hr>140</ns3:hr>
            <ns3:cad>89</ns3:cad>
          </ns3:TrackPointExtension>
        </extensions>
      </trkpt>
      <trkpt lat="31.218858025968074798583984375" lon="121.38837723992764949798583984375">
        <ele>15.3999996185302734375</ele>
        <time>2026-09-21T10:34:03.000Z</time>
        <extensions>
          <ns3:TrackPointExtension>
            <ns3:hr>140</ns3:hr>
            <ns3:cad>89</ns3:cad>
          </ns3:TrackPointExtension>
        </extensions>
      </trkpt>
      <trkpt lat="31.21888040564954280853271484375" lon="121.38837858103215694427490234375">
        <ele>15.3999996185302734375</ele>
        <time>2026-09-21T10:34:04.000Z</time>
        <extensions>
          <ns3:TrackPointExtension>
            <ns3:hr>141</ns3:hr>
            <ns3:cad>88</ns3:cad>
          </ns3:TrackPointExtension>
        </extensions>
      </trkpt>
      <trkpt lat="31.2189118377864360809326171875" lon="121.38837154023349285125732421875">
        <ele>15.3999996185302734375</ele>
        <time>2026-09-21T10:34:05.000Z</time>
        <extensions>
          <ns3:TrackPointExtension>
            <ns3:hr>140</ns3:hr>
            <ns3:cad>87</ns3:cad>
          </ns3:TrackPointExtension>
        </extensions>
      </trkpt>
      <trkpt lat="31.21893840841948986053466796875" lon="121.38837464153766632080078125">
        <ele>15.19999980926513671875</ele>
        <time>2026-09-21T10:34:06.000Z</time>
        <extensions>
          <ns3:TrackPointExtension>
            <ns3:hr>141</ns3:hr>
            <ns3:cad>87</ns3:cad>
          </ns3:TrackPointExtension>
        </extensions>
      </trkpt>
      <trkpt lat="31.21895953081548213958740234375" lon="121.38837958686053752899169921875">
        <ele>15.3999996185302734375</ele>
        <time>2026-09-21T10:34:07.000Z</time>
        <extensions>
          <ns3:TrackPointExtension>
            <ns3:hr>141</ns3:hr>
            <ns3:cad>87</ns3:cad>
          </ns3:TrackPointExtension>
        </extensions>
      </trkpt>
      <trkpt lat="31.2189798988401889801025390625" lon="121.3883845321834087371826171875">
        <ele>15.3999996185302734375</ele>
        <time>2026-09-21T10:34:08.000Z</time>
        <extensions>
          <ns3:TrackPointExtension>
            <ns3:hr>141</ns3:hr>
            <ns3:cad>88</ns3:cad>
          </ns3:TrackPointExtension>
        </extensions>
      </trkpt>
      <trkpt lat="31.21900110505521297454833984375" lon="121.3883848674595355987548828125">
        <ele>15.3999996185302734375</ele>
        <time>2026-09-21T10:34:09.000Z</time>
        <extensions>
          <ns3:TrackPointExtension>
            <ns3:hr>140</ns3:hr>
            <ns3:cad>88</ns3:cad>
          </ns3:TrackPointExtension>
        </extensions>
      </trkpt>
      <trkpt lat="31.21902801096439361572265625" lon="121.3883868791162967681884765625">
        <ele>15.3999996185302734375</ele>
        <time>2026-09-21T10:34:10.000Z</time>
        <extensions>
          <ns3:TrackPointExtension>
            <ns3:hr>140</ns3:hr>
            <ns3:cad>88</ns3:cad>
          </ns3:TrackPointExtension>
        </extensions>
      </trkpt>
      <trkpt lat="31.21904921717941761016845703125" lon="121.3883862085640430450439453125">
        <ele>15.6000003814697265625</ele>
        <time>2026-09-21T10:34:11.000Z</time>
        <extensions>
          <ns3:TrackPointExtension>
            <ns3:hr>140</ns3:hr>
            <ns3:cad>87</ns3:cad>
          </ns3:TrackPointExtension>
        </extensions>
      </trkpt>
      <trkpt lat="31.21907570399343967437744140625" lon="121.3883805088698863983154296875">
        <ele>15.6000003814697265625</ele>
        <time>2026-09-21T10:34:12.000Z</time>
        <extensions>
          <ns3:TrackPointExtension>
            <ns3:hr>140</ns3:hr>
            <ns3:cad>87</ns3:cad>
          </ns3:TrackPointExtension>
        </extensions>
      </trkpt>
      <trkpt lat="31.219098754227161407470703125" lon="121.3883784972131252288818359375">
        <ele>15.6000003814697265625</ele>
        <time>2026-09-21T10:34:13.000Z</time>
        <extensions>
          <ns3:TrackPointExtension>
            <ns3:hr>140</ns3:hr>
            <ns3:cad>87</ns3:cad>
          </ns3:TrackPointExtension>
        </extensions>
      </trkpt>
      <trkpt lat="31.2191230617463588714599609375" lon="121.3883753120899200439453125">
        <ele>15.6000003814697265625</ele>
        <time>2026-09-21T10:34:14.000Z</time>
        <extensions>
          <ns3:TrackPointExtension>
            <ns3:hr>141</ns3:hr>
            <ns3:cad>87</ns3:cad>
          </ns3:TrackPointExtension>
        </extensions>
      </trkpt>
      <trkpt lat="31.21914871037006378173828125" lon="121.3883726298809051513671875">
        <ele>15.3999996185302734375</ele>
        <time>2026-09-21T10:34:15.000Z</time>
        <extensions>
          <ns3:TrackPointExtension>
            <ns3:hr>141</ns3:hr>
            <ns3:cad>88</ns3:cad>
          </ns3:TrackPointExtension>
        </extensions>
      </trkpt>
      <trkpt lat="31.219169832766056060791015625" lon="121.3883667625486850738525390625">
        <ele>15.3999996185302734375</ele>
        <time>2026-09-21T10:34:16.000Z</time>
        <extensions>
          <ns3:TrackPointExtension>
            <ns3:hr>141</ns3:hr>
            <ns3:cad>88</ns3:cad>
          </ns3:TrackPointExtension>
        </extensions>
      </trkpt>
      <trkpt lat="31.21919472701847553253173828125" lon="121.38836659491062164306640625">
        <ele>15.3999996185302734375</ele>
        <time>2026-09-21T10:34:17.000Z</time>
        <extensions>
          <ns3:TrackPointExtension>
            <ns3:hr>141</ns3:hr>
            <ns3:cad>87</ns3:cad>
          </ns3:TrackPointExtension>
        </extensions>
      </trkpt>
      <trkpt lat="31.219220794737339019775390625" lon="121.38836030848324298858642578125">
        <ele>15.3999996185302734375</ele>
        <time>2026-09-21T10:34:18.000Z</time>
        <extensions>
          <ns3:TrackPointExtension>
            <ns3:hr>141</ns3:hr>
            <ns3:cad>87</ns3:cad>
          </ns3:TrackPointExtension>
        </extensions>
      </trkpt>
      <trkpt lat="31.21924602426588535308837890625" lon="121.38835980556905269622802734375">
        <ele>15.3999996185302734375</ele>
        <time>2026-09-21T10:34:19.000Z</time>
        <extensions>
          <ns3:TrackPointExtension>
            <ns3:hr>141</ns3:hr>
            <ns3:cad>87</ns3:cad>
          </ns3:TrackPointExtension>
        </extensions>
      </trkpt>
      <trkpt lat="31.2192652188241481781005859375" lon="121.38835586607456207275390625">
        <ele>15.3999996185302734375</ele>
        <time>2026-09-21T10:34:20.000Z</time>
        <extensions>
          <ns3:TrackPointExtension>
            <ns3:hr>141</ns3:hr>
            <ns3:cad>87</ns3:cad>
          </ns3:TrackPointExtension>
        </extensions>
      </trkpt>
      <trkpt lat="31.2192937172949314117431640625" lon="121.388355195522308349609375">
        <ele>15.3999996185302734375</ele>
        <time>2026-09-21T10:34:21.000Z</time>
        <extensions>
          <ns3:TrackPointExtension>
            <ns3:hr>141</ns3:hr>
            <ns3:cad>87</ns3:cad>
          </ns3:TrackPointExtension>
        </extensions>
      </trkpt>
      <trkpt lat="31.2193131633102893829345703125" lon="121.38835360296070575714111328125">
        <ele>15.3999996185302734375</ele>
        <time>2026-09-21T10:34:22.000Z</time>
        <extensions>
          <ns3:TrackPointExtension>
            <ns3:hr>140</ns3:hr>
            <ns3:cad>87</ns3:cad>
          </ns3:TrackPointExtension>
        </extensions>
      </trkpt>
      <trkpt lat="31.21933772228658199310302734375" lon="121.388352178037166595458984375">
        <ele>15.6000003814697265625</ele>
        <time>2026-09-21T10:34:23.000Z</time>
        <extensions>
          <ns3:TrackPointExtension>
            <ns3:hr>140</ns3:hr>
            <ns3:cad>87</ns3:cad>
          </ns3:TrackPointExtension>
        </extensions>
      </trkpt>
      <trkpt lat="31.21935926377773284912109375" lon="121.388347484171390533447265625">
        <ele>15.6000003814697265625</ele>
        <time>2026-09-21T10:34:24.000Z</time>
        <extensions>
          <ns3:TrackPointExtension>
            <ns3:hr>140</ns3:hr>
            <ns3:cad>87</ns3:cad>
          </ns3:TrackPointExtension>
        </extensions>
      </trkpt>
      <trkpt lat="31.21938164345920085906982421875" lon="121.38834622688591480255126953125">
        <ele>15.80000019073486328125</ele>
        <time>2026-09-21T10:34:25.000Z</time>
        <extensions>
          <ns3:TrackPointExtension>
            <ns3:hr>140</ns3:hr>
            <ns3:cad>87</ns3:cad>
          </ns3:TrackPointExtension>
        </extensions>
      </trkpt>
      <trkpt lat="31.21940460987389087677001953125" lon="121.38834522105753421783447265625">
        <ele>15.80000019073486328125</ele>
        <time>2026-09-21T10:34:26.000Z</time>
        <extensions>
          <ns3:TrackPointExtension>
            <ns3:hr>140</ns3:hr>
            <ns3:cad>87</ns3:cad>
          </ns3:TrackPointExtension>
        </extensions>
      </trkpt>
      <trkpt lat="31.21942640282213687896728515625" lon="121.388340778648853302001953125">
        <ele>15.80000019073486328125</ele>
        <time>2026-09-21T10:34:27.000Z</time>
        <extensions>
          <ns3:TrackPointExtension>
            <ns3:hr>140</ns3:hr>
            <ns3:cad>87</ns3:cad>
          </ns3:TrackPointExtension>
        </extensions>
      </trkpt>
      <trkpt lat="31.2194492854177951812744140625" lon="121.38834186829626560211181640625">
        <ele>15.6000003814697265625</ele>
        <time>2026-09-21T10:34:28.000Z</time>
        <extensions>
          <ns3:TrackPointExtension>
            <ns3:hr>140</ns3:hr>
            <ns3:cad>87</ns3:cad>
          </ns3:TrackPointExtension>
        </extensions>
      </trkpt>
      <trkpt lat="31.21947200037539005279541015625" lon="121.38833583332598209381103515625">
        <ele>15.6000003814697265625</ele>
        <time>2026-09-21T10:34:29.000Z</time>
        <extensions>
          <ns3:TrackPointExtension>
            <ns3:hr>140</ns3:hr>
            <ns3:cad>87</ns3:cad>
          </ns3:TrackPointExtension>
        </extensions>
      </trkpt>
      <trkpt lat="31.21949739754199981689453125" lon="121.3883389346301555633544921875">
        <ele>15.6000003814697265625</ele>
        <time>2026-09-21T10:34:30.000Z</time>
        <extensions>
          <ns3:TrackPointExtension>
            <ns3:hr>139</ns3:hr>
            <ns3:cad>86</ns3:cad>
          </ns3:TrackPointExtension>
        </extensions>
      </trkpt>
      <trkpt lat="31.2195196934044361114501953125" lon="121.388336755335330963134765625">
        <ele>15.6000003814697265625</ele>
        <time>2026-09-21T10:34:31.000Z</time>
        <extensions>
          <ns3:TrackPointExtension>
            <ns3:hr>140</ns3:hr>
            <ns3:cad>86</ns3:cad>
          </ns3:TrackPointExtension>
        </extensions>
      </trkpt>
      <trkpt lat="31.21954157017171382904052734375" lon="121.3883372582495212554931640625">
        <ele>15.6000003814697265625</ele>
        <time>2026-09-21T10:34:32.000Z</time>
        <extensions>
          <ns3:TrackPointExtension>
            <ns3:hr>140</ns3:hr>
            <ns3:cad>86</ns3:cad>
          </ns3:TrackPointExtension>
        </extensions>
      </trkpt>
      <trkpt lat="31.21956353075802326202392578125" lon="121.38833164237439632415771484375">
        <ele>15.80000019073486328125</ele>
        <time>2026-09-21T10:34:33.000Z</time>
        <extensions>
          <ns3:TrackPointExtension>
            <ns3:hr>139</ns3:hr>
            <ns3:cad>88</ns3:cad>
          </ns3:TrackPointExtension>
        </extensions>
      </trkpt>
      <trkpt lat="31.2195897661149501800537109375" lon="121.38832979835569858551025390625">
        <ele>15.80000019073486328125</ele>
        <time>2026-09-21T10:34:34.000Z</time>
        <extensions>
          <ns3:TrackPointExtension>
            <ns3:hr>139</ns3:hr>
            <ns3:cad>88</ns3:cad>
          </ns3:TrackPointExtension>
        </extensions>
      </trkpt>
      <trkpt lat="31.2196115590631961822509765625" lon="121.38833382166922092437744140625">
        <ele>15.80000019073486328125</ele>
        <time>2026-09-21T10:34:35.000Z</time>
        <extensions>
          <ns3:TrackPointExtension>
            <ns3:hr>139</ns3:hr>
            <ns3:cad>88</ns3:cad>
          </ns3:TrackPointExtension>
        </extensions>
      </trkpt>
      <trkpt lat="31.2196348607540130615234375" lon="121.38833046890795230865478515625">
        <ele>15.80000019073486328125</ele>
        <time>2026-09-21T10:34:36.000Z</time>
        <extensions>
          <ns3:TrackPointExtension>
            <ns3:hr>140</ns3:hr>
            <ns3:cad>87</ns3:cad>
          </ns3:TrackPointExtension>
        </extensions>
      </trkpt>
      <trkpt lat="31.21966101229190826416015625" lon="121.38833482749760150909423828125">
        <ele>15.80000019073486328125</ele>
        <time>2026-09-21T10:34:37.000Z</time>
        <extensions>
          <ns3:TrackPointExtension>
            <ns3:hr>139</ns3:hr>
            <ns3:cad>87</ns3:cad>
          </ns3:TrackPointExtension>
        </extensions>
      </trkpt>
      <trkpt lat="31.21968020685017108917236328125" lon="121.388330049812793731689453125">
        <ele>15.80000019073486328125</ele>
        <time>2026-09-21T10:34:38.000Z</time>
        <extensions>
          <ns3:TrackPointExtension>
            <ns3:hr>139</ns3:hr>
            <ns3:cad>86</ns3:cad>
          </ns3:TrackPointExtension>
        </extensions>
      </trkpt>
      <trkpt lat="31.21970837004482746124267578125" lon="121.3883325643837451934814453125">
        <ele>15.80000019073486328125</ele>
        <time>2026-09-21T10:34:39.000Z</time>
        <extensions>
          <ns3:TrackPointExtension>
            <ns3:hr>140</ns3:hr>
            <ns3:cad>86</ns3:cad>
          </ns3:TrackPointExtension>
        </extensions>
      </trkpt>
      <trkpt lat="31.21972714550793170928955078125" lon="121.38832694850862026214599609375">
        <ele>16</ele>
        <time>2026-09-21T10:34:40.000Z</time>
        <extensions>
          <ns3:TrackPointExtension>
            <ns3:hr>140</ns3:hr>
            <ns3:cad>87</ns3:cad>
          </ns3:TrackPointExtension>
        </extensions>
      </trkpt>
      <trkpt lat="31.21975162066519260406494140625" lon="121.38832862488925457000732421875">
        <ele>16</ele>
        <time>2026-09-21T10:34:41.000Z</time>
        <extensions>
          <ns3:TrackPointExtension>
            <ns3:hr>140</ns3:hr>
            <ns3:cad>87</ns3:cad>
          </ns3:TrackPointExtension>
        </extensions>
      </trkpt>
      <trkpt lat="31.21977475471794605255126953125" lon="121.3883271999657154083251953125">
        <ele>16</ele>
        <time>2026-09-21T10:34:42.000Z</time>
        <extensions>
          <ns3:TrackPointExtension>
            <ns3:hr>141</ns3:hr>
            <ns3:cad>86</ns3:cad>
          </ns3:TrackPointExtension>
        </extensions>
      </trkpt>
      <trkpt lat="31.21980627067387104034423828125" lon="121.38832359574735164642333984375">
        <ele>16.200000762939453125</ele>
        <time>2026-09-21T10:34:43.000Z</time>
        <extensions>
          <ns3:TrackPointExtension>
            <ns3:hr>141</ns3:hr>
            <ns3:cad>86</ns3:cad>
          </ns3:TrackPointExtension>
        </extensions>
      </trkpt>
      <trkpt lat="31.21983393095433712005615234375" lon="121.38832108117640018463134765625">
        <ele>16.200000762939453125</ele>
        <time>2026-09-21T10:34:44.000Z</time>
        <extensions>
          <ns3:TrackPointExtension>
            <ns3:hr>141</ns3:hr>
            <ns3:cad>86</ns3:cad>
          </ns3:TrackPointExtension>
        </extensions>
      </trkpt>
      <trkpt lat="31.2198573164641857147216796875" lon="121.38830934651196002960205078125">
        <ele>16.200000762939453125</ele>
        <time>2026-09-21T10:34:45.000Z</time>
        <extensions>
          <ns3:TrackPointExtension>
            <ns3:hr>141</ns3:hr>
            <ns3:cad>86</ns3:cad>
          </ns3:TrackPointExtension>
        </extensions>
      </trkpt>
      <trkpt lat="31.21988355182111263275146484375" lon="121.38830565847456455230712890625">
        <ele>16</ele>
        <time>2026-09-21T10:34:46.000Z</time>
        <extensions>
          <ns3:TrackPointExtension>
            <ns3:hr>141</ns3:hr>
            <ns3:cad>87</ns3:cad>
          </ns3:TrackPointExtension>
        </extensions>
      </trkpt>
      <trkpt lat="31.2198972143232822418212890625" lon="121.3882926665246486663818359375">
        <ele>16</ele>
        <time>2026-09-21T10:34:47.000Z</time>
        <extensions>
          <ns3:TrackPointExtension>
            <ns3:hr>141</ns3:hr>
            <ns3:cad>87</ns3:cad>
          </ns3:TrackPointExtension>
        </extensions>
      </trkpt>
      <trkpt lat="31.2199052609503269195556640625" lon="121.38826542533934116363525390625">
        <ele>16</ele>
        <time>2026-09-21T10:34:48.000Z</time>
        <extensions>
          <ns3:TrackPointExtension>
            <ns3:hr>141</ns3:hr>
            <ns3:cad>86</ns3:cad>
          </ns3:TrackPointExtension>
        </extensions>
      </trkpt>
      <trkpt lat="31.21991506777703762054443359375" lon="121.38824195601046085357666015625">
        <ele>16</ele>
        <time>2026-09-21T10:34:49.000Z</time>
        <extensions>
          <ns3:TrackPointExtension>
            <ns3:hr>141</ns3:hr>
            <ns3:cad>85</ns3:cad>
          </ns3:TrackPointExtension>
        </extensions>
      </trkpt>
      <trkpt lat="31.21992462314665317535400390625" lon="121.3882168941199779510498046875">
        <ele>16</ele>
        <time>2026-09-21T10:34:50.000Z</time>
        <extensions>
          <ns3:TrackPointExtension>
            <ns3:hr>141</ns3:hr>
            <ns3:cad>84</ns3:cad>
          </ns3:TrackPointExtension>
        </extensions>
      </trkpt>
      <trkpt lat="31.21993015520274639129638671875" lon="121.38818420469760894775390625">
        <ele>16.200000762939453125</ele>
        <time>2026-09-21T10:34:51.000Z</time>
        <extensions>
          <ns3:TrackPointExtension>
            <ns3:hr>141</ns3:hr>
            <ns3:cad>83</ns3:cad>
          </ns3:TrackPointExtension>
        </extensions>
      </trkpt>
      <trkpt lat="31.2199330888688564300537109375" lon="121.3881632499396800994873046875">
        <ele>16.200000762939453125</ele>
        <time>2026-09-21T10:34:52.000Z</time>
        <extensions>
          <ns3:TrackPointExtension>
            <ns3:hr>141</ns3:hr>
            <ns3:cad>83</ns3:cad>
          </ns3:TrackPointExtension>
        </extensions>
      </trkpt>
      <trkpt lat="31.2199364416301250457763671875" lon="121.38813332654535770416259765625">
        <ele>16.200000762939453125</ele>
        <time>2026-09-21T10:34:53.000Z</time>
        <extensions>
          <ns3:TrackPointExtension>
            <ns3:hr>141</ns3:hr>
            <ns3:cad>83</ns3:cad>
          </ns3:TrackPointExtension>
        </extensions>
      </trkpt>
      <trkpt lat="31.219932921230792999267578125" lon="121.388112120330333709716796875">
        <ele>16.3999996185302734375</ele>
        <time>2026-09-21T10:34:54.000Z</time>
        <extensions>
          <ns3:TrackPointExtension>
            <ns3:hr>141</ns3:hr>
            <ns3:cad>83</ns3:cad>
          </ns3:TrackPointExtension>
        </extensions>
      </trkpt>
      <trkpt lat="31.21993082575500011444091796875" lon="121.38808269985020160675048828125">
        <ele>16.3999996185302734375</ele>
        <time>2026-09-21T10:34:55.000Z</time>
        <extensions>
          <ns3:TrackPointExtension>
            <ns3:hr>141</ns3:hr>
            <ns3:cad>84</ns3:cad>
          </ns3:TrackPointExtension>
        </extensions>
      </trkpt>
      <trkpt lat="31.21993049047887325286865234375" lon="121.388063840568065643310546875">
        <ele>16.3999996185302734375</ele>
        <time>2026-09-21T10:34:56.000Z</time>
        <extensions>
          <ns3:TrackPointExtension>
            <ns3:hr>141</ns3:hr>
            <ns3:cad>85</ns3:cad>
          </ns3:TrackPointExtension>
        </extensions>
      </trkpt>
      <trkpt lat="31.21992789208889007568359375" lon="121.38803391717374324798583984375">
        <ele>16.3999996185302734375</ele>
        <time>2026-09-21T10:34:57.000Z</time>
        <extensions>
          <ns3:TrackPointExtension>
            <ns3:hr>141</ns3:hr>
            <ns3:cad>86</ns3:cad>
          </ns3:TrackPointExtension>
        </extensions>
      </trkpt>
      <trkpt lat="31.21992965228855609893798828125" lon="121.38800449669361114501953125">
        <ele>16.3999996185302734375</ele>
        <time>2026-09-21T10:34:58.000Z</time>
        <extensions>
          <ns3:TrackPointExtension>
            <ns3:hr>141</ns3:hr>
            <ns3:cad>87</ns3:cad>
          </ns3:TrackPointExtension>
        </extensions>
      </trkpt>
      <trkpt lat="31.21992378495633602142333984375" lon="121.3879791833460330963134765625">
        <ele>16.3999996185302734375</ele>
        <time>2026-09-21T10:34:59.000Z</time>
        <extensions>
          <ns3:TrackPointExtension>
            <ns3:hr>141</ns3:hr>
            <ns3:cad>87</ns3:cad>
          </ns3:TrackPointExtension>
        </extensions>
      </trkpt>
      <trkpt lat="31.21992588043212890625" lon="121.3879488408565521240234375">
        <ele>16.3999996185302734375</ele>
        <time>2026-09-21T10:35:00.000Z</time>
        <extensions>
          <ns3:TrackPointExtension>
            <ns3:hr>141</ns3:hr>
            <ns3:cad>87</ns3:cad>
          </ns3:TrackPointExtension>
        </extensions>
      </trkpt>
      <trkpt lat="31.21992412023246288299560546875" lon="121.38793031685054302215576171875">
        <ele>16.3999996185302734375</ele>
        <time>2026-09-21T10:35:01.000Z</time>
        <extensions>
          <ns3:TrackPointExtension>
            <ns3:hr>141</ns3:hr>
            <ns3:cad>86</ns3:cad>
          </ns3:TrackPointExtension>
        </extensions>
      </trkpt>
      <trkpt lat="31.2199223600327968597412109375" lon="121.38789963908493518829345703125">
        <ele>16.3999996185302734375</ele>
        <time>2026-09-21T10:35:02.000Z</time>
        <extensions>
          <ns3:TrackPointExtension>
            <ns3:hr>141</ns3:hr>
            <ns3:cad>86</ns3:cad>
          </ns3:TrackPointExtension>
        </extensions>
      </trkpt>
      <trkpt lat="31.2199169956147670745849609375" lon="121.38787801377475261688232421875">
        <ele>16.3999996185302734375</ele>
        <time>2026-09-21T10:35:03.000Z</time>
        <extensions>
          <ns3:TrackPointExtension>
            <ns3:hr>141</ns3:hr>
            <ns3:cad>86</ns3:cad>
          </ns3:TrackPointExtension>
        </extensions>
      </trkpt>
      <trkpt lat="31.219918169081211090087890625" lon="121.3878477551043033599853515625">
        <ele>16.3999996185302734375</ele>
        <time>2026-09-21T10:35:04.000Z</time>
        <extensions>
          <ns3:TrackPointExtension>
            <ns3:hr>141</ns3:hr>
            <ns3:cad>87</ns3:cad>
          </ns3:TrackPointExtension>
        </extensions>
      </trkpt>
      <trkpt lat="31.21991255320608615875244140625" lon="121.3878236152231693267822265625">
        <ele>16.200000762939453125</ele>
        <time>2026-09-21T10:35:05.000Z</time>
        <extensions>
          <ns3:TrackPointExtension>
            <ns3:hr>141</ns3:hr>
            <ns3:cad>88</ns3:cad>
          </ns3:TrackPointExtension>
        </extensions>
      </trkpt>
      <trkpt lat="31.21991238556802272796630859375" lon="121.38779838569462299346923828125">
        <ele>16.200000762939453125</ele>
        <time>2026-09-21T10:35:06.000Z</time>
        <extensions>
          <ns3:TrackPointExtension>
            <ns3:hr>141</ns3:hr>
            <ns3:cad>88</ns3:cad>
          </ns3:TrackPointExtension>
        </extensions>
      </trkpt>
      <trkpt lat="31.21991322375833988189697265625" lon="121.38776670210063457489013671875">
        <ele>16.200000762939453125</ele>
        <time>2026-09-21T10:35:07.000Z</time>
        <extensions>
          <ns3:TrackPointExtension>
            <ns3:hr>141</ns3:hr>
            <ns3:cad>88</ns3:cad>
          </ns3:TrackPointExtension>
        </extensions>
      </trkpt>
      <trkpt lat="31.21991892345249652862548828125" lon="121.38774122111499309539794921875">
        <ele>16.200000762939453125</ele>
        <time>2026-09-21T10:35:08.000Z</time>
        <extensions>
          <ns3:TrackPointExtension>
            <ns3:hr>142</ns3:hr>
            <ns3:cad>87</ns3:cad>
          </ns3:TrackPointExtension>
        </extensions>
      </trkpt>
      <trkpt lat="31.219923533499240875244140625" lon="121.38771691359579563140869140625">
        <ele>16.200000762939453125</ele>
        <time>2026-09-21T10:35:09.000Z</time>
        <extensions>
          <ns3:TrackPointExtension>
            <ns3:hr>142</ns3:hr>
            <ns3:cad>87</ns3:cad>
          </ns3:TrackPointExtension>
        </extensions>
      </trkpt>
      <trkpt lat="31.21991850435733795166015625" lon="121.38769067823886871337890625">
        <ele>16.200000762939453125</ele>
        <time>2026-09-21T10:35:10.000Z</time>
        <extensions>
          <ns3:TrackPointExtension>
            <ns3:hr>142</ns3:hr>
            <ns3:cad>87</ns3:cad>
          </ns3:TrackPointExtension>
        </extensions>
      </trkpt>
      <trkpt lat="31.219918169081211090087890625" lon="121.38766075484454631805419921875">
        <ele>16.200000762939453125</ele>
        <time>2026-09-21T10:35:11.000Z</time>
        <extensions>
          <ns3:TrackPointExtension>
            <ns3:hr>143</ns3:hr>
            <ns3:cad>88</ns3:cad>
          </ns3:TrackPointExtension>
        </extensions>
      </trkpt>
      <trkpt lat="31.21991640888154506683349609375" lon="121.38763242401182651519775390625">
        <ele>16.200000762939453125</ele>
        <time>2026-09-21T10:35:12.000Z</time>
        <extensions>
          <ns3:TrackPointExtension>
            <ns3:hr>143</ns3:hr>
            <ns3:cad>88</ns3:cad>
          </ns3:TrackPointExtension>
        </extensions>
      </trkpt>
      <trkpt lat="31.21991992928087711334228515625" lon="121.38759705238044261932373046875">
        <ele>16.200000762939453125</ele>
        <time>2026-09-21T10:35:13.000Z</time>
        <extensions>
          <ns3:TrackPointExtension>
            <ns3:hr>143</ns3:hr>
            <ns3:cad>87</ns3:cad>
          </ns3:TrackPointExtension>
        </extensions>
      </trkpt>
      <trkpt lat="31.21991724707186222076416015625" lon="121.3875708170235157012939453125">
        <ele>16.3999996185302734375</ele>
        <time>2026-09-21T10:35:14.000Z</time>
        <extensions>
          <ns3:TrackPointExtension>
            <ns3:hr>143</ns3:hr>
            <ns3:cad>87</ns3:cad>
          </ns3:TrackPointExtension>
        </extensions>
      </trkpt>
      <trkpt lat="31.21991448104381561279296875" lon="121.38753619976341724395751953125">
        <ele>16.3999996185302734375</ele>
        <time>2026-09-21T10:35:15.000Z</time>
        <extensions>
          <ns3:TrackPointExtension>
            <ns3:hr>144</ns3:hr>
            <ns3:cad>87</ns3:cad>
          </ns3:TrackPointExtension>
        </extensions>
      </trkpt>
      <trkpt lat="31.21990735642611980438232421875" lon="121.3875114731490612030029296875">
        <ele>16.3999996185302734375</ele>
        <time>2026-09-21T10:35:16.000Z</time>
        <extensions>
          <ns3:TrackPointExtension>
            <ns3:hr>144</ns3:hr>
            <ns3:cad>87</ns3:cad>
          </ns3:TrackPointExtension>
        </extensions>
      </trkpt>
      <trkpt lat="31.21990651823580265045166015625" lon="121.38747903518378734588623046875">
        <ele>16.3999996185302734375</ele>
        <time>2026-09-21T10:35:17.000Z</time>
        <extensions>
          <ns3:TrackPointExtension>
            <ns3:hr>144</ns3:hr>
            <ns3:cad>87</ns3:cad>
          </ns3:TrackPointExtension>
        </extensions>
      </trkpt>
      <trkpt lat="31.219907104969024658203125" lon="121.38745187781751155853271484375">
        <ele>16.3999996185302734375</ele>
        <time>2026-09-21T10:35:18.000Z</time>
        <extensions>
          <ns3:TrackPointExtension>
            <ns3:hr>144</ns3:hr>
            <ns3:cad>88</ns3:cad>
          </ns3:TrackPointExtension>
        </extensions>
      </trkpt>
      <trkpt lat="31.2199045903980731964111328125" lon="121.3874279893934726715087890625">
        <ele>16.3999996185302734375</ele>
        <time>2026-09-21T10:35:19.000Z</time>
        <extensions>
          <ns3:TrackPointExtension>
            <ns3:hr>144</ns3:hr>
            <ns3:cad>88</ns3:cad>
          </ns3:TrackPointExtension>
        </extensions>
      </trkpt>
      <trkpt lat="31.21990500949323177337646484375" lon="121.387400664389133453369140625">
        <ele>16.200000762939453125</ele>
        <time>2026-09-21T10:35:20.000Z</time>
        <extensions>
          <ns3:TrackPointExtension>
            <ns3:hr>144</ns3:hr>
            <ns3:cad>87</ns3:cad>
          </ns3:TrackPointExtension>
        </extensions>
      </trkpt>
      <trkpt lat="31.21990618295967578887939453125" lon="121.3873743452131748199462890625">
        <ele>16.200000762939453125</ele>
        <time>2026-09-21T10:35:21.000Z</time>
        <extensions>
          <ns3:TrackPointExtension>
            <ns3:hr>144</ns3:hr>
            <ns3:cad>87</ns3:cad>
          </ns3:TrackPointExtension>
        </extensions>
      </trkpt>
      <trkpt lat="31.219904087483882904052734375" lon="121.38734458945691585540771484375">
        <ele>16.200000762939453125</ele>
        <time>2026-09-21T10:35:22.000Z</time>
        <extensions>
          <ns3:TrackPointExtension>
            <ns3:hr>145</ns3:hr>
            <ns3:cad>87</ns3:cad>
          </ns3:TrackPointExtension>
        </extensions>
      </trkpt>
      <trkpt lat="31.21989964507520198822021484375" lon="121.3873240537941455841064453125">
        <ele>16.200000762939453125</ele>
        <time>2026-09-21T10:35:23.000Z</time>
        <extensions>
          <ns3:TrackPointExtension>
            <ns3:hr>145</ns3:hr>
            <ns3:cad>87</ns3:cad>
          </ns3:TrackPointExtension>
        </extensions>
      </trkpt>
      <trkpt lat="31.21989981271326541900634765625" lon="121.38729630969464778900146484375">
        <ele>16</ele>
        <time>2026-09-21T10:35:24.000Z</time>
        <extensions>
          <ns3:TrackPointExtension>
            <ns3:hr>145</ns3:hr>
            <ns3:cad>88</ns3:cad>
          </ns3:TrackPointExtension>
        </extensions>
      </trkpt>
      <trkpt lat="31.21989696286618709564208984375" lon="121.3872729241847991943359375">
        <ele>16</ele>
        <time>2026-09-21T10:35:25.000Z</time>
        <extensions>
          <ns3:TrackPointExtension>
            <ns3:hr>145</ns3:hr>
            <ns3:cad>88</ns3:cad>
          </ns3:TrackPointExtension>
        </extensions>
      </trkpt>
      <trkpt lat="31.2198935262858867645263671875" lon="121.3872452639043331146240234375">
        <ele>16</ele>
        <time>2026-09-21T10:35:26.000Z</time>
        <extensions>
          <ns3:TrackPointExtension>
            <ns3:hr>145</ns3:hr>
            <ns3:cad>87</ns3:cad>
          </ns3:TrackPointExtension>
        </extensions>
      </trkpt>
      <trkpt lat="31.21989034116268157958984375" lon="121.3872206211090087890625">
        <ele>16</ele>
        <time>2026-09-21T10:35:27.000Z</time>
        <extensions>
          <ns3:TrackPointExtension>
            <ns3:hr>145</ns3:hr>
            <ns3:cad>87</ns3:cad>
          </ns3:TrackPointExtension>
        </extensions>
      </trkpt>
      <trkpt lat="31.2198869884014129638671875" lon="121.387188434600830078125">
        <ele>16.200000762939453125</ele>
        <time>2026-09-21T10:35:28.000Z</time>
        <extensions>
          <ns3:TrackPointExtension>
            <ns3:hr>145</ns3:hr>
            <ns3:cad>87</ns3:cad>
          </ns3:TrackPointExtension>
        </extensions>
      </trkpt>
      <trkpt lat="31.21988204307854175567626953125" lon="121.38716069050133228302001953125">
        <ele>16.200000762939453125</ele>
        <time>2026-09-21T10:35:29.000Z</time>
        <extensions>
          <ns3:TrackPointExtension>
            <ns3:hr>146</ns3:hr>
            <ns3:cad>88</ns3:cad>
          </ns3:TrackPointExtension>
        </extensions>
      </trkpt>
      <trkpt lat="31.219881288707256317138671875" lon="121.38713319785892963409423828125">
        <ele>16.200000762939453125</ele>
        <time>2026-09-21T10:35:30.000Z</time>
        <extensions>
          <ns3:TrackPointExtension>
            <ns3:hr>145</ns3:hr>
            <ns3:cad>88</ns3:cad>
          </ns3:TrackPointExtension>
        </extensions>
      </trkpt>
      <trkpt lat="31.2198841385543346405029296875" lon="121.3871024362742900848388671875">
        <ele>16.200000762939453125</ele>
        <time>2026-09-21T10:35:31.000Z</time>
        <extensions>
          <ns3:TrackPointExtension>
            <ns3:hr>145</ns3:hr>
            <ns3:cad>88</ns3:cad>
          </ns3:TrackPointExtension>
        </extensions>
      </trkpt>
      <trkpt lat="31.2198824621737003326416015625" lon="121.387074775993824005126953125">
        <ele>16.200000762939453125</ele>
        <time>2026-09-21T10:35:32.000Z</time>
        <extensions>
          <ns3:TrackPointExtension>
            <ns3:hr>146</ns3:hr>
            <ns3:cad>88</ns3:cad>
          </ns3:TrackPointExtension>
        </extensions>
      </trkpt>
      <trkpt lat="31.2198794446885585784912109375" lon="121.38704292476177215576171875">
        <ele>16.200000762939453125</ele>
        <time>2026-09-21T10:35:33.000Z</time>
        <extensions>
          <ns3:TrackPointExtension>
            <ns3:hr>145</ns3:hr>
            <ns3:cad>87</ns3:cad>
          </ns3:TrackPointExtension>
        </extensions>
      </trkpt>
      <trkpt lat="31.2198737449944019317626953125" lon="121.38701551593840122222900390625">
        <ele>16.200000762939453125</ele>
        <time>2026-09-21T10:35:34.000Z</time>
        <extensions>
          <ns3:TrackPointExtension>
            <ns3:hr>145</ns3:hr>
            <ns3:cad>87</ns3:cad>
          </ns3:TrackPointExtension>
        </extensions>
      </trkpt>
      <trkpt lat="31.21986947022378444671630859375" lon="121.3869854249060153961181640625">
        <ele>16.200000762939453125</ele>
        <time>2026-09-21T10:35:35.000Z</time>
        <extensions>
          <ns3:TrackPointExtension>
            <ns3:hr>146</ns3:hr>
            <ns3:cad>87</ns3:cad>
          </ns3:TrackPointExtension>
        </extensions>
      </trkpt>
      <trkpt lat="31.21986812911927700042724609375" lon="121.386962123215198516845703125">
        <ele>16.200000762939453125</ele>
        <time>2026-09-21T10:35:36.000Z</time>
        <extensions>
          <ns3:TrackPointExtension>
            <ns3:hr>145</ns3:hr>
            <ns3:cad>88</ns3:cad>
          </ns3:TrackPointExtension>
        </extensions>
      </trkpt>
      <trkpt lat="31.219869554042816162109375" lon="121.3869294337928295135498046875">
        <ele>16.200000762939453125</ele>
        <time>2026-09-21T10:35:37.000Z</time>
        <extensions>
          <ns3:TrackPointExtension>
            <ns3:hr>145</ns3:hr>
            <ns3:cad>88</ns3:cad>
          </ns3:TrackPointExtension>
        </extensions>
      </trkpt>
      <trkpt lat="31.21986594982445240020751953125" lon="121.38690386898815631866455078125">
        <ele>16.200000762939453125</ele>
        <time>2026-09-21T10:35:38.000Z</time>
        <extensions>
          <ns3:TrackPointExtension>
            <ns3:hr>146</ns3:hr>
            <ns3:cad>88</ns3:cad>
          </ns3:TrackPointExtension>
        </extensions>
      </trkpt>
      <trkpt lat="31.21986645273864269256591796875" lon="121.38687235303223133087158203125">
        <ele>16.200000762939453125</ele>
        <time>2026-09-21T10:35:39.000Z</time>
        <extensions>
          <ns3:TrackPointExtension>
            <ns3:hr>145</ns3:hr>
            <ns3:cad>87</ns3:cad>
          </ns3:TrackPointExtension>
        </extensions>
      </trkpt>
      <trkpt lat="31.21986687183380126953125" lon="121.3868462853133678436279296875">
        <ele>16</ele>
        <time>2026-09-21T10:35:40.000Z</time>
        <extensions>
          <ns3:TrackPointExtension>
            <ns3:hr>145</ns3:hr>
            <ns3:cad>87</ns3:cad>
          </ns3:TrackPointExtension>
        </extensions>
      </trkpt>
      <trkpt lat="31.21986779384315013885498046875" lon="121.3868161104619503021240234375">
        <ele>16</ele>
        <time>2026-09-21T10:35:41.000Z</time>
        <extensions>
          <ns3:TrackPointExtension>
            <ns3:hr>146</ns3:hr>
            <ns3:cad>87</ns3:cad>
          </ns3:TrackPointExtension>
        </extensions>
      </trkpt>
      <trkpt lat="31.2198744155466556549072265625" lon="121.38678702525794506072998046875">
        <ele>16</ele>
        <time>2026-09-21T10:35:42.000Z</time>
        <extensions>
          <ns3:TrackPointExtension>
            <ns3:hr>145</ns3:hr>
            <ns3:cad>87</ns3:cad>
          </ns3:TrackPointExtension>
        </extensions>
      </trkpt>
      <trkpt lat="31.21987852267920970916748046875" lon="121.38675701804459095001220703125">
        <ele>16</ele>
        <time>2026-09-21T10:35:43.000Z</time>
        <extensions>
          <ns3:TrackPointExtension>
            <ns3:hr>145</ns3:hr>
            <ns3:cad>89</ns3:cad>
          </ns3:TrackPointExtension>
        </extensions>
      </trkpt>
      <trkpt lat="31.21988723985850811004638671875" lon="121.38672851957380771636962890625">
        <ele>16</ele>
        <time>2026-09-21T10:35:44.000Z</time>
        <extensions>
          <ns3:TrackPointExtension>
            <ns3:hr>146</ns3:hr>
            <ns3:cad>89</ns3:cad>
          </ns3:TrackPointExtension>
        </extensions>
      </trkpt>
      <trkpt lat="31.21988321654498577117919921875" lon="121.38670421205461025238037109375">
        <ele>16.200000762939453125</ele>
        <time>2026-09-21T10:35:45.000Z</time>
        <extensions>
          <ns3:TrackPointExtension>
            <ns3:hr>145</ns3:hr>
            <ns3:cad>87</ns3:cad>
          </ns3:TrackPointExtension>
        </extensions>
      </trkpt>
      <trkpt lat="31.21988355182111263275146484375" lon="121.38667521066963672637939453125">
        <ele>16.200000762939453125</ele>
        <time>2026-09-21T10:35:46.000Z</time>
        <extensions>
          <ns3:TrackPointExtension>
            <ns3:hr>146</ns3:hr>
            <ns3:cad>87</ns3:cad>
          </ns3:TrackPointExtension>
        </extensions>
      </trkpt>
      <trkpt lat="31.21987760066986083984375" lon="121.38665358535945415496826171875">
        <ele>16.200000762939453125</ele>
        <time>2026-09-21T10:35:47.000Z</time>
        <extensions>
          <ns3:TrackPointExtension>
            <ns3:hr>146</ns3:hr>
            <ns3:cad>87</ns3:cad>
          </ns3:TrackPointExtension>
        </extensions>
      </trkpt>
      <trkpt lat="31.219872571527957916259765625" lon="121.386624835431575775146484375">
        <ele>16.200000762939453125</ele>
        <time>2026-09-21T10:35:48.000Z</time>
        <extensions>
          <ns3:TrackPointExtension>
            <ns3:hr>146</ns3:hr>
            <ns3:cad>87</ns3:cad>
          </ns3:TrackPointExtension>
        </extensions>
      </trkpt>
      <trkpt lat="31.21986930258572101593017578125" lon="121.38660228811204433441162109375">
        <ele>16.200000762939453125</ele>
        <time>2026-09-21T10:35:49.000Z</time>
        <extensions>
          <ns3:TrackPointExtension>
            <ns3:hr>147</ns3:hr>
            <ns3:cad>88</ns3:cad>
          </ns3:TrackPointExtension>
        </extensions>
      </trkpt>
      <trkpt lat="31.21986997313797473907470703125" lon="121.38657093979418277740478515625">
        <ele>16.200000762939453125</ele>
        <time>2026-09-21T10:35:50.000Z</time>
        <extensions>
          <ns3:TrackPointExtension>
            <ns3:hr>147</ns3:hr>
            <ns3:cad>88</ns3:cad>
          </ns3:TrackPointExtension>
        </extensions>
      </trkpt>
      <trkpt lat="31.21987215243279933929443359375" lon="121.38654126785695552825927734375">
        <ele>16.200000762939453125</ele>
        <time>2026-09-21T10:35:51.000Z</time>
        <extensions>
          <ns3:TrackPointExtension>
            <ns3:hr>147</ns3:hr>
            <ns3:cad>87</ns3:cad>
          </ns3:TrackPointExtension>
        </extensions>
      </trkpt>
      <trkpt lat="31.2198708951473236083984375" lon="121.3865150325000286102294921875">
        <ele>16.200000762939453125</ele>
        <time>2026-09-21T10:35:52.000Z</time>
        <extensions>
          <ns3:TrackPointExtension>
            <ns3:hr>147</ns3:hr>
            <ns3:cad>87</ns3:cad>
          </ns3:TrackPointExtension>
        </extensions>
      </trkpt>
      <trkpt lat="31.219870559871196746826171875" lon="121.38648645021021366119384765625">
        <ele>16</ele>
        <time>2026-09-21T10:35:53.000Z</time>
        <extensions>
          <ns3:TrackPointExtension>
            <ns3:hr>147</ns3:hr>
            <ns3:cad>87</ns3:cad>
          </ns3:TrackPointExtension>
        </extensions>
      </trkpt>
      <trkpt lat="31.21986829675734043121337890625" lon="121.3864573650062084197998046875">
        <ele>16</ele>
        <time>2026-09-21T10:35:54.000Z</time>
        <extensions>
          <ns3:TrackPointExtension>
            <ns3:hr>147</ns3:hr>
            <ns3:cad>87</ns3:cad>
          </ns3:TrackPointExtension>
        </extensions>
      </trkpt>
      <trkpt lat="31.21986729092895984649658203125" lon="121.38643096201121807098388671875">
        <ele>16</ele>
        <time>2026-09-21T10:35:55.000Z</time>
        <extensions>
          <ns3:TrackPointExtension>
            <ns3:hr>147</ns3:hr>
            <ns3:cad>88</ns3:cad>
          </ns3:TrackPointExtension>
        </extensions>
      </trkpt>
      <trkpt lat="31.2198623456060886383056640625" lon="121.3864067383110523223876953125">
        <ele>16</ele>
        <time>2026-09-21T10:35:56.000Z</time>
        <extensions>
          <ns3:TrackPointExtension>
            <ns3:hr>147</ns3:hr>
            <ns3:cad>88</ns3:cad>
          </ns3:TrackPointExtension>
        </extensions>
      </trkpt>
      <trkpt lat="31.21986083686351776123046875" lon="121.38637907803058624267578125">
        <ele>16</ele>
        <time>2026-09-21T10:35:57.000Z</time>
        <extensions>
          <ns3:TrackPointExtension>
            <ns3:hr>147</ns3:hr>
            <ns3:cad>88</ns3:cad>
          </ns3:TrackPointExtension>
        </extensions>
      </trkpt>
      <trkpt lat="31.21985438279807567596435546875" lon="121.38635091483592987060546875">
        <ele>16.200000762939453125</ele>
        <time>2026-09-21T10:35:58.000Z</time>
        <extensions>
          <ns3:TrackPointExtension>
            <ns3:hr>146</ns3:hr>
            <ns3:cad>87</ns3:cad>
          </ns3:TrackPointExtension>
        </extensions>
      </trkpt>
      <trkpt lat="31.2198566459119319915771484375" lon="121.38631747104227542877197265625">
        <ele>16.200000762939453125</ele>
        <time>2026-09-21T10:35:59.000Z</time>
        <extensions>
          <ns3:TrackPointExtension>
            <ns3:hr>146</ns3:hr>
            <ns3:cad>87</ns3:cad>
          </ns3:TrackPointExtension>
        </extensions>
      </trkpt>
      <trkpt lat="31.21985337696969509124755859375" lon="121.3862873800098896026611328125">
        <ele>16.200000762939453125</ele>
        <time>2026-09-21T10:36:00.000Z</time>
        <extensions>
          <ns3:TrackPointExtension>
            <ns3:hr>146</ns3:hr>
            <ns3:cad>86</ns3:cad>
          </ns3:TrackPointExtension>
        </extensions>
      </trkpt>
      <trkpt lat="31.21985220350325107574462890625" lon="121.38625376857817173004150390625">
        <ele>16.200000762939453125</ele>
        <time>2026-09-21T10:36:01.000Z</time>
        <extensions>
          <ns3:TrackPointExtension>
            <ns3:hr>146</ns3:hr>
            <ns3:cad>86</ns3:cad>
          </ns3:TrackPointExtension>
        </extensions>
      </trkpt>
      <trkpt lat="31.21985387988388538360595703125" lon="121.38622795231640338897705078125">
        <ele>16.200000762939453125</ele>
        <time>2026-09-21T10:36:02.000Z</time>
        <extensions>
          <ns3:TrackPointExtension>
            <ns3:hr>146</ns3:hr>
            <ns3:cad>88</ns3:cad>
          </ns3:TrackPointExtension>
        </extensions>
      </trkpt>
      <trkpt lat="31.2198559753596782684326171875" lon="121.38619802892208099365234375">
        <ele>16.200000762939453125</ele>
        <time>2026-09-21T10:36:03.000Z</time>
        <extensions>
          <ns3:TrackPointExtension>
            <ns3:hr>145</ns3:hr>
            <ns3:cad>88</ns3:cad>
          </ns3:TrackPointExtension>
        </extensions>
      </trkpt>
      <trkpt lat="31.21985840611159801483154296875" lon="121.38617078773677349090576171875">
        <ele>16.200000762939453125</ele>
        <time>2026-09-21T10:36:04.000Z</time>
        <extensions>
          <ns3:TrackPointExtension>
            <ns3:hr>145</ns3:hr>
            <ns3:cad>87</ns3:cad>
          </ns3:TrackPointExtension>
        </extensions>
      </trkpt>
      <trkpt lat="31.2198521196842193603515625" lon="121.3861465640366077423095703125">
        <ele>16</ele>
        <time>2026-09-21T10:36:05.000Z</time>
        <extensions>
          <ns3:TrackPointExtension>
            <ns3:hr>145</ns3:hr>
            <ns3:cad>87</ns3:cad>
          </ns3:TrackPointExtension>
        </extensions>
      </trkpt>
      <trkpt lat="31.2198502756655216217041015625" lon="121.3861187361180782318115234375">
        <ele>16.200000762939453125</ele>
        <time>2026-09-21T10:36:06.000Z</time>
        <extensions>
          <ns3:TrackPointExtension>
            <ns3:hr>145</ns3:hr>
            <ns3:cad>87</ns3:cad>
          </ns3:TrackPointExtension>
        </extensions>
      </trkpt>
      <trkpt lat="31.21984633617103099822998046875" lon="121.386095769703388214111328125">
        <ele>16</ele>
        <time>2026-09-21T10:36:07.000Z</time>
        <extensions>
          <ns3:TrackPointExtension>
            <ns3:hr>145</ns3:hr>
            <ns3:cad>87</ns3:cad>
          </ns3:TrackPointExtension>
        </extensions>
      </trkpt>
      <trkpt lat="31.21984231285750865936279296875" lon="121.38606986962258815765380859375">
        <ele>16</ele>
        <time>2026-09-21T10:36:08.000Z</time>
        <extensions>
          <ns3:TrackPointExtension>
            <ns3:hr>144</ns3:hr>
            <ns3:cad>87</ns3:cad>
          </ns3:TrackPointExtension>
        </extensions>
      </trkpt>
      <trkpt lat="31.2198398821055889129638671875" lon="121.38604472391307353973388671875">
        <ele>16</ele>
        <time>2026-09-21T10:36:09.000Z</time>
        <extensions>
          <ns3:TrackPointExtension>
            <ns3:hr>144</ns3:hr>
            <ns3:cad>87</ns3:cad>
          </ns3:TrackPointExtension>
        </extensions>
      </trkpt>
      <trkpt lat="31.219840385019779205322265625" lon="121.38601756654679775238037109375">
        <ele>16</ele>
        <time>2026-09-21T10:36:10.000Z</time>
        <extensions>
          <ns3:TrackPointExtension>
            <ns3:hr>144</ns3:hr>
            <ns3:cad>86</ns3:cad>
          </ns3:TrackPointExtension>
        </extensions>
      </trkpt>
      <trkpt lat="31.2198378704488277435302734375" lon="121.38599208556115627288818359375">
        <ele>16</ele>
        <time>2026-09-21T10:36:11.000Z</time>
        <extensions>
          <ns3:TrackPointExtension>
            <ns3:hr>143</ns3:hr>
            <ns3:cad>86</ns3:cad>
          </ns3:TrackPointExtension>
        </extensions>
      </trkpt>
      <trkpt lat="31.21984046883881092071533203125" lon="121.38596425764262676239013671875">
        <ele>16</ele>
        <time>2026-09-21T10:36:12.000Z</time>
        <extensions>
          <ns3:TrackPointExtension>
            <ns3:hr>143</ns3:hr>
            <ns3:cad>86</ns3:cad>
          </ns3:TrackPointExtension>
        </extensions>
      </trkpt>
      <trkpt lat="31.21983963064849376678466796875" lon="121.38593919575214385986328125">
        <ele>16.200000762939453125</ele>
        <time>2026-09-21T10:36:13.000Z</time>
        <extensions>
          <ns3:TrackPointExtension>
            <ns3:hr>143</ns3:hr>
            <ns3:cad>86</ns3:cad>
          </ns3:TrackPointExtension>
        </extensions>
      </trkpt>
      <trkpt lat="31.21983661316335201263427734375" lon="121.3859142176806926727294921875">
        <ele>16.200000762939453125</ele>
        <time>2026-09-21T10:36:14.000Z</time>
        <extensions>
          <ns3:TrackPointExtension>
            <ns3:hr>143</ns3:hr>
            <ns3:cad>87</ns3:cad>
          </ns3:TrackPointExtension>
        </extensions>
      </trkpt>
      <trkpt lat="31.2198405526578426361083984375" lon="121.38589049689471721649169921875">
        <ele>16.200000762939453125</ele>
        <time>2026-09-21T10:36:15.000Z</time>
        <extensions>
          <ns3:TrackPointExtension>
            <ns3:hr>142</ns3:hr>
            <ns3:cad>87</ns3:cad>
          </ns3:TrackPointExtension>
        </extensions>
      </trkpt>
      <trkpt lat="31.21984340250492095947265625" lon="121.3858632557094097137451171875">
        <ele>16.200000762939453125</ele>
        <time>2026-09-21T10:36:16.000Z</time>
        <extensions>
          <ns3:TrackPointExtension>
            <ns3:hr>143</ns3:hr>
            <ns3:cad>87</ns3:cad>
          </ns3:TrackPointExtension>
        </extensions>
      </trkpt>
      <trkpt lat="31.219845749437808990478515625" lon="121.38583349995315074920654296875">
        <ele>16.200000762939453125</ele>
        <time>2026-09-21T10:36:17.000Z</time>
        <extensions>
          <ns3:TrackPointExtension>
            <ns3:hr>143</ns3:hr>
            <ns3:cad>87</ns3:cad>
          </ns3:TrackPointExtension>
        </extensions>
      </trkpt>
      <trkpt lat="31.21984516270458698272705078125" lon="121.38581204228103160858154296875">
        <ele>16.200000762939453125</ele>
        <time>2026-09-21T10:36:18.000Z</time>
        <extensions>
          <ns3:TrackPointExtension>
            <ns3:hr>142</ns3:hr>
            <ns3:cad>87</ns3:cad>
          </ns3:TrackPointExtension>
        </extensions>
      </trkpt>
      <trkpt lat="31.2198509462177753448486328125" lon="121.3857837952673435211181640625">
        <ele>16.200000762939453125</ele>
        <time>2026-09-21T10:36:19.000Z</time>
        <extensions>
          <ns3:TrackPointExtension>
            <ns3:hr>143</ns3:hr>
            <ns3:cad>87</ns3:cad>
          </ns3:TrackPointExtension>
        </extensions>
      </trkpt>
      <trkpt lat="31.21985337696969509124755859375" lon="121.38575839810073375701904296875">
        <ele>16.200000762939453125</ele>
        <time>2026-09-21T10:36:20.000Z</time>
        <extensions>
          <ns3:TrackPointExtension>
            <ns3:hr>143</ns3:hr>
            <ns3:cad>87</ns3:cad>
          </ns3:TrackPointExtension>
        </extensions>
      </trkpt>
      <trkpt lat="31.21985589154064655303955078125" lon="121.38572989962995052337646484375">
        <ele>16.200000762939453125</ele>
        <time>2026-09-21T10:36:21.000Z</time>
        <extensions>
          <ns3:TrackPointExtension>
            <ns3:hr>143</ns3:hr>
            <ns3:cad>88</ns3:cad>
          </ns3:TrackPointExtension>
        </extensions>
      </trkpt>
      <trkpt lat="31.2198573164641857147216796875" lon="121.3857006467878818511962890625">
        <ele>16.200000762939453125</ele>
        <time>2026-09-21T10:36:22.000Z</time>
        <extensions>
          <ns3:TrackPointExtension>
            <ns3:hr>143</ns3:hr>
            <ns3:cad>88</ns3:cad>
          </ns3:TrackPointExtension>
        </extensions>
      </trkpt>
      <trkpt lat="31.21986025013029575347900390625" lon="121.385667286813259124755859375">
        <ele>16.200000762939453125</ele>
        <time>2026-09-21T10:36:23.000Z</time>
        <extensions>
          <ns3:TrackPointExtension>
            <ns3:hr>144</ns3:hr>
            <ns3:cad>87</ns3:cad>
          </ns3:TrackPointExtension>
        </extensions>
      </trkpt>
      <trkpt lat="31.21986175887286663055419921875" lon="121.38563920743763446807861328125">
        <ele>16.200000762939453125</ele>
        <time>2026-09-21T10:36:24.000Z</time>
        <extensions>
          <ns3:TrackPointExtension>
            <ns3:hr>143</ns3:hr>
            <ns3:cad>87</ns3:cad>
          </ns3:TrackPointExtension>
        </extensions>
      </trkpt>
      <trkpt lat="31.2198566459119319915771484375" lon="121.3856117986142635345458984375">
        <ele>16.200000762939453125</ele>
        <time>2026-09-21T10:36:25.000Z</time>
        <extensions>
          <ns3:TrackPointExtension>
            <ns3:hr>143</ns3:hr>
            <ns3:cad>86</ns3:cad>
          </ns3:TrackPointExtension>
        </extensions>
      </trkpt>
      <trkpt lat="31.2198485992848873138427734375" lon="121.385578103363513946533203125">
        <ele>16.200000762939453125</ele>
        <time>2026-09-21T10:36:26.000Z</time>
        <extensions>
          <ns3:TrackPointExtension>
            <ns3:hr>143</ns3:hr>
            <ns3:cad>86</ns3:cad>
          </ns3:TrackPointExtension>
        </extensions>
      </trkpt>
      <trkpt lat="31.2198331765830516815185546875" lon="121.385555975139141082763671875">
        <ele>16.3999996185302734375</ele>
        <time>2026-09-21T10:36:27.000Z</time>
        <extensions>
          <ns3:TrackPointExtension>
            <ns3:hr>143</ns3:hr>
            <ns3:cad>86</ns3:cad>
          </ns3:TrackPointExtension>
        </extensions>
      </trkpt>
      <trkpt lat="31.21982169337570667266845703125" lon="121.3855214416980743408203125">
        <ele>16.3999996185302734375</ele>
        <time>2026-09-21T10:36:28.000Z</time>
        <extensions>
          <ns3:TrackPointExtension>
            <ns3:hr>143</ns3:hr>
            <ns3:cad>87</ns3:cad>
          </ns3:TrackPointExtension>
        </extensions>
      </trkpt>
      <trkpt lat="31.21981364674866199493408203125" lon="121.38549218885600566864013671875">
        <ele>16.200000762939453125</ele>
        <time>2026-09-21T10:36:29.000Z</time>
        <extensions>
          <ns3:TrackPointExtension>
            <ns3:hr>142</ns3:hr>
            <ns3:cad>87</ns3:cad>
          </ns3:TrackPointExtension>
        </extensions>
      </trkpt>
      <trkpt lat="31.2197926081717014312744140625" lon="121.38546980917453765869140625">
        <ele>16.200000762939453125</ele>
        <time>2026-09-21T10:36:30.000Z</time>
        <extensions>
          <ns3:TrackPointExtension>
            <ns3:hr>143</ns3:hr>
            <ns3:cad>86</ns3:cad>
          </ns3:TrackPointExtension>
        </extensions>
      </trkpt>
      <trkpt lat="31.21976151131093502044677734375" lon="121.38545597903430461883544921875">
        <ele>16.200000762939453125</ele>
        <time>2026-09-21T10:36:31.000Z</time>
        <extensions>
          <ns3:TrackPointExtension>
            <ns3:hr>143</ns3:hr>
            <ns3:cad>85</ns3:cad>
          </ns3:TrackPointExtension>
        </extensions>
      </trkpt>
      <trkpt lat="31.2197419814765453338623046875" lon="121.38545371592044830322265625">
        <ele>16.200000762939453125</ele>
        <time>2026-09-21T10:36:32.000Z</time>
        <extensions>
          <ns3:TrackPointExtension>
            <ns3:hr>142</ns3:hr>
            <ns3:cad>85</ns3:cad>
          </ns3:TrackPointExtension>
        </extensions>
      </trkpt>
      <trkpt lat="31.21971197426319122314453125" lon="121.3854555599391460418701171875">
        <ele>16.200000762939453125</ele>
        <time>2026-09-21T10:36:33.000Z</time>
        <extensions>
          <ns3:TrackPointExtension>
            <ns3:hr>142</ns3:hr>
            <ns3:cad>85</ns3:cad>
          </ns3:TrackPointExtension>
        </extensions>
      </trkpt>
      <trkpt lat="31.21968892402946949005126953125" lon="121.38545815832912921905517578125">
        <ele>16.200000762939453125</ele>
        <time>2026-09-21T10:36:34.000Z</time>
        <extensions>
          <ns3:TrackPointExtension>
            <ns3:hr>142</ns3:hr>
            <ns3:cad>85</ns3:cad>
          </ns3:TrackPointExtension>
        </extensions>
      </trkpt>
      <trkpt lat="31.21966327540576457977294921875" lon="121.38545866124331951141357421875">
        <ele>16.200000762939453125</ele>
        <time>2026-09-21T10:36:35.000Z</time>
        <extensions>
          <ns3:TrackPointExtension>
            <ns3:hr>141</ns3:hr>
            <ns3:cad>85</ns3:cad>
          </ns3:TrackPointExtension>
        </extensions>
      </trkpt>
      <trkpt lat="31.21964282356202602386474609375" lon="121.385460086166858673095703125">
        <ele>16.200000762939453125</ele>
        <time>2026-09-21T10:36:36.000Z</time>
        <extensions>
          <ns3:TrackPointExtension>
            <ns3:hr>140</ns3:hr>
            <ns3:cad>85</ns3:cad>
          </ns3:TrackPointExtension>
        </extensions>
      </trkpt>
      <trkpt lat="31.2196172587573528289794921875" lon="121.38546285219490528106689453125">
        <ele>16</ele>
        <time>2026-09-21T10:36:37.000Z</time>
        <extensions>
          <ns3:TrackPointExtension>
            <ns3:hr>140</ns3:hr>
            <ns3:cad>86</ns3:cad>
          </ns3:TrackPointExtension>
        </extensions>
      </trkpt>
      <trkpt lat="31.2195978127419948577880859375" lon="121.38546712696552276611328125">
        <ele>16</ele>
        <time>2026-09-21T10:36:38.000Z</time>
        <extensions>
          <ns3:TrackPointExtension>
            <ns3:hr>139</ns3:hr>
            <ns3:cad>86</ns3:cad>
          </ns3:TrackPointExtension>
        </extensions>
      </trkpt>
      <trkpt lat="31.2195703200995922088623046875" lon="121.38547240756452083587646484375">
        <ele>16</ele>
        <time>2026-09-21T10:36:39.000Z</time>
        <extensions>
          <ns3:TrackPointExtension>
            <ns3:hr>139</ns3:hr>
            <ns3:cad>86</ns3:cad>
          </ns3:TrackPointExtension>
        </extensions>
      </trkpt>
      <trkpt lat="31.2195475213229656219482421875" lon="121.38547257520258426666259765625">
        <ele>16</ele>
        <time>2026-09-21T10:36:40.000Z</time>
        <extensions>
          <ns3:TrackPointExtension>
            <ns3:hr>139</ns3:hr>
            <ns3:cad>87</ns3:cad>
          </ns3:TrackPointExtension>
        </extensions>
      </trkpt>
      <trkpt lat="31.21952681802213191986083984375" lon="121.38547190465033054351806640625">
        <ele>16</ele>
        <time>2026-09-21T10:36:41.000Z</time>
        <extensions>
          <ns3:TrackPointExtension>
            <ns3:hr>139</ns3:hr>
            <ns3:cad>88</ns3:cad>
          </ns3:TrackPointExtension>
        </extensions>
      </trkpt>
      <trkpt lat="31.2194965593516826629638671875" lon="121.38546972535550594329833984375">
        <ele>15.80000019073486328125</ele>
        <time>2026-09-21T10:36:42.000Z</time>
        <extensions>
          <ns3:TrackPointExtension>
            <ns3:hr>138</ns3:hr>
            <ns3:cad>88</ns3:cad>
          </ns3:TrackPointExtension>
        </extensions>
      </trkpt>
      <trkpt lat="31.219476275146007537841796875" lon="121.3854713179171085357666015625">
        <ele>16</ele>
        <time>2026-09-21T10:36:43.000Z</time>
        <extensions>
          <ns3:TrackPointExtension>
            <ns3:hr>138</ns3:hr>
            <ns3:cad>87</ns3:cad>
          </ns3:TrackPointExtension>
        </extensions>
      </trkpt>
      <trkpt lat="31.219445765018463134765625" lon="121.3854719884693622589111328125">
        <ele>16</ele>
        <time>2026-09-21T10:36:44.000Z</time>
        <extensions>
          <ns3:TrackPointExtension>
            <ns3:hr>138</ns3:hr>
            <ns3:cad>86</ns3:cad>
          </ns3:TrackPointExtension>
        </extensions>
      </trkpt>
      <trkpt lat="31.21942087076604366302490234375" lon="121.3854743354022502899169921875">
        <ele>15.80000019073486328125</ele>
        <time>2026-09-21T10:36:45.000Z</time>
        <extensions>
          <ns3:TrackPointExtension>
            <ns3:hr>138</ns3:hr>
            <ns3:cad>86</ns3:cad>
          </ns3:TrackPointExtension>
        </extensions>
      </trkpt>
      <trkpt lat="31.21939547359943389892578125" lon="121.38547508977353572845458984375">
        <ele>15.80000019073486328125</ele>
        <time>2026-09-21T10:36:46.000Z</time>
        <extensions>
          <ns3:TrackPointExtension>
            <ns3:hr>138</ns3:hr>
            <ns3:cad>87</ns3:cad>
          </ns3:TrackPointExtension>
        </extensions>
      </trkpt>
      <trkpt lat="31.219369657337665557861328125" lon="121.3854773528873920440673828125">
        <ele>16</ele>
        <time>2026-09-21T10:36:47.000Z</time>
        <extensions>
          <ns3:TrackPointExtension>
            <ns3:hr>138</ns3:hr>
            <ns3:cad>87</ns3:cad>
          </ns3:TrackPointExtension>
        </extensions>
      </trkpt>
      <trkpt lat="31.21934241615235805511474609375" lon="121.38547710143029689788818359375">
        <ele>16</ele>
        <time>2026-09-21T10:36:48.000Z</time>
        <extensions>
          <ns3:TrackPointExtension>
            <ns3:hr>138</ns3:hr>
            <ns3:cad>86</ns3:cad>
          </ns3:TrackPointExtension>
        </extensions>
      </trkpt>
      <trkpt lat="31.219317354261875152587890625" lon="121.38547576032578945159912109375">
        <ele>16</ele>
        <time>2026-09-21T10:36:49.000Z</time>
        <extensions>
          <ns3:TrackPointExtension>
            <ns3:hr>138</ns3:hr>
            <ns3:cad>86</ns3:cad>
          </ns3:TrackPointExtension>
        </extensions>
      </trkpt>
      <trkpt lat="31.219297237694263458251953125" lon="121.38547710143029689788818359375">
        <ele>16</ele>
        <time>2026-09-21T10:36:50.000Z</time>
        <extensions>
          <ns3:TrackPointExtension>
            <ns3:hr>138</ns3:hr>
            <ns3:cad>86</ns3:cad>
          </ns3:TrackPointExtension>
        </extensions>
      </trkpt>
      <trkpt lat="31.21927452273666858673095703125" lon="121.38547106646001338958740234375">
        <ele>16</ele>
        <time>2026-09-21T10:36:51.000Z</time>
        <extensions>
          <ns3:TrackPointExtension>
            <ns3:hr>138</ns3:hr>
            <ns3:cad>86</ns3:cad>
          </ns3:TrackPointExtension>
        </extensions>
      </trkpt>
      <trkpt lat="31.21925625018775463104248046875" lon="121.38547173701226711273193359375">
        <ele>16</ele>
        <time>2026-09-21T10:36:52.000Z</time>
        <extensions>
          <ns3:TrackPointExtension>
            <ns3:hr>138</ns3:hr>
            <ns3:cad>86</ns3:cad>
          </ns3:TrackPointExtension>
        </extensions>
      </trkpt>
      <trkpt lat="31.2192303501069545745849609375" lon="121.38546838425099849700927734375">
        <ele>16</ele>
        <time>2026-09-21T10:36:53.000Z</time>
        <extensions>
          <ns3:TrackPointExtension>
            <ns3:hr>138</ns3:hr>
            <ns3:cad>87</ns3:cad>
          </ns3:TrackPointExtension>
        </extensions>
      </trkpt>
      <trkpt lat="31.21920780278742313385009765625" lon="121.385466121137142181396484375">
        <ele>16</ele>
        <time>2026-09-21T10:36:54.000Z</time>
        <extensions>
          <ns3:TrackPointExtension>
            <ns3:hr>138</ns3:hr>
            <ns3:cad>87</ns3:cad>
          </ns3:TrackPointExtension>
        </extensions>
      </trkpt>
      <trkpt lat="31.21918366290628910064697265625" lon="121.38546486385166645050048828125">
        <ele>16</ele>
        <time>2026-09-21T10:36:55.000Z</time>
        <extensions>
          <ns3:TrackPointExtension>
            <ns3:hr>138</ns3:hr>
            <ns3:cad>87</ns3:cad>
          </ns3:TrackPointExtension>
        </extensions>
      </trkpt>
      <trkpt lat="31.21916002593934535980224609375" lon="121.38546151109039783477783203125">
        <ele>16</ele>
        <time>2026-09-21T10:36:56.000Z</time>
        <extensions>
          <ns3:TrackPointExtension>
            <ns3:hr>138</ns3:hr>
            <ns3:cad>87</ns3:cad>
          </ns3:TrackPointExtension>
        </extensions>
      </trkpt>
      <trkpt lat="31.21913454495370388031005859375" lon="121.38545413501560688018798828125">
        <ele>16.200000762939453125</ele>
        <time>2026-09-21T10:36:57.000Z</time>
        <extensions>
          <ns3:TrackPointExtension>
            <ns3:hr>138</ns3:hr>
            <ns3:cad>87</ns3:cad>
          </ns3:TrackPointExtension>
        </extensions>
      </trkpt>
      <trkpt lat="31.21911375783383846282958984375" lon="121.3854465074837207794189453125">
        <ele>16.200000762939453125</ele>
        <time>2026-09-21T10:36:58.000Z</time>
        <extensions>
          <ns3:TrackPointExtension>
            <ns3:hr>138</ns3:hr>
            <ns3:cad>87</ns3:cad>
          </ns3:TrackPointExtension>
        </extensions>
      </trkpt>
      <trkpt lat="31.2190925516188144683837890625" lon="121.3854434899985790252685546875">
        <ele>16.200000762939453125</ele>
        <time>2026-09-21T10:36:59.000Z</time>
        <extensions>
          <ns3:TrackPointExtension>
            <ns3:hr>138</ns3:hr>
            <ns3:cad>87</ns3:cad>
          </ns3:TrackPointExtension>
        </extensions>
      </trkpt>
      <trkpt lat="31.21906899847090244293212890625" lon="121.38543066568672657012939453125">
        <ele>16.200000762939453125</ele>
        <time>2026-09-21T10:37:00.000Z</time>
        <extensions>
          <ns3:TrackPointExtension>
            <ns3:hr>138</ns3:hr>
            <ns3:cad>87</ns3:cad>
          </ns3:TrackPointExtension>
        </extensions>
      </trkpt>
      <trkpt lat="31.21904871426522731781005859375" lon="121.38542555272579193115234375">
        <ele>16.200000762939453125</ele>
        <time>2026-09-21T10:37:01.000Z</time>
        <extensions>
          <ns3:TrackPointExtension>
            <ns3:hr>138</ns3:hr>
            <ns3:cad>87</ns3:cad>
          </ns3:TrackPointExtension>
        </extensions>
      </trkpt>
      <trkpt lat="31.2190268374979496002197265625" lon="121.3854141533374786376953125">
        <ele>16.200000762939453125</ele>
        <time>2026-09-21T10:37:02.000Z</time>
        <extensions>
          <ns3:TrackPointExtension>
            <ns3:hr>138</ns3:hr>
            <ns3:cad>87</ns3:cad>
          </ns3:TrackPointExtension>
        </extensions>
      </trkpt>
      <trkpt lat="31.2190006859600543975830078125" lon="121.38540183193981647491455078125">
        <ele>16.200000762939453125</ele>
        <time>2026-09-21T10:37:03.000Z</time>
        <extensions>
          <ns3:TrackPointExtension>
            <ns3:hr>138</ns3:hr>
            <ns3:cad>87</ns3:cad>
          </ns3:TrackPointExtension>
        </extensions>
      </trkpt>
      <trkpt lat="31.21898467652499675750732421875" lon="121.38538724742829799652099609375">
        <ele>16.200000762939453125</ele>
        <time>2026-09-21T10:37:04.000Z</time>
        <extensions>
          <ns3:TrackPointExtension>
            <ns3:hr>139</ns3:hr>
            <ns3:cad>87</ns3:cad>
          </ns3:TrackPointExtension>
        </extensions>
      </trkpt>
      <trkpt lat="31.21895634569227695465087890625" lon="121.3853958807885646820068359375">
        <ele>16.200000762939453125</ele>
        <time>2026-09-21T10:37:05.000Z</time>
        <extensions>
          <ns3:TrackPointExtension>
            <ns3:hr>139</ns3:hr>
            <ns3:cad>87</ns3:cad>
          </ns3:TrackPointExtension>
        </extensions>
      </trkpt>
      <trkpt lat="31.21892667375504970550537109375" lon="121.38539068400859832763671875">
        <ele>16.200000762939453125</ele>
        <time>2026-09-21T10:37:06.000Z</time>
        <extensions>
          <ns3:TrackPointExtension>
            <ns3:hr>139</ns3:hr>
            <ns3:cad>87</ns3:cad>
          </ns3:TrackPointExtension>
        </extensions>
      </trkpt>
      <trkpt lat="31.21890328824520111083984375" lon="121.385383643209934234619140625">
        <ele>16.200000762939453125</ele>
        <time>2026-09-21T10:37:07.000Z</time>
        <extensions>
          <ns3:TrackPointExtension>
            <ns3:hr>140</ns3:hr>
            <ns3:cad>87</ns3:cad>
          </ns3:TrackPointExtension>
        </extensions>
      </trkpt>
      <trkpt lat="31.2188793160021305084228515625" lon="121.38537668623030185699462890625">
        <ele>16.200000762939453125</ele>
        <time>2026-09-21T10:37:08.000Z</time>
        <extensions>
          <ns3:TrackPointExtension>
            <ns3:hr>140</ns3:hr>
            <ns3:cad>87</ns3:cad>
          </ns3:TrackPointExtension>
        </extensions>
      </trkpt>
      <trkpt lat="31.21885676868259906768798828125" lon="121.385366208851337432861328125">
        <ele>16.200000762939453125</ele>
        <time>2026-09-21T10:37:09.000Z</time>
        <extensions>
          <ns3:TrackPointExtension>
            <ns3:hr>140</ns3:hr>
            <ns3:cad>87</ns3:cad>
          </ns3:TrackPointExtension>
        </extensions>
      </trkpt>
      <trkpt lat="31.21883145533502101898193359375" lon="121.38536252081394195556640625">
        <ele>16.200000762939453125</ele>
        <time>2026-09-21T10:37:10.000Z</time>
        <extensions>
          <ns3:TrackPointExtension>
            <ns3:hr>140</ns3:hr>
            <ns3:cad>87</ns3:cad>
          </ns3:TrackPointExtension>
        </extensions>
      </trkpt>
      <trkpt lat="31.21880731545388698577880859375" lon="121.38535656966269016265869140625">
        <ele>16.200000762939453125</ele>
        <time>2026-09-21T10:37:11.000Z</time>
        <extensions>
          <ns3:TrackPointExtension>
            <ns3:hr>139</ns3:hr>
            <ns3:cad>88</ns3:cad>
          </ns3:TrackPointExtension>
        </extensions>
      </trkpt>
      <trkpt lat="31.21878853999078273773193359375" lon="121.38535522855818271636962890625">
        <ele>16.200000762939453125</ele>
        <time>2026-09-21T10:37:12.000Z</time>
        <extensions>
          <ns3:TrackPointExtension>
            <ns3:hr>140</ns3:hr>
            <ns3:cad>88</ns3:cad>
          </ns3:TrackPointExtension>
        </extensions>
      </trkpt>
      <trkpt lat="31.218763478100299835205078125" lon="121.38534869067370891571044921875">
        <ele>16</ele>
        <time>2026-09-21T10:37:13.000Z</time>
        <extensions>
          <ns3:TrackPointExtension>
            <ns3:hr>140</ns3:hr>
            <ns3:cad>88</ns3:cad>
          </ns3:TrackPointExtension>
        </extensions>
      </trkpt>
      <trkpt lat="31.21874512173235416412353515625" lon="121.38534299097955226898193359375">
        <ele>16</ele>
        <time>2026-09-21T10:37:14.000Z</time>
        <extensions>
          <ns3:TrackPointExtension>
            <ns3:hr>139</ns3:hr>
            <ns3:cad>87</ns3:cad>
          </ns3:TrackPointExtension>
        </extensions>
      </trkpt>
      <trkpt lat="31.2187210656702518463134765625" lon="121.3853224553167819976806640625">
        <ele>16</ele>
        <time>2026-09-21T10:37:15.000Z</time>
        <extensions>
          <ns3:TrackPointExtension>
            <ns3:hr>140</ns3:hr>
            <ns3:cad>87</ns3:cad>
          </ns3:TrackPointExtension>
        </extensions>
      </trkpt>
      <trkpt lat="31.218705140054225921630859375" lon="121.385317929089069366455078125">
        <ele>16</ele>
        <time>2026-09-21T10:37:16.000Z</time>
        <extensions>
          <ns3:TrackPointExtension>
            <ns3:hr>140</ns3:hr>
            <ns3:cad>87</ns3:cad>
          </ns3:TrackPointExtension>
        </extensions>
      </trkpt>
      <trkpt lat="31.2186828441917896270751953125" lon="121.38530342839658260345458984375">
        <ele>16</ele>
        <time>2026-09-21T10:37:17.000Z</time>
        <extensions>
          <ns3:TrackPointExtension>
            <ns3:hr>140</ns3:hr>
            <ns3:cad>87</ns3:cad>
          </ns3:TrackPointExtension>
        </extensions>
      </trkpt>
      <trkpt lat="31.21866750530898571014404296875" lon="121.38528984971344470977783203125">
        <ele>16</ele>
        <time>2026-09-21T10:37:18.000Z</time>
        <extensions>
          <ns3:TrackPointExtension>
            <ns3:hr>139</ns3:hr>
            <ns3:cad>88</ns3:cad>
          </ns3:TrackPointExtension>
        </extensions>
      </trkpt>
      <trkpt lat="31.21865007095038890838623046875" lon="121.3852694816887378692626953125">
        <ele>16</ele>
        <time>2026-09-21T10:37:19.000Z</time>
        <extensions>
          <ns3:TrackPointExtension>
            <ns3:hr>140</ns3:hr>
            <ns3:cad>88</ns3:cad>
          </ns3:TrackPointExtension>
        </extensions>
      </trkpt>
      <trkpt lat="31.21862643398344516754150390625" lon="121.3852560706436634063720703125">
        <ele>16</ele>
        <time>2026-09-21T10:37:20.000Z</time>
        <extensions>
          <ns3:TrackPointExtension>
            <ns3:hr>140</ns3:hr>
            <ns3:cad>88</ns3:cad>
          </ns3:TrackPointExtension>
        </extensions>
      </trkpt>
      <trkpt lat="31.2186047248542308807373046875" lon="121.38524123467504978179931640625">
        <ele>16</ele>
        <time>2026-09-21T10:37:21.000Z</time>
        <extensions>
          <ns3:TrackPointExtension>
            <ns3:hr>139</ns3:hr>
            <ns3:cad>87</ns3:cad>
          </ns3:TrackPointExtension>
        </extensions>
      </trkpt>
      <trkpt lat="31.21857798658311367034912109375" lon="121.38522572815418243408203125">
        <ele>15.80000019073486328125</ele>
        <time>2026-09-21T10:37:22.000Z</time>
        <extensions>
          <ns3:TrackPointExtension>
            <ns3:hr>140</ns3:hr>
            <ns3:cad>87</ns3:cad>
          </ns3:TrackPointExtension>
        </extensions>
      </trkpt>
      <trkpt lat="31.218558959662914276123046875" lon="121.38521826826035976409912109375">
        <ele>15.80000019073486328125</ele>
        <time>2026-09-21T10:37:23.000Z</time>
        <extensions>
          <ns3:TrackPointExtension>
            <ns3:hr>139</ns3:hr>
            <ns3:cad>87</ns3:cad>
          </ns3:TrackPointExtension>
        </extensions>
      </trkpt>
      <trkpt lat="31.21853289194405078887939453125" lon="121.38521005399525165557861328125">
        <ele>15.80000019073486328125</ele>
        <time>2026-09-21T10:37:24.000Z</time>
        <extensions>
          <ns3:TrackPointExtension>
            <ns3:hr>139</ns3:hr>
            <ns3:cad>88</ns3:cad>
          </ns3:TrackPointExtension>
        </extensions>
      </trkpt>
      <trkpt lat="31.21851277537643909454345703125" lon="121.3852054439485073089599609375">
        <ele>15.80000019073486328125</ele>
        <time>2026-09-21T10:37:25.000Z</time>
        <extensions>
          <ns3:TrackPointExtension>
            <ns3:hr>139</ns3:hr>
            <ns3:cad>88</ns3:cad>
          </ns3:TrackPointExtension>
        </extensions>
      </trkpt>
      <trkpt lat="31.2184880487620830535888671875" lon="121.38519622385501861572265625">
        <ele>15.80000019073486328125</ele>
        <time>2026-09-21T10:37:26.000Z</time>
        <extensions>
          <ns3:TrackPointExtension>
            <ns3:hr>140</ns3:hr>
            <ns3:cad>87</ns3:cad>
          </ns3:TrackPointExtension>
        </extensions>
      </trkpt>
      <trkpt lat="31.2184706144034862518310546875" lon="121.3851829804480075836181640625">
        <ele>15.80000019073486328125</ele>
        <time>2026-09-21T10:37:27.000Z</time>
        <extensions>
          <ns3:TrackPointExtension>
            <ns3:hr>139</ns3:hr>
            <ns3:cad>86</ns3:cad>
          </ns3:TrackPointExtension>
        </extensions>
      </trkpt>
      <trkpt lat="31.2184424512088298797607421875" lon="121.3851608522236347198486328125">
        <ele>15.6000003814697265625</ele>
        <time>2026-09-21T10:37:28.000Z</time>
        <extensions>
          <ns3:TrackPointExtension>
            <ns3:hr>139</ns3:hr>
            <ns3:cad>86</ns3:cad>
          </ns3:TrackPointExtension>
        </extensions>
      </trkpt>
      <trkpt lat="31.218426190316677093505859375" lon="121.3851464353501796722412109375">
        <ele>15.6000003814697265625</ele>
        <time>2026-09-21T10:37:29.000Z</time>
        <extensions>
          <ns3:TrackPointExtension>
            <ns3:hr>139</ns3:hr>
            <ns3:cad>86</ns3:cad>
          </ns3:TrackPointExtension>
        </extensions>
      </trkpt>
      <trkpt lat="31.21840297244489192962646484375" lon="121.385132856667041778564453125">
        <ele>15.6000003814697265625</ele>
        <time>2026-09-21T10:37:30.000Z</time>
        <extensions>
          <ns3:TrackPointExtension>
            <ns3:hr>139</ns3:hr>
            <ns3:cad>88</ns3:cad>
          </ns3:TrackPointExtension>
        </extensions>
      </trkpt>
      <trkpt lat="31.2183831073343753814697265625" lon="121.385119445621967315673828125">
        <ele>15.6000003814697265625</ele>
        <time>2026-09-21T10:37:31.000Z</time>
        <extensions>
          <ns3:TrackPointExtension>
            <ns3:hr>139</ns3:hr>
            <ns3:cad>88</ns3:cad>
          </ns3:TrackPointExtension>
        </extensions>
      </trkpt>
      <trkpt lat="31.2183609791100025177001953125" lon="121.3851095549762248992919921875">
        <ele>15.6000003814697265625</ele>
        <time>2026-09-21T10:37:32.000Z</time>
        <extensions>
          <ns3:TrackPointExtension>
            <ns3:hr>138</ns3:hr>
            <ns3:cad>88</ns3:cad>
          </ns3:TrackPointExtension>
        </extensions>
      </trkpt>
      <trkpt lat="31.21833809651434421539306640625" lon="121.3850964792072772979736328125">
        <ele>15.6000003814697265625</ele>
        <time>2026-09-21T10:37:33.000Z</time>
        <extensions>
          <ns3:TrackPointExtension>
            <ns3:hr>138</ns3:hr>
            <ns3:cad>87</ns3:cad>
          </ns3:TrackPointExtension>
        </extensions>
      </trkpt>
      <trkpt lat="31.21832250617444515228271484375" lon="121.3850830681622028350830078125">
        <ele>15.6000003814697265625</ele>
        <time>2026-09-21T10:37:34.000Z</time>
        <extensions>
          <ns3:TrackPointExtension>
            <ns3:hr>138</ns3:hr>
            <ns3:cad>87</ns3:cad>
          </ns3:TrackPointExtension>
        </extensions>
      </trkpt>
      <trkpt lat="31.218299455940723419189453125" lon="121.3850666396319866180419921875">
        <ele>15.6000003814697265625</ele>
        <time>2026-09-21T10:37:35.000Z</time>
        <extensions>
          <ns3:TrackPointExtension>
            <ns3:hr>138</ns3:hr>
            <ns3:cad>87</ns3:cad>
          </ns3:TrackPointExtension>
        </extensions>
      </trkpt>
      <trkpt lat="31.21828235685825347900390625" lon="121.38505582697689533233642578125">
        <ele>15.6000003814697265625</ele>
        <time>2026-09-21T10:37:36.000Z</time>
        <extensions>
          <ns3:TrackPointExtension>
            <ns3:hr>138</ns3:hr>
            <ns3:cad>88</ns3:cad>
          </ns3:TrackPointExtension>
        </extensions>
      </trkpt>
      <trkpt lat="31.2182640843093395233154296875" lon="121.385039649903774261474609375">
        <ele>15.3999996185302734375</ele>
        <time>2026-09-21T10:37:37.000Z</time>
        <extensions>
          <ns3:TrackPointExtension>
            <ns3:hr>137</ns3:hr>
            <ns3:cad>88</ns3:cad>
          </ns3:TrackPointExtension>
        </extensions>
      </trkpt>
      <trkpt lat="31.218245811760425567626953125" lon="121.385024897754192352294921875">
        <ele>15.3999996185302734375</ele>
        <time>2026-09-21T10:37:38.000Z</time>
        <extensions>
          <ns3:TrackPointExtension>
            <ns3:hr>137</ns3:hr>
            <ns3:cad>88</ns3:cad>
          </ns3:TrackPointExtension>
        </extensions>
      </trkpt>
      <trkpt lat="31.21822812594473361968994140625" lon="121.3850118219852447509765625">
        <ele>15.3999996185302734375</ele>
        <time>2026-09-21T10:37:39.000Z</time>
        <extensions>
          <ns3:TrackPointExtension>
            <ns3:hr>137</ns3:hr>
            <ns3:cad>87</ns3:cad>
          </ns3:TrackPointExtension>
        </extensions>
      </trkpt>
      <trkpt lat="31.2182084284722805023193359375" lon="121.38500117696821689605712890625">
        <ele>15.3999996185302734375</ele>
        <time>2026-09-21T10:37:40.000Z</time>
        <extensions>
          <ns3:TrackPointExtension>
            <ns3:hr>137</ns3:hr>
            <ns3:cad>86</ns3:cad>
          </ns3:TrackPointExtension>
        </extensions>
      </trkpt>
      <trkpt lat="31.2181842885911464691162109375" lon="121.3849876821041107177734375">
        <ele>15.3999996185302734375</ele>
        <time>2026-09-21T10:37:41.000Z</time>
        <extensions>
          <ns3:TrackPointExtension>
            <ns3:hr>136</ns3:hr>
            <ns3:cad>86</ns3:cad>
          </ns3:TrackPointExtension>
        </extensions>
      </trkpt>
      <trkpt lat="31.21816375292837619781494140625" lon="121.384974606335163116455078125">
        <ele>15.3999996185302734375</ele>
        <time>2026-09-21T10:37:42.000Z</time>
        <extensions>
          <ns3:TrackPointExtension>
            <ns3:hr>136</ns3:hr>
            <ns3:cad>86</ns3:cad>
          </ns3:TrackPointExtension>
        </extensions>
      </trkpt>
      <trkpt lat="31.2181400321424007415771484375" lon="121.38496312312781810760498046875">
        <ele>15.3999996185302734375</ele>
        <time>2026-09-21T10:37:43.000Z</time>
        <extensions>
          <ns3:TrackPointExtension>
            <ns3:hr>136</ns3:hr>
            <ns3:cad>87</ns3:cad>
          </ns3:TrackPointExtension>
        </extensions>
      </trkpt>
      <trkpt lat="31.2181165628135204315185546875" lon="121.38495407067239284515380859375">
        <ele>15.3999996185302734375</ele>
        <time>2026-09-21T10:37:44.000Z</time>
        <extensions>
          <ns3:TrackPointExtension>
            <ns3:hr>137</ns3:hr>
            <ns3:cad>88</ns3:cad>
          </ns3:TrackPointExtension>
        </extensions>
      </trkpt>
      <trkpt lat="31.2180991284549236297607421875" lon="121.3849422521889209747314453125">
        <ele>15.19999980926513671875</ele>
        <time>2026-09-21T10:37:45.000Z</time>
        <extensions>
          <ns3:TrackPointExtension>
            <ns3:hr>137</ns3:hr>
            <ns3:cad>88</ns3:cad>
          </ns3:TrackPointExtension>
        </extensions>
      </trkpt>
      <trkpt lat="31.218076162040233612060546875" lon="121.384924985468387603759765625">
        <ele>15.19999980926513671875</ele>
        <time>2026-09-21T10:37:46.000Z</time>
        <extensions>
          <ns3:TrackPointExtension>
            <ns3:hr>137</ns3:hr>
            <ns3:cad>87</ns3:cad>
          </ns3:TrackPointExtension>
        </extensions>
      </trkpt>
      <trkpt lat="31.21806115843355655670166015625" lon="121.384912915527820587158203125">
        <ele>15.19999980926513671875</ele>
        <time>2026-09-21T10:37:47.000Z</time>
        <extensions>
          <ns3:TrackPointExtension>
            <ns3:hr>136</ns3:hr>
            <ns3:cad>87</ns3:cad>
          </ns3:TrackPointExtension>
        </extensions>
      </trkpt>
      <trkpt lat="31.21803919784724712371826171875" lon="121.3848966546356678009033203125">
        <ele>15.19999980926513671875</ele>
        <time>2026-09-21T10:37:48.000Z</time>
        <extensions>
          <ns3:TrackPointExtension>
            <ns3:hr>136</ns3:hr>
            <ns3:cad>87</ns3:cad>
          </ns3:TrackPointExtension>
        </extensions>
      </trkpt>
      <trkpt lat="31.2180223502218723297119140625" lon="121.3848782144486904144287109375">
        <ele>15.19999980926513671875</ele>
        <time>2026-09-21T10:37:49.000Z</time>
        <extensions>
          <ns3:TrackPointExtension>
            <ns3:hr>136</ns3:hr>
            <ns3:cad>87</ns3:cad>
          </ns3:TrackPointExtension>
        </extensions>
      </trkpt>
      <trkpt lat="31.2179992161691188812255859375" lon="121.38486765325069427490234375">
        <ele>15.19999980926513671875</ele>
        <time>2026-09-21T10:37:50.000Z</time>
        <extensions>
          <ns3:TrackPointExtension>
            <ns3:hr>136</ns3:hr>
            <ns3:cad>88</ns3:cad>
          </ns3:TrackPointExtension>
        </extensions>
      </trkpt>
      <trkpt lat="31.2179807759821414947509765625" lon="121.38485751114785671234130859375">
        <ele>15.19999980926513671875</ele>
        <time>2026-09-21T10:37:51.000Z</time>
        <extensions>
          <ns3:TrackPointExtension>
            <ns3:hr>137</ns3:hr>
            <ns3:cad>88</ns3:cad>
          </ns3:TrackPointExtension>
        </extensions>
      </trkpt>
      <trkpt lat="31.21795839630067348480224609375" lon="121.38485248200595378875732421875">
        <ele>15.19999980926513671875</ele>
        <time>2026-09-21T10:37:52.000Z</time>
        <extensions>
          <ns3:TrackPointExtension>
            <ns3:hr>137</ns3:hr>
            <ns3:cad>87</ns3:cad>
          </ns3:TrackPointExtension>
        </extensions>
      </trkpt>
      <trkpt lat="31.21793408878147602081298828125" lon="121.38483890332281589508056640625">
        <ele>15.19999980926513671875</ele>
        <time>2026-09-21T10:37:53.000Z</time>
        <extensions>
          <ns3:TrackPointExtension>
            <ns3:hr>137</ns3:hr>
            <ns3:cad>87</ns3:cad>
          </ns3:TrackPointExtension>
        </extensions>
      </trkpt>
      <trkpt lat="31.21791833080351352691650390625" lon="121.38483035378158092498779296875">
        <ele>15.19999980926513671875</ele>
        <time>2026-09-21T10:37:54.000Z</time>
        <extensions>
          <ns3:TrackPointExtension>
            <ns3:hr>137</ns3:hr>
            <ns3:cad>86</ns3:cad>
          </ns3:TrackPointExtension>
        </extensions>
      </trkpt>
      <trkpt lat="31.2178919278085231781005859375" lon="121.38481576927006244659423828125">
        <ele>15.19999980926513671875</ele>
        <time>2026-09-21T10:37:55.000Z</time>
        <extensions>
          <ns3:TrackPointExtension>
            <ns3:hr>137</ns3:hr>
            <ns3:cad>86</ns3:cad>
          </ns3:TrackPointExtension>
        </extensions>
      </trkpt>
      <trkpt lat="31.21786803938448429107666015625" lon="121.38480487279593944549560546875">
        <ele>15.19999980926513671875</ele>
        <time>2026-09-21T10:37:56.000Z</time>
        <extensions>
          <ns3:TrackPointExtension>
            <ns3:hr>138</ns3:hr>
            <ns3:cad>88</ns3:cad>
          </ns3:TrackPointExtension>
        </extensions>
      </trkpt>
      <trkpt lat="31.21784524060785770416259765625" lon="121.3847900368273258209228515625">
        <ele>15.19999980926513671875</ele>
        <time>2026-09-21T10:37:57.000Z</time>
        <extensions>
          <ns3:TrackPointExtension>
            <ns3:hr>138</ns3:hr>
            <ns3:cad>88</ns3:cad>
          </ns3:TrackPointExtension>
        </extensions>
      </trkpt>
      <trkpt lat="31.217828057706356048583984375" lon="121.38478316366672515869140625">
        <ele>15.19999980926513671875</ele>
        <time>2026-09-21T10:37:58.000Z</time>
        <extensions>
          <ns3:TrackPointExtension>
            <ns3:hr>138</ns3:hr>
            <ns3:cad>88</ns3:cad>
          </ns3:TrackPointExtension>
        </extensions>
      </trkpt>
      <trkpt lat="31.21780232526361942291259765625" lon="121.38476799242198467254638671875">
        <ele>15.19999980926513671875</ele>
        <time>2026-09-21T10:37:59.000Z</time>
        <extensions>
          <ns3:TrackPointExtension>
            <ns3:hr>139</ns3:hr>
            <ns3:cad>87</ns3:cad>
          </ns3:TrackPointExtension>
        </extensions>
      </trkpt>
      <trkpt lat="31.2177836336195468902587890625" lon="121.38475776650011539459228515625">
        <ele>15.19999980926513671875</ele>
        <time>2026-09-21T10:38:00.000Z</time>
        <extensions>
          <ns3:TrackPointExtension>
            <ns3:hr>139</ns3:hr>
            <ns3:cad>87</ns3:cad>
          </ns3:TrackPointExtension>
        </extensions>
      </trkpt>
      <trkpt lat="31.21775840409100055694580078125" lon="121.3847464509308338165283203125">
        <ele>15.19999980926513671875</ele>
        <time>2026-09-21T10:38:01.000Z</time>
        <extensions>
          <ns3:TrackPointExtension>
            <ns3:hr>139</ns3:hr>
            <ns3:cad>87</ns3:cad>
          </ns3:TrackPointExtension>
        </extensions>
      </trkpt>
      <trkpt lat="31.21773309074342250823974609375" lon="121.38473547063767910003662109375">
        <ele>15.19999980926513671875</ele>
        <time>2026-09-21T10:38:02.000Z</time>
        <extensions>
          <ns3:TrackPointExtension>
            <ns3:hr>139</ns3:hr>
            <ns3:cad>89</ns3:cad>
          </ns3:TrackPointExtension>
        </extensions>
      </trkpt>
      <trkpt lat="31.217701993882656097412109375" lon="121.38472826220095157623291015625">
        <ele>15.19999980926513671875</ele>
        <time>2026-09-21T10:38:03.000Z</time>
        <extensions>
          <ns3:TrackPointExtension>
            <ns3:hr>140</ns3:hr>
            <ns3:cad>89</ns3:cad>
          </ns3:TrackPointExtension>
        </extensions>
      </trkpt>
      <trkpt lat="31.21767994947731494903564453125" lon="121.384719125926494598388671875">
        <ele>15.19999980926513671875</ele>
        <time>2026-09-21T10:38:04.000Z</time>
        <extensions>
          <ns3:TrackPointExtension>
            <ns3:hr>139</ns3:hr>
            <ns3:cad>88</ns3:cad>
          </ns3:TrackPointExtension>
        </extensions>
      </trkpt>
      <trkpt lat="31.2176508642733097076416015625" lon="121.38470965437591075897216796875">
        <ele>15.19999980926513671875</ele>
        <time>2026-09-21T10:38:05.000Z</time>
        <extensions>
          <ns3:TrackPointExtension>
            <ns3:hr>139</ns3:hr>
            <ns3:cad>87</ns3:cad>
          </ns3:TrackPointExtension>
        </extensions>
      </trkpt>
      <trkpt lat="31.21761985123157501220703125" lon="121.38469926081597805023193359375">
        <ele>15.19999980926513671875</ele>
        <time>2026-09-21T10:38:06.000Z</time>
        <extensions>
          <ns3:TrackPointExtension>
            <ns3:hr>140</ns3:hr>
            <ns3:cad>87</ns3:cad>
          </ns3:TrackPointExtension>
        </extensions>
      </trkpt>
      <trkpt lat="31.21759696863591670989990234375" lon="121.384694986045360565185546875">
        <ele>15.19999980926513671875</ele>
        <time>2026-09-21T10:38:07.000Z</time>
        <extensions>
          <ns3:TrackPointExtension>
            <ns3:hr>140</ns3:hr>
            <ns3:cad>87</ns3:cad>
          </ns3:TrackPointExtension>
        </extensions>
      </trkpt>
      <trkpt lat="31.2175754271447658538818359375" lon="121.38468182645738124847412109375">
        <ele>15.19999980926513671875</ele>
        <time>2026-09-21T10:38:08.000Z</time>
        <extensions>
          <ns3:TrackPointExtension>
            <ns3:hr>140</ns3:hr>
            <ns3:cad>87</ns3:cad>
          </ns3:TrackPointExtension>
        </extensions>
      </trkpt>
      <trkpt lat="31.21755405329167842864990234375" lon="121.3846723549067974090576171875">
        <ele>15.19999980926513671875</ele>
        <time>2026-09-21T10:38:09.000Z</time>
        <extensions>
          <ns3:TrackPointExtension>
            <ns3:hr>139</ns3:hr>
            <ns3:cad>88</ns3:cad>
          </ns3:TrackPointExtension>
        </extensions>
      </trkpt>
      <trkpt lat="31.217528991401195526123046875" lon="121.38466103933751583099365234375">
        <ele>15.3999996185302734375</ele>
        <time>2026-09-21T10:38:10.000Z</time>
        <extensions>
          <ns3:TrackPointExtension>
            <ns3:hr>140</ns3:hr>
            <ns3:cad>88</ns3:cad>
          </ns3:TrackPointExtension>
        </extensions>
      </trkpt>
      <trkpt lat="31.2175073660910129547119140625" lon="121.384660787880420684814453125">
        <ele>15.3999996185302734375</ele>
        <time>2026-09-21T10:38:11.000Z</time>
        <extensions>
          <ns3:TrackPointExtension>
            <ns3:hr>140</ns3:hr>
            <ns3:cad>88</ns3:cad>
          </ns3:TrackPointExtension>
        </extensions>
      </trkpt>
      <trkpt lat="31.2174835614860057830810546875" lon="121.38465248979628086090087890625">
        <ele>15.3999996185302734375</ele>
        <time>2026-09-21T10:38:12.000Z</time>
        <extensions>
          <ns3:TrackPointExtension>
            <ns3:hr>139</ns3:hr>
            <ns3:cad>87</ns3:cad>
          </ns3:TrackPointExtension>
        </extensions>
      </trkpt>
      <trkpt lat="31.21746486984193325042724609375" lon="121.38464896939694881439208984375">
        <ele>15.19999980926513671875</ele>
        <time>2026-09-21T10:38:13.000Z</time>
        <extensions>
          <ns3:TrackPointExtension>
            <ns3:hr>140</ns3:hr>
            <ns3:cad>87</ns3:cad>
          </ns3:TrackPointExtension>
        </extensions>
      </trkpt>
      <trkpt lat="31.21744307689368724822998046875" lon="121.3846398331224918365478515625">
        <ele>15.19999980926513671875</ele>
        <time>2026-09-21T10:38:14.000Z</time>
        <extensions>
          <ns3:TrackPointExtension>
            <ns3:hr>140</ns3:hr>
            <ns3:cad>87</ns3:cad>
          </ns3:TrackPointExtension>
        </extensions>
      </trkpt>
      <trkpt lat="31.21742228977382183074951171875" lon="121.38462935574352741241455078125">
        <ele>15.19999980926513671875</ele>
        <time>2026-09-21T10:38:15.000Z</time>
        <extensions>
          <ns3:TrackPointExtension>
            <ns3:hr>139</ns3:hr>
            <ns3:cad>87</ns3:cad>
          </ns3:TrackPointExtension>
        </extensions>
      </trkpt>
      <trkpt lat="31.21739915572106838226318359375" lon="121.38462499715387821197509765625">
        <ele>15.19999980926513671875</ele>
        <time>2026-09-21T10:38:16.000Z</time>
        <extensions>
          <ns3:TrackPointExtension>
            <ns3:hr>139</ns3:hr>
            <ns3:cad>87</ns3:cad>
          </ns3:TrackPointExtension>
        </extensions>
      </trkpt>
      <trkpt lat="31.2173766084015369415283203125" lon="121.3846230693161487579345703125">
        <ele>15.19999980926513671875</ele>
        <time>2026-09-21T10:38:17.000Z</time>
        <extensions>
          <ns3:TrackPointExtension>
            <ns3:hr>139</ns3:hr>
            <ns3:cad>87</ns3:cad>
          </ns3:TrackPointExtension>
        </extensions>
      </trkpt>
      <trkpt lat="31.21735322289168834686279296875" lon="121.3846183754503726959228515625">
        <ele>15.19999980926513671875</ele>
        <time>2026-09-21T10:38:18.000Z</time>
        <extensions>
          <ns3:TrackPointExtension>
            <ns3:hr>139</ns3:hr>
            <ns3:cad>86</ns3:cad>
          </ns3:TrackPointExtension>
        </extensions>
      </trkpt>
      <trkpt lat="31.2173300050199031829833984375" lon="121.38461343012750148773193359375">
        <ele>15.19999980926513671875</ele>
        <time>2026-09-21T10:38:19.000Z</time>
        <extensions>
          <ns3:TrackPointExtension>
            <ns3:hr>140</ns3:hr>
            <ns3:cad>86</ns3:cad>
          </ns3:TrackPointExtension>
        </extensions>
      </trkpt>
      <trkpt lat="31.2173072062432765960693359375" lon="121.3846133463084697723388671875">
        <ele>15.19999980926513671875</ele>
        <time>2026-09-21T10:38:20.000Z</time>
        <extensions>
          <ns3:TrackPointExtension>
            <ns3:hr>139</ns3:hr>
            <ns3:cad>86</ns3:cad>
          </ns3:TrackPointExtension>
        </extensions>
      </trkpt>
      <trkpt lat="31.2172820605337619781494140625" lon="121.3846066407859325408935546875">
        <ele>15.19999980926513671875</ele>
        <time>2026-09-21T10:38:21.000Z</time>
        <extensions>
          <ns3:TrackPointExtension>
            <ns3:hr>139</ns3:hr>
            <ns3:cad>88</ns3:cad>
          </ns3:TrackPointExtension>
        </extensions>
      </trkpt>
      <trkpt lat="31.21726177632808685302734375" lon="121.3846014440059661865234375">
        <ele>15</ele>
        <time>2026-09-21T10:38:22.000Z</time>
        <extensions>
          <ns3:TrackPointExtension>
            <ns3:hr>140</ns3:hr>
            <ns3:cad>88</ns3:cad>
          </ns3:TrackPointExtension>
        </extensions>
      </trkpt>
      <trkpt lat="31.21723973192274570465087890625" lon="121.3845915533602237701416015625">
        <ele>15.19999980926513671875</ele>
        <time>2026-09-21T10:38:23.000Z</time>
        <extensions>
          <ns3:TrackPointExtension>
            <ns3:hr>139</ns3:hr>
            <ns3:cad>87</ns3:cad>
          </ns3:TrackPointExtension>
        </extensions>
      </trkpt>
      <trkpt lat="31.21721877716481685638427734375" lon="121.3845811598002910614013671875">
        <ele>15.19999980926513671875</ele>
        <time>2026-09-21T10:38:24.000Z</time>
        <extensions>
          <ns3:TrackPointExtension>
            <ns3:hr>139</ns3:hr>
            <ns3:cad>87</ns3:cad>
          </ns3:TrackPointExtension>
        </extensions>
      </trkpt>
      <trkpt lat="31.2171969003975391387939453125" lon="121.38457722030580043792724609375">
        <ele>15.19999980926513671875</ele>
        <time>2026-09-21T10:38:25.000Z</time>
        <extensions>
          <ns3:TrackPointExtension>
            <ns3:hr>139</ns3:hr>
            <ns3:cad>87</ns3:cad>
          </ns3:TrackPointExtension>
        </extensions>
      </trkpt>
      <trkpt lat="31.2171717546880245208740234375" lon="121.384572274982929229736328125">
        <ele>15.19999980926513671875</ele>
        <time>2026-09-21T10:38:26.000Z</time>
        <extensions>
          <ns3:TrackPointExtension>
            <ns3:hr>139</ns3:hr>
            <ns3:cad>87</ns3:cad>
          </ns3:TrackPointExtension>
        </extensions>
      </trkpt>
      <trkpt lat="31.2171509675681591033935546875" lon="121.38457185588777065277099609375">
        <ele>15.19999980926513671875</ele>
        <time>2026-09-21T10:38:27.000Z</time>
        <extensions>
          <ns3:TrackPointExtension>
            <ns3:hr>139</ns3:hr>
            <ns3:cad>88</ns3:cad>
          </ns3:TrackPointExtension>
        </extensions>
      </trkpt>
      <trkpt lat="31.21712573803961277008056640625" lon="121.3845670782029628753662109375">
        <ele>15.19999980926513671875</ele>
        <time>2026-09-21T10:38:28.000Z</time>
        <extensions>
          <ns3:TrackPointExtension>
            <ns3:hr>140</ns3:hr>
            <ns3:cad>88</ns3:cad>
          </ns3:TrackPointExtension>
        </extensions>
      </trkpt>
      <trkpt lat="31.217106878757476806640625" lon="121.384557187557220458984375">
        <ele>15.19999980926513671875</ele>
        <time>2026-09-21T10:38:29.000Z</time>
        <extensions>
          <ns3:TrackPointExtension>
            <ns3:hr>139</ns3:hr>
            <ns3:cad>87</ns3:cad>
          </ns3:TrackPointExtension>
        </extensions>
      </trkpt>
      <trkpt lat="31.21707913465797901153564453125" lon="121.38454855419695377349853515625">
        <ele>15.19999980926513671875</ele>
        <time>2026-09-21T10:38:30.000Z</time>
        <extensions>
          <ns3:TrackPointExtension>
            <ns3:hr>139</ns3:hr>
            <ns3:cad>87</ns3:cad>
          </ns3:TrackPointExtension>
        </extensions>
      </trkpt>
      <trkpt lat="31.2170597724616527557373046875" lon="121.38454151339828968048095703125">
        <ele>15.19999980926513671875</ele>
        <time>2026-09-21T10:38:31.000Z</time>
        <extensions>
          <ns3:TrackPointExtension>
            <ns3:hr>140</ns3:hr>
            <ns3:cad>86</ns3:cad>
          </ns3:TrackPointExtension>
        </extensions>
      </trkpt>
      <trkpt lat="31.21703253127634525299072265625" lon="121.38453497551381587982177734375">
        <ele>15.19999980926513671875</ele>
        <time>2026-09-21T10:38:32.000Z</time>
        <extensions>
          <ns3:TrackPointExtension>
            <ns3:hr>140</ns3:hr>
            <ns3:cad>87</ns3:cad>
          </ns3:TrackPointExtension>
        </extensions>
      </trkpt>
      <trkpt lat="31.21701459400355815887451171875" lon="121.38453145511448383331298828125">
        <ele>15.19999980926513671875</ele>
        <time>2026-09-21T10:38:33.000Z</time>
        <extensions>
          <ns3:TrackPointExtension>
            <ns3:hr>140</ns3:hr>
            <ns3:cad>87</ns3:cad>
          </ns3:TrackPointExtension>
        </extensions>
      </trkpt>
      <trkpt lat="31.21699062176048755645751953125" lon="121.384525336325168609619140625">
        <ele>15.19999980926513671875</ele>
        <time>2026-09-21T10:38:34.000Z</time>
        <extensions>
          <ns3:TrackPointExtension>
            <ns3:hr>140</ns3:hr>
            <ns3:cad>89</ns3:cad>
          </ns3:TrackPointExtension>
        </extensions>
      </trkpt>
      <trkpt lat="31.216969750821590423583984375" lon="121.38452324084937572479248046875">
        <ele>15.19999980926513671875</ele>
        <time>2026-09-21T10:38:35.000Z</time>
        <extensions>
          <ns3:TrackPointExtension>
            <ns3:hr>140</ns3:hr>
            <ns3:cad>89</ns3:cad>
          </ns3:TrackPointExtension>
        </extensions>
      </trkpt>
      <trkpt lat="31.216945946216583251953125" lon="121.3845174573361873626708984375">
        <ele>15.19999980926513671875</ele>
        <time>2026-09-21T10:38:36.000Z</time>
        <extensions>
          <ns3:TrackPointExtension>
            <ns3:hr>141</ns3:hr>
            <ns3:cad>88</ns3:cad>
          </ns3:TrackPointExtension>
        </extensions>
      </trkpt>
      <trkpt lat="31.2169249914586544036865234375" lon="121.3845117576420307159423828125">
        <ele>15.19999980926513671875</ele>
        <time>2026-09-21T10:38:37.000Z</time>
        <extensions>
          <ns3:TrackPointExtension>
            <ns3:hr>141</ns3:hr>
            <ns3:cad>87</ns3:cad>
          </ns3:TrackPointExtension>
        </extensions>
      </trkpt>
      <trkpt lat="31.216895319521427154541015625" lon="121.384502537548542022705078125">
        <ele>15.19999980926513671875</ele>
        <time>2026-09-21T10:38:38.000Z</time>
        <extensions>
          <ns3:TrackPointExtension>
            <ns3:hr>141</ns3:hr>
            <ns3:cad>87</ns3:cad>
          </ns3:TrackPointExtension>
        </extensions>
      </trkpt>
      <trkpt lat="31.21687193401157855987548828125" lon="121.384492814540863037109375">
        <ele>15.19999980926513671875</ele>
        <time>2026-09-21T10:38:39.000Z</time>
        <extensions>
          <ns3:TrackPointExtension>
            <ns3:hr>141</ns3:hr>
            <ns3:cad>87</ns3:cad>
          </ns3:TrackPointExtension>
        </extensions>
      </trkpt>
      <trkpt lat="31.2168478779494762420654296875" lon="121.38448568992316722869873046875">
        <ele>15.19999980926513671875</ele>
        <time>2026-09-21T10:38:40.000Z</time>
        <extensions>
          <ns3:TrackPointExtension>
            <ns3:hr>141</ns3:hr>
            <ns3:cad>87</ns3:cad>
          </ns3:TrackPointExtension>
        </extensions>
      </trkpt>
      <trkpt lat="31.216822899878025054931640625" lon="121.384481750428676605224609375">
        <ele>15.3999996185302734375</ele>
        <time>2026-09-21T10:38:41.000Z</time>
        <extensions>
          <ns3:TrackPointExtension>
            <ns3:hr>141</ns3:hr>
            <ns3:cad>88</ns3:cad>
          </ns3:TrackPointExtension>
        </extensions>
      </trkpt>
      <trkpt lat="31.21680445969104766845703125" lon="121.38448250479996204376220703125">
        <ele>15.3999996185302734375</ele>
        <time>2026-09-21T10:38:42.000Z</time>
        <extensions>
          <ns3:TrackPointExtension>
            <ns3:hr>141</ns3:hr>
            <ns3:cad>88</ns3:cad>
          </ns3:TrackPointExtension>
        </extensions>
      </trkpt>
      <trkpt lat="31.2167824991047382354736328125" lon="121.38448250479996204376220703125">
        <ele>15.3999996185302734375</ele>
        <time>2026-09-21T10:38:43.000Z</time>
        <extensions>
          <ns3:TrackPointExtension>
            <ns3:hr>141</ns3:hr>
            <ns3:cad>87</ns3:cad>
          </ns3:TrackPointExtension>
        </extensions>
      </trkpt>
      <trkpt lat="31.2167622148990631103515625" lon="121.38448141515254974365234375">
        <ele>15.3999996185302734375</ele>
        <time>2026-09-21T10:38:44.000Z</time>
        <extensions>
          <ns3:TrackPointExtension>
            <ns3:hr>141</ns3:hr>
            <ns3:cad>87</ns3:cad>
          </ns3:TrackPointExtension>
        </extensions>
      </trkpt>
      <trkpt lat="31.21673715300858020782470703125" lon="121.384477056562900543212890625">
        <ele>15.19999980926513671875</ele>
        <time>2026-09-21T10:38:45.000Z</time>
        <extensions>
          <ns3:TrackPointExtension>
            <ns3:hr>141</ns3:hr>
            <ns3:cad>86</ns3:cad>
          </ns3:TrackPointExtension>
        </extensions>
      </trkpt>
      <trkpt lat="31.216714270412921905517578125" lon="121.38447470963001251220703125">
        <ele>15.19999980926513671875</ele>
        <time>2026-09-21T10:38:46.000Z</time>
        <extensions>
          <ns3:TrackPointExtension>
            <ns3:hr>141</ns3:hr>
            <ns3:cad>86</ns3:cad>
          </ns3:TrackPointExtension>
        </extensions>
      </trkpt>
      <trkpt lat="31.2166882865130901336669921875" lon="121.384471356868743896484375">
        <ele>15.19999980926513671875</ele>
        <time>2026-09-21T10:38:47.000Z</time>
        <extensions>
          <ns3:TrackPointExtension>
            <ns3:hr>141</ns3:hr>
            <ns3:cad>88</ns3:cad>
          </ns3:TrackPointExtension>
        </extensions>
      </trkpt>
      <trkpt lat="31.21666607446968555450439453125" lon="121.3844698481261730194091796875">
        <ele>15.19999980926513671875</ele>
        <time>2026-09-21T10:38:48.000Z</time>
        <extensions>
          <ns3:TrackPointExtension>
            <ns3:hr>141</ns3:hr>
            <ns3:cad>88</ns3:cad>
          </ns3:TrackPointExtension>
        </extensions>
      </trkpt>
      <trkpt lat="31.2166403420269489288330078125" lon="121.384465992450714111328125">
        <ele>15.19999980926513671875</ele>
        <time>2026-09-21T10:38:49.000Z</time>
        <extensions>
          <ns3:TrackPointExtension>
            <ns3:hr>142</ns3:hr>
            <ns3:cad>88</ns3:cad>
          </ns3:TrackPointExtension>
        </extensions>
      </trkpt>
      <trkpt lat="31.21661645360291004180908203125" lon="121.3844628073275089263916015625">
        <ele>15.19999980926513671875</ele>
        <time>2026-09-21T10:38:50.000Z</time>
        <extensions>
          <ns3:TrackPointExtension>
            <ns3:hr>141</ns3:hr>
            <ns3:cad>87</ns3:cad>
          </ns3:TrackPointExtension>
        </extensions>
      </trkpt>
      <trkpt lat="31.21659231372177600860595703125" lon="121.38446523807942867279052734375">
        <ele>15.19999980926513671875</ele>
        <time>2026-09-21T10:38:51.000Z</time>
        <extensions>
          <ns3:TrackPointExtension>
            <ns3:hr>141</ns3:hr>
            <ns3:cad>87</ns3:cad>
          </ns3:TrackPointExtension>
        </extensions>
      </trkpt>
      <trkpt lat="31.21656716801226139068603515625" lon="121.38446540571749210357666015625">
        <ele>15.19999980926513671875</ele>
        <time>2026-09-21T10:38:52.000Z</time>
        <extensions>
          <ns3:TrackPointExtension>
            <ns3:hr>142</ns3:hr>
            <ns3:cad>87</ns3:cad>
          </ns3:TrackPointExtension>
        </extensions>
      </trkpt>
      <trkpt lat="31.21655543334782123565673828125" lon="121.3844648189842700958251953125">
        <ele>15.19999980926513671875</ele>
        <time>2026-09-21T10:38:53.000Z</time>
        <extensions>
          <ns3:TrackPointExtension>
            <ns3:hr>141</ns3:hr>
            <ns3:cad>88</ns3:cad>
          </ns3:TrackPointExtension>
        </extensions>
      </trkpt>
      <trkpt lat="31.21653380803763866424560546875" lon="121.384483091533184051513671875">
        <ele>15.19999980926513671875</ele>
        <time>2026-09-21T10:38:54.000Z</time>
        <extensions>
          <ns3:TrackPointExtension>
            <ns3:hr>141</ns3:hr>
            <ns3:cad>88</ns3:cad>
          </ns3:TrackPointExtension>
        </extensions>
      </trkpt>
      <trkpt lat="31.216516792774200439453125" lon="121.384502537548542022705078125">
        <ele>15.19999980926513671875</ele>
        <time>2026-09-21T10:38:55.000Z</time>
        <extensions>
          <ns3:TrackPointExtension>
            <ns3:hr>141</ns3:hr>
            <ns3:cad>87</ns3:cad>
          </ns3:TrackPointExtension>
        </extensions>
      </trkpt>
      <trkpt lat="31.21649994514882564544677734375" lon="121.38452324084937572479248046875">
        <ele>15.19999980926513671875</ele>
        <time>2026-09-21T10:38:56.000Z</time>
        <extensions>
          <ns3:TrackPointExtension>
            <ns3:hr>141</ns3:hr>
            <ns3:cad>86</ns3:cad>
          </ns3:TrackPointExtension>
        </extensions>
      </trkpt>
      <trkpt lat="31.2164887972176074981689453125" lon="121.38454821892082691192626953125">
        <ele>15.3999996185302734375</ele>
        <time>2026-09-21T10:38:57.000Z</time>
        <extensions>
          <ns3:TrackPointExtension>
            <ns3:hr>141</ns3:hr>
            <ns3:cad>85</ns3:cad>
          </ns3:TrackPointExtension>
        </extensions>
      </trkpt>
      <trkpt lat="31.21647882275283336639404296875" lon="121.38456967659294605255126953125">
        <ele>15.3999996185302734375</ele>
        <time>2026-09-21T10:38:58.000Z</time>
        <extensions>
          <ns3:TrackPointExtension>
            <ns3:hr>141</ns3:hr>
            <ns3:cad>84</ns3:cad>
          </ns3:TrackPointExtension>
        </extensions>
      </trkpt>
      <trkpt lat="31.21646893210709095001220703125" lon="121.3846002705395221710205078125">
        <ele>15.3999996185302734375</ele>
        <time>2026-09-21T10:38:59.000Z</time>
        <extensions>
          <ns3:TrackPointExtension>
            <ns3:hr>141</ns3:hr>
            <ns3:cad>84</ns3:cad>
          </ns3:TrackPointExtension>
        </extensions>
      </trkpt>
      <trkpt lat="31.21646608226001262664794921875" lon="121.38462432660162448883056640625">
        <ele>15.3999996185302734375</ele>
        <time>2026-09-21T10:39:00.000Z</time>
        <extensions>
          <ns3:TrackPointExtension>
            <ns3:hr>142</ns3:hr>
            <ns3:cad>85</ns3:cad>
          </ns3:TrackPointExtension>
        </extensions>
      </trkpt>
      <trkpt lat="31.2164579518139362335205078125" lon="121.38465416617691516876220703125">
        <ele>15.3999996185302734375</ele>
        <time>2026-09-21T10:39:01.000Z</time>
        <extensions>
          <ns3:TrackPointExtension>
            <ns3:hr>142</ns3:hr>
            <ns3:cad>85</ns3:cad>
          </ns3:TrackPointExtension>
        </extensions>
      </trkpt>
      <trkpt lat="31.2164532579481601715087890625" lon="121.3846787251532077789306640625">
        <ele>15.3999996185302734375</ele>
        <time>2026-09-21T10:39:02.000Z</time>
        <extensions>
          <ns3:TrackPointExtension>
            <ns3:hr>142</ns3:hr>
            <ns3:cad>85</ns3:cad>
          </ns3:TrackPointExtension>
        </extensions>
      </trkpt>
      <trkpt lat="31.21644915081560611724853515625" lon="121.3847085647284984588623046875">
        <ele>15.3999996185302734375</ele>
        <time>2026-09-21T10:39:03.000Z</time>
        <extensions>
          <ns3:TrackPointExtension>
            <ns3:hr>142</ns3:hr>
            <ns3:cad>86</ns3:cad>
          </ns3:TrackPointExtension>
        </extensions>
      </trkpt>
      <trkpt lat="31.21644177474081516265869140625" lon="121.3847327046096324920654296875">
        <ele>15.3999996185302734375</ele>
        <time>2026-09-21T10:39:04.000Z</time>
        <extensions>
          <ns3:TrackPointExtension>
            <ns3:hr>142</ns3:hr>
            <ns3:cad>86</ns3:cad>
          </ns3:TrackPointExtension>
        </extensions>
      </trkpt>
      <trkpt lat="31.21643875725567340850830078125" lon="121.38475759886205196380615234375">
        <ele>15.19999980926513671875</ele>
        <time>2026-09-21T10:39:05.000Z</time>
        <extensions>
          <ns3:TrackPointExtension>
            <ns3:hr>143</ns3:hr>
            <ns3:cad>86</ns3:cad>
          </ns3:TrackPointExtension>
        </extensions>
      </trkpt>
      <trkpt lat="31.21643364429473876953125" lon="121.38478375039994716644287109375">
        <ele>15.19999980926513671875</ele>
        <time>2026-09-21T10:39:06.000Z</time>
        <extensions>
          <ns3:TrackPointExtension>
            <ns3:hr>142</ns3:hr>
            <ns3:cad>87</ns3:cad>
          </ns3:TrackPointExtension>
        </extensions>
      </trkpt>
      <trkpt lat="31.2164234183728694915771484375" lon="121.384805627167224884033203125">
        <ele>15.19999980926513671875</ele>
        <time>2026-09-21T10:39:07.000Z</time>
        <extensions>
          <ns3:TrackPointExtension>
            <ns3:hr>143</ns3:hr>
            <ns3:cad>87</ns3:cad>
          </ns3:TrackPointExtension>
        </extensions>
      </trkpt>
      <trkpt lat="31.21641629375517368316650390625" lon="121.3848356343805789947509765625">
        <ele>15.19999980926513671875</ele>
        <time>2026-09-21T10:39:08.000Z</time>
        <extensions>
          <ns3:TrackPointExtension>
            <ns3:hr>143</ns3:hr>
            <ns3:cad>87</ns3:cad>
          </ns3:TrackPointExtension>
        </extensions>
      </trkpt>
      <trkpt lat="31.21641285717487335205078125" lon="121.38486019335687160491943359375">
        <ele>15.3999996185302734375</ele>
        <time>2026-09-21T10:39:09.000Z</time>
        <extensions>
          <ns3:TrackPointExtension>
            <ns3:hr>143</ns3:hr>
            <ns3:cad>87</ns3:cad>
          </ns3:TrackPointExtension>
        </extensions>
      </trkpt>
      <trkpt lat="31.21641981415450572967529296875" lon="121.3848916254937648773193359375">
        <ele>15.3999996185302734375</ele>
        <time>2026-09-21T10:39:10.000Z</time>
        <extensions>
          <ns3:TrackPointExtension>
            <ns3:hr>143</ns3:hr>
            <ns3:cad>87</ns3:cad>
          </ns3:TrackPointExtension>
        </extensions>
      </trkpt>
      <trkpt lat="31.2164167128503322601318359375" lon="121.3849152624607086181640625">
        <ele>15.3999996185302734375</ele>
        <time>2026-09-21T10:39:11.000Z</time>
        <extensions>
          <ns3:TrackPointExtension>
            <ns3:hr>144</ns3:hr>
            <ns3:cad>87</ns3:cad>
          </ns3:TrackPointExtension>
        </extensions>
      </trkpt>
      <trkpt lat="31.21641327627003192901611328125" lon="121.3849486224353313446044921875">
        <ele>15.3999996185302734375</ele>
        <time>2026-09-21T10:39:12.000Z</time>
        <extensions>
          <ns3:TrackPointExtension>
            <ns3:hr>144</ns3:hr>
            <ns3:cad>89</ns3:cad>
          </ns3:TrackPointExtension>
        </extensions>
      </trkpt>
      <trkpt lat="31.21641025878489017486572265625" lon="121.38496932573616504669189453125">
        <ele>15.3999996185302734375</ele>
        <time>2026-09-21T10:39:13.000Z</time>
        <extensions>
          <ns3:TrackPointExtension>
            <ns3:hr>144</ns3:hr>
            <ns3:cad>89</ns3:cad>
          </ns3:TrackPointExtension>
        </extensions>
      </trkpt>
      <trkpt lat="31.2164027988910675048828125" lon="121.38499212451279163360595703125">
        <ele>15.3999996185302734375</ele>
        <time>2026-09-21T10:39:14.000Z</time>
        <extensions>
          <ns3:TrackPointExtension>
            <ns3:hr>144</ns3:hr>
            <ns3:cad>88</ns3:cad>
          </ns3:TrackPointExtension>
        </extensions>
      </trkpt>
      <trkpt lat="31.21639986522495746612548828125" lon="121.3850146718323230743408203125">
        <ele>15.3999996185302734375</ele>
        <time>2026-09-21T10:39:15.000Z</time>
        <extensions>
          <ns3:TrackPointExtension>
            <ns3:hr>144</ns3:hr>
            <ns3:cad>87</ns3:cad>
          </ns3:TrackPointExtension>
        </extensions>
      </trkpt>
      <trkpt lat="31.2163974344730377197265625" lon="121.38503788970410823822021484375">
        <ele>15.3999996185302734375</ele>
        <time>2026-09-21T10:39:16.000Z</time>
        <extensions>
          <ns3:TrackPointExtension>
            <ns3:hr>144</ns3:hr>
            <ns3:cad>87</ns3:cad>
          </ns3:TrackPointExtension>
        </extensions>
      </trkpt>
      <trkpt lat="31.21639014221727848052978515625" lon="121.385063789784908294677734375">
        <ele>15.3999996185302734375</ele>
        <time>2026-09-21T10:39:17.000Z</time>
        <extensions>
          <ns3:TrackPointExtension>
            <ns3:hr>144</ns3:hr>
            <ns3:cad>87</ns3:cad>
          </ns3:TrackPointExtension>
        </extensions>
      </trkpt>
      <trkpt lat="31.21638477779924869537353515625" lon="121.38508885167539119720458984375">
        <ele>15.3999996185302734375</ele>
        <time>2026-09-21T10:39:18.000Z</time>
        <extensions>
          <ns3:TrackPointExtension>
            <ns3:hr>144</ns3:hr>
            <ns3:cad>87</ns3:cad>
          </ns3:TrackPointExtension>
        </extensions>
      </trkpt>
      <trkpt lat="31.2163721211254596710205078125" lon="121.38512053526937961578369140625">
        <ele>15.3999996185302734375</ele>
        <time>2026-09-21T10:39:19.000Z</time>
        <extensions>
          <ns3:TrackPointExtension>
            <ns3:hr>144</ns3:hr>
            <ns3:cad>88</ns3:cad>
          </ns3:TrackPointExtension>
        </extensions>
      </trkpt>
      <trkpt lat="31.21636449359357357025146484375" lon="121.38514584861695766448974609375">
        <ele>15.3999996185302734375</ele>
        <time>2026-09-21T10:39:20.000Z</time>
        <extensions>
          <ns3:TrackPointExtension>
            <ns3:hr>144</ns3:hr>
            <ns3:cad>88</ns3:cad>
          </ns3:TrackPointExtension>
        </extensions>
      </trkpt>
      <trkpt lat="31.21635577641427516937255859375" lon="121.3851754367351531982421875">
        <ele>15.3999996185302734375</ele>
        <time>2026-09-21T10:39:21.000Z</time>
        <extensions>
          <ns3:TrackPointExtension>
            <ns3:hr>144</ns3:hr>
            <ns3:cad>87</ns3:cad>
          </ns3:TrackPointExtension>
        </extensions>
      </trkpt>
      <trkpt lat="31.2163513340055942535400390625" lon="121.38519882224500179290771484375">
        <ele>15.3999996185302734375</ele>
        <time>2026-09-21T10:39:22.000Z</time>
        <extensions>
          <ns3:TrackPointExtension>
            <ns3:hr>144</ns3:hr>
            <ns3:cad>87</ns3:cad>
          </ns3:TrackPointExtension>
        </extensions>
      </trkpt>
      <trkpt lat="31.21634714305400848388671875" lon="121.3852315954864025115966796875">
        <ele>15.3999996185302734375</ele>
        <time>2026-09-21T10:39:23.000Z</time>
        <extensions>
          <ns3:TrackPointExtension>
            <ns3:hr>144</ns3:hr>
            <ns3:cad>87</ns3:cad>
          </ns3:TrackPointExtension>
        </extensions>
      </trkpt>
      <trkpt lat="31.21634856797754764556884765625" lon="121.38525866903364658355712890625">
        <ele>15.3999996185302734375</ele>
        <time>2026-09-21T10:39:24.000Z</time>
        <extensions>
          <ns3:TrackPointExtension>
            <ns3:hr>143</ns3:hr>
            <ns3:cad>87</ns3:cad>
          </ns3:TrackPointExtension>
        </extensions>
      </trkpt>
      <trkpt lat="31.21633951552212238311767578125" lon="121.38528381474316120147705078125">
        <ele>15.3999996185302734375</ele>
        <time>2026-09-21T10:39:25.000Z</time>
        <extensions>
          <ns3:TrackPointExtension>
            <ns3:hr>144</ns3:hr>
            <ns3:cad>88</ns3:cad>
          </ns3:TrackPointExtension>
        </extensions>
      </trkpt>
      <trkpt lat="31.21632895432412624359130859375" lon="121.38530560769140720367431640625">
        <ele>15.3999996185302734375</ele>
        <time>2026-09-21T10:39:26.000Z</time>
        <extensions>
          <ns3:TrackPointExtension>
            <ns3:hr>143</ns3:hr>
            <ns3:cad>88</ns3:cad>
          </ns3:TrackPointExtension>
        </extensions>
      </trkpt>
      <trkpt lat="31.2163204886019229888916015625" lon="121.385335363447666168212890625">
        <ele>15.3999996185302734375</ele>
        <time>2026-09-21T10:39:27.000Z</time>
        <extensions>
          <ns3:TrackPointExtension>
            <ns3:hr>143</ns3:hr>
            <ns3:cad>88</ns3:cad>
          </ns3:TrackPointExtension>
        </extensions>
      </trkpt>
      <trkpt lat="31.21631151996552944183349609375" lon="121.38536143116652965545654296875">
        <ele>15.3999996185302734375</ele>
        <time>2026-09-21T10:39:28.000Z</time>
        <extensions>
          <ns3:TrackPointExtension>
            <ns3:hr>143</ns3:hr>
            <ns3:cad>87</ns3:cad>
          </ns3:TrackPointExtension>
        </extensions>
      </trkpt>
      <trkpt lat="31.2163033895194530487060546875" lon="121.3853900134563446044921875">
        <ele>15.3999996185302734375</ele>
        <time>2026-09-21T10:39:29.000Z</time>
        <extensions>
          <ns3:TrackPointExtension>
            <ns3:hr>143</ns3:hr>
            <ns3:cad>87</ns3:cad>
          </ns3:TrackPointExtension>
        </extensions>
      </trkpt>
      <trkpt lat="31.2162980251014232635498046875" lon="121.385419182479381561279296875">
        <ele>15.3999996185302734375</ele>
        <time>2026-09-21T10:39:30.000Z</time>
        <extensions>
          <ns3:TrackPointExtension>
            <ns3:hr>143</ns3:hr>
            <ns3:cad>87</ns3:cad>
          </ns3:TrackPointExtension>
        </extensions>
      </trkpt>
      <trkpt lat="31.21629886329174041748046875" lon="121.3854421488940715789794921875">
        <ele>15.19999980926513671875</ele>
        <time>2026-09-21T10:39:31.000Z</time>
        <extensions>
          <ns3:TrackPointExtension>
            <ns3:hr>142</ns3:hr>
            <ns3:cad>87</ns3:cad>
          </ns3:TrackPointExtension>
        </extensions>
      </trkpt>
      <trkpt lat="31.2162899784743785858154296875" lon="121.385474167764186859130859375">
        <ele>15.19999980926513671875</ele>
        <time>2026-09-21T10:39:32.000Z</time>
        <extensions>
          <ns3:TrackPointExtension>
            <ns3:hr>142</ns3:hr>
            <ns3:cad>87</ns3:cad>
          </ns3:TrackPointExtension>
        </extensions>
      </trkpt>
      <trkpt lat="31.2162847816944122314453125" lon="121.38549721799790859222412109375">
        <ele>15</ele>
        <time>2026-09-21T10:39:33.000Z</time>
        <extensions>
          <ns3:TrackPointExtension>
            <ns3:hr>141</ns3:hr>
            <ns3:cad>87</ns3:cad>
          </ns3:TrackPointExtension>
        </extensions>
      </trkpt>
      <trkpt lat="31.21627480722963809967041015625" lon="121.3855283148586750030517578125">
        <ele>15</ele>
        <time>2026-09-21T10:39:34.000Z</time>
        <extensions>
          <ns3:TrackPointExtension>
            <ns3:hr>141</ns3:hr>
            <ns3:cad>87</ns3:cad>
          </ns3:TrackPointExtension>
        </extensions>
      </trkpt>
      <trkpt lat="31.21626826934516429901123046875" lon="121.3855551369488239288330078125">
        <ele>15</ele>
        <time>2026-09-21T10:39:35.000Z</time>
        <extensions>
          <ns3:TrackPointExtension>
            <ns3:hr>141</ns3:hr>
            <ns3:cad>86</ns3:cad>
          </ns3:TrackPointExtension>
        </extensions>
      </trkpt>
      <trkpt lat="31.21625821106135845184326171875" lon="121.3855856470763683319091796875">
        <ele>15</ele>
        <time>2026-09-21T10:39:36.000Z</time>
        <extensions>
          <ns3:TrackPointExtension>
            <ns3:hr>140</ns3:hr>
            <ns3:cad>86</ns3:cad>
          </ns3:TrackPointExtension>
        </extensions>
      </trkpt>
      <trkpt lat="31.2162520922720432281494140625" lon="121.385612301528453826904296875">
        <ele>15</ele>
        <time>2026-09-21T10:39:37.000Z</time>
        <extensions>
          <ns3:TrackPointExtension>
            <ns3:hr>140</ns3:hr>
            <ns3:cad>86</ns3:cad>
          </ns3:TrackPointExtension>
        </extensions>
      </trkpt>
      <trkpt lat="31.2162477336823940277099609375" lon="121.38564038090407848358154296875">
        <ele>15</ele>
        <time>2026-09-21T10:39:38.000Z</time>
        <extensions>
          <ns3:TrackPointExtension>
            <ns3:hr>140</ns3:hr>
            <ns3:cad>88</ns3:cad>
          </ns3:TrackPointExtension>
        </extensions>
      </trkpt>
      <trkpt lat="31.2162423692643642425537109375" lon="121.38566619716584682464599609375">
        <ele>15</ele>
        <time>2026-09-21T10:39:39.000Z</time>
        <extensions>
          <ns3:TrackPointExtension>
            <ns3:hr>140</ns3:hr>
            <ns3:cad>88</ns3:cad>
          </ns3:TrackPointExtension>
        </extensions>
      </trkpt>
      <trkpt lat="31.21623708866536617279052734375" lon="121.3856969587504863739013671875">
        <ele>15</ele>
        <time>2026-09-21T10:39:40.000Z</time>
        <extensions>
          <ns3:TrackPointExtension>
            <ns3:hr>139</ns3:hr>
            <ns3:cad>88</ns3:cad>
          </ns3:TrackPointExtension>
        </extensions>
      </trkpt>
      <trkpt lat="31.216227114200592041015625" lon="121.385724283754825592041015625">
        <ele>15</ele>
        <time>2026-09-21T10:39:41.000Z</time>
        <extensions>
          <ns3:TrackPointExtension>
            <ns3:hr>140</ns3:hr>
            <ns3:cad>87</ns3:cad>
          </ns3:TrackPointExtension>
        </extensions>
      </trkpt>
      <trkpt lat="31.2162244319915771484375" lon="121.38574515469372272491455078125">
        <ele>15</ele>
        <time>2026-09-21T10:39:42.000Z</time>
        <extensions>
          <ns3:TrackPointExtension>
            <ns3:hr>140</ns3:hr>
            <ns3:cad>87</ns3:cad>
          </ns3:TrackPointExtension>
        </extensions>
      </trkpt>
      <trkpt lat="31.216217391192913055419921875" lon="121.385772228240966796875">
        <ele>14.80000019073486328125</ele>
        <time>2026-09-21T10:39:43.000Z</time>
        <extensions>
          <ns3:TrackPointExtension>
            <ns3:hr>139</ns3:hr>
            <ns3:cad>87</ns3:cad>
          </ns3:TrackPointExtension>
        </extensions>
      </trkpt>
      <trkpt lat="31.21621169149875640869140625" lon="121.3857968710362911224365234375">
        <ele>14.80000019073486328125</ele>
        <time>2026-09-21T10:39:44.000Z</time>
        <extensions>
          <ns3:TrackPointExtension>
            <ns3:hr>140</ns3:hr>
            <ns3:cad>88</ns3:cad>
          </ns3:TrackPointExtension>
        </extensions>
      </trkpt>
      <trkpt lat="31.21619760990142822265625" lon="121.3858290575444698333740234375">
        <ele>14.80000019073486328125</ele>
        <time>2026-09-21T10:39:45.000Z</time>
        <extensions>
          <ns3:TrackPointExtension>
            <ns3:hr>140</ns3:hr>
            <ns3:cad>88</ns3:cad>
          </ns3:TrackPointExtension>
        </extensions>
      </trkpt>
      <trkpt lat="31.21619635261595249176025390625" lon="121.38585344888269901275634765625">
        <ele>14.80000019073486328125</ele>
        <time>2026-09-21T10:39:46.000Z</time>
        <extensions>
          <ns3:TrackPointExtension>
            <ns3:hr>139</ns3:hr>
            <ns3:cad>88</ns3:cad>
          </ns3:TrackPointExtension>
        </extensions>
      </trkpt>
      <trkpt lat="31.2161887250840663909912109375" lon="121.38588747940957546234130859375">
        <ele>15</ele>
        <time>2026-09-21T10:39:47.000Z</time>
        <extensions>
          <ns3:TrackPointExtension>
            <ns3:hr>140</ns3:hr>
            <ns3:cad>87</ns3:cad>
          </ns3:TrackPointExtension>
        </extensions>
      </trkpt>
      <trkpt lat="31.21618260629475116729736328125" lon="121.38591379858553409576416015625">
        <ele>14.80000019073486328125</ele>
        <time>2026-09-21T10:39:48.000Z</time>
        <extensions>
          <ns3:TrackPointExtension>
            <ns3:hr>139</ns3:hr>
            <ns3:cad>87</ns3:cad>
          </ns3:TrackPointExtension>
        </extensions>
      </trkpt>
      <trkpt lat="31.2161793373525142669677734375" lon="121.3859437219798564910888671875">
        <ele>14.80000019073486328125</ele>
        <time>2026-09-21T10:39:49.000Z</time>
        <extensions>
          <ns3:TrackPointExtension>
            <ns3:hr>139</ns3:hr>
            <ns3:cad>87</ns3:cad>
          </ns3:TrackPointExtension>
        </extensions>
      </trkpt>
      <trkpt lat="31.21617070399224758148193359375" lon="121.385973729193210601806640625">
        <ele>14.80000019073486328125</ele>
        <time>2026-09-21T10:39:50.000Z</time>
        <extensions>
          <ns3:TrackPointExtension>
            <ns3:hr>139</ns3:hr>
            <ns3:cad>87</ns3:cad>
          </ns3:TrackPointExtension>
        </extensions>
      </trkpt>
      <trkpt lat="31.21616341173648834228515625" lon="121.38599476777017116546630859375">
        <ele>14.80000019073486328125</ele>
        <time>2026-09-21T10:39:51.000Z</time>
        <extensions>
          <ns3:TrackPointExtension>
            <ns3:hr>140</ns3:hr>
            <ns3:cad>88</ns3:cad>
          </ns3:TrackPointExtension>
        </extensions>
      </trkpt>
      <trkpt lat="31.216151677072048187255859375" lon="121.386023350059986114501953125">
        <ele>14.80000019073486328125</ele>
        <time>2026-09-21T10:39:52.000Z</time>
        <extensions>
          <ns3:TrackPointExtension>
            <ns3:hr>140</ns3:hr>
            <ns3:cad>88</ns3:cad>
          </ns3:TrackPointExtension>
        </extensions>
      </trkpt>
      <trkpt lat="31.21614941395819187164306640625" lon="121.38604170642793178558349609375">
        <ele>14.80000019073486328125</ele>
        <time>2026-09-21T10:39:53.000Z</time>
        <extensions>
          <ns3:TrackPointExtension>
            <ns3:hr>140</ns3:hr>
            <ns3:cad>87</ns3:cad>
          </ns3:TrackPointExtension>
        </extensions>
      </trkpt>
      <trkpt lat="31.21614807285368442535400390625" lon="121.3860758207738399505615234375">
        <ele>14.80000019073486328125</ele>
        <time>2026-09-21T10:39:54.000Z</time>
        <extensions>
          <ns3:TrackPointExtension>
            <ns3:hr>140</ns3:hr>
            <ns3:cad>87</ns3:cad>
          </ns3:TrackPointExtension>
        </extensions>
      </trkpt>
      <trkpt lat="31.21614865958690643310546875" lon="121.386096440255641937255859375">
        <ele>14.80000019073486328125</ele>
        <time>2026-09-21T10:39:55.000Z</time>
        <extensions>
          <ns3:TrackPointExtension>
            <ns3:hr>139</ns3:hr>
            <ns3:cad>86</ns3:cad>
          </ns3:TrackPointExtension>
        </extensions>
      </trkpt>
      <trkpt lat="31.2161501683294773101806640625" lon="121.386123262345790863037109375">
        <ele>14.80000019073486328125</ele>
        <time>2026-09-21T10:39:56.000Z</time>
        <extensions>
          <ns3:TrackPointExtension>
            <ns3:hr>140</ns3:hr>
            <ns3:cad>86</ns3:cad>
          </ns3:TrackPointExtension>
        </extensions>
      </trkpt>
      <trkpt lat="31.2161484919488430023193359375" lon="121.386144049465656280517578125">
        <ele>14.80000019073486328125</ele>
        <time>2026-09-21T10:39:57.000Z</time>
        <extensions>
          <ns3:TrackPointExtension>
            <ns3:hr>139</ns3:hr>
            <ns3:cad>87</ns3:cad>
          </ns3:TrackPointExtension>
        </extensions>
      </trkpt>
      <trkpt lat="31.21614522300660610198974609375" lon="121.38617062009871006011962890625">
        <ele>14.80000019073486328125</ele>
        <time>2026-09-21T10:39:58.000Z</time>
        <extensions>
          <ns3:TrackPointExtension>
            <ns3:hr>139</ns3:hr>
            <ns3:cad>87</ns3:cad>
          </ns3:TrackPointExtension>
        </extensions>
      </trkpt>
      <trkpt lat="31.21614463627338409423828125" lon="121.3861988671123981475830078125">
        <ele>14.80000019073486328125</ele>
        <time>2026-09-21T10:39:59.000Z</time>
        <extensions>
          <ns3:TrackPointExtension>
            <ns3:hr>139</ns3:hr>
            <ns3:cad>87</ns3:cad>
          </ns3:TrackPointExtension>
        </extensions>
      </trkpt>
      <trkpt lat="31.21614237315952777862548828125" lon="121.38623164035379886627197265625">
        <ele>14.80000019073486328125</ele>
        <time>2026-09-21T10:40:00.000Z</time>
        <extensions>
          <ns3:TrackPointExtension>
            <ns3:hr>139</ns3:hr>
            <ns3:cad>87</ns3:cad>
          </ns3:TrackPointExtension>
        </extensions>
      </trkpt>
      <trkpt lat="31.21613524854183197021484375" lon="121.3862588815391063690185546875">
        <ele>14.80000019073486328125</ele>
        <time>2026-09-21T10:40:01.000Z</time>
        <extensions>
          <ns3:TrackPointExtension>
            <ns3:hr>138</ns3:hr>
            <ns3:cad>86</ns3:cad>
          </ns3:TrackPointExtension>
        </extensions>
      </trkpt>
      <trkpt lat="31.216132231056690216064453125" lon="121.386282853782176971435546875">
        <ele>14.80000019073486328125</ele>
        <time>2026-09-21T10:40:02.000Z</time>
        <extensions>
          <ns3:TrackPointExtension>
            <ns3:hr>138</ns3:hr>
            <ns3:cad>87</ns3:cad>
          </ns3:TrackPointExtension>
        </extensions>
      </trkpt>
      <trkpt lat="31.21612058021128177642822265625" lon="121.38630573637783527374267578125">
        <ele>14.80000019073486328125</ele>
        <time>2026-09-21T10:40:03.000Z</time>
        <extensions>
          <ns3:TrackPointExtension>
            <ns3:hr>138</ns3:hr>
            <ns3:cad>88</ns3:cad>
          </ns3:TrackPointExtension>
        </extensions>
      </trkpt>
      <trkpt lat="31.21611513197422027587890625" lon="121.38632853515446186065673828125">
        <ele>14.80000019073486328125</ele>
        <time>2026-09-21T10:40:04.000Z</time>
        <extensions>
          <ns3:TrackPointExtension>
            <ns3:hr>138</ns3:hr>
            <ns3:cad>88</ns3:cad>
          </ns3:TrackPointExtension>
        </extensions>
      </trkpt>
      <trkpt lat="31.2161050736904144287109375" lon="121.3863571174442768096923828125">
        <ele>15</ele>
        <time>2026-09-21T10:40:05.000Z</time>
        <extensions>
          <ns3:TrackPointExtension>
            <ns3:hr>138</ns3:hr>
            <ns3:cad>88</ns3:cad>
          </ns3:TrackPointExtension>
        </extensions>
      </trkpt>
      <trkpt lat="31.2160997092723846435546875" lon="121.38638167642056941986083984375">
        <ele>15</ele>
        <time>2026-09-21T10:40:06.000Z</time>
        <extensions>
          <ns3:TrackPointExtension>
            <ns3:hr>138</ns3:hr>
            <ns3:cad>88</ns3:cad>
          </ns3:TrackPointExtension>
        </extensions>
      </trkpt>
      <trkpt lat="31.21609233319759368896484375" lon="121.38641922734677791595458984375">
        <ele>15</ele>
        <time>2026-09-21T10:40:07.000Z</time>
        <extensions>
          <ns3:TrackPointExtension>
            <ns3:hr>138</ns3:hr>
            <ns3:cad>87</ns3:cad>
          </ns3:TrackPointExtension>
        </extensions>
      </trkpt>
      <trkpt lat="31.21608923189342021942138671875" lon="121.3864406011998653411865234375">
        <ele>15</ele>
        <time>2026-09-21T10:40:08.000Z</time>
        <extensions>
          <ns3:TrackPointExtension>
            <ns3:hr>138</ns3:hr>
            <ns3:cad>87</ns3:cad>
          </ns3:TrackPointExtension>
        </extensions>
      </trkpt>
      <trkpt lat="31.2160814367234706878662109375" lon="121.386472620069980621337890625">
        <ele>15</ele>
        <time>2026-09-21T10:40:09.000Z</time>
        <extensions>
          <ns3:TrackPointExtension>
            <ns3:hr>138</ns3:hr>
            <ns3:cad>87</ns3:cad>
          </ns3:TrackPointExtension>
        </extensions>
      </trkpt>
      <trkpt lat="31.2160742282867431640625" lon="121.38649734668433666229248046875">
        <ele>15</ele>
        <time>2026-09-21T10:40:10.000Z</time>
        <extensions>
          <ns3:TrackPointExtension>
            <ns3:hr>138</ns3:hr>
            <ns3:cad>88</ns3:cad>
          </ns3:TrackPointExtension>
        </extensions>
      </trkpt>
      <trkpt lat="31.21606844477355480194091796875" lon="121.38652316294610500335693359375">
        <ele>15</ele>
        <time>2026-09-21T10:40:11.000Z</time>
        <extensions>
          <ns3:TrackPointExtension>
            <ns3:hr>138</ns3:hr>
            <ns3:cad>88</ns3:cad>
          </ns3:TrackPointExtension>
        </extensions>
      </trkpt>
      <trkpt lat="31.2160623259842395782470703125" lon="121.3865512423217296600341796875">
        <ele>15</ele>
        <time>2026-09-21T10:40:12.000Z</time>
        <extensions>
          <ns3:TrackPointExtension>
            <ns3:hr>138</ns3:hr>
            <ns3:cad>87</ns3:cad>
          </ns3:TrackPointExtension>
        </extensions>
      </trkpt>
      <trkpt lat="31.21605939231812953948974609375" lon="121.386577226221561431884765625">
        <ele>15</ele>
        <time>2026-09-21T10:40:13.000Z</time>
        <extensions>
          <ns3:TrackPointExtension>
            <ns3:hr>138</ns3:hr>
            <ns3:cad>87</ns3:cad>
          </ns3:TrackPointExtension>
        </extensions>
      </trkpt>
      <trkpt lat="31.21606023050844669342041015625" lon="121.38660865835845470428466796875">
        <ele>15</ele>
        <time>2026-09-21T10:40:14.000Z</time>
        <extensions>
          <ns3:TrackPointExtension>
            <ns3:hr>138</ns3:hr>
            <ns3:cad>87</ns3:cad>
          </ns3:TrackPointExtension>
        </extensions>
      </trkpt>
      <trkpt lat="31.216055452823638916015625" lon="121.38662994839251041412353515625">
        <ele>15.19999980926513671875</ele>
        <time>2026-09-21T10:40:15.000Z</time>
        <extensions>
          <ns3:TrackPointExtension>
            <ns3:hr>138</ns3:hr>
            <ns3:cad>87</ns3:cad>
          </ns3:TrackPointExtension>
        </extensions>
      </trkpt>
      <trkpt lat="31.21604631654918193817138671875" lon="121.3866618834435939788818359375">
        <ele>15.19999980926513671875</ele>
        <time>2026-09-21T10:40:16.000Z</time>
        <extensions>
          <ns3:TrackPointExtension>
            <ns3:hr>138</ns3:hr>
            <ns3:cad>87</ns3:cad>
          </ns3:TrackPointExtension>
        </extensions>
      </trkpt>
      <trkpt lat="31.2160391919314861297607421875" lon="121.38668040744960308074951171875">
        <ele>15</ele>
        <time>2026-09-21T10:40:17.000Z</time>
        <extensions>
          <ns3:TrackPointExtension>
            <ns3:hr>138</ns3:hr>
            <ns3:cad>88</ns3:cad>
          </ns3:TrackPointExtension>
        </extensions>
      </trkpt>
      <trkpt lat="31.21603324078023433685302734375" lon="121.386710666120052337646484375">
        <ele>15</ele>
        <time>2026-09-21T10:40:18.000Z</time>
        <extensions>
          <ns3:TrackPointExtension>
            <ns3:hr>139</ns3:hr>
            <ns3:cad>88</ns3:cad>
          </ns3:TrackPointExtension>
        </extensions>
      </trkpt>
      <trkpt lat="31.21603055857121944427490234375" lon="121.38673488982021808624267578125">
        <ele>15</ele>
        <time>2026-09-21T10:40:19.000Z</time>
        <extensions>
          <ns3:TrackPointExtension>
            <ns3:hr>139</ns3:hr>
            <ns3:cad>87</ns3:cad>
          </ns3:TrackPointExtension>
        </extensions>
      </trkpt>
      <trkpt lat="31.21603064239025115966796875" lon="121.3867698423564434051513671875">
        <ele>15</ele>
        <time>2026-09-21T10:40:20.000Z</time>
        <extensions>
          <ns3:TrackPointExtension>
            <ns3:hr>139</ns3:hr>
            <ns3:cad>87</ns3:cad>
          </ns3:TrackPointExtension>
        </extensions>
      </trkpt>
      <trkpt lat="31.21602703817188739776611328125" lon="121.386795155704021453857421875">
        <ele>15</ele>
        <time>2026-09-21T10:40:21.000Z</time>
        <extensions>
          <ns3:TrackPointExtension>
            <ns3:hr>140</ns3:hr>
            <ns3:cad>87</ns3:cad>
          </ns3:TrackPointExtension>
        </extensions>
      </trkpt>
      <trkpt lat="31.2160194106400012969970703125" lon="121.38682189397513866424560546875">
        <ele>15</ele>
        <time>2026-09-21T10:40:22.000Z</time>
        <extensions>
          <ns3:TrackPointExtension>
            <ns3:hr>140</ns3:hr>
            <ns3:cad>87</ns3:cad>
          </ns3:TrackPointExtension>
        </extensions>
      </trkpt>
      <trkpt lat="31.2160138785839080810546875" lon="121.3868499733507633209228515625">
        <ele>15</ele>
        <time>2026-09-21T10:40:23.000Z</time>
        <extensions>
          <ns3:TrackPointExtension>
            <ns3:hr>140</ns3:hr>
            <ns3:cad>88</ns3:cad>
          </ns3:TrackPointExtension>
        </extensions>
      </trkpt>
      <trkpt lat="31.21600574813783168792724609375" lon="121.386876292526721954345703125">
        <ele>15</ele>
        <time>2026-09-21T10:40:24.000Z</time>
        <extensions>
          <ns3:TrackPointExtension>
            <ns3:hr>140</ns3:hr>
            <ns3:cad>88</ns3:cad>
          </ns3:TrackPointExtension>
        </extensions>
      </trkpt>
      <trkpt lat="31.21600105427205562591552734375" lon="121.38690722174942493438720703125">
        <ele>14.80000019073486328125</ele>
        <time>2026-09-21T10:40:25.000Z</time>
        <extensions>
          <ns3:TrackPointExtension>
            <ns3:hr>141</ns3:hr>
            <ns3:cad>88</ns3:cad>
          </ns3:TrackPointExtension>
        </extensions>
      </trkpt>
      <trkpt lat="31.215992085635662078857421875" lon="121.386925242841243743896484375">
        <ele>14.80000019073486328125</ele>
        <time>2026-09-21T10:40:26.000Z</time>
        <extensions>
          <ns3:TrackPointExtension>
            <ns3:hr>141</ns3:hr>
            <ns3:cad>87</ns3:cad>
          </ns3:TrackPointExtension>
        </extensions>
      </trkpt>
      <trkpt lat="31.21598093770444393157958984375" lon="121.38695131056010723114013671875">
        <ele>14.80000019073486328125</ele>
        <time>2026-09-21T10:40:27.000Z</time>
        <extensions>
          <ns3:TrackPointExtension>
            <ns3:hr>141</ns3:hr>
            <ns3:cad>87</ns3:cad>
          </ns3:TrackPointExtension>
        </extensions>
      </trkpt>
      <trkpt lat="31.21597456745803356170654296875" lon="121.38697327114641666412353515625">
        <ele>14.80000019073486328125</ele>
        <time>2026-09-21T10:40:28.000Z</time>
        <extensions>
          <ns3:TrackPointExtension>
            <ns3:hr>141</ns3:hr>
            <ns3:cad>87</ns3:cad>
          </ns3:TrackPointExtension>
        </extensions>
      </trkpt>
      <trkpt lat="31.215963922441005706787109375" lon="121.386999003589153289794921875">
        <ele>15</ele>
        <time>2026-09-21T10:40:29.000Z</time>
        <extensions>
          <ns3:TrackPointExtension>
            <ns3:hr>141</ns3:hr>
            <ns3:cad>88</ns3:cad>
          </ns3:TrackPointExtension>
        </extensions>
      </trkpt>
      <trkpt lat="31.21596283279359340667724609375" lon="121.38702389784157276153564453125">
        <ele>15.19999980926513671875</ele>
        <time>2026-09-21T10:40:30.000Z</time>
        <extensions>
          <ns3:TrackPointExtension>
            <ns3:hr>141</ns3:hr>
            <ns3:cad>88</ns3:cad>
          </ns3:TrackPointExtension>
        </extensions>
      </trkpt>
      <trkpt lat="31.21596300043165683746337890625" lon="121.3870511390268802642822265625">
        <ele>15.19999980926513671875</ele>
        <time>2026-09-21T10:40:31.000Z</time>
        <extensions>
          <ns3:TrackPointExtension>
            <ns3:hr>141</ns3:hr>
            <ns3:cad>87</ns3:cad>
          </ns3:TrackPointExtension>
        </extensions>
      </trkpt>
      <trkpt lat="31.2159583903849124908447265625" lon="121.38707653619349002838134765625">
        <ele>15.19999980926513671875</ele>
        <time>2026-09-21T10:40:32.000Z</time>
        <extensions>
          <ns3:TrackPointExtension>
            <ns3:hr>141</ns3:hr>
            <ns3:cad>86</ns3:cad>
          </ns3:TrackPointExtension>
        </extensions>
      </trkpt>
      <trkpt lat="31.21595964767038822174072265625" lon="121.38709648512303829193115234375">
        <ele>15.19999980926513671875</ele>
        <time>2026-09-21T10:40:33.000Z</time>
        <extensions>
          <ns3:TrackPointExtension>
            <ns3:hr>142</ns3:hr>
            <ns3:cad>86</ns3:cad>
          </ns3:TrackPointExtension>
        </extensions>
      </trkpt>
      <trkpt lat="31.215971298515796661376953125" lon="121.38712649233639240264892578125">
        <ele>15</ele>
        <time>2026-09-21T10:40:34.000Z</time>
        <extensions>
          <ns3:TrackPointExtension>
            <ns3:hr>142</ns3:hr>
            <ns3:cad>86</ns3:cad>
          </ns3:TrackPointExtension>
        </extensions>
      </trkpt>
      <trkpt lat="31.215980686247348785400390625" lon="121.38714225031435489654541015625">
        <ele>15</ele>
        <time>2026-09-21T10:40:35.000Z</time>
        <extensions>
          <ns3:TrackPointExtension>
            <ns3:hr>142</ns3:hr>
            <ns3:cad>86</ns3:cad>
          </ns3:TrackPointExtension>
        </extensions>
      </trkpt>
      <trkpt lat="31.21599921025335788726806640625" lon="121.38716622255742549896240234375">
        <ele>15</ele>
        <time>2026-09-21T10:40:36.000Z</time>
        <extensions>
          <ns3:TrackPointExtension>
            <ns3:hr>142</ns3:hr>
            <ns3:cad>86</ns3:cad>
          </ns3:TrackPointExtension>
        </extensions>
      </trkpt>
      <trkpt lat="31.2160137109458446502685546875" lon="121.38718013651669025421142578125">
        <ele>15</ele>
        <time>2026-09-21T10:40:37.000Z</time>
        <extensions>
          <ns3:TrackPointExtension>
            <ns3:hr>143</ns3:hr>
            <ns3:cad>86</ns3:cad>
          </ns3:TrackPointExtension>
        </extensions>
      </trkpt>
      <trkpt lat="31.21603374369442462921142578125" lon="121.38719153590500354766845703125">
        <ele>15</ele>
        <time>2026-09-21T10:40:38.000Z</time>
        <extensions>
          <ns3:TrackPointExtension>
            <ns3:hr>142</ns3:hr>
            <ns3:cad>85</ns3:cad>
          </ns3:TrackPointExtension>
        </extensions>
      </trkpt>
      <trkpt lat="31.2160542793571949005126953125" lon="121.38720779679715633392333984375">
        <ele>14.80000019073486328125</ele>
        <time>2026-09-21T10:40:39.000Z</time>
        <extensions>
          <ns3:TrackPointExtension>
            <ns3:hr>142</ns3:hr>
            <ns3:cad>85</ns3:cad>
          </ns3:TrackPointExtension>
        </extensions>
      </trkpt>
      <trkpt lat="31.2160754017531871795654296875" lon="121.38721567578613758087158203125">
        <ele>14.80000019073486328125</ele>
        <time>2026-09-21T10:40:40.000Z</time>
        <extensions>
          <ns3:TrackPointExtension>
            <ns3:hr>142</ns3:hr>
            <ns3:cad>85</ns3:cad>
          </ns3:TrackPointExtension>
        </extensions>
      </trkpt>
      <trkpt lat="31.21609727852046489715576171875" lon="121.38722925446927547454833984375">
        <ele>14.80000019073486328125</ele>
        <time>2026-09-21T10:40:41.000Z</time>
        <extensions>
          <ns3:TrackPointExtension>
            <ns3:hr>143</ns3:hr>
            <ns3:cad>86</ns3:cad>
          </ns3:TrackPointExtension>
        </extensions>
      </trkpt>
      <trkpt lat="31.21611353941261768341064453125" lon="121.38723948039114475250244140625">
        <ele>14.80000019073486328125</ele>
        <time>2026-09-21T10:40:42.000Z</time>
        <extensions>
          <ns3:TrackPointExtension>
            <ns3:hr>143</ns3:hr>
            <ns3:cad>87</ns3:cad>
          </ns3:TrackPointExtension>
        </extensions>
      </trkpt>
      <trkpt lat="31.2161318957805633544921875" lon="121.387254483997821807861328125">
        <ele>14.6000003814697265625</ele>
        <time>2026-09-21T10:40:43.000Z</time>
        <extensions>
          <ns3:TrackPointExtension>
            <ns3:hr>143</ns3:hr>
            <ns3:cad>87</ns3:cad>
          </ns3:TrackPointExtension>
        </extensions>
      </trkpt>
      <trkpt lat="31.21615000069141387939453125" lon="121.3872747682034969329833984375">
        <ele>14.3999996185302734375</ele>
        <time>2026-09-21T10:40:44.000Z</time>
        <extensions>
          <ns3:TrackPointExtension>
            <ns3:hr>144</ns3:hr>
            <ns3:cad>87</ns3:cad>
          </ns3:TrackPointExtension>
        </extensions>
      </trkpt>
      <trkpt lat="31.21617657132446765899658203125" lon="121.3873022608458995819091796875">
        <ele>14.3999996185302734375</ele>
        <time>2026-09-21T10:40:45.000Z</time>
        <extensions>
          <ns3:TrackPointExtension>
            <ns3:hr>144</ns3:hr>
            <ns3:cad>86</ns3:cad>
          </ns3:TrackPointExtension>
        </extensions>
      </trkpt>
      <trkpt lat="31.216197945177555084228515625" lon="121.3873153366148471832275390625">
        <ele>14.3999996185302734375</ele>
        <time>2026-09-21T10:40:46.000Z</time>
        <extensions>
          <ns3:TrackPointExtension>
            <ns3:hr>144</ns3:hr>
            <ns3:cad>86</ns3:cad>
          </ns3:TrackPointExtension>
        </extensions>
      </trkpt>
      <trkpt lat="31.21621831320226192474365234375" lon="121.387330926954746246337890625">
        <ele>14.19999980926513671875</ele>
        <time>2026-09-21T10:40:47.000Z</time>
        <extensions>
          <ns3:TrackPointExtension>
            <ns3:hr>144</ns3:hr>
            <ns3:cad>86</ns3:cad>
          </ns3:TrackPointExtension>
        </extensions>
      </trkpt>
      <trkpt lat="31.21624077670276165008544921875" lon="121.38734609819948673248291015625">
        <ele>14.19999980926513671875</ele>
        <time>2026-09-21T10:40:48.000Z</time>
        <extensions>
          <ns3:TrackPointExtension>
            <ns3:hr>144</ns3:hr>
            <ns3:cad>87</ns3:cad>
          </ns3:TrackPointExtension>
        </extensions>
      </trkpt>
      <trkpt lat="31.21626173146069049835205078125" lon="121.387347020208835601806640625">
        <ele>14.19999980926513671875</ele>
        <time>2026-09-21T10:40:49.000Z</time>
        <extensions>
          <ns3:TrackPointExtension>
            <ns3:hr>144</ns3:hr>
            <ns3:cad>87</ns3:cad>
          </ns3:TrackPointExtension>
        </extensions>
      </trkpt>
      <trkpt lat="31.2162842787802219390869140625" lon="121.38735464774072170257568359375">
        <ele>14.19999980926513671875</ele>
        <time>2026-09-21T10:40:50.000Z</time>
        <extensions>
          <ns3:TrackPointExtension>
            <ns3:hr>143</ns3:hr>
            <ns3:cad>86</ns3:cad>
          </ns3:TrackPointExtension>
        </extensions>
      </trkpt>
      <trkpt lat="31.216302551329135894775390625" lon="121.3873639516532421112060546875">
        <ele>14.19999980926513671875</ele>
        <time>2026-09-21T10:40:51.000Z</time>
        <extensions>
          <ns3:TrackPointExtension>
            <ns3:hr>144</ns3:hr>
            <ns3:cad>86</ns3:cad>
          </ns3:TrackPointExtension>
        </extensions>
      </trkpt>
      <trkpt lat="31.2163285352289676666259765625" lon="121.387373842298984527587890625">
        <ele>14.19999980926513671875</ele>
        <time>2026-09-21T10:40:52.000Z</time>
        <extensions>
          <ns3:TrackPointExtension>
            <ns3:hr>144</ns3:hr>
            <ns3:cad>86</ns3:cad>
          </ns3:TrackPointExtension>
        </extensions>
      </trkpt>
      <trkpt lat="31.2163463048636913299560546875" lon="121.3873828947544097900390625">
        <ele>14.19999980926513671875</ele>
        <time>2026-09-21T10:40:53.000Z</time>
        <extensions>
          <ns3:TrackPointExtension>
            <ns3:hr>144</ns3:hr>
            <ns3:cad>86</ns3:cad>
          </ns3:TrackPointExtension>
        </extensions>
      </trkpt>
      <trkpt lat="31.2163734622299671173095703125" lon="121.3873941265046596527099609375">
        <ele>14.19999980926513671875</ele>
        <time>2026-09-21T10:40:54.000Z</time>
        <extensions>
          <ns3:TrackPointExtension>
            <ns3:hr>143</ns3:hr>
            <ns3:cad>86</ns3:cad>
          </ns3:TrackPointExtension>
        </extensions>
      </trkpt>
      <trkpt lat="31.21639315970242023468017578125" lon="121.387400329113006591796875">
        <ele>14.3999996185302734375</ele>
        <time>2026-09-21T10:40:55.000Z</time>
        <extensions>
          <ns3:TrackPointExtension>
            <ns3:hr>143</ns3:hr>
            <ns3:cad>88</ns3:cad>
          </ns3:TrackPointExtension>
        </extensions>
      </trkpt>
      <trkpt lat="31.21641344390809535980224609375" lon="121.38740661554038524627685546875">
        <ele>14.19999980926513671875</ele>
        <time>2026-09-21T10:40:56.000Z</time>
        <extensions>
          <ns3:TrackPointExtension>
            <ns3:hr>143</ns3:hr>
            <ns3:cad>88</ns3:cad>
          </ns3:TrackPointExtension>
        </extensions>
      </trkpt>
      <trkpt lat="31.21643339283764362335205078125" lon="121.38742052949965000152587890625">
        <ele>14.19999980926513671875</ele>
        <time>2026-09-21T10:40:57.000Z</time>
        <extensions>
          <ns3:TrackPointExtension>
            <ns3:hr>143</ns3:hr>
            <ns3:cad>87</ns3:cad>
          </ns3:TrackPointExtension>
        </extensions>
      </trkpt>
      <trkpt lat="31.2164515815675258636474609375" lon="121.38742321170866489410400390625">
        <ele>14.19999980926513671875</ele>
        <time>2026-09-21T10:40:58.000Z</time>
        <extensions>
          <ns3:TrackPointExtension>
            <ns3:hr>143</ns3:hr>
            <ns3:cad>87</ns3:cad>
          </ns3:TrackPointExtension>
        </extensions>
      </trkpt>
      <trkpt lat="31.21647295542061328887939453125" lon="121.3874353654682636260986328125">
        <ele>14.19999980926513671875</ele>
        <time>2026-09-21T10:40:59.000Z</time>
        <extensions>
          <ns3:TrackPointExtension>
            <ns3:hr>144</ns3:hr>
            <ns3:cad>86</ns3:cad>
          </ns3:TrackPointExtension>
        </extensions>
      </trkpt>
      <trkpt lat="31.2164871208369731903076171875" lon="121.38744349591434001922607421875">
        <ele>14.19999980926513671875</ele>
        <time>2026-09-21T10:41:00.000Z</time>
        <extensions>
          <ns3:TrackPointExtension>
            <ns3:hr>143</ns3:hr>
            <ns3:cad>86</ns3:cad>
          </ns3:TrackPointExtension>
        </extensions>
      </trkpt>
      <trkpt lat="31.2165069021284580230712890625" lon="121.38745606876909732818603515625">
        <ele>14.19999980926513671875</ele>
        <time>2026-09-21T10:41:01.000Z</time>
        <extensions>
          <ns3:TrackPointExtension>
            <ns3:hr>143</ns3:hr>
            <ns3:cad>88</ns3:cad>
          </ns3:TrackPointExtension>
        </extensions>
      </trkpt>
      <trkpt lat="31.2165250070393085479736328125" lon="121.38746260665357112884521484375">
        <ele>14.19999980926513671875</ele>
        <time>2026-09-21T10:41:02.000Z</time>
        <extensions>
          <ns3:TrackPointExtension>
            <ns3:hr>144</ns3:hr>
            <ns3:cad>88</ns3:cad>
          </ns3:TrackPointExtension>
        </extensions>
      </trkpt>
      <trkpt lat="31.21654923073947429656982421875" lon="121.38747149147093296051025390625">
        <ele>14.19999980926513671875</ele>
        <time>2026-09-21T10:41:03.000Z</time>
        <extensions>
          <ns3:TrackPointExtension>
            <ns3:hr>143</ns3:hr>
            <ns3:cad>88</ns3:cad>
          </ns3:TrackPointExtension>
        </extensions>
      </trkpt>
      <trkpt lat="31.21656616218388080596923828125" lon="121.387476436793804168701171875">
        <ele>14.19999980926513671875</ele>
        <time>2026-09-21T10:41:04.000Z</time>
        <extensions>
          <ns3:TrackPointExtension>
            <ns3:hr>143</ns3:hr>
            <ns3:cad>87</ns3:cad>
          </ns3:TrackPointExtension>
        </extensions>
      </trkpt>
      <trkpt lat="31.21659114025533199310302734375" lon="121.3874846510589122772216796875">
        <ele>14.3999996185302734375</ele>
        <time>2026-09-21T10:41:05.000Z</time>
        <extensions>
          <ns3:TrackPointExtension>
            <ns3:hr>143</ns3:hr>
            <ns3:cad>87</ns3:cad>
          </ns3:TrackPointExtension>
        </extensions>
      </trkpt>
      <trkpt lat="31.21661427430808544158935546875" lon="121.3874920271337032318115234375">
        <ele>14.3999996185302734375</ele>
        <time>2026-09-21T10:41:06.000Z</time>
        <extensions>
          <ns3:TrackPointExtension>
            <ns3:hr>144</ns3:hr>
            <ns3:cad>87</ns3:cad>
          </ns3:TrackPointExtension>
        </extensions>
      </trkpt>
      <trkpt lat="31.2166406773030757904052734375" lon="121.38749982230365276336669921875">
        <ele>14.19999980926513671875</ele>
        <time>2026-09-21T10:41:07.000Z</time>
        <extensions>
          <ns3:TrackPointExtension>
            <ns3:hr>143</ns3:hr>
            <ns3:cad>87</ns3:cad>
          </ns3:TrackPointExtension>
        </extensions>
      </trkpt>
      <trkpt lat="31.21666540391743183135986328125" lon="121.3875094614923000335693359375">
        <ele>14.19999980926513671875</ele>
        <time>2026-09-21T10:41:08.000Z</time>
        <extensions>
          <ns3:TrackPointExtension>
            <ns3:hr>144</ns3:hr>
            <ns3:cad>88</ns3:cad>
          </ns3:TrackPointExtension>
        </extensions>
      </trkpt>
      <trkpt lat="31.21668912470340728759765625" lon="121.3875188492238521575927734375">
        <ele>14.19999980926513671875</ele>
        <time>2026-09-21T10:41:09.000Z</time>
        <extensions>
          <ns3:TrackPointExtension>
            <ns3:hr>144</ns3:hr>
            <ns3:cad>88</ns3:cad>
          </ns3:TrackPointExtension>
        </extensions>
      </trkpt>
      <trkpt lat="31.21671401895582675933837890625" lon="121.3875352777540683746337890625">
        <ele>14.19999980926513671875</ele>
        <time>2026-09-21T10:41:10.000Z</time>
        <extensions>
          <ns3:TrackPointExtension>
            <ns3:hr>144</ns3:hr>
            <ns3:cad>87</ns3:cad>
          </ns3:TrackPointExtension>
        </extensions>
      </trkpt>
      <trkpt lat="31.21673681773245334625244140625" lon="121.3875396363437175750732421875">
        <ele>14.3999996185302734375</ele>
        <time>2026-09-21T10:41:11.000Z</time>
        <extensions>
          <ns3:TrackPointExtension>
            <ns3:hr>144</ns3:hr>
            <ns3:cad>87</ns3:cad>
          </ns3:TrackPointExtension>
        </extensions>
      </trkpt>
      <trkpt lat="31.21676531620323657989501953125" lon="121.3875517062842845916748046875">
        <ele>14.3999996185302734375</ele>
        <time>2026-09-21T10:41:12.000Z</time>
        <extensions>
          <ns3:TrackPointExtension>
            <ns3:hr>144</ns3:hr>
            <ns3:cad>87</ns3:cad>
          </ns3:TrackPointExtension>
        </extensions>
      </trkpt>
      <trkpt lat="31.21678769588470458984375" lon="121.38755832798779010772705078125">
        <ele>14.3999996185302734375</ele>
        <time>2026-09-21T10:41:13.000Z</time>
        <extensions>
          <ns3:TrackPointExtension>
            <ns3:hr>144</ns3:hr>
            <ns3:cad>87</ns3:cad>
          </ns3:TrackPointExtension>
        </extensions>
      </trkpt>
      <trkpt lat="31.2168140150606632232666015625" lon="121.3875644467771053314208984375">
        <ele>14.6000003814697265625</ele>
        <time>2026-09-21T10:41:14.000Z</time>
        <extensions>
          <ns3:TrackPointExtension>
            <ns3:hr>144</ns3:hr>
            <ns3:cad>87</ns3:cad>
          </ns3:TrackPointExtension>
        </extensions>
      </trkpt>
      <trkpt lat="31.2168334610760211944580078125" lon="121.387581042945384979248046875">
        <ele>14.6000003814697265625</ele>
        <time>2026-09-21T10:41:15.000Z</time>
        <extensions>
          <ns3:TrackPointExtension>
            <ns3:hr>143</ns3:hr>
            <ns3:cad>87</ns3:cad>
          </ns3:TrackPointExtension>
        </extensions>
      </trkpt>
      <trkpt lat="31.2168552540242671966552734375" lon="121.3875929452478885650634765625">
        <ele>14.80000019073486328125</ele>
        <time>2026-09-21T10:41:16.000Z</time>
        <extensions>
          <ns3:TrackPointExtension>
            <ns3:hr>144</ns3:hr>
            <ns3:cad>87</ns3:cad>
          </ns3:TrackPointExtension>
        </extensions>
      </trkpt>
      <trkpt lat="31.21687428094446659088134765625" lon="121.387599147856235504150390625">
        <ele>15</ele>
        <time>2026-09-21T10:41:17.000Z</time>
        <extensions>
          <ns3:TrackPointExtension>
            <ns3:hr>144</ns3:hr>
            <ns3:cad>87</ns3:cad>
          </ns3:TrackPointExtension>
        </extensions>
      </trkpt>
      <trkpt lat="31.2168951518833637237548828125" lon="121.38760593719780445098876953125">
        <ele>15</ele>
        <time>2026-09-21T10:41:18.000Z</time>
        <extensions>
          <ns3:TrackPointExtension>
            <ns3:hr>143</ns3:hr>
            <ns3:cad>87</ns3:cad>
          </ns3:TrackPointExtension>
        </extensions>
      </trkpt>
      <trkpt lat="31.2169156037271022796630859375" lon="121.3876174204051494598388671875">
        <ele>15</ele>
        <time>2026-09-21T10:41:19.000Z</time>
        <extensions>
          <ns3:TrackPointExtension>
            <ns3:hr>143</ns3:hr>
            <ns3:cad>86</ns3:cad>
          </ns3:TrackPointExtension>
        </extensions>
      </trkpt>
      <trkpt lat="31.21693865396082401275634765625" lon="121.3876247964799404144287109375">
        <ele>15</ele>
        <time>2026-09-21T10:41:20.000Z</time>
        <extensions>
          <ns3:TrackPointExtension>
            <ns3:hr>143</ns3:hr>
            <ns3:cad>86</ns3:cad>
          </ns3:TrackPointExtension>
        </extensions>
      </trkpt>
      <trkpt lat="31.21696162037551403045654296875" lon="121.387636698782444000244140625">
        <ele>14.80000019073486328125</ele>
        <time>2026-09-21T10:41:21.000Z</time>
        <extensions>
          <ns3:TrackPointExtension>
            <ns3:hr>143</ns3:hr>
            <ns3:cad>87</ns3:cad>
          </ns3:TrackPointExtension>
        </extensions>
      </trkpt>
      <trkpt lat="31.21698307804763317108154296875" lon="121.38764441013336181640625">
        <ele>14.80000019073486328125</ele>
        <time>2026-09-21T10:41:22.000Z</time>
        <extensions>
          <ns3:TrackPointExtension>
            <ns3:hr>142</ns3:hr>
            <ns3:cad>87</ns3:cad>
          </ns3:TrackPointExtension>
        </extensions>
      </trkpt>
      <trkpt lat="31.21701057069003582000732421875" lon="121.38765924610197544097900390625">
        <ele>14.80000019073486328125</ele>
        <time>2026-09-21T10:41:23.000Z</time>
        <extensions>
          <ns3:TrackPointExtension>
            <ns3:hr>143</ns3:hr>
            <ns3:cad>86</ns3:cad>
          </ns3:TrackPointExtension>
        </extensions>
      </trkpt>
      <trkpt lat="31.21702976524829864501953125" lon="121.38766922056674957275390625">
        <ele>14.80000019073486328125</ele>
        <time>2026-09-21T10:41:24.000Z</time>
        <extensions>
          <ns3:TrackPointExtension>
            <ns3:hr>143</ns3:hr>
            <ns3:cad>86</ns3:cad>
          </ns3:TrackPointExtension>
        </extensions>
      </trkpt>
      <trkpt lat="31.21705147437751293182373046875" lon="121.3876804523169994354248046875">
        <ele>14.80000019073486328125</ele>
        <time>2026-09-21T10:41:25.000Z</time>
        <extensions>
          <ns3:TrackPointExtension>
            <ns3:hr>142</ns3:hr>
            <ns3:cad>86</ns3:cad>
          </ns3:TrackPointExtension>
        </extensions>
      </trkpt>
      <trkpt lat="31.21707226149737834930419921875" lon="121.3876908458769321441650390625">
        <ele>15</ele>
        <time>2026-09-21T10:41:26.000Z</time>
        <extensions>
          <ns3:TrackPointExtension>
            <ns3:hr>143</ns3:hr>
            <ns3:cad>86</ns3:cad>
          </ns3:TrackPointExtension>
        </extensions>
      </trkpt>
      <trkpt lat="31.21709547936916351318359375" lon="121.387702412903308868408203125">
        <ele>15</ele>
        <time>2026-09-21T10:41:27.000Z</time>
        <extensions>
          <ns3:TrackPointExtension>
            <ns3:hr>143</ns3:hr>
            <ns3:cad>87</ns3:cad>
          </ns3:TrackPointExtension>
        </extensions>
      </trkpt>
      <trkpt lat="31.21711584739387035369873046875" lon="121.38771657831966876983642578125">
        <ele>15</ele>
        <time>2026-09-21T10:41:28.000Z</time>
        <extensions>
          <ns3:TrackPointExtension>
            <ns3:hr>142</ns3:hr>
            <ns3:cad>87</ns3:cad>
          </ns3:TrackPointExtension>
        </extensions>
      </trkpt>
      <trkpt lat="31.21713093481957912445068359375" lon="121.3877280615270137786865234375">
        <ele>15</ele>
        <time>2026-09-21T10:41:29.000Z</time>
        <extensions>
          <ns3:TrackPointExtension>
            <ns3:hr>143</ns3:hr>
            <ns3:cad>86</ns3:cad>
          </ns3:TrackPointExtension>
        </extensions>
      </trkpt>
      <trkpt lat="31.2171549908816814422607421875" lon="121.38774298131465911865234375">
        <ele>15</ele>
        <time>2026-09-21T10:41:30.000Z</time>
        <extensions>
          <ns3:TrackPointExtension>
            <ns3:hr>143</ns3:hr>
            <ns3:cad>85</ns3:cad>
          </ns3:TrackPointExtension>
        </extensions>
      </trkpt>
      <trkpt lat="31.217170245945453643798828125" lon="121.3877495191991329193115234375">
        <ele>15</ele>
        <time>2026-09-21T10:41:31.000Z</time>
        <extensions>
          <ns3:TrackPointExtension>
            <ns3:hr>143</ns3:hr>
            <ns3:cad>85</ns3:cad>
          </ns3:TrackPointExtension>
        </extensions>
      </trkpt>
      <trkpt lat="31.21719379909336566925048828125" lon="121.38776351697742938995361328125">
        <ele>15</ele>
        <time>2026-09-21T10:41:32.000Z</time>
        <extensions>
          <ns3:TrackPointExtension>
            <ns3:hr>143</ns3:hr>
            <ns3:cad>86</ns3:cad>
          </ns3:TrackPointExtension>
        </extensions>
      </trkpt>
      <trkpt lat="31.2172106467187404632568359375" lon="121.38777290470898151397705078125">
        <ele>15.19999980926513671875</ele>
        <time>2026-09-21T10:41:33.000Z</time>
        <extensions>
          <ns3:TrackPointExtension>
            <ns3:hr>144</ns3:hr>
            <ns3:cad>87</ns3:cad>
          </ns3:TrackPointExtension>
        </extensions>
      </trkpt>
      <trkpt lat="31.21723285876214504241943359375" lon="121.38778589665889739990234375">
        <ele>15.19999980926513671875</ele>
        <time>2026-09-21T10:41:34.000Z</time>
        <extensions>
          <ns3:TrackPointExtension>
            <ns3:hr>144</ns3:hr>
            <ns3:cad>87</ns3:cad>
          </ns3:TrackPointExtension>
        </extensions>
      </trkpt>
      <trkpt lat="31.217256076633930206298828125" lon="121.38779855333268642425537109375">
        <ele>15.19999980926513671875</ele>
        <time>2026-09-21T10:41:35.000Z</time>
        <extensions>
          <ns3:TrackPointExtension>
            <ns3:hr>144</ns3:hr>
            <ns3:cad>87</ns3:cad>
          </ns3:TrackPointExtension>
        </extensions>
      </trkpt>
      <trkpt lat="31.21728281490504741668701171875" lon="121.38780894689261913299560546875">
        <ele>15.19999980926513671875</ele>
        <time>2026-09-21T10:41:36.000Z</time>
        <extensions>
          <ns3:TrackPointExtension>
            <ns3:hr>144</ns3:hr>
            <ns3:cad>87</ns3:cad>
          </ns3:TrackPointExtension>
        </extensions>
      </trkpt>
      <trkpt lat="31.21730930171906948089599609375" lon="121.3878252916038036346435546875">
        <ele>15.19999980926513671875</ele>
        <time>2026-09-21T10:41:37.000Z</time>
        <extensions>
          <ns3:TrackPointExtension>
            <ns3:hr>144</ns3:hr>
            <ns3:cad>86</ns3:cad>
          </ns3:TrackPointExtension>
        </extensions>
      </trkpt>
      <trkpt lat="31.21733427979052066802978515625" lon="121.3878316618502140045166015625">
        <ele>15.3999996185302734375</ele>
        <time>2026-09-21T10:41:38.000Z</time>
        <extensions>
          <ns3:TrackPointExtension>
            <ns3:hr>144</ns3:hr>
            <ns3:cad>86</ns3:cad>
          </ns3:TrackPointExtension>
        </extensions>
      </trkpt>
      <trkpt lat="31.2173608504235744476318359375" lon="121.38783752918243408203125">
        <ele>15.3999996185302734375</ele>
        <time>2026-09-21T10:41:39.000Z</time>
        <extensions>
          <ns3:TrackPointExtension>
            <ns3:hr>145</ns3:hr>
            <ns3:cad>86</ns3:cad>
          </ns3:TrackPointExtension>
        </extensions>
      </trkpt>
      <trkpt lat="31.21737753041088581085205078125" lon="121.38784046284854412078857421875">
        <ele>15.3999996185302734375</ele>
        <time>2026-09-21T10:41:40.000Z</time>
        <extensions>
          <ns3:TrackPointExtension>
            <ns3:hr>144</ns3:hr>
            <ns3:cad>88</ns3:cad>
          </ns3:TrackPointExtension>
        </extensions>
      </trkpt>
      <trkpt lat="31.21740795671939849853515625" lon="121.38785018585622310638427734375">
        <ele>15.3999996185302734375</ele>
        <time>2026-09-21T10:41:41.000Z</time>
        <extensions>
          <ns3:TrackPointExtension>
            <ns3:hr>144</ns3:hr>
            <ns3:cad>88</ns3:cad>
          </ns3:TrackPointExtension>
        </extensions>
      </trkpt>
      <trkpt lat="31.217427738010883331298828125" lon="121.38785161077976226806640625">
        <ele>15.3999996185302734375</ele>
        <time>2026-09-21T10:41:42.000Z</time>
        <extensions>
          <ns3:TrackPointExtension>
            <ns3:hr>144</ns3:hr>
            <ns3:cad>87</ns3:cad>
          </ns3:TrackPointExtension>
        </extensions>
      </trkpt>
      <trkpt lat="31.21745078824460506439208984375" lon="121.3878618367016315460205078125">
        <ele>15.3999996185302734375</ele>
        <time>2026-09-21T10:41:43.000Z</time>
        <extensions>
          <ns3:TrackPointExtension>
            <ns3:hr>145</ns3:hr>
            <ns3:cad>87</ns3:cad>
          </ns3:TrackPointExtension>
        </extensions>
      </trkpt>
      <trkpt lat="31.21746704913675785064697265625" lon="121.38787248171865940093994140625">
        <ele>15.3999996185302734375</ele>
        <time>2026-09-21T10:41:44.000Z</time>
        <extensions>
          <ns3:TrackPointExtension>
            <ns3:hr>145</ns3:hr>
            <ns3:cad>87</ns3:cad>
          </ns3:TrackPointExtension>
        </extensions>
      </trkpt>
      <trkpt lat="31.2174845673143863677978515625" lon="121.387878097593784332275390625">
        <ele>15.3999996185302734375</ele>
        <time>2026-09-21T10:41:45.000Z</time>
        <extensions>
          <ns3:TrackPointExtension>
            <ns3:hr>145</ns3:hr>
            <ns3:cad>87</ns3:cad>
          </ns3:TrackPointExtension>
        </extensions>
      </trkpt>
      <trkpt lat="31.21751130558550357818603515625" lon="121.38788639567792415618896484375">
        <ele>15.6000003814697265625</ele>
        <time>2026-09-21T10:41:46.000Z</time>
        <extensions>
          <ns3:TrackPointExtension>
            <ns3:hr>145</ns3:hr>
            <ns3:cad>88</ns3:cad>
          </ns3:TrackPointExtension>
        </extensions>
      </trkpt>
      <trkpt lat="31.217537038028240203857421875" lon="121.38789008371531963348388671875">
        <ele>15.6000003814697265625</ele>
        <time>2026-09-21T10:41:47.000Z</time>
        <extensions>
          <ns3:TrackPointExtension>
            <ns3:hr>145</ns3:hr>
            <ns3:cad>88</ns3:cad>
          </ns3:TrackPointExtension>
        </extensions>
      </trkpt>
      <trkpt lat="31.2175643630325794219970703125" lon="121.38790148310363292694091796875">
        <ele>15.6000003814697265625</ele>
        <time>2026-09-21T10:41:48.000Z</time>
        <extensions>
          <ns3:TrackPointExtension>
            <ns3:hr>146</ns3:hr>
            <ns3:cad>88</ns3:cad>
          </ns3:TrackPointExtension>
        </extensions>
      </trkpt>
      <trkpt lat="31.21759160421788692474365234375" lon="121.38791003264486789703369140625">
        <ele>15.6000003814697265625</ele>
        <time>2026-09-21T10:41:49.000Z</time>
        <extensions>
          <ns3:TrackPointExtension>
            <ns3:hr>146</ns3:hr>
            <ns3:cad>87</ns3:cad>
          </ns3:TrackPointExtension>
        </extensions>
      </trkpt>
      <trkpt lat="31.21761926449835300445556640625" lon="121.38792495243251323699951171875">
        <ele>15.6000003814697265625</ele>
        <time>2026-09-21T10:41:50.000Z</time>
        <extensions>
          <ns3:TrackPointExtension>
            <ns3:hr>146</ns3:hr>
            <ns3:cad>87</ns3:cad>
          </ns3:TrackPointExtension>
        </extensions>
      </trkpt>
      <trkpt lat="31.21763586066663265228271484375" lon="121.38793341815471649169921875">
        <ele>15.6000003814697265625</ele>
        <time>2026-09-21T10:41:51.000Z</time>
        <extensions>
          <ns3:TrackPointExtension>
            <ns3:hr>146</ns3:hr>
            <ns3:cad>87</ns3:cad>
          </ns3:TrackPointExtension>
        </extensions>
      </trkpt>
      <trkpt lat="31.2176602520048618316650390625" lon="121.387944482266902923583984375">
        <ele>15.6000003814697265625</ele>
        <time>2026-09-21T10:41:52.000Z</time>
        <extensions>
          <ns3:TrackPointExtension>
            <ns3:hr>145</ns3:hr>
            <ns3:cad>87</ns3:cad>
          </ns3:TrackPointExtension>
        </extensions>
      </trkpt>
      <trkpt lat="31.21767793782055377960205078125" lon="121.387951187789440155029296875">
        <ele>15.6000003814697265625</ele>
        <time>2026-09-21T10:41:53.000Z</time>
        <extensions>
          <ns3:TrackPointExtension>
            <ns3:hr>146</ns3:hr>
            <ns3:cad>87</ns3:cad>
          </ns3:TrackPointExtension>
        </extensions>
      </trkpt>
      <trkpt lat="31.21770174242556095123291015625" lon="121.3879622519016265869140625">
        <ele>15.6000003814697265625</ele>
        <time>2026-09-21T10:41:54.000Z</time>
        <extensions>
          <ns3:TrackPointExtension>
            <ns3:hr>146</ns3:hr>
            <ns3:cad>87</ns3:cad>
          </ns3:TrackPointExtension>
        </extensions>
      </trkpt>
      <trkpt lat="31.217725463211536407470703125" lon="121.38796954415738582611083984375">
        <ele>15.6000003814697265625</ele>
        <time>2026-09-21T10:41:55.000Z</time>
        <extensions>
          <ns3:TrackPointExtension>
            <ns3:hr>146</ns3:hr>
            <ns3:cad>87</ns3:cad>
          </ns3:TrackPointExtension>
        </extensions>
      </trkpt>
      <trkpt lat="31.21774851344525814056396484375" lon="121.38798010535538196563720703125">
        <ele>15.6000003814697265625</ele>
        <time>2026-09-21T10:41:56.000Z</time>
        <extensions>
          <ns3:TrackPointExtension>
            <ns3:hr>146</ns3:hr>
            <ns3:cad>87</ns3:cad>
          </ns3:TrackPointExtension>
        </extensions>
      </trkpt>
      <trkpt lat="31.2177708931267261505126953125" lon="121.3879902474582195281982421875">
        <ele>15.3999996185302734375</ele>
        <time>2026-09-21T10:41:57.000Z</time>
        <extensions>
          <ns3:TrackPointExtension>
            <ns3:hr>145</ns3:hr>
            <ns3:cad>87</ns3:cad>
          </ns3:TrackPointExtension>
        </extensions>
      </trkpt>
      <trkpt lat="31.217785812914371490478515625" lon="121.3879986293613910675048828125">
        <ele>15.3999996185302734375</ele>
        <time>2026-09-21T10:41:58.000Z</time>
        <extensions>
          <ns3:TrackPointExtension>
            <ns3:hr>146</ns3:hr>
            <ns3:cad>87</ns3:cad>
          </ns3:TrackPointExtension>
        </extensions>
      </trkpt>
      <trkpt lat="31.21780819259583950042724609375" lon="121.38801279477775096893310546875">
        <ele>15.3999996185302734375</ele>
        <time>2026-09-21T10:41:59.000Z</time>
        <extensions>
          <ns3:TrackPointExtension>
            <ns3:hr>146</ns3:hr>
            <ns3:cad>87</ns3:cad>
          </ns3:TrackPointExtension>
        </extensions>
      </trkpt>
      <trkpt lat="31.21782210655510425567626953125" lon="121.388026960194110870361328125">
        <ele>15.3999996185302734375</ele>
        <time>2026-09-21T10:42:00.000Z</time>
        <extensions>
          <ns3:TrackPointExtension>
            <ns3:hr>145</ns3:hr>
            <ns3:cad>87</ns3:cad>
          </ns3:TrackPointExtension>
        </extensions>
      </trkpt>
      <trkpt lat="31.21784624643623828887939453125" lon="121.38803643174469470977783203125">
        <ele>15.6000003814697265625</ele>
        <time>2026-09-21T10:42:01.000Z</time>
        <extensions>
          <ns3:TrackPointExtension>
            <ns3:hr>145</ns3:hr>
            <ns3:cad>87</ns3:cad>
          </ns3:TrackPointExtension>
        </extensions>
      </trkpt>
      <trkpt lat="31.2178590707480907440185546875" lon="121.38804514892399311065673828125">
        <ele>15.6000003814697265625</ele>
        <time>2026-09-21T10:42:02.000Z</time>
        <extensions>
          <ns3:TrackPointExtension>
            <ns3:hr>145</ns3:hr>
            <ns3:cad>86</ns3:cad>
          </ns3:TrackPointExtension>
        </extensions>
      </trkpt>
      <trkpt lat="31.217885725200176239013671875" lon="121.38805671595036983489990234375">
        <ele>15.3999996185302734375</ele>
        <time>2026-09-21T10:42:03.000Z</time>
        <extensions>
          <ns3:TrackPointExtension>
            <ns3:hr>145</ns3:hr>
            <ns3:cad>86</ns3:cad>
          </ns3:TrackPointExtension>
        </extensions>
      </trkpt>
      <trkpt lat="31.21790609322488307952880859375" lon="121.38806291855871677398681640625">
        <ele>15.3999996185302734375</ele>
        <time>2026-09-21T10:42:04.000Z</time>
        <extensions>
          <ns3:TrackPointExtension>
            <ns3:hr>146</ns3:hr>
            <ns3:cad>86</ns3:cad>
          </ns3:TrackPointExtension>
        </extensions>
      </trkpt>
      <trkpt lat="31.2179318256676197052001953125" lon="121.38807021081447601318359375">
        <ele>15.3999996185302734375</ele>
        <time>2026-09-21T10:42:05.000Z</time>
        <extensions>
          <ns3:TrackPointExtension>
            <ns3:hr>145</ns3:hr>
            <ns3:cad>87</ns3:cad>
          </ns3:TrackPointExtension>
        </extensions>
      </trkpt>
      <trkpt lat="31.21795487590134143829345703125" lon="121.3880784250795841217041015625">
        <ele>15.3999996185302734375</ele>
        <time>2026-09-21T10:42:06.000Z</time>
        <extensions>
          <ns3:TrackPointExtension>
            <ns3:hr>145</ns3:hr>
            <ns3:cad>87</ns3:cad>
          </ns3:TrackPointExtension>
        </extensions>
      </trkpt>
      <trkpt lat="31.21797884814441204071044921875" lon="121.3880841247737407684326171875">
        <ele>15.19999980926513671875</ele>
        <time>2026-09-21T10:42:07.000Z</time>
        <extensions>
          <ns3:TrackPointExtension>
            <ns3:hr>145</ns3:hr>
            <ns3:cad>87</ns3:cad>
          </ns3:TrackPointExtension>
        </extensions>
      </trkpt>
      <trkpt lat="31.21800474822521209716796875" lon="121.38809761963784694671630859375">
        <ele>15.19999980926513671875</ele>
        <time>2026-09-21T10:42:08.000Z</time>
        <extensions>
          <ns3:TrackPointExtension>
            <ns3:hr>145</ns3:hr>
            <ns3:cad>87</ns3:cad>
          </ns3:TrackPointExtension>
        </extensions>
      </trkpt>
      <trkpt lat="31.21802352368831634521484375" lon="121.388101391494274139404296875">
        <ele>15.19999980926513671875</ele>
        <time>2026-09-21T10:42:09.000Z</time>
        <extensions>
          <ns3:TrackPointExtension>
            <ns3:hr>145</ns3:hr>
            <ns3:cad>87</ns3:cad>
          </ns3:TrackPointExtension>
        </extensions>
      </trkpt>
      <trkpt lat="31.21805042959749698638916015625" lon="121.388113461434841156005859375">
        <ele>15.3999996185302734375</ele>
        <time>2026-09-21T10:42:10.000Z</time>
        <extensions>
          <ns3:TrackPointExtension>
            <ns3:hr>145</ns3:hr>
            <ns3:cad>86</ns3:cad>
          </ns3:TrackPointExtension>
        </extensions>
      </trkpt>
      <trkpt lat="31.21806719340384006500244140625" lon="121.38812226243317127227783203125">
        <ele>15.3999996185302734375</ele>
        <time>2026-09-21T10:42:11.000Z</time>
        <extensions>
          <ns3:TrackPointExtension>
            <ns3:hr>145</ns3:hr>
            <ns3:cad>86</ns3:cad>
          </ns3:TrackPointExtension>
        </extensions>
      </trkpt>
      <trkpt lat="31.218097619712352752685546875" lon="121.38813458383083343505859375">
        <ele>15.3999996185302734375</ele>
        <time>2026-09-21T10:42:12.000Z</time>
        <extensions>
          <ns3:TrackPointExtension>
            <ns3:hr>145</ns3:hr>
            <ns3:cad>87</ns3:cad>
          </ns3:TrackPointExtension>
        </extensions>
      </trkpt>
      <trkpt lat="31.21811983175575733184814453125" lon="121.3881397806107997894287109375">
        <ele>15.3999996185302734375</ele>
        <time>2026-09-21T10:42:13.000Z</time>
        <extensions>
          <ns3:TrackPointExtension>
            <ns3:hr>145</ns3:hr>
            <ns3:cad>87</ns3:cad>
          </ns3:TrackPointExtension>
        </extensions>
      </trkpt>
      <trkpt lat="31.21814631856977939605712890625" lon="121.38814740814268589019775390625">
        <ele>15.6000003814697265625</ele>
        <time>2026-09-21T10:42:14.000Z</time>
        <extensions>
          <ns3:TrackPointExtension>
            <ns3:hr>144</ns3:hr>
            <ns3:cad>87</ns3:cad>
          </ns3:TrackPointExtension>
        </extensions>
      </trkpt>
      <trkpt lat="31.21816995553672313690185546875" lon="121.3881580531597137451171875">
        <ele>15.6000003814697265625</ele>
        <time>2026-09-21T10:42:15.000Z</time>
        <extensions>
          <ns3:TrackPointExtension>
            <ns3:hr>144</ns3:hr>
            <ns3:cad>87</ns3:cad>
          </ns3:TrackPointExtension>
        </extensions>
      </trkpt>
      <trkpt lat="31.21819426305592060089111328125" lon="121.3881655968725681304931640625">
        <ele>15.3999996185302734375</ele>
        <time>2026-09-21T10:42:16.000Z</time>
        <extensions>
          <ns3:TrackPointExtension>
            <ns3:hr>144</ns3:hr>
            <ns3:cad>86</ns3:cad>
          </ns3:TrackPointExtension>
        </extensions>
      </trkpt>
      <trkpt lat="31.21822007931768894195556640625" lon="121.388177834451198577880859375">
        <ele>15.3999996185302734375</ele>
        <time>2026-09-21T10:42:17.000Z</time>
        <extensions>
          <ns3:TrackPointExtension>
            <ns3:hr>144</ns3:hr>
            <ns3:cad>86</ns3:cad>
          </ns3:TrackPointExtension>
        </extensions>
      </trkpt>
      <trkpt lat="31.21823902241885662078857421875" lon="121.38818847946822643280029296875">
        <ele>15.3999996185302734375</ele>
        <time>2026-09-21T10:42:18.000Z</time>
        <extensions>
          <ns3:TrackPointExtension>
            <ns3:hr>144</ns3:hr>
            <ns3:cad>87</ns3:cad>
          </ns3:TrackPointExtension>
        </extensions>
      </trkpt>
      <trkpt lat="31.2182634137570858001708984375" lon="121.38820700347423553466796875">
        <ele>15.19999980926513671875</ele>
        <time>2026-09-21T10:42:19.000Z</time>
        <extensions>
          <ns3:TrackPointExtension>
            <ns3:hr>144</ns3:hr>
            <ns3:cad>88</ns3:cad>
          </ns3:TrackPointExtension>
        </extensions>
      </trkpt>
      <trkpt lat="31.21827539987862110137939453125" lon="121.38821815140545368194580078125">
        <ele>15.19999980926513671875</ele>
        <time>2026-09-21T10:42:20.000Z</time>
        <extensions>
          <ns3:TrackPointExtension>
            <ns3:hr>144</ns3:hr>
            <ns3:cad>88</ns3:cad>
          </ns3:TrackPointExtension>
        </extensions>
      </trkpt>
      <trkpt lat="31.218299455940723419189453125" lon="121.38823290355503559112548828125">
        <ele>15.19999980926513671875</ele>
        <time>2026-09-21T10:42:21.000Z</time>
        <extensions>
          <ns3:TrackPointExtension>
            <ns3:hr>144</ns3:hr>
            <ns3:cad>87</ns3:cad>
          </ns3:TrackPointExtension>
        </extensions>
      </trkpt>
      <trkpt lat="31.218316219747066497802734375" lon="121.38824011199176311492919921875">
        <ele>15.19999980926513671875</ele>
        <time>2026-09-21T10:42:22.000Z</time>
        <extensions>
          <ns3:TrackPointExtension>
            <ns3:hr>144</ns3:hr>
            <ns3:cad>87</ns3:cad>
          </ns3:TrackPointExtension>
        </extensions>
      </trkpt>
      <trkpt lat="31.21833792887628078460693359375" lon="121.38824966736137866973876953125">
        <ele>15.19999980926513671875</ele>
        <time>2026-09-21T10:42:23.000Z</time>
        <extensions>
          <ns3:TrackPointExtension>
            <ns3:hr>144</ns3:hr>
            <ns3:cad>87</ns3:cad>
          </ns3:TrackPointExtension>
        </extensions>
      </trkpt>
      <trkpt lat="31.21835972182452678680419921875" lon="121.3882584683597087860107421875">
        <ele>15.19999980926513671875</ele>
        <time>2026-09-21T10:42:24.000Z</time>
        <extensions>
          <ns3:TrackPointExtension>
            <ns3:hr>144</ns3:hr>
            <ns3:cad>87</ns3:cad>
          </ns3:TrackPointExtension>
        </extensions>
      </trkpt>
      <trkpt lat="31.21838754974305629730224609375" lon="121.3882621563971042633056640625">
        <ele>15.19999980926513671875</ele>
        <time>2026-09-21T10:42:25.000Z</time>
        <extensions>
          <ns3:TrackPointExtension>
            <ns3:hr>144</ns3:hr>
            <ns3:cad>87</ns3:cad>
          </ns3:TrackPointExtension>
        </extensions>
      </trkpt>
      <trkpt lat="31.21841110289096832275390625" lon="121.38826810754835605621337890625">
        <ele>15.19999980926513671875</ele>
        <time>2026-09-21T10:42:26.000Z</time>
        <extensions>
          <ns3:TrackPointExtension>
            <ns3:hr>144</ns3:hr>
            <ns3:cad>87</ns3:cad>
          </ns3:TrackPointExtension>
        </extensions>
      </trkpt>
      <trkpt lat="31.21843482367694377899169921875" lon="121.38827917166054248809814453125">
        <ele>15.19999980926513671875</ele>
        <time>2026-09-21T10:42:27.000Z</time>
        <extensions>
          <ns3:TrackPointExtension>
            <ns3:hr>144</ns3:hr>
            <ns3:cad>87</ns3:cad>
          </ns3:TrackPointExtension>
        </extensions>
      </trkpt>
      <trkpt lat="31.2184598855674266815185546875" lon="121.388290822505950927734375">
        <ele>15.19999980926513671875</ele>
        <time>2026-09-21T10:42:28.000Z</time>
        <extensions>
          <ns3:TrackPointExtension>
            <ns3:hr>144</ns3:hr>
            <ns3:cad>87</ns3:cad>
          </ns3:TrackPointExtension>
        </extensions>
      </trkpt>
      <trkpt lat="31.21847958303987979888916015625" lon="121.388295851647853851318359375">
        <ele>15.19999980926513671875</ele>
        <time>2026-09-21T10:42:29.000Z</time>
        <extensions>
          <ns3:TrackPointExtension>
            <ns3:hr>144</ns3:hr>
            <ns3:cad>86</ns3:cad>
          </ns3:TrackPointExtension>
        </extensions>
      </trkpt>
      <trkpt lat="31.2185051478445529937744140625" lon="121.38830599375069141387939453125">
        <ele>15.19999980926513671875</ele>
        <time>2026-09-21T10:42:30.000Z</time>
        <extensions>
          <ns3:TrackPointExtension>
            <ns3:hr>144</ns3:hr>
            <ns3:cad>86</ns3:cad>
          </ns3:TrackPointExtension>
        </extensions>
      </trkpt>
      <trkpt lat="31.21852920390665531158447265625" lon="121.38830716721713542938232421875">
        <ele>15.19999980926513671875</ele>
        <time>2026-09-21T10:42:31.000Z</time>
        <extensions>
          <ns3:TrackPointExtension>
            <ns3:hr>144</ns3:hr>
            <ns3:cad>86</ns3:cad>
          </ns3:TrackPointExtension>
        </extensions>
      </trkpt>
      <trkpt lat="31.21855652891099452972412109375" lon="121.38831269927322864532470703125">
        <ele>15.19999980926513671875</ele>
        <time>2026-09-21T10:42:32.000Z</time>
        <extensions>
          <ns3:TrackPointExtension>
            <ns3:hr>144</ns3:hr>
            <ns3:cad>87</ns3:cad>
          </ns3:TrackPointExtension>
        </extensions>
      </trkpt>
      <trkpt lat="31.21857631020247936248779296875" lon="121.38831655494868755340576171875">
        <ele>15</ele>
        <time>2026-09-21T10:42:33.000Z</time>
        <extensions>
          <ns3:TrackPointExtension>
            <ns3:hr>144</ns3:hr>
            <ns3:cad>87</ns3:cad>
          </ns3:TrackPointExtension>
        </extensions>
      </trkpt>
      <trkpt lat="31.2186040543019771575927734375" lon="121.38832896016538143157958984375">
        <ele>15</ele>
        <time>2026-09-21T10:42:34.000Z</time>
        <extensions>
          <ns3:TrackPointExtension>
            <ns3:hr>144</ns3:hr>
            <ns3:cad>87</ns3:cad>
          </ns3:TrackPointExtension>
        </extensions>
      </trkpt>
      <trkpt lat="31.2186248414218425750732421875" lon="121.38833398930728435516357421875">
        <ele>15</ele>
        <time>2026-09-21T10:42:35.000Z</time>
        <extensions>
          <ns3:TrackPointExtension>
            <ns3:hr>144</ns3:hr>
            <ns3:cad>87</ns3:cad>
          </ns3:TrackPointExtension>
        </extensions>
      </trkpt>
      <trkpt lat="31.21865124441683292388916015625" lon="121.388339437544345855712890625">
        <ele>15</ele>
        <time>2026-09-21T10:42:36.000Z</time>
        <extensions>
          <ns3:TrackPointExtension>
            <ns3:hr>144</ns3:hr>
            <ns3:cad>88</ns3:cad>
          </ns3:TrackPointExtension>
        </extensions>
      </trkpt>
      <trkpt lat="31.218672953546047210693359375" lon="121.38834052719175815582275390625">
        <ele>15</ele>
        <time>2026-09-21T10:42:37.000Z</time>
        <extensions>
          <ns3:TrackPointExtension>
            <ns3:hr>144</ns3:hr>
            <ns3:cad>89</ns3:cad>
          </ns3:TrackPointExtension>
        </extensions>
      </trkpt>
      <trkpt lat="31.2186996079981327056884765625" lon="121.38834153302013874053955078125">
        <ele>15</ele>
        <time>2026-09-21T10:42:38.000Z</time>
        <extensions>
          <ns3:TrackPointExtension>
            <ns3:hr>145</ns3:hr>
            <ns3:cad>89</ns3:cad>
          </ns3:TrackPointExtension>
        </extensions>
      </trkpt>
      <trkpt lat="31.21872416697442531585693359375" lon="121.3883456401526927947998046875">
        <ele>15</ele>
        <time>2026-09-21T10:42:39.000Z</time>
        <extensions>
          <ns3:TrackPointExtension>
            <ns3:hr>145</ns3:hr>
            <ns3:cad>88</ns3:cad>
          </ns3:TrackPointExtension>
        </extensions>
      </trkpt>
      <trkpt lat="31.2187495641410350799560546875" lon="121.38835511170327663421630859375">
        <ele>15</ele>
        <time>2026-09-21T10:42:40.000Z</time>
        <extensions>
          <ns3:TrackPointExtension>
            <ns3:hr>145</ns3:hr>
            <ns3:cad>88</ns3:cad>
          </ns3:TrackPointExtension>
        </extensions>
      </trkpt>
      <trkpt lat="31.21877445839345455169677734375" lon="121.38836198486387729644775390625">
        <ele>15</ele>
        <time>2026-09-21T10:42:41.000Z</time>
        <extensions>
          <ns3:TrackPointExtension>
            <ns3:hr>145</ns3:hr>
            <ns3:cad>88</ns3:cad>
          </ns3:TrackPointExtension>
        </extensions>
      </trkpt>
      <trkpt lat="31.21879843063652515411376953125" lon="121.38836416415870189666748046875">
        <ele>15.19999980926513671875</ele>
        <time>2026-09-21T10:42:42.000Z</time>
        <extensions>
          <ns3:TrackPointExtension>
            <ns3:hr>145</ns3:hr>
            <ns3:cad>87</ns3:cad>
          </ns3:TrackPointExtension>
        </extensions>
      </trkpt>
      <trkpt lat="31.21882407926023006439208984375" lon="121.38836936093866825103759765625">
        <ele>15.19999980926513671875</ele>
        <time>2026-09-21T10:42:43.000Z</time>
        <extensions>
          <ns3:TrackPointExtension>
            <ns3:hr>146</ns3:hr>
            <ns3:cad>87</ns3:cad>
          </ns3:TrackPointExtension>
        </extensions>
      </trkpt>
      <trkpt lat="31.218845956027507781982421875" lon="121.38836768455803394317626953125">
        <ele>15.19999980926513671875</ele>
        <time>2026-09-21T10:42:44.000Z</time>
        <extensions>
          <ns3:TrackPointExtension>
            <ns3:hr>146</ns3:hr>
            <ns3:cad>89</ns3:cad>
          </ns3:TrackPointExtension>
        </extensions>
      </trkpt>
      <trkpt lat="31.2188662402331829071044921875" lon="121.38836927711963653564453125">
        <ele>15.19999980926513671875</ele>
        <time>2026-09-21T10:42:45.000Z</time>
        <extensions>
          <ns3:TrackPointExtension>
            <ns3:hr>146</ns3:hr>
            <ns3:cad>89</ns3:cad>
          </ns3:TrackPointExtension>
        </extensions>
      </trkpt>
      <trkpt lat="31.218892224133014678955078125" lon="121.38836801983416080474853515625">
        <ele>15.19999980926513671875</ele>
        <time>2026-09-21T10:42:46.000Z</time>
        <extensions>
          <ns3:TrackPointExtension>
            <ns3:hr>146</ns3:hr>
            <ns3:cad>89</ns3:cad>
          </ns3:TrackPointExtension>
        </extensions>
      </trkpt>
      <trkpt lat="31.21891946531832218170166015625" lon="121.38837958686053752899169921875">
        <ele>15.19999980926513671875</ele>
        <time>2026-09-21T10:42:47.000Z</time>
        <extensions>
          <ns3:TrackPointExtension>
            <ns3:hr>146</ns3:hr>
            <ns3:cad>88</ns3:cad>
          </ns3:TrackPointExtension>
        </extensions>
      </trkpt>
      <trkpt lat="31.218938492238521575927734375" lon="121.388377659022808074951171875">
        <ele>15.19999980926513671875</ele>
        <time>2026-09-21T10:42:48.000Z</time>
        <extensions>
          <ns3:TrackPointExtension>
            <ns3:hr>147</ns3:hr>
            <ns3:cad>88</ns3:cad>
          </ns3:TrackPointExtension>
        </extensions>
      </trkpt>
      <trkpt lat="31.21896455995738506317138671875" lon="121.3883855380117893218994140625">
        <ele>15.3999996185302734375</ele>
        <time>2026-09-21T10:42:49.000Z</time>
        <extensions>
          <ns3:TrackPointExtension>
            <ns3:hr>147</ns3:hr>
            <ns3:cad>88</ns3:cad>
          </ns3:TrackPointExtension>
        </extensions>
      </trkpt>
      <trkpt lat="31.21898283250629901885986328125" lon="121.3883841969072818756103515625">
        <ele>15.3999996185302734375</ele>
        <time>2026-09-21T10:42:50.000Z</time>
        <extensions>
          <ns3:TrackPointExtension>
            <ns3:hr>147</ns3:hr>
            <ns3:cad>89</ns3:cad>
          </ns3:TrackPointExtension>
        </extensions>
      </trkpt>
      <trkpt lat="31.21900898404419422149658203125" lon="121.38838537037372589111328125">
        <ele>15.3999996185302734375</ele>
        <time>2026-09-21T10:42:51.000Z</time>
        <extensions>
          <ns3:TrackPointExtension>
            <ns3:hr>147</ns3:hr>
            <ns3:cad>89</ns3:cad>
          </ns3:TrackPointExtension>
        </extensions>
      </trkpt>
      <trkpt lat="31.2190286815166473388671875" lon="121.3883895613253116607666015625">
        <ele>15.19999980926513671875</ele>
        <time>2026-09-21T10:42:52.000Z</time>
        <extensions>
          <ns3:TrackPointExtension>
            <ns3:hr>147</ns3:hr>
            <ns3:cad>89</ns3:cad>
          </ns3:TrackPointExtension>
        </extensions>
      </trkpt>
      <trkpt lat="31.2190563417971134185791015625" lon="121.388385035097599029541015625">
        <ele>15.19999980926513671875</ele>
        <time>2026-09-21T10:42:53.000Z</time>
        <extensions>
          <ns3:TrackPointExtension>
            <ns3:hr>147</ns3:hr>
            <ns3:cad>89</ns3:cad>
          </ns3:TrackPointExtension>
        </extensions>
      </trkpt>
      <trkpt lat="31.21907670982182025909423828125" lon="121.38838210143148899078369140625">
        <ele>15</ele>
        <time>2026-09-21T10:42:54.000Z</time>
        <extensions>
          <ns3:TrackPointExtension>
            <ns3:hr>147</ns3:hr>
            <ns3:cad>89</ns3:cad>
          </ns3:TrackPointExtension>
        </extensions>
      </trkpt>
      <trkpt lat="31.2191049568355083465576171875" lon="121.38838042505085468292236328125">
        <ele>15</ele>
        <time>2026-09-21T10:42:55.000Z</time>
        <extensions>
          <ns3:TrackPointExtension>
            <ns3:hr>147</ns3:hr>
            <ns3:cad>89</ns3:cad>
          </ns3:TrackPointExtension>
        </extensions>
      </trkpt>
      <trkpt lat="31.219125576317310333251953125" lon="121.38838092796504497528076171875">
        <ele>15</ele>
        <time>2026-09-21T10:42:56.000Z</time>
        <extensions>
          <ns3:TrackPointExtension>
            <ns3:hr>147</ns3:hr>
            <ns3:cad>89</ns3:cad>
          </ns3:TrackPointExtension>
        </extensions>
      </trkpt>
      <trkpt lat="31.21915130876004695892333984375" lon="121.3883860409259796142578125">
        <ele>15</ele>
        <time>2026-09-21T10:42:57.000Z</time>
        <extensions>
          <ns3:TrackPointExtension>
            <ns3:hr>147</ns3:hr>
            <ns3:cad>90</ns3:cad>
          </ns3:TrackPointExtension>
        </extensions>
      </trkpt>
      <trkpt lat="31.21916958130896091461181640625" lon="121.38838763348758220672607421875">
        <ele>15</ele>
        <time>2026-09-21T10:42:58.000Z</time>
        <extensions>
          <ns3:TrackPointExtension>
            <ns3:hr>147</ns3:hr>
            <ns3:cad>90</ns3:cad>
          </ns3:TrackPointExtension>
        </extensions>
      </trkpt>
      <trkpt lat="31.21919405646622180938720703125" lon="121.38838947750627994537353515625">
        <ele>15</ele>
        <time>2026-09-21T10:42:59.000Z</time>
        <extensions>
          <ns3:TrackPointExtension>
            <ns3:hr>147</ns3:hr>
            <ns3:cad>88</ns3:cad>
          </ns3:TrackPointExtension>
        </extensions>
      </trkpt>
      <trkpt lat="31.219217441976070404052734375" lon="121.38839165680110454559326171875">
        <ele>15</ele>
        <time>2026-09-21T10:43:00.000Z</time>
        <extensions>
          <ns3:TrackPointExtension>
            <ns3:hr>147</ns3:hr>
            <ns3:cad>87</ns3:cad>
          </ns3:TrackPointExtension>
        </extensions>
      </trkpt>
      <trkpt lat="31.219246275722980499267578125" lon="121.38838411308825016021728515625">
        <ele>15.19999980926513671875</ele>
        <time>2026-09-21T10:43:01.000Z</time>
        <extensions>
          <ns3:TrackPointExtension>
            <ns3:hr>147</ns3:hr>
            <ns3:cad>87</ns3:cad>
          </ns3:TrackPointExtension>
        </extensions>
      </trkpt>
      <trkpt lat="31.2192725948989391326904296875" lon="121.38837623409926891326904296875">
        <ele>15.19999980926513671875</ele>
        <time>2026-09-21T10:43:02.000Z</time>
        <extensions>
          <ns3:TrackPointExtension>
            <ns3:hr>147</ns3:hr>
            <ns3:cad>87</ns3:cad>
          </ns3:TrackPointExtension>
        </extensions>
      </trkpt>
      <trkpt lat="31.21929530985653400421142578125" lon="121.38836835511028766632080078125">
        <ele>15.19999980926513671875</ele>
        <time>2026-09-21T10:43:03.000Z</time>
        <extensions>
          <ns3:TrackPointExtension>
            <ns3:hr>147</ns3:hr>
            <ns3:cad>89</ns3:cad>
          </ns3:TrackPointExtension>
        </extensions>
      </trkpt>
      <trkpt lat="31.21931727044284343719482421875" lon="121.388364918529987335205078125">
        <ele>15.19999980926513671875</ele>
        <time>2026-09-21T10:43:04.000Z</time>
        <extensions>
          <ns3:TrackPointExtension>
            <ns3:hr>147</ns3:hr>
            <ns3:cad>89</ns3:cad>
          </ns3:TrackPointExtension>
        </extensions>
      </trkpt>
      <trkpt lat="31.21933638118207454681396484375" lon="121.38836198486387729644775390625">
        <ele>15.19999980926513671875</ele>
        <time>2026-09-21T10:43:05.000Z</time>
        <extensions>
          <ns3:TrackPointExtension>
            <ns3:hr>146</ns3:hr>
            <ns3:cad>88</ns3:cad>
          </ns3:TrackPointExtension>
        </extensions>
      </trkpt>
      <trkpt lat="31.21936186216771602630615234375" lon="121.38835720717906951904296875">
        <ele>15.19999980926513671875</ele>
        <time>2026-09-21T10:43:06.000Z</time>
        <extensions>
          <ns3:TrackPointExtension>
            <ns3:hr>146</ns3:hr>
            <ns3:cad>87</ns3:cad>
          </ns3:TrackPointExtension>
        </extensions>
      </trkpt>
      <trkpt lat="31.219379045069217681884765625" lon="121.38835159130394458770751953125">
        <ele>15.19999980926513671875</ele>
        <time>2026-09-21T10:43:07.000Z</time>
        <extensions>
          <ns3:TrackPointExtension>
            <ns3:hr>146</ns3:hr>
            <ns3:cad>87</ns3:cad>
          </ns3:TrackPointExtension>
        </extensions>
      </trkpt>
      <trkpt lat="31.21940712444484233856201171875" lon="121.38834916055202484130859375">
        <ele>15</ele>
        <time>2026-09-21T10:43:08.000Z</time>
        <extensions>
          <ns3:TrackPointExtension>
            <ns3:hr>145</ns3:hr>
            <ns3:cad>87</ns3:cad>
          </ns3:TrackPointExtension>
        </extensions>
      </trkpt>
      <trkpt lat="31.21942824684083461761474609375" lon="121.388350836932659149169921875">
        <ele>15</ele>
        <time>2026-09-21T10:43:09.000Z</time>
        <extensions>
          <ns3:TrackPointExtension>
            <ns3:hr>145</ns3:hr>
            <ns3:cad>88</ns3:cad>
          </ns3:TrackPointExtension>
        </extensions>
      </trkpt>
      <trkpt lat="31.21945339255034923553466796875" lon="121.38834756799042224884033203125">
        <ele>15</ele>
        <time>2026-09-21T10:43:10.000Z</time>
        <extensions>
          <ns3:TrackPointExtension>
            <ns3:hr>144</ns3:hr>
            <ns3:cad>88</ns3:cad>
          </ns3:TrackPointExtension>
        </extensions>
      </trkpt>
      <trkpt lat="31.2194777838885784149169921875" lon="121.38834438286721706390380859375">
        <ele>15</ele>
        <time>2026-09-21T10:43:11.000Z</time>
        <extensions>
          <ns3:TrackPointExtension>
            <ns3:hr>144</ns3:hr>
            <ns3:cad>87</ns3:cad>
          </ns3:TrackPointExtension>
        </extensions>
      </trkpt>
      <trkpt lat="31.21950410306453704833984375" lon="121.38834178447723388671875">
        <ele>15</ele>
        <time>2026-09-21T10:43:12.000Z</time>
        <extensions>
          <ns3:TrackPointExtension>
            <ns3:hr>144</ns3:hr>
            <ns3:cad>87</ns3:cad>
          </ns3:TrackPointExtension>
        </extensions>
      </trkpt>
      <trkpt lat="31.21952690184116363525390625" lon="121.38834421522915363311767578125">
        <ele>15</ele>
        <time>2026-09-21T10:43:13.000Z</time>
        <extensions>
          <ns3:TrackPointExtension>
            <ns3:hr>144</ns3:hr>
            <ns3:cad>86</ns3:cad>
          </ns3:TrackPointExtension>
        </extensions>
      </trkpt>
      <trkpt lat="31.21954626403748989105224609375" lon="121.38834136538207530975341796875">
        <ele>15</ele>
        <time>2026-09-21T10:43:14.000Z</time>
        <extensions>
          <ns3:TrackPointExtension>
            <ns3:hr>144</ns3:hr>
            <ns3:cad>86</ns3:cad>
          </ns3:TrackPointExtension>
        </extensions>
      </trkpt>
      <trkpt lat="31.2195743434131145477294921875" lon="121.38834605924785137176513671875">
        <ele>15</ele>
        <time>2026-09-21T10:43:15.000Z</time>
        <extensions>
          <ns3:TrackPointExtension>
            <ns3:hr>144</ns3:hr>
            <ns3:cad>87</ns3:cad>
          </ns3:TrackPointExtension>
        </extensions>
      </trkpt>
      <trkpt lat="31.2195917777717113494873046875" lon="121.388347484171390533447265625">
        <ele>15.19999980926513671875</ele>
        <time>2026-09-21T10:43:16.000Z</time>
        <extensions>
          <ns3:TrackPointExtension>
            <ns3:hr>143</ns3:hr>
            <ns3:cad>88</ns3:cad>
          </ns3:TrackPointExtension>
        </extensions>
      </trkpt>
      <trkpt lat="31.21961818076670169830322265625" lon="121.3883446343243122100830078125">
        <ele>15.19999980926513671875</ele>
        <time>2026-09-21T10:43:17.000Z</time>
        <extensions>
          <ns3:TrackPointExtension>
            <ns3:hr>143</ns3:hr>
            <ns3:cad>88</ns3:cad>
          </ns3:TrackPointExtension>
        </extensions>
      </trkpt>
      <trkpt lat="31.219638548791408538818359375" lon="121.38834320940077304840087890625">
        <ele>15.19999980926513671875</ele>
        <time>2026-09-21T10:43:18.000Z</time>
        <extensions>
          <ns3:TrackPointExtension>
            <ns3:hr>143</ns3:hr>
            <ns3:cad>88</ns3:cad>
          </ns3:TrackPointExtension>
        </extensions>
      </trkpt>
      <trkpt lat="31.21966092847287654876708984375" lon="121.38833843171596527099609375">
        <ele>15.19999980926513671875</ele>
        <time>2026-09-21T10:43:19.000Z</time>
        <extensions>
          <ns3:TrackPointExtension>
            <ns3:hr>142</ns3:hr>
            <ns3:cad>87</ns3:cad>
          </ns3:TrackPointExtension>
        </extensions>
      </trkpt>
      <trkpt lat="31.21968138031661510467529296875" lon="121.388338096439838409423828125">
        <ele>15.19999980926513671875</ele>
        <time>2026-09-21T10:43:20.000Z</time>
        <extensions>
          <ns3:TrackPointExtension>
            <ns3:hr>142</ns3:hr>
            <ns3:cad>87</ns3:cad>
          </ns3:TrackPointExtension>
        </extensions>
      </trkpt>
      <trkpt lat="31.2197040952742099761962890625" lon="121.3883402757346630096435546875">
        <ele>15.19999980926513671875</ele>
        <time>2026-09-21T10:43:21.000Z</time>
        <extensions>
          <ns3:TrackPointExtension>
            <ns3:hr>142</ns3:hr>
            <ns3:cad>86</ns3:cad>
          </ns3:TrackPointExtension>
        </extensions>
      </trkpt>
      <trkpt lat="31.21973284520208835601806640625" lon="121.388336755335330963134765625">
        <ele>15.19999980926513671875</ele>
        <time>2026-09-21T10:43:22.000Z</time>
        <extensions>
          <ns3:TrackPointExtension>
            <ns3:hr>142</ns3:hr>
            <ns3:cad>86</ns3:cad>
          </ns3:TrackPointExtension>
        </extensions>
      </trkpt>
      <trkpt lat="31.219769306480884552001953125" lon="121.3883355818688869476318359375">
        <ele>15.19999980926513671875</ele>
        <time>2026-09-21T10:43:23.000Z</time>
        <extensions>
          <ns3:TrackPointExtension>
            <ns3:hr>141</ns3:hr>
            <ns3:cad>86</ns3:cad>
          </ns3:TrackPointExtension>
        </extensions>
      </trkpt>
      <trkpt lat="31.2197956256568431854248046875" lon="121.38833734206855297088623046875">
        <ele>15.19999980926513671875</ele>
        <time>2026-09-21T10:43:24.000Z</time>
        <extensions>
          <ns3:TrackPointExtension>
            <ns3:hr>141</ns3:hr>
            <ns3:cad>86</ns3:cad>
          </ns3:TrackPointExtension>
        </extensions>
      </trkpt>
      <trkpt lat="31.21981448493897914886474609375" lon="121.3883349113166332244873046875">
        <ele>15.19999980926513671875</ele>
        <time>2026-09-21T10:43:25.000Z</time>
        <extensions>
          <ns3:TrackPointExtension>
            <ns3:hr>141</ns3:hr>
            <ns3:cad>86</ns3:cad>
          </ns3:TrackPointExtension>
        </extensions>
      </trkpt>
      <trkpt lat="31.21984298340976238250732421875" lon="121.388334073126316070556640625">
        <ele>15.3999996185302734375</ele>
        <time>2026-09-21T10:43:26.000Z</time>
        <extensions>
          <ns3:TrackPointExtension>
            <ns3:hr>141</ns3:hr>
            <ns3:cad>86</ns3:cad>
          </ns3:TrackPointExtension>
        </extensions>
      </trkpt>
      <trkpt lat="31.219864189624786376953125" lon="121.3883265294134616851806640625">
        <ele>15.3999996185302734375</ele>
        <time>2026-09-21T10:43:27.000Z</time>
        <extensions>
          <ns3:TrackPointExtension>
            <ns3:hr>140</ns3:hr>
            <ns3:cad>86</ns3:cad>
          </ns3:TrackPointExtension>
        </extensions>
      </trkpt>
      <trkpt lat="31.2198841385543346405029296875" lon="121.38830901123583316802978515625">
        <ele>15.3999996185302734375</ele>
        <time>2026-09-21T10:43:28.000Z</time>
        <extensions>
          <ns3:TrackPointExtension>
            <ns3:hr>140</ns3:hr>
            <ns3:cad>86</ns3:cad>
          </ns3:TrackPointExtension>
        </extensions>
      </trkpt>
      <trkpt lat="31.21989092789590358734130859375" lon="121.3882789202034473419189453125">
        <ele>15.3999996185302734375</ele>
        <time>2026-09-21T10:43:29.000Z</time>
        <extensions>
          <ns3:TrackPointExtension>
            <ns3:hr>140</ns3:hr>
            <ns3:cad>87</ns3:cad>
          </ns3:TrackPointExtension>
        </extensions>
      </trkpt>
      <trkpt lat="31.219890005886554718017578125" lon="121.38825570233166217803955078125">
        <ele>15.3999996185302734375</ele>
        <time>2026-09-21T10:43:30.000Z</time>
        <extensions>
          <ns3:TrackPointExtension>
            <ns3:hr>139</ns3:hr>
            <ns3:cad>87</ns3:cad>
          </ns3:TrackPointExtension>
        </extensions>
      </trkpt>
      <trkpt lat="31.21989838778972625732421875" lon="121.3882266171276569366455078125">
        <ele>15.3999996185302734375</ele>
        <time>2026-09-21T10:43:31.000Z</time>
        <extensions>
          <ns3:TrackPointExtension>
            <ns3:hr>139</ns3:hr>
            <ns3:cad>85</ns3:cad>
          </ns3:TrackPointExtension>
        </extensions>
      </trkpt>
      <trkpt lat="31.2199025787413120269775390625" lon="121.3882028125226497650146484375">
        <ele>15.6000003814697265625</ele>
        <time>2026-09-21T10:43:32.000Z</time>
        <extensions>
          <ns3:TrackPointExtension>
            <ns3:hr>139</ns3:hr>
            <ns3:cad>84</ns3:cad>
          </ns3:TrackPointExtension>
        </extensions>
      </trkpt>
      <trkpt lat="31.21991045773029327392578125" lon="121.38816936872899532318115234375">
        <ele>15.6000003814697265625</ele>
        <time>2026-09-21T10:43:33.000Z</time>
        <extensions>
          <ns3:TrackPointExtension>
            <ns3:hr>139</ns3:hr>
            <ns3:cad>84</ns3:cad>
          </ns3:TrackPointExtension>
        </extensions>
      </trkpt>
      <trkpt lat="31.219920180737972259521484375" lon="121.3881473243236541748046875">
        <ele>15.80000019073486328125</ele>
        <time>2026-09-21T10:43:34.000Z</time>
        <extensions>
          <ns3:TrackPointExtension>
            <ns3:hr>140</ns3:hr>
            <ns3:cad>84</ns3:cad>
          </ns3:TrackPointExtension>
        </extensions>
      </trkpt>
      <trkpt lat="31.2199299037456512451171875" lon="121.38812519609928131103515625">
        <ele>15.80000019073486328125</ele>
        <time>2026-09-21T10:43:35.000Z</time>
        <extensions>
          <ns3:TrackPointExtension>
            <ns3:hr>139</ns3:hr>
            <ns3:cad>85</ns3:cad>
          </ns3:TrackPointExtension>
        </extensions>
      </trkpt>
      <trkpt lat="31.219934932887554168701171875" lon="121.3881005533039569854736328125">
        <ele>15.80000019073486328125</ele>
        <time>2026-09-21T10:43:36.000Z</time>
        <extensions>
          <ns3:TrackPointExtension>
            <ns3:hr>139</ns3:hr>
            <ns3:cad>85</ns3:cad>
          </ns3:TrackPointExtension>
        </extensions>
      </trkpt>
      <trkpt lat="31.21993736363947391510009765625" lon="121.38807700015604496002197265625">
        <ele>15.80000019073486328125</ele>
        <time>2026-09-21T10:43:37.000Z</time>
        <extensions>
          <ns3:TrackPointExtension>
            <ns3:hr>140</ns3:hr>
            <ns3:cad>86</ns3:cad>
          </ns3:TrackPointExtension>
        </extensions>
      </trkpt>
      <trkpt lat="31.21993468143045902252197265625" lon="121.38804833404719829559326171875">
        <ele>15.80000019073486328125</ele>
        <time>2026-09-21T10:43:38.000Z</time>
        <extensions>
          <ns3:TrackPointExtension>
            <ns3:hr>140</ns3:hr>
            <ns3:cad>86</ns3:cad>
          </ns3:TrackPointExtension>
        </extensions>
      </trkpt>
      <trkpt lat="31.21993049047887325286865234375" lon="121.38802318833768367767333984375">
        <ele>15.80000019073486328125</ele>
        <time>2026-09-21T10:43:39.000Z</time>
        <extensions>
          <ns3:TrackPointExtension>
            <ns3:hr>140</ns3:hr>
            <ns3:cad>86</ns3:cad>
          </ns3:TrackPointExtension>
        </extensions>
      </trkpt>
      <trkpt lat="31.21992764063179492950439453125" lon="121.38799586333334445953369140625">
        <ele>15.80000019073486328125</ele>
        <time>2026-09-21T10:43:40.000Z</time>
        <extensions>
          <ns3:TrackPointExtension>
            <ns3:hr>140</ns3:hr>
            <ns3:cad>86</ns3:cad>
          </ns3:TrackPointExtension>
        </extensions>
      </trkpt>
      <trkpt lat="31.2199250422418117523193359375" lon="121.3879754953086376190185546875">
        <ele>15.6000003814697265625</ele>
        <time>2026-09-21T10:43:41.000Z</time>
        <extensions>
          <ns3:TrackPointExtension>
            <ns3:hr>139</ns3:hr>
            <ns3:cad>87</ns3:cad>
          </ns3:TrackPointExtension>
        </extensions>
      </trkpt>
      <trkpt lat="31.21992177329957485198974609375" lon="121.38793869875371456146240234375">
        <ele>15.6000003814697265625</ele>
        <time>2026-09-21T10:43:42.000Z</time>
        <extensions>
          <ns3:TrackPointExtension>
            <ns3:hr>140</ns3:hr>
            <ns3:cad>87</ns3:cad>
          </ns3:TrackPointExtension>
        </extensions>
      </trkpt>
      <trkpt lat="31.21992093510925769805908203125" lon="121.38791405595839023590087890625">
        <ele>15.6000003814697265625</ele>
        <time>2026-09-21T10:43:43.000Z</time>
        <extensions>
          <ns3:TrackPointExtension>
            <ns3:hr>140</ns3:hr>
            <ns3:cad>87</ns3:cad>
          </ns3:TrackPointExtension>
        </extensions>
      </trkpt>
      <trkpt lat="31.21992026455700397491455078125" lon="121.38788304291665554046630859375">
        <ele>15.6000003814697265625</ele>
        <time>2026-09-21T10:43:44.000Z</time>
        <extensions>
          <ns3:TrackPointExtension>
            <ns3:hr>140</ns3:hr>
            <ns3:cad>87</ns3:cad>
          </ns3:TrackPointExtension>
        </extensions>
      </trkpt>
      <trkpt lat="31.21992026455700397491455078125" lon="121.3878547959029674530029296875">
        <ele>15.6000003814697265625</ele>
        <time>2026-09-21T10:43:45.000Z</time>
        <extensions>
          <ns3:TrackPointExtension>
            <ns3:hr>141</ns3:hr>
            <ns3:cad>87</ns3:cad>
          </ns3:TrackPointExtension>
        </extensions>
      </trkpt>
      <trkpt lat="31.2199173308908939361572265625" lon="121.3878299854695796966552734375">
        <ele>15.6000003814697265625</ele>
        <time>2026-09-21T10:43:46.000Z</time>
        <extensions>
          <ns3:TrackPointExtension>
            <ns3:hr>141</ns3:hr>
            <ns3:cad>87</ns3:cad>
          </ns3:TrackPointExtension>
        </extensions>
      </trkpt>
      <trkpt lat="31.21991892345249652862548828125" lon="121.387803666293621063232421875">
        <ele>15.3999996185302734375</ele>
        <time>2026-09-21T10:43:47.000Z</time>
        <extensions>
          <ns3:TrackPointExtension>
            <ns3:hr>141</ns3:hr>
            <ns3:cad>87</ns3:cad>
          </ns3:TrackPointExtension>
        </extensions>
      </trkpt>
      <trkpt lat="31.21992160566151142120361328125" lon="121.38777919113636016845703125">
        <ele>15.3999996185302734375</ele>
        <time>2026-09-21T10:43:48.000Z</time>
        <extensions>
          <ns3:TrackPointExtension>
            <ns3:hr>141</ns3:hr>
            <ns3:cad>88</ns3:cad>
          </ns3:TrackPointExtension>
        </extensions>
      </trkpt>
      <trkpt lat="31.21992730535566806793212890625" lon="121.38775060884654521942138671875">
        <ele>15.3999996185302734375</ele>
        <time>2026-09-21T10:43:49.000Z</time>
        <extensions>
          <ns3:TrackPointExtension>
            <ns3:hr>141</ns3:hr>
            <ns3:cad>88</ns3:cad>
          </ns3:TrackPointExtension>
        </extensions>
      </trkpt>
      <trkpt lat="31.2199280597269535064697265625" lon="121.38773024082183837890625">
        <ele>15.3999996185302734375</ele>
        <time>2026-09-21T10:43:50.000Z</time>
        <extensions>
          <ns3:TrackPointExtension>
            <ns3:hr>142</ns3:hr>
            <ns3:cad>88</ns3:cad>
          </ns3:TrackPointExtension>
        </extensions>
      </trkpt>
      <trkpt lat="31.2199250422418117523193359375" lon="121.38769947923719882965087890625">
        <ele>15.6000003814697265625</ele>
        <time>2026-09-21T10:43:51.000Z</time>
        <extensions>
          <ns3:TrackPointExtension>
            <ns3:hr>142</ns3:hr>
            <ns3:cad>87</ns3:cad>
          </ns3:TrackPointExtension>
        </extensions>
      </trkpt>
      <trkpt lat="31.21992629952728748321533203125" lon="121.38767634518444538116455078125">
        <ele>15.3999996185302734375</ele>
        <time>2026-09-21T10:43:52.000Z</time>
        <extensions>
          <ns3:TrackPointExtension>
            <ns3:hr>142</ns3:hr>
            <ns3:cad>86</ns3:cad>
          </ns3:TrackPointExtension>
        </extensions>
      </trkpt>
      <trkpt lat="31.21993015520274639129638671875" lon="121.38764801435172557830810546875">
        <ele>15.3999996185302734375</ele>
        <time>2026-09-21T10:43:53.000Z</time>
        <extensions>
          <ns3:TrackPointExtension>
            <ns3:hr>142</ns3:hr>
            <ns3:cad>86</ns3:cad>
          </ns3:TrackPointExtension>
        </extensions>
      </trkpt>
      <trkpt lat="31.2199272215366363525390625" lon="121.38762253336608409881591796875">
        <ele>15.3999996185302734375</ele>
        <time>2026-09-21T10:43:54.000Z</time>
        <extensions>
          <ns3:TrackPointExtension>
            <ns3:hr>143</ns3:hr>
            <ns3:cad>88</ns3:cad>
          </ns3:TrackPointExtension>
        </extensions>
      </trkpt>
      <trkpt lat="31.2199237011373043060302734375" lon="121.387592442333698272705078125">
        <ele>15.3999996185302734375</ele>
        <time>2026-09-21T10:43:55.000Z</time>
        <extensions>
          <ns3:TrackPointExtension>
            <ns3:hr>143</ns3:hr>
            <ns3:cad>88</ns3:cad>
          </ns3:TrackPointExtension>
        </extensions>
      </trkpt>
      <trkpt lat="31.219922192394733428955078125" lon="121.387565620243549346923828125">
        <ele>15.3999996185302734375</ele>
        <time>2026-09-21T10:43:56.000Z</time>
        <extensions>
          <ns3:TrackPointExtension>
            <ns3:hr>143</ns3:hr>
            <ns3:cad>87</ns3:cad>
          </ns3:TrackPointExtension>
        </extensions>
      </trkpt>
      <trkpt lat="31.21991456486284732818603515625" lon="121.38753988780081272125244140625">
        <ele>15.3999996185302734375</ele>
        <time>2026-09-21T10:43:57.000Z</time>
        <extensions>
          <ns3:TrackPointExtension>
            <ns3:hr>143</ns3:hr>
            <ns3:cad>87</ns3:cad>
          </ns3:TrackPointExtension>
        </extensions>
      </trkpt>
      <trkpt lat="31.219914145767688751220703125" lon="121.38751122169196605682373046875">
        <ele>15.3999996185302734375</ele>
        <time>2026-09-21T10:43:58.000Z</time>
        <extensions>
          <ns3:TrackPointExtension>
            <ns3:hr>144</ns3:hr>
            <ns3:cad>87</ns3:cad>
          </ns3:TrackPointExtension>
        </extensions>
      </trkpt>
      <trkpt lat="31.2199111282825469970703125" lon="121.38748758472502231597900390625">
        <ele>15.3999996185302734375</ele>
        <time>2026-09-21T10:43:59.000Z</time>
        <extensions>
          <ns3:TrackPointExtension>
            <ns3:hr>144</ns3:hr>
            <ns3:cad>87</ns3:cad>
          </ns3:TrackPointExtension>
        </extensions>
      </trkpt>
      <trkpt lat="31.21990970335900783538818359375" lon="121.38745824806392192840576171875">
        <ele>15.3999996185302734375</ele>
        <time>2026-09-21T10:44:00.000Z</time>
        <extensions>
          <ns3:TrackPointExtension>
            <ns3:hr>144</ns3:hr>
            <ns3:cad>87</ns3:cad>
          </ns3:TrackPointExtension>
        </extensions>
      </trkpt>
      <trkpt lat="31.219910122454166412353515625" lon="121.38743159361183643341064453125">
        <ele>15.3999996185302734375</ele>
        <time>2026-09-21T10:44:01.000Z</time>
        <extensions>
          <ns3:TrackPointExtension>
            <ns3:hr>144</ns3:hr>
            <ns3:cad>87</ns3:cad>
          </ns3:TrackPointExtension>
        </extensions>
      </trkpt>
      <trkpt lat="31.21990836225450038909912109375" lon="121.3873989880084991455078125">
        <ele>15.3999996185302734375</ele>
        <time>2026-09-21T10:44:02.000Z</time>
        <extensions>
          <ns3:TrackPointExtension>
            <ns3:hr>144</ns3:hr>
            <ns3:cad>87</ns3:cad>
          </ns3:TrackPointExtension>
        </extensions>
      </trkpt>
      <trkpt lat="31.2199035845696926116943359375" lon="121.387373842298984527587890625">
        <ele>15.3999996185302734375</ele>
        <time>2026-09-21T10:44:03.000Z</time>
        <extensions>
          <ns3:TrackPointExtension>
            <ns3:hr>143</ns3:hr>
            <ns3:cad>86</ns3:cad>
          </ns3:TrackPointExtension>
        </extensions>
      </trkpt>
      <trkpt lat="31.219904087483882904052734375" lon="121.3873448409140110015869140625">
        <ele>15.3999996185302734375</ele>
        <time>2026-09-21T10:44:04.000Z</time>
        <extensions>
          <ns3:TrackPointExtension>
            <ns3:hr>143</ns3:hr>
            <ns3:cad>86</ns3:cad>
          </ns3:TrackPointExtension>
        </extensions>
      </trkpt>
      <trkpt lat="31.219902746379375457763671875" lon="121.38731793500483036041259765625">
        <ele>15.3999996185302734375</ele>
        <time>2026-09-21T10:44:05.000Z</time>
        <extensions>
          <ns3:TrackPointExtension>
            <ns3:hr>143</ns3:hr>
            <ns3:cad>86</ns3:cad>
          </ns3:TrackPointExtension>
        </extensions>
      </trkpt>
      <trkpt lat="31.2199015729129314422607421875" lon="121.3872905261814594268798828125">
        <ele>15.3999996185302734375</ele>
        <time>2026-09-21T10:44:06.000Z</time>
        <extensions>
          <ns3:TrackPointExtension>
            <ns3:hr>143</ns3:hr>
            <ns3:cad>88</ns3:cad>
          </ns3:TrackPointExtension>
        </extensions>
      </trkpt>
      <trkpt lat="31.21990081854164600372314453125" lon="121.38726688921451568603515625">
        <ele>15.3999996185302734375</ele>
        <time>2026-09-21T10:44:07.000Z</time>
        <extensions>
          <ns3:TrackPointExtension>
            <ns3:hr>143</ns3:hr>
            <ns3:cad>88</ns3:cad>
          </ns3:TrackPointExtension>
        </extensions>
      </trkpt>
      <trkpt lat="31.2199009023606777191162109375" lon="121.38724300079047679901123046875">
        <ele>15.3999996185302734375</ele>
        <time>2026-09-21T10:44:08.000Z</time>
        <extensions>
          <ns3:TrackPointExtension>
            <ns3:hr>143</ns3:hr>
            <ns3:cad>88</ns3:cad>
          </ns3:TrackPointExtension>
        </extensions>
      </trkpt>
      <trkpt lat="31.21989972889423370361328125" lon="121.38721668161451816558837890625">
        <ele>15.3999996185302734375</ele>
        <time>2026-09-21T10:44:09.000Z</time>
        <extensions>
          <ns3:TrackPointExtension>
            <ns3:hr>143</ns3:hr>
            <ns3:cad>88</ns3:cad>
          </ns3:TrackPointExtension>
        </extensions>
      </trkpt>
      <trkpt lat="31.219896711409091949462890625" lon="121.3871929608285427093505859375">
        <ele>15.3999996185302734375</ele>
        <time>2026-09-21T10:44:10.000Z</time>
        <extensions>
          <ns3:TrackPointExtension>
            <ns3:hr>143</ns3:hr>
            <ns3:cad>87</ns3:cad>
          </ns3:TrackPointExtension>
        </extensions>
      </trkpt>
      <trkpt lat="31.2198952026665210723876953125" lon="121.3871669769287109375">
        <ele>15.3999996185302734375</ele>
        <time>2026-09-21T10:44:11.000Z</time>
        <extensions>
          <ns3:TrackPointExtension>
            <ns3:hr>143</ns3:hr>
            <ns3:cad>86</ns3:cad>
          </ns3:TrackPointExtension>
        </extensions>
      </trkpt>
      <trkpt lat="31.219897381961345672607421875" lon="121.387143172323703765869140625">
        <ele>15.3999996185302734375</ele>
        <time>2026-09-21T10:44:12.000Z</time>
        <extensions>
          <ns3:TrackPointExtension>
            <ns3:hr>142</ns3:hr>
            <ns3:cad>86</ns3:cad>
          </ns3:TrackPointExtension>
        </extensions>
      </trkpt>
      <trkpt lat="31.21990283019840717315673828125" lon="121.387117020785808563232421875">
        <ele>15.19999980926513671875</ele>
        <time>2026-09-21T10:44:13.000Z</time>
        <extensions>
          <ns3:TrackPointExtension>
            <ns3:hr>142</ns3:hr>
            <ns3:cad>88</ns3:cad>
          </ns3:TrackPointExtension>
        </extensions>
      </trkpt>
      <trkpt lat="31.2199057638645172119140625" lon="121.38709179125726222991943359375">
        <ele>15.19999980926513671875</ele>
        <time>2026-09-21T10:44:14.000Z</time>
        <extensions>
          <ns3:TrackPointExtension>
            <ns3:hr>142</ns3:hr>
            <ns3:cad>88</ns3:cad>
          </ns3:TrackPointExtension>
        </extensions>
      </trkpt>
      <trkpt lat="31.2199066020548343658447265625" lon="121.38706211932003498077392578125">
        <ele>15.19999980926513671875</ele>
        <time>2026-09-21T10:44:15.000Z</time>
        <extensions>
          <ns3:TrackPointExtension>
            <ns3:hr>142</ns3:hr>
            <ns3:cad>88</ns3:cad>
          </ns3:TrackPointExtension>
        </extensions>
      </trkpt>
      <trkpt lat="31.2199109606444835662841796875" lon="121.38703479431569576263427734375">
        <ele>15.19999980926513671875</ele>
        <time>2026-09-21T10:44:16.000Z</time>
        <extensions>
          <ns3:TrackPointExtension>
            <ns3:hr>142</ns3:hr>
            <ns3:cad>87</ns3:cad>
          </ns3:TrackPointExtension>
        </extensions>
      </trkpt>
      <trkpt lat="31.21991305612027645111083984375" lon="121.387010402977466583251953125">
        <ele>15.19999980926513671875</ele>
        <time>2026-09-21T10:44:17.000Z</time>
        <extensions>
          <ns3:TrackPointExtension>
            <ns3:hr>142</ns3:hr>
            <ns3:cad>87</ns3:cad>
          </ns3:TrackPointExtension>
        </extensions>
      </trkpt>
      <trkpt lat="31.21991137973964214324951171875" lon="121.38698282651603221893310546875">
        <ele>15.19999980926513671875</ele>
        <time>2026-09-21T10:44:18.000Z</time>
        <extensions>
          <ns3:TrackPointExtension>
            <ns3:hr>141</ns3:hr>
            <ns3:cad>86</ns3:cad>
          </ns3:TrackPointExtension>
        </extensions>
      </trkpt>
      <trkpt lat="31.2199055962264537811279296875" lon="121.3869562558829784393310546875">
        <ele>15.19999980926513671875</ele>
        <time>2026-09-21T10:44:19.000Z</time>
        <extensions>
          <ns3:TrackPointExtension>
            <ns3:hr>141</ns3:hr>
            <ns3:cad>86</ns3:cad>
          </ns3:TrackPointExtension>
        </extensions>
      </trkpt>
      <trkpt lat="31.21989964507520198822021484375" lon="121.38692381791770458221435546875">
        <ele>15.19999980926513671875</ele>
        <time>2026-09-21T10:44:20.000Z</time>
        <extensions>
          <ns3:TrackPointExtension>
            <ns3:hr>141</ns3:hr>
            <ns3:cad>87</ns3:cad>
          </ns3:TrackPointExtension>
        </extensions>
      </trkpt>
      <trkpt lat="31.2199009023606777191162109375" lon="121.38689699582755565643310546875">
        <ele>15.19999980926513671875</ele>
        <time>2026-09-21T10:44:21.000Z</time>
        <extensions>
          <ns3:TrackPointExtension>
            <ns3:hr>141</ns3:hr>
            <ns3:cad>87</ns3:cad>
          </ns3:TrackPointExtension>
        </extensions>
      </trkpt>
      <trkpt lat="31.21990132145583629608154296875" lon="121.38686145655810832977294921875">
        <ele>15.19999980926513671875</ele>
        <time>2026-09-21T10:44:22.000Z</time>
        <extensions>
          <ns3:TrackPointExtension>
            <ns3:hr>141</ns3:hr>
            <ns3:cad>86</ns3:cad>
          </ns3:TrackPointExtension>
        </extensions>
      </trkpt>
      <trkpt lat="31.21990081854164600372314453125" lon="121.38683371245861053466796875">
        <ele>15.19999980926513671875</ele>
        <time>2026-09-21T10:44:23.000Z</time>
        <extensions>
          <ns3:TrackPointExtension>
            <ns3:hr>141</ns3:hr>
            <ns3:cad>86</ns3:cad>
          </ns3:TrackPointExtension>
        </extensions>
      </trkpt>
      <trkpt lat="31.219900734722614288330078125" lon="121.38680093921720981597900390625">
        <ele>15.19999980926513671875</ele>
        <time>2026-09-21T10:44:24.000Z</time>
        <extensions>
          <ns3:TrackPointExtension>
            <ns3:hr>140</ns3:hr>
            <ns3:cad>86</ns3:cad>
          </ns3:TrackPointExtension>
        </extensions>
      </trkpt>
      <trkpt lat="31.21990165673196315765380859375" lon="121.386774368584156036376953125">
        <ele>15.19999980926513671875</ele>
        <time>2026-09-21T10:44:25.000Z</time>
        <extensions>
          <ns3:TrackPointExtension>
            <ns3:hr>141</ns3:hr>
            <ns3:cad>86</ns3:cad>
          </ns3:TrackPointExtension>
        </extensions>
      </trkpt>
      <trkpt lat="31.21990065090358257293701171875" lon="121.38674377463757991790771484375">
        <ele>15.19999980926513671875</ele>
        <time>2026-09-21T10:44:26.000Z</time>
        <extensions>
          <ns3:TrackPointExtension>
            <ns3:hr>141</ns3:hr>
            <ns3:cad>87</ns3:cad>
          </ns3:TrackPointExtension>
        </extensions>
      </trkpt>
      <trkpt lat="31.219901740550994873046875" lon="121.3867138512432575225830078125">
        <ele>15.19999980926513671875</ele>
        <time>2026-09-21T10:44:27.000Z</time>
        <extensions>
          <ns3:TrackPointExtension>
            <ns3:hr>141</ns3:hr>
            <ns3:cad>88</ns3:cad>
          </ns3:TrackPointExtension>
        </extensions>
      </trkpt>
      <trkpt lat="31.2198945321142673492431640625" lon="121.38668761588633060455322265625">
        <ele>15.19999980926513671875</ele>
        <time>2026-09-21T10:44:28.000Z</time>
        <extensions>
          <ns3:TrackPointExtension>
            <ns3:hr>141</ns3:hr>
            <ns3:cad>88</ns3:cad>
          </ns3:TrackPointExtension>
        </extensions>
      </trkpt>
      <trkpt lat="31.219896711409091949462890625" lon="121.3866568543016910552978515625">
        <ele>15.19999980926513671875</ele>
        <time>2026-09-21T10:44:29.000Z</time>
        <extensions>
          <ns3:TrackPointExtension>
            <ns3:hr>141</ns3:hr>
            <ns3:cad>87</ns3:cad>
          </ns3:TrackPointExtension>
        </extensions>
      </trkpt>
      <trkpt lat="31.21989444829523563385009765625" lon="121.38663179241120815277099609375">
        <ele>15.19999980926513671875</ele>
        <time>2026-09-21T10:44:30.000Z</time>
        <extensions>
          <ns3:TrackPointExtension>
            <ns3:hr>141</ns3:hr>
            <ns3:cad>87</ns3:cad>
          </ns3:TrackPointExtension>
        </extensions>
      </trkpt>
      <trkpt lat="31.21989478357136249542236328125" lon="121.38660036027431488037109375">
        <ele>15.19999980926513671875</ele>
        <time>2026-09-21T10:44:31.000Z</time>
        <extensions>
          <ns3:TrackPointExtension>
            <ns3:hr>141</ns3:hr>
            <ns3:cad>87</ns3:cad>
          </ns3:TrackPointExtension>
        </extensions>
      </trkpt>
      <trkpt lat="31.21989243663847446441650390625" lon="121.38657881878316402435302734375">
        <ele>15.19999980926513671875</ele>
        <time>2026-09-21T10:44:32.000Z</time>
        <extensions>
          <ns3:TrackPointExtension>
            <ns3:hr>142</ns3:hr>
            <ns3:cad>87</ns3:cad>
          </ns3:TrackPointExtension>
        </extensions>
      </trkpt>
      <trkpt lat="31.21989092789590358734130859375" lon="121.38654780574142932891845703125">
        <ele>15.19999980926513671875</ele>
        <time>2026-09-21T10:44:33.000Z</time>
        <extensions>
          <ns3:TrackPointExtension>
            <ns3:hr>142</ns3:hr>
            <ns3:cad>88</ns3:cad>
          </ns3:TrackPointExtension>
        </extensions>
      </trkpt>
      <trkpt lat="31.21989210136234760284423828125" lon="121.38652257621288299560546875">
        <ele>15.19999980926513671875</ele>
        <time>2026-09-21T10:44:34.000Z</time>
        <extensions>
          <ns3:TrackPointExtension>
            <ns3:hr>142</ns3:hr>
            <ns3:cad>88</ns3:cad>
          </ns3:TrackPointExtension>
        </extensions>
      </trkpt>
      <trkpt lat="31.21989260427653789520263671875" lon="121.38649231754243373870849609375">
        <ele>15.19999980926513671875</ele>
        <time>2026-09-21T10:44:35.000Z</time>
        <extensions>
          <ns3:TrackPointExtension>
            <ns3:hr>143</ns3:hr>
            <ns3:cad>87</ns3:cad>
          </ns3:TrackPointExtension>
        </extensions>
      </trkpt>
      <trkpt lat="31.2198938615620136260986328125" lon="121.38646968640387058258056640625">
        <ele>15.19999980926513671875</ele>
        <time>2026-09-21T10:44:36.000Z</time>
        <extensions>
          <ns3:TrackPointExtension>
            <ns3:hr>143</ns3:hr>
            <ns3:cad>87</ns3:cad>
          </ns3:TrackPointExtension>
        </extensions>
      </trkpt>
      <trkpt lat="31.21989277191460132598876953125" lon="121.386445127427577972412109375">
        <ele>15.19999980926513671875</ele>
        <time>2026-09-21T10:44:37.000Z</time>
        <extensions>
          <ns3:TrackPointExtension>
            <ns3:hr>144</ns3:hr>
            <ns3:cad>87</ns3:cad>
          </ns3:TrackPointExtension>
        </extensions>
      </trkpt>
      <trkpt lat="31.2198921851813793182373046875" lon="121.38641654513776302337646484375">
        <ele>15.19999980926513671875</ele>
        <time>2026-09-21T10:44:38.000Z</time>
        <extensions>
          <ns3:TrackPointExtension>
            <ns3:hr>144</ns3:hr>
            <ns3:cad>87</ns3:cad>
          </ns3:TrackPointExtension>
        </extensions>
      </trkpt>
      <trkpt lat="31.21988606639206409454345703125" lon="121.3863903097808361053466796875">
        <ele>15.19999980926513671875</ele>
        <time>2026-09-21T10:44:39.000Z</time>
        <extensions>
          <ns3:TrackPointExtension>
            <ns3:hr>144</ns3:hr>
            <ns3:cad>87</ns3:cad>
          </ns3:TrackPointExtension>
        </extensions>
      </trkpt>
      <trkpt lat="31.219881288707256317138671875" lon="121.3863609731197357177734375">
        <ele>15.19999980926513671875</ele>
        <time>2026-09-21T10:44:40.000Z</time>
        <extensions>
          <ns3:TrackPointExtension>
            <ns3:hr>144</ns3:hr>
            <ns3:cad>87</ns3:cad>
          </ns3:TrackPointExtension>
        </extensions>
      </trkpt>
      <trkpt lat="31.2198770977556705474853515625" lon="121.38633741997182369232177734375">
        <ele>15</ele>
        <time>2026-09-21T10:44:41.000Z</time>
        <extensions>
          <ns3:TrackPointExtension>
            <ns3:hr>144</ns3:hr>
            <ns3:cad>87</ns3:cad>
          </ns3:TrackPointExtension>
        </extensions>
      </trkpt>
      <trkpt lat="31.2198784388601779937744140625" lon="121.386305652558803558349609375">
        <ele>15</ele>
        <time>2026-09-21T10:44:42.000Z</time>
        <extensions>
          <ns3:TrackPointExtension>
            <ns3:hr>144</ns3:hr>
            <ns3:cad>87</ns3:cad>
          </ns3:TrackPointExtension>
        </extensions>
      </trkpt>
      <trkpt lat="31.21987818740308284759521484375" lon="121.38628260232508182525634765625">
        <ele>15</ele>
        <time>2026-09-21T10:44:43.000Z</time>
        <extensions>
          <ns3:TrackPointExtension>
            <ns3:hr>144</ns3:hr>
            <ns3:cad>87</ns3:cad>
          </ns3:TrackPointExtension>
        </extensions>
      </trkpt>
      <trkpt lat="31.21987718157470226287841796875" lon="121.38625142164528369903564453125">
        <ele>15</ele>
        <time>2026-09-21T10:44:44.000Z</time>
        <extensions>
          <ns3:TrackPointExtension>
            <ns3:hr>145</ns3:hr>
            <ns3:cad>87</ns3:cad>
          </ns3:TrackPointExtension>
        </extensions>
      </trkpt>
      <trkpt lat="31.2198757566511631011962890625" lon="121.386227197945117950439453125">
        <ele>15</ele>
        <time>2026-09-21T10:44:45.000Z</time>
        <extensions>
          <ns3:TrackPointExtension>
            <ns3:hr>144</ns3:hr>
            <ns3:cad>88</ns3:cad>
          </ns3:TrackPointExtension>
        </extensions>
      </trkpt>
      <trkpt lat="31.21987416408956050872802734375" lon="121.38619828037917613983154296875">
        <ele>15</ele>
        <time>2026-09-21T10:44:46.000Z</time>
        <extensions>
          <ns3:TrackPointExtension>
            <ns3:hr>144</ns3:hr>
            <ns3:cad>88</ns3:cad>
          </ns3:TrackPointExtension>
        </extensions>
      </trkpt>
      <trkpt lat="31.2198727391660213470458984375" lon="121.38617229647934436798095703125">
        <ele>15</ele>
        <time>2026-09-21T10:44:47.000Z</time>
        <extensions>
          <ns3:TrackPointExtension>
            <ns3:hr>144</ns3:hr>
            <ns3:cad>88</ns3:cad>
          </ns3:TrackPointExtension>
        </extensions>
      </trkpt>
      <trkpt lat="31.21987232007086277008056640625" lon="121.386143378913402557373046875">
        <ele>15</ele>
        <time>2026-09-21T10:44:48.000Z</time>
        <extensions>
          <ns3:TrackPointExtension>
            <ns3:hr>144</ns3:hr>
            <ns3:cad>87</ns3:cad>
          </ns3:TrackPointExtension>
        </extensions>
      </trkpt>
      <trkpt lat="31.21987198479473590850830078125" lon="121.3861140422523021697998046875">
        <ele>15</ele>
        <time>2026-09-21T10:44:49.000Z</time>
        <extensions>
          <ns3:TrackPointExtension>
            <ns3:hr>144</ns3:hr>
            <ns3:cad>87</ns3:cad>
          </ns3:TrackPointExtension>
        </extensions>
      </trkpt>
      <trkpt lat="31.2198650278151035308837890625" lon="121.38608596287667751312255859375">
        <ele>15</ele>
        <time>2026-09-21T10:44:50.000Z</time>
        <extensions>
          <ns3:TrackPointExtension>
            <ns3:hr>144</ns3:hr>
            <ns3:cad>87</ns3:cad>
          </ns3:TrackPointExtension>
        </extensions>
      </trkpt>
      <trkpt lat="31.21985773555934429168701171875" lon="121.386056877672672271728515625">
        <ele>15</ele>
        <time>2026-09-21T10:44:51.000Z</time>
        <extensions>
          <ns3:TrackPointExtension>
            <ns3:hr>143</ns3:hr>
            <ns3:cad>87</ns3:cad>
          </ns3:TrackPointExtension>
        </extensions>
      </trkpt>
      <trkpt lat="31.21984876692295074462890625" lon="121.3860325701534748077392578125">
        <ele>14.80000019073486328125</ele>
        <time>2026-09-21T10:44:52.000Z</time>
        <extensions>
          <ns3:TrackPointExtension>
            <ns3:hr>142</ns3:hr>
            <ns3:cad>87</ns3:cad>
          </ns3:TrackPointExtension>
        </extensions>
      </trkpt>
      <trkpt lat="31.21984868310391902923583984375" lon="121.386005580425262451171875">
        <ele>14.80000019073486328125</ele>
        <time>2026-09-21T10:44:53.000Z</time>
        <extensions>
          <ns3:TrackPointExtension>
            <ns3:hr>142</ns3:hr>
            <ns3:cad>87</ns3:cad>
          </ns3:TrackPointExtension>
        </extensions>
      </trkpt>
      <trkpt lat="31.2198482640087604522705078125" lon="121.38598001562058925628662109375">
        <ele>14.80000019073486328125</ele>
        <time>2026-09-21T10:44:54.000Z</time>
        <extensions>
          <ns3:TrackPointExtension>
            <ns3:hr>142</ns3:hr>
            <ns3:cad>87</ns3:cad>
          </ns3:TrackPointExtension>
        </extensions>
      </trkpt>
      <trkpt lat="31.21985010802745819091796875" lon="121.38594682328402996063232421875">
        <ele>14.80000019073486328125</ele>
        <time>2026-09-21T10:44:55.000Z</time>
        <extensions>
          <ns3:TrackPointExtension>
            <ns3:hr>142</ns3:hr>
            <ns3:cad>86</ns3:cad>
          </ns3:TrackPointExtension>
        </extensions>
      </trkpt>
      <trkpt lat="31.2198519520461559295654296875" lon="121.38592402450740337371826171875">
        <ele>14.80000019073486328125</ele>
        <time>2026-09-21T10:44:56.000Z</time>
        <extensions>
          <ns3:TrackPointExtension>
            <ns3:hr>142</ns3:hr>
            <ns3:cad>86</ns3:cad>
          </ns3:TrackPointExtension>
        </extensions>
      </trkpt>
      <trkpt lat="31.21985304169356822967529296875" lon="121.3858981244266033172607421875">
        <ele>14.80000019073486328125</ele>
        <time>2026-09-21T10:44:57.000Z</time>
        <extensions>
          <ns3:TrackPointExtension>
            <ns3:hr>142</ns3:hr>
            <ns3:cad>86</ns3:cad>
          </ns3:TrackPointExtension>
        </extensions>
      </trkpt>
      <trkpt lat="31.21985756792128086090087890625" lon="121.3858726434409618377685546875">
        <ele>15</ele>
        <time>2026-09-21T10:44:58.000Z</time>
        <extensions>
          <ns3:TrackPointExtension>
            <ns3:hr>141</ns3:hr>
            <ns3:cad>87</ns3:cad>
          </ns3:TrackPointExtension>
        </extensions>
      </trkpt>
      <trkpt lat="31.21985605917870998382568359375" lon="121.3858464919030666351318359375">
        <ele>15</ele>
        <time>2026-09-21T10:44:59.000Z</time>
        <extensions>
          <ns3:TrackPointExtension>
            <ns3:hr>141</ns3:hr>
            <ns3:cad>87</ns3:cad>
          </ns3:TrackPointExtension>
        </extensions>
      </trkpt>
      <trkpt lat="31.2198574841022491455078125" lon="121.38581790961325168609619140625">
        <ele>15</ele>
        <time>2026-09-21T10:45:00.000Z</time>
        <extensions>
          <ns3:TrackPointExtension>
            <ns3:hr>141</ns3:hr>
            <ns3:cad>87</ns3:cad>
          </ns3:TrackPointExtension>
        </extensions>
      </trkpt>
      <trkpt lat="31.21985404752194881439208984375" lon="121.3857948593795299530029296875">
        <ele>15</ele>
        <time>2026-09-21T10:45:01.000Z</time>
        <extensions>
          <ns3:TrackPointExtension>
            <ns3:hr>141</ns3:hr>
            <ns3:cad>87</ns3:cad>
          </ns3:TrackPointExtension>
        </extensions>
      </trkpt>
      <trkpt lat="31.21985723264515399932861328125" lon="121.38576661236584186553955078125">
        <ele>15</ele>
        <time>2026-09-21T10:45:02.000Z</time>
        <extensions>
          <ns3:TrackPointExtension>
            <ns3:hr>141</ns3:hr>
            <ns3:cad>87</ns3:cad>
          </ns3:TrackPointExtension>
        </extensions>
      </trkpt>
      <trkpt lat="31.21986159123480319976806640625" lon="121.38574029318988323211669921875">
        <ele>15</ele>
        <time>2026-09-21T10:45:03.000Z</time>
        <extensions>
          <ns3:TrackPointExtension>
            <ns3:hr>141</ns3:hr>
            <ns3:cad>87</ns3:cad>
          </ns3:TrackPointExtension>
        </extensions>
      </trkpt>
      <trkpt lat="31.219864189624786376953125" lon="121.385708861052989959716796875">
        <ele>15</ele>
        <time>2026-09-21T10:45:04.000Z</time>
        <extensions>
          <ns3:TrackPointExtension>
            <ns3:hr>141</ns3:hr>
            <ns3:cad>87</ns3:cad>
          </ns3:TrackPointExtension>
        </extensions>
      </trkpt>
      <trkpt lat="31.2198628485202789306640625" lon="121.3856828771531581878662109375">
        <ele>15</ele>
        <time>2026-09-21T10:45:05.000Z</time>
        <extensions>
          <ns3:TrackPointExtension>
            <ns3:hr>141</ns3:hr>
            <ns3:cad>87</ns3:cad>
          </ns3:TrackPointExtension>
        </extensions>
      </trkpt>
      <trkpt lat="31.2198613397777080535888671875" lon="121.38565488159656524658203125">
        <ele>14.80000019073486328125</ele>
        <time>2026-09-21T10:45:06.000Z</time>
        <extensions>
          <ns3:TrackPointExtension>
            <ns3:hr>141</ns3:hr>
            <ns3:cad>87</ns3:cad>
          </ns3:TrackPointExtension>
        </extensions>
      </trkpt>
      <trkpt lat="31.21985413134098052978515625" lon="121.385622359812259674072265625">
        <ele>15</ele>
        <time>2026-09-21T10:45:07.000Z</time>
        <extensions>
          <ns3:TrackPointExtension>
            <ns3:hr>142</ns3:hr>
            <ns3:cad>87</ns3:cad>
          </ns3:TrackPointExtension>
        </extensions>
      </trkpt>
      <trkpt lat="31.21984080411493778228759765625" lon="121.38559763319790363311767578125">
        <ele>15</ele>
        <time>2026-09-21T10:45:08.000Z</time>
        <extensions>
          <ns3:TrackPointExtension>
            <ns3:hr>141</ns3:hr>
            <ns3:cad>87</ns3:cad>
          </ns3:TrackPointExtension>
        </extensions>
      </trkpt>
      <trkpt lat="31.21982521377503871917724609375" lon="121.38556997291743755340576171875">
        <ele>15</ele>
        <time>2026-09-21T10:45:09.000Z</time>
        <extensions>
          <ns3:TrackPointExtension>
            <ns3:hr>142</ns3:hr>
            <ns3:cad>86</ns3:cad>
          </ns3:TrackPointExtension>
        </extensions>
      </trkpt>
      <trkpt lat="31.219810880720615386962890625" lon="121.38554625213146209716796875">
        <ele>15</ele>
        <time>2026-09-21T10:45:10.000Z</time>
        <extensions>
          <ns3:TrackPointExtension>
            <ns3:hr>142</ns3:hr>
            <ns3:cad>87</ns3:cad>
          </ns3:TrackPointExtension>
        </extensions>
      </trkpt>
      <trkpt lat="31.21979772113263607025146484375" lon="121.385515071451663970947265625">
        <ele>15</ele>
        <time>2026-09-21T10:45:11.000Z</time>
        <extensions>
          <ns3:TrackPointExtension>
            <ns3:hr>142</ns3:hr>
            <ns3:cad>86</ns3:cad>
          </ns3:TrackPointExtension>
        </extensions>
      </trkpt>
      <trkpt lat="31.219783723354339599609375" lon="121.3854860700666904449462890625">
        <ele>15</ele>
        <time>2026-09-21T10:45:12.000Z</time>
        <extensions>
          <ns3:TrackPointExtension>
            <ns3:hr>142</ns3:hr>
            <ns3:cad>86</ns3:cad>
          </ns3:TrackPointExtension>
        </extensions>
      </trkpt>
      <trkpt lat="31.219764612615108489990234375" lon="121.38546922244131565093994140625">
        <ele>15</ele>
        <time>2026-09-21T10:45:13.000Z</time>
        <extensions>
          <ns3:TrackPointExtension>
            <ns3:hr>142</ns3:hr>
            <ns3:cad>86</ns3:cad>
          </ns3:TrackPointExtension>
        </extensions>
      </trkpt>
      <trkpt lat="31.21973343193531036376953125" lon="121.38545614667236804962158203125">
        <ele>15</ele>
        <time>2026-09-21T10:45:14.000Z</time>
        <extensions>
          <ns3:TrackPointExtension>
            <ns3:hr>142</ns3:hr>
            <ns3:cad>85</ns3:cad>
          </ns3:TrackPointExtension>
        </extensions>
      </trkpt>
      <trkpt lat="31.21971004642546176910400390625" lon="121.38545430265367031097412109375">
        <ele>15</ele>
        <time>2026-09-21T10:45:15.000Z</time>
        <extensions>
          <ns3:TrackPointExtension>
            <ns3:hr>142</ns3:hr>
            <ns3:cad>84</ns3:cad>
          </ns3:TrackPointExtension>
        </extensions>
      </trkpt>
      <trkpt lat="31.21968825347721576690673828125" lon="121.38545363210141658782958984375">
        <ele>15</ele>
        <time>2026-09-21T10:45:16.000Z</time>
        <extensions>
          <ns3:TrackPointExtension>
            <ns3:hr>141</ns3:hr>
            <ns3:cad>84</ns3:cad>
          </ns3:TrackPointExtension>
        </extensions>
      </trkpt>
      <trkpt lat="31.21966545470058917999267578125" lon="121.3854575715959072113037109375">
        <ele>14.80000019073486328125</ele>
        <time>2026-09-21T10:45:17.000Z</time>
        <extensions>
          <ns3:TrackPointExtension>
            <ns3:hr>141</ns3:hr>
            <ns3:cad>84</ns3:cad>
          </ns3:TrackPointExtension>
        </extensions>
      </trkpt>
      <trkpt lat="31.21964399702847003936767578125" lon="121.38545966707170009613037109375">
        <ele>15</ele>
        <time>2026-09-21T10:45:18.000Z</time>
        <extensions>
          <ns3:TrackPointExtension>
            <ns3:hr>141</ns3:hr>
            <ns3:cad>84</ns3:cad>
          </ns3:TrackPointExtension>
        </extensions>
      </trkpt>
      <trkpt lat="31.2196256406605243682861328125" lon="121.38545849360525608062744140625">
        <ele>15</ele>
        <time>2026-09-21T10:45:19.000Z</time>
        <extensions>
          <ns3:TrackPointExtension>
            <ns3:hr>141</ns3:hr>
            <ns3:cad>84</ns3:cad>
          </ns3:TrackPointExtension>
        </extensions>
      </trkpt>
      <trkpt lat="31.21959940530359745025634765625" lon="121.385461427271366119384765625">
        <ele>15</ele>
        <time>2026-09-21T10:45:20.000Z</time>
        <extensions>
          <ns3:TrackPointExtension>
            <ns3:hr>141</ns3:hr>
            <ns3:cad>85</ns3:cad>
          </ns3:TrackPointExtension>
        </extensions>
      </trkpt>
      <trkpt lat="31.21956822462379932403564453125" lon="121.38546151109039783477783203125">
        <ele>15</ele>
        <time>2026-09-21T10:45:21.000Z</time>
        <extensions>
          <ns3:TrackPointExtension>
            <ns3:hr>141</ns3:hr>
            <ns3:cad>85</ns3:cad>
          </ns3:TrackPointExtension>
        </extensions>
      </trkpt>
      <trkpt lat="31.21954542584717273712158203125" lon="121.38547022826969623565673828125">
        <ele>15</ele>
        <time>2026-09-21T10:45:22.000Z</time>
        <extensions>
          <ns3:TrackPointExtension>
            <ns3:hr>140</ns3:hr>
            <ns3:cad>85</ns3:cad>
          </ns3:TrackPointExtension>
        </extensions>
      </trkpt>
      <trkpt lat="31.2195193581283092498779296875" lon="121.3854704797267913818359375">
        <ele>14.80000019073486328125</ele>
        <time>2026-09-21T10:45:23.000Z</time>
        <extensions>
          <ns3:TrackPointExtension>
            <ns3:hr>140</ns3:hr>
            <ns3:cad>85</ns3:cad>
          </ns3:TrackPointExtension>
        </extensions>
      </trkpt>
      <trkpt lat="31.21949915774166584014892578125" lon="121.38547249138355255126953125">
        <ele>14.80000019073486328125</ele>
        <time>2026-09-21T10:45:24.000Z</time>
        <extensions>
          <ns3:TrackPointExtension>
            <ns3:hr>140</ns3:hr>
            <ns3:cad>85</ns3:cad>
          </ns3:TrackPointExtension>
        </extensions>
      </trkpt>
      <trkpt lat="31.21947753243148326873779296875" lon="121.38547391630709171295166015625">
        <ele>14.80000019073486328125</ele>
        <time>2026-09-21T10:45:25.000Z</time>
        <extensions>
          <ns3:TrackPointExtension>
            <ns3:hr>140</ns3:hr>
            <ns3:cad>85</ns3:cad>
          </ns3:TrackPointExtension>
        </extensions>
      </trkpt>
      <trkpt lat="31.2194533087313175201416015625" lon="121.38547115027904510498046875">
        <ele>14.6000003814697265625</ele>
        <time>2026-09-21T10:45:26.000Z</time>
        <extensions>
          <ns3:TrackPointExtension>
            <ns3:hr>140</ns3:hr>
            <ns3:cad>85</ns3:cad>
          </ns3:TrackPointExtension>
        </extensions>
      </trkpt>
      <trkpt lat="31.2194315157830715179443359375" lon="121.38547726906836032867431640625">
        <ele>14.6000003814697265625</ele>
        <time>2026-09-21T10:45:27.000Z</time>
        <extensions>
          <ns3:TrackPointExtension>
            <ns3:hr>140</ns3:hr>
            <ns3:cad>85</ns3:cad>
          </ns3:TrackPointExtension>
        </extensions>
      </trkpt>
      <trkpt lat="31.21940486133098602294921875" lon="121.38547223992645740509033203125">
        <ele>14.6000003814697265625</ele>
        <time>2026-09-21T10:45:28.000Z</time>
        <extensions>
          <ns3:TrackPointExtension>
            <ns3:hr>141</ns3:hr>
            <ns3:cad>85</ns3:cad>
          </ns3:TrackPointExtension>
        </extensions>
      </trkpt>
      <trkpt lat="31.21938231401145458221435546875" lon="121.38547173701226711273193359375">
        <ele>14.6000003814697265625</ele>
        <time>2026-09-21T10:45:29.000Z</time>
        <extensions>
          <ns3:TrackPointExtension>
            <ns3:hr>141</ns3:hr>
            <ns3:cad>85</ns3:cad>
          </ns3:TrackPointExtension>
        </extensions>
      </trkpt>
      <trkpt lat="31.21935121715068817138671875" lon="121.38547140173614025115966796875">
        <ele>14.6000003814697265625</ele>
        <time>2026-09-21T10:45:30.000Z</time>
        <extensions>
          <ns3:TrackPointExtension>
            <ns3:hr>141</ns3:hr>
            <ns3:cad>86</ns3:cad>
          </ns3:TrackPointExtension>
        </extensions>
      </trkpt>
      <trkpt lat="31.2193289212882518768310546875" lon="121.38546788133680820465087890625">
        <ele>14.6000003814697265625</ele>
        <time>2026-09-21T10:45:31.000Z</time>
        <extensions>
          <ns3:TrackPointExtension>
            <ns3:hr>141</ns3:hr>
            <ns3:cad>87</ns3:cad>
          </ns3:TrackPointExtension>
        </extensions>
      </trkpt>
      <trkpt lat="31.21930017136037349700927734375" lon="121.38547240756452083587646484375">
        <ele>14.80000019073486328125</ele>
        <time>2026-09-21T10:45:32.000Z</time>
        <extensions>
          <ns3:TrackPointExtension>
            <ns3:hr>141</ns3:hr>
            <ns3:cad>87</ns3:cad>
          </ns3:TrackPointExtension>
        </extensions>
      </trkpt>
      <trkpt lat="31.21928022243082523345947265625" lon="121.38547341339290142059326171875">
        <ele>14.80000019073486328125</ele>
        <time>2026-09-21T10:45:33.000Z</time>
        <extensions>
          <ns3:TrackPointExtension>
            <ns3:hr>141</ns3:hr>
            <ns3:cad>87</ns3:cad>
          </ns3:TrackPointExtension>
        </extensions>
      </trkpt>
      <trkpt lat="31.21925826184451580047607421875" lon="121.38547307811677455902099609375">
        <ele>14.80000019073486328125</ele>
        <time>2026-09-21T10:45:34.000Z</time>
        <extensions>
          <ns3:TrackPointExtension>
            <ns3:hr>141</ns3:hr>
            <ns3:cad>87</ns3:cad>
          </ns3:TrackPointExtension>
        </extensions>
      </trkpt>
      <trkpt lat="31.21923261322081089019775390625" lon="121.3854699768126010894775390625">
        <ele>14.80000019073486328125</ele>
        <time>2026-09-21T10:45:35.000Z</time>
        <extensions>
          <ns3:TrackPointExtension>
            <ns3:hr>141</ns3:hr>
            <ns3:cad>86</ns3:cad>
          </ns3:TrackPointExtension>
        </extensions>
      </trkpt>
      <trkpt lat="31.2192139215767383575439453125" lon="121.38546654023230075836181640625">
        <ele>14.80000019073486328125</ele>
        <time>2026-09-21T10:45:36.000Z</time>
        <extensions>
          <ns3:TrackPointExtension>
            <ns3:hr>141</ns3:hr>
            <ns3:cad>86</ns3:cad>
          </ns3:TrackPointExtension>
        </extensions>
      </trkpt>
      <trkpt lat="31.21919020079076290130615234375" lon="121.38546100817620754241943359375">
        <ele>15</ele>
        <time>2026-09-21T10:45:37.000Z</time>
        <extensions>
          <ns3:TrackPointExtension>
            <ns3:hr>141</ns3:hr>
            <ns3:cad>87</ns3:cad>
          </ns3:TrackPointExtension>
        </extensions>
      </trkpt>
      <trkpt lat="31.2191693298518657684326171875" lon="121.38545832596719264984130859375">
        <ele>15</ele>
        <time>2026-09-21T10:45:38.000Z</time>
        <extensions>
          <ns3:TrackPointExtension>
            <ns3:hr>141</ns3:hr>
            <ns3:cad>88</ns3:cad>
          </ns3:TrackPointExtension>
        </extensions>
      </trkpt>
      <trkpt lat="31.21914242394268512725830078125" lon="121.38545312918722629547119140625">
        <ele>15.19999980926513671875</ele>
        <time>2026-09-21T10:45:39.000Z</time>
        <extensions>
          <ns3:TrackPointExtension>
            <ns3:hr>141</ns3:hr>
            <ns3:cad>88</ns3:cad>
          </ns3:TrackPointExtension>
        </extensions>
      </trkpt>
      <trkpt lat="31.21912264265120029449462890625" lon="121.3854515366256237030029296875">
        <ele>15.19999980926513671875</ele>
        <time>2026-09-21T10:45:40.000Z</time>
        <extensions>
          <ns3:TrackPointExtension>
            <ns3:hr>141</ns3:hr>
            <ns3:cad>86</ns3:cad>
          </ns3:TrackPointExtension>
        </extensions>
      </trkpt>
      <trkpt lat="31.2190992571413516998291015625" lon="121.38544432818889617919921875">
        <ele>15.19999980926513671875</ele>
        <time>2026-09-21T10:45:41.000Z</time>
        <extensions>
          <ns3:TrackPointExtension>
            <ns3:hr>141</ns3:hr>
            <ns3:cad>86</ns3:cad>
          </ns3:TrackPointExtension>
        </extensions>
      </trkpt>
      <trkpt lat="31.2190761230885982513427734375" lon="121.3854411430656909942626953125">
        <ele>15.19999980926513671875</ele>
        <time>2026-09-21T10:45:42.000Z</time>
        <extensions>
          <ns3:TrackPointExtension>
            <ns3:hr>141</ns3:hr>
            <ns3:cad>86</ns3:cad>
          </ns3:TrackPointExtension>
        </extensions>
      </trkpt>
      <trkpt lat="31.219053827226161956787109375" lon="121.38543468900024890899658203125">
        <ele>15.19999980926513671875</ele>
        <time>2026-09-21T10:45:43.000Z</time>
        <extensions>
          <ns3:TrackPointExtension>
            <ns3:hr>141</ns3:hr>
            <ns3:cad>87</ns3:cad>
          </ns3:TrackPointExtension>
        </extensions>
      </trkpt>
      <trkpt lat="31.219027675688266754150390625" lon="121.38542949222028255462646484375">
        <ele>15.3999996185302734375</ele>
        <time>2026-09-21T10:45:44.000Z</time>
        <extensions>
          <ns3:TrackPointExtension>
            <ns3:hr>141</ns3:hr>
            <ns3:cad>87</ns3:cad>
          </ns3:TrackPointExtension>
        </extensions>
      </trkpt>
      <trkpt lat="31.218996159732341766357421875" lon="121.3854186795651912689208984375">
        <ele>15.3999996185302734375</ele>
        <time>2026-09-21T10:45:45.000Z</time>
        <extensions>
          <ns3:TrackPointExtension>
            <ns3:hr>141</ns3:hr>
            <ns3:cad>87</ns3:cad>
          </ns3:TrackPointExtension>
        </extensions>
      </trkpt>
      <trkpt lat="31.21897981502115726470947265625" lon="121.3854072801768779754638671875">
        <ele>15.3999996185302734375</ele>
        <time>2026-09-21T10:45:46.000Z</time>
        <extensions>
          <ns3:TrackPointExtension>
            <ns3:hr>141</ns3:hr>
            <ns3:cad>87</ns3:cad>
          </ns3:TrackPointExtension>
        </extensions>
      </trkpt>
      <trkpt lat="31.2189577706158161163330078125" lon="121.38540518470108509063720703125">
        <ele>15.3999996185302734375</ele>
        <time>2026-09-21T10:45:47.000Z</time>
        <extensions>
          <ns3:TrackPointExtension>
            <ns3:hr>141</ns3:hr>
            <ns3:cad>86</ns3:cad>
          </ns3:TrackPointExtension>
        </extensions>
      </trkpt>
      <trkpt lat="31.21893472038209438323974609375" lon="121.38539680279791355133056640625">
        <ele>15.3999996185302734375</ele>
        <time>2026-09-21T10:45:48.000Z</time>
        <extensions>
          <ns3:TrackPointExtension>
            <ns3:hr>141</ns3:hr>
            <ns3:cad>86</ns3:cad>
          </ns3:TrackPointExtension>
        </extensions>
      </trkpt>
      <trkpt lat="31.2189172022044658660888671875" lon="121.3853921927511692047119140625">
        <ele>15.3999996185302734375</ele>
        <time>2026-09-21T10:45:49.000Z</time>
        <extensions>
          <ns3:TrackPointExtension>
            <ns3:hr>141</ns3:hr>
            <ns3:cad>88</ns3:cad>
          </ns3:TrackPointExtension>
        </extensions>
      </trkpt>
      <trkpt lat="31.21888694353401660919189453125" lon="121.3853817991912364959716796875">
        <ele>15.3999996185302734375</ele>
        <time>2026-09-21T10:45:50.000Z</time>
        <extensions>
          <ns3:TrackPointExtension>
            <ns3:hr>140</ns3:hr>
            <ns3:cad>88</ns3:cad>
          </ns3:TrackPointExtension>
        </extensions>
      </trkpt>
      <trkpt lat="31.21886766515672206878662109375" lon="121.38537618331611156463623046875">
        <ele>15.19999980926513671875</ele>
        <time>2026-09-21T10:45:51.000Z</time>
        <extensions>
          <ns3:TrackPointExtension>
            <ns3:hr>141</ns3:hr>
            <ns3:cad>87</ns3:cad>
          </ns3:TrackPointExtension>
        </extensions>
      </trkpt>
      <trkpt lat="31.2188404239714145660400390625" lon="121.38536830432713031768798828125">
        <ele>15.19999980926513671875</ele>
        <time>2026-09-21T10:45:52.000Z</time>
        <extensions>
          <ns3:TrackPointExtension>
            <ns3:hr>141</ns3:hr>
            <ns3:cad>87</ns3:cad>
          </ns3:TrackPointExtension>
        </extensions>
      </trkpt>
      <trkpt lat="31.21882282197475433349609375" lon="121.38535908423364162445068359375">
        <ele>15.19999980926513671875</ele>
        <time>2026-09-21T10:45:53.000Z</time>
        <extensions>
          <ns3:TrackPointExtension>
            <ns3:hr>140</ns3:hr>
            <ns3:cad>87</ns3:cad>
          </ns3:TrackPointExtension>
        </extensions>
      </trkpt>
      <trkpt lat="31.218799017369747161865234375" lon="121.38535086996853351593017578125">
        <ele>15.19999980926513671875</ele>
        <time>2026-09-21T10:45:54.000Z</time>
        <extensions>
          <ns3:TrackPointExtension>
            <ns3:hr>140</ns3:hr>
            <ns3:cad>87</ns3:cad>
          </ns3:TrackPointExtension>
        </extensions>
      </trkpt>
      <trkpt lat="31.21877797879278659820556640625" lon="121.38534374535083770751953125">
        <ele>15</ele>
        <time>2026-09-21T10:45:55.000Z</time>
        <extensions>
          <ns3:TrackPointExtension>
            <ns3:hr>140</ns3:hr>
            <ns3:cad>87</ns3:cad>
          </ns3:TrackPointExtension>
        </extensions>
      </trkpt>
      <trkpt lat="31.21875685639679431915283203125" lon="121.38533930294215679168701171875">
        <ele>15</ele>
        <time>2026-09-21T10:45:56.000Z</time>
        <extensions>
          <ns3:TrackPointExtension>
            <ns3:hr>140</ns3:hr>
            <ns3:cad>88</ns3:cad>
          </ns3:TrackPointExtension>
        </extensions>
      </trkpt>
      <trkpt lat="31.2187378294765949249267578125" lon="121.3853278197348117828369140625">
        <ele>14.80000019073486328125</ele>
        <time>2026-09-21T10:45:57.000Z</time>
        <extensions>
          <ns3:TrackPointExtension>
            <ns3:hr>140</ns3:hr>
            <ns3:cad>88</ns3:cad>
          </ns3:TrackPointExtension>
        </extensions>
      </trkpt>
      <trkpt lat="31.21872651390731334686279296875" lon="121.38531985692679882049560546875">
        <ele>14.80000019073486328125</ele>
        <time>2026-09-21T10:45:58.000Z</time>
        <extensions>
          <ns3:TrackPointExtension>
            <ns3:hr>140</ns3:hr>
            <ns3:cad>88</ns3:cad>
          </ns3:TrackPointExtension>
        </extensions>
      </trkpt>
      <trkpt lat="31.21870472095906734466552734375" lon="121.38530426658689975738525390625">
        <ele>14.6000003814697265625</ele>
        <time>2026-09-21T10:45:59.000Z</time>
        <extensions>
          <ns3:TrackPointExtension>
            <ns3:hr>140</ns3:hr>
            <ns3:cad>87</ns3:cad>
          </ns3:TrackPointExtension>
        </extensions>
      </trkpt>
      <trkpt lat="31.21868695132434368133544921875" lon="121.38529672287404537200927734375">
        <ele>14.6000003814697265625</ele>
        <time>2026-09-21T10:46:00.000Z</time>
        <extensions>
          <ns3:TrackPointExtension>
            <ns3:hr>139</ns3:hr>
            <ns3:cad>87</ns3:cad>
          </ns3:TrackPointExtension>
        </extensions>
      </trkpt>
      <trkpt lat="31.21866314671933650970458984375" lon="121.3852872513234615325927734375">
        <ele>14.6000003814697265625</ele>
        <time>2026-09-21T10:46:01.000Z</time>
        <extensions>
          <ns3:TrackPointExtension>
            <ns3:hr>140</ns3:hr>
            <ns3:cad>87</ns3:cad>
          </ns3:TrackPointExtension>
        </extensions>
      </trkpt>
      <trkpt lat="31.21864420361816883087158203125" lon="121.38527560047805309295654296875">
        <ele>14.6000003814697265625</ele>
        <time>2026-09-21T10:46:02.000Z</time>
        <extensions>
          <ns3:TrackPointExtension>
            <ns3:hr>140</ns3:hr>
            <ns3:cad>87</ns3:cad>
          </ns3:TrackPointExtension>
        </extensions>
      </trkpt>
      <trkpt lat="31.21861436404287815093994140625" lon="121.3852641172707080841064453125">
        <ele>14.80000019073486328125</ele>
        <time>2026-09-21T10:46:03.000Z</time>
        <extensions>
          <ns3:TrackPointExtension>
            <ns3:hr>139</ns3:hr>
            <ns3:cad>87</ns3:cad>
          </ns3:TrackPointExtension>
        </extensions>
      </trkpt>
      <trkpt lat="31.2185955047607421875" lon="121.38524794019758701324462890625">
        <ele>14.80000019073486328125</ele>
        <time>2026-09-21T10:46:04.000Z</time>
        <extensions>
          <ns3:TrackPointExtension>
            <ns3:hr>139</ns3:hr>
            <ns3:cad>87</ns3:cad>
          </ns3:TrackPointExtension>
        </extensions>
      </trkpt>
      <trkpt lat="31.21856424026191234588623046875" lon="121.385231427848339080810546875">
        <ele>14.80000019073486328125</ele>
        <time>2026-09-21T10:46:05.000Z</time>
        <extensions>
          <ns3:TrackPointExtension>
            <ns3:hr>140</ns3:hr>
            <ns3:cad>86</ns3:cad>
          </ns3:TrackPointExtension>
        </extensions>
      </trkpt>
      <trkpt lat="31.21854160912334918975830078125" lon="121.38521474786102771759033203125">
        <ele>14.80000019073486328125</ele>
        <time>2026-09-21T10:46:06.000Z</time>
        <extensions>
          <ns3:TrackPointExtension>
            <ns3:hr>139</ns3:hr>
            <ns3:cad>86</ns3:cad>
          </ns3:TrackPointExtension>
        </extensions>
      </trkpt>
      <trkpt lat="31.218514032661914825439453125" lon="121.38520385138690471649169921875">
        <ele>14.80000019073486328125</ele>
        <time>2026-09-21T10:46:07.000Z</time>
        <extensions>
          <ns3:TrackPointExtension>
            <ns3:hr>139</ns3:hr>
            <ns3:cad>86</ns3:cad>
          </ns3:TrackPointExtension>
        </extensions>
      </trkpt>
      <trkpt lat="31.2184867076575756072998046875" lon="121.38519261963665485382080078125">
        <ele>14.6000003814697265625</ele>
        <time>2026-09-21T10:46:08.000Z</time>
        <extensions>
          <ns3:TrackPointExtension>
            <ns3:hr>139</ns3:hr>
            <ns3:cad>86</ns3:cad>
          </ns3:TrackPointExtension>
        </extensions>
      </trkpt>
      <trkpt lat="31.218464411795139312744140625" lon="121.38518507592380046844482421875">
        <ele>14.6000003814697265625</ele>
        <time>2026-09-21T10:46:09.000Z</time>
        <extensions>
          <ns3:TrackPointExtension>
            <ns3:hr>140</ns3:hr>
            <ns3:cad>87</ns3:cad>
          </ns3:TrackPointExtension>
        </extensions>
      </trkpt>
      <trkpt lat="31.2184370867908000946044921875" lon="121.38516646809875965118408203125">
        <ele>14.6000003814697265625</ele>
        <time>2026-09-21T10:46:10.000Z</time>
        <extensions>
          <ns3:TrackPointExtension>
            <ns3:hr>139</ns3:hr>
            <ns3:cad>88</ns3:cad>
          </ns3:TrackPointExtension>
        </extensions>
      </trkpt>
      <trkpt lat="31.21841973625123500823974609375" lon="121.3851571641862392425537109375">
        <ele>14.3999996185302734375</ele>
        <time>2026-09-21T10:46:11.000Z</time>
        <extensions>
          <ns3:TrackPointExtension>
            <ns3:hr>139</ns3:hr>
            <ns3:cad>87</ns3:cad>
          </ns3:TrackPointExtension>
        </extensions>
      </trkpt>
      <trkpt lat="31.21839459054172039031982421875" lon="121.38514392077922821044921875">
        <ele>14.3999996185302734375</ele>
        <time>2026-09-21T10:46:12.000Z</time>
        <extensions>
          <ns3:TrackPointExtension>
            <ns3:hr>140</ns3:hr>
            <ns3:cad>87</ns3:cad>
          </ns3:TrackPointExtension>
        </extensions>
      </trkpt>
      <trkpt lat="31.2183743901550769805908203125" lon="121.38513260520994663238525390625">
        <ele>14.3999996185302734375</ele>
        <time>2026-09-21T10:46:13.000Z</time>
        <extensions>
          <ns3:TrackPointExtension>
            <ns3:hr>139</ns3:hr>
            <ns3:cad>87</ns3:cad>
          </ns3:TrackPointExtension>
        </extensions>
      </trkpt>
      <trkpt lat="31.218351423740386962890625" lon="121.38511651195585727691650390625">
        <ele>14.3999996185302734375</ele>
        <time>2026-09-21T10:46:14.000Z</time>
        <extensions>
          <ns3:TrackPointExtension>
            <ns3:hr>140</ns3:hr>
            <ns3:cad>87</ns3:cad>
          </ns3:TrackPointExtension>
        </extensions>
      </trkpt>
      <trkpt lat="31.21833600103855133056640625" lon="121.38510528020560741424560546875">
        <ele>14.3999996185302734375</ele>
        <time>2026-09-21T10:46:15.000Z</time>
        <extensions>
          <ns3:TrackPointExtension>
            <ns3:hr>140</ns3:hr>
            <ns3:cad>88</ns3:cad>
          </ns3:TrackPointExtension>
        </extensions>
      </trkpt>
      <trkpt lat="31.21831630356609821319580078125" lon="121.3850896060466766357421875">
        <ele>14.3999996185302734375</ele>
        <time>2026-09-21T10:46:16.000Z</time>
        <extensions>
          <ns3:TrackPointExtension>
            <ns3:hr>140</ns3:hr>
            <ns3:cad>88</ns3:cad>
          </ns3:TrackPointExtension>
        </extensions>
      </trkpt>
      <trkpt lat="31.21829886920750141143798828125" lon="121.38507778756320476531982421875">
        <ele>14.3999996185302734375</ele>
        <time>2026-09-21T10:46:17.000Z</time>
        <extensions>
          <ns3:TrackPointExtension>
            <ns3:hr>141</ns3:hr>
            <ns3:cad>88</ns3:cad>
          </ns3:TrackPointExtension>
        </extensions>
      </trkpt>
      <trkpt lat="31.21828076429665088653564453125" lon="121.38506270013749599456787109375">
        <ele>14.3999996185302734375</ele>
        <time>2026-09-21T10:46:18.000Z</time>
        <extensions>
          <ns3:TrackPointExtension>
            <ns3:hr>141</ns3:hr>
            <ns3:cad>88</ns3:cad>
          </ns3:TrackPointExtension>
        </extensions>
      </trkpt>
      <trkpt lat="31.21826349757611751556396484375" lon="121.38504995964467525482177734375">
        <ele>14.3999996185302734375</ele>
        <time>2026-09-21T10:46:19.000Z</time>
        <extensions>
          <ns3:TrackPointExtension>
            <ns3:hr>141</ns3:hr>
            <ns3:cad>87</ns3:cad>
          </ns3:TrackPointExtension>
        </extensions>
      </trkpt>
      <trkpt lat="31.21824220754206180572509765625" lon="121.38504040427505970001220703125">
        <ele>14.3999996185302734375</ele>
        <time>2026-09-21T10:46:20.000Z</time>
        <extensions>
          <ns3:TrackPointExtension>
            <ns3:hr>141</ns3:hr>
            <ns3:cad>87</ns3:cad>
          </ns3:TrackPointExtension>
        </extensions>
      </trkpt>
      <trkpt lat="31.21821890585124492645263671875" lon="121.38502816669642925262451171875">
        <ele>14.3999996185302734375</ele>
        <time>2026-09-21T10:46:21.000Z</time>
        <extensions>
          <ns3:TrackPointExtension>
            <ns3:hr>141</ns3:hr>
            <ns3:cad>87</ns3:cad>
          </ns3:TrackPointExtension>
        </extensions>
      </trkpt>
      <trkpt lat="31.2181953527033329010009765625" lon="121.385017521679401397705078125">
        <ele>14.3999996185302734375</ele>
        <time>2026-09-21T10:46:22.000Z</time>
        <extensions>
          <ns3:TrackPointExtension>
            <ns3:hr>141</ns3:hr>
            <ns3:cad>88</ns3:cad>
          </ns3:TrackPointExtension>
        </extensions>
      </trkpt>
      <trkpt lat="31.21817297302186489105224609375" lon="121.3850010931491851806640625">
        <ele>14.3999996185302734375</ele>
        <time>2026-09-21T10:46:23.000Z</time>
        <extensions>
          <ns3:TrackPointExtension>
            <ns3:hr>141</ns3:hr>
            <ns3:cad>88</ns3:cad>
          </ns3:TrackPointExtension>
        </extensions>
      </trkpt>
      <trkpt lat="31.218157298862934112548828125" lon="121.38498407788574695587158203125">
        <ele>14.19999980926513671875</ele>
        <time>2026-09-21T10:46:24.000Z</time>
        <extensions>
          <ns3:TrackPointExtension>
            <ns3:hr>141</ns3:hr>
            <ns3:cad>88</ns3:cad>
          </ns3:TrackPointExtension>
        </extensions>
      </trkpt>
      <trkpt lat="31.21813558973371982574462890625" lon="121.384971253573894500732421875">
        <ele>14.19999980926513671875</ele>
        <time>2026-09-21T10:46:25.000Z</time>
        <extensions>
          <ns3:TrackPointExtension>
            <ns3:hr>141</ns3:hr>
            <ns3:cad>87</ns3:cad>
          </ns3:TrackPointExtension>
        </extensions>
      </trkpt>
      <trkpt lat="31.21811597608029842376708984375" lon="121.3849526457488536834716796875">
        <ele>14.19999980926513671875</ele>
        <time>2026-09-21T10:46:26.000Z</time>
        <extensions>
          <ns3:TrackPointExtension>
            <ns3:hr>141</ns3:hr>
            <ns3:cad>87</ns3:cad>
          </ns3:TrackPointExtension>
        </extensions>
      </trkpt>
      <trkpt lat="31.21809233911335468292236328125" lon="121.3849368877708911895751953125">
        <ele>14.19999980926513671875</ele>
        <time>2026-09-21T10:46:27.000Z</time>
        <extensions>
          <ns3:TrackPointExtension>
            <ns3:hr>141</ns3:hr>
            <ns3:cad>87</ns3:cad>
          </ns3:TrackPointExtension>
        </extensions>
      </trkpt>
      <trkpt lat="31.218072809278964996337890625" lon="121.38492641039192676544189453125">
        <ele>14.19999980926513671875</ele>
        <time>2026-09-21T10:46:28.000Z</time>
        <extensions>
          <ns3:TrackPointExtension>
            <ns3:hr>141</ns3:hr>
            <ns3:cad>88</ns3:cad>
          </ns3:TrackPointExtension>
        </extensions>
      </trkpt>
      <trkpt lat="31.21804858557879924774169921875" lon="121.3849098980426788330078125">
        <ele>14.19999980926513671875</ele>
        <time>2026-09-21T10:46:29.000Z</time>
        <extensions>
          <ns3:TrackPointExtension>
            <ns3:hr>140</ns3:hr>
            <ns3:cad>88</ns3:cad>
          </ns3:TrackPointExtension>
        </extensions>
      </trkpt>
      <trkpt lat="31.21802997775375843048095703125" lon="121.3848973251879215240478515625">
        <ele>14</ele>
        <time>2026-09-21T10:46:30.000Z</time>
        <extensions>
          <ns3:TrackPointExtension>
            <ns3:hr>140</ns3:hr>
            <ns3:cad>88</ns3:cad>
          </ns3:TrackPointExtension>
        </extensions>
      </trkpt>
      <trkpt lat="31.2180126272141933441162109375" lon="121.38488131575286388397216796875">
        <ele>14</ele>
        <time>2026-09-21T10:46:31.000Z</time>
        <extensions>
          <ns3:TrackPointExtension>
            <ns3:hr>140</ns3:hr>
            <ns3:cad>87</ns3:cad>
          </ns3:TrackPointExtension>
        </extensions>
      </trkpt>
      <trkpt lat="31.21799477376043796539306640625" lon="121.38486631214618682861328125">
        <ele>14</ele>
        <time>2026-09-21T10:46:32.000Z</time>
        <extensions>
          <ns3:TrackPointExtension>
            <ns3:hr>140</ns3:hr>
            <ns3:cad>87</ns3:cad>
          </ns3:TrackPointExtension>
        </extensions>
      </trkpt>
      <trkpt lat="31.21797767467796802520751953125" lon="121.384851224720478057861328125">
        <ele>14</ele>
        <time>2026-09-21T10:46:33.000Z</time>
        <extensions>
          <ns3:TrackPointExtension>
            <ns3:hr>140</ns3:hr>
            <ns3:cad>87</ns3:cad>
          </ns3:TrackPointExtension>
        </extensions>
      </trkpt>
      <trkpt lat="31.2179531157016754150390625" lon="121.38483990915119647979736328125">
        <ele>14</ele>
        <time>2026-09-21T10:46:34.000Z</time>
        <extensions>
          <ns3:TrackPointExtension>
            <ns3:hr>139</ns3:hr>
            <ns3:cad>88</ns3:cad>
          </ns3:TrackPointExtension>
        </extensions>
      </trkpt>
      <trkpt lat="31.21793442405760288238525390625" lon="121.38482901267707347869873046875">
        <ele>14</ele>
        <time>2026-09-21T10:46:35.000Z</time>
        <extensions>
          <ns3:TrackPointExtension>
            <ns3:hr>140</ns3:hr>
            <ns3:cad>88</ns3:cad>
          </ns3:TrackPointExtension>
        </extensions>
      </trkpt>
      <trkpt lat="31.2179102003574371337890625" lon="121.38481627218425273895263671875">
        <ele>14.19999980926513671875</ele>
        <time>2026-09-21T10:46:36.000Z</time>
        <extensions>
          <ns3:TrackPointExtension>
            <ns3:hr>140</ns3:hr>
            <ns3:cad>88</ns3:cad>
          </ns3:TrackPointExtension>
        </extensions>
      </trkpt>
      <trkpt lat="31.21788899414241313934326171875" lon="121.384808979928493499755859375">
        <ele>14.19999980926513671875</ele>
        <time>2026-09-21T10:46:37.000Z</time>
        <extensions>
          <ns3:TrackPointExtension>
            <ns3:hr>140</ns3:hr>
            <ns3:cad>87</ns3:cad>
          </ns3:TrackPointExtension>
        </extensions>
      </trkpt>
      <trkpt lat="31.21785965748131275177001953125" lon="121.38479816727340221405029296875">
        <ele>14.19999980926513671875</ele>
        <time>2026-09-21T10:46:38.000Z</time>
        <extensions>
          <ns3:TrackPointExtension>
            <ns3:hr>140</ns3:hr>
            <ns3:cad>87</ns3:cad>
          </ns3:TrackPointExtension>
        </extensions>
      </trkpt>
      <trkpt lat="31.217842809855937957763671875" lon="121.38479313813149929046630859375">
        <ele>14.19999980926513671875</ele>
        <time>2026-09-21T10:46:39.000Z</time>
        <extensions>
          <ns3:TrackPointExtension>
            <ns3:hr>141</ns3:hr>
            <ns3:cad>87</ns3:cad>
          </ns3:TrackPointExtension>
        </extensions>
      </trkpt>
      <trkpt lat="31.2178138084709644317626953125" lon="121.3847779668867588043212890625">
        <ele>14.19999980926513671875</ele>
        <time>2026-09-21T10:46:40.000Z</time>
        <extensions>
          <ns3:TrackPointExtension>
            <ns3:hr>141</ns3:hr>
            <ns3:cad>88</ns3:cad>
          </ns3:TrackPointExtension>
        </extensions>
      </trkpt>
      <trkpt lat="31.217798888683319091796875" lon="121.38476581312716007232666015625">
        <ele>14</ele>
        <time>2026-09-21T10:46:41.000Z</time>
        <extensions>
          <ns3:TrackPointExtension>
            <ns3:hr>141</ns3:hr>
            <ns3:cad>88</ns3:cad>
          </ns3:TrackPointExtension>
        </extensions>
      </trkpt>
      <trkpt lat="31.2177760899066925048828125" lon="121.38475793413817882537841796875">
        <ele>14.19999980926513671875</ele>
        <time>2026-09-21T10:46:42.000Z</time>
        <extensions>
          <ns3:TrackPointExtension>
            <ns3:hr>141</ns3:hr>
            <ns3:cad>88</ns3:cad>
          </ns3:TrackPointExtension>
        </extensions>
      </trkpt>
      <trkpt lat="31.21775873936712741851806640625" lon="121.38474955223500728607177734375">
        <ele>14</ele>
        <time>2026-09-21T10:46:43.000Z</time>
        <extensions>
          <ns3:TrackPointExtension>
            <ns3:hr>141</ns3:hr>
            <ns3:cad>87</ns3:cad>
          </ns3:TrackPointExtension>
        </extensions>
      </trkpt>
      <trkpt lat="31.2177316658198833465576171875" lon="121.38474284671247005462646484375">
        <ele>14</ele>
        <time>2026-09-21T10:46:44.000Z</time>
        <extensions>
          <ns3:TrackPointExtension>
            <ns3:hr>141</ns3:hr>
            <ns3:cad>87</ns3:cad>
          </ns3:TrackPointExtension>
        </extensions>
      </trkpt>
      <trkpt lat="31.21770576573908329010009765625" lon="121.384734548628330230712890625">
        <ele>14</ele>
        <time>2026-09-21T10:46:45.000Z</time>
        <extensions>
          <ns3:TrackPointExtension>
            <ns3:hr>141</ns3:hr>
            <ns3:cad>87</ns3:cad>
          </ns3:TrackPointExtension>
        </extensions>
      </trkpt>
      <trkpt lat="31.21768095530569553375244140625" lon="121.384725160896778106689453125">
        <ele>14</ele>
        <time>2026-09-21T10:46:46.000Z</time>
        <extensions>
          <ns3:TrackPointExtension>
            <ns3:hr>141</ns3:hr>
            <ns3:cad>87</ns3:cad>
          </ns3:TrackPointExtension>
        </extensions>
      </trkpt>
      <trkpt lat="31.217654384672641754150390625" lon="121.38471451587975025177001953125">
        <ele>14</ele>
        <time>2026-09-21T10:46:47.000Z</time>
        <extensions>
          <ns3:TrackPointExtension>
            <ns3:hr>142</ns3:hr>
            <ns3:cad>88</ns3:cad>
          </ns3:TrackPointExtension>
        </extensions>
      </trkpt>
      <trkpt lat="31.2176317535340785980224609375" lon="121.38470311649143695831298828125">
        <ele>14</ele>
        <time>2026-09-21T10:46:48.000Z</time>
        <extensions>
          <ns3:TrackPointExtension>
            <ns3:hr>142</ns3:hr>
            <ns3:cad>88</ns3:cad>
          </ns3:TrackPointExtension>
        </extensions>
      </trkpt>
      <trkpt lat="31.21760870330035686492919921875" lon="121.384694315493106842041015625">
        <ele>14</ele>
        <time>2026-09-21T10:46:49.000Z</time>
        <extensions>
          <ns3:TrackPointExtension>
            <ns3:hr>142</ns3:hr>
            <ns3:cad>87</ns3:cad>
          </ns3:TrackPointExtension>
        </extensions>
      </trkpt>
      <trkpt lat="31.217584647238254547119140625" lon="121.3846871070563793182373046875">
        <ele>14</ele>
        <time>2026-09-21T10:46:50.000Z</time>
        <extensions>
          <ns3:TrackPointExtension>
            <ns3:hr>142</ns3:hr>
            <ns3:cad>87</ns3:cad>
          </ns3:TrackPointExtension>
        </extensions>
      </trkpt>
      <trkpt lat="31.21756075881421566009521484375" lon="121.38468115590512752532958984375">
        <ele>14</ele>
        <time>2026-09-21T10:46:51.000Z</time>
        <extensions>
          <ns3:TrackPointExtension>
            <ns3:hr>142</ns3:hr>
            <ns3:cad>87</ns3:cad>
          </ns3:TrackPointExtension>
        </extensions>
      </trkpt>
      <trkpt lat="31.2175398878753185272216796875" lon="121.3846747018396854400634765625">
        <ele>14.19999980926513671875</ele>
        <time>2026-09-21T10:46:52.000Z</time>
        <extensions>
          <ns3:TrackPointExtension>
            <ns3:hr>142</ns3:hr>
            <ns3:cad>87</ns3:cad>
          </ns3:TrackPointExtension>
        </extensions>
      </trkpt>
      <trkpt lat="31.2175167538225650787353515625" lon="121.3846629671752452850341796875">
        <ele>14.19999980926513671875</ele>
        <time>2026-09-21T10:46:53.000Z</time>
        <extensions>
          <ns3:TrackPointExtension>
            <ns3:hr>143</ns3:hr>
            <ns3:cad>88</ns3:cad>
          </ns3:TrackPointExtension>
        </extensions>
      </trkpt>
      <trkpt lat="31.21749789454042911529541015625" lon="121.3846532441675662994384765625">
        <ele>14.19999980926513671875</ele>
        <time>2026-09-21T10:46:54.000Z</time>
        <extensions>
          <ns3:TrackPointExtension>
            <ns3:hr>142</ns3:hr>
            <ns3:cad>88</ns3:cad>
          </ns3:TrackPointExtension>
        </extensions>
      </trkpt>
      <trkpt lat="31.21747693978250026702880859375" lon="121.38464234769344329833984375">
        <ele>14.19999980926513671875</ele>
        <time>2026-09-21T10:46:55.000Z</time>
        <extensions>
          <ns3:TrackPointExtension>
            <ns3:hr>142</ns3:hr>
            <ns3:cad>88</ns3:cad>
          </ns3:TrackPointExtension>
        </extensions>
      </trkpt>
      <trkpt lat="31.21745732612907886505126953125" lon="121.3846327923238277435302734375">
        <ele>14.3999996185302734375</ele>
        <time>2026-09-21T10:46:56.000Z</time>
        <extensions>
          <ns3:TrackPointExtension>
            <ns3:hr>143</ns3:hr>
            <ns3:cad>87</ns3:cad>
          </ns3:TrackPointExtension>
        </extensions>
      </trkpt>
      <trkpt lat="31.2174362875521183013916015625" lon="121.38462214730679988861083984375">
        <ele>14.3999996185302734375</ele>
        <time>2026-09-21T10:46:57.000Z</time>
        <extensions>
          <ns3:TrackPointExtension>
            <ns3:hr>142</ns3:hr>
            <ns3:cad>87</ns3:cad>
          </ns3:TrackPointExtension>
        </extensions>
      </trkpt>
      <trkpt lat="31.2174148298799991607666015625" lon="121.38461242429912090301513671875">
        <ele>14.3999996185302734375</ele>
        <time>2026-09-21T10:46:58.000Z</time>
        <extensions>
          <ns3:TrackPointExtension>
            <ns3:hr>142</ns3:hr>
            <ns3:cad>87</ns3:cad>
          </ns3:TrackPointExtension>
        </extensions>
      </trkpt>
      <trkpt lat="31.21739345602691173553466796875" lon="121.3846121728420257568359375">
        <ele>14.3999996185302734375</ele>
        <time>2026-09-21T10:46:59.000Z</time>
        <extensions>
          <ns3:TrackPointExtension>
            <ns3:hr>143</ns3:hr>
            <ns3:cad>88</ns3:cad>
          </ns3:TrackPointExtension>
        </extensions>
      </trkpt>
      <trkpt lat="31.21736763976514339447021484375" lon="121.38461007736623287200927734375">
        <ele>14.3999996185302734375</ele>
        <time>2026-09-21T10:47:00.000Z</time>
        <extensions>
          <ns3:TrackPointExtension>
            <ns3:hr>142</ns3:hr>
            <ns3:cad>88</ns3:cad>
          </ns3:TrackPointExtension>
        </extensions>
      </trkpt>
      <trkpt lat="31.21734132058918476104736328125" lon="121.38460747897624969482421875">
        <ele>14.3999996185302734375</ele>
        <time>2026-09-21T10:47:01.000Z</time>
        <extensions>
          <ns3:TrackPointExtension>
            <ns3:hr>142</ns3:hr>
            <ns3:cad>88</ns3:cad>
          </ns3:TrackPointExtension>
        </extensions>
      </trkpt>
      <trkpt lat="31.21731634251773357391357421875" lon="121.3845987617969512939453125">
        <ele>14.19999980926513671875</ele>
        <time>2026-09-21T10:47:02.000Z</time>
        <extensions>
          <ns3:TrackPointExtension>
            <ns3:hr>143</ns3:hr>
            <ns3:cad>87</ns3:cad>
          </ns3:TrackPointExtension>
        </extensions>
      </trkpt>
      <trkpt lat="31.2172937951982021331787109375" lon="121.3845962472259998321533203125">
        <ele>14.19999980926513671875</ele>
        <time>2026-09-21T10:47:03.000Z</time>
        <extensions>
          <ns3:TrackPointExtension>
            <ns3:hr>143</ns3:hr>
            <ns3:cad>87</ns3:cad>
          </ns3:TrackPointExtension>
        </extensions>
      </trkpt>
      <trkpt lat="31.21726772747933864593505859375" lon="121.3845912180840969085693359375">
        <ele>14</ele>
        <time>2026-09-21T10:47:04.000Z</time>
        <extensions>
          <ns3:TrackPointExtension>
            <ns3:hr>143</ns3:hr>
            <ns3:cad>87</ns3:cad>
          </ns3:TrackPointExtension>
        </extensions>
      </trkpt>
      <trkpt lat="31.21724878437817096710205078125" lon="121.3845825009047985076904296875">
        <ele>14</ele>
        <time>2026-09-21T10:47:05.000Z</time>
        <extensions>
          <ns3:TrackPointExtension>
            <ns3:hr>142</ns3:hr>
            <ns3:cad>88</ns3:cad>
          </ns3:TrackPointExtension>
        </extensions>
      </trkpt>
      <trkpt lat="31.21722581796348094940185546875" lon="121.384574286639690399169921875">
        <ele>14</ele>
        <time>2026-09-21T10:47:06.000Z</time>
        <extensions>
          <ns3:TrackPointExtension>
            <ns3:hr>143</ns3:hr>
            <ns3:cad>88</ns3:cad>
          </ns3:TrackPointExtension>
        </extensions>
      </trkpt>
      <trkpt lat="31.2172046117484569549560546875" lon="121.3845674134790897369384765625">
        <ele>14</ele>
        <time>2026-09-21T10:47:07.000Z</time>
        <extensions>
          <ns3:TrackPointExtension>
            <ns3:hr>143</ns3:hr>
            <ns3:cad>88</ns3:cad>
          </ns3:TrackPointExtension>
        </extensions>
      </trkpt>
      <trkpt lat="31.21718223206698894500732421875" lon="121.38456162996590137481689453125">
        <ele>14</ele>
        <time>2026-09-21T10:47:08.000Z</time>
        <extensions>
          <ns3:TrackPointExtension>
            <ns3:hr>142</ns3:hr>
            <ns3:cad>87</ns3:cad>
          </ns3:TrackPointExtension>
        </extensions>
      </trkpt>
      <trkpt lat="31.21716261841356754302978515625" lon="121.38455157168209552764892578125">
        <ele>14</ele>
        <time>2026-09-21T10:47:09.000Z</time>
        <extensions>
          <ns3:TrackPointExtension>
            <ns3:hr>143</ns3:hr>
            <ns3:cad>86</ns3:cad>
          </ns3:TrackPointExtension>
        </extensions>
      </trkpt>
      <trkpt lat="31.21714484877884387969970703125" lon="121.38454704545438289642333984375">
        <ele>14</ele>
        <time>2026-09-21T10:47:10.000Z</time>
        <extensions>
          <ns3:TrackPointExtension>
            <ns3:hr>143</ns3:hr>
            <ns3:cad>86</ns3:cad>
          </ns3:TrackPointExtension>
        </extensions>
      </trkpt>
      <trkpt lat="31.21712355874478816986083984375" lon="121.3845415972173213958740234375">
        <ele>14.19999980926513671875</ele>
        <time>2026-09-21T10:47:11.000Z</time>
        <extensions>
          <ns3:TrackPointExtension>
            <ns3:hr>143</ns3:hr>
            <ns3:cad>86</ns3:cad>
          </ns3:TrackPointExtension>
        </extensions>
      </trkpt>
      <trkpt lat="31.21710226871073246002197265625" lon="121.38453908264636993408203125">
        <ele>14.19999980926513671875</ele>
        <time>2026-09-21T10:47:12.000Z</time>
        <extensions>
          <ns3:TrackPointExtension>
            <ns3:hr>144</ns3:hr>
            <ns3:cad>87</ns3:cad>
          </ns3:TrackPointExtension>
        </extensions>
      </trkpt>
      <trkpt lat="31.21708206832408905029296875" lon="121.38453028164803981781005859375">
        <ele>14.19999980926513671875</ele>
        <time>2026-09-21T10:47:13.000Z</time>
        <extensions>
          <ns3:TrackPointExtension>
            <ns3:hr>144</ns3:hr>
            <ns3:cad>88</ns3:cad>
          </ns3:TrackPointExtension>
        </extensions>
      </trkpt>
      <trkpt lat="31.21705792844295501708984375" lon="121.3845263421535491943359375">
        <ele>14.3999996185302734375</ele>
        <time>2026-09-21T10:47:14.000Z</time>
        <extensions>
          <ns3:TrackPointExtension>
            <ns3:hr>144</ns3:hr>
            <ns3:cad>88</ns3:cad>
          </ns3:TrackPointExtension>
        </extensions>
      </trkpt>
      <trkpt lat="31.21703152544796466827392578125" lon="121.38452231884002685546875">
        <ele>14.3999996185302734375</ele>
        <time>2026-09-21T10:47:15.000Z</time>
        <extensions>
          <ns3:TrackPointExtension>
            <ns3:hr>144</ns3:hr>
            <ns3:cad>87</ns3:cad>
          </ns3:TrackPointExtension>
        </extensions>
      </trkpt>
      <trkpt lat="31.2170027755200862884521484375" lon="121.38451921753585338592529296875">
        <ele>14.3999996185302734375</ele>
        <time>2026-09-21T10:47:16.000Z</time>
        <extensions>
          <ns3:TrackPointExtension>
            <ns3:hr>144</ns3:hr>
            <ns3:cad>87</ns3:cad>
          </ns3:TrackPointExtension>
        </extensions>
      </trkpt>
      <trkpt lat="31.21697570197284221649169921875" lon="121.3845094107091426849365234375">
        <ele>14.3999996185302734375</ele>
        <time>2026-09-21T10:47:17.000Z</time>
        <extensions>
          <ns3:TrackPointExtension>
            <ns3:hr>144</ns3:hr>
            <ns3:cad>87</ns3:cad>
          </ns3:TrackPointExtension>
        </extensions>
      </trkpt>
      <trkpt lat="31.2169558368623256683349609375" lon="121.38450396247208118438720703125">
        <ele>14.3999996185302734375</ele>
        <time>2026-09-21T10:47:18.000Z</time>
        <extensions>
          <ns3:TrackPointExtension>
            <ns3:hr>144</ns3:hr>
            <ns3:cad>89</ns3:cad>
          </ns3:TrackPointExtension>
        </extensions>
      </trkpt>
      <trkpt lat="31.216937564313411712646484375" lon="121.38450044207274913787841796875">
        <ele>14.3999996185302734375</ele>
        <time>2026-09-21T10:47:19.000Z</time>
        <extensions>
          <ns3:TrackPointExtension>
            <ns3:hr>144</ns3:hr>
            <ns3:cad>89</ns3:cad>
          </ns3:TrackPointExtension>
        </extensions>
      </trkpt>
      <trkpt lat="31.2169162742793560028076171875" lon="121.3844986818730831146240234375">
        <ele>14.6000003814697265625</ele>
        <time>2026-09-21T10:47:20.000Z</time>
        <extensions>
          <ns3:TrackPointExtension>
            <ns3:hr>144</ns3:hr>
            <ns3:cad>88</ns3:cad>
          </ns3:TrackPointExtension>
        </extensions>
      </trkpt>
      <trkpt lat="31.21689523570239543914794921875" lon="121.38449273072183132171630859375">
        <ele>14.6000003814697265625</ele>
        <time>2026-09-21T10:47:21.000Z</time>
        <extensions>
          <ns3:TrackPointExtension>
            <ns3:hr>144</ns3:hr>
            <ns3:cad>86</ns3:cad>
          </ns3:TrackPointExtension>
        </extensions>
      </trkpt>
      <trkpt lat="31.2168666534125804901123046875" lon="121.38449239544570446014404296875">
        <ele>14.6000003814697265625</ele>
        <time>2026-09-21T10:47:22.000Z</time>
        <extensions>
          <ns3:TrackPointExtension>
            <ns3:hr>144</ns3:hr>
            <ns3:cad>86</ns3:cad>
          </ns3:TrackPointExtension>
        </extensions>
      </trkpt>
      <trkpt lat="31.21683555655181407928466796875" lon="121.38449407182633876800537109375">
        <ele>14.6000003814697265625</ele>
        <time>2026-09-21T10:47:23.000Z</time>
        <extensions>
          <ns3:TrackPointExtension>
            <ns3:hr>144</ns3:hr>
            <ns3:cad>86</ns3:cad>
          </ns3:TrackPointExtension>
        </extensions>
      </trkpt>
      <trkpt lat="31.21680437587201595306396484375" lon="121.38448468409478664398193359375">
        <ele>14.6000003814697265625</ele>
        <time>2026-09-21T10:47:24.000Z</time>
        <extensions>
          <ns3:TrackPointExtension>
            <ns3:hr>144</ns3:hr>
            <ns3:cad>86</ns3:cad>
          </ns3:TrackPointExtension>
        </extensions>
      </trkpt>
      <trkpt lat="31.21677772141993045806884765625" lon="121.38448418118059635162353515625">
        <ele>14.3999996185302734375</ele>
        <time>2026-09-21T10:47:25.000Z</time>
        <extensions>
          <ns3:TrackPointExtension>
            <ns3:hr>144</ns3:hr>
            <ns3:cad>88</ns3:cad>
          </ns3:TrackPointExtension>
        </extensions>
      </trkpt>
      <trkpt lat="31.2167516537010669708251953125" lon="121.38448602519929409027099609375">
        <ele>14.3999996185302734375</ele>
        <time>2026-09-21T10:47:26.000Z</time>
        <extensions>
          <ns3:TrackPointExtension>
            <ns3:hr>145</ns3:hr>
            <ns3:cad>88</ns3:cad>
          </ns3:TrackPointExtension>
        </extensions>
      </trkpt>
      <trkpt lat="31.21672877110540866851806640625" lon="121.38448543846607208251953125">
        <ele>14.6000003814697265625</ele>
        <time>2026-09-21T10:47:27.000Z</time>
        <extensions>
          <ns3:TrackPointExtension>
            <ns3:hr>144</ns3:hr>
            <ns3:cad>87</ns3:cad>
          </ns3:TrackPointExtension>
        </extensions>
      </trkpt>
      <trkpt lat="31.21669909916818141937255859375" lon="121.3844834268093109130859375">
        <ele>14.6000003814697265625</ele>
        <time>2026-09-21T10:47:28.000Z</time>
        <extensions>
          <ns3:TrackPointExtension>
            <ns3:hr>144</ns3:hr>
            <ns3:cad>87</ns3:cad>
          </ns3:TrackPointExtension>
        </extensions>
      </trkpt>
      <trkpt lat="31.21668015606701374053955078125" lon="121.38447714038193225860595703125">
        <ele>14.6000003814697265625</ele>
        <time>2026-09-21T10:47:29.000Z</time>
        <extensions>
          <ns3:TrackPointExtension>
            <ns3:hr>144</ns3:hr>
            <ns3:cad>87</ns3:cad>
          </ns3:TrackPointExtension>
        </extensions>
      </trkpt>
      <trkpt lat="31.2166577763855457305908203125" lon="121.384473033249378204345703125">
        <ele>14.6000003814697265625</ele>
        <time>2026-09-21T10:47:30.000Z</time>
        <extensions>
          <ns3:TrackPointExtension>
            <ns3:hr>144</ns3:hr>
            <ns3:cad>87</ns3:cad>
          </ns3:TrackPointExtension>
        </extensions>
      </trkpt>
      <trkpt lat="31.21663992293179035186767578125" lon="121.384471692144870758056640625">
        <ele>14.6000003814697265625</ele>
        <time>2026-09-21T10:47:31.000Z</time>
        <extensions>
          <ns3:TrackPointExtension>
            <ns3:hr>145</ns3:hr>
            <ns3:cad>88</ns3:cad>
          </ns3:TrackPointExtension>
        </extensions>
      </trkpt>
      <trkpt lat="31.216614358127117156982421875" lon="121.384466998279094696044921875">
        <ele>14.6000003814697265625</ele>
        <time>2026-09-21T10:47:32.000Z</time>
        <extensions>
          <ns3:TrackPointExtension>
            <ns3:hr>144</ns3:hr>
            <ns3:cad>88</ns3:cad>
          </ns3:TrackPointExtension>
        </extensions>
      </trkpt>
      <trkpt lat="31.2165960855782032012939453125" lon="121.38446171768009662628173828125">
        <ele>14.6000003814697265625</ele>
        <time>2026-09-21T10:47:33.000Z</time>
        <extensions>
          <ns3:TrackPointExtension>
            <ns3:hr>144</ns3:hr>
            <ns3:cad>87</ns3:cad>
          </ns3:TrackPointExtension>
        </extensions>
      </trkpt>
      <trkpt lat="31.21657622046768665313720703125" lon="121.38446423225104808807373046875">
        <ele>14.6000003814697265625</ele>
        <time>2026-09-21T10:47:34.000Z</time>
        <extensions>
          <ns3:TrackPointExtension>
            <ns3:hr>145</ns3:hr>
            <ns3:cad>86</ns3:cad>
          </ns3:TrackPointExtension>
        </extensions>
      </trkpt>
      <trkpt lat="31.216546632349491119384765625" lon="121.384473703801631927490234375">
        <ele>14.6000003814697265625</ele>
        <time>2026-09-21T10:47:35.000Z</time>
        <extensions>
          <ns3:TrackPointExtension>
            <ns3:hr>144</ns3:hr>
            <ns3:cad>86</ns3:cad>
          </ns3:TrackPointExtension>
        </extensions>
      </trkpt>
      <trkpt lat="31.2165320478379726409912109375" lon="121.38448116369545459747314453125">
        <ele>14.6000003814697265625</ele>
        <time>2026-09-21T10:47:36.000Z</time>
        <extensions>
          <ns3:TrackPointExtension>
            <ns3:hr>145</ns3:hr>
            <ns3:cad>86</ns3:cad>
          </ns3:TrackPointExtension>
        </extensions>
      </trkpt>
      <trkpt lat="31.21651654131710529327392578125" lon="121.38450086116790771484375">
        <ele>14.80000019073486328125</ele>
        <time>2026-09-21T10:47:37.000Z</time>
        <extensions>
          <ns3:TrackPointExtension>
            <ns3:hr>145</ns3:hr>
            <ns3:cad>86</ns3:cad>
          </ns3:TrackPointExtension>
        </extensions>
      </trkpt>
      <trkpt lat="31.2165102548897266387939453125" lon="121.3845234923064708709716796875">
        <ele>14.80000019073486328125</ele>
        <time>2026-09-21T10:47:38.000Z</time>
        <extensions>
          <ns3:TrackPointExtension>
            <ns3:hr>145</ns3:hr>
            <ns3:cad>87</ns3:cad>
          </ns3:TrackPointExtension>
        </extensions>
      </trkpt>
      <trkpt lat="31.2165058963000774383544921875" lon="121.38454553671181201934814453125">
        <ele>14.80000019073486328125</ele>
        <time>2026-09-21T10:47:39.000Z</time>
        <extensions>
          <ns3:TrackPointExtension>
            <ns3:hr>145</ns3:hr>
            <ns3:cad>87</ns3:cad>
          </ns3:TrackPointExtension>
        </extensions>
      </trkpt>
      <trkpt lat="31.216497011482715606689453125" lon="121.38457235880196094512939453125">
        <ele>14.80000019073486328125</ele>
        <time>2026-09-21T10:47:40.000Z</time>
        <extensions>
          <ns3:TrackPointExtension>
            <ns3:hr>144</ns3:hr>
            <ns3:cad>87</ns3:cad>
          </ns3:TrackPointExtension>
        </extensions>
      </trkpt>
      <trkpt lat="31.2164913117885589599609375" lon="121.38459431938827037811279296875">
        <ele>15</ele>
        <time>2026-09-21T10:47:41.000Z</time>
        <extensions>
          <ns3:TrackPointExtension>
            <ns3:hr>144</ns3:hr>
            <ns3:cad>86</ns3:cad>
          </ns3:TrackPointExtension>
        </extensions>
      </trkpt>
      <trkpt lat="31.2164844386279582977294921875" lon="121.38462214730679988861083984375">
        <ele>15</ele>
        <time>2026-09-21T10:47:42.000Z</time>
        <extensions>
          <ns3:TrackPointExtension>
            <ns3:hr>144</ns3:hr>
            <ns3:cad>86</ns3:cad>
          </ns3:TrackPointExtension>
        </extensions>
      </trkpt>
      <trkpt lat="31.21647731401026248931884765625" lon="121.38463874347507953643798828125">
        <ele>15</ele>
        <time>2026-09-21T10:47:43.000Z</time>
        <extensions>
          <ns3:TrackPointExtension>
            <ns3:hr>144</ns3:hr>
            <ns3:cad>86</ns3:cad>
          </ns3:TrackPointExtension>
        </extensions>
      </trkpt>
      <trkpt lat="31.21647178195416927337646484375" lon="121.38467260636389255523681640625">
        <ele>15</ele>
        <time>2026-09-21T10:47:44.000Z</time>
        <extensions>
          <ns3:TrackPointExtension>
            <ns3:hr>144</ns3:hr>
            <ns3:cad>86</ns3:cad>
          </ns3:TrackPointExtension>
        </extensions>
      </trkpt>
      <trkpt lat="31.21647228486835956573486328125" lon="121.38469406403601169586181640625">
        <ele>15</ele>
        <time>2026-09-21T10:47:45.000Z</time>
        <extensions>
          <ns3:TrackPointExtension>
            <ns3:hr>144</ns3:hr>
            <ns3:cad>86</ns3:cad>
          </ns3:TrackPointExtension>
        </extensions>
      </trkpt>
      <trkpt lat="31.21646876446902751922607421875" lon="121.38472340069711208343505859375">
        <ele>15</ele>
        <time>2026-09-21T10:47:46.000Z</time>
        <extensions>
          <ns3:TrackPointExtension>
            <ns3:hr>143</ns3:hr>
            <ns3:cad>86</ns3:cad>
          </ns3:TrackPointExtension>
        </extensions>
      </trkpt>
      <trkpt lat="31.21646407060325145721435546875" lon="121.3847462832927703857421875">
        <ele>15</ele>
        <time>2026-09-21T10:47:47.000Z</time>
        <extensions>
          <ns3:TrackPointExtension>
            <ns3:hr>143</ns3:hr>
            <ns3:cad>86</ns3:cad>
          </ns3:TrackPointExtension>
        </extensions>
      </trkpt>
      <trkpt lat="31.21646256186068058013916015625" lon="121.38477369211614131927490234375">
        <ele>14.80000019073486328125</ele>
        <time>2026-09-21T10:47:48.000Z</time>
        <extensions>
          <ns3:TrackPointExtension>
            <ns3:hr>143</ns3:hr>
            <ns3:cad>86</ns3:cad>
          </ns3:TrackPointExtension>
        </extensions>
      </trkpt>
      <trkpt lat="31.21645619161427021026611328125" lon="121.38479850254952907562255859375">
        <ele>14.80000019073486328125</ele>
        <time>2026-09-21T10:47:49.000Z</time>
        <extensions>
          <ns3:TrackPointExtension>
            <ns3:hr>143</ns3:hr>
            <ns3:cad>86</ns3:cad>
          </ns3:TrackPointExtension>
        </extensions>
      </trkpt>
      <trkpt lat="31.216459460556507110595703125" lon="121.38482071459293365478515625">
        <ele>14.80000019073486328125</ele>
        <time>2026-09-21T10:47:50.000Z</time>
        <extensions>
          <ns3:TrackPointExtension>
            <ns3:hr>142</ns3:hr>
            <ns3:cad>88</ns3:cad>
          </ns3:TrackPointExtension>
        </extensions>
      </trkpt>
      <trkpt lat="31.21645401231944561004638671875" lon="121.38484711758792400360107421875">
        <ele>14.80000019073486328125</ele>
        <time>2026-09-21T10:47:51.000Z</time>
        <extensions>
          <ns3:TrackPointExtension>
            <ns3:hr>143</ns3:hr>
            <ns3:cad>88</ns3:cad>
          </ns3:TrackPointExtension>
        </extensions>
      </trkpt>
      <trkpt lat="31.216449737548828125" lon="121.3848718442022800445556640625">
        <ele>14.80000019073486328125</ele>
        <time>2026-09-21T10:47:52.000Z</time>
        <extensions>
          <ns3:TrackPointExtension>
            <ns3:hr>143</ns3:hr>
            <ns3:cad>88</ns3:cad>
          </ns3:TrackPointExtension>
        </extensions>
      </trkpt>
      <trkpt lat="31.2164408527314662933349609375" lon="121.38490109704434871673583984375">
        <ele>14.6000003814697265625</ele>
        <time>2026-09-21T10:47:53.000Z</time>
        <extensions>
          <ns3:TrackPointExtension>
            <ns3:hr>143</ns3:hr>
            <ns3:cad>87</ns3:cad>
          </ns3:TrackPointExtension>
        </extensions>
      </trkpt>
      <trkpt lat="31.2164421938359737396240234375" lon="121.38492272235453128814697265625">
        <ele>14.6000003814697265625</ele>
        <time>2026-09-21T10:47:54.000Z</time>
        <extensions>
          <ns3:TrackPointExtension>
            <ns3:hr>143</ns3:hr>
            <ns3:cad>87</ns3:cad>
          </ns3:TrackPointExtension>
        </extensions>
      </trkpt>
      <trkpt lat="31.21643188409507274627685546875" lon="121.38494870625436305999755859375">
        <ele>14.6000003814697265625</ele>
        <time>2026-09-21T10:47:55.000Z</time>
        <extensions>
          <ns3:TrackPointExtension>
            <ns3:hr>143</ns3:hr>
            <ns3:cad>87</ns3:cad>
          </ns3:TrackPointExtension>
        </extensions>
      </trkpt>
      <trkpt lat="31.21642492711544036865234375" lon="121.3849714212119579315185546875">
        <ele>14.6000003814697265625</ele>
        <time>2026-09-21T10:47:56.000Z</time>
        <extensions>
          <ns3:TrackPointExtension>
            <ns3:hr>142</ns3:hr>
            <ns3:cad>88</ns3:cad>
          </ns3:TrackPointExtension>
        </extensions>
      </trkpt>
      <trkpt lat="31.216416545212268829345703125" lon="121.38500469736754894256591796875">
        <ele>14.6000003814697265625</ele>
        <time>2026-09-21T10:47:57.000Z</time>
        <extensions>
          <ns3:TrackPointExtension>
            <ns3:hr>143</ns3:hr>
            <ns3:cad>88</ns3:cad>
          </ns3:TrackPointExtension>
        </extensions>
      </trkpt>
      <trkpt lat="31.2164046429097652435302734375" lon="121.38502967543900012969970703125">
        <ele>14.6000003814697265625</ele>
        <time>2026-09-21T10:47:58.000Z</time>
        <extensions>
          <ns3:TrackPointExtension>
            <ns3:hr>143</ns3:hr>
            <ns3:cad>88</ns3:cad>
          </ns3:TrackPointExtension>
        </extensions>
      </trkpt>
      <trkpt lat="31.2163942493498325347900390625" lon="121.38505666516721248626708984375">
        <ele>14.6000003814697265625</ele>
        <time>2026-09-21T10:47:59.000Z</time>
        <extensions>
          <ns3:TrackPointExtension>
            <ns3:hr>143</ns3:hr>
            <ns3:cad>87</ns3:cad>
          </ns3:TrackPointExtension>
        </extensions>
      </trkpt>
      <trkpt lat="31.216385364532470703125" lon="121.38507979921996593475341796875">
        <ele>14.6000003814697265625</ele>
        <time>2026-09-21T10:48:00.000Z</time>
        <extensions>
          <ns3:TrackPointExtension>
            <ns3:hr>143</ns3:hr>
            <ns3:cad>87</ns3:cad>
          </ns3:TrackPointExtension>
        </extensions>
      </trkpt>
      <trkpt lat="31.21638226322829723358154296875" lon="121.38510913588106632232666015625">
        <ele>14.6000003814697265625</ele>
        <time>2026-09-21T10:48:01.000Z</time>
        <extensions>
          <ns3:TrackPointExtension>
            <ns3:hr>143</ns3:hr>
            <ns3:cad>87</ns3:cad>
          </ns3:TrackPointExtension>
        </extensions>
      </trkpt>
      <trkpt lat="31.2163697741925716400146484375" lon="121.38513629324734210968017578125">
        <ele>14.6000003814697265625</ele>
        <time>2026-09-21T10:48:02.000Z</time>
        <extensions>
          <ns3:TrackPointExtension>
            <ns3:hr>143</ns3:hr>
            <ns3:cad>87</ns3:cad>
          </ns3:TrackPointExtension>
        </extensions>
      </trkpt>
      <trkpt lat="31.21636952273547649383544921875" lon="121.3851648755371570587158203125">
        <ele>14.3999996185302734375</ele>
        <time>2026-09-21T10:48:03.000Z</time>
        <extensions>
          <ns3:TrackPointExtension>
            <ns3:hr>143</ns3:hr>
            <ns3:cad>88</ns3:cad>
          </ns3:TrackPointExtension>
        </extensions>
      </trkpt>
      <trkpt lat="31.21636214666068553924560546875" lon="121.38519479893147945404052734375">
        <ele>14.3999996185302734375</ele>
        <time>2026-09-21T10:48:04.000Z</time>
        <extensions>
          <ns3:TrackPointExtension>
            <ns3:hr>142</ns3:hr>
            <ns3:cad>88</ns3:cad>
          </ns3:TrackPointExtension>
        </extensions>
      </trkpt>
      <trkpt lat="31.21636264957487583160400390625" lon="121.38521994464099407196044921875">
        <ele>14.19999980926513671875</ele>
        <time>2026-09-21T10:48:05.000Z</time>
        <extensions>
          <ns3:TrackPointExtension>
            <ns3:hr>142</ns3:hr>
            <ns3:cad>88</ns3:cad>
          </ns3:TrackPointExtension>
        </extensions>
      </trkpt>
      <trkpt lat="31.21635854244232177734375" lon="121.38525749556720256805419921875">
        <ele>14.19999980926513671875</ele>
        <time>2026-09-21T10:48:06.000Z</time>
        <extensions>
          <ns3:TrackPointExtension>
            <ns3:hr>143</ns3:hr>
            <ns3:cad>87</ns3:cad>
          </ns3:TrackPointExtension>
        </extensions>
      </trkpt>
      <trkpt lat="31.2163577042520046234130859375" lon="121.38528130017220973968505859375">
        <ele>14.19999980926513671875</ele>
        <time>2026-09-21T10:48:07.000Z</time>
        <extensions>
          <ns3:TrackPointExtension>
            <ns3:hr>143</ns3:hr>
            <ns3:cad>87</ns3:cad>
          </ns3:TrackPointExtension>
        </extensions>
      </trkpt>
      <trkpt lat="31.21634923852980136871337890625" lon="121.38531248085200786590576171875">
        <ele>14.19999980926513671875</ele>
        <time>2026-09-21T10:48:08.000Z</time>
        <extensions>
          <ns3:TrackPointExtension>
            <ns3:hr>143</ns3:hr>
            <ns3:cad>87</ns3:cad>
          </ns3:TrackPointExtension>
        </extensions>
      </trkpt>
      <trkpt lat="31.2163411080837249755859375" lon="121.38533578254282474517822265625">
        <ele>14.3999996185302734375</ele>
        <time>2026-09-21T10:48:09.000Z</time>
        <extensions>
          <ns3:TrackPointExtension>
            <ns3:hr>143</ns3:hr>
            <ns3:cad>88</ns3:cad>
          </ns3:TrackPointExtension>
        </extensions>
      </trkpt>
      <trkpt lat="31.21633280999958515167236328125" lon="121.38536520302295684814453125">
        <ele>14.3999996185302734375</ele>
        <time>2026-09-21T10:48:10.000Z</time>
        <extensions>
          <ns3:TrackPointExtension>
            <ns3:hr>143</ns3:hr>
            <ns3:cad>88</ns3:cad>
          </ns3:TrackPointExtension>
        </extensions>
      </trkpt>
      <trkpt lat="31.2163251824676990509033203125" lon="121.3853888399899005889892578125">
        <ele>14.19999980926513671875</ele>
        <time>2026-09-21T10:48:11.000Z</time>
        <extensions>
          <ns3:TrackPointExtension>
            <ns3:hr>143</ns3:hr>
            <ns3:cad>87</ns3:cad>
          </ns3:TrackPointExtension>
        </extensions>
      </trkpt>
      <trkpt lat="31.21632107533514499664306640625" lon="121.385420523583889007568359375">
        <ele>14.19999980926513671875</ele>
        <time>2026-09-21T10:48:12.000Z</time>
        <extensions>
          <ns3:TrackPointExtension>
            <ns3:hr>143</ns3:hr>
            <ns3:cad>87</ns3:cad>
          </ns3:TrackPointExtension>
        </extensions>
      </trkpt>
      <trkpt lat="31.2163134478032588958740234375" lon="121.3854488544166088104248046875">
        <ele>14.19999980926513671875</ele>
        <time>2026-09-21T10:48:13.000Z</time>
        <extensions>
          <ns3:TrackPointExtension>
            <ns3:hr>143</ns3:hr>
            <ns3:cad>86</ns3:cad>
          </ns3:TrackPointExtension>
        </extensions>
      </trkpt>
      <trkpt lat="31.2163100950419902801513671875" lon="121.3854719884693622589111328125">
        <ele>14.19999980926513671875</ele>
        <time>2026-09-21T10:48:14.000Z</time>
        <extensions>
          <ns3:TrackPointExtension>
            <ns3:hr>143</ns3:hr>
            <ns3:cad>87</ns3:cad>
          </ns3:TrackPointExtension>
        </extensions>
      </trkpt>
      <trkpt lat="31.21629609726369380950927734375" lon="121.38549906201660633087158203125">
        <ele>14</ele>
        <time>2026-09-21T10:48:15.000Z</time>
        <extensions>
          <ns3:TrackPointExtension>
            <ns3:hr>143</ns3:hr>
            <ns3:cad>87</ns3:cad>
          </ns3:TrackPointExtension>
        </extensions>
      </trkpt>
      <trkpt lat="31.21628855355083942413330078125" lon="121.3855236209928989410400390625">
        <ele>14</ele>
        <time>2026-09-21T10:48:16.000Z</time>
        <extensions>
          <ns3:TrackPointExtension>
            <ns3:hr>143</ns3:hr>
            <ns3:cad>88</ns3:cad>
          </ns3:TrackPointExtension>
        </extensions>
      </trkpt>
      <trkpt lat="31.21628017164766788482666015625" lon="121.3855548016726970672607421875">
        <ele>14</ele>
        <time>2026-09-21T10:48:17.000Z</time>
        <extensions>
          <ns3:TrackPointExtension>
            <ns3:hr>142</ns3:hr>
            <ns3:cad>88</ns3:cad>
          </ns3:TrackPointExtension>
        </extensions>
      </trkpt>
      <trkpt lat="31.2162769027054309844970703125" lon="121.38557919301092624664306640625">
        <ele>14</ele>
        <time>2026-09-21T10:48:18.000Z</time>
        <extensions>
          <ns3:TrackPointExtension>
            <ns3:hr>143</ns3:hr>
            <ns3:cad>87</ns3:cad>
          </ns3:TrackPointExtension>
        </extensions>
      </trkpt>
      <trkpt lat="31.2162705324590206146240234375" lon="121.3856112957000732421875">
        <ele>14</ele>
        <time>2026-09-21T10:48:19.000Z</time>
        <extensions>
          <ns3:TrackPointExtension>
            <ns3:hr>143</ns3:hr>
            <ns3:cad>87</ns3:cad>
          </ns3:TrackPointExtension>
        </extensions>
      </trkpt>
      <trkpt lat="31.2162668444216251373291015625" lon="121.38563585467636585235595703125">
        <ele>14</ele>
        <time>2026-09-21T10:48:20.000Z</time>
        <extensions>
          <ns3:TrackPointExtension>
            <ns3:hr>142</ns3:hr>
            <ns3:cad>87</ns3:cad>
          </ns3:TrackPointExtension>
        </extensions>
      </trkpt>
      <trkpt lat="31.2162571214139461517333984375" lon="121.38567273505032062530517578125">
        <ele>14</ele>
        <time>2026-09-21T10:48:21.000Z</time>
        <extensions>
          <ns3:TrackPointExtension>
            <ns3:hr>143</ns3:hr>
            <ns3:cad>88</ns3:cad>
          </ns3:TrackPointExtension>
        </extensions>
      </trkpt>
      <trkpt lat="31.21624614112079143524169921875" lon="121.3856949470937252044677734375">
        <ele>14</ele>
        <time>2026-09-21T10:48:22.000Z</time>
        <extensions>
          <ns3:TrackPointExtension>
            <ns3:hr>143</ns3:hr>
            <ns3:cad>88</ns3:cad>
          </ns3:TrackPointExtension>
        </extensions>
      </trkpt>
      <trkpt lat="31.21623608283698558807373046875" lon="121.385722272098064422607421875">
        <ele>14</ele>
        <time>2026-09-21T10:48:23.000Z</time>
        <extensions>
          <ns3:TrackPointExtension>
            <ns3:hr>144</ns3:hr>
            <ns3:cad>88</ns3:cad>
          </ns3:TrackPointExtension>
        </extensions>
      </trkpt>
      <trkpt lat="31.2162230908870697021484375" lon="121.38575948774814605712890625">
        <ele>14</ele>
        <time>2026-09-21T10:48:24.000Z</time>
        <extensions>
          <ns3:TrackPointExtension>
            <ns3:hr>144</ns3:hr>
            <ns3:cad>87</ns3:cad>
          </ns3:TrackPointExtension>
        </extensions>
      </trkpt>
      <trkpt lat="31.216216385364532470703125" lon="121.38579033315181732177734375">
        <ele>14</ele>
        <time>2026-09-21T10:48:25.000Z</time>
        <extensions>
          <ns3:TrackPointExtension>
            <ns3:hr>144</ns3:hr>
            <ns3:cad>87</ns3:cad>
          </ns3:TrackPointExtension>
        </extensions>
      </trkpt>
      <trkpt lat="31.21621261350810527801513671875" lon="121.38581522740423679351806640625">
        <ele>14</ele>
        <time>2026-09-21T10:48:26.000Z</time>
        <extensions>
          <ns3:TrackPointExtension>
            <ns3:hr>144</ns3:hr>
            <ns3:cad>86</ns3:cad>
          </ns3:TrackPointExtension>
        </extensions>
      </trkpt>
      <trkpt lat="31.21621211059391498565673828125" lon="121.38583349995315074920654296875">
        <ele>14</ele>
        <time>2026-09-21T10:48:27.000Z</time>
        <extensions>
          <ns3:TrackPointExtension>
            <ns3:hr>144</ns3:hr>
            <ns3:cad>86</ns3:cad>
          </ns3:TrackPointExtension>
        </extensions>
      </trkpt>
      <trkpt lat="31.21620523743331432342529296875" lon="121.3858635909855365753173828125">
        <ele>14</ele>
        <time>2026-09-21T10:48:28.000Z</time>
        <extensions>
          <ns3:TrackPointExtension>
            <ns3:hr>145</ns3:hr>
            <ns3:cad>87</ns3:cad>
          </ns3:TrackPointExtension>
        </extensions>
      </trkpt>
      <trkpt lat="31.21620272286236286163330078125" lon="121.3858870603144168853759765625">
        <ele>14</ele>
        <time>2026-09-21T10:48:29.000Z</time>
        <extensions>
          <ns3:TrackPointExtension>
            <ns3:hr>145</ns3:hr>
            <ns3:cad>88</ns3:cad>
          </ns3:TrackPointExtension>
        </extensions>
      </trkpt>
      <trkpt lat="31.21619584970176219940185546875" lon="121.38591698370873928070068359375">
        <ele>14</ele>
        <time>2026-09-21T10:48:30.000Z</time>
        <extensions>
          <ns3:TrackPointExtension>
            <ns3:hr>145</ns3:hr>
            <ns3:cad>88</ns3:cad>
          </ns3:TrackPointExtension>
        </extensions>
      </trkpt>
      <trkpt lat="31.2161947600543498992919921875" lon="121.3859380222856998443603515625">
        <ele>14</ele>
        <time>2026-09-21T10:48:31.000Z</time>
        <extensions>
          <ns3:TrackPointExtension>
            <ns3:hr>145</ns3:hr>
            <ns3:cad>88</ns3:cad>
          </ns3:TrackPointExtension>
        </extensions>
      </trkpt>
      <trkpt lat="31.216193251311779022216796875" lon="121.38596761040389537811279296875">
        <ele>14</ele>
        <time>2026-09-21T10:48:32.000Z</time>
        <extensions>
          <ns3:TrackPointExtension>
            <ns3:hr>146</ns3:hr>
            <ns3:cad>87</ns3:cad>
          </ns3:TrackPointExtension>
        </extensions>
      </trkpt>
      <trkpt lat="31.2161883898079395294189453125" lon="121.3859936781227588653564453125">
        <ele>13.80000019073486328125</ele>
        <time>2026-09-21T10:48:33.000Z</time>
        <extensions>
          <ns3:TrackPointExtension>
            <ns3:hr>146</ns3:hr>
            <ns3:cad>86</ns3:cad>
          </ns3:TrackPointExtension>
        </extensions>
      </trkpt>
      <trkpt lat="31.21618294157087802886962890625" lon="121.3860215060412883758544921875">
        <ele>13.80000019073486328125</ele>
        <time>2026-09-21T10:48:34.000Z</time>
        <extensions>
          <ns3:TrackPointExtension>
            <ns3:hr>146</ns3:hr>
            <ns3:cad>86</ns3:cad>
          </ns3:TrackPointExtension>
        </extensions>
      </trkpt>
      <trkpt lat="31.216173805296421051025390625" lon="121.386044807732105255126953125">
        <ele>14</ele>
        <time>2026-09-21T10:48:35.000Z</time>
        <extensions>
          <ns3:TrackPointExtension>
            <ns3:hr>145</ns3:hr>
            <ns3:cad>88</ns3:cad>
          </ns3:TrackPointExtension>
        </extensions>
      </trkpt>
      <trkpt lat="31.2161702848970890045166015625" lon="121.3860687799751758575439453125">
        <ele>14</ele>
        <time>2026-09-21T10:48:36.000Z</time>
        <extensions>
          <ns3:TrackPointExtension>
            <ns3:hr>145</ns3:hr>
            <ns3:cad>88</ns3:cad>
          </ns3:TrackPointExtension>
        </extensions>
      </trkpt>
      <trkpt lat="31.21616031043231487274169921875" lon="121.38609585352241992950439453125">
        <ele>14</ele>
        <time>2026-09-21T10:48:37.000Z</time>
        <extensions>
          <ns3:TrackPointExtension>
            <ns3:hr>145</ns3:hr>
            <ns3:cad>88</ns3:cad>
          </ns3:TrackPointExtension>
        </extensions>
      </trkpt>
      <trkpt lat="31.21616031043231487274169921875" lon="121.386120580136775970458984375">
        <ele>14</ele>
        <time>2026-09-21T10:48:38.000Z</time>
        <extensions>
          <ns3:TrackPointExtension>
            <ns3:hr>146</ns3:hr>
            <ns3:cad>86</ns3:cad>
          </ns3:TrackPointExtension>
        </extensions>
      </trkpt>
      <trkpt lat="31.21615343727171421051025390625" lon="121.38614631257951259613037109375">
        <ele>14</ele>
        <time>2026-09-21T10:48:39.000Z</time>
        <extensions>
          <ns3:TrackPointExtension>
            <ns3:hr>145</ns3:hr>
            <ns3:cad>86</ns3:cad>
          </ns3:TrackPointExtension>
        </extensions>
      </trkpt>
      <trkpt lat="31.216147653758525848388671875" lon="121.38616626150906085968017578125">
        <ele>14</ele>
        <time>2026-09-21T10:48:40.000Z</time>
        <extensions>
          <ns3:TrackPointExtension>
            <ns3:hr>145</ns3:hr>
            <ns3:cad>86</ns3:cad>
          </ns3:TrackPointExtension>
        </extensions>
      </trkpt>
      <trkpt lat="31.2161386013031005859375" lon="121.38619492761790752410888671875">
        <ele>14</ele>
        <time>2026-09-21T10:48:41.000Z</time>
        <extensions>
          <ns3:TrackPointExtension>
            <ns3:hr>145</ns3:hr>
            <ns3:cad>87</ns3:cad>
          </ns3:TrackPointExtension>
        </extensions>
      </trkpt>
      <trkpt lat="31.21613600291311740875244140625" lon="121.386214457452297210693359375">
        <ele>14</ele>
        <time>2026-09-21T10:48:42.000Z</time>
        <extensions>
          <ns3:TrackPointExtension>
            <ns3:hr>144</ns3:hr>
            <ns3:cad>88</ns3:cad>
          </ns3:TrackPointExtension>
        </extensions>
      </trkpt>
      <trkpt lat="31.21612963266670703887939453125" lon="121.38624387793242931365966796875">
        <ele>14</ele>
        <time>2026-09-21T10:48:43.000Z</time>
        <extensions>
          <ns3:TrackPointExtension>
            <ns3:hr>144</ns3:hr>
            <ns3:cad>87</ns3:cad>
          </ns3:TrackPointExtension>
        </extensions>
      </trkpt>
      <trkpt lat="31.2161246873438358306884765625" lon="121.3862682692706584930419921875">
        <ele>14</ele>
        <time>2026-09-21T10:48:44.000Z</time>
        <extensions>
          <ns3:TrackPointExtension>
            <ns3:hr>143</ns3:hr>
            <ns3:cad>87</ns3:cad>
          </ns3:TrackPointExtension>
        </extensions>
      </trkpt>
      <trkpt lat="31.2161233462393283843994140625" lon="121.38630204834043979644775390625">
        <ele>14</ele>
        <time>2026-09-21T10:48:45.000Z</time>
        <extensions>
          <ns3:TrackPointExtension>
            <ns3:hr>142</ns3:hr>
            <ns3:cad>87</ns3:cad>
          </ns3:TrackPointExtension>
        </extensions>
      </trkpt>
      <trkpt lat="31.21611488051712512969970703125" lon="121.386331804096698760986328125">
        <ele>14</ele>
        <time>2026-09-21T10:48:46.000Z</time>
        <extensions>
          <ns3:TrackPointExtension>
            <ns3:hr>142</ns3:hr>
            <ns3:cad>87</ns3:cad>
          </ns3:TrackPointExtension>
        </extensions>
      </trkpt>
      <trkpt lat="31.21611286886036396026611328125" lon="121.3863581232726573944091796875">
        <ele>14</ele>
        <time>2026-09-21T10:48:47.000Z</time>
        <extensions>
          <ns3:TrackPointExtension>
            <ns3:hr>141</ns3:hr>
            <ns3:cad>88</ns3:cad>
          </ns3:TrackPointExtension>
        </extensions>
      </trkpt>
      <trkpt lat="31.216107420623302459716796875" lon="121.386387459933757781982421875">
        <ele>14</ele>
        <time>2026-09-21T10:48:48.000Z</time>
        <extensions>
          <ns3:TrackPointExtension>
            <ns3:hr>140</ns3:hr>
            <ns3:cad>88</ns3:cad>
          </ns3:TrackPointExtension>
        </extensions>
      </trkpt>
      <trkpt lat="31.21610666625201702117919921875" lon="121.3864084146916866302490234375">
        <ele>14</ele>
        <time>2026-09-21T10:48:49.000Z</time>
        <extensions>
          <ns3:TrackPointExtension>
            <ns3:hr>140</ns3:hr>
            <ns3:cad>88</ns3:cad>
          </ns3:TrackPointExtension>
        </extensions>
      </trkpt>
      <trkpt lat="31.21609996072947978973388671875" lon="121.386440433561801910400390625">
        <ele>14</ele>
        <time>2026-09-21T10:48:50.000Z</time>
        <extensions>
          <ns3:TrackPointExtension>
            <ns3:hr>140</ns3:hr>
            <ns3:cad>87</ns3:cad>
          </ns3:TrackPointExtension>
        </extensions>
      </trkpt>
      <trkpt lat="31.21610029600560665130615234375" lon="121.38646281324326992034912109375">
        <ele>14</ele>
        <time>2026-09-21T10:48:51.000Z</time>
        <extensions>
          <ns3:TrackPointExtension>
            <ns3:hr>140</ns3:hr>
            <ns3:cad>86</ns3:cad>
          </ns3:TrackPointExtension>
        </extensions>
      </trkpt>
      <trkpt lat="31.2160943448543548583984375" lon="121.38649349100887775421142578125">
        <ele>14</ele>
        <time>2026-09-21T10:48:52.000Z</time>
        <extensions>
          <ns3:TrackPointExtension>
            <ns3:hr>139</ns3:hr>
            <ns3:cad>86</ns3:cad>
          </ns3:TrackPointExtension>
        </extensions>
      </trkpt>
      <trkpt lat="31.216085292398929595947265625" lon="121.3865143619477748870849609375">
        <ele>14</ele>
        <time>2026-09-21T10:48:53.000Z</time>
        <extensions>
          <ns3:TrackPointExtension>
            <ns3:hr>139</ns3:hr>
            <ns3:cad>88</ns3:cad>
          </ns3:TrackPointExtension>
        </extensions>
      </trkpt>
      <trkpt lat="31.216076910495758056640625" lon="121.38654881156980991363525390625">
        <ele>14</ele>
        <time>2026-09-21T10:48:54.000Z</time>
        <extensions>
          <ns3:TrackPointExtension>
            <ns3:hr>139</ns3:hr>
            <ns3:cad>88</ns3:cad>
          </ns3:TrackPointExtension>
        </extensions>
      </trkpt>
      <trkpt lat="31.2160675227642059326171875" lon="121.3865740410983562469482421875">
        <ele>14</ele>
        <time>2026-09-21T10:48:55.000Z</time>
        <extensions>
          <ns3:TrackPointExtension>
            <ns3:hr>139</ns3:hr>
            <ns3:cad>88</ns3:cad>
          </ns3:TrackPointExtension>
        </extensions>
      </trkpt>
      <trkpt lat="31.21606073342263698577880859375" lon="121.38660438358783721923828125">
        <ele>13.80000019073486328125</ele>
        <time>2026-09-21T10:48:56.000Z</time>
        <extensions>
          <ns3:TrackPointExtension>
            <ns3:hr>139</ns3:hr>
            <ns3:cad>87</ns3:cad>
          </ns3:TrackPointExtension>
        </extensions>
      </trkpt>
      <trkpt lat="31.21605503372848033905029296875" lon="121.386630870401859283447265625">
        <ele>13.80000019073486328125</ele>
        <time>2026-09-21T10:48:57.000Z</time>
        <extensions>
          <ns3:TrackPointExtension>
            <ns3:hr>139</ns3:hr>
            <ns3:cad>87</ns3:cad>
          </ns3:TrackPointExtension>
        </extensions>
      </trkpt>
      <trkpt lat="31.2160465680062770843505859375" lon="121.3866535015404224395751953125">
        <ele>13.80000019073486328125</ele>
        <time>2026-09-21T10:48:58.000Z</time>
        <extensions>
          <ns3:TrackPointExtension>
            <ns3:hr>140</ns3:hr>
            <ns3:cad>87</ns3:cad>
          </ns3:TrackPointExtension>
        </extensions>
      </trkpt>
      <trkpt lat="31.216039694845676422119140625" lon="121.38668074272572994232177734375">
        <ele>13.80000019073486328125</ele>
        <time>2026-09-21T10:48:59.000Z</time>
        <extensions>
          <ns3:TrackPointExtension>
            <ns3:hr>139</ns3:hr>
            <ns3:cad>87</ns3:cad>
          </ns3:TrackPointExtension>
        </extensions>
      </trkpt>
      <trkpt lat="31.2160375155508518218994140625" lon="121.3866997696459293365478515625">
        <ele>13.80000019073486328125</ele>
        <time>2026-09-21T10:49:00.000Z</time>
        <extensions>
          <ns3:TrackPointExtension>
            <ns3:hr>139</ns3:hr>
            <ns3:cad>87</ns3:cad>
          </ns3:TrackPointExtension>
        </extensions>
      </trkpt>
      <trkpt lat="31.21602796018123626708984375" lon="121.38672776520252227783203125">
        <ele>13.80000019073486328125</ele>
        <time>2026-09-21T10:49:01.000Z</time>
        <extensions>
          <ns3:TrackPointExtension>
            <ns3:hr>140</ns3:hr>
            <ns3:cad>87</ns3:cad>
          </ns3:TrackPointExtension>
        </extensions>
      </trkpt>
      <trkpt lat="31.21602687053382396697998046875" lon="121.38674997724592685699462890625">
        <ele>14</ele>
        <time>2026-09-21T10:49:02.000Z</time>
        <extensions>
          <ns3:TrackPointExtension>
            <ns3:hr>139</ns3:hr>
            <ns3:cad>87</ns3:cad>
          </ns3:TrackPointExtension>
        </extensions>
      </trkpt>
      <trkpt lat="31.216018237173557281494140625" lon="121.38678266666829586029052734375">
        <ele>14</ele>
        <time>2026-09-21T10:49:03.000Z</time>
        <extensions>
          <ns3:TrackPointExtension>
            <ns3:hr>140</ns3:hr>
            <ns3:cad>87</ns3:cad>
          </ns3:TrackPointExtension>
        </extensions>
      </trkpt>
      <trkpt lat="31.21601362712681293487548828125" lon="121.3868037052452564239501953125">
        <ele>14</ele>
        <time>2026-09-21T10:49:04.000Z</time>
        <extensions>
          <ns3:TrackPointExtension>
            <ns3:hr>140</ns3:hr>
            <ns3:cad>87</ns3:cad>
          </ns3:TrackPointExtension>
        </extensions>
      </trkpt>
      <trkpt lat="31.216004826128482818603515625" lon="121.38683228753507137298583984375">
        <ele>14</ele>
        <time>2026-09-21T10:49:05.000Z</time>
        <extensions>
          <ns3:TrackPointExtension>
            <ns3:hr>141</ns3:hr>
            <ns3:cad>87</ns3:cad>
          </ns3:TrackPointExtension>
        </extensions>
      </trkpt>
      <trkpt lat="31.21600055135786533355712890625" lon="121.38685910962522029876708984375">
        <ele>14</ele>
        <time>2026-09-21T10:49:06.000Z</time>
        <extensions>
          <ns3:TrackPointExtension>
            <ns3:hr>141</ns3:hr>
            <ns3:cad>88</ns3:cad>
          </ns3:TrackPointExtension>
        </extensions>
      </trkpt>
      <trkpt lat="31.21599669568240642547607421875" lon="121.3868885301053524017333984375">
        <ele>14</ele>
        <time>2026-09-21T10:49:07.000Z</time>
        <extensions>
          <ns3:TrackPointExtension>
            <ns3:hr>141</ns3:hr>
            <ns3:cad>88</ns3:cad>
          </ns3:TrackPointExtension>
        </extensions>
      </trkpt>
      <trkpt lat="31.21599133126437664031982421875" lon="121.38691845349967479705810546875">
        <ele>14</ele>
        <time>2026-09-21T10:49:08.000Z</time>
        <extensions>
          <ns3:TrackPointExtension>
            <ns3:hr>142</ns3:hr>
            <ns3:cad>88</ns3:cad>
          </ns3:TrackPointExtension>
        </extensions>
      </trkpt>
      <trkpt lat="31.21598814614117145538330078125" lon="121.38694368302822113037109375">
        <ele>14</ele>
        <time>2026-09-21T10:49:09.000Z</time>
        <extensions>
          <ns3:TrackPointExtension>
            <ns3:hr>142</ns3:hr>
            <ns3:cad>87</ns3:cad>
          </ns3:TrackPointExtension>
        </extensions>
      </trkpt>
      <trkpt lat="31.21597875840961933135986328125" lon="121.38697243295609951019287109375">
        <ele>14</ele>
        <time>2026-09-21T10:49:10.000Z</time>
        <extensions>
          <ns3:TrackPointExtension>
            <ns3:hr>142</ns3:hr>
            <ns3:cad>87</ns3:cad>
          </ns3:TrackPointExtension>
        </extensions>
      </trkpt>
      <trkpt lat="31.21597859077155590057373046875" lon="121.386995650827884674072265625">
        <ele>14</ele>
        <time>2026-09-21T10:49:11.000Z</time>
        <extensions>
          <ns3:TrackPointExtension>
            <ns3:hr>142</ns3:hr>
            <ns3:cad>87</ns3:cad>
          </ns3:TrackPointExtension>
        </extensions>
      </trkpt>
      <trkpt lat="31.21597305871546268463134765625" lon="121.38702440075576305389404296875">
        <ele>14</ele>
        <time>2026-09-21T10:49:12.000Z</time>
        <extensions>
          <ns3:TrackPointExtension>
            <ns3:hr>143</ns3:hr>
            <ns3:cad>88</ns3:cad>
          </ns3:TrackPointExtension>
        </extensions>
      </trkpt>
      <trkpt lat="31.2159734778106212615966796875" lon="121.38704233802855014801025390625">
        <ele>14</ele>
        <time>2026-09-21T10:49:13.000Z</time>
        <extensions>
          <ns3:TrackPointExtension>
            <ns3:hr>143</ns3:hr>
            <ns3:cad>88</ns3:cad>
          </ns3:TrackPointExtension>
        </extensions>
      </trkpt>
      <trkpt lat="31.2159768305718898773193359375" lon="121.387070082128047943115234375">
        <ele>14</ele>
        <time>2026-09-21T10:49:14.000Z</time>
        <extensions>
          <ns3:TrackPointExtension>
            <ns3:hr>143</ns3:hr>
            <ns3:cad>88</ns3:cad>
          </ns3:TrackPointExtension>
        </extensions>
      </trkpt>
      <trkpt lat="31.21597775258123874664306640625" lon="121.38709145598113536834716796875">
        <ele>14</ele>
        <time>2026-09-21T10:49:15.000Z</time>
        <extensions>
          <ns3:TrackPointExtension>
            <ns3:hr>143</ns3:hr>
            <ns3:cad>87</ns3:cad>
          </ns3:TrackPointExtension>
        </extensions>
      </trkpt>
      <trkpt lat="31.21598529629409313201904296875" lon="121.38711693696677684783935546875">
        <ele>14</ele>
        <time>2026-09-21T10:49:16.000Z</time>
        <extensions>
          <ns3:TrackPointExtension>
            <ns3:hr>142</ns3:hr>
            <ns3:cad>87</ns3:cad>
          </ns3:TrackPointExtension>
        </extensions>
      </trkpt>
      <trkpt lat="31.2159935943782329559326171875" lon="121.387140490114688873291015625">
        <ele>14</ele>
        <time>2026-09-21T10:49:17.000Z</time>
        <extensions>
          <ns3:TrackPointExtension>
            <ns3:hr>143</ns3:hr>
            <ns3:cad>86</ns3:cad>
          </ns3:TrackPointExtension>
        </extensions>
      </trkpt>
      <trkpt lat="31.21600725688040256500244140625" lon="121.3871607743203639984130859375">
        <ele>14</ele>
        <time>2026-09-21T10:49:18.000Z</time>
        <extensions>
          <ns3:TrackPointExtension>
            <ns3:hr>143</ns3:hr>
            <ns3:cad>86</ns3:cad>
          </ns3:TrackPointExtension>
        </extensions>
      </trkpt>
      <trkpt lat="31.21602527797222137451171875" lon="121.38718181289732456207275390625">
        <ele>14</ele>
        <time>2026-09-21T10:49:19.000Z</time>
        <extensions>
          <ns3:TrackPointExtension>
            <ns3:hr>142</ns3:hr>
            <ns3:cad>86</ns3:cad>
          </ns3:TrackPointExtension>
        </extensions>
      </trkpt>
      <trkpt lat="31.21603692881762981414794921875" lon="121.38719706796109676361083984375">
        <ele>14</ele>
        <time>2026-09-21T10:49:20.000Z</time>
        <extensions>
          <ns3:TrackPointExtension>
            <ns3:hr>143</ns3:hr>
            <ns3:cad>86</ns3:cad>
          </ns3:TrackPointExtension>
        </extensions>
      </trkpt>
      <trkpt lat="31.2160556204617023468017578125" lon="121.38720930553972721099853515625">
        <ele>14</ele>
        <time>2026-09-21T10:49:21.000Z</time>
        <extensions>
          <ns3:TrackPointExtension>
            <ns3:hr>142</ns3:hr>
            <ns3:cad>86</ns3:cad>
          </ns3:TrackPointExtension>
        </extensions>
      </trkpt>
      <trkpt lat="31.21607062406837940216064453125" lon="121.38722120784223079681396484375">
        <ele>14</ele>
        <time>2026-09-21T10:49:22.000Z</time>
        <extensions>
          <ns3:TrackPointExtension>
            <ns3:hr>142</ns3:hr>
            <ns3:cad>86</ns3:cad>
          </ns3:TrackPointExtension>
        </extensions>
      </trkpt>
      <trkpt lat="31.21609057299792766571044921875" lon="121.38723562471568584442138671875">
        <ele>14</ele>
        <time>2026-09-21T10:49:23.000Z</time>
        <extensions>
          <ns3:TrackPointExtension>
            <ns3:hr>142</ns3:hr>
            <ns3:cad>86</ns3:cad>
          </ns3:TrackPointExtension>
        </extensions>
      </trkpt>
      <trkpt lat="31.216108091175556182861328125" lon="121.38725406490266323089599609375">
        <ele>14</ele>
        <time>2026-09-21T10:49:24.000Z</time>
        <extensions>
          <ns3:TrackPointExtension>
            <ns3:hr>143</ns3:hr>
            <ns3:cad>86</ns3:cad>
          </ns3:TrackPointExtension>
        </extensions>
      </trkpt>
      <trkpt lat="31.2161206640303134918212890625" lon="121.38726881705224514007568359375">
        <ele>14</ele>
        <time>2026-09-21T10:49:25.000Z</time>
        <extensions>
          <ns3:TrackPointExtension>
            <ns3:hr>142</ns3:hr>
            <ns3:cad>86</ns3:cad>
          </ns3:TrackPointExtension>
        </extensions>
      </trkpt>
      <trkpt lat="31.21614195406436920166015625" lon="121.387290693819522857666015625">
        <ele>13.80000019073486328125</ele>
        <time>2026-09-21T10:49:26.000Z</time>
        <extensions>
          <ns3:TrackPointExtension>
            <ns3:hr>142</ns3:hr>
            <ns3:cad>86</ns3:cad>
          </ns3:TrackPointExtension>
        </extensions>
      </trkpt>
      <trkpt lat="31.21615863405168056488037109375" lon="121.3873022608458995819091796875">
        <ele>13.80000019073486328125</ele>
        <time>2026-09-21T10:49:27.000Z</time>
        <extensions>
          <ns3:TrackPointExtension>
            <ns3:hr>143</ns3:hr>
            <ns3:cad>86</ns3:cad>
          </ns3:TrackPointExtension>
        </extensions>
      </trkpt>
      <trkpt lat="31.216181851923465728759765625" lon="121.3873190246522426605224609375">
        <ele>13.80000019073486328125</ele>
        <time>2026-09-21T10:49:28.000Z</time>
        <extensions>
          <ns3:TrackPointExtension>
            <ns3:hr>142</ns3:hr>
            <ns3:cad>85</ns3:cad>
          </ns3:TrackPointExtension>
        </extensions>
      </trkpt>
      <trkpt lat="31.21619920246303081512451171875" lon="121.38732614926993846893310546875">
        <ele>13.80000019073486328125</ele>
        <time>2026-09-21T10:49:29.000Z</time>
        <extensions>
          <ns3:TrackPointExtension>
            <ns3:hr>142</ns3:hr>
            <ns3:cad>85</ns3:cad>
          </ns3:TrackPointExtension>
        </extensions>
      </trkpt>
      <trkpt lat="31.21622518636286258697509765625" lon="121.38733369298279285430908203125">
        <ele>13.80000019073486328125</ele>
        <time>2026-09-21T10:49:30.000Z</time>
        <extensions>
          <ns3:TrackPointExtension>
            <ns3:hr>141</ns3:hr>
            <ns3:cad>85</ns3:cad>
          </ns3:TrackPointExtension>
        </extensions>
      </trkpt>
      <trkpt lat="31.21624832041561603546142578125" lon="121.3873401470482349395751953125">
        <ele>13.80000019073486328125</ele>
        <time>2026-09-21T10:49:31.000Z</time>
        <extensions>
          <ns3:TrackPointExtension>
            <ns3:hr>141</ns3:hr>
            <ns3:cad>85</ns3:cad>
          </ns3:TrackPointExtension>
        </extensions>
      </trkpt>
      <trkpt lat="31.216266341507434844970703125" lon="121.3873458467423915863037109375">
        <ele>13.80000019073486328125</ele>
        <time>2026-09-21T10:49:32.000Z</time>
        <extensions>
          <ns3:TrackPointExtension>
            <ns3:hr>141</ns3:hr>
            <ns3:cad>85</ns3:cad>
          </ns3:TrackPointExtension>
        </extensions>
      </trkpt>
      <trkpt lat="31.21628805063664913177490234375" lon="121.38735800050199031829833984375">
        <ele>13.80000019073486328125</ele>
        <time>2026-09-21T10:49:33.000Z</time>
        <extensions>
          <ns3:TrackPointExtension>
            <ns3:hr>141</ns3:hr>
            <ns3:cad>86</ns3:cad>
          </ns3:TrackPointExtension>
        </extensions>
      </trkpt>
      <trkpt lat="31.2163074128329753875732421875" lon="121.38736235909163951873779296875">
        <ele>13.80000019073486328125</ele>
        <time>2026-09-21T10:49:34.000Z</time>
        <extensions>
          <ns3:TrackPointExtension>
            <ns3:hr>141</ns3:hr>
            <ns3:cad>86</ns3:cad>
          </ns3:TrackPointExtension>
        </extensions>
      </trkpt>
      <trkpt lat="31.216332726180553436279296875" lon="121.38737778179347515106201171875">
        <ele>13.80000019073486328125</ele>
        <time>2026-09-21T10:49:35.000Z</time>
        <extensions>
          <ns3:TrackPointExtension>
            <ns3:hr>141</ns3:hr>
            <ns3:cad>86</ns3:cad>
          </ns3:TrackPointExtension>
        </extensions>
      </trkpt>
      <trkpt lat="31.2163531780242919921875" lon="121.3873830623924732208251953125">
        <ele>13.80000019073486328125</ele>
        <time>2026-09-21T10:49:36.000Z</time>
        <extensions>
          <ns3:TrackPointExtension>
            <ns3:hr>141</ns3:hr>
            <ns3:cad>86</ns3:cad>
          </ns3:TrackPointExtension>
        </extensions>
      </trkpt>
      <trkpt lat="31.21637958101928234100341796875" lon="121.3873887620866298675537109375">
        <ele>13.80000019073486328125</ele>
        <time>2026-09-21T10:49:37.000Z</time>
        <extensions>
          <ns3:TrackPointExtension>
            <ns3:hr>141</ns3:hr>
            <ns3:cad>86</ns3:cad>
          </ns3:TrackPointExtension>
        </extensions>
      </trkpt>
      <trkpt lat="31.21639986522495746612548828125" lon="121.38739555142819881439208984375">
        <ele>13.80000019073486328125</ele>
        <time>2026-09-21T10:49:38.000Z</time>
        <extensions>
          <ns3:TrackPointExtension>
            <ns3:hr>141</ns3:hr>
            <ns3:cad>88</ns3:cad>
          </ns3:TrackPointExtension>
        </extensions>
      </trkpt>
      <trkpt lat="31.2164227478206157684326171875" lon="121.38740845955908298492431640625">
        <ele>13.80000019073486328125</ele>
        <time>2026-09-21T10:49:39.000Z</time>
        <extensions>
          <ns3:TrackPointExtension>
            <ns3:hr>141</ns3:hr>
            <ns3:cad>88</ns3:cad>
          </ns3:TrackPointExtension>
        </extensions>
      </trkpt>
      <trkpt lat="31.216434650123119354248046875" lon="121.38742086477577686309814453125">
        <ele>13.6000003814697265625</ele>
        <time>2026-09-21T10:49:40.000Z</time>
        <extensions>
          <ns3:TrackPointExtension>
            <ns3:hr>141</ns3:hr>
            <ns3:cad>88</ns3:cad>
          </ns3:TrackPointExtension>
        </extensions>
      </trkpt>
      <trkpt lat="31.21645568870007991790771484375" lon="121.38743176124989986419677734375">
        <ele>13.6000003814697265625</ele>
        <time>2026-09-21T10:49:41.000Z</time>
        <extensions>
          <ns3:TrackPointExtension>
            <ns3:hr>141</ns3:hr>
            <ns3:cad>87</ns3:cad>
          </ns3:TrackPointExtension>
        </extensions>
      </trkpt>
      <trkpt lat="31.216478906571865081787109375" lon="121.38744332827627658843994140625">
        <ele>13.6000003814697265625</ele>
        <time>2026-09-21T10:49:42.000Z</time>
        <extensions>
          <ns3:TrackPointExtension>
            <ns3:hr>141</ns3:hr>
            <ns3:cad>87</ns3:cad>
          </ns3:TrackPointExtension>
        </extensions>
      </trkpt>
      <trkpt lat="31.2164948321878910064697265625" lon="121.387448944151401519775390625">
        <ele>13.6000003814697265625</ele>
        <time>2026-09-21T10:49:43.000Z</time>
        <extensions>
          <ns3:TrackPointExtension>
            <ns3:hr>142</ns3:hr>
            <ns3:cad>87</ns3:cad>
          </ns3:TrackPointExtension>
        </extensions>
      </trkpt>
      <trkpt lat="31.21651285327970981597900390625" lon="121.38746176846325397491455078125">
        <ele>13.6000003814697265625</ele>
        <time>2026-09-21T10:49:44.000Z</time>
        <extensions>
          <ns3:TrackPointExtension>
            <ns3:hr>142</ns3:hr>
            <ns3:cad>87</ns3:cad>
          </ns3:TrackPointExtension>
        </extensions>
      </trkpt>
      <trkpt lat="31.2165347300469875335693359375" lon="121.38746947981417179107666015625">
        <ele>13.6000003814697265625</ele>
        <time>2026-09-21T10:49:45.000Z</time>
        <extensions>
          <ns3:TrackPointExtension>
            <ns3:hr>142</ns3:hr>
            <ns3:cad>87</ns3:cad>
          </ns3:TrackPointExtension>
        </extensions>
      </trkpt>
      <trkpt lat="31.21654822491109371185302734375" lon="121.3874866627156734466552734375">
        <ele>13.6000003814697265625</ele>
        <time>2026-09-21T10:49:46.000Z</time>
        <extensions>
          <ns3:TrackPointExtension>
            <ns3:hr>142</ns3:hr>
            <ns3:cad>87</ns3:cad>
          </ns3:TrackPointExtension>
        </extensions>
      </trkpt>
      <trkpt lat="31.21657513082027435302734375" lon="121.38749898411333560943603515625">
        <ele>13.80000019073486328125</ele>
        <time>2026-09-21T10:49:47.000Z</time>
        <extensions>
          <ns3:TrackPointExtension>
            <ns3:hr>142</ns3:hr>
            <ns3:cad>87</ns3:cad>
          </ns3:TrackPointExtension>
        </extensions>
      </trkpt>
      <trkpt lat="31.216602288186550140380859375" lon="121.38751021586358547210693359375">
        <ele>13.80000019073486328125</ele>
        <time>2026-09-21T10:49:48.000Z</time>
        <extensions>
          <ns3:TrackPointExtension>
            <ns3:hr>143</ns3:hr>
            <ns3:cad>87</ns3:cad>
          </ns3:TrackPointExtension>
        </extensions>
      </trkpt>
      <trkpt lat="31.2166239134967327117919921875" lon="121.3875201903283596038818359375">
        <ele>13.80000019073486328125</ele>
        <time>2026-09-21T10:49:49.000Z</time>
        <extensions>
          <ns3:TrackPointExtension>
            <ns3:hr>142</ns3:hr>
            <ns3:cad>87</ns3:cad>
          </ns3:TrackPointExtension>
        </extensions>
      </trkpt>
      <trkpt lat="31.216647885739803314208984375" lon="121.38753402046859264373779296875">
        <ele>13.80000019073486328125</ele>
        <time>2026-09-21T10:49:50.000Z</time>
        <extensions>
          <ns3:TrackPointExtension>
            <ns3:hr>143</ns3:hr>
            <ns3:cad>87</ns3:cad>
          </ns3:TrackPointExtension>
        </extensions>
      </trkpt>
      <trkpt lat="31.21667034924030303955078125" lon="121.38754575513303279876708984375">
        <ele>13.80000019073486328125</ele>
        <time>2026-09-21T10:49:51.000Z</time>
        <extensions>
          <ns3:TrackPointExtension>
            <ns3:hr>143</ns3:hr>
            <ns3:cad>88</ns3:cad>
          </ns3:TrackPointExtension>
        </extensions>
      </trkpt>
      <trkpt lat="31.2166866101324558258056640625" lon="121.387555561959743499755859375">
        <ele>14</ele>
        <time>2026-09-21T10:49:52.000Z</time>
        <extensions>
          <ns3:TrackPointExtension>
            <ns3:hr>142</ns3:hr>
            <ns3:cad>88</ns3:cad>
          </ns3:TrackPointExtension>
        </extensions>
      </trkpt>
      <trkpt lat="31.21671116910874843597412109375" lon="121.38756352476775646209716796875">
        <ele>14</ele>
        <time>2026-09-21T10:49:53.000Z</time>
        <extensions>
          <ns3:TrackPointExtension>
            <ns3:hr>142</ns3:hr>
            <ns3:cad>88</ns3:cad>
          </ns3:TrackPointExtension>
        </extensions>
      </trkpt>
      <trkpt lat="31.21672960929572582244873046875" lon="121.38756997883319854736328125">
        <ele>14</ele>
        <time>2026-09-21T10:49:54.000Z</time>
        <extensions>
          <ns3:TrackPointExtension>
            <ns3:hr>142</ns3:hr>
            <ns3:cad>87</ns3:cad>
          </ns3:TrackPointExtension>
        </extensions>
      </trkpt>
      <trkpt lat="31.2167566828429698944091796875" lon="121.3875805400311946868896484375">
        <ele>14.19999980926513671875</ele>
        <time>2026-09-21T10:49:55.000Z</time>
        <extensions>
          <ns3:TrackPointExtension>
            <ns3:hr>143</ns3:hr>
            <ns3:cad>86</ns3:cad>
          </ns3:TrackPointExtension>
        </extensions>
      </trkpt>
      <trkpt lat="31.21677604503929615020751953125" lon="121.38758213259279727935791015625">
        <ele>14.19999980926513671875</ele>
        <time>2026-09-21T10:49:56.000Z</time>
        <extensions>
          <ns3:TrackPointExtension>
            <ns3:hr>142</ns3:hr>
            <ns3:cad>86</ns3:cad>
          </ns3:TrackPointExtension>
        </extensions>
      </trkpt>
      <trkpt lat="31.216801442205905914306640625" lon="121.38758112676441669464111328125">
        <ele>14.19999980926513671875</ele>
        <time>2026-09-21T10:49:57.000Z</time>
        <extensions>
          <ns3:TrackPointExtension>
            <ns3:hr>143</ns3:hr>
            <ns3:cad>88</ns3:cad>
          </ns3:TrackPointExtension>
        </extensions>
      </trkpt>
      <trkpt lat="31.2168200500309467315673828125" lon="121.38758766464889049530029296875">
        <ele>14</ele>
        <time>2026-09-21T10:49:58.000Z</time>
        <extensions>
          <ns3:TrackPointExtension>
            <ns3:hr>143</ns3:hr>
            <ns3:cad>88</ns3:cad>
          </ns3:TrackPointExtension>
        </extensions>
      </trkpt>
      <trkpt lat="31.21684008277952671051025390625" lon="121.387599818408489227294921875">
        <ele>14</ele>
        <time>2026-09-21T10:49:59.000Z</time>
        <extensions>
          <ns3:TrackPointExtension>
            <ns3:hr>143</ns3:hr>
            <ns3:cad>87</ns3:cad>
          </ns3:TrackPointExtension>
        </extensions>
      </trkpt>
      <trkpt lat="31.2168629653751850128173828125" lon="121.3876087032258510589599609375">
        <ele>14</ele>
        <time>2026-09-21T10:50:00.000Z</time>
        <extensions>
          <ns3:TrackPointExtension>
            <ns3:hr>142</ns3:hr>
            <ns3:cad>87</ns3:cad>
          </ns3:TrackPointExtension>
        </extensions>
      </trkpt>
      <trkpt lat="31.2168850935995578765869140625" lon="121.38761783950030803680419921875">
        <ele>14</ele>
        <time>2026-09-21T10:50:01.000Z</time>
        <extensions>
          <ns3:TrackPointExtension>
            <ns3:hr>143</ns3:hr>
            <ns3:cad>86</ns3:cad>
          </ns3:TrackPointExtension>
        </extensions>
      </trkpt>
      <trkpt lat="31.21690546162426471710205078125" lon="121.38763208873569965362548828125">
        <ele>14</ele>
        <time>2026-09-21T10:50:02.000Z</time>
        <extensions>
          <ns3:TrackPointExtension>
            <ns3:hr>143</ns3:hr>
            <ns3:cad>87</ns3:cad>
          </ns3:TrackPointExtension>
        </extensions>
      </trkpt>
      <trkpt lat="31.2169337086379528045654296875" lon="121.38763569295406341552734375">
        <ele>14</ele>
        <time>2026-09-21T10:50:03.000Z</time>
        <extensions>
          <ns3:TrackPointExtension>
            <ns3:hr>142</ns3:hr>
            <ns3:cad>88</ns3:cad>
          </ns3:TrackPointExtension>
        </extensions>
      </trkpt>
      <trkpt lat="31.21696229092776775360107421875" lon="121.387641392648220062255859375">
        <ele>14.19999980926513671875</ele>
        <time>2026-09-21T10:50:04.000Z</time>
        <extensions>
          <ns3:TrackPointExtension>
            <ns3:hr>143</ns3:hr>
            <ns3:cad>88</ns3:cad>
          </ns3:TrackPointExtension>
        </extensions>
      </trkpt>
      <trkpt lat="31.21698190458118915557861328125" lon="121.38764885254204273223876953125">
        <ele>14.19999980926513671875</ele>
        <time>2026-09-21T10:50:05.000Z</time>
        <extensions>
          <ns3:TrackPointExtension>
            <ns3:hr>143</ns3:hr>
            <ns3:cad>88</ns3:cad>
          </ns3:TrackPointExtension>
        </extensions>
      </trkpt>
      <trkpt lat="31.21700202114880084991455078125" lon="121.38765891082584857940673828125">
        <ele>14.19999980926513671875</ele>
        <time>2026-09-21T10:50:06.000Z</time>
        <extensions>
          <ns3:TrackPointExtension>
            <ns3:hr>144</ns3:hr>
            <ns3:cad>87</ns3:cad>
          </ns3:TrackPointExtension>
        </extensions>
      </trkpt>
      <trkpt lat="31.217024736106395721435546875" lon="121.38766259886324405670166015625">
        <ele>14.19999980926513671875</ele>
        <time>2026-09-21T10:50:07.000Z</time>
        <extensions>
          <ns3:TrackPointExtension>
            <ns3:hr>144</ns3:hr>
            <ns3:cad>87</ns3:cad>
          </ns3:TrackPointExtension>
        </extensions>
      </trkpt>
      <trkpt lat="31.2170507200062274932861328125" lon="121.38767098076641559600830078125">
        <ele>14.19999980926513671875</ele>
        <time>2026-09-21T10:50:08.000Z</time>
        <extensions>
          <ns3:TrackPointExtension>
            <ns3:hr>144</ns3:hr>
            <ns3:cad>87</ns3:cad>
          </ns3:TrackPointExtension>
        </extensions>
      </trkpt>
      <trkpt lat="31.21707058511674404144287109375" lon="121.387674920260906219482421875">
        <ele>14</ele>
        <time>2026-09-21T10:50:09.000Z</time>
        <extensions>
          <ns3:TrackPointExtension>
            <ns3:hr>144</ns3:hr>
            <ns3:cad>87</ns3:cad>
          </ns3:TrackPointExtension>
        </extensions>
      </trkpt>
      <trkpt lat="31.21709346771240234375" lon="121.38768120668828487396240234375">
        <ele>14.19999980926513671875</ele>
        <time>2026-09-21T10:50:10.000Z</time>
        <extensions>
          <ns3:TrackPointExtension>
            <ns3:hr>144</ns3:hr>
            <ns3:cad>87</ns3:cad>
          </ns3:TrackPointExtension>
        </extensions>
      </trkpt>
      <trkpt lat="31.2171154282987117767333984375" lon="121.38769377954304218292236328125">
        <ele>14.19999980926513671875</ele>
        <time>2026-09-21T10:50:11.000Z</time>
        <extensions>
          <ns3:TrackPointExtension>
            <ns3:hr>144</ns3:hr>
            <ns3:cad>87</ns3:cad>
          </ns3:TrackPointExtension>
        </extensions>
      </trkpt>
      <trkpt lat="31.21713797561824321746826171875" lon="121.387706100940704345703125">
        <ele>14.3999996185302734375</ele>
        <time>2026-09-21T10:50:12.000Z</time>
        <extensions>
          <ns3:TrackPointExtension>
            <ns3:hr>144</ns3:hr>
            <ns3:cad>87</ns3:cad>
          </ns3:TrackPointExtension>
        </extensions>
      </trkpt>
      <trkpt lat="31.217160187661647796630859375" lon="121.3877166621387004852294921875">
        <ele>14.3999996185302734375</ele>
        <time>2026-09-21T10:50:13.000Z</time>
        <extensions>
          <ns3:TrackPointExtension>
            <ns3:hr>144</ns3:hr>
            <ns3:cad>87</ns3:cad>
          </ns3:TrackPointExtension>
        </extensions>
      </trkpt>
      <trkpt lat="31.217187009751796722412109375" lon="121.38772361911833286285400390625">
        <ele>14.3999996185302734375</ele>
        <time>2026-09-21T10:50:14.000Z</time>
        <extensions>
          <ns3:TrackPointExtension>
            <ns3:hr>144</ns3:hr>
            <ns3:cad>87</ns3:cad>
          </ns3:TrackPointExtension>
        </extensions>
      </trkpt>
      <trkpt lat="31.21721240691840648651123046875" lon="121.3877387903630733489990234375">
        <ele>14.3999996185302734375</ele>
        <time>2026-09-21T10:50:15.000Z</time>
        <extensions>
          <ns3:TrackPointExtension>
            <ns3:hr>144</ns3:hr>
            <ns3:cad>87</ns3:cad>
          </ns3:TrackPointExtension>
        </extensions>
      </trkpt>
      <trkpt lat="31.2172304280102252960205078125" lon="121.38775027357041835784912109375">
        <ele>14.3999996185302734375</ele>
        <time>2026-09-21T10:50:16.000Z</time>
        <extensions>
          <ns3:TrackPointExtension>
            <ns3:hr>144</ns3:hr>
            <ns3:cad>87</ns3:cad>
          </ns3:TrackPointExtension>
        </extensions>
      </trkpt>
      <trkpt lat="31.21725046075880527496337890625" lon="121.387773491442203521728515625">
        <ele>14.3999996185302734375</ele>
        <time>2026-09-21T10:50:17.000Z</time>
        <extensions>
          <ns3:TrackPointExtension>
            <ns3:hr>144</ns3:hr>
            <ns3:cad>87</ns3:cad>
          </ns3:TrackPointExtension>
        </extensions>
      </trkpt>
      <trkpt lat="31.21726286597549915313720703125" lon="121.3877870701253414154052734375">
        <ele>14.3999996185302734375</ele>
        <time>2026-09-21T10:50:18.000Z</time>
        <extensions>
          <ns3:TrackPointExtension>
            <ns3:hr>144</ns3:hr>
            <ns3:cad>87</ns3:cad>
          </ns3:TrackPointExtension>
        </extensions>
      </trkpt>
      <trkpt lat="31.21728549711406230926513671875" lon="121.387803666293621063232421875">
        <ele>14.3999996185302734375</ele>
        <time>2026-09-21T10:50:19.000Z</time>
        <extensions>
          <ns3:TrackPointExtension>
            <ns3:hr>144</ns3:hr>
            <ns3:cad>86</ns3:cad>
          </ns3:TrackPointExtension>
        </extensions>
      </trkpt>
      <trkpt lat="31.2173067033290863037109375" lon="121.387817077338695526123046875">
        <ele>14.6000003814697265625</ele>
        <time>2026-09-21T10:50:20.000Z</time>
        <extensions>
          <ns3:TrackPointExtension>
            <ns3:hr>144</ns3:hr>
            <ns3:cad>86</ns3:cad>
          </ns3:TrackPointExtension>
        </extensions>
      </trkpt>
      <trkpt lat="31.21732573024928569793701171875" lon="121.3878303207457065582275390625">
        <ele>14.6000003814697265625</ele>
        <time>2026-09-21T10:50:21.000Z</time>
        <extensions>
          <ns3:TrackPointExtension>
            <ns3:hr>144</ns3:hr>
            <ns3:cad>86</ns3:cad>
          </ns3:TrackPointExtension>
        </extensions>
      </trkpt>
      <trkpt lat="31.2173491157591342926025390625" lon="121.38784096576273441314697265625">
        <ele>14.6000003814697265625</ele>
        <time>2026-09-21T10:50:22.000Z</time>
        <extensions>
          <ns3:TrackPointExtension>
            <ns3:hr>144</ns3:hr>
            <ns3:cad>88</ns3:cad>
          </ns3:TrackPointExtension>
        </extensions>
      </trkpt>
      <trkpt lat="31.21737032197415828704833984375" lon="121.38784356415271759033203125">
        <ele>14.6000003814697265625</ele>
        <time>2026-09-21T10:50:23.000Z</time>
        <extensions>
          <ns3:TrackPointExtension>
            <ns3:hr>144</ns3:hr>
            <ns3:cad>88</ns3:cad>
          </ns3:TrackPointExtension>
        </extensions>
      </trkpt>
      <trkpt lat="31.217390187084674835205078125" lon="121.38785085640847682952880859375">
        <ele>14.6000003814697265625</ele>
        <time>2026-09-21T10:50:24.000Z</time>
        <extensions>
          <ns3:TrackPointExtension>
            <ns3:hr>144</ns3:hr>
            <ns3:cad>88</ns3:cad>
          </ns3:TrackPointExtension>
        </extensions>
      </trkpt>
      <trkpt lat="31.21741038747131824493408203125" lon="121.38786091469228267669677734375">
        <ele>14.80000019073486328125</ele>
        <time>2026-09-21T10:50:25.000Z</time>
        <extensions>
          <ns3:TrackPointExtension>
            <ns3:hr>143</ns3:hr>
            <ns3:cad>87</ns3:cad>
          </ns3:TrackPointExtension>
        </extensions>
      </trkpt>
      <trkpt lat="31.2174396403133869171142578125" lon="121.38788086362183094024658203125">
        <ele>14.80000019073486328125</ele>
        <time>2026-09-21T10:50:26.000Z</time>
        <extensions>
          <ns3:TrackPointExtension>
            <ns3:hr>143</ns3:hr>
            <ns3:cad>86</ns3:cad>
          </ns3:TrackPointExtension>
        </extensions>
      </trkpt>
      <trkpt lat="31.21746604330837726593017578125" lon="121.387877427041530609130859375">
        <ele>14.80000019073486328125</ele>
        <time>2026-09-21T10:50:27.000Z</time>
        <extensions>
          <ns3:TrackPointExtension>
            <ns3:hr>143</ns3:hr>
            <ns3:cad>86</ns3:cad>
          </ns3:TrackPointExtension>
        </extensions>
      </trkpt>
      <trkpt lat="31.217498816549777984619140625" lon="121.38788723386824131011962890625">
        <ele>14.80000019073486328125</ele>
        <time>2026-09-21T10:50:28.000Z</time>
        <extensions>
          <ns3:TrackPointExtension>
            <ns3:hr>143</ns3:hr>
            <ns3:cad>87</ns3:cad>
          </ns3:TrackPointExtension>
        </extensions>
      </trkpt>
      <trkpt lat="31.21752756647765636444091796875" lon="121.38789142481982707977294921875">
        <ele>14.80000019073486328125</ele>
        <time>2026-09-21T10:50:29.000Z</time>
        <extensions>
          <ns3:TrackPointExtension>
            <ns3:hr>144</ns3:hr>
            <ns3:cad>87</ns3:cad>
          </ns3:TrackPointExtension>
        </extensions>
      </trkpt>
      <trkpt lat="31.21754969470202922821044921875" lon="121.38789745979011058807373046875">
        <ele>14.6000003814697265625</ele>
        <time>2026-09-21T10:50:30.000Z</time>
        <extensions>
          <ns3:TrackPointExtension>
            <ns3:hr>143</ns3:hr>
            <ns3:cad>87</ns3:cad>
          </ns3:TrackPointExtension>
        </extensions>
      </trkpt>
      <trkpt lat="31.21757651679217815399169921875" lon="121.3879117928445339202880859375">
        <ele>14.6000003814697265625</ele>
        <time>2026-09-21T10:50:31.000Z</time>
        <extensions>
          <ns3:TrackPointExtension>
            <ns3:hr>143</ns3:hr>
            <ns3:cad>87</ns3:cad>
          </ns3:TrackPointExtension>
        </extensions>
      </trkpt>
      <trkpt lat="31.21759898029267787933349609375" lon="121.38791992329061031341552734375">
        <ele>14.6000003814697265625</ele>
        <time>2026-09-21T10:50:32.000Z</time>
        <extensions>
          <ns3:TrackPointExtension>
            <ns3:hr>143</ns3:hr>
            <ns3:cad>86</ns3:cad>
          </ns3:TrackPointExtension>
        </extensions>
      </trkpt>
      <trkpt lat="31.2176277302205562591552734375" lon="121.387933082878589630126953125">
        <ele>14.80000019073486328125</ele>
        <time>2026-09-21T10:50:33.000Z</time>
        <extensions>
          <ns3:TrackPointExtension>
            <ns3:hr>143</ns3:hr>
            <ns3:cad>85</ns3:cad>
          </ns3:TrackPointExtension>
        </extensions>
      </trkpt>
      <trkpt lat="31.21764935553073883056640625" lon="121.3879392854869365692138671875">
        <ele>14.80000019073486328125</ele>
        <time>2026-09-21T10:50:34.000Z</time>
        <extensions>
          <ns3:TrackPointExtension>
            <ns3:hr>143</ns3:hr>
            <ns3:cad>85</ns3:cad>
          </ns3:TrackPointExtension>
        </extensions>
      </trkpt>
      <trkpt lat="31.21767592616379261016845703125" lon="121.38795462436974048614501953125">
        <ele>15</ele>
        <time>2026-09-21T10:50:35.000Z</time>
        <extensions>
          <ns3:TrackPointExtension>
            <ns3:hr>143</ns3:hr>
            <ns3:cad>86</ns3:cad>
          </ns3:TrackPointExtension>
        </extensions>
      </trkpt>
      <trkpt lat="31.21769604273140430450439453125" lon="121.38796250335872173309326171875">
        <ele>15</ele>
        <time>2026-09-21T10:50:36.000Z</time>
        <extensions>
          <ns3:TrackPointExtension>
            <ns3:hr>142</ns3:hr>
            <ns3:cad>87</ns3:cad>
          </ns3:TrackPointExtension>
        </extensions>
      </trkpt>
      <trkpt lat="31.21772118844091892242431640625" lon="121.38797256164252758026123046875">
        <ele>15</ele>
        <time>2026-09-21T10:50:37.000Z</time>
        <extensions>
          <ns3:TrackPointExtension>
            <ns3:hr>143</ns3:hr>
            <ns3:cad>87</ns3:cad>
          </ns3:TrackPointExtension>
        </extensions>
      </trkpt>
      <trkpt lat="31.21773627586662769317626953125" lon="121.387988738715648651123046875">
        <ele>15</ele>
        <time>2026-09-21T10:50:38.000Z</time>
        <extensions>
          <ns3:TrackPointExtension>
            <ns3:hr>142</ns3:hr>
            <ns3:cad>87</ns3:cad>
          </ns3:TrackPointExtension>
        </extensions>
      </trkpt>
      <trkpt lat="31.21775127947330474853515625" lon="121.38799913227558135986328125">
        <ele>15</ele>
        <time>2026-09-21T10:50:39.000Z</time>
        <extensions>
          <ns3:TrackPointExtension>
            <ns3:hr>142</ns3:hr>
            <ns3:cad>87</ns3:cad>
          </ns3:TrackPointExtension>
        </extensions>
      </trkpt>
      <trkpt lat="31.2177702225744724273681640625" lon="121.388012208044528961181640625">
        <ele>14.80000019073486328125</ele>
        <time>2026-09-21T10:50:40.000Z</time>
        <extensions>
          <ns3:TrackPointExtension>
            <ns3:hr>142</ns3:hr>
            <ns3:cad>87</ns3:cad>
          </ns3:TrackPointExtension>
        </extensions>
      </trkpt>
      <trkpt lat="31.21779377572238445281982421875" lon="121.38801950030028820037841796875">
        <ele>14.80000019073486328125</ele>
        <time>2026-09-21T10:50:41.000Z</time>
        <extensions>
          <ns3:TrackPointExtension>
            <ns3:hr>142</ns3:hr>
            <ns3:cad>88</ns3:cad>
          </ns3:TrackPointExtension>
        </extensions>
      </trkpt>
      <trkpt lat="31.21782143600285053253173828125" lon="121.38802318833768367767333984375">
        <ele>14.80000019073486328125</ele>
        <time>2026-09-21T10:50:42.000Z</time>
        <extensions>
          <ns3:TrackPointExtension>
            <ns3:hr>143</ns3:hr>
            <ns3:cad>88</ns3:cad>
          </ns3:TrackPointExtension>
        </extensions>
      </trkpt>
      <trkpt lat="31.21784540824592113494873046875" lon="121.3880251161754131317138671875">
        <ele>14.80000019073486328125</ele>
        <time>2026-09-21T10:50:43.000Z</time>
        <extensions>
          <ns3:TrackPointExtension>
            <ns3:hr>143</ns3:hr>
            <ns3:cad>88</ns3:cad>
          </ns3:TrackPointExtension>
        </extensions>
      </trkpt>
      <trkpt lat="31.2178691290318965911865234375" lon="121.38803291134536266326904296875">
        <ele>14.6000003814697265625</ele>
        <time>2026-09-21T10:50:44.000Z</time>
        <extensions>
          <ns3:TrackPointExtension>
            <ns3:hr>143</ns3:hr>
            <ns3:cad>87</ns3:cad>
          </ns3:TrackPointExtension>
        </extensions>
      </trkpt>
      <trkpt lat="31.21789276599884033203125" lon="121.38803710229694843292236328125">
        <ele>14.6000003814697265625</ele>
        <time>2026-09-21T10:50:45.000Z</time>
        <extensions>
          <ns3:TrackPointExtension>
            <ns3:hr>143</ns3:hr>
            <ns3:cad>87</ns3:cad>
          </ns3:TrackPointExtension>
        </extensions>
      </trkpt>
      <trkpt lat="31.2179200910031795501708984375" lon="121.3880492560565471649169921875">
        <ele>14.6000003814697265625</ele>
        <time>2026-09-21T10:50:46.000Z</time>
        <extensions>
          <ns3:TrackPointExtension>
            <ns3:hr>142</ns3:hr>
            <ns3:cad>87</ns3:cad>
          </ns3:TrackPointExtension>
        </extensions>
      </trkpt>
      <trkpt lat="31.2179428897798061370849609375" lon="121.38805269263684749603271484375">
        <ele>14.6000003814697265625</ele>
        <time>2026-09-21T10:50:47.000Z</time>
        <extensions>
          <ns3:TrackPointExtension>
            <ns3:hr>143</ns3:hr>
            <ns3:cad>88</ns3:cad>
          </ns3:TrackPointExtension>
        </extensions>
      </trkpt>
      <trkpt lat="31.21797163970768451690673828125" lon="121.38806409202516078948974609375">
        <ele>14.6000003814697265625</ele>
        <time>2026-09-21T10:50:48.000Z</time>
        <extensions>
          <ns3:TrackPointExtension>
            <ns3:hr>143</ns3:hr>
            <ns3:cad>88</ns3:cad>
          </ns3:TrackPointExtension>
        </extensions>
      </trkpt>
      <trkpt lat="31.217991672456264495849609375" lon="121.388071887195110321044921875">
        <ele>14.6000003814697265625</ele>
        <time>2026-09-21T10:50:49.000Z</time>
        <extensions>
          <ns3:TrackPointExtension>
            <ns3:hr>142</ns3:hr>
            <ns3:cad>88</ns3:cad>
          </ns3:TrackPointExtension>
        </extensions>
      </trkpt>
      <trkpt lat="31.21801472268998622894287109375" lon="121.3880831189453601837158203125">
        <ele>14.6000003814697265625</ele>
        <time>2026-09-21T10:50:50.000Z</time>
        <extensions>
          <ns3:TrackPointExtension>
            <ns3:hr>143</ns3:hr>
            <ns3:cad>87</ns3:cad>
          </ns3:TrackPointExtension>
        </extensions>
      </trkpt>
      <trkpt lat="31.21803182177245616912841796875" lon="121.38808990828692913055419921875">
        <ele>14.6000003814697265625</ele>
        <time>2026-09-21T10:50:51.000Z</time>
        <extensions>
          <ns3:TrackPointExtension>
            <ns3:hr>143</ns3:hr>
            <ns3:cad>87</ns3:cad>
          </ns3:TrackPointExtension>
        </extensions>
      </trkpt>
      <trkpt lat="31.2180552072823047637939453125" lon="121.38809560798108577728271484375">
        <ele>14.3999996185302734375</ele>
        <time>2026-09-21T10:50:52.000Z</time>
        <extensions>
          <ns3:TrackPointExtension>
            <ns3:hr>144</ns3:hr>
            <ns3:cad>86</ns3:cad>
          </ns3:TrackPointExtension>
        </extensions>
      </trkpt>
      <trkpt lat="31.218074150383472442626953125" lon="121.3881044089794158935546875">
        <ele>14.3999996185302734375</ele>
        <time>2026-09-21T10:50:53.000Z</time>
        <extensions>
          <ns3:TrackPointExtension>
            <ns3:hr>144</ns3:hr>
            <ns3:cad>86</ns3:cad>
          </ns3:TrackPointExtension>
        </extensions>
      </trkpt>
      <trkpt lat="31.21809317730367183685302734375" lon="121.38811388052999973297119140625">
        <ele>14.3999996185302734375</ele>
        <time>2026-09-21T10:50:54.000Z</time>
        <extensions>
          <ns3:TrackPointExtension>
            <ns3:hr>144</ns3:hr>
            <ns3:cad>88</ns3:cad>
          </ns3:TrackPointExtension>
        </extensions>
      </trkpt>
      <trkpt lat="31.21811807155609130859375" lon="121.38812678866088390350341796875">
        <ele>14.3999996185302734375</ele>
        <time>2026-09-21T10:50:55.000Z</time>
        <extensions>
          <ns3:TrackPointExtension>
            <ns3:hr>144</ns3:hr>
            <ns3:cad>88</ns3:cad>
          </ns3:TrackPointExtension>
        </extensions>
      </trkpt>
      <trkpt lat="31.21813994832336902618408203125" lon="121.3881312310695648193359375">
        <ele>14.6000003814697265625</ele>
        <time>2026-09-21T10:50:56.000Z</time>
        <extensions>
          <ns3:TrackPointExtension>
            <ns3:hr>144</ns3:hr>
            <ns3:cad>88</ns3:cad>
          </ns3:TrackPointExtension>
        </extensions>
      </trkpt>
      <trkpt lat="31.21816777624189853668212890625" lon="121.38814397156238555908203125">
        <ele>14.3999996185302734375</ele>
        <time>2026-09-21T10:50:57.000Z</time>
        <extensions>
          <ns3:TrackPointExtension>
            <ns3:hr>144</ns3:hr>
            <ns3:cad>87</ns3:cad>
          </ns3:TrackPointExtension>
        </extensions>
      </trkpt>
      <trkpt lat="31.2181876413524150848388671875" lon="121.38815604150295257568359375">
        <ele>14.3999996185302734375</ele>
        <time>2026-09-21T10:50:58.000Z</time>
        <extensions>
          <ns3:TrackPointExtension>
            <ns3:hr>144</ns3:hr>
            <ns3:cad>86</ns3:cad>
          </ns3:TrackPointExtension>
        </extensions>
      </trkpt>
      <trkpt lat="31.21821203269064426422119140625" lon="121.38817288912832736968994140625">
        <ele>14.3999996185302734375</ele>
        <time>2026-09-21T10:50:59.000Z</time>
        <extensions>
          <ns3:TrackPointExtension>
            <ns3:hr>145</ns3:hr>
            <ns3:cad>86</ns3:cad>
          </ns3:TrackPointExtension>
        </extensions>
      </trkpt>
      <trkpt lat="31.21823432855308055877685546875" lon="121.38817925937473773956298828125">
        <ele>14.19999980926513671875</ele>
        <time>2026-09-21T10:51:00.000Z</time>
        <extensions>
          <ns3:TrackPointExtension>
            <ns3:hr>145</ns3:hr>
            <ns3:cad>87</ns3:cad>
          </ns3:TrackPointExtension>
        </extensions>
      </trkpt>
      <trkpt lat="31.21825343929231166839599609375" lon="121.3881873898208141326904296875">
        <ele>14.19999980926513671875</ele>
        <time>2026-09-21T10:51:01.000Z</time>
        <extensions>
          <ns3:TrackPointExtension>
            <ns3:hr>145</ns3:hr>
            <ns3:cad>87</ns3:cad>
          </ns3:TrackPointExtension>
        </extensions>
      </trkpt>
      <trkpt lat="31.218267269432544708251953125" lon="121.3882014714181423187255859375">
        <ele>14.19999980926513671875</ele>
        <time>2026-09-21T10:51:02.000Z</time>
        <extensions>
          <ns3:TrackPointExtension>
            <ns3:hr>145</ns3:hr>
            <ns3:cad>87</ns3:cad>
          </ns3:TrackPointExtension>
        </extensions>
      </trkpt>
      <trkpt lat="31.218281351029872894287109375" lon="121.388216055929660797119140625">
        <ele>14.3999996185302734375</ele>
        <time>2026-09-21T10:51:03.000Z</time>
        <extensions>
          <ns3:TrackPointExtension>
            <ns3:hr>145</ns3:hr>
            <ns3:cad>87</ns3:cad>
          </ns3:TrackPointExtension>
        </extensions>
      </trkpt>
      <trkpt lat="31.218304149806499481201171875" lon="121.3882282935082912445068359375">
        <ele>14.3999996185302734375</ele>
        <time>2026-09-21T10:51:04.000Z</time>
        <extensions>
          <ns3:TrackPointExtension>
            <ns3:hr>145</ns3:hr>
            <ns3:cad>87</ns3:cad>
          </ns3:TrackPointExtension>
        </extensions>
      </trkpt>
      <trkpt lat="31.21832636184990406036376953125" lon="121.38824011199176311492919921875">
        <ele>14.6000003814697265625</ele>
        <time>2026-09-21T10:51:05.000Z</time>
        <extensions>
          <ns3:TrackPointExtension>
            <ns3:hr>146</ns3:hr>
            <ns3:cad>87</ns3:cad>
          </ns3:TrackPointExtension>
        </extensions>
      </trkpt>
      <trkpt lat="31.2183502502739429473876953125" lon="121.38824949972331523895263671875">
        <ele>14.6000003814697265625</ele>
        <time>2026-09-21T10:51:06.000Z</time>
        <extensions>
          <ns3:TrackPointExtension>
            <ns3:hr>145</ns3:hr>
            <ns3:cad>87</ns3:cad>
          </ns3:TrackPointExtension>
        </extensions>
      </trkpt>
      <trkpt lat="31.2183717079460620880126953125" lon="121.388258300721645355224609375">
        <ele>14.6000003814697265625</ele>
        <time>2026-09-21T10:51:07.000Z</time>
        <extensions>
          <ns3:TrackPointExtension>
            <ns3:hr>145</ns3:hr>
            <ns3:cad>88</ns3:cad>
          </ns3:TrackPointExtension>
        </extensions>
      </trkpt>
      <trkpt lat="31.21839626692235469818115234375" lon="121.3882688619196414947509765625">
        <ele>14.6000003814697265625</ele>
        <time>2026-09-21T10:51:08.000Z</time>
        <extensions>
          <ns3:TrackPointExtension>
            <ns3:hr>146</ns3:hr>
            <ns3:cad>88</ns3:cad>
          </ns3:TrackPointExtension>
        </extensions>
      </trkpt>
      <trkpt lat="31.21841906569898128509521484375" lon="121.38827447779476642608642578125">
        <ele>14.6000003814697265625</ele>
        <time>2026-09-21T10:51:09.000Z</time>
        <extensions>
          <ns3:TrackPointExtension>
            <ns3:hr>145</ns3:hr>
            <ns3:cad>87</ns3:cad>
          </ns3:TrackPointExtension>
        </extensions>
      </trkpt>
      <trkpt lat="31.21844328939914703369140625" lon="121.38828814029693603515625">
        <ele>14.6000003814697265625</ele>
        <time>2026-09-21T10:51:10.000Z</time>
        <extensions>
          <ns3:TrackPointExtension>
            <ns3:hr>145</ns3:hr>
            <ns3:cad>87</ns3:cad>
          </ns3:TrackPointExtension>
        </extensions>
      </trkpt>
      <trkpt lat="31.2184645794332027435302734375" lon="121.38829710893332958221435546875">
        <ele>14.3999996185302734375</ele>
        <time>2026-09-21T10:51:11.000Z</time>
        <extensions>
          <ns3:TrackPointExtension>
            <ns3:hr>146</ns3:hr>
            <ns3:cad>87</ns3:cad>
          </ns3:TrackPointExtension>
        </extensions>
      </trkpt>
      <trkpt lat="31.21849115006625652313232421875" lon="121.3883090950548648834228515625">
        <ele>14.3999996185302734375</ele>
        <time>2026-09-21T10:51:12.000Z</time>
        <extensions>
          <ns3:TrackPointExtension>
            <ns3:hr>145</ns3:hr>
            <ns3:cad>87</ns3:cad>
          </ns3:TrackPointExtension>
        </extensions>
      </trkpt>
      <trkpt lat="31.21851277537643909454345703125" lon="121.38831563293933868408203125">
        <ele>14.3999996185302734375</ele>
        <time>2026-09-21T10:51:13.000Z</time>
        <extensions>
          <ns3:TrackPointExtension>
            <ns3:hr>145</ns3:hr>
            <ns3:cad>88</ns3:cad>
          </ns3:TrackPointExtension>
        </extensions>
      </trkpt>
      <trkpt lat="31.21853557415306568145751953125" lon="121.3883221708238124847412109375">
        <ele>14.3999996185302734375</ele>
        <time>2026-09-21T10:51:14.000Z</time>
        <extensions>
          <ns3:TrackPointExtension>
            <ns3:hr>145</ns3:hr>
            <ns3:cad>88</ns3:cad>
          </ns3:TrackPointExtension>
        </extensions>
      </trkpt>
      <trkpt lat="31.218560636043548583984375" lon="121.388329379260540008544921875">
        <ele>14.3999996185302734375</ele>
        <time>2026-09-21T10:51:15.000Z</time>
        <extensions>
          <ns3:TrackPointExtension>
            <ns3:hr>145</ns3:hr>
            <ns3:cad>88</ns3:cad>
          </ns3:TrackPointExtension>
        </extensions>
      </trkpt>
      <trkpt lat="31.2185829319059848785400390625" lon="121.3883292116224765777587890625">
        <ele>14.6000003814697265625</ele>
        <time>2026-09-21T10:51:16.000Z</time>
        <extensions>
          <ns3:TrackPointExtension>
            <ns3:hr>145</ns3:hr>
            <ns3:cad>87</ns3:cad>
          </ns3:TrackPointExtension>
        </extensions>
      </trkpt>
      <trkpt lat="31.21861159801483154296875" lon="121.3883315585553646087646484375">
        <ele>14.6000003814697265625</ele>
        <time>2026-09-21T10:51:17.000Z</time>
        <extensions>
          <ns3:TrackPointExtension>
            <ns3:hr>145</ns3:hr>
            <ns3:cad>87</ns3:cad>
          </ns3:TrackPointExtension>
        </extensions>
      </trkpt>
      <trkpt lat="31.21862995438277721405029296875" lon="121.3883342407643795013427734375">
        <ele>14.3999996185302734375</ele>
        <time>2026-09-21T10:51:18.000Z</time>
        <extensions>
          <ns3:TrackPointExtension>
            <ns3:hr>145</ns3:hr>
            <ns3:cad>87</ns3:cad>
          </ns3:TrackPointExtension>
        </extensions>
      </trkpt>
      <trkpt lat="31.21865828521549701690673828125" lon="121.38834387995302677154541015625">
        <ele>14.3999996185302734375</ele>
        <time>2026-09-21T10:51:19.000Z</time>
        <extensions>
          <ns3:TrackPointExtension>
            <ns3:hr>145</ns3:hr>
            <ns3:cad>88</ns3:cad>
          </ns3:TrackPointExtension>
        </extensions>
      </trkpt>
      <trkpt lat="31.21867823414504528045654296875" lon="121.3883458077907562255859375">
        <ele>14.3999996185302734375</ele>
        <time>2026-09-21T10:51:20.000Z</time>
        <extensions>
          <ns3:TrackPointExtension>
            <ns3:hr>145</ns3:hr>
            <ns3:cad>88</ns3:cad>
          </ns3:TrackPointExtension>
        </extensions>
      </trkpt>
      <trkpt lat="31.21870857663452625274658203125" lon="121.388352178037166595458984375">
        <ele>14.3999996185302734375</ele>
        <time>2026-09-21T10:51:21.000Z</time>
        <extensions>
          <ns3:TrackPointExtension>
            <ns3:hr>146</ns3:hr>
            <ns3:cad>88</ns3:cad>
          </ns3:TrackPointExtension>
        </extensions>
      </trkpt>
      <trkpt lat="31.21873070485889911651611328125" lon="121.388354860246181488037109375">
        <ele>14.6000003814697265625</ele>
        <time>2026-09-21T10:51:22.000Z</time>
        <extensions>
          <ns3:TrackPointExtension>
            <ns3:hr>145</ns3:hr>
            <ns3:cad>87</ns3:cad>
          </ns3:TrackPointExtension>
        </extensions>
      </trkpt>
      <trkpt lat="31.218760795891284942626953125" lon="121.38835695572197437286376953125">
        <ele>14.6000003814697265625</ele>
        <time>2026-09-21T10:51:23.000Z</time>
        <extensions>
          <ns3:TrackPointExtension>
            <ns3:hr>145</ns3:hr>
            <ns3:cad>87</ns3:cad>
          </ns3:TrackPointExtension>
        </extensions>
      </trkpt>
      <trkpt lat="31.21878703124821186065673828125" lon="121.38836123049259185791015625">
        <ele>14.6000003814697265625</ele>
        <time>2026-09-21T10:51:24.000Z</time>
        <extensions>
          <ns3:TrackPointExtension>
            <ns3:hr>146</ns3:hr>
            <ns3:cad>87</ns3:cad>
          </ns3:TrackPointExtension>
        </extensions>
      </trkpt>
      <trkpt lat="31.21880848892033100128173828125" lon="121.38836416415870189666748046875">
        <ele>14.6000003814697265625</ele>
        <time>2026-09-21T10:51:25.000Z</time>
        <extensions>
          <ns3:TrackPointExtension>
            <ns3:hr>145</ns3:hr>
            <ns3:cad>88</ns3:cad>
          </ns3:TrackPointExtension>
        </extensions>
      </trkpt>
      <trkpt lat="31.2188384123146533966064453125" lon="121.3883684389293193817138671875">
        <ele>14.6000003814697265625</ele>
        <time>2026-09-21T10:51:26.000Z</time>
        <extensions>
          <ns3:TrackPointExtension>
            <ns3:hr>145</ns3:hr>
            <ns3:cad>88</ns3:cad>
          </ns3:TrackPointExtension>
        </extensions>
      </trkpt>
      <trkpt lat="31.2188575230538845062255859375" lon="121.388379000127315521240234375">
        <ele>14.6000003814697265625</ele>
        <time>2026-09-21T10:51:27.000Z</time>
        <extensions>
          <ns3:TrackPointExtension>
            <ns3:hr>145</ns3:hr>
            <ns3:cad>88</ns3:cad>
          </ns3:TrackPointExtension>
        </extensions>
      </trkpt>
      <trkpt lat="31.21889121830463409423828125" lon="121.3883828558027744293212890625">
        <ele>14.6000003814697265625</ele>
        <time>2026-09-21T10:51:28.000Z</time>
        <extensions>
          <ns3:TrackPointExtension>
            <ns3:hr>146</ns3:hr>
            <ns3:cad>87</ns3:cad>
          </ns3:TrackPointExtension>
        </extensions>
      </trkpt>
      <trkpt lat="31.21890789829194545745849609375" lon="121.388387046754360198974609375">
        <ele>14.6000003814697265625</ele>
        <time>2026-09-21T10:51:29.000Z</time>
        <extensions>
          <ns3:TrackPointExtension>
            <ns3:hr>145</ns3:hr>
            <ns3:cad>87</ns3:cad>
          </ns3:TrackPointExtension>
        </extensions>
      </trkpt>
      <trkpt lat="31.2189343012869358062744140625" lon="121.38838537037372589111328125">
        <ele>14.6000003814697265625</ele>
        <time>2026-09-21T10:51:30.000Z</time>
        <extensions>
          <ns3:TrackPointExtension>
            <ns3:hr>145</ns3:hr>
            <ns3:cad>87</ns3:cad>
          </ns3:TrackPointExtension>
        </extensions>
      </trkpt>
      <trkpt lat="31.2189544178545475006103515625" lon="121.3883865438401699066162109375">
        <ele>14.6000003814697265625</ele>
        <time>2026-09-21T10:51:31.000Z</time>
        <extensions>
          <ns3:TrackPointExtension>
            <ns3:hr>146</ns3:hr>
            <ns3:cad>87</ns3:cad>
          </ns3:TrackPointExtension>
        </extensions>
      </trkpt>
      <trkpt lat="31.2189815752208232879638671875" lon="121.38839081861078739166259765625">
        <ele>14.6000003814697265625</ele>
        <time>2026-09-21T10:51:32.000Z</time>
        <extensions>
          <ns3:TrackPointExtension>
            <ns3:hr>146</ns3:hr>
            <ns3:cad>88</ns3:cad>
          </ns3:TrackPointExtension>
        </extensions>
      </trkpt>
      <trkpt lat="31.21900361962616443634033203125" lon="121.388391070067882537841796875">
        <ele>14.6000003814697265625</ele>
        <time>2026-09-21T10:51:33.000Z</time>
        <extensions>
          <ns3:TrackPointExtension>
            <ns3:hr>146</ns3:hr>
            <ns3:cad>88</ns3:cad>
          </ns3:TrackPointExtension>
        </extensions>
      </trkpt>
      <trkpt lat="31.21902675367891788482666015625" lon="121.388390064239501953125">
        <ele>14.6000003814697265625</ele>
        <time>2026-09-21T10:51:34.000Z</time>
        <extensions>
          <ns3:TrackPointExtension>
            <ns3:hr>146</ns3:hr>
            <ns3:cad>88</ns3:cad>
          </ns3:TrackPointExtension>
        </extensions>
      </trkpt>
      <trkpt lat="31.21905055828392505645751953125" lon="121.388386376202106475830078125">
        <ele>14.3999996185302734375</ele>
        <time>2026-09-21T10:51:35.000Z</time>
        <extensions>
          <ns3:TrackPointExtension>
            <ns3:hr>145</ns3:hr>
            <ns3:cad>87</ns3:cad>
          </ns3:TrackPointExtension>
        </extensions>
      </trkpt>
      <trkpt lat="31.2190737761557102203369140625" lon="121.388382017612457275390625">
        <ele>14.3999996185302734375</ele>
        <time>2026-09-21T10:51:36.000Z</time>
        <extensions>
          <ns3:TrackPointExtension>
            <ns3:hr>146</ns3:hr>
            <ns3:cad>87</ns3:cad>
          </ns3:TrackPointExtension>
        </extensions>
      </trkpt>
      <trkpt lat="31.21909431181848049163818359375" lon="121.38839132152497768402099609375">
        <ele>14.3999996185302734375</ele>
        <time>2026-09-21T10:51:37.000Z</time>
        <extensions>
          <ns3:TrackPointExtension>
            <ns3:hr>146</ns3:hr>
            <ns3:cad>87</ns3:cad>
          </ns3:TrackPointExtension>
        </extensions>
      </trkpt>
      <trkpt lat="31.2191133387386798858642578125" lon="121.3883909024298191070556640625">
        <ele>14.3999996185302734375</ele>
        <time>2026-09-21T10:51:38.000Z</time>
        <extensions>
          <ns3:TrackPointExtension>
            <ns3:hr>146</ns3:hr>
            <ns3:cad>88</ns3:cad>
          </ns3:TrackPointExtension>
        </extensions>
      </trkpt>
      <trkpt lat="31.219136975705623626708984375" lon="121.38839299790561199188232421875">
        <ele>14.3999996185302734375</ele>
        <time>2026-09-21T10:51:39.000Z</time>
        <extensions>
          <ns3:TrackPointExtension>
            <ns3:hr>146</ns3:hr>
            <ns3:cad>88</ns3:cad>
          </ns3:TrackPointExtension>
        </extensions>
      </trkpt>
      <trkpt lat="31.219158433377742767333984375" lon="121.38839484192430973052978515625">
        <ele>14.3999996185302734375</ele>
        <time>2026-09-21T10:51:40.000Z</time>
        <extensions>
          <ns3:TrackPointExtension>
            <ns3:hr>147</ns3:hr>
            <ns3:cad>88</ns3:cad>
          </ns3:TrackPointExtension>
        </extensions>
      </trkpt>
      <trkpt lat="31.21918357908725738525390625" lon="121.3883955962955951690673828125">
        <ele>14.6000003814697265625</ele>
        <time>2026-09-21T10:51:41.000Z</time>
        <extensions>
          <ns3:TrackPointExtension>
            <ns3:hr>147</ns3:hr>
            <ns3:cad>87</ns3:cad>
          </ns3:TrackPointExtension>
        </extensions>
      </trkpt>
      <trkpt lat="31.21920797042548656463623046875" lon="121.38839584775269031524658203125">
        <ele>14.6000003814697265625</ele>
        <time>2026-09-21T10:51:42.000Z</time>
        <extensions>
          <ns3:TrackPointExtension>
            <ns3:hr>147</ns3:hr>
            <ns3:cad>87</ns3:cad>
          </ns3:TrackPointExtension>
        </extensions>
      </trkpt>
      <trkpt lat="31.2192400731146335601806640625" lon="121.38838939368724822998046875">
        <ele>14.6000003814697265625</ele>
        <time>2026-09-21T10:51:43.000Z</time>
        <extensions>
          <ns3:TrackPointExtension>
            <ns3:hr>147</ns3:hr>
            <ns3:cad>87</ns3:cad>
          </ns3:TrackPointExtension>
        </extensions>
      </trkpt>
      <trkpt lat="31.21926396153867244720458984375" lon="121.38838578946888446807861328125">
        <ele>14.6000003814697265625</ele>
        <time>2026-09-21T10:51:44.000Z</time>
        <extensions>
          <ns3:TrackPointExtension>
            <ns3:hr>147</ns3:hr>
            <ns3:cad>88</ns3:cad>
          </ns3:TrackPointExtension>
        </extensions>
      </trkpt>
      <trkpt lat="31.2192906998097896575927734375" lon="121.3883815146982669830322265625">
        <ele>14.6000003814697265625</ele>
        <time>2026-09-21T10:51:45.000Z</time>
        <extensions>
          <ns3:TrackPointExtension>
            <ns3:hr>147</ns3:hr>
            <ns3:cad>88</ns3:cad>
          </ns3:TrackPointExtension>
        </extensions>
      </trkpt>
      <trkpt lat="31.21931257657706737518310546875" lon="121.3883795030415058135986328125">
        <ele>14.3999996185302734375</ele>
        <time>2026-09-21T10:51:46.000Z</time>
        <extensions>
          <ns3:TrackPointExtension>
            <ns3:hr>147</ns3:hr>
            <ns3:cad>88</ns3:cad>
          </ns3:TrackPointExtension>
        </extensions>
      </trkpt>
      <trkpt lat="31.21934040449559688568115234375" lon="121.388374976813793182373046875">
        <ele>14.3999996185302734375</ele>
        <time>2026-09-21T10:51:47.000Z</time>
        <extensions>
          <ns3:TrackPointExtension>
            <ns3:hr>147</ns3:hr>
            <ns3:cad>87</ns3:cad>
          </ns3:TrackPointExtension>
        </extensions>
      </trkpt>
      <trkpt lat="31.2193637900054454803466796875" lon="121.388370953500270843505859375">
        <ele>14.3999996185302734375</ele>
        <time>2026-09-21T10:51:48.000Z</time>
        <extensions>
          <ns3:TrackPointExtension>
            <ns3:hr>147</ns3:hr>
            <ns3:cad>87</ns3:cad>
          </ns3:TrackPointExtension>
        </extensions>
      </trkpt>
      <trkpt lat="31.21938365511596202850341796875" lon="121.38836248777806758880615234375">
        <ele>14.6000003814697265625</ele>
        <time>2026-09-21T10:51:49.000Z</time>
        <extensions>
          <ns3:TrackPointExtension>
            <ns3:hr>147</ns3:hr>
            <ns3:cad>87</ns3:cad>
          </ns3:TrackPointExtension>
        </extensions>
      </trkpt>
      <trkpt lat="31.21940930373966693878173828125" lon="121.38836064375936985015869140625">
        <ele>14.6000003814697265625</ele>
        <time>2026-09-21T10:51:50.000Z</time>
        <extensions>
          <ns3:TrackPointExtension>
            <ns3:hr>147</ns3:hr>
            <ns3:cad>87</ns3:cad>
          </ns3:TrackPointExtension>
        </extensions>
      </trkpt>
      <trkpt lat="31.21943227015435695648193359375" lon="121.38835578225553035736083984375">
        <ele>14.3999996185302734375</ele>
        <time>2026-09-21T10:51:51.000Z</time>
        <extensions>
          <ns3:TrackPointExtension>
            <ns3:hr>147</ns3:hr>
            <ns3:cad>88</ns3:cad>
          </ns3:TrackPointExtension>
        </extensions>
      </trkpt>
      <trkpt lat="31.21945917606353759765625" lon="121.3883538544178009033203125">
        <ele>14.3999996185302734375</ele>
        <time>2026-09-21T10:51:52.000Z</time>
        <extensions>
          <ns3:TrackPointExtension>
            <ns3:hr>147</ns3:hr>
            <ns3:cad>88</ns3:cad>
          </ns3:TrackPointExtension>
        </extensions>
      </trkpt>
      <trkpt lat="31.21948038227856159210205078125" lon="121.3883476518094539642333984375">
        <ele>14.3999996185302734375</ele>
        <time>2026-09-21T10:51:53.000Z</time>
        <extensions>
          <ns3:TrackPointExtension>
            <ns3:hr>148</ns3:hr>
            <ns3:cad>88</ns3:cad>
          </ns3:TrackPointExtension>
        </extensions>
      </trkpt>
      <trkpt lat="31.2195061147212982177734375" lon="121.38834790326654911041259765625">
        <ele>14.3999996185302734375</ele>
        <time>2026-09-21T10:51:54.000Z</time>
        <extensions>
          <ns3:TrackPointExtension>
            <ns3:hr>148</ns3:hr>
            <ns3:cad>87</ns3:cad>
          </ns3:TrackPointExtension>
        </extensions>
      </trkpt>
      <trkpt lat="31.2195247225463390350341796875" lon="121.388347148895263671875">
        <ele>14.3999996185302734375</ele>
        <time>2026-09-21T10:51:55.000Z</time>
        <extensions>
          <ns3:TrackPointExtension>
            <ns3:hr>148</ns3:hr>
            <ns3:cad>87</ns3:cad>
          </ns3:TrackPointExtension>
        </extensions>
      </trkpt>
      <trkpt lat="31.2195543944835662841796875" lon="121.388349831104278564453125">
        <ele>14.3999996185302734375</ele>
        <time>2026-09-21T10:51:56.000Z</time>
        <extensions>
          <ns3:TrackPointExtension>
            <ns3:hr>148</ns3:hr>
            <ns3:cad>87</ns3:cad>
          </ns3:TrackPointExtension>
        </extensions>
      </trkpt>
      <trkpt lat="31.219580210745334625244140625" lon="121.388349495828151702880859375">
        <ele>14.6000003814697265625</ele>
        <time>2026-09-21T10:51:57.000Z</time>
        <extensions>
          <ns3:TrackPointExtension>
            <ns3:hr>148</ns3:hr>
            <ns3:cad>87</ns3:cad>
          </ns3:TrackPointExtension>
        </extensions>
      </trkpt>
      <trkpt lat="31.219599656760692596435546875" lon="121.38834513723850250244140625">
        <ele>14.6000003814697265625</ele>
        <time>2026-09-21T10:51:58.000Z</time>
        <extensions>
          <ns3:TrackPointExtension>
            <ns3:hr>148</ns3:hr>
            <ns3:cad>87</ns3:cad>
          </ns3:TrackPointExtension>
        </extensions>
      </trkpt>
      <trkpt lat="31.2196239642798900604248046875" lon="121.38834111392498016357421875">
        <ele>14.6000003814697265625</ele>
        <time>2026-09-21T10:51:59.000Z</time>
        <extensions>
          <ns3:TrackPointExtension>
            <ns3:hr>148</ns3:hr>
            <ns3:cad>87</ns3:cad>
          </ns3:TrackPointExtension>
        </extensions>
      </trkpt>
      <trkpt lat="31.219645924866199493408203125" lon="121.38833667151629924774169921875">
        <ele>14.3999996185302734375</ele>
        <time>2026-09-21T10:52:00.000Z</time>
        <extensions>
          <ns3:TrackPointExtension>
            <ns3:hr>149</ns3:hr>
            <ns3:cad>87</ns3:cad>
          </ns3:TrackPointExtension>
        </extensions>
      </trkpt>
      <trkpt lat="31.21966981329023838043212890625" lon="121.3883431255817413330078125">
        <ele>14.3999996185302734375</ele>
        <time>2026-09-21T10:52:01.000Z</time>
        <extensions>
          <ns3:TrackPointExtension>
            <ns3:hr>148</ns3:hr>
            <ns3:cad>87</ns3:cad>
          </ns3:TrackPointExtension>
        </extensions>
      </trkpt>
      <trkpt lat="31.2196880020201206207275390625" lon="121.3883416168391704559326171875">
        <ele>14.3999996185302734375</ele>
        <time>2026-09-21T10:52:02.000Z</time>
        <extensions>
          <ns3:TrackPointExtension>
            <ns3:hr>148</ns3:hr>
            <ns3:cad>86</ns3:cad>
          </ns3:TrackPointExtension>
        </extensions>
      </trkpt>
      <trkpt lat="31.21971541084349155426025390625" lon="121.38834253884851932525634765625">
        <ele>14.3999996185302734375</ele>
        <time>2026-09-21T10:52:03.000Z</time>
        <extensions>
          <ns3:TrackPointExtension>
            <ns3:hr>149</ns3:hr>
            <ns3:cad>86</ns3:cad>
          </ns3:TrackPointExtension>
        </extensions>
      </trkpt>
      <trkpt lat="31.21973485685884952545166015625" lon="121.38833834789693355560302734375">
        <ele>14.3999996185302734375</ele>
        <time>2026-09-21T10:52:04.000Z</time>
        <extensions>
          <ns3:TrackPointExtension>
            <ns3:hr>148</ns3:hr>
            <ns3:cad>87</ns3:cad>
          </ns3:TrackPointExtension>
        </extensions>
      </trkpt>
      <trkpt lat="31.219757907092571258544921875" lon="121.38833574950695037841796875">
        <ele>14.6000003814697265625</ele>
        <time>2026-09-21T10:52:05.000Z</time>
        <extensions>
          <ns3:TrackPointExtension>
            <ns3:hr>147</ns3:hr>
            <ns3:cad>87</ns3:cad>
          </ns3:TrackPointExtension>
        </extensions>
      </trkpt>
      <trkpt lat="31.2197822146117687225341796875" lon="121.388335414230823516845703125">
        <ele>14.6000003814697265625</ele>
        <time>2026-09-21T10:52:06.000Z</time>
        <extensions>
          <ns3:TrackPointExtension>
            <ns3:hr>147</ns3:hr>
            <ns3:cad>87</ns3:cad>
          </ns3:TrackPointExtension>
        </extensions>
      </trkpt>
      <trkpt lat="31.21980526484549045562744140625" lon="121.388327367603778839111328125">
        <ele>14.80000019073486328125</ele>
        <time>2026-09-21T10:52:07.000Z</time>
        <extensions>
          <ns3:TrackPointExtension>
            <ns3:hr>147</ns3:hr>
            <ns3:cad>85</ns3:cad>
          </ns3:TrackPointExtension>
        </extensions>
      </trkpt>
      <trkpt lat="31.21983175165951251983642578125" lon="121.3883243501186370849609375">
        <ele>14.80000019073486328125</ele>
        <time>2026-09-21T10:52:08.000Z</time>
        <extensions>
          <ns3:TrackPointExtension>
            <ns3:hr>146</ns3:hr>
            <ns3:cad>85</ns3:cad>
          </ns3:TrackPointExtension>
        </extensions>
      </trkpt>
      <trkpt lat="31.2198469229042530059814453125" lon="121.38831336982548236846923828125">
        <ele>14.80000019073486328125</ele>
        <time>2026-09-21T10:52:09.000Z</time>
        <extensions>
          <ns3:TrackPointExtension>
            <ns3:hr>146</ns3:hr>
            <ns3:cad>86</ns3:cad>
          </ns3:TrackPointExtension>
        </extensions>
      </trkpt>
      <trkpt lat="31.2198655307292938232421875" lon="121.38829073868691921234130859375">
        <ele>14.80000019073486328125</ele>
        <time>2026-09-21T10:52:10.000Z</time>
        <extensions>
          <ns3:TrackPointExtension>
            <ns3:hr>146</ns3:hr>
            <ns3:cad>86</ns3:cad>
          </ns3:TrackPointExtension>
        </extensions>
      </trkpt>
      <trkpt lat="31.21987852267920970916748046875" lon="121.38826710171997547149658203125">
        <ele>14.80000019073486328125</ele>
        <time>2026-09-21T10:52:11.000Z</time>
        <extensions>
          <ns3:TrackPointExtension>
            <ns3:hr>146</ns3:hr>
            <ns3:cad>86</ns3:cad>
          </ns3:TrackPointExtension>
        </extensions>
      </trkpt>
      <trkpt lat="31.21988992206752300262451171875" lon="121.38824732042849063873291015625">
        <ele>14.80000019073486328125</ele>
        <time>2026-09-21T10:52:12.000Z</time>
        <extensions>
          <ns3:TrackPointExtension>
            <ns3:hr>146</ns3:hr>
            <ns3:cad>86</ns3:cad>
          </ns3:TrackPointExtension>
        </extensions>
      </trkpt>
      <trkpt lat="31.21990048326551914215087890625" lon="121.3882168941199779510498046875">
        <ele>15</ele>
        <time>2026-09-21T10:52:13.000Z</time>
        <extensions>
          <ns3:TrackPointExtension>
            <ns3:hr>146</ns3:hr>
            <ns3:cad>84</ns3:cad>
          </ns3:TrackPointExtension>
        </extensions>
      </trkpt>
      <trkpt lat="31.219905428588390350341796875" lon="121.388192586600780487060546875">
        <ele>15</ele>
        <time>2026-09-21T10:52:14.000Z</time>
        <extensions>
          <ns3:TrackPointExtension>
            <ns3:hr>146</ns3:hr>
            <ns3:cad>83</ns3:cad>
          </ns3:TrackPointExtension>
        </extensions>
      </trkpt>
      <trkpt lat="31.21991154737770557403564453125" lon="121.38816232793033123016357421875">
        <ele>15</ele>
        <time>2026-09-21T10:52:15.000Z</time>
        <extensions>
          <ns3:TrackPointExtension>
            <ns3:hr>146</ns3:hr>
            <ns3:cad>83</ns3:cad>
          </ns3:TrackPointExtension>
        </extensions>
      </trkpt>
      <trkpt lat="31.219913475215435028076171875" lon="121.3881374336779117584228515625">
        <ele>15</ele>
        <time>2026-09-21T10:52:16.000Z</time>
        <extensions>
          <ns3:TrackPointExtension>
            <ns3:hr>146</ns3:hr>
            <ns3:cad>83</ns3:cad>
          </ns3:TrackPointExtension>
        </extensions>
      </trkpt>
      <trkpt lat="31.2199166603386402130126953125" lon="121.38810801319777965545654296875">
        <ele>15.19999980926513671875</ele>
        <time>2026-09-21T10:52:17.000Z</time>
        <extensions>
          <ns3:TrackPointExtension>
            <ns3:hr>145</ns3:hr>
            <ns3:cad>84</ns3:cad>
          </ns3:TrackPointExtension>
        </extensions>
      </trkpt>
      <trkpt lat="31.21992428787052631378173828125" lon="121.38808186165988445281982421875">
        <ele>15.19999980926513671875</ele>
        <time>2026-09-21T10:52:18.000Z</time>
        <extensions>
          <ns3:TrackPointExtension>
            <ns3:hr>146</ns3:hr>
            <ns3:cad>85</ns3:cad>
          </ns3:TrackPointExtension>
        </extensions>
      </trkpt>
      <trkpt lat="31.2199240364134311676025390625" lon="121.38805772177875041961669921875">
        <ele>15.19999980926513671875</ele>
        <time>2026-09-21T10:52:19.000Z</time>
        <extensions>
          <ns3:TrackPointExtension>
            <ns3:hr>146</ns3:hr>
            <ns3:cad>86</ns3:cad>
          </ns3:TrackPointExtension>
        </extensions>
      </trkpt>
      <trkpt lat="31.2199273891746997833251953125" lon="121.3880293071269989013671875">
        <ele>15.19999980926513671875</ele>
        <time>2026-09-21T10:52:20.000Z</time>
        <extensions>
          <ns3:TrackPointExtension>
            <ns3:hr>146</ns3:hr>
            <ns3:cad>86</ns3:cad>
          </ns3:TrackPointExtension>
        </extensions>
      </trkpt>
      <trkpt lat="31.21992780826985836029052734375" lon="121.38800860382616519927978515625">
        <ele>15.19999980926513671875</ele>
        <time>2026-09-21T10:52:21.000Z</time>
        <extensions>
          <ns3:TrackPointExtension>
            <ns3:hr>146</ns3:hr>
            <ns3:cad>86</ns3:cad>
          </ns3:TrackPointExtension>
        </extensions>
      </trkpt>
      <trkpt lat="31.21992780826985836029052734375" lon="121.3879775069653987884521484375">
        <ele>15.19999980926513671875</ele>
        <time>2026-09-21T10:52:22.000Z</time>
        <extensions>
          <ns3:TrackPointExtension>
            <ns3:hr>146</ns3:hr>
            <ns3:cad>86</ns3:cad>
          </ns3:TrackPointExtension>
        </extensions>
      </trkpt>
      <trkpt lat="31.21992629952728748321533203125" lon="121.387955211102962493896484375">
        <ele>15.19999980926513671875</ele>
        <time>2026-09-21T10:52:23.000Z</time>
        <extensions>
          <ns3:TrackPointExtension>
            <ns3:hr>147</ns3:hr>
            <ns3:cad>88</ns3:cad>
          </ns3:TrackPointExtension>
        </extensions>
      </trkpt>
      <trkpt lat="31.219924874603748321533203125" lon="121.387923695147037506103515625">
        <ele>15.19999980926513671875</ele>
        <time>2026-09-21T10:52:24.000Z</time>
        <extensions>
          <ns3:TrackPointExtension>
            <ns3:hr>147</ns3:hr>
            <ns3:cad>88</ns3:cad>
          </ns3:TrackPointExtension>
        </extensions>
      </trkpt>
      <trkpt lat="31.219920851290225982666015625" lon="121.3879017345607280731201171875">
        <ele>15.19999980926513671875</ele>
        <time>2026-09-21T10:52:25.000Z</time>
        <extensions>
          <ns3:TrackPointExtension>
            <ns3:hr>147</ns3:hr>
            <ns3:cad>88</ns3:cad>
          </ns3:TrackPointExtension>
        </extensions>
      </trkpt>
      <trkpt lat="31.21991707943379878997802734375" lon="121.38787583447992801666259765625">
        <ele>15.19999980926513671875</ele>
        <time>2026-09-21T10:52:26.000Z</time>
        <extensions>
          <ns3:TrackPointExtension>
            <ns3:hr>147</ns3:hr>
            <ns3:cad>87</ns3:cad>
          </ns3:TrackPointExtension>
        </extensions>
      </trkpt>
      <trkpt lat="31.2199139781296253204345703125" lon="121.38785387389361858367919921875">
        <ele>15.19999980926513671875</ele>
        <time>2026-09-21T10:52:27.000Z</time>
        <extensions>
          <ns3:TrackPointExtension>
            <ns3:hr>147</ns3:hr>
            <ns3:cad>87</ns3:cad>
          </ns3:TrackPointExtension>
        </extensions>
      </trkpt>
      <trkpt lat="31.2199109606444835662841796875" lon="121.3878279738128185272216796875">
        <ele>15.19999980926513671875</ele>
        <time>2026-09-21T10:52:28.000Z</time>
        <extensions>
          <ns3:TrackPointExtension>
            <ns3:hr>147</ns3:hr>
            <ns3:cad>87</ns3:cad>
          </ns3:TrackPointExtension>
        </extensions>
      </trkpt>
      <trkpt lat="31.21991087682545185089111328125" lon="121.3877974636852741241455078125">
        <ele>15.19999980926513671875</ele>
        <time>2026-09-21T10:52:29.000Z</time>
        <extensions>
          <ns3:TrackPointExtension>
            <ns3:hr>147</ns3:hr>
            <ns3:cad>88</ns3:cad>
          </ns3:TrackPointExtension>
        </extensions>
      </trkpt>
      <trkpt lat="31.21990886516869068145751953125" lon="121.38777005486190319061279296875">
        <ele>15.19999980926513671875</ele>
        <time>2026-09-21T10:52:30.000Z</time>
        <extensions>
          <ns3:TrackPointExtension>
            <ns3:hr>147</ns3:hr>
            <ns3:cad>88</ns3:cad>
          </ns3:TrackPointExtension>
        </extensions>
      </trkpt>
      <trkpt lat="31.2199123017489910125732421875" lon="121.38774021528661251068115234375">
        <ele>15.19999980926513671875</ele>
        <time>2026-09-21T10:52:31.000Z</time>
        <extensions>
          <ns3:TrackPointExtension>
            <ns3:hr>147</ns3:hr>
            <ns3:cad>88</ns3:cad>
          </ns3:TrackPointExtension>
        </extensions>
      </trkpt>
      <trkpt lat="31.21990852989256381988525390625" lon="121.3877139799296855926513671875">
        <ele>15.19999980926513671875</ele>
        <time>2026-09-21T10:52:32.000Z</time>
        <extensions>
          <ns3:TrackPointExtension>
            <ns3:hr>147</ns3:hr>
            <ns3:cad>87</ns3:cad>
          </ns3:TrackPointExtension>
        </extensions>
      </trkpt>
      <trkpt lat="31.21990735642611980438232421875" lon="121.387687660753726959228515625">
        <ele>15.19999980926513671875</ele>
        <time>2026-09-21T10:52:33.000Z</time>
        <extensions>
          <ns3:TrackPointExtension>
            <ns3:hr>147</ns3:hr>
            <ns3:cad>87</ns3:cad>
          </ns3:TrackPointExtension>
        </extensions>
      </trkpt>
      <trkpt lat="31.21990601532161235809326171875" lon="121.387663185596466064453125">
        <ele>15.19999980926513671875</ele>
        <time>2026-09-21T10:52:34.000Z</time>
        <extensions>
          <ns3:TrackPointExtension>
            <ns3:hr>147</ns3:hr>
            <ns3:cad>87</ns3:cad>
          </ns3:TrackPointExtension>
        </extensions>
      </trkpt>
      <trkpt lat="31.2199089489877223968505859375" lon="121.38763527385890483856201171875">
        <ele>15.19999980926513671875</ele>
        <time>2026-09-21T10:52:35.000Z</time>
        <extensions>
          <ns3:TrackPointExtension>
            <ns3:hr>147</ns3:hr>
            <ns3:cad>88</ns3:cad>
          </ns3:TrackPointExtension>
        </extensions>
      </trkpt>
      <trkpt lat="31.219905428588390350341796875" lon="121.38761146925389766693115234375">
        <ele>15.19999980926513671875</ele>
        <time>2026-09-21T10:52:36.000Z</time>
        <extensions>
          <ns3:TrackPointExtension>
            <ns3:hr>147</ns3:hr>
            <ns3:cad>88</ns3:cad>
          </ns3:TrackPointExtension>
        </extensions>
      </trkpt>
      <trkpt lat="31.21990702114999294281005859375" lon="121.38757844455540180206298828125">
        <ele>15.19999980926513671875</ele>
        <time>2026-09-21T10:52:37.000Z</time>
        <extensions>
          <ns3:TrackPointExtension>
            <ns3:hr>147</ns3:hr>
            <ns3:cad>88</ns3:cad>
          </ns3:TrackPointExtension>
        </extensions>
      </trkpt>
      <trkpt lat="31.219904758036136627197265625" lon="121.3875513710081577301025390625">
        <ele>15.19999980926513671875</ele>
        <time>2026-09-21T10:52:38.000Z</time>
        <extensions>
          <ns3:TrackPointExtension>
            <ns3:hr>147</ns3:hr>
            <ns3:cad>87</ns3:cad>
          </ns3:TrackPointExtension>
        </extensions>
      </trkpt>
      <trkpt lat="31.21990534476935863494873046875" lon="121.38751759193837642669677734375">
        <ele>15.19999980926513671875</ele>
        <time>2026-09-21T10:52:39.000Z</time>
        <extensions>
          <ns3:TrackPointExtension>
            <ns3:hr>147</ns3:hr>
            <ns3:cad>87</ns3:cad>
          </ns3:TrackPointExtension>
        </extensions>
      </trkpt>
      <trkpt lat="31.219906769692897796630859375" lon="121.3874913565814495086669921875">
        <ele>15.19999980926513671875</ele>
        <time>2026-09-21T10:52:40.000Z</time>
        <extensions>
          <ns3:TrackPointExtension>
            <ns3:hr>147</ns3:hr>
            <ns3:cad>87</ns3:cad>
          </ns3:TrackPointExtension>
        </extensions>
      </trkpt>
      <trkpt lat="31.2199032492935657501220703125" lon="121.38746403157711029052734375">
        <ele>15.19999980926513671875</ele>
        <time>2026-09-21T10:52:41.000Z</time>
        <extensions>
          <ns3:TrackPointExtension>
            <ns3:hr>147</ns3:hr>
            <ns3:cad>88</ns3:cad>
          </ns3:TrackPointExtension>
        </extensions>
      </trkpt>
      <trkpt lat="31.219901740550994873046875" lon="121.38743846677243709564208984375">
        <ele>15.19999980926513671875</ele>
        <time>2026-09-21T10:52:42.000Z</time>
        <extensions>
          <ns3:TrackPointExtension>
            <ns3:hr>147</ns3:hr>
            <ns3:cad>88</ns3:cad>
          </ns3:TrackPointExtension>
        </extensions>
      </trkpt>
      <trkpt lat="31.2198952026665210723876953125" lon="121.387414075434207916259765625">
        <ele>15.19999980926513671875</ele>
        <time>2026-09-21T10:52:43.000Z</time>
        <extensions>
          <ns3:TrackPointExtension>
            <ns3:hr>147</ns3:hr>
            <ns3:cad>88</ns3:cad>
          </ns3:TrackPointExtension>
        </extensions>
      </trkpt>
      <trkpt lat="31.21989344246685504913330078125" lon="121.38738566078245639801025390625">
        <ele>15.19999980926513671875</ele>
        <time>2026-09-21T10:52:44.000Z</time>
        <extensions>
          <ns3:TrackPointExtension>
            <ns3:hr>147</ns3:hr>
            <ns3:cad>87</ns3:cad>
          </ns3:TrackPointExtension>
        </extensions>
      </trkpt>
      <trkpt lat="31.219896376132965087890625" lon="121.3873575814068317413330078125">
        <ele>15.19999980926513671875</ele>
        <time>2026-09-21T10:52:45.000Z</time>
        <extensions>
          <ns3:TrackPointExtension>
            <ns3:hr>147</ns3:hr>
            <ns3:cad>87</ns3:cad>
          </ns3:TrackPointExtension>
        </extensions>
      </trkpt>
      <trkpt lat="31.219899393618106842041015625" lon="121.38733034022152423858642578125">
        <ele>15.19999980926513671875</ele>
        <time>2026-09-21T10:52:46.000Z</time>
        <extensions>
          <ns3:TrackPointExtension>
            <ns3:hr>147</ns3:hr>
            <ns3:cad>87</ns3:cad>
          </ns3:TrackPointExtension>
        </extensions>
      </trkpt>
      <trkpt lat="31.21989704668521881103515625" lon="121.3873059488832950592041015625">
        <ele>15.19999980926513671875</ele>
        <time>2026-09-21T10:52:47.000Z</time>
        <extensions>
          <ns3:TrackPointExtension>
            <ns3:hr>147</ns3:hr>
            <ns3:cad>87</ns3:cad>
          </ns3:TrackPointExtension>
        </extensions>
      </trkpt>
      <trkpt lat="31.21990115381777286529541015625" lon="121.387270577251911163330078125">
        <ele>15</ele>
        <time>2026-09-21T10:52:48.000Z</time>
        <extensions>
          <ns3:TrackPointExtension>
            <ns3:hr>146</ns3:hr>
            <ns3:cad>88</ns3:cad>
          </ns3:TrackPointExtension>
        </extensions>
      </trkpt>
      <trkpt lat="31.2199009023606777191162109375" lon="121.387245766818523406982421875">
        <ele>15.19999980926513671875</ele>
        <time>2026-09-21T10:52:49.000Z</time>
        <extensions>
          <ns3:TrackPointExtension>
            <ns3:hr>147</ns3:hr>
            <ns3:cad>88</ns3:cad>
          </ns3:TrackPointExtension>
        </extensions>
      </trkpt>
      <trkpt lat="31.2199042551219463348388671875" lon="121.3872140832245349884033203125">
        <ele>15.19999980926513671875</ele>
        <time>2026-09-21T10:52:50.000Z</time>
        <extensions>
          <ns3:TrackPointExtension>
            <ns3:hr>146</ns3:hr>
            <ns3:cad>88</ns3:cad>
          </ns3:TrackPointExtension>
        </extensions>
      </trkpt>
      <trkpt lat="31.21990182437002658843994140625" lon="121.38718851841986179351806640625">
        <ele>15.19999980926513671875</ele>
        <time>2026-09-21T10:52:51.000Z</time>
        <extensions>
          <ns3:TrackPointExtension>
            <ns3:hr>146</ns3:hr>
            <ns3:cad>87</ns3:cad>
          </ns3:TrackPointExtension>
        </extensions>
      </trkpt>
      <trkpt lat="31.21990350075066089630126953125" lon="121.38715968467295169830322265625">
        <ele>15.19999980926513671875</ele>
        <time>2026-09-21T10:52:52.000Z</time>
        <extensions>
          <ns3:TrackPointExtension>
            <ns3:hr>146</ns3:hr>
            <ns3:cad>87</ns3:cad>
          </ns3:TrackPointExtension>
        </extensions>
      </trkpt>
      <trkpt lat="31.21990450657904148101806640625" lon="121.38713219203054904937744140625">
        <ele>15.19999980926513671875</ele>
        <time>2026-09-21T10:52:53.000Z</time>
        <extensions>
          <ns3:TrackPointExtension>
            <ns3:hr>146</ns3:hr>
            <ns3:cad>87</ns3:cad>
          </ns3:TrackPointExtension>
        </extensions>
      </trkpt>
      <trkpt lat="31.2199030816555023193359375" lon="121.38709849677979946136474609375">
        <ele>15.19999980926513671875</ele>
        <time>2026-09-21T10:52:54.000Z</time>
        <extensions>
          <ns3:TrackPointExtension>
            <ns3:hr>146</ns3:hr>
            <ns3:cad>87</ns3:cad>
          </ns3:TrackPointExtension>
        </extensions>
      </trkpt>
      <trkpt lat="31.21990266256034374237060546875" lon="121.38706983067095279693603515625">
        <ele>15.19999980926513671875</ele>
        <time>2026-09-21T10:52:55.000Z</time>
        <extensions>
          <ns3:TrackPointExtension>
            <ns3:hr>146</ns3:hr>
            <ns3:cad>88</ns3:cad>
          </ns3:TrackPointExtension>
        </extensions>
      </trkpt>
      <trkpt lat="31.2199015729129314422607421875" lon="121.38703948818147182464599609375">
        <ele>15.19999980926513671875</ele>
        <time>2026-09-21T10:52:56.000Z</time>
        <extensions>
          <ns3:TrackPointExtension>
            <ns3:hr>146</ns3:hr>
            <ns3:cad>88</ns3:cad>
          </ns3:TrackPointExtension>
        </extensions>
      </trkpt>
      <trkpt lat="31.21990065090358257293701171875" lon="121.38700931333005428314208984375">
        <ele>15</ele>
        <time>2026-09-21T10:52:57.000Z</time>
        <extensions>
          <ns3:TrackPointExtension>
            <ns3:hr>146</ns3:hr>
            <ns3:cad>87</ns3:cad>
          </ns3:TrackPointExtension>
        </extensions>
      </trkpt>
      <trkpt lat="31.219898052513599395751953125" lon="121.38698123395442962646484375">
        <ele>15</ele>
        <time>2026-09-21T10:52:58.000Z</time>
        <extensions>
          <ns3:TrackPointExtension>
            <ns3:hr>146</ns3:hr>
            <ns3:cad>87</ns3:cad>
          </ns3:TrackPointExtension>
        </extensions>
      </trkpt>
      <trkpt lat="31.2198935262858867645263671875" lon="121.3869502209126949310302734375">
        <ele>15</ele>
        <time>2026-09-21T10:52:59.000Z</time>
        <extensions>
          <ns3:TrackPointExtension>
            <ns3:hr>146</ns3:hr>
            <ns3:cad>86</ns3:cad>
          </ns3:TrackPointExtension>
        </extensions>
      </trkpt>
      <trkpt lat="31.219885647296905517578125" lon="121.3869242370128631591796875">
        <ele>15</ele>
        <time>2026-09-21T10:53:00.000Z</time>
        <extensions>
          <ns3:TrackPointExtension>
            <ns3:hr>145</ns3:hr>
            <ns3:cad>86</ns3:cad>
          </ns3:TrackPointExtension>
        </extensions>
      </trkpt>
      <trkpt lat="31.219882965087890625" lon="121.38688894920051097869873046875">
        <ele>15</ele>
        <time>2026-09-21T10:53:01.000Z</time>
        <extensions>
          <ns3:TrackPointExtension>
            <ns3:hr>146</ns3:hr>
            <ns3:cad>87</ns3:cad>
          </ns3:TrackPointExtension>
        </extensions>
      </trkpt>
      <trkpt lat="31.21987919323146343231201171875" lon="121.38686321675777435302734375">
        <ele>15</ele>
        <time>2026-09-21T10:53:02.000Z</time>
        <extensions>
          <ns3:TrackPointExtension>
            <ns3:hr>145</ns3:hr>
            <ns3:cad>88</ns3:cad>
          </ns3:TrackPointExtension>
        </extensions>
      </trkpt>
      <trkpt lat="31.219876594841480255126953125" lon="121.38683245517313480377197265625">
        <ele>15</ele>
        <time>2026-09-21T10:53:03.000Z</time>
        <extensions>
          <ns3:TrackPointExtension>
            <ns3:hr>145</ns3:hr>
            <ns3:cad>88</ns3:cad>
          </ns3:TrackPointExtension>
        </extensions>
      </trkpt>
      <trkpt lat="31.21987550519406795501708984375" lon="121.38680663891136646270751953125">
        <ele>15</ele>
        <time>2026-09-21T10:53:04.000Z</time>
        <extensions>
          <ns3:TrackPointExtension>
            <ns3:hr>145</ns3:hr>
            <ns3:cad>87</ns3:cad>
          </ns3:TrackPointExtension>
        </extensions>
      </trkpt>
      <trkpt lat="31.21987466700375080108642578125" lon="121.3867755420506000518798828125">
        <ele>15</ele>
        <time>2026-09-21T10:53:05.000Z</time>
        <extensions>
          <ns3:TrackPointExtension>
            <ns3:hr>146</ns3:hr>
            <ns3:cad>87</ns3:cad>
          </ns3:TrackPointExtension>
        </extensions>
      </trkpt>
      <trkpt lat="31.219874583184719085693359375" lon="121.386751234531402587890625">
        <ele>15</ele>
        <time>2026-09-21T10:53:06.000Z</time>
        <extensions>
          <ns3:TrackPointExtension>
            <ns3:hr>145</ns3:hr>
            <ns3:cad>87</ns3:cad>
          </ns3:TrackPointExtension>
        </extensions>
      </trkpt>
      <trkpt lat="31.2198737449944019317626953125" lon="121.38672198168933391571044921875">
        <ele>15</ele>
        <time>2026-09-21T10:53:07.000Z</time>
        <extensions>
          <ns3:TrackPointExtension>
            <ns3:hr>145</ns3:hr>
            <ns3:cad>88</ns3:cad>
          </ns3:TrackPointExtension>
        </extensions>
      </trkpt>
      <trkpt lat="31.21987282298505306243896484375" lon="121.3866935670375823974609375">
        <ele>15</ele>
        <time>2026-09-21T10:53:08.000Z</time>
        <extensions>
          <ns3:TrackPointExtension>
            <ns3:hr>146</ns3:hr>
            <ns3:cad>88</ns3:cad>
          </ns3:TrackPointExtension>
        </extensions>
      </trkpt>
      <trkpt lat="31.21986947022378444671630859375" lon="121.386667080223560333251953125">
        <ele>15</ele>
        <time>2026-09-21T10:53:09.000Z</time>
        <extensions>
          <ns3:TrackPointExtension>
            <ns3:hr>145</ns3:hr>
            <ns3:cad>88</ns3:cad>
          </ns3:TrackPointExtension>
        </extensions>
      </trkpt>
      <trkpt lat="31.2198633514344692230224609375" lon="121.38663531281054019927978515625">
        <ele>15</ele>
        <time>2026-09-21T10:53:10.000Z</time>
        <extensions>
          <ns3:TrackPointExtension>
            <ns3:hr>145</ns3:hr>
            <ns3:cad>87</ns3:cad>
          </ns3:TrackPointExtension>
        </extensions>
      </trkpt>
      <trkpt lat="31.21986209414899349212646484375" lon="121.38660999946296215057373046875">
        <ele>15</ele>
        <time>2026-09-21T10:53:11.000Z</time>
        <extensions>
          <ns3:TrackPointExtension>
            <ns3:hr>145</ns3:hr>
            <ns3:cad>87</ns3:cad>
          </ns3:TrackPointExtension>
        </extensions>
      </trkpt>
      <trkpt lat="31.21986142359673976898193359375" lon="121.386579237878322601318359375">
        <ele>15</ele>
        <time>2026-09-21T10:53:12.000Z</time>
        <extensions>
          <ns3:TrackPointExtension>
            <ns3:hr>144</ns3:hr>
            <ns3:cad>87</ns3:cad>
          </ns3:TrackPointExtension>
        </extensions>
      </trkpt>
      <trkpt lat="31.2198569811880588531494140625" lon="121.3865554332733154296875">
        <ele>14.80000019073486328125</ele>
        <time>2026-09-21T10:53:13.000Z</time>
        <extensions>
          <ns3:TrackPointExtension>
            <ns3:hr>144</ns3:hr>
            <ns3:cad>87</ns3:cad>
          </ns3:TrackPointExtension>
        </extensions>
      </trkpt>
      <trkpt lat="31.21985790319740772247314453125" lon="121.3865277729928493499755859375">
        <ele>14.80000019073486328125</ele>
        <time>2026-09-21T10:53:14.000Z</time>
        <extensions>
          <ns3:TrackPointExtension>
            <ns3:hr>144</ns3:hr>
            <ns3:cad>87</ns3:cad>
          </ns3:TrackPointExtension>
        </extensions>
      </trkpt>
      <trkpt lat="31.219857148826122283935546875" lon="121.38650514185428619384765625">
        <ele>14.80000019073486328125</ele>
        <time>2026-09-21T10:53:15.000Z</time>
        <extensions>
          <ns3:TrackPointExtension>
            <ns3:hr>144</ns3:hr>
            <ns3:cad>87</ns3:cad>
          </ns3:TrackPointExtension>
        </extensions>
      </trkpt>
      <trkpt lat="31.21985438279807567596435546875" lon="121.38647756539285182952880859375">
        <ele>14.80000019073486328125</ele>
        <time>2026-09-21T10:53:16.000Z</time>
        <extensions>
          <ns3:TrackPointExtension>
            <ns3:hr>144</ns3:hr>
            <ns3:cad>87</ns3:cad>
          </ns3:TrackPointExtension>
        </extensions>
      </trkpt>
      <trkpt lat="31.21985438279807567596435546875" lon="121.38645309023559093475341796875">
        <ele>14.80000019073486328125</ele>
        <time>2026-09-21T10:53:17.000Z</time>
        <extensions>
          <ns3:TrackPointExtension>
            <ns3:hr>144</ns3:hr>
            <ns3:cad>87</ns3:cad>
          </ns3:TrackPointExtension>
        </extensions>
      </trkpt>
      <trkpt lat="31.21985387988388538360595703125" lon="121.3864268548786640167236328125">
        <ele>14.80000019073486328125</ele>
        <time>2026-09-21T10:53:18.000Z</time>
        <extensions>
          <ns3:TrackPointExtension>
            <ns3:hr>144</ns3:hr>
            <ns3:cad>87</ns3:cad>
          </ns3:TrackPointExtension>
        </extensions>
      </trkpt>
      <trkpt lat="31.21985672973096370697021484375" lon="121.38639844022691249847412109375">
        <ele>14.80000019073486328125</ele>
        <time>2026-09-21T10:53:19.000Z</time>
        <extensions>
          <ns3:TrackPointExtension>
            <ns3:hr>144</ns3:hr>
            <ns3:cad>87</ns3:cad>
          </ns3:TrackPointExtension>
        </extensions>
      </trkpt>
      <trkpt lat="31.21985279023647308349609375" lon="121.38637212105095386505126953125">
        <ele>14.80000019073486328125</ele>
        <time>2026-09-21T10:53:20.000Z</time>
        <extensions>
          <ns3:TrackPointExtension>
            <ns3:hr>144</ns3:hr>
            <ns3:cad>88</ns3:cad>
          </ns3:TrackPointExtension>
        </extensions>
      </trkpt>
      <trkpt lat="31.21984541416168212890625" lon="121.38634127564728260040283203125">
        <ele>14.80000019073486328125</ele>
        <time>2026-09-21T10:53:21.000Z</time>
        <extensions>
          <ns3:TrackPointExtension>
            <ns3:hr>144</ns3:hr>
            <ns3:cad>88</ns3:cad>
          </ns3:TrackPointExtension>
        </extensions>
      </trkpt>
      <trkpt lat="31.21984382160007953643798828125" lon="121.3863168843090534210205078125">
        <ele>14.80000019073486328125</ele>
        <time>2026-09-21T10:53:22.000Z</time>
        <extensions>
          <ns3:TrackPointExtension>
            <ns3:hr>144</ns3:hr>
            <ns3:cad>88</ns3:cad>
          </ns3:TrackPointExtension>
        </extensions>
      </trkpt>
      <trkpt lat="31.21984248049557209014892578125" lon="121.38628863729536533355712890625">
        <ele>14.80000019073486328125</ele>
        <time>2026-09-21T10:53:23.000Z</time>
        <extensions>
          <ns3:TrackPointExtension>
            <ns3:hr>144</ns3:hr>
            <ns3:cad>87</ns3:cad>
          </ns3:TrackPointExtension>
        </extensions>
      </trkpt>
      <trkpt lat="31.21984080411493778228759765625" lon="121.38626240193843841552734375">
        <ele>15</ele>
        <time>2026-09-21T10:53:24.000Z</time>
        <extensions>
          <ns3:TrackPointExtension>
            <ns3:hr>144</ns3:hr>
            <ns3:cad>87</ns3:cad>
          </ns3:TrackPointExtension>
        </extensions>
      </trkpt>
      <trkpt lat="31.219841726124286651611328125" lon="121.3862320594489574432373046875">
        <ele>14.80000019073486328125</ele>
        <time>2026-09-21T10:53:25.000Z</time>
        <extensions>
          <ns3:TrackPointExtension>
            <ns3:hr>144</ns3:hr>
            <ns3:cad>87</ns3:cad>
          </ns3:TrackPointExtension>
        </extensions>
      </trkpt>
      <trkpt lat="31.2198415584862232208251953125" lon="121.38620766811072826385498046875">
        <ele>15</ele>
        <time>2026-09-21T10:53:26.000Z</time>
        <extensions>
          <ns3:TrackPointExtension>
            <ns3:hr>144</ns3:hr>
            <ns3:cad>88</ns3:cad>
          </ns3:TrackPointExtension>
        </extensions>
      </trkpt>
      <trkpt lat="31.21984080411493778228759765625" lon="121.3861787505447864532470703125">
        <ele>14.80000019073486328125</ele>
        <time>2026-09-21T10:53:27.000Z</time>
        <extensions>
          <ns3:TrackPointExtension>
            <ns3:hr>143</ns3:hr>
            <ns3:cad>88</ns3:cad>
          </ns3:TrackPointExtension>
        </extensions>
      </trkpt>
      <trkpt lat="31.219843067228794097900390625" lon="121.3861475698649883270263671875">
        <ele>14.80000019073486328125</ele>
        <time>2026-09-21T10:53:28.000Z</time>
        <extensions>
          <ns3:TrackPointExtension>
            <ns3:hr>144</ns3:hr>
            <ns3:cad>88</ns3:cad>
          </ns3:TrackPointExtension>
        </extensions>
      </trkpt>
      <trkpt lat="31.2198439054191112518310546875" lon="121.38612292706966400146484375">
        <ele>14.80000019073486328125</ele>
        <time>2026-09-21T10:53:29.000Z</time>
        <extensions>
          <ns3:TrackPointExtension>
            <ns3:hr>144</ns3:hr>
            <ns3:cad>87</ns3:cad>
          </ns3:TrackPointExtension>
        </extensions>
      </trkpt>
      <trkpt lat="31.21984868310391902923583984375" lon="121.38609199784696102142333984375">
        <ele>14.80000019073486328125</ele>
        <time>2026-09-21T10:53:30.000Z</time>
        <extensions>
          <ns3:TrackPointExtension>
            <ns3:hr>143</ns3:hr>
            <ns3:cad>87</ns3:cad>
          </ns3:TrackPointExtension>
        </extensions>
      </trkpt>
      <trkpt lat="31.21984600089490413665771484375" lon="121.3860630802810192108154296875">
        <ele>14.80000019073486328125</ele>
        <time>2026-09-21T10:53:31.000Z</time>
        <extensions>
          <ns3:TrackPointExtension>
            <ns3:hr>143</ns3:hr>
            <ns3:cad>87</ns3:cad>
          </ns3:TrackPointExtension>
        </extensions>
      </trkpt>
      <trkpt lat="31.21984667144715785980224609375" lon="121.38603231869637966156005859375">
        <ele>14.80000019073486328125</ele>
        <time>2026-09-21T10:53:32.000Z</time>
        <extensions>
          <ns3:TrackPointExtension>
            <ns3:hr>143</ns3:hr>
            <ns3:cad>87</ns3:cad>
          </ns3:TrackPointExtension>
        </extensions>
      </trkpt>
      <trkpt lat="31.21984382160007953643798828125" lon="121.38600432313978672027587890625">
        <ele>14.80000019073486328125</ele>
        <time>2026-09-21T10:53:33.000Z</time>
        <extensions>
          <ns3:TrackPointExtension>
            <ns3:hr>143</ns3:hr>
            <ns3:cad>88</ns3:cad>
          </ns3:TrackPointExtension>
        </extensions>
      </trkpt>
      <trkpt lat="31.21984164230525493621826171875" lon="121.385975070297718048095703125">
        <ele>14.80000019073486328125</ele>
        <time>2026-09-21T10:53:34.000Z</time>
        <extensions>
          <ns3:TrackPointExtension>
            <ns3:hr>142</ns3:hr>
            <ns3:cad>88</ns3:cad>
          </ns3:TrackPointExtension>
        </extensions>
      </trkpt>
      <trkpt lat="31.2198413908481597900390625" lon="121.38595017604529857635498046875">
        <ele>14.80000019073486328125</ele>
        <time>2026-09-21T10:53:35.000Z</time>
        <extensions>
          <ns3:TrackPointExtension>
            <ns3:hr>142</ns3:hr>
            <ns3:cad>87</ns3:cad>
          </ns3:TrackPointExtension>
        </extensions>
      </trkpt>
      <trkpt lat="31.21983669698238372802734375" lon="121.38592176139354705810546875">
        <ele>14.80000019073486328125</ele>
        <time>2026-09-21T10:53:36.000Z</time>
        <extensions>
          <ns3:TrackPointExtension>
            <ns3:hr>142</ns3:hr>
            <ns3:cad>87</ns3:cad>
          </ns3:TrackPointExtension>
        </extensions>
      </trkpt>
      <trkpt lat="31.2198333442211151123046875" lon="121.38589703477919101715087890625">
        <ele>14.80000019073486328125</ele>
        <time>2026-09-21T10:53:37.000Z</time>
        <extensions>
          <ns3:TrackPointExtension>
            <ns3:hr>142</ns3:hr>
            <ns3:cad>86</ns3:cad>
          </ns3:TrackPointExtension>
        </extensions>
      </trkpt>
      <trkpt lat="31.21983543969690799713134765625" lon="121.38586803339421749114990234375">
        <ele>14.80000019073486328125</ele>
        <time>2026-09-21T10:53:38.000Z</time>
        <extensions>
          <ns3:TrackPointExtension>
            <ns3:hr>142</ns3:hr>
            <ns3:cad>86</ns3:cad>
          </ns3:TrackPointExtension>
        </extensions>
      </trkpt>
      <trkpt lat="31.21983711607754230499267578125" lon="121.38584154658019542694091796875">
        <ele>14.80000019073486328125</ele>
        <time>2026-09-21T10:53:39.000Z</time>
        <extensions>
          <ns3:TrackPointExtension>
            <ns3:hr>142</ns3:hr>
            <ns3:cad>87</ns3:cad>
          </ns3:TrackPointExtension>
        </extensions>
      </trkpt>
      <trkpt lat="31.21983527205884456634521484375" lon="121.38581858016550540924072265625">
        <ele>14.80000019073486328125</ele>
        <time>2026-09-21T10:53:40.000Z</time>
        <extensions>
          <ns3:TrackPointExtension>
            <ns3:hr>141</ns3:hr>
            <ns3:cad>87</ns3:cad>
          </ns3:TrackPointExtension>
        </extensions>
      </trkpt>
      <trkpt lat="31.21983460150659084320068359375" lon="121.3857936859130859375">
        <ele>14.80000019073486328125</ele>
        <time>2026-09-21T10:53:41.000Z</time>
        <extensions>
          <ns3:TrackPointExtension>
            <ns3:hr>141</ns3:hr>
            <ns3:cad>87</ns3:cad>
          </ns3:TrackPointExtension>
        </extensions>
      </trkpt>
      <trkpt lat="31.2198348529636859893798828125" lon="121.385772228240966796875">
        <ele>14.80000019073486328125</ele>
        <time>2026-09-21T10:53:42.000Z</time>
        <extensions>
          <ns3:TrackPointExtension>
            <ns3:hr>141</ns3:hr>
            <ns3:cad>87</ns3:cad>
          </ns3:TrackPointExtension>
        </extensions>
      </trkpt>
      <trkpt lat="31.219842396676540374755859375" lon="121.38574196957051753997802734375">
        <ele>14.80000019073486328125</ele>
        <time>2026-09-21T10:53:43.000Z</time>
        <extensions>
          <ns3:TrackPointExtension>
            <ns3:hr>141</ns3:hr>
            <ns3:cad>87</ns3:cad>
          </ns3:TrackPointExtension>
        </extensions>
      </trkpt>
      <trkpt lat="31.2198459170758724212646484375" lon="121.3857197575271129608154296875">
        <ele>14.80000019073486328125</ele>
        <time>2026-09-21T10:53:44.000Z</time>
        <extensions>
          <ns3:TrackPointExtension>
            <ns3:hr>141</ns3:hr>
            <ns3:cad>86</ns3:cad>
          </ns3:TrackPointExtension>
        </extensions>
      </trkpt>
      <trkpt lat="31.219851113855838775634765625" lon="121.38569268397986888885498046875">
        <ele>14.80000019073486328125</ele>
        <time>2026-09-21T10:53:45.000Z</time>
        <extensions>
          <ns3:TrackPointExtension>
            <ns3:hr>141</ns3:hr>
            <ns3:cad>86</ns3:cad>
          </ns3:TrackPointExtension>
        </extensions>
      </trkpt>
      <trkpt lat="31.21985119767487049102783203125" lon="121.3856651075184345245361328125">
        <ele>14.80000019073486328125</ele>
        <time>2026-09-21T10:53:46.000Z</time>
        <extensions>
          <ns3:TrackPointExtension>
            <ns3:hr>141</ns3:hr>
            <ns3:cad>87</ns3:cad>
          </ns3:TrackPointExtension>
        </extensions>
      </trkpt>
      <trkpt lat="31.2198439054191112518310546875" lon="121.38563551940023899078369140625">
        <ele>14.80000019073486328125</ele>
        <time>2026-09-21T10:53:47.000Z</time>
        <extensions>
          <ns3:TrackPointExtension>
            <ns3:hr>141</ns3:hr>
            <ns3:cad>87</ns3:cad>
          </ns3:TrackPointExtension>
        </extensions>
      </trkpt>
      <trkpt lat="31.21983577497303485870361328125" lon="121.3856072723865509033203125">
        <ele>14.80000019073486328125</ele>
        <time>2026-09-21T10:53:48.000Z</time>
        <extensions>
          <ns3:TrackPointExtension>
            <ns3:hr>141</ns3:hr>
            <ns3:cad>87</ns3:cad>
          </ns3:TrackPointExtension>
        </extensions>
      </trkpt>
      <trkpt lat="31.21982521377503871917724609375" lon="121.38558506034314632415771484375">
        <ele>14.80000019073486328125</ele>
        <time>2026-09-21T10:53:49.000Z</time>
        <extensions>
          <ns3:TrackPointExtension>
            <ns3:hr>140</ns3:hr>
            <ns3:cad>87</ns3:cad>
          </ns3:TrackPointExtension>
        </extensions>
      </trkpt>
      <trkpt lat="31.2198118865489959716796875" lon="121.385557651519775390625">
        <ele>14.6000003814697265625</ele>
        <time>2026-09-21T10:53:50.000Z</time>
        <extensions>
          <ns3:TrackPointExtension>
            <ns3:hr>140</ns3:hr>
            <ns3:cad>86</ns3:cad>
          </ns3:TrackPointExtension>
        </extensions>
      </trkpt>
      <trkpt lat="31.21979503892362117767333984375" lon="121.38553552329540252685546875">
        <ele>14.6000003814697265625</ele>
        <time>2026-09-21T10:53:51.000Z</time>
        <extensions>
          <ns3:TrackPointExtension>
            <ns3:hr>140</ns3:hr>
            <ns3:cad>86</ns3:cad>
          </ns3:TrackPointExtension>
        </extensions>
      </trkpt>
      <trkpt lat="31.21977902948856353759765625" lon="121.3855080306529998779296875">
        <ele>14.6000003814697265625</ele>
        <time>2026-09-21T10:53:52.000Z</time>
        <extensions>
          <ns3:TrackPointExtension>
            <ns3:hr>140</ns3:hr>
            <ns3:cad>87</ns3:cad>
          </ns3:TrackPointExtension>
        </extensions>
      </trkpt>
      <trkpt lat="31.2197597511112689971923828125" lon="121.385482884943485260009765625">
        <ele>14.6000003814697265625</ele>
        <time>2026-09-21T10:53:53.000Z</time>
        <extensions>
          <ns3:TrackPointExtension>
            <ns3:hr>140</ns3:hr>
            <ns3:cad>87</ns3:cad>
          </ns3:TrackPointExtension>
        </extensions>
      </trkpt>
      <trkpt lat="31.21973879635334014892578125" lon="121.38546855188906192779541015625">
        <ele>14.3999996185302734375</ele>
        <time>2026-09-21T10:53:54.000Z</time>
        <extensions>
          <ns3:TrackPointExtension>
            <ns3:hr>141</ns3:hr>
            <ns3:cad>86</ns3:cad>
          </ns3:TrackPointExtension>
        </extensions>
      </trkpt>
      <trkpt lat="31.21971172280609607696533203125" lon="121.38545983470976352691650390625">
        <ele>14.3999996185302734375</ele>
        <time>2026-09-21T10:53:55.000Z</time>
        <extensions>
          <ns3:TrackPointExtension>
            <ns3:hr>141</ns3:hr>
            <ns3:cad>86</ns3:cad>
          </ns3:TrackPointExtension>
        </extensions>
      </trkpt>
      <trkpt lat="31.219688840210437774658203125" lon="121.38545664958655834197998046875">
        <ele>14.19999980926513671875</ele>
        <time>2026-09-21T10:53:56.000Z</time>
        <extensions>
          <ns3:TrackPointExtension>
            <ns3:hr>141</ns3:hr>
            <ns3:cad>85</ns3:cad>
          </ns3:TrackPointExtension>
        </extensions>
      </trkpt>
      <trkpt lat="31.21966637670993804931640625" lon="121.385460756719112396240234375">
        <ele>14.19999980926513671875</ele>
        <time>2026-09-21T10:53:57.000Z</time>
        <extensions>
          <ns3:TrackPointExtension>
            <ns3:hr>141</ns3:hr>
            <ns3:cad>83</ns3:cad>
          </ns3:TrackPointExtension>
        </extensions>
      </trkpt>
      <trkpt lat="31.21964097954332828521728515625" lon="121.38545899651944637298583984375">
        <ele>14.19999980926513671875</ele>
        <time>2026-09-21T10:53:58.000Z</time>
        <extensions>
          <ns3:TrackPointExtension>
            <ns3:hr>141</ns3:hr>
            <ns3:cad>82</ns3:cad>
          </ns3:TrackPointExtension>
        </extensions>
      </trkpt>
      <trkpt lat="31.219616420567035675048828125" lon="121.38546469621360301971435546875">
        <ele>14.3999996185302734375</ele>
        <time>2026-09-21T10:53:59.000Z</time>
        <extensions>
          <ns3:TrackPointExtension>
            <ns3:hr>141</ns3:hr>
            <ns3:cad>82</ns3:cad>
          </ns3:TrackPointExtension>
        </extensions>
      </trkpt>
      <trkpt lat="31.2195904366672039031982421875" lon="121.38546754606068134307861328125">
        <ele>14.3999996185302734375</ele>
        <time>2026-09-21T10:54:00.000Z</time>
        <extensions>
          <ns3:TrackPointExtension>
            <ns3:hr>141</ns3:hr>
            <ns3:cad>82</ns3:cad>
          </ns3:TrackPointExtension>
        </extensions>
      </trkpt>
      <trkpt lat="31.219562776386737823486328125" lon="121.38547240756452083587646484375">
        <ele>14.3999996185302734375</ele>
        <time>2026-09-21T10:54:01.000Z</time>
        <extensions>
          <ns3:TrackPointExtension>
            <ns3:hr>142</ns3:hr>
            <ns3:cad>84</ns3:cad>
          </ns3:TrackPointExtension>
        </extensions>
      </trkpt>
      <trkpt lat="31.21953788213431835174560546875" lon="121.3854716531932353973388671875">
        <ele>14.3999996185302734375</ele>
        <time>2026-09-21T10:54:02.000Z</time>
        <extensions>
          <ns3:TrackPointExtension>
            <ns3:hr>142</ns3:hr>
            <ns3:cad>85</ns3:cad>
          </ns3:TrackPointExtension>
        </extensions>
      </trkpt>
      <trkpt lat="31.219513155519962310791015625" lon="121.3854733295738697052001953125">
        <ele>14.3999996185302734375</ele>
        <time>2026-09-21T10:54:03.000Z</time>
        <extensions>
          <ns3:TrackPointExtension>
            <ns3:hr>143</ns3:hr>
            <ns3:cad>86</ns3:cad>
          </ns3:TrackPointExtension>
        </extensions>
      </trkpt>
      <trkpt lat="31.21949211694300174713134765625" lon="121.3854736648499965667724609375">
        <ele>14.3999996185302734375</ele>
        <time>2026-09-21T10:54:04.000Z</time>
        <extensions>
          <ns3:TrackPointExtension>
            <ns3:hr>143</ns3:hr>
            <ns3:cad>87</ns3:cad>
          </ns3:TrackPointExtension>
        </extensions>
      </trkpt>
      <trkpt lat="31.2194710783660411834716796875" lon="121.38547559268772602081298828125">
        <ele>14.3999996185302734375</ele>
        <time>2026-09-21T10:54:05.000Z</time>
        <extensions>
          <ns3:TrackPointExtension>
            <ns3:hr>143</ns3:hr>
            <ns3:cad>89</ns3:cad>
          </ns3:TrackPointExtension>
        </extensions>
      </trkpt>
      <trkpt lat="31.2194492854177951812744140625" lon="121.385480873286724090576171875">
        <ele>14.3999996185302734375</ele>
        <time>2026-09-21T10:54:06.000Z</time>
        <extensions>
          <ns3:TrackPointExtension>
            <ns3:hr>143</ns3:hr>
            <ns3:cad>89</ns3:cad>
          </ns3:TrackPointExtension>
        </extensions>
      </trkpt>
      <trkpt lat="31.21942698955535888671875" lon="121.385487578809261322021484375">
        <ele>14.3999996185302734375</ele>
        <time>2026-09-21T10:54:07.000Z</time>
        <extensions>
          <ns3:TrackPointExtension>
            <ns3:hr>144</ns3:hr>
            <ns3:cad>89</ns3:cad>
          </ns3:TrackPointExtension>
        </extensions>
      </trkpt>
      <trkpt lat="31.21939941309392452239990234375" lon="121.385484226047992706298828125">
        <ele>14.3999996185302734375</ele>
        <time>2026-09-21T10:54:08.000Z</time>
        <extensions>
          <ns3:TrackPointExtension>
            <ns3:hr>144</ns3:hr>
            <ns3:cad>89</ns3:cad>
          </ns3:TrackPointExtension>
        </extensions>
      </trkpt>
      <trkpt lat="31.2193751893937587738037109375" lon="121.3854850642383098602294921875">
        <ele>14.6000003814697265625</ele>
        <time>2026-09-21T10:54:09.000Z</time>
        <extensions>
          <ns3:TrackPointExtension>
            <ns3:hr>144</ns3:hr>
            <ns3:cad>88</ns3:cad>
          </ns3:TrackPointExtension>
        </extensions>
      </trkpt>
      <trkpt lat="31.219340823590755462646484375" lon="121.385481543838977813720703125">
        <ele>14.6000003814697265625</ele>
        <time>2026-09-21T10:54:10.000Z</time>
        <extensions>
          <ns3:TrackPointExtension>
            <ns3:hr>144</ns3:hr>
            <ns3:cad>88</ns3:cad>
          </ns3:TrackPointExtension>
        </extensions>
      </trkpt>
      <trkpt lat="31.2193168513476848602294921875" lon="121.38547827489674091339111328125">
        <ele>14.6000003814697265625</ele>
        <time>2026-09-21T10:54:11.000Z</time>
        <extensions>
          <ns3:TrackPointExtension>
            <ns3:hr>143</ns3:hr>
            <ns3:cad>88</ns3:cad>
          </ns3:TrackPointExtension>
        </extensions>
      </trkpt>
      <trkpt lat="31.21928893961012363433837890625" lon="121.38547106646001338958740234375">
        <ele>14.6000003814697265625</ele>
        <time>2026-09-21T10:54:12.000Z</time>
        <extensions>
          <ns3:TrackPointExtension>
            <ns3:hr>143</ns3:hr>
            <ns3:cad>88</ns3:cad>
          </ns3:TrackPointExtension>
        </extensions>
      </trkpt>
      <trkpt lat="31.219268739223480224609375" lon="121.38546804897487163543701171875">
        <ele>14.3999996185302734375</ele>
        <time>2026-09-21T10:54:13.000Z</time>
        <extensions>
          <ns3:TrackPointExtension>
            <ns3:hr>143</ns3:hr>
            <ns3:cad>88</ns3:cad>
          </ns3:TrackPointExtension>
        </extensions>
      </trkpt>
      <trkpt lat="31.21924619190394878387451171875" lon="121.3854622654616832733154296875">
        <ele>14.3999996185302734375</ele>
        <time>2026-09-21T10:54:14.000Z</time>
        <extensions>
          <ns3:TrackPointExtension>
            <ns3:hr>143</ns3:hr>
            <ns3:cad>87</ns3:cad>
          </ns3:TrackPointExtension>
        </extensions>
      </trkpt>
      <trkpt lat="31.21922758407890796661376953125" lon="121.38545916415750980377197265625">
        <ele>14.3999996185302734375</ele>
        <time>2026-09-21T10:54:15.000Z</time>
        <extensions>
          <ns3:TrackPointExtension>
            <ns3:hr>142</ns3:hr>
            <ns3:cad>87</ns3:cad>
          </ns3:TrackPointExtension>
        </extensions>
      </trkpt>
      <trkpt lat="31.21920771896839141845703125" lon="121.38545547612011432647705078125">
        <ele>14.3999996185302734375</ele>
        <time>2026-09-21T10:54:16.000Z</time>
        <extensions>
          <ns3:TrackPointExtension>
            <ns3:hr>143</ns3:hr>
            <ns3:cad>87</ns3:cad>
          </ns3:TrackPointExtension>
        </extensions>
      </trkpt>
      <trkpt lat="31.21918760240077972412109375" lon="121.38544793240725994110107421875">
        <ele>14.6000003814697265625</ele>
        <time>2026-09-21T10:54:17.000Z</time>
        <extensions>
          <ns3:TrackPointExtension>
            <ns3:hr>143</ns3:hr>
            <ns3:cad>88</ns3:cad>
          </ns3:TrackPointExtension>
        </extensions>
      </trkpt>
      <trkpt lat="31.2191649712622165679931640625" lon="121.38544541783630847930908203125">
        <ele>14.80000019073486328125</ele>
        <time>2026-09-21T10:54:18.000Z</time>
        <extensions>
          <ns3:TrackPointExtension>
            <ns3:hr>142</ns3:hr>
            <ns3:cad>88</ns3:cad>
          </ns3:TrackPointExtension>
        </extensions>
      </trkpt>
      <trkpt lat="31.21913974173367023468017578125" lon="121.3854438252747058868408203125">
        <ele>14.80000019073486328125</ele>
        <time>2026-09-21T10:54:19.000Z</time>
        <extensions>
          <ns3:TrackPointExtension>
            <ns3:hr>143</ns3:hr>
            <ns3:cad>88</ns3:cad>
          </ns3:TrackPointExtension>
        </extensions>
      </trkpt>
      <trkpt lat="31.21912079863250255584716796875" lon="121.38544642366468906402587890625">
        <ele>14.80000019073486328125</ele>
        <time>2026-09-21T10:54:20.000Z</time>
        <extensions>
          <ns3:TrackPointExtension>
            <ns3:hr>143</ns3:hr>
            <ns3:cad>87</ns3:cad>
          </ns3:TrackPointExtension>
        </extensions>
      </trkpt>
      <trkpt lat="31.21911191381514072418212890625" lon="121.38543703593313694000244140625">
        <ele>14.80000019073486328125</ele>
        <time>2026-09-21T10:54:21.000Z</time>
        <extensions>
          <ns3:TrackPointExtension>
            <ns3:hr>142</ns3:hr>
            <ns3:cad>87</ns3:cad>
          </ns3:TrackPointExtension>
        </extensions>
      </trkpt>
      <trkpt lat="31.21908660046756267547607421875" lon="121.38543318025767803192138671875">
        <ele>14.80000019073486328125</ele>
        <time>2026-09-21T10:54:22.000Z</time>
        <extensions>
          <ns3:TrackPointExtension>
            <ns3:hr>143</ns3:hr>
            <ns3:cad>87</ns3:cad>
          </ns3:TrackPointExtension>
        </extensions>
      </trkpt>
      <trkpt lat="31.21906153857707977294921875" lon="121.38542018830776214599609375">
        <ele>14.80000019073486328125</ele>
        <time>2026-09-21T10:54:23.000Z</time>
        <extensions>
          <ns3:TrackPointExtension>
            <ns3:hr>142</ns3:hr>
            <ns3:cad>88</ns3:cad>
          </ns3:TrackPointExtension>
        </extensions>
      </trkpt>
      <trkpt lat="31.21904133819043636322021484375" lon="121.3854180090129375457763671875">
        <ele>14.80000019073486328125</ele>
        <time>2026-09-21T10:54:24.000Z</time>
        <extensions>
          <ns3:TrackPointExtension>
            <ns3:hr>142</ns3:hr>
            <ns3:cad>88</ns3:cad>
          </ns3:TrackPointExtension>
        </extensions>
      </trkpt>
      <trkpt lat="31.219014264643192291259765625" lon="121.38541348278522491455078125">
        <ele>14.80000019073486328125</ele>
        <time>2026-09-21T10:54:25.000Z</time>
        <extensions>
          <ns3:TrackPointExtension>
            <ns3:hr>142</ns3:hr>
            <ns3:cad>88</ns3:cad>
          </ns3:TrackPointExtension>
        </extensions>
      </trkpt>
      <trkpt lat="31.21898685581982135772705078125" lon="121.38540719635784626007080078125">
        <ele>14.80000019073486328125</ele>
        <time>2026-09-21T10:54:26.000Z</time>
        <extensions>
          <ns3:TrackPointExtension>
            <ns3:hr>142</ns3:hr>
            <ns3:cad>87</ns3:cad>
          </ns3:TrackPointExtension>
        </extensions>
      </trkpt>
      <trkpt lat="31.21895433403551578521728515625" lon="121.3854005746543407440185546875">
        <ele>14.80000019073486328125</ele>
        <time>2026-09-21T10:54:27.000Z</time>
        <extensions>
          <ns3:TrackPointExtension>
            <ns3:hr>141</ns3:hr>
            <ns3:cad>87</ns3:cad>
          </ns3:TrackPointExtension>
        </extensions>
      </trkpt>
      <trkpt lat="31.21892952360212802886962890625" lon="121.3853926956653594970703125">
        <ele>14.80000019073486328125</ele>
        <time>2026-09-21T10:54:28.000Z</time>
        <extensions>
          <ns3:TrackPointExtension>
            <ns3:hr>141</ns3:hr>
            <ns3:cad>87</ns3:cad>
          </ns3:TrackPointExtension>
        </extensions>
      </trkpt>
      <trkpt lat="31.2189044617116451263427734375" lon="121.38538540340960025787353515625">
        <ele>14.80000019073486328125</ele>
        <time>2026-09-21T10:54:29.000Z</time>
        <extensions>
          <ns3:TrackPointExtension>
            <ns3:hr>141</ns3:hr>
            <ns3:cad>87</ns3:cad>
          </ns3:TrackPointExtension>
        </extensions>
      </trkpt>
      <trkpt lat="31.2188766337931156158447265625" lon="121.38537249527871608734130859375">
        <ele>14.80000019073486328125</ele>
        <time>2026-09-21T10:54:30.000Z</time>
        <extensions>
          <ns3:TrackPointExtension>
            <ns3:hr>141</ns3:hr>
            <ns3:cad>88</ns3:cad>
          </ns3:TrackPointExtension>
        </extensions>
      </trkpt>
      <trkpt lat="31.21885995380580425262451171875" lon="121.38537056744098663330078125">
        <ele>14.80000019073486328125</ele>
        <time>2026-09-21T10:54:31.000Z</time>
        <extensions>
          <ns3:TrackPointExtension>
            <ns3:hr>141</ns3:hr>
            <ns3:cad>88</ns3:cad>
          </ns3:TrackPointExtension>
        </extensions>
      </trkpt>
      <trkpt lat="31.21883162297308444976806640625" lon="121.3853626884520053863525390625">
        <ele>14.80000019073486328125</ele>
        <time>2026-09-21T10:54:32.000Z</time>
        <extensions>
          <ns3:TrackPointExtension>
            <ns3:hr>141</ns3:hr>
            <ns3:cad>88</ns3:cad>
          </ns3:TrackPointExtension>
        </extensions>
      </trkpt>
      <trkpt lat="31.21881200931966304779052734375" lon="121.38535791076719760894775390625">
        <ele>14.6000003814697265625</ele>
        <time>2026-09-21T10:54:33.000Z</time>
        <extensions>
          <ns3:TrackPointExtension>
            <ns3:hr>142</ns3:hr>
            <ns3:cad>88</ns3:cad>
          </ns3:TrackPointExtension>
        </extensions>
      </trkpt>
      <trkpt lat="31.2187891267240047454833984375" lon="121.38534785248339176177978515625">
        <ele>14.6000003814697265625</ele>
        <time>2026-09-21T10:54:34.000Z</time>
        <extensions>
          <ns3:TrackPointExtension>
            <ns3:hr>141</ns3:hr>
            <ns3:cad>87</ns3:cad>
          </ns3:TrackPointExtension>
        </extensions>
      </trkpt>
      <trkpt lat="31.21876959688961505889892578125" lon="121.38533963821828365325927734375">
        <ele>14.6000003814697265625</ele>
        <time>2026-09-21T10:54:35.000Z</time>
        <extensions>
          <ns3:TrackPointExtension>
            <ns3:hr>141</ns3:hr>
            <ns3:cad>87</ns3:cad>
          </ns3:TrackPointExtension>
        </extensions>
      </trkpt>
      <trkpt lat="31.21874227188527584075927734375" lon="121.38533108867704868316650390625">
        <ele>14.6000003814697265625</ele>
        <time>2026-09-21T10:54:36.000Z</time>
        <extensions>
          <ns3:TrackPointExtension>
            <ns3:hr>142</ns3:hr>
            <ns3:cad>87</ns3:cad>
          </ns3:TrackPointExtension>
        </extensions>
      </trkpt>
      <trkpt lat="31.21872081421315670013427734375" lon="121.38532103039324283599853515625">
        <ele>14.6000003814697265625</ele>
        <time>2026-09-21T10:54:37.000Z</time>
        <extensions>
          <ns3:TrackPointExtension>
            <ns3:hr>141</ns3:hr>
            <ns3:cad>88</ns3:cad>
          </ns3:TrackPointExtension>
        </extensions>
      </trkpt>
      <trkpt lat="31.21869483031332492828369140625" lon="121.38531030155718326568603515625">
        <ele>14.6000003814697265625</ele>
        <time>2026-09-21T10:54:38.000Z</time>
        <extensions>
          <ns3:TrackPointExtension>
            <ns3:hr>141</ns3:hr>
            <ns3:cad>88</ns3:cad>
          </ns3:TrackPointExtension>
        </extensions>
      </trkpt>
      <trkpt lat="31.21867655776441097259521484375" lon="121.38530074618756771087646484375">
        <ele>14.3999996185302734375</ele>
        <time>2026-09-21T10:54:39.000Z</time>
        <extensions>
          <ns3:TrackPointExtension>
            <ns3:hr>141</ns3:hr>
            <ns3:cad>87</ns3:cad>
          </ns3:TrackPointExtension>
        </extensions>
      </trkpt>
      <trkpt lat="31.21865543536841869354248046875" lon="121.385287754237651824951171875">
        <ele>14.3999996185302734375</ele>
        <time>2026-09-21T10:54:40.000Z</time>
        <extensions>
          <ns3:TrackPointExtension>
            <ns3:hr>141</ns3:hr>
            <ns3:cad>87</ns3:cad>
          </ns3:TrackPointExtension>
        </extensions>
      </trkpt>
      <trkpt lat="31.2186295352876186370849609375" lon="121.38527107425034046173095703125">
        <ele>14.3999996185302734375</ele>
        <time>2026-09-21T10:54:41.000Z</time>
        <extensions>
          <ns3:TrackPointExtension>
            <ns3:hr>141</ns3:hr>
            <ns3:cad>87</ns3:cad>
          </ns3:TrackPointExtension>
        </extensions>
      </trkpt>
      <trkpt lat="31.2186047248542308807373046875" lon="121.3852597586810588836669921875">
        <ele>14.3999996185302734375</ele>
        <time>2026-09-21T10:54:42.000Z</time>
        <extensions>
          <ns3:TrackPointExtension>
            <ns3:hr>141</ns3:hr>
            <ns3:cad>87</ns3:cad>
          </ns3:TrackPointExtension>
        </extensions>
      </trkpt>
      <trkpt lat="31.2185775674879550933837890625" lon="121.38524760492146015167236328125">
        <ele>14.3999996185302734375</ele>
        <time>2026-09-21T10:54:43.000Z</time>
        <extensions>
          <ns3:TrackPointExtension>
            <ns3:hr>141</ns3:hr>
            <ns3:cad>88</ns3:cad>
          </ns3:TrackPointExtension>
        </extensions>
      </trkpt>
      <trkpt lat="31.2185557745397090911865234375" lon="121.385240145027637481689453125">
        <ele>14.3999996185302734375</ele>
        <time>2026-09-21T10:54:44.000Z</time>
        <extensions>
          <ns3:TrackPointExtension>
            <ns3:hr>141</ns3:hr>
            <ns3:cad>88</ns3:cad>
          </ns3:TrackPointExtension>
        </extensions>
      </trkpt>
      <trkpt lat="31.218528784811496734619140625" lon="121.38522304594516754150390625">
        <ele>14.3999996185302734375</ele>
        <time>2026-09-21T10:54:45.000Z</time>
        <extensions>
          <ns3:TrackPointExtension>
            <ns3:hr>141</ns3:hr>
            <ns3:cad>88</ns3:cad>
          </ns3:TrackPointExtension>
        </extensions>
      </trkpt>
      <trkpt lat="31.218507997691631317138671875" lon="121.3852087967097759246826171875">
        <ele>14.3999996185302734375</ele>
        <time>2026-09-21T10:54:46.000Z</time>
        <extensions>
          <ns3:TrackPointExtension>
            <ns3:hr>141</ns3:hr>
            <ns3:cad>87</ns3:cad>
          </ns3:TrackPointExtension>
        </extensions>
      </trkpt>
      <trkpt lat="31.21848192997276782989501953125" lon="121.38519085943698883056640625">
        <ele>14.3999996185302734375</ele>
        <time>2026-09-21T10:54:47.000Z</time>
        <extensions>
          <ns3:TrackPointExtension>
            <ns3:hr>141</ns3:hr>
            <ns3:cad>87</ns3:cad>
          </ns3:TrackPointExtension>
        </extensions>
      </trkpt>
      <trkpt lat="31.2184625677764415740966796875" lon="121.3851779513061046600341796875">
        <ele>14.3999996185302734375</ele>
        <time>2026-09-21T10:54:48.000Z</time>
        <extensions>
          <ns3:TrackPointExtension>
            <ns3:hr>141</ns3:hr>
            <ns3:cad>88</ns3:cad>
          </ns3:TrackPointExtension>
        </extensions>
      </trkpt>
      <trkpt lat="31.218439601361751556396484375" lon="121.38515624217689037322998046875">
        <ele>14.3999996185302734375</ele>
        <time>2026-09-21T10:54:49.000Z</time>
        <extensions>
          <ns3:TrackPointExtension>
            <ns3:hr>141</ns3:hr>
            <ns3:cad>89</ns3:cad>
          </ns3:TrackPointExtension>
        </extensions>
      </trkpt>
      <trkpt lat="31.21842057444155216217041015625" lon="121.38514257967472076416015625">
        <ele>14.3999996185302734375</ele>
        <time>2026-09-21T10:54:50.000Z</time>
        <extensions>
          <ns3:TrackPointExtension>
            <ns3:hr>141</ns3:hr>
            <ns3:cad>89</ns3:cad>
          </ns3:TrackPointExtension>
        </extensions>
      </trkpt>
      <trkpt lat="31.21840146370232105255126953125" lon="121.38512690551578998565673828125">
        <ele>14.3999996185302734375</ele>
        <time>2026-09-21T10:54:51.000Z</time>
        <extensions>
          <ns3:TrackPointExtension>
            <ns3:hr>142</ns3:hr>
            <ns3:cad>88</ns3:cad>
          </ns3:TrackPointExtension>
        </extensions>
      </trkpt>
      <trkpt lat="31.2183851189911365509033203125" lon="121.3851149193942546844482421875">
        <ele>14.3999996185302734375</ele>
        <time>2026-09-21T10:54:52.000Z</time>
        <extensions>
          <ns3:TrackPointExtension>
            <ns3:hr>142</ns3:hr>
            <ns3:cad>87</ns3:cad>
          </ns3:TrackPointExtension>
        </extensions>
      </trkpt>
      <trkpt lat="31.2183562852442264556884765625" lon="121.385098993778228759765625">
        <ele>14.3999996185302734375</ele>
        <time>2026-09-21T10:54:53.000Z</time>
        <extensions>
          <ns3:TrackPointExtension>
            <ns3:hr>142</ns3:hr>
            <ns3:cad>87</ns3:cad>
          </ns3:TrackPointExtension>
        </extensions>
      </trkpt>
      <trkpt lat="31.21833357028663158416748046875" lon="121.3850897736847400665283203125">
        <ele>14.19999980926513671875</ele>
        <time>2026-09-21T10:54:54.000Z</time>
        <extensions>
          <ns3:TrackPointExtension>
            <ns3:hr>143</ns3:hr>
            <ns3:cad>87</ns3:cad>
          </ns3:TrackPointExtension>
        </extensions>
      </trkpt>
      <trkpt lat="31.21831110678613185882568359375" lon="121.38507686555385589599609375">
        <ele>14.19999980926513671875</ele>
        <time>2026-09-21T10:54:55.000Z</time>
        <extensions>
          <ns3:TrackPointExtension>
            <ns3:hr>143</ns3:hr>
            <ns3:cad>88</ns3:cad>
          </ns3:TrackPointExtension>
        </extensions>
      </trkpt>
      <trkpt lat="31.21829249896109104156494140625" lon="121.3850626163184642791748046875">
        <ele>14.19999980926513671875</ele>
        <time>2026-09-21T10:54:56.000Z</time>
        <extensions>
          <ns3:TrackPointExtension>
            <ns3:hr>143</ns3:hr>
            <ns3:cad>89</ns3:cad>
          </ns3:TrackPointExtension>
        </extensions>
      </trkpt>
      <trkpt lat="31.218271963298320770263671875" lon="121.3850498758256435394287109375">
        <ele>14.19999980926513671875</ele>
        <time>2026-09-21T10:54:57.000Z</time>
        <extensions>
          <ns3:TrackPointExtension>
            <ns3:hr>143</ns3:hr>
            <ns3:cad>89</ns3:cad>
          </ns3:TrackPointExtension>
        </extensions>
      </trkpt>
      <trkpt lat="31.21825209818780422210693359375" lon="121.3850354589521884918212890625">
        <ele>14.19999980926513671875</ele>
        <time>2026-09-21T10:54:58.000Z</time>
        <extensions>
          <ns3:TrackPointExtension>
            <ns3:hr>143</ns3:hr>
            <ns3:cad>88</ns3:cad>
          </ns3:TrackPointExtension>
        </extensions>
      </trkpt>
      <trkpt lat="31.21822963468730449676513671875" lon="121.385023891925811767578125">
        <ele>14.19999980926513671875</ele>
        <time>2026-09-21T10:54:59.000Z</time>
        <extensions>
          <ns3:TrackPointExtension>
            <ns3:hr>144</ns3:hr>
            <ns3:cad>87</ns3:cad>
          </ns3:TrackPointExtension>
        </extensions>
      </trkpt>
      <trkpt lat="31.218208260834217071533203125" lon="121.38500704430043697357177734375">
        <ele>14.19999980926513671875</ele>
        <time>2026-09-21T10:55:00.000Z</time>
        <extensions>
          <ns3:TrackPointExtension>
            <ns3:hr>144</ns3:hr>
            <ns3:cad>87</ns3:cad>
          </ns3:TrackPointExtension>
        </extensions>
      </trkpt>
      <trkpt lat="31.21819308958947658538818359375" lon="121.38499698601663112640380859375">
        <ele>14.19999980926513671875</ele>
        <time>2026-09-21T10:55:01.000Z</time>
        <extensions>
          <ns3:TrackPointExtension>
            <ns3:hr>144</ns3:hr>
            <ns3:cad>87</ns3:cad>
          </ns3:TrackPointExtension>
        </extensions>
      </trkpt>
      <trkpt lat="31.21817012317478656768798828125" lon="121.3849757798016071319580078125">
        <ele>14.19999980926513671875</ele>
        <time>2026-09-21T10:55:02.000Z</time>
        <extensions>
          <ns3:TrackPointExtension>
            <ns3:hr>144</ns3:hr>
            <ns3:cad>89</ns3:cad>
          </ns3:TrackPointExtension>
        </extensions>
      </trkpt>
      <trkpt lat="31.2181484140455722808837890625" lon="121.38496915809810161590576171875">
        <ele>14.19999980926513671875</ele>
        <time>2026-09-21T10:55:03.000Z</time>
        <extensions>
          <ns3:TrackPointExtension>
            <ns3:hr>144</ns3:hr>
            <ns3:cad>89</ns3:cad>
          </ns3:TrackPointExtension>
        </extensions>
      </trkpt>
      <trkpt lat="31.2181247770786285400390625" lon="121.3849516399204730987548828125">
        <ele>14.19999980926513671875</ele>
        <time>2026-09-21T10:55:04.000Z</time>
        <extensions>
          <ns3:TrackPointExtension>
            <ns3:hr>144</ns3:hr>
            <ns3:cad>88</ns3:cad>
          </ns3:TrackPointExtension>
        </extensions>
      </trkpt>
      <trkpt lat="31.218107677996158599853515625" lon="121.3849415816366672515869140625">
        <ele>14.19999980926513671875</ele>
        <time>2026-09-21T10:55:05.000Z</time>
        <extensions>
          <ns3:TrackPointExtension>
            <ns3:hr>144</ns3:hr>
            <ns3:cad>87</ns3:cad>
          </ns3:TrackPointExtension>
        </extensions>
      </trkpt>
      <trkpt lat="31.218082867562770843505859375" lon="121.38491903431713581085205078125">
        <ele>14.19999980926513671875</ele>
        <time>2026-09-21T10:55:06.000Z</time>
        <extensions>
          <ns3:TrackPointExtension>
            <ns3:hr>144</ns3:hr>
            <ns3:cad>87</ns3:cad>
          </ns3:TrackPointExtension>
        </extensions>
      </trkpt>
      <trkpt lat="31.2180642597377300262451171875" lon="121.38491065241396427154541015625">
        <ele>14.19999980926513671875</ele>
        <time>2026-09-21T10:55:07.000Z</time>
        <extensions>
          <ns3:TrackPointExtension>
            <ns3:hr>144</ns3:hr>
            <ns3:cad>87</ns3:cad>
          </ns3:TrackPointExtension>
        </extensions>
      </trkpt>
      <trkpt lat="31.21804355643689632415771484375" lon="121.38489472679793834686279296875">
        <ele>14.19999980926513671875</ele>
        <time>2026-09-21T10:55:08.000Z</time>
        <extensions>
          <ns3:TrackPointExtension>
            <ns3:hr>144</ns3:hr>
            <ns3:cad>89</ns3:cad>
          </ns3:TrackPointExtension>
        </extensions>
      </trkpt>
      <trkpt lat="31.2180216796696186065673828125" lon="121.384882740676403045654296875">
        <ele>14.19999980926513671875</ele>
        <time>2026-09-21T10:55:09.000Z</time>
        <extensions>
          <ns3:TrackPointExtension>
            <ns3:hr>144</ns3:hr>
            <ns3:cad>89</ns3:cad>
          </ns3:TrackPointExtension>
        </extensions>
      </trkpt>
      <trkpt lat="31.21799913235008716583251953125" lon="121.3848681561648845672607421875">
        <ele>14.19999980926513671875</ele>
        <time>2026-09-21T10:55:10.000Z</time>
        <extensions>
          <ns3:TrackPointExtension>
            <ns3:hr>144</ns3:hr>
            <ns3:cad>88</ns3:cad>
          </ns3:TrackPointExtension>
        </extensions>
      </trkpt>
      <trkpt lat="31.21798085980117321014404296875" lon="121.38485784642398357391357421875">
        <ele>14.19999980926513671875</ele>
        <time>2026-09-21T10:55:11.000Z</time>
        <extensions>
          <ns3:TrackPointExtension>
            <ns3:hr>143</ns3:hr>
            <ns3:cad>88</ns3:cad>
          </ns3:TrackPointExtension>
        </extensions>
      </trkpt>
      <trkpt lat="31.217960827052593231201171875" lon="121.3848456926643848419189453125">
        <ele>14.19999980926513671875</ele>
        <time>2026-09-21T10:55:12.000Z</time>
        <extensions>
          <ns3:TrackPointExtension>
            <ns3:hr>143</ns3:hr>
            <ns3:cad>88</ns3:cad>
          </ns3:TrackPointExtension>
        </extensions>
      </trkpt>
      <trkpt lat="31.21794180013239383697509765625" lon="121.3848346285521984100341796875">
        <ele>14.19999980926513671875</ele>
        <time>2026-09-21T10:55:13.000Z</time>
        <extensions>
          <ns3:TrackPointExtension>
            <ns3:hr>143</ns3:hr>
            <ns3:cad>88</ns3:cad>
          </ns3:TrackPointExtension>
        </extensions>
      </trkpt>
      <trkpt lat="31.21792403049767017364501953125" lon="121.3848252408206462860107421875">
        <ele>14</ele>
        <time>2026-09-21T10:55:14.000Z</time>
        <extensions>
          <ns3:TrackPointExtension>
            <ns3:hr>143</ns3:hr>
            <ns3:cad>89</ns3:cad>
          </ns3:TrackPointExtension>
        </extensions>
      </trkpt>
      <trkpt lat="31.21790022589266300201416015625" lon="121.38481593690812587738037109375">
        <ele>14</ele>
        <time>2026-09-21T10:55:15.000Z</time>
        <extensions>
          <ns3:TrackPointExtension>
            <ns3:hr>143</ns3:hr>
            <ns3:cad>89</ns3:cad>
          </ns3:TrackPointExtension>
        </extensions>
      </trkpt>
      <trkpt lat="31.21787876822054386138916015625" lon="121.3848064653575420379638671875">
        <ele>14</ele>
        <time>2026-09-21T10:55:16.000Z</time>
        <extensions>
          <ns3:TrackPointExtension>
            <ns3:hr>142</ns3:hr>
            <ns3:cad>88</ns3:cad>
          </ns3:TrackPointExtension>
        </extensions>
      </trkpt>
      <trkpt lat="31.21784859336912631988525390625" lon="121.38479229994118213653564453125">
        <ele>14</ele>
        <time>2026-09-21T10:55:17.000Z</time>
        <extensions>
          <ns3:TrackPointExtension>
            <ns3:hr>143</ns3:hr>
            <ns3:cad>88</ns3:cad>
          </ns3:TrackPointExtension>
        </extensions>
      </trkpt>
      <trkpt lat="31.21782160364091396331787109375" lon="121.3847829960286617279052734375">
        <ele>14</ele>
        <time>2026-09-21T10:55:18.000Z</time>
        <extensions>
          <ns3:TrackPointExtension>
            <ns3:hr>142</ns3:hr>
            <ns3:cad>88</ns3:cad>
          </ns3:TrackPointExtension>
        </extensions>
      </trkpt>
      <trkpt lat="31.217788159847259521484375" lon="121.38476950116455554962158203125">
        <ele>14</ele>
        <time>2026-09-21T10:55:19.000Z</time>
        <extensions>
          <ns3:TrackPointExtension>
            <ns3:hr>142</ns3:hr>
            <ns3:cad>88</ns3:cad>
          </ns3:TrackPointExtension>
        </extensions>
      </trkpt>
      <trkpt lat="31.2177672050893306732177734375" lon="121.3847615383565425872802734375">
        <ele>14</ele>
        <time>2026-09-21T10:55:20.000Z</time>
        <extensions>
          <ns3:TrackPointExtension>
            <ns3:hr>142</ns3:hr>
            <ns3:cad>89</ns3:cad>
          </ns3:TrackPointExtension>
        </extensions>
      </trkpt>
      <trkpt lat="31.217740885913372039794921875" lon="121.38475097715854644775390625">
        <ele>14</ele>
        <time>2026-09-21T10:55:21.000Z</time>
        <extensions>
          <ns3:TrackPointExtension>
            <ns3:hr>143</ns3:hr>
            <ns3:cad>89</ns3:cad>
          </ns3:TrackPointExtension>
        </extensions>
      </trkpt>
      <trkpt lat="31.217720098793506622314453125" lon="121.38474200852215290069580078125">
        <ele>14</ele>
        <time>2026-09-21T10:55:22.000Z</time>
        <extensions>
          <ns3:TrackPointExtension>
            <ns3:hr>143</ns3:hr>
            <ns3:cad>89</ns3:cad>
          </ns3:TrackPointExtension>
        </extensions>
      </trkpt>
      <trkpt lat="31.2176957912743091583251953125" lon="121.38472817838191986083984375">
        <ele>14</ele>
        <time>2026-09-21T10:55:23.000Z</time>
        <extensions>
          <ns3:TrackPointExtension>
            <ns3:hr>143</ns3:hr>
            <ns3:cad>88</ns3:cad>
          </ns3:TrackPointExtension>
        </extensions>
      </trkpt>
      <trkpt lat="31.21767978183925151824951171875" lon="121.38472323305904865264892578125">
        <ele>14</ele>
        <time>2026-09-21T10:55:24.000Z</time>
        <extensions>
          <ns3:TrackPointExtension>
            <ns3:hr>143</ns3:hr>
            <ns3:cad>88</ns3:cad>
          </ns3:TrackPointExtension>
        </extensions>
      </trkpt>
      <trkpt lat="31.2176538817584514617919921875" lon="121.38471635989844799041748046875">
        <ele>14</ele>
        <time>2026-09-21T10:55:25.000Z</time>
        <extensions>
          <ns3:TrackPointExtension>
            <ns3:hr>143</ns3:hr>
            <ns3:cad>88</ns3:cad>
          </ns3:TrackPointExtension>
        </extensions>
      </trkpt>
      <trkpt lat="31.217634268105030059814453125" lon="121.38470579870045185089111328125">
        <ele>14</ele>
        <time>2026-09-21T10:55:26.000Z</time>
        <extensions>
          <ns3:TrackPointExtension>
            <ns3:hr>143</ns3:hr>
            <ns3:cad>88</ns3:cad>
          </ns3:TrackPointExtension>
        </extensions>
      </trkpt>
      <trkpt lat="31.217605769634246826171875" lon="121.38469590805470943450927734375">
        <ele>14</ele>
        <time>2026-09-21T10:55:27.000Z</time>
        <extensions>
          <ns3:TrackPointExtension>
            <ns3:hr>144</ns3:hr>
            <ns3:cad>88</ns3:cad>
          </ns3:TrackPointExtension>
        </extensions>
      </trkpt>
      <trkpt lat="31.21758573688566684722900390625" lon="121.3846824131906032562255859375">
        <ele>14</ele>
        <time>2026-09-21T10:55:28.000Z</time>
        <extensions>
          <ns3:TrackPointExtension>
            <ns3:hr>144</ns3:hr>
            <ns3:cad>88</ns3:cad>
          </ns3:TrackPointExtension>
        </extensions>
      </trkpt>
      <trkpt lat="31.21756478212773799896240234375" lon="121.38467185199260711669921875">
        <ele>14</ele>
        <time>2026-09-21T10:55:29.000Z</time>
        <extensions>
          <ns3:TrackPointExtension>
            <ns3:hr>144</ns3:hr>
            <ns3:cad>88</ns3:cad>
          </ns3:TrackPointExtension>
        </extensions>
      </trkpt>
      <trkpt lat="31.217544078826904296875" lon="121.38466120697557926177978515625">
        <ele>14</ele>
        <time>2026-09-21T10:55:30.000Z</time>
        <extensions>
          <ns3:TrackPointExtension>
            <ns3:hr>144</ns3:hr>
            <ns3:cad>88</ns3:cad>
          </ns3:TrackPointExtension>
        </extensions>
      </trkpt>
      <trkpt lat="31.21752169914543628692626953125" lon="121.3846562616527080535888671875">
        <ele>14</ele>
        <time>2026-09-21T10:55:31.000Z</time>
        <extensions>
          <ns3:TrackPointExtension>
            <ns3:hr>144</ns3:hr>
            <ns3:cad>87</ns3:cad>
          </ns3:TrackPointExtension>
        </extensions>
      </trkpt>
      <trkpt lat="31.21749646961688995361328125" lon="121.3846458680927753448486328125">
        <ele>14</ele>
        <time>2026-09-21T10:55:32.000Z</time>
        <extensions>
          <ns3:TrackPointExtension>
            <ns3:hr>144</ns3:hr>
            <ns3:cad>87</ns3:cad>
          </ns3:TrackPointExtension>
        </extensions>
      </trkpt>
      <trkpt lat="31.2174788676202297210693359375" lon="121.3846371509134769439697265625">
        <ele>14</ele>
        <time>2026-09-21T10:55:33.000Z</time>
        <extensions>
          <ns3:TrackPointExtension>
            <ns3:hr>144</ns3:hr>
            <ns3:cad>87</ns3:cad>
          </ns3:TrackPointExtension>
        </extensions>
      </trkpt>
      <trkpt lat="31.21745481155812740325927734375" lon="121.3846230693161487579345703125">
        <ele>14</ele>
        <time>2026-09-21T10:55:34.000Z</time>
        <extensions>
          <ns3:TrackPointExtension>
            <ns3:hr>144</ns3:hr>
            <ns3:cad>89</ns3:cad>
          </ns3:TrackPointExtension>
        </extensions>
      </trkpt>
      <trkpt lat="31.21743888594210147857666015625" lon="121.3846173696219921112060546875">
        <ele>13.80000019073486328125</ele>
        <time>2026-09-21T10:55:35.000Z</time>
        <extensions>
          <ns3:TrackPointExtension>
            <ns3:hr>144</ns3:hr>
            <ns3:cad>89</ns3:cad>
          </ns3:TrackPointExtension>
        </extensions>
      </trkpt>
      <trkpt lat="31.2174084596335887908935546875" lon="121.38460756279528141021728515625">
        <ele>14</ele>
        <time>2026-09-21T10:55:36.000Z</time>
        <extensions>
          <ns3:TrackPointExtension>
            <ns3:hr>144</ns3:hr>
            <ns3:cad>88</ns3:cad>
          </ns3:TrackPointExtension>
        </extensions>
      </trkpt>
      <trkpt lat="31.21738784015178680419921875" lon="121.38460471294820308685302734375">
        <ele>14</ele>
        <time>2026-09-21T10:55:37.000Z</time>
        <extensions>
          <ns3:TrackPointExtension>
            <ns3:hr>144</ns3:hr>
            <ns3:cad>87</ns3:cad>
          </ns3:TrackPointExtension>
        </extensions>
      </trkpt>
      <trkpt lat="31.21735439635813236236572265625" lon="121.384597755968570709228515625">
        <ele>14</ele>
        <time>2026-09-21T10:55:38.000Z</time>
        <extensions>
          <ns3:TrackPointExtension>
            <ns3:hr>144</ns3:hr>
            <ns3:cad>87</ns3:cad>
          </ns3:TrackPointExtension>
        </extensions>
      </trkpt>
      <trkpt lat="31.2173323519527912139892578125" lon="121.38459666632115840911865234375">
        <ele>14</ele>
        <time>2026-09-21T10:55:39.000Z</time>
        <extensions>
          <ns3:TrackPointExtension>
            <ns3:hr>144</ns3:hr>
            <ns3:cad>87</ns3:cad>
          </ns3:TrackPointExtension>
        </extensions>
      </trkpt>
      <trkpt lat="31.217303685843944549560546875" lon="121.384591720998287200927734375">
        <ele>14</ele>
        <time>2026-09-21T10:55:40.000Z</time>
        <extensions>
          <ns3:TrackPointExtension>
            <ns3:hr>144</ns3:hr>
            <ns3:cad>88</ns3:cad>
          </ns3:TrackPointExtension>
        </extensions>
      </trkpt>
      <trkpt lat="31.21727979741990566253662109375" lon="121.384586356580257415771484375">
        <ele>13.80000019073486328125</ele>
        <time>2026-09-21T10:55:41.000Z</time>
        <extensions>
          <ns3:TrackPointExtension>
            <ns3:hr>144</ns3:hr>
            <ns3:cad>88</ns3:cad>
          </ns3:TrackPointExtension>
        </extensions>
      </trkpt>
      <trkpt lat="31.217254064977169036865234375" lon="121.38458258472383022308349609375">
        <ele>13.6000003814697265625</ele>
        <time>2026-09-21T10:55:42.000Z</time>
        <extensions>
          <ns3:TrackPointExtension>
            <ns3:hr>143</ns3:hr>
            <ns3:cad>88</ns3:cad>
          </ns3:TrackPointExtension>
        </extensions>
      </trkpt>
      <trkpt lat="31.217232607305049896240234375" lon="121.38458174653351306915283203125">
        <ele>13.6000003814697265625</ele>
        <time>2026-09-21T10:55:43.000Z</time>
        <extensions>
          <ns3:TrackPointExtension>
            <ns3:hr>143</ns3:hr>
            <ns3:cad>87</ns3:cad>
          </ns3:TrackPointExtension>
        </extensions>
      </trkpt>
      <trkpt lat="31.21720679104328155517578125" lon="121.384579651057720184326171875">
        <ele>13.3999996185302734375</ele>
        <time>2026-09-21T10:55:44.000Z</time>
        <extensions>
          <ns3:TrackPointExtension>
            <ns3:hr>143</ns3:hr>
            <ns3:cad>87</ns3:cad>
          </ns3:TrackPointExtension>
        </extensions>
      </trkpt>
      <trkpt lat="31.217186339199542999267578125" lon="121.38457118533551692962646484375">
        <ele>13.3999996185302734375</ele>
        <time>2026-09-21T10:55:45.000Z</time>
        <extensions>
          <ns3:TrackPointExtension>
            <ns3:hr>142</ns3:hr>
            <ns3:cad>87</ns3:cad>
          </ns3:TrackPointExtension>
        </extensions>
      </trkpt>
      <trkpt lat="31.21717200614511966705322265625" lon="121.38456548564136028289794921875">
        <ele>13.3999996185302734375</ele>
        <time>2026-09-21T10:55:46.000Z</time>
        <extensions>
          <ns3:TrackPointExtension>
            <ns3:hr>142</ns3:hr>
            <ns3:cad>87</ns3:cad>
          </ns3:TrackPointExtension>
        </extensions>
      </trkpt>
      <trkpt lat="31.21715004555881023406982421875" lon="121.38456246815621852874755859375">
        <ele>13.6000003814697265625</ele>
        <time>2026-09-21T10:55:47.000Z</time>
        <extensions>
          <ns3:TrackPointExtension>
            <ns3:hr>142</ns3:hr>
            <ns3:cad>88</ns3:cad>
          </ns3:TrackPointExtension>
        </extensions>
      </trkpt>
      <trkpt lat="31.217136383056640625" lon="121.3845607079565525054931640625">
        <ele>13.6000003814697265625</ele>
        <time>2026-09-21T10:55:48.000Z</time>
        <extensions>
          <ns3:TrackPointExtension>
            <ns3:hr>142</ns3:hr>
            <ns3:cad>88</ns3:cad>
          </ns3:TrackPointExtension>
        </extensions>
      </trkpt>
      <trkpt lat="31.2171127460896968841552734375" lon="121.3845566846430301666259765625">
        <ele>13.80000019073486328125</ele>
        <time>2026-09-21T10:55:49.000Z</time>
        <extensions>
          <ns3:TrackPointExtension>
            <ns3:hr>142</ns3:hr>
            <ns3:cad>88</ns3:cad>
          </ns3:TrackPointExtension>
        </extensions>
      </trkpt>
      <trkpt lat="31.21709539555013179779052734375" lon="121.3845519907772541046142578125">
        <ele>14</ele>
        <time>2026-09-21T10:55:50.000Z</time>
        <extensions>
          <ns3:TrackPointExtension>
            <ns3:hr>141</ns3:hr>
            <ns3:cad>87</ns3:cad>
          </ns3:TrackPointExtension>
        </extensions>
      </trkpt>
      <trkpt lat="31.2170674838125705718994140625" lon="121.38454771600663661956787109375">
        <ele>14</ele>
        <time>2026-09-21T10:55:51.000Z</time>
        <extensions>
          <ns3:TrackPointExtension>
            <ns3:hr>141</ns3:hr>
            <ns3:cad>87</ns3:cad>
          </ns3:TrackPointExtension>
        </extensions>
      </trkpt>
      <trkpt lat="31.2170450203120708465576171875" lon="121.3845446147024631500244140625">
        <ele>14</ele>
        <time>2026-09-21T10:55:52.000Z</time>
        <extensions>
          <ns3:TrackPointExtension>
            <ns3:hr>141</ns3:hr>
            <ns3:cad>87</ns3:cad>
          </ns3:TrackPointExtension>
        </extensions>
      </trkpt>
      <trkpt lat="31.2170178629457950592041015625" lon="121.3845392502844333648681640625">
        <ele>14</ele>
        <time>2026-09-21T10:55:53.000Z</time>
        <extensions>
          <ns3:TrackPointExtension>
            <ns3:hr>141</ns3:hr>
            <ns3:cad>88</ns3:cad>
          </ns3:TrackPointExtension>
        </extensions>
      </trkpt>
      <trkpt lat="31.21699984185397624969482421875" lon="121.38452810235321521759033203125">
        <ele>14</ele>
        <time>2026-09-21T10:55:54.000Z</time>
        <extensions>
          <ns3:TrackPointExtension>
            <ns3:hr>141</ns3:hr>
            <ns3:cad>88</ns3:cad>
          </ns3:TrackPointExtension>
        </extensions>
      </trkpt>
      <trkpt lat="31.21697251684963703155517578125" lon="121.38451955281198024749755859375">
        <ele>14</ele>
        <time>2026-09-21T10:55:55.000Z</time>
        <extensions>
          <ns3:TrackPointExtension>
            <ns3:hr>141</ns3:hr>
            <ns3:cad>88</ns3:cad>
          </ns3:TrackPointExtension>
        </extensions>
      </trkpt>
      <trkpt lat="31.21694586239755153656005859375" lon="121.3845137692987918853759765625">
        <ele>14</ele>
        <time>2026-09-21T10:55:56.000Z</time>
        <extensions>
          <ns3:TrackPointExtension>
            <ns3:hr>141</ns3:hr>
            <ns3:cad>87</ns3:cad>
          </ns3:TrackPointExtension>
        </extensions>
      </trkpt>
      <trkpt lat="31.21691836975514888763427734375" lon="121.38450580649077892303466796875">
        <ele>14</ele>
        <time>2026-09-21T10:55:57.000Z</time>
        <extensions>
          <ns3:TrackPointExtension>
            <ns3:hr>141</ns3:hr>
            <ns3:cad>87</ns3:cad>
          </ns3:TrackPointExtension>
        </extensions>
      </trkpt>
      <trkpt lat="31.2168850935995578765869140625" lon="121.38450555503368377685546875">
        <ele>13.80000019073486328125</ele>
        <time>2026-09-21T10:55:58.000Z</time>
        <extensions>
          <ns3:TrackPointExtension>
            <ns3:hr>141</ns3:hr>
            <ns3:cad>87</ns3:cad>
          </ns3:TrackPointExtension>
        </extensions>
      </trkpt>
      <trkpt lat="31.21686120517551898956298828125" lon="121.38450329191982746124267578125">
        <ele>14</ele>
        <time>2026-09-21T10:55:59.000Z</time>
        <extensions>
          <ns3:TrackPointExtension>
            <ns3:hr>141</ns3:hr>
            <ns3:cad>88</ns3:cad>
          </ns3:TrackPointExtension>
        </extensions>
      </trkpt>
      <trkpt lat="31.216836981475353240966796875" lon="121.38451586477458477020263671875">
        <ele>14</ele>
        <time>2026-09-21T10:56:00.000Z</time>
        <extensions>
          <ns3:TrackPointExtension>
            <ns3:hr>140</ns3:hr>
            <ns3:cad>88</ns3:cad>
          </ns3:TrackPointExtension>
        </extensions>
      </trkpt>
      <trkpt lat="31.21681208722293376922607421875" lon="121.3845117576420307159423828125">
        <ele>14</ele>
        <time>2026-09-21T10:56:01.000Z</time>
        <extensions>
          <ns3:TrackPointExtension>
            <ns3:hr>141</ns3:hr>
            <ns3:cad>88</ns3:cad>
          </ns3:TrackPointExtension>
        </extensions>
      </trkpt>
      <trkpt lat="31.2167851813137531280517578125" lon="121.38451033271849155426025390625">
        <ele>14</ele>
        <time>2026-09-21T10:56:02.000Z</time>
        <extensions>
          <ns3:TrackPointExtension>
            <ns3:hr>141</ns3:hr>
            <ns3:cad>87</ns3:cad>
          </ns3:TrackPointExtension>
        </extensions>
      </trkpt>
      <trkpt lat="31.2167603708803653717041015625" lon="121.38450463302433490753173828125">
        <ele>14.19999980926513671875</ele>
        <time>2026-09-21T10:56:03.000Z</time>
        <extensions>
          <ns3:TrackPointExtension>
            <ns3:hr>141</ns3:hr>
            <ns3:cad>87</ns3:cad>
          </ns3:TrackPointExtension>
        </extensions>
      </trkpt>
      <trkpt lat="31.2167362309992313385009765625" lon="121.3844963349401950836181640625">
        <ele>14.19999980926513671875</ele>
        <time>2026-09-21T10:56:04.000Z</time>
        <extensions>
          <ns3:TrackPointExtension>
            <ns3:hr>141</ns3:hr>
            <ns3:cad>87</ns3:cad>
          </ns3:TrackPointExtension>
        </extensions>
      </trkpt>
      <trkpt lat="31.21671284548938274383544921875" lon="121.38448719866573810577392578125">
        <ele>14.19999980926513671875</ele>
        <time>2026-09-21T10:56:05.000Z</time>
        <extensions>
          <ns3:TrackPointExtension>
            <ns3:hr>141</ns3:hr>
            <ns3:cad>87</ns3:cad>
          </ns3:TrackPointExtension>
        </extensions>
      </trkpt>
      <trkpt lat="31.21668912470340728759765625" lon="121.38447965495288372039794921875">
        <ele>14.19999980926513671875</ele>
        <time>2026-09-21T10:56:06.000Z</time>
        <extensions>
          <ns3:TrackPointExtension>
            <ns3:hr>141</ns3:hr>
            <ns3:cad>87</ns3:cad>
          </ns3:TrackPointExtension>
        </extensions>
      </trkpt>
      <trkpt lat="31.21666439808905124664306640625" lon="121.38447764329612255096435546875">
        <ele>14.19999980926513671875</ele>
        <time>2026-09-21T10:56:07.000Z</time>
        <extensions>
          <ns3:TrackPointExtension>
            <ns3:hr>141</ns3:hr>
            <ns3:cad>87</ns3:cad>
          </ns3:TrackPointExtension>
        </extensions>
      </trkpt>
      <trkpt lat="31.21664889156818389892578125" lon="121.3844742067158222198486328125">
        <ele>14.19999980926513671875</ele>
        <time>2026-09-21T10:56:08.000Z</time>
        <extensions>
          <ns3:TrackPointExtension>
            <ns3:hr>142</ns3:hr>
            <ns3:cad>87</ns3:cad>
          </ns3:TrackPointExtension>
        </extensions>
      </trkpt>
      <trkpt lat="31.21662366203963756561279296875" lon="121.38447177596390247344970703125">
        <ele>14.19999980926513671875</ele>
        <time>2026-09-21T10:56:09.000Z</time>
        <extensions>
          <ns3:TrackPointExtension>
            <ns3:hr>142</ns3:hr>
            <ns3:cad>86</ns3:cad>
          </ns3:TrackPointExtension>
        </extensions>
      </trkpt>
      <trkpt lat="31.21660304255783557891845703125" lon="121.38447814621031284332275390625">
        <ele>14.19999980926513671875</ele>
        <time>2026-09-21T10:56:10.000Z</time>
        <extensions>
          <ns3:TrackPointExtension>
            <ns3:hr>143</ns3:hr>
            <ns3:cad>86</ns3:cad>
          </ns3:TrackPointExtension>
        </extensions>
      </trkpt>
      <trkpt lat="31.21658778749406337738037109375" lon="121.3844856061041355133056640625">
        <ele>14.19999980926513671875</ele>
        <time>2026-09-21T10:56:11.000Z</time>
        <extensions>
          <ns3:TrackPointExtension>
            <ns3:hr>143</ns3:hr>
            <ns3:cad>87</ns3:cad>
          </ns3:TrackPointExtension>
        </extensions>
      </trkpt>
      <trkpt lat="31.2165783159434795379638671875" lon="121.384489797055721282958984375">
        <ele>14</ele>
        <time>2026-09-21T10:56:12.000Z</time>
        <extensions>
          <ns3:TrackPointExtension>
            <ns3:hr>143</ns3:hr>
            <ns3:cad>88</ns3:cad>
          </ns3:TrackPointExtension>
        </extensions>
      </trkpt>
      <trkpt lat="31.21655845083296298980712890625" lon="121.3845053873956203460693359375">
        <ele>14</ele>
        <time>2026-09-21T10:56:13.000Z</time>
        <extensions>
          <ns3:TrackPointExtension>
            <ns3:hr>143</ns3:hr>
            <ns3:cad>88</ns3:cad>
          </ns3:TrackPointExtension>
        </extensions>
      </trkpt>
      <trkpt lat="31.21654830873012542724609375" lon="121.384526006877422332763671875">
        <ele>14.19999980926513671875</ele>
        <time>2026-09-21T10:56:14.000Z</time>
        <extensions>
          <ns3:TrackPointExtension>
            <ns3:hr>143</ns3:hr>
            <ns3:cad>88</ns3:cad>
          </ns3:TrackPointExtension>
        </extensions>
      </trkpt>
      <trkpt lat="31.2165369093418121337890625" lon="121.38454042375087738037109375">
        <ele>14</ele>
        <time>2026-09-21T10:56:15.000Z</time>
        <extensions>
          <ns3:TrackPointExtension>
            <ns3:hr>144</ns3:hr>
            <ns3:cad>87</ns3:cad>
          </ns3:TrackPointExtension>
        </extensions>
      </trkpt>
      <trkpt lat="31.216519139707088470458984375" lon="121.38456297107040882110595703125">
        <ele>14</ele>
        <time>2026-09-21T10:56:16.000Z</time>
        <extensions>
          <ns3:TrackPointExtension>
            <ns3:hr>144</ns3:hr>
            <ns3:cad>86</ns3:cad>
          </ns3:TrackPointExtension>
        </extensions>
      </trkpt>
      <trkpt lat="31.21651235036551952362060546875" lon="121.384584009647369384765625">
        <ele>14.19999980926513671875</ele>
        <time>2026-09-21T10:56:17.000Z</time>
        <extensions>
          <ns3:TrackPointExtension>
            <ns3:hr>144</ns3:hr>
            <ns3:cad>86</ns3:cad>
          </ns3:TrackPointExtension>
        </extensions>
      </trkpt>
      <trkpt lat="31.2164968438446521759033203125" lon="121.384611167013645172119140625">
        <ele>14.19999980926513671875</ele>
        <time>2026-09-21T10:56:18.000Z</time>
        <extensions>
          <ns3:TrackPointExtension>
            <ns3:hr>144</ns3:hr>
            <ns3:cad>85</ns3:cad>
          </ns3:TrackPointExtension>
        </extensions>
      </trkpt>
      <trkpt lat="31.21648586355149745941162109375" lon="121.3846337981522083282470703125">
        <ele>14.19999980926513671875</ele>
        <time>2026-09-21T10:56:19.000Z</time>
        <extensions>
          <ns3:TrackPointExtension>
            <ns3:hr>144</ns3:hr>
            <ns3:cad>85</ns3:cad>
          </ns3:TrackPointExtension>
        </extensions>
      </trkpt>
      <trkpt lat="31.21647723019123077392578125" lon="121.3846669904887676239013671875">
        <ele>14.19999980926513671875</ele>
        <time>2026-09-21T10:56:20.000Z</time>
        <extensions>
          <ns3:TrackPointExtension>
            <ns3:hr>144</ns3:hr>
            <ns3:cad>84</ns3:cad>
          </ns3:TrackPointExtension>
        </extensions>
      </trkpt>
      <trkpt lat="31.21646893210709095001220703125" lon="121.38468802906572818756103515625">
        <ele>14.3999996185302734375</ele>
        <time>2026-09-21T10:56:21.000Z</time>
        <extensions>
          <ns3:TrackPointExtension>
            <ns3:hr>144</ns3:hr>
            <ns3:cad>84</ns3:cad>
          </ns3:TrackPointExtension>
        </extensions>
      </trkpt>
      <trkpt lat="31.216462813317775726318359375" lon="121.38471032492816448211669921875">
        <ele>14.3999996185302734375</ele>
        <time>2026-09-21T10:56:22.000Z</time>
        <extensions>
          <ns3:TrackPointExtension>
            <ns3:hr>144</ns3:hr>
            <ns3:cad>85</ns3:cad>
          </ns3:TrackPointExtension>
        </extensions>
      </trkpt>
      <trkpt lat="31.21645535342395305633544921875" lon="121.38474049977958202362060546875">
        <ele>14.3999996185302734375</ele>
        <time>2026-09-21T10:56:23.000Z</time>
        <extensions>
          <ns3:TrackPointExtension>
            <ns3:hr>144</ns3:hr>
            <ns3:cad>86</ns3:cad>
          </ns3:TrackPointExtension>
        </extensions>
      </trkpt>
      <trkpt lat="31.21645065955817699432373046875" lon="121.38475927524268627166748046875">
        <ele>14.3999996185302734375</ele>
        <time>2026-09-21T10:56:24.000Z</time>
        <extensions>
          <ns3:TrackPointExtension>
            <ns3:hr>144</ns3:hr>
            <ns3:cad>87</ns3:cad>
          </ns3:TrackPointExtension>
        </extensions>
      </trkpt>
      <trkpt lat="31.216443367302417755126953125" lon="121.384782157838344573974609375">
        <ele>14.3999996185302734375</ele>
        <time>2026-09-21T10:56:25.000Z</time>
        <extensions>
          <ns3:TrackPointExtension>
            <ns3:hr>144</ns3:hr>
            <ns3:cad>88</ns3:cad>
          </ns3:TrackPointExtension>
        </extensions>
      </trkpt>
      <trkpt lat="31.2164388410747051239013671875" lon="121.38480286113917827606201171875">
        <ele>14.3999996185302734375</ele>
        <time>2026-09-21T10:56:26.000Z</time>
        <extensions>
          <ns3:TrackPointExtension>
            <ns3:hr>144</ns3:hr>
            <ns3:cad>88</ns3:cad>
          </ns3:TrackPointExtension>
        </extensions>
      </trkpt>
      <trkpt lat="31.2164311297237873077392578125" lon="121.38482666574418544769287109375">
        <ele>14.3999996185302734375</ele>
        <time>2026-09-21T10:56:27.000Z</time>
        <extensions>
          <ns3:TrackPointExtension>
            <ns3:hr>144</ns3:hr>
            <ns3:cad>87</ns3:cad>
          </ns3:TrackPointExtension>
        </extensions>
      </trkpt>
      <trkpt lat="31.2164250947535037994384765625" lon="121.38485021889209747314453125">
        <ele>14.3999996185302734375</ele>
        <time>2026-09-21T10:56:28.000Z</time>
        <extensions>
          <ns3:TrackPointExtension>
            <ns3:hr>144</ns3:hr>
            <ns3:cad>87</ns3:cad>
          </ns3:TrackPointExtension>
        </extensions>
      </trkpt>
      <trkpt lat="31.2164217419922351837158203125" lon="121.3848812319338321685791015625">
        <ele>14.3999996185302734375</ele>
        <time>2026-09-21T10:56:29.000Z</time>
        <extensions>
          <ns3:TrackPointExtension>
            <ns3:hr>145</ns3:hr>
            <ns3:cad>87</ns3:cad>
          </ns3:TrackPointExtension>
        </extensions>
      </trkpt>
      <trkpt lat="31.2164183892309665679931640625" lon="121.384906880557537078857421875">
        <ele>14.3999996185302734375</ele>
        <time>2026-09-21T10:56:30.000Z</time>
        <extensions>
          <ns3:TrackPointExtension>
            <ns3:hr>145</ns3:hr>
            <ns3:cad>89</ns3:cad>
          </ns3:TrackPointExtension>
        </extensions>
      </trkpt>
      <trkpt lat="31.21640925295650959014892578125" lon="121.38493898324668407440185546875">
        <ele>14.3999996185302734375</ele>
        <time>2026-09-21T10:56:31.000Z</time>
        <extensions>
          <ns3:TrackPointExtension>
            <ns3:hr>145</ns3:hr>
            <ns3:cad>89</ns3:cad>
          </ns3:TrackPointExtension>
        </extensions>
      </trkpt>
      <trkpt lat="31.21640522964298725128173828125" lon="121.38496446423232555389404296875">
        <ele>14.3999996185302734375</ele>
        <time>2026-09-21T10:56:32.000Z</time>
        <extensions>
          <ns3:TrackPointExtension>
            <ns3:hr>145</ns3:hr>
            <ns3:cad>89</ns3:cad>
          </ns3:TrackPointExtension>
        </extensions>
      </trkpt>
      <trkpt lat="31.2163989432156085968017578125" lon="121.38499883003532886505126953125">
        <ele>14.3999996185302734375</ele>
        <time>2026-09-21T10:56:33.000Z</time>
        <extensions>
          <ns3:TrackPointExtension>
            <ns3:hr>145</ns3:hr>
            <ns3:cad>89</ns3:cad>
          </ns3:TrackPointExtension>
        </extensions>
      </trkpt>
      <trkpt lat="31.21639517135918140411376953125" lon="121.385023556649684906005859375">
        <ele>14.19999980926513671875</ele>
        <time>2026-09-21T10:56:34.000Z</time>
        <extensions>
          <ns3:TrackPointExtension>
            <ns3:hr>146</ns3:hr>
            <ns3:cad>89</ns3:cad>
          </ns3:TrackPointExtension>
        </extensions>
      </trkpt>
      <trkpt lat="31.21638511307537555694580078125" lon="121.3850528933107852935791015625">
        <ele>14.19999980926513671875</ele>
        <time>2026-09-21T10:56:35.000Z</time>
        <extensions>
          <ns3:TrackPointExtension>
            <ns3:hr>146</ns3:hr>
            <ns3:cad>89</ns3:cad>
          </ns3:TrackPointExtension>
        </extensions>
      </trkpt>
      <trkpt lat="31.216378323733806610107421875" lon="121.3850716687738895416259765625">
        <ele>14</ele>
        <time>2026-09-21T10:56:36.000Z</time>
        <extensions>
          <ns3:TrackPointExtension>
            <ns3:hr>146</ns3:hr>
            <ns3:cad>90</ns3:cad>
          </ns3:TrackPointExtension>
        </extensions>
      </trkpt>
      <trkpt lat="31.21637505479156970977783203125" lon="121.385102681815624237060546875">
        <ele>14</ele>
        <time>2026-09-21T10:56:37.000Z</time>
        <extensions>
          <ns3:TrackPointExtension>
            <ns3:hr>146</ns3:hr>
            <ns3:cad>90</ns3:cad>
          </ns3:TrackPointExtension>
        </extensions>
      </trkpt>
      <trkpt lat="31.21636969037353992462158203125" lon="121.3851259835064411163330078125">
        <ele>14</ele>
        <time>2026-09-21T10:56:38.000Z</time>
        <extensions>
          <ns3:TrackPointExtension>
            <ns3:hr>146</ns3:hr>
            <ns3:cad>89</ns3:cad>
          </ns3:TrackPointExtension>
        </extensions>
      </trkpt>
      <trkpt lat="31.2163587100803852081298828125" lon="121.3851561583578586578369140625">
        <ele>14</ele>
        <time>2026-09-21T10:56:39.000Z</time>
        <extensions>
          <ns3:TrackPointExtension>
            <ns3:hr>146</ns3:hr>
            <ns3:cad>88</ns3:cad>
          </ns3:TrackPointExtension>
        </extensions>
      </trkpt>
      <trkpt lat="31.216354183852672576904296875" lon="121.38517585583031177520751953125">
        <ele>14</ele>
        <time>2026-09-21T10:56:40.000Z</time>
        <extensions>
          <ns3:TrackPointExtension>
            <ns3:hr>146</ns3:hr>
            <ns3:cad>88</ns3:cad>
          </ns3:TrackPointExtension>
        </extensions>
      </trkpt>
      <trkpt lat="31.2163469754159450531005859375" lon="121.38520971871912479400634765625">
        <ele>14</ele>
        <time>2026-09-21T10:56:41.000Z</time>
        <extensions>
          <ns3:TrackPointExtension>
            <ns3:hr>145</ns3:hr>
            <ns3:cad>88</ns3:cad>
          </ns3:TrackPointExtension>
        </extensions>
      </trkpt>
      <trkpt lat="31.21634311974048614501953125" lon="121.3852315954864025115966796875">
        <ele>14</ele>
        <time>2026-09-21T10:56:42.000Z</time>
        <extensions>
          <ns3:TrackPointExtension>
            <ns3:hr>146</ns3:hr>
            <ns3:cad>88</ns3:cad>
          </ns3:TrackPointExtension>
        </extensions>
      </trkpt>
      <trkpt lat="31.21633264236152172088623046875" lon="121.38525816611945629119873046875">
        <ele>14</ele>
        <time>2026-09-21T10:56:43.000Z</time>
        <extensions>
          <ns3:TrackPointExtension>
            <ns3:hr>146</ns3:hr>
            <ns3:cad>89</ns3:cad>
          </ns3:TrackPointExtension>
        </extensions>
      </trkpt>
      <trkpt lat="31.2163298763334751129150390625" lon="121.38528381474316120147705078125">
        <ele>14</ele>
        <time>2026-09-21T10:56:44.000Z</time>
        <extensions>
          <ns3:TrackPointExtension>
            <ns3:hr>145</ns3:hr>
            <ns3:cad>89</ns3:cad>
          </ns3:TrackPointExtension>
        </extensions>
      </trkpt>
      <trkpt lat="31.2163250148296356201171875" lon="121.38531365431845188140869140625">
        <ele>14</ele>
        <time>2026-09-21T10:56:45.000Z</time>
        <extensions>
          <ns3:TrackPointExtension>
            <ns3:hr>146</ns3:hr>
            <ns3:cad>88</ns3:cad>
          </ns3:TrackPointExtension>
        </extensions>
      </trkpt>
      <trkpt lat="31.21631705202162265777587890625" lon="121.38534030877053737640380859375">
        <ele>14</ele>
        <time>2026-09-21T10:56:46.000Z</time>
        <extensions>
          <ns3:TrackPointExtension>
            <ns3:hr>146</ns3:hr>
            <ns3:cad>87</ns3:cad>
          </ns3:TrackPointExtension>
        </extensions>
      </trkpt>
      <trkpt lat="31.21631587855517864227294921875" lon="121.385364867746829986572265625">
        <ele>13.80000019073486328125</ele>
        <time>2026-09-21T10:56:47.000Z</time>
        <extensions>
          <ns3:TrackPointExtension>
            <ns3:hr>145</ns3:hr>
            <ns3:cad>87</ns3:cad>
          </ns3:TrackPointExtension>
        </extensions>
      </trkpt>
      <trkpt lat="31.21630179695785045623779296875" lon="121.38539395295083522796630859375">
        <ele>13.80000019073486328125</ele>
        <time>2026-09-21T10:56:48.000Z</time>
        <extensions>
          <ns3:TrackPointExtension>
            <ns3:hr>145</ns3:hr>
            <ns3:cad>87</ns3:cad>
          </ns3:TrackPointExtension>
        </extensions>
      </trkpt>
      <trkpt lat="31.21629525907337665557861328125" lon="121.38542412780225276947021484375">
        <ele>13.80000019073486328125</ele>
        <time>2026-09-21T10:56:49.000Z</time>
        <extensions>
          <ns3:TrackPointExtension>
            <ns3:hr>145</ns3:hr>
            <ns3:cad>88</ns3:cad>
          </ns3:TrackPointExtension>
        </extensions>
      </trkpt>
      <trkpt lat="31.21629173867404460906982421875" lon="121.38545547612011432647705078125">
        <ele>13.6000003814697265625</ele>
        <time>2026-09-21T10:56:50.000Z</time>
        <extensions>
          <ns3:TrackPointExtension>
            <ns3:hr>146</ns3:hr>
            <ns3:cad>88</ns3:cad>
          </ns3:TrackPointExtension>
        </extensions>
      </trkpt>
      <trkpt lat="31.21628922410309314727783203125" lon="121.38548045419156551361083984375">
        <ele>13.6000003814697265625</ele>
        <time>2026-09-21T10:56:51.000Z</time>
        <extensions>
          <ns3:TrackPointExtension>
            <ns3:hr>145</ns3:hr>
            <ns3:cad>88</ns3:cad>
          </ns3:TrackPointExtension>
        </extensions>
      </trkpt>
      <trkpt lat="31.2162765674293041229248046875" lon="121.3855165801942348480224609375">
        <ele>13.6000003814697265625</ele>
        <time>2026-09-21T10:56:52.000Z</time>
        <extensions>
          <ns3:TrackPointExtension>
            <ns3:hr>145</ns3:hr>
            <ns3:cad>87</ns3:cad>
          </ns3:TrackPointExtension>
        </extensions>
      </trkpt>
      <trkpt lat="31.21627564541995525360107421875" lon="121.38554222881793975830078125">
        <ele>13.6000003814697265625</ele>
        <time>2026-09-21T10:56:53.000Z</time>
        <extensions>
          <ns3:TrackPointExtension>
            <ns3:hr>146</ns3:hr>
            <ns3:cad>87</ns3:cad>
          </ns3:TrackPointExtension>
        </extensions>
      </trkpt>
      <trkpt lat="31.21627329848706722259521484375" lon="121.3855777680873870849609375">
        <ele>13.6000003814697265625</ele>
        <time>2026-09-21T10:56:54.000Z</time>
        <extensions>
          <ns3:TrackPointExtension>
            <ns3:hr>145</ns3:hr>
            <ns3:cad>87</ns3:cad>
          </ns3:TrackPointExtension>
        </extensions>
      </trkpt>
      <trkpt lat="31.216276399791240692138671875" lon="121.38560685329139232635498046875">
        <ele>13.6000003814697265625</ele>
        <time>2026-09-21T10:56:55.000Z</time>
        <extensions>
          <ns3:TrackPointExtension>
            <ns3:hr>145</ns3:hr>
            <ns3:cad>87</ns3:cad>
          </ns3:TrackPointExtension>
        </extensions>
      </trkpt>
      <trkpt lat="31.21627061627805233001708984375" lon="121.3856402970850467681884765625">
        <ele>13.3999996185302734375</ele>
        <time>2026-09-21T10:56:56.000Z</time>
        <extensions>
          <ns3:TrackPointExtension>
            <ns3:hr>146</ns3:hr>
            <ns3:cad>89</ns3:cad>
          </ns3:TrackPointExtension>
        </extensions>
      </trkpt>
      <trkpt lat="31.216270029544830322265625" lon="121.385667286813259124755859375">
        <ele>13.3999996185302734375</ele>
        <time>2026-09-21T10:56:57.000Z</time>
        <extensions>
          <ns3:TrackPointExtension>
            <ns3:hr>146</ns3:hr>
            <ns3:cad>89</ns3:cad>
          </ns3:TrackPointExtension>
        </extensions>
      </trkpt>
      <trkpt lat="31.2162584625184535980224609375" lon="121.38569553382694721221923828125">
        <ele>13.3999996185302734375</ele>
        <time>2026-09-21T10:56:58.000Z</time>
        <extensions>
          <ns3:TrackPointExtension>
            <ns3:hr>146</ns3:hr>
            <ns3:cad>88</ns3:cad>
          </ns3:TrackPointExtension>
        </extensions>
      </trkpt>
      <trkpt lat="31.2162510864436626434326171875" lon="121.385719589889049530029296875">
        <ele>13.3999996185302734375</ele>
        <time>2026-09-21T10:56:59.000Z</time>
        <extensions>
          <ns3:TrackPointExtension>
            <ns3:hr>146</ns3:hr>
            <ns3:cad>88</ns3:cad>
          </ns3:TrackPointExtension>
        </extensions>
      </trkpt>
      <trkpt lat="31.21624547056853771209716796875" lon="121.38575336895883083343505859375">
        <ele>13.6000003814697265625</ele>
        <time>2026-09-21T10:57:00.000Z</time>
        <extensions>
          <ns3:TrackPointExtension>
            <ns3:hr>147</ns3:hr>
            <ns3:cad>88</ns3:cad>
          </ns3:TrackPointExtension>
        </extensions>
      </trkpt>
      <trkpt lat="31.21623993851244449615478515625" lon="121.38577901758253574371337890625">
        <ele>13.6000003814697265625</ele>
        <time>2026-09-21T10:57:01.000Z</time>
        <extensions>
          <ns3:TrackPointExtension>
            <ns3:hr>147</ns3:hr>
            <ns3:cad>88</ns3:cad>
          </ns3:TrackPointExtension>
        </extensions>
      </trkpt>
      <trkpt lat="31.2162339873611927032470703125" lon="121.38580181635916233062744140625">
        <ele>13.6000003814697265625</ele>
        <time>2026-09-21T10:57:02.000Z</time>
        <extensions>
          <ns3:TrackPointExtension>
            <ns3:hr>147</ns3:hr>
            <ns3:cad>89</ns3:cad>
          </ns3:TrackPointExtension>
        </extensions>
      </trkpt>
      <trkpt lat="31.2162239290773868560791015625" lon="121.38582520186901092529296875">
        <ele>13.6000003814697265625</ele>
        <time>2026-09-21T10:57:03.000Z</time>
        <extensions>
          <ns3:TrackPointExtension>
            <ns3:hr>147</ns3:hr>
            <ns3:cad>89</ns3:cad>
          </ns3:TrackPointExtension>
        </extensions>
      </trkpt>
      <trkpt lat="31.2162204086780548095703125" lon="121.385860405862331390380859375">
        <ele>13.6000003814697265625</ele>
        <time>2026-09-21T10:57:04.000Z</time>
        <extensions>
          <ns3:TrackPointExtension>
            <ns3:hr>147</ns3:hr>
            <ns3:cad>88</ns3:cad>
          </ns3:TrackPointExtension>
        </extensions>
      </trkpt>
      <trkpt lat="31.21620959602296352386474609375" lon="121.3858934305608272552490234375">
        <ele>13.3999996185302734375</ele>
        <time>2026-09-21T10:57:05.000Z</time>
        <extensions>
          <ns3:TrackPointExtension>
            <ns3:hr>147</ns3:hr>
            <ns3:cad>87</ns3:cad>
          </ns3:TrackPointExtension>
        </extensions>
      </trkpt>
      <trkpt lat="31.21620574034750461578369140625" lon="121.38591907918453216552734375">
        <ele>13.3999996185302734375</ele>
        <time>2026-09-21T10:57:06.000Z</time>
        <extensions>
          <ns3:TrackPointExtension>
            <ns3:hr>147</ns3:hr>
            <ns3:cad>87</ns3:cad>
          </ns3:TrackPointExtension>
        </extensions>
      </trkpt>
      <trkpt lat="31.21619735844433307647705078125" lon="121.38595621101558208465576171875">
        <ele>13.19999980926513671875</ele>
        <time>2026-09-21T10:57:07.000Z</time>
        <extensions>
          <ns3:TrackPointExtension>
            <ns3:hr>147</ns3:hr>
            <ns3:cad>87</ns3:cad>
          </ns3:TrackPointExtension>
        </extensions>
      </trkpt>
      <trkpt lat="31.21619249694049358367919921875" lon="121.38597833923995494842529296875">
        <ele>13.19999980926513671875</ele>
        <time>2026-09-21T10:57:08.000Z</time>
        <extensions>
          <ns3:TrackPointExtension>
            <ns3:hr>147</ns3:hr>
            <ns3:cad>87</ns3:cad>
          </ns3:TrackPointExtension>
        </extensions>
      </trkpt>
      <trkpt lat="31.21618889272212982177734375" lon="121.38600834645330905914306640625">
        <ele>13.19999980926513671875</ele>
        <time>2026-09-21T10:57:09.000Z</time>
        <extensions>
          <ns3:TrackPointExtension>
            <ns3:hr>147</ns3:hr>
            <ns3:cad>88</ns3:cad>
          </ns3:TrackPointExtension>
        </extensions>
      </trkpt>
      <trkpt lat="31.21618679724633693695068359375" lon="121.386033408343791961669921875">
        <ele>13.19999980926513671875</ele>
        <time>2026-09-21T10:57:10.000Z</time>
        <extensions>
          <ns3:TrackPointExtension>
            <ns3:hr>147</ns3:hr>
            <ns3:cad>88</ns3:cad>
          </ns3:TrackPointExtension>
        </extensions>
      </trkpt>
      <trkpt lat="31.21617724187672138214111328125" lon="121.386062242090702056884765625">
        <ele>13.19999980926513671875</ele>
        <time>2026-09-21T10:57:11.000Z</time>
        <extensions>
          <ns3:TrackPointExtension>
            <ns3:hr>147</ns3:hr>
            <ns3:cad>88</ns3:cad>
          </ns3:TrackPointExtension>
        </extensions>
      </trkpt>
      <trkpt lat="31.21617548167705535888671875" lon="121.38608545996248722076416015625">
        <ele>13.19999980926513671875</ele>
        <time>2026-09-21T10:57:12.000Z</time>
        <extensions>
          <ns3:TrackPointExtension>
            <ns3:hr>146</ns3:hr>
            <ns3:cad>87</ns3:cad>
          </ns3:TrackPointExtension>
        </extensions>
      </trkpt>
      <trkpt lat="31.2161739729344844818115234375" lon="121.38611529953777790069580078125">
        <ele>13.19999980926513671875</ele>
        <time>2026-09-21T10:57:13.000Z</time>
        <extensions>
          <ns3:TrackPointExtension>
            <ns3:hr>147</ns3:hr>
            <ns3:cad>87</ns3:cad>
          </ns3:TrackPointExtension>
        </extensions>
      </trkpt>
      <trkpt lat="31.216166429221630096435546875" lon="121.38613960705697536468505859375">
        <ele>13.19999980926513671875</ele>
        <time>2026-09-21T10:57:14.000Z</time>
        <extensions>
          <ns3:TrackPointExtension>
            <ns3:hr>147</ns3:hr>
            <ns3:cad>87</ns3:cad>
          </ns3:TrackPointExtension>
        </extensions>
      </trkpt>
      <trkpt lat="31.21616207063198089599609375" lon="121.38616709969937801361083984375">
        <ele>13.19999980926513671875</ele>
        <time>2026-09-21T10:57:15.000Z</time>
        <extensions>
          <ns3:TrackPointExtension>
            <ns3:hr>146</ns3:hr>
            <ns3:cad>88</ns3:cad>
          </ns3:TrackPointExtension>
        </extensions>
      </trkpt>
      <trkpt lat="31.2161518447101116180419921875" lon="121.38619191013276576995849609375">
        <ele>13</ele>
        <time>2026-09-21T10:57:16.000Z</time>
        <extensions>
          <ns3:TrackPointExtension>
            <ns3:hr>147</ns3:hr>
            <ns3:cad>88</ns3:cad>
          </ns3:TrackPointExtension>
        </extensions>
      </trkpt>
      <trkpt lat="31.2161437980830669403076171875" lon="121.38622074387967586517333984375">
        <ele>13.19999980926513671875</ele>
        <time>2026-09-21T10:57:17.000Z</time>
        <extensions>
          <ns3:TrackPointExtension>
            <ns3:hr>147</ns3:hr>
            <ns3:cad>88</ns3:cad>
          </ns3:TrackPointExtension>
        </extensions>
      </trkpt>
      <trkpt lat="31.21613482944667339324951171875" lon="121.38624639250338077545166015625">
        <ele>13.19999980926513671875</ele>
        <time>2026-09-21T10:57:18.000Z</time>
        <extensions>
          <ns3:TrackPointExtension>
            <ns3:hr>147</ns3:hr>
            <ns3:cad>87</ns3:cad>
          </ns3:TrackPointExtension>
        </extensions>
      </trkpt>
      <trkpt lat="31.21613390743732452392578125" lon="121.38627137057483196258544921875">
        <ele>13.19999980926513671875</ele>
        <time>2026-09-21T10:57:19.000Z</time>
        <extensions>
          <ns3:TrackPointExtension>
            <ns3:hr>147</ns3:hr>
            <ns3:cad>87</ns3:cad>
          </ns3:TrackPointExtension>
        </extensions>
      </trkpt>
      <trkpt lat="31.2161246873438358306884765625" lon="121.38630188070237636566162109375">
        <ele>13.19999980926513671875</ele>
        <time>2026-09-21T10:57:20.000Z</time>
        <extensions>
          <ns3:TrackPointExtension>
            <ns3:hr>147</ns3:hr>
            <ns3:cad>87</ns3:cad>
          </ns3:TrackPointExtension>
        </extensions>
      </trkpt>
      <trkpt lat="31.21612007729709148406982421875" lon="121.3863282836973667144775390625">
        <ele>13.19999980926513671875</ele>
        <time>2026-09-21T10:57:21.000Z</time>
        <extensions>
          <ns3:TrackPointExtension>
            <ns3:hr>147</ns3:hr>
            <ns3:cad>88</ns3:cad>
          </ns3:TrackPointExtension>
        </extensions>
      </trkpt>
      <trkpt lat="31.21611136011779308319091796875" lon="121.3863534294068813323974609375">
        <ele>13.19999980926513671875</ele>
        <time>2026-09-21T10:57:22.000Z</time>
        <extensions>
          <ns3:TrackPointExtension>
            <ns3:hr>147</ns3:hr>
            <ns3:cad>88</ns3:cad>
          </ns3:TrackPointExtension>
        </extensions>
      </trkpt>
      <trkpt lat="31.21610398404300212860107421875" lon="121.386378742754459381103515625">
        <ele>13.19999980926513671875</ele>
        <time>2026-09-21T10:57:23.000Z</time>
        <extensions>
          <ns3:TrackPointExtension>
            <ns3:hr>147</ns3:hr>
            <ns3:cad>88</ns3:cad>
          </ns3:TrackPointExtension>
        </extensions>
      </trkpt>
      <trkpt lat="31.2160956859588623046875" lon="121.38641000725328922271728515625">
        <ele>13.19999980926513671875</ele>
        <time>2026-09-21T10:57:24.000Z</time>
        <extensions>
          <ns3:TrackPointExtension>
            <ns3:hr>147</ns3:hr>
            <ns3:cad>87</ns3:cad>
          </ns3:TrackPointExtension>
        </extensions>
      </trkpt>
      <trkpt lat="31.216091997921466827392578125" lon="121.38643431477248668670654296875">
        <ele>13.19999980926513671875</ele>
        <time>2026-09-21T10:57:25.000Z</time>
        <extensions>
          <ns3:TrackPointExtension>
            <ns3:hr>147</ns3:hr>
            <ns3:cad>87</ns3:cad>
          </ns3:TrackPointExtension>
        </extensions>
      </trkpt>
      <trkpt lat="31.21608638204634189605712890625" lon="121.38647303916513919830322265625">
        <ele>13.19999980926513671875</ele>
        <time>2026-09-21T10:57:26.000Z</time>
        <extensions>
          <ns3:TrackPointExtension>
            <ns3:hr>147</ns3:hr>
            <ns3:cad>87</ns3:cad>
          </ns3:TrackPointExtension>
        </extensions>
      </trkpt>
      <trkpt lat="31.21607967652380466461181640625" lon="121.38649768196046352386474609375">
        <ele>13.19999980926513671875</ele>
        <time>2026-09-21T10:57:27.000Z</time>
        <extensions>
          <ns3:TrackPointExtension>
            <ns3:hr>147</ns3:hr>
            <ns3:cad>87</ns3:cad>
          </ns3:TrackPointExtension>
        </extensions>
      </trkpt>
      <trkpt lat="31.2160767428576946258544921875" lon="121.38652919791638851165771484375">
        <ele>13.19999980926513671875</ele>
        <time>2026-09-21T10:57:28.000Z</time>
        <extensions>
          <ns3:TrackPointExtension>
            <ns3:hr>147</ns3:hr>
            <ns3:cad>87</ns3:cad>
          </ns3:TrackPointExtension>
        </extensions>
      </trkpt>
      <trkpt lat="31.21607682667672634124755859375" lon="121.38656146824359893798828125">
        <ele>13.19999980926513671875</ele>
        <time>2026-09-21T10:57:29.000Z</time>
        <extensions>
          <ns3:TrackPointExtension>
            <ns3:hr>147</ns3:hr>
            <ns3:cad>87</ns3:cad>
          </ns3:TrackPointExtension>
        </extensions>
      </trkpt>
      <trkpt lat="31.21606794185936450958251953125" lon="121.3865884579718112945556640625">
        <ele>13.19999980926513671875</ele>
        <time>2026-09-21T10:57:30.000Z</time>
        <extensions>
          <ns3:TrackPointExtension>
            <ns3:hr>147</ns3:hr>
            <ns3:cad>87</ns3:cad>
          </ns3:TrackPointExtension>
        </extensions>
      </trkpt>
      <trkpt lat="31.21605989523231983184814453125" lon="121.38661377131938934326171875">
        <ele>13.19999980926513671875</ele>
        <time>2026-09-21T10:57:31.000Z</time>
        <extensions>
          <ns3:TrackPointExtension>
            <ns3:hr>147</ns3:hr>
            <ns3:cad>87</ns3:cad>
          </ns3:TrackPointExtension>
        </extensions>
      </trkpt>
      <trkpt lat="31.2160502560436725616455078125" lon="121.38663212768733501434326171875">
        <ele>13.19999980926513671875</ele>
        <time>2026-09-21T10:57:32.000Z</time>
        <extensions>
          <ns3:TrackPointExtension>
            <ns3:hr>147</ns3:hr>
            <ns3:cad>87</ns3:cad>
          </ns3:TrackPointExtension>
        </extensions>
      </trkpt>
      <trkpt lat="31.2160422094166278839111328125" lon="121.3866586983203887939453125">
        <ele>13.3999996185302734375</ele>
        <time>2026-09-21T10:57:33.000Z</time>
        <extensions>
          <ns3:TrackPointExtension>
            <ns3:hr>147</ns3:hr>
            <ns3:cad>87</ns3:cad>
          </ns3:TrackPointExtension>
        </extensions>
      </trkpt>
      <trkpt lat="31.2160361744463443756103515625" lon="121.3866786472499370574951171875">
        <ele>13.3999996185302734375</ele>
        <time>2026-09-21T10:57:34.000Z</time>
        <extensions>
          <ns3:TrackPointExtension>
            <ns3:hr>147</ns3:hr>
            <ns3:cad>87</ns3:cad>
          </ns3:TrackPointExtension>
        </extensions>
      </trkpt>
      <trkpt lat="31.21602452360093593597412109375" lon="121.3867123425006866455078125">
        <ele>13.3999996185302734375</ele>
        <time>2026-09-21T10:57:35.000Z</time>
        <extensions>
          <ns3:TrackPointExtension>
            <ns3:hr>147</ns3:hr>
            <ns3:cad>88</ns3:cad>
          </ns3:TrackPointExtension>
        </extensions>
      </trkpt>
      <trkpt lat="31.216026954352855682373046875" lon="121.38673472218215465545654296875">
        <ele>13.3999996185302734375</ele>
        <time>2026-09-21T10:57:36.000Z</time>
        <extensions>
          <ns3:TrackPointExtension>
            <ns3:hr>147</ns3:hr>
            <ns3:cad>87</ns3:cad>
          </ns3:TrackPointExtension>
        </extensions>
      </trkpt>
      <trkpt lat="31.21602871455252170562744140625" lon="121.38676707632839679718017578125">
        <ele>13.3999996185302734375</ele>
        <time>2026-09-21T10:57:37.000Z</time>
        <extensions>
          <ns3:TrackPointExtension>
            <ns3:hr>147</ns3:hr>
            <ns3:cad>87</ns3:cad>
          </ns3:TrackPointExtension>
        </extensions>
      </trkpt>
      <trkpt lat="31.216028630733489990234375" lon="121.38679272495210170745849609375">
        <ele>13.19999980926513671875</ele>
        <time>2026-09-21T10:57:38.000Z</time>
        <extensions>
          <ns3:TrackPointExtension>
            <ns3:hr>147</ns3:hr>
            <ns3:cad>87</ns3:cad>
          </ns3:TrackPointExtension>
        </extensions>
      </trkpt>
      <trkpt lat="31.21601991355419158935546875" lon="121.38682088814675807952880859375">
        <ele>13.19999980926513671875</ele>
        <time>2026-09-21T10:57:39.000Z</time>
        <extensions>
          <ns3:TrackPointExtension>
            <ns3:hr>147</ns3:hr>
            <ns3:cad>88</ns3:cad>
          </ns3:TrackPointExtension>
        </extensions>
      </trkpt>
      <trkpt lat="31.2160113640129566192626953125" lon="121.38684620149433612823486328125">
        <ele>13.19999980926513671875</ele>
        <time>2026-09-21T10:57:40.000Z</time>
        <extensions>
          <ns3:TrackPointExtension>
            <ns3:hr>146</ns3:hr>
            <ns3:cad>89</ns3:cad>
          </ns3:TrackPointExtension>
        </extensions>
      </trkpt>
      <trkpt lat="31.216005496680736541748046875" lon="121.3868774659931659698486328125">
        <ele>13.19999980926513671875</ele>
        <time>2026-09-21T10:57:41.000Z</time>
        <extensions>
          <ns3:TrackPointExtension>
            <ns3:hr>146</ns3:hr>
            <ns3:cad>89</ns3:cad>
          </ns3:TrackPointExtension>
        </extensions>
      </trkpt>
      <trkpt lat="31.21599753387272357940673828125" lon="121.38690873049199581146240234375">
        <ele>13.19999980926513671875</ele>
        <time>2026-09-21T10:57:42.000Z</time>
        <extensions>
          <ns3:TrackPointExtension>
            <ns3:hr>146</ns3:hr>
            <ns3:cad>88</ns3:cad>
          </ns3:TrackPointExtension>
        </extensions>
      </trkpt>
      <trkpt lat="31.21598563157021999359130859375" lon="121.38693085871636867523193359375">
        <ele>13.19999980926513671875</ele>
        <time>2026-09-21T10:57:43.000Z</time>
        <extensions>
          <ns3:TrackPointExtension>
            <ns3:hr>146</ns3:hr>
            <ns3:cad>87</ns3:cad>
          </ns3:TrackPointExtension>
        </extensions>
      </trkpt>
      <trkpt lat="31.2159751541912555694580078125" lon="121.38695818372070789337158203125">
        <ele>13.19999980926513671875</ele>
        <time>2026-09-21T10:57:44.000Z</time>
        <extensions>
          <ns3:TrackPointExtension>
            <ns3:hr>145</ns3:hr>
            <ns3:cad>87</ns3:cad>
          </ns3:TrackPointExtension>
        </extensions>
      </trkpt>
      <trkpt lat="31.2159697897732257843017578125" lon="121.38698399998247623443603515625">
        <ele>13.19999980926513671875</ele>
        <time>2026-09-21T10:57:45.000Z</time>
        <extensions>
          <ns3:TrackPointExtension>
            <ns3:hr>145</ns3:hr>
            <ns3:cad>87</ns3:cad>
          </ns3:TrackPointExtension>
        </extensions>
      </trkpt>
      <trkpt lat="31.21596635319292545318603515625" lon="121.3870145939290523529052734375">
        <ele>13.19999980926513671875</ele>
        <time>2026-09-21T10:57:46.000Z</time>
        <extensions>
          <ns3:TrackPointExtension>
            <ns3:hr>145</ns3:hr>
            <ns3:cad>88</ns3:cad>
          </ns3:TrackPointExtension>
        </extensions>
      </trkpt>
      <trkpt lat="31.21595880948007106781005859375" lon="121.3870394043624401092529296875">
        <ele>13.3999996185302734375</ele>
        <time>2026-09-21T10:57:47.000Z</time>
        <extensions>
          <ns3:TrackPointExtension>
            <ns3:hr>145</ns3:hr>
            <ns3:cad>88</ns3:cad>
          </ns3:TrackPointExtension>
        </extensions>
      </trkpt>
      <trkpt lat="31.21595461852848529815673828125" lon="121.38706647790968418121337890625">
        <ele>13.3999996185302734375</ele>
        <time>2026-09-21T10:57:48.000Z</time>
        <extensions>
          <ns3:TrackPointExtension>
            <ns3:hr>145</ns3:hr>
            <ns3:cad>88</ns3:cad>
          </ns3:TrackPointExtension>
        </extensions>
      </trkpt>
      <trkpt lat="31.21595109812915325164794921875" lon="121.3870923779904842376708984375">
        <ele>13.6000003814697265625</ele>
        <time>2026-09-21T10:57:49.000Z</time>
        <extensions>
          <ns3:TrackPointExtension>
            <ns3:hr>144</ns3:hr>
            <ns3:cad>87</ns3:cad>
          </ns3:TrackPointExtension>
        </extensions>
      </trkpt>
      <trkpt lat="31.21595428325235843658447265625" lon="121.38711626641452312469482421875">
        <ele>13.6000003814697265625</ele>
        <time>2026-09-21T10:57:50.000Z</time>
        <extensions>
          <ns3:TrackPointExtension>
            <ns3:hr>144</ns3:hr>
            <ns3:cad>87</ns3:cad>
          </ns3:TrackPointExtension>
        </extensions>
      </trkpt>
      <trkpt lat="31.21596517972648143768310546875" lon="121.38714895583689212799072265625">
        <ele>13.6000003814697265625</ele>
        <time>2026-09-21T10:57:51.000Z</time>
        <extensions>
          <ns3:TrackPointExtension>
            <ns3:hr>144</ns3:hr>
            <ns3:cad>86</ns3:cad>
          </ns3:TrackPointExtension>
        </extensions>
      </trkpt>
      <trkpt lat="31.215973310172557830810546875" lon="121.38717309571802616119384765625">
        <ele>13.6000003814697265625</ele>
        <time>2026-09-21T10:57:52.000Z</time>
        <extensions>
          <ns3:TrackPointExtension>
            <ns3:hr>145</ns3:hr>
            <ns3:cad>86</ns3:cad>
          </ns3:TrackPointExtension>
        </extensions>
      </trkpt>
      <trkpt lat="31.21599434874951839447021484375" lon="121.387196481227874755859375">
        <ele>13.3999996185302734375</ele>
        <time>2026-09-21T10:57:53.000Z</time>
        <extensions>
          <ns3:TrackPointExtension>
            <ns3:hr>144</ns3:hr>
            <ns3:cad>86</ns3:cad>
          </ns3:TrackPointExtension>
        </extensions>
      </trkpt>
      <trkpt lat="31.216011531651020050048828125" lon="121.3872080482542514801025390625">
        <ele>13.3999996185302734375</ele>
        <time>2026-09-21T10:57:54.000Z</time>
        <extensions>
          <ns3:TrackPointExtension>
            <ns3:hr>144</ns3:hr>
            <ns3:cad>86</ns3:cad>
          </ns3:TrackPointExtension>
        </extensions>
      </trkpt>
      <trkpt lat="31.21603374369442462921142578125" lon="121.38722036965191364288330078125">
        <ele>13.3999996185302734375</ele>
        <time>2026-09-21T10:57:55.000Z</time>
        <extensions>
          <ns3:TrackPointExtension>
            <ns3:hr>144</ns3:hr>
            <ns3:cad>86</ns3:cad>
          </ns3:TrackPointExtension>
        </extensions>
      </trkpt>
      <trkpt lat="31.216050088405609130859375" lon="121.3872305117547512054443359375">
        <ele>13.3999996185302734375</ele>
        <time>2026-09-21T10:57:56.000Z</time>
        <extensions>
          <ns3:TrackPointExtension>
            <ns3:hr>144</ns3:hr>
            <ns3:cad>85</ns3:cad>
          </ns3:TrackPointExtension>
        </extensions>
      </trkpt>
      <trkpt lat="31.2160780839622020721435546875" lon="121.3872395642101764678955078125">
        <ele>13.3999996185302734375</ele>
        <time>2026-09-21T10:57:57.000Z</time>
        <extensions>
          <ns3:TrackPointExtension>
            <ns3:hr>144</ns3:hr>
            <ns3:cad>85</ns3:cad>
          </ns3:TrackPointExtension>
        </extensions>
      </trkpt>
      <trkpt lat="31.21610113419592380523681640625" lon="121.38724752701818943023681640625">
        <ele>13.3999996185302734375</ele>
        <time>2026-09-21T10:57:58.000Z</time>
        <extensions>
          <ns3:TrackPointExtension>
            <ns3:hr>144</ns3:hr>
            <ns3:cad>86</ns3:cad>
          </ns3:TrackPointExtension>
        </extensions>
      </trkpt>
      <trkpt lat="31.21611990965902805328369140625" lon="121.38725808821618556976318359375">
        <ele>13.3999996185302734375</ele>
        <time>2026-09-21T10:57:59.000Z</time>
        <extensions>
          <ns3:TrackPointExtension>
            <ns3:hr>144</ns3:hr>
            <ns3:cad>86</ns3:cad>
          </ns3:TrackPointExtension>
        </extensions>
      </trkpt>
      <trkpt lat="31.21614002622663974761962890625" lon="121.3872821442782878875732421875">
        <ele>13.19999980926513671875</ele>
        <time>2026-09-21T10:58:00.000Z</time>
        <extensions>
          <ns3:TrackPointExtension>
            <ns3:hr>144</ns3:hr>
            <ns3:cad>86</ns3:cad>
          </ns3:TrackPointExtension>
        </extensions>
      </trkpt>
      <trkpt lat="31.2161533534526824951171875" lon="121.38729513622820377349853515625">
        <ele>13.19999980926513671875</ele>
        <time>2026-09-21T10:58:01.000Z</time>
        <extensions>
          <ns3:TrackPointExtension>
            <ns3:hr>144</ns3:hr>
            <ns3:cad>86</ns3:cad>
          </ns3:TrackPointExtension>
        </extensions>
      </trkpt>
      <trkpt lat="31.21617707423865795135498046875" lon="121.38731324113905429840087890625">
        <ele>13</ele>
        <time>2026-09-21T10:58:02.000Z</time>
        <extensions>
          <ns3:TrackPointExtension>
            <ns3:hr>144</ns3:hr>
            <ns3:cad>86</ns3:cad>
          </ns3:TrackPointExtension>
        </extensions>
      </trkpt>
      <trkpt lat="31.2161920778453350067138671875" lon="121.3873180188238620758056640625">
        <ele>13</ele>
        <time>2026-09-21T10:58:03.000Z</time>
        <extensions>
          <ns3:TrackPointExtension>
            <ns3:hr>144</ns3:hr>
            <ns3:cad>86</ns3:cad>
          </ns3:TrackPointExtension>
        </extensions>
      </trkpt>
      <trkpt lat="31.216210685670375823974609375" lon="121.38733067549765110015869140625">
        <ele>13</ele>
        <time>2026-09-21T10:58:04.000Z</time>
        <extensions>
          <ns3:TrackPointExtension>
            <ns3:hr>144</ns3:hr>
            <ns3:cad>86</ns3:cad>
          </ns3:TrackPointExtension>
        </extensions>
      </trkpt>
      <trkpt lat="31.21623172424733638763427734375" lon="121.3873374648392200469970703125">
        <ele>13</ele>
        <time>2026-09-21T10:58:05.000Z</time>
        <extensions>
          <ns3:TrackPointExtension>
            <ns3:hr>144</ns3:hr>
            <ns3:cad>87</ns3:cad>
          </ns3:TrackPointExtension>
        </extensions>
      </trkpt>
      <trkpt lat="31.216256618499755859375" lon="121.38735062442719936370849609375">
        <ele>13</ele>
        <time>2026-09-21T10:58:06.000Z</time>
        <extensions>
          <ns3:TrackPointExtension>
            <ns3:hr>143</ns3:hr>
            <ns3:cad>87</ns3:cad>
          </ns3:TrackPointExtension>
        </extensions>
      </trkpt>
      <trkpt lat="31.2162792496383190155029296875" lon="121.38735783286392688751220703125">
        <ele>13</ele>
        <time>2026-09-21T10:58:07.000Z</time>
        <extensions>
          <ns3:TrackPointExtension>
            <ns3:hr>143</ns3:hr>
            <ns3:cad>88</ns3:cad>
          </ns3:TrackPointExtension>
        </extensions>
      </trkpt>
      <trkpt lat="31.21630984358489513397216796875" lon="121.38737057335674762725830078125">
        <ele>13</ele>
        <time>2026-09-21T10:58:08.000Z</time>
        <extensions>
          <ns3:TrackPointExtension>
            <ns3:hr>143</ns3:hr>
            <ns3:cad>88</ns3:cad>
          </ns3:TrackPointExtension>
        </extensions>
      </trkpt>
      <trkpt lat="31.21633381582796573638916015625" lon="121.38738012872636318206787109375">
        <ele>13</ele>
        <time>2026-09-21T10:58:09.000Z</time>
        <extensions>
          <ns3:TrackPointExtension>
            <ns3:hr>143</ns3:hr>
            <ns3:cad>88</ns3:cad>
          </ns3:TrackPointExtension>
        </extensions>
      </trkpt>
      <trkpt lat="31.216360889375209808349609375" lon="121.38738163746893405914306640625">
        <ele>13</ele>
        <time>2026-09-21T10:58:10.000Z</time>
        <extensions>
          <ns3:TrackPointExtension>
            <ns3:hr>142</ns3:hr>
            <ns3:cad>88</ns3:cad>
          </ns3:TrackPointExtension>
        </extensions>
      </trkpt>
      <trkpt lat="31.21638326905667781829833984375" lon="121.387395299971103668212890625">
        <ele>13</ele>
        <time>2026-09-21T10:58:11.000Z</time>
        <extensions>
          <ns3:TrackPointExtension>
            <ns3:hr>143</ns3:hr>
            <ns3:cad>88</ns3:cad>
          </ns3:TrackPointExtension>
        </extensions>
      </trkpt>
      <trkpt lat="31.21640841476619243621826171875" lon="121.3874051906168460845947265625">
        <ele>13</ele>
        <time>2026-09-21T10:58:12.000Z</time>
        <extensions>
          <ns3:TrackPointExtension>
            <ns3:hr>143</ns3:hr>
            <ns3:cad>88</ns3:cad>
          </ns3:TrackPointExtension>
        </extensions>
      </trkpt>
      <trkpt lat="31.21642903424799442291259765625" lon="121.38741734437644481658935546875">
        <ele>13.19999980926513671875</ele>
        <time>2026-09-21T10:58:13.000Z</time>
        <extensions>
          <ns3:TrackPointExtension>
            <ns3:hr>143</ns3:hr>
            <ns3:cad>88</ns3:cad>
          </ns3:TrackPointExtension>
        </extensions>
      </trkpt>
      <trkpt lat="31.21644361875951290130615234375" lon="121.38742824085056781768798828125">
        <ele>13</ele>
        <time>2026-09-21T10:58:14.000Z</time>
        <extensions>
          <ns3:TrackPointExtension>
            <ns3:hr>142</ns3:hr>
            <ns3:cad>87</ns3:cad>
          </ns3:TrackPointExtension>
        </extensions>
      </trkpt>
      <trkpt lat="31.21646641753613948822021484375" lon="121.38743930496275424957275390625">
        <ele>13</ele>
        <time>2026-09-21T10:58:15.000Z</time>
        <extensions>
          <ns3:TrackPointExtension>
            <ns3:hr>143</ns3:hr>
            <ns3:cad>87</ns3:cad>
          </ns3:TrackPointExtension>
        </extensions>
      </trkpt>
      <trkpt lat="31.21648033149540424346923828125" lon="121.38744651339948177337646484375">
        <ele>13</ele>
        <time>2026-09-21T10:58:16.000Z</time>
        <extensions>
          <ns3:TrackPointExtension>
            <ns3:hr>143</ns3:hr>
            <ns3:cad>88</ns3:cad>
          </ns3:TrackPointExtension>
        </extensions>
      </trkpt>
      <trkpt lat="31.21650539338588714599609375" lon="121.38745740987360477447509765625">
        <ele>13</ele>
        <time>2026-09-21T10:58:17.000Z</time>
        <extensions>
          <ns3:TrackPointExtension>
            <ns3:hr>143</ns3:hr>
            <ns3:cad>89</ns3:cad>
          </ns3:TrackPointExtension>
        </extensions>
      </trkpt>
      <trkpt lat="31.216522492468357086181640625" lon="121.38746746815741062164306640625">
        <ele>13</ele>
        <time>2026-09-21T10:58:18.000Z</time>
        <extensions>
          <ns3:TrackPointExtension>
            <ns3:hr>144</ns3:hr>
            <ns3:cad>89</ns3:cad>
          </ns3:TrackPointExtension>
        </extensions>
      </trkpt>
      <trkpt lat="31.21654453687369823455810546875" lon="121.387480460107326507568359375">
        <ele>13</ele>
        <time>2026-09-21T10:58:19.000Z</time>
        <extensions>
          <ns3:TrackPointExtension>
            <ns3:hr>144</ns3:hr>
            <ns3:cad>88</ns3:cad>
          </ns3:TrackPointExtension>
        </extensions>
      </trkpt>
      <trkpt lat="31.2165581993758678436279296875" lon="121.38749429024755954742431640625">
        <ele>13.19999980926513671875</ele>
        <time>2026-09-21T10:58:20.000Z</time>
        <extensions>
          <ns3:TrackPointExtension>
            <ns3:hr>144</ns3:hr>
            <ns3:cad>88</ns3:cad>
          </ns3:TrackPointExtension>
        </extensions>
      </trkpt>
      <trkpt lat="31.21657907031476497650146484375" lon="121.38750736601650714874267578125">
        <ele>13.19999980926513671875</ele>
        <time>2026-09-21T10:58:21.000Z</time>
        <extensions>
          <ns3:TrackPointExtension>
            <ns3:hr>144</ns3:hr>
            <ns3:cad>87</ns3:cad>
          </ns3:TrackPointExtension>
        </extensions>
      </trkpt>
      <trkpt lat="31.216598264873027801513671875" lon="121.3875201903283596038818359375">
        <ele>13.19999980926513671875</ele>
        <time>2026-09-21T10:58:22.000Z</time>
        <extensions>
          <ns3:TrackPointExtension>
            <ns3:hr>144</ns3:hr>
            <ns3:cad>87</ns3:cad>
          </ns3:TrackPointExtension>
        </extensions>
      </trkpt>
      <trkpt lat="31.2166255898773670196533203125" lon="121.38752932660281658172607421875">
        <ele>13.19999980926513671875</ele>
        <time>2026-09-21T10:58:23.000Z</time>
        <extensions>
          <ns3:TrackPointExtension>
            <ns3:hr>144</ns3:hr>
            <ns3:cad>88</ns3:cad>
          </ns3:TrackPointExtension>
        </extensions>
      </trkpt>
      <trkpt lat="31.2166517414152622222900390625" lon="121.38754189945757389068603515625">
        <ele>13.19999980926513671875</ele>
        <time>2026-09-21T10:58:24.000Z</time>
        <extensions>
          <ns3:TrackPointExtension>
            <ns3:hr>144</ns3:hr>
            <ns3:cad>88</ns3:cad>
          </ns3:TrackPointExtension>
        </extensions>
      </trkpt>
      <trkpt lat="31.21667814441025257110595703125" lon="121.38754692859947681427001953125">
        <ele>13.3999996185302734375</ele>
        <time>2026-09-21T10:58:25.000Z</time>
        <extensions>
          <ns3:TrackPointExtension>
            <ns3:hr>144</ns3:hr>
            <ns3:cad>88</ns3:cad>
          </ns3:TrackPointExtension>
        </extensions>
      </trkpt>
      <trkpt lat="31.21670178137719631195068359375" lon="121.387558244168758392333984375">
        <ele>13.3999996185302734375</ele>
        <time>2026-09-21T10:58:26.000Z</time>
        <extensions>
          <ns3:TrackPointExtension>
            <ns3:hr>144</ns3:hr>
            <ns3:cad>87</ns3:cad>
          </ns3:TrackPointExtension>
        </extensions>
      </trkpt>
      <trkpt lat="31.216725669801235198974609375" lon="121.387572325766086578369140625">
        <ele>13.6000003814697265625</ele>
        <time>2026-09-21T10:58:27.000Z</time>
        <extensions>
          <ns3:TrackPointExtension>
            <ns3:hr>144</ns3:hr>
            <ns3:cad>87</ns3:cad>
          </ns3:TrackPointExtension>
        </extensions>
      </trkpt>
      <trkpt lat="31.21675123460590839385986328125" lon="121.38758280314505100250244140625">
        <ele>13.6000003814697265625</ele>
        <time>2026-09-21T10:58:28.000Z</time>
        <extensions>
          <ns3:TrackPointExtension>
            <ns3:hr>143</ns3:hr>
            <ns3:cad>87</ns3:cad>
          </ns3:TrackPointExtension>
        </extensions>
      </trkpt>
      <trkpt lat="31.21676850132644176483154296875" lon="121.38759453780949115753173828125">
        <ele>13.6000003814697265625</ele>
        <time>2026-09-21T10:58:29.000Z</time>
        <extensions>
          <ns3:TrackPointExtension>
            <ns3:hr>143</ns3:hr>
            <ns3:cad>87</ns3:cad>
          </ns3:TrackPointExtension>
        </extensions>
      </trkpt>
      <trkpt lat="31.21679197065532207489013671875" lon="121.38759990222752094268798828125">
        <ele>13.6000003814697265625</ele>
        <time>2026-09-21T10:58:30.000Z</time>
        <extensions>
          <ns3:TrackPointExtension>
            <ns3:hr>143</ns3:hr>
            <ns3:cad>88</ns3:cad>
          </ns3:TrackPointExtension>
        </extensions>
      </trkpt>
      <trkpt lat="31.216811500489711761474609375" lon="121.38760174624621868133544921875">
        <ele>13.6000003814697265625</ele>
        <time>2026-09-21T10:58:31.000Z</time>
        <extensions>
          <ns3:TrackPointExtension>
            <ns3:hr>143</ns3:hr>
            <ns3:cad>88</ns3:cad>
          </ns3:TrackPointExtension>
        </extensions>
      </trkpt>
      <trkpt lat="31.21683605946600437164306640625" lon="121.38761331327259540557861328125">
        <ele>13.6000003814697265625</ele>
        <time>2026-09-21T10:58:32.000Z</time>
        <extensions>
          <ns3:TrackPointExtension>
            <ns3:hr>143</ns3:hr>
            <ns3:cad>88</ns3:cad>
          </ns3:TrackPointExtension>
        </extensions>
      </trkpt>
      <trkpt lat="31.216857098042964935302734375" lon="121.38762295246124267578125">
        <ele>13.6000003814697265625</ele>
        <time>2026-09-21T10:58:33.000Z</time>
        <extensions>
          <ns3:TrackPointExtension>
            <ns3:hr>142</ns3:hr>
            <ns3:cad>88</ns3:cad>
          </ns3:TrackPointExtension>
        </extensions>
      </trkpt>
      <trkpt lat="31.21688090264797210693359375" lon="121.38762630522251129150390625">
        <ele>13.6000003814697265625</ele>
        <time>2026-09-21T10:58:34.000Z</time>
        <extensions>
          <ns3:TrackPointExtension>
            <ns3:hr>143</ns3:hr>
            <ns3:cad>87</ns3:cad>
          </ns3:TrackPointExtension>
        </extensions>
      </trkpt>
      <trkpt lat="31.21691401116549968719482421875" lon="121.3876385428011417388916015625">
        <ele>13.6000003814697265625</ele>
        <time>2026-09-21T10:58:35.000Z</time>
        <extensions>
          <ns3:TrackPointExtension>
            <ns3:hr>143</ns3:hr>
            <ns3:cad>86</ns3:cad>
          </ns3:TrackPointExtension>
        </extensions>
      </trkpt>
      <trkpt lat="31.21693697758018970489501953125" lon="121.38764248229563236236572265625">
        <ele>13.6000003814697265625</ele>
        <time>2026-09-21T10:58:36.000Z</time>
        <extensions>
          <ns3:TrackPointExtension>
            <ns3:hr>144</ns3:hr>
            <ns3:cad>86</ns3:cad>
          </ns3:TrackPointExtension>
        </extensions>
      </trkpt>
      <trkpt lat="31.21696547605097293853759765625" lon="121.38765513896942138671875">
        <ele>13.6000003814697265625</ele>
        <time>2026-09-21T10:58:37.000Z</time>
        <extensions>
          <ns3:TrackPointExtension>
            <ns3:hr>144</ns3:hr>
            <ns3:cad>88</ns3:cad>
          </ns3:TrackPointExtension>
        </extensions>
      </trkpt>
      <trkpt lat="31.21698961593210697174072265625" lon="121.38765773735940456390380859375">
        <ele>13.6000003814697265625</ele>
        <time>2026-09-21T10:58:38.000Z</time>
        <extensions>
          <ns3:TrackPointExtension>
            <ns3:hr>144</ns3:hr>
            <ns3:cad>88</ns3:cad>
          </ns3:TrackPointExtension>
        </extensions>
      </trkpt>
      <trkpt lat="31.21701576747000217437744140625" lon="121.38766779564321041107177734375">
        <ele>13.6000003814697265625</ele>
        <time>2026-09-21T10:58:39.000Z</time>
        <extensions>
          <ns3:TrackPointExtension>
            <ns3:hr>144</ns3:hr>
            <ns3:cad>88</ns3:cad>
          </ns3:TrackPointExtension>
        </extensions>
      </trkpt>
      <trkpt lat="31.21703906916081905364990234375" lon="121.3876744173467159271240234375">
        <ele>13.6000003814697265625</ele>
        <time>2026-09-21T10:58:40.000Z</time>
        <extensions>
          <ns3:TrackPointExtension>
            <ns3:hr>144</ns3:hr>
            <ns3:cad>87</ns3:cad>
          </ns3:TrackPointExtension>
        </extensions>
      </trkpt>
      <trkpt lat="31.21706404723227024078369140625" lon="121.387684978544712066650390625">
        <ele>13.6000003814697265625</ele>
        <time>2026-09-21T10:58:41.000Z</time>
        <extensions>
          <ns3:TrackPointExtension>
            <ns3:hr>145</ns3:hr>
            <ns3:cad>87</ns3:cad>
          </ns3:TrackPointExtension>
        </extensions>
      </trkpt>
      <trkpt lat="31.21708667837083339691162109375" lon="121.38769210316240787506103515625">
        <ele>13.6000003814697265625</ele>
        <time>2026-09-21T10:58:42.000Z</time>
        <extensions>
          <ns3:TrackPointExtension>
            <ns3:hr>144</ns3:hr>
            <ns3:cad>87</ns3:cad>
          </ns3:TrackPointExtension>
        </extensions>
      </trkpt>
      <trkpt lat="31.21710662730038166046142578125" lon="121.38770140707492828369140625">
        <ele>13.6000003814697265625</ele>
        <time>2026-09-21T10:58:43.000Z</time>
        <extensions>
          <ns3:TrackPointExtension>
            <ns3:hr>145</ns3:hr>
            <ns3:cad>87</ns3:cad>
          </ns3:TrackPointExtension>
        </extensions>
      </trkpt>
      <trkpt lat="31.2171331979334354400634765625" lon="121.3877159915864467620849609375">
        <ele>13.80000019073486328125</ele>
        <time>2026-09-21T10:58:44.000Z</time>
        <extensions>
          <ns3:TrackPointExtension>
            <ns3:hr>145</ns3:hr>
            <ns3:cad>87</ns3:cad>
          </ns3:TrackPointExtension>
        </extensions>
      </trkpt>
      <trkpt lat="31.2171538174152374267578125" lon="121.38772822916507720947265625">
        <ele>13.80000019073486328125</ele>
        <time>2026-09-21T10:58:45.000Z</time>
        <extensions>
          <ns3:TrackPointExtension>
            <ns3:hr>145</ns3:hr>
            <ns3:cad>87</ns3:cad>
          </ns3:TrackPointExtension>
        </extensions>
      </trkpt>
      <trkpt lat="31.21717485599219799041748046875" lon="121.38773602433502674102783203125">
        <ele>13.80000019073486328125</ele>
        <time>2026-09-21T10:58:46.000Z</time>
        <extensions>
          <ns3:TrackPointExtension>
            <ns3:hr>145</ns3:hr>
            <ns3:cad>86</ns3:cad>
          </ns3:TrackPointExtension>
        </extensions>
      </trkpt>
      <trkpt lat="31.21719279326498508453369140625" lon="121.38774298131465911865234375">
        <ele>13.80000019073486328125</ele>
        <time>2026-09-21T10:58:47.000Z</time>
        <extensions>
          <ns3:TrackPointExtension>
            <ns3:hr>146</ns3:hr>
            <ns3:cad>86</ns3:cad>
          </ns3:TrackPointExtension>
        </extensions>
      </trkpt>
      <trkpt lat="31.21721559204161167144775390625" lon="121.38775530271232128143310546875">
        <ele>13.80000019073486328125</ele>
        <time>2026-09-21T10:58:48.000Z</time>
        <extensions>
          <ns3:TrackPointExtension>
            <ns3:hr>146</ns3:hr>
            <ns3:cad>86</ns3:cad>
          </ns3:TrackPointExtension>
        </extensions>
      </trkpt>
      <trkpt lat="31.21722824871540069580078125" lon="121.38776401989161968231201171875">
        <ele>13.80000019073486328125</ele>
        <time>2026-09-21T10:58:49.000Z</time>
        <extensions>
          <ns3:TrackPointExtension>
            <ns3:hr>146</ns3:hr>
            <ns3:cad>87</ns3:cad>
          </ns3:TrackPointExtension>
        </extensions>
      </trkpt>
      <trkpt lat="31.21724794618785381317138671875" lon="121.3877756707370281219482421875">
        <ele>13.6000003814697265625</ele>
        <time>2026-09-21T10:58:50.000Z</time>
        <extensions>
          <ns3:TrackPointExtension>
            <ns3:hr>146</ns3:hr>
            <ns3:cad>87</ns3:cad>
          </ns3:TrackPointExtension>
        </extensions>
      </trkpt>
      <trkpt lat="31.21726973913609981536865234375" lon="121.38778380118310451507568359375">
        <ele>13.6000003814697265625</ele>
        <time>2026-09-21T10:58:51.000Z</time>
        <extensions>
          <ns3:TrackPointExtension>
            <ns3:hr>145</ns3:hr>
            <ns3:cad>87</ns3:cad>
          </ns3:TrackPointExtension>
        </extensions>
      </trkpt>
      <trkpt lat="31.21729530394077301025390625" lon="121.38779318891465663909912109375">
        <ele>13.80000019073486328125</ele>
        <time>2026-09-21T10:58:52.000Z</time>
        <extensions>
          <ns3:TrackPointExtension>
            <ns3:hr>146</ns3:hr>
            <ns3:cad>87</ns3:cad>
          </ns3:TrackPointExtension>
        </extensions>
      </trkpt>
      <trkpt lat="31.2173196114599704742431640625" lon="121.38780643232166767120361328125">
        <ele>13.80000019073486328125</ele>
        <time>2026-09-21T10:58:53.000Z</time>
        <extensions>
          <ns3:TrackPointExtension>
            <ns3:hr>146</ns3:hr>
            <ns3:cad>87</ns3:cad>
          </ns3:TrackPointExtension>
        </extensions>
      </trkpt>
      <trkpt lat="31.21734165586531162261962890625" lon="121.38781498186290264129638671875">
        <ele>13.80000019073486328125</ele>
        <time>2026-09-21T10:58:54.000Z</time>
        <extensions>
          <ns3:TrackPointExtension>
            <ns3:hr>146</ns3:hr>
            <ns3:cad>87</ns3:cad>
          </ns3:TrackPointExtension>
        </extensions>
      </trkpt>
      <trkpt lat="31.217364370822906494140625" lon="121.38782571069896221160888671875">
        <ele>13.80000019073486328125</ele>
        <time>2026-09-21T10:58:55.000Z</time>
        <extensions>
          <ns3:TrackPointExtension>
            <ns3:hr>146</ns3:hr>
            <ns3:cad>87</ns3:cad>
          </ns3:TrackPointExtension>
        </extensions>
      </trkpt>
      <trkpt lat="31.2173910252749919891357421875" lon="121.38783291913568973541259765625">
        <ele>13.80000019073486328125</ele>
        <time>2026-09-21T10:58:56.000Z</time>
        <extensions>
          <ns3:TrackPointExtension>
            <ns3:hr>147</ns3:hr>
            <ns3:cad>88</ns3:cad>
          </ns3:TrackPointExtension>
        </extensions>
      </trkpt>
      <trkpt lat="31.2174138240516185760498046875" lon="121.38784716837108135223388671875">
        <ele>13.80000019073486328125</ele>
        <time>2026-09-21T10:58:57.000Z</time>
        <extensions>
          <ns3:TrackPointExtension>
            <ns3:hr>147</ns3:hr>
            <ns3:cad>88</ns3:cad>
          </ns3:TrackPointExtension>
        </extensions>
      </trkpt>
      <trkpt lat="31.21743553318083286285400390625" lon="121.38785571791231632232666015625">
        <ele>13.80000019073486328125</ele>
        <time>2026-09-21T10:58:58.000Z</time>
        <extensions>
          <ns3:TrackPointExtension>
            <ns3:hr>147</ns3:hr>
            <ns3:cad>87</ns3:cad>
          </ns3:TrackPointExtension>
        </extensions>
      </trkpt>
      <trkpt lat="31.21746151708066463470458984375" lon="121.3878625072538852691650390625">
        <ele>14</ele>
        <time>2026-09-21T10:58:59.000Z</time>
        <extensions>
          <ns3:TrackPointExtension>
            <ns3:hr>147</ns3:hr>
            <ns3:cad>87</ns3:cad>
          </ns3:TrackPointExtension>
        </extensions>
      </trkpt>
      <trkpt lat="31.21748398058116436004638671875" lon="121.38787616975605487823486328125">
        <ele>14</ele>
        <time>2026-09-21T10:59:00.000Z</time>
        <extensions>
          <ns3:TrackPointExtension>
            <ns3:hr>148</ns3:hr>
            <ns3:cad>87</ns3:cad>
          </ns3:TrackPointExtension>
        </extensions>
      </trkpt>
      <trkpt lat="31.217498816549777984619140625" lon="121.38788153417408466339111328125">
        <ele>14</ele>
        <time>2026-09-21T10:59:01.000Z</time>
        <extensions>
          <ns3:TrackPointExtension>
            <ns3:hr>148</ns3:hr>
            <ns3:cad>86</ns3:cad>
          </ns3:TrackPointExtension>
        </extensions>
      </trkpt>
      <trkpt lat="31.21752672828733921051025390625" lon="121.38789410702884197235107421875">
        <ele>14</ele>
        <time>2026-09-21T10:59:02.000Z</time>
        <extensions>
          <ns3:TrackPointExtension>
            <ns3:hr>148</ns3:hr>
            <ns3:cad>85</ns3:cad>
          </ns3:TrackPointExtension>
        </extensions>
      </trkpt>
      <trkpt lat="31.21755505912005901336669921875" lon="121.38791053555905818939208984375">
        <ele>13.80000019073486328125</ele>
        <time>2026-09-21T10:59:03.000Z</time>
        <extensions>
          <ns3:TrackPointExtension>
            <ns3:hr>148</ns3:hr>
            <ns3:cad>85</ns3:cad>
          </ns3:TrackPointExtension>
        </extensions>
      </trkpt>
      <trkpt lat="31.21757827699184417724609375" lon="121.38791254721581935882568359375">
        <ele>13.80000019073486328125</ele>
        <time>2026-09-21T10:59:04.000Z</time>
        <extensions>
          <ns3:TrackPointExtension>
            <ns3:hr>148</ns3:hr>
            <ns3:cad>85</ns3:cad>
          </ns3:TrackPointExtension>
        </extensions>
      </trkpt>
      <trkpt lat="31.21759059838950634002685546875" lon="121.3879087753593921661376953125">
        <ele>14</ele>
        <time>2026-09-21T10:59:05.000Z</time>
        <extensions>
          <ns3:TrackPointExtension>
            <ns3:hr>148</ns3:hr>
            <ns3:cad>85</ns3:cad>
          </ns3:TrackPointExtension>
        </extensions>
      </trkpt>
      <trkpt lat="31.217597387731075286865234375" lon="121.3879084400832653045654296875">
        <ele>14.19999980926513671875</ele>
        <time>2026-09-21T10:59:06.000Z</time>
        <extensions>
          <ns3:TrackPointExtension>
            <ns3:hr>149</ns3:hr>
            <ns3:cad>85</ns3:cad>
          </ns3:TrackPointExtension>
        </extensions>
      </trkpt>
      <trkpt lat="31.217609457671642303466796875" lon="121.387917660176753997802734375">
        <ele>14.3999996185302734375</ele>
        <time>2026-09-21T10:59:07.000Z</time>
        <extensions>
          <ns3:TrackPointExtension>
            <ns3:hr>149</ns3:hr>
            <ns3:cad>85</ns3:cad>
          </ns3:TrackPointExtension>
        </extensions>
      </trkpt>
      <trkpt lat="31.217621862888336181640625" lon="121.3879188336431980133056640625">
        <ele>14.6000003814697265625</ele>
        <time>2026-09-21T10:59:08.000Z</time>
        <extensions>
          <ns3:TrackPointExtension>
            <ns3:hr>149</ns3:hr>
            <ns3:cad>85</ns3:cad>
          </ns3:TrackPointExtension>
        </extensions>
      </trkpt>
    </trkseg>
  </trk>
</gpx>
