<gpx xmlns:ns3="http://www.garmin.com/xmlschemas/TrackPointExtension/v1" xmlns="http://www.topografix.com/GPX/1/1" xmlns:xsi="http://www.w3.org/2001/XMLSchema-instance" xmlns:ns2="http://www.garmin.com/xmlschemas/GpxExtensions/v3" creator="Garmin Connect" version="1.1" xsi:schemaLocation="http://www.topografix.com/GPX/1/1 http://www.topografix.com/GPX/11.xsd">
  <extensions>
<distance>2351.26</distance>
<average_hr>145.0</average_hr>
<average_speed>2.7809998989105225</average_speed>
<start_time>2026-09-25T03:53:30+00:00</start_time>
<end_time>2026-09-25T04:07:35.568000+00:00</end_time>
<moving_time>834.0</moving_time>
<elapsed_time>1243.178</elapsed_time>
</extensions>
<metadata>
    <link href="connect.garmin.com">
      <text>Garmin Connect</text>
    </link>
    <time>2026-09-25T03:53:30.000Z</time>
  </metadata>
  <trk>
    <name>Pudong Running</name>
    <type>running</type>
    <trkseg>
      <trkpt lat="31.244231723248958587646484375" lon="121.50935743935406208038330078125">
        <ele>11.6000003814697265625</ele>
        <time>2026-09-25T03:53:30.000Z</time>
        <extensions>
          <ns3:TrackPointExtension>
            <ns3:hr>119</ns3:hr>
            <ns3:cad>0</ns3:cad>
          </ns3:TrackPointExtension>
        </extensions>
      </trkpt>
      <trkpt lat="31.24420297332108020782470703125" lon="121.5093400888144969940185546875">
        <ele>11.19999980926513671875</ele>
        <time>2026-09-25T03:53:31.000Z</time>
        <extensions>
          <ns3:TrackPointExtension>
            <ns3:hr>119</ns3:hr>
            <ns3:cad>0</ns3:cad>
          </ns3:TrackPointExtension>
        </extensions>
      </trkpt>
      <trkpt lat="31.24420867301523685455322265625" lon="121.509354673326015472412109375">
        <ele>11</ele>
        <time>2026-09-25T03:53:32.000Z</time>
        <extensions>
          <ns3:TrackPointExtension>
            <ns3:hr>119</ns3:hr>
            <ns3:cad>72</ns3:cad>
          </ns3:TrackPointExtension>
        </extensions>
      </trkpt>
      <trkpt lat="31.24421336688101291656494140625" lon="121.5093783102929592132568359375">
        <ele>10.80000019073486328125</ele>
        <time>2026-09-25T03:53:33.000Z</time>
        <extensions>
          <ns3:TrackPointExtension>
            <ns3:hr>119</ns3:hr>
            <ns3:cad>79</ns3:cad>
          </ns3:TrackPointExtension>
        </extensions>
      </trkpt>
      <trkpt lat="31.24421437270939350128173828125" lon="121.509403623640537261962890625">
        <ele>10.6000003814697265625</ele>
        <time>2026-09-25T03:53:34.000Z</time>
        <extensions>
          <ns3:TrackPointExtension>
            <ns3:hr>120</ns3:hr>
            <ns3:cad>79</ns3:cad>
          </ns3:TrackPointExtension>
        </extensions>
      </trkpt>
      <trkpt lat="31.244216971099376678466796875" lon="121.5094329603016376495361328125">
        <ele>10.3999996185302734375</ele>
        <time>2026-09-25T03:53:35.000Z</time>
        <extensions>
          <ns3:TrackPointExtension>
            <ns3:hr>120</ns3:hr>
            <ns3:cad>83</ns3:cad>
          </ns3:TrackPointExtension>
        </extensions>
      </trkpt>
      <trkpt lat="31.2442157976329326629638671875" lon="121.509460620582103729248046875">
        <ele>11</ele>
        <time>2026-09-25T03:53:36.000Z</time>
        <extensions>
          <ns3:TrackPointExtension>
            <ns3:hr>120</ns3:hr>
            <ns3:cad>86</ns3:cad>
          </ns3:TrackPointExtension>
        </extensions>
      </trkpt>
      <trkpt lat="31.2442141212522983551025390625" lon="121.50948484428226947784423828125">
        <ele>11.6000003814697265625</ele>
        <time>2026-09-25T03:53:37.000Z</time>
        <extensions>
          <ns3:TrackPointExtension>
            <ns3:hr>120</ns3:hr>
            <ns3:cad>87</ns3:cad>
          </ns3:TrackPointExtension>
        </extensions>
      </trkpt>
      <trkpt lat="31.24421571381390094757080078125" lon="121.50951434858143329620361328125">
        <ele>12.3999996185302734375</ele>
        <time>2026-09-25T03:53:38.000Z</time>
        <extensions>
          <ns3:TrackPointExtension>
            <ns3:hr>120</ns3:hr>
            <ns3:cad>87</ns3:cad>
          </ns3:TrackPointExtension>
        </extensions>
      </trkpt>
      <trkpt lat="31.2442198209464550018310546875" lon="121.50953899137675762176513671875">
        <ele>13.19999980926513671875</ele>
        <time>2026-09-25T03:53:39.000Z</time>
        <extensions>
          <ns3:TrackPointExtension>
            <ns3:hr>120</ns3:hr>
            <ns3:cad>87</ns3:cad>
          </ns3:TrackPointExtension>
        </extensions>
      </trkpt>
      <trkpt lat="31.2442168034613132476806640625" lon="121.50956665165722370147705078125">
        <ele>14</ele>
        <time>2026-09-25T03:53:40.000Z</time>
        <extensions>
          <ns3:TrackPointExtension>
            <ns3:hr>120</ns3:hr>
            <ns3:cad>87</ns3:cad>
          </ns3:TrackPointExtension>
        </extensions>
      </trkpt>
      <trkpt lat="31.24421906657516956329345703125" lon="121.5095871873199939727783203125">
        <ele>14</ele>
        <time>2026-09-25T03:53:41.000Z</time>
        <extensions>
          <ns3:TrackPointExtension>
            <ns3:hr>118</ns3:hr>
            <ns3:cad>87</ns3:cad>
          </ns3:TrackPointExtension>
        </extensions>
      </trkpt>
      <trkpt lat="31.244215629994869232177734375" lon="121.50961845181882381439208984375">
        <ele>14.3999996185302734375</ele>
        <time>2026-09-25T03:53:42.000Z</time>
        <extensions>
          <ns3:TrackPointExtension>
            <ns3:hr>116</ns3:hr>
            <ns3:cad>87</ns3:cad>
          </ns3:TrackPointExtension>
        </extensions>
      </trkpt>
      <trkpt lat="31.24421395361423492431640625" lon="121.50964141823351383209228515625">
        <ele>14.6000003814697265625</ele>
        <time>2026-09-25T03:53:43.000Z</time>
        <extensions>
          <ns3:TrackPointExtension>
            <ns3:hr>115</ns3:hr>
            <ns3:cad>87</ns3:cad>
          </ns3:TrackPointExtension>
        </extensions>
      </trkpt>
      <trkpt lat="31.24420900829136371612548828125" lon="121.5096693299710750579833984375">
        <ele>14.6000003814697265625</ele>
        <time>2026-09-25T03:53:44.000Z</time>
        <extensions>
          <ns3:TrackPointExtension>
            <ns3:hr>114</ns3:hr>
            <ns3:cad>87</ns3:cad>
          </ns3:TrackPointExtension>
        </extensions>
      </trkpt>
      <trkpt lat="31.24420833773910999298095703125" lon="121.509689278900623321533203125">
        <ele>14.6000003814697265625</ele>
        <time>2026-09-25T03:53:45.000Z</time>
        <extensions>
          <ns3:TrackPointExtension>
            <ns3:hr>114</ns3:hr>
            <ns3:cad>88</ns3:cad>
          </ns3:TrackPointExtension>
        </extensions>
      </trkpt>
      <trkpt lat="31.244206912815570831298828125" lon="121.50972037576138973236083984375">
        <ele>14.80000019073486328125</ele>
        <time>2026-09-25T03:53:46.000Z</time>
        <extensions>
          <ns3:TrackPointExtension>
            <ns3:hr>114</ns3:hr>
            <ns3:cad>88</ns3:cad>
          </ns3:TrackPointExtension>
        </extensions>
      </trkpt>
      <trkpt lat="31.24420322477817535400390625" lon="121.50974401272833347320556640625">
        <ele>14.80000019073486328125</ele>
        <time>2026-09-25T03:53:47.000Z</time>
        <extensions>
          <ns3:TrackPointExtension>
            <ns3:hr>113</ns3:hr>
            <ns3:cad>88</ns3:cad>
          </ns3:TrackPointExtension>
        </extensions>
      </trkpt>
      <trkpt lat="31.24419693835079669952392578125" lon="121.50977854616940021514892578125">
        <ele>15</ele>
        <time>2026-09-25T03:53:48.000Z</time>
        <extensions>
          <ns3:TrackPointExtension>
            <ns3:hr>112</ns3:hr>
            <ns3:cad>88</ns3:cad>
          </ns3:TrackPointExtension>
        </extensions>
      </trkpt>
      <trkpt lat="31.244185455143451690673828125" lon="121.5098069608211517333984375">
        <ele>15</ele>
        <time>2026-09-25T03:53:49.000Z</time>
        <extensions>
          <ns3:TrackPointExtension>
            <ns3:hr>112</ns3:hr>
            <ns3:cad>88</ns3:cad>
          </ns3:TrackPointExtension>
        </extensions>
      </trkpt>
      <trkpt lat="31.2441769056022167205810546875" lon="121.50984459556639194488525390625">
        <ele>15.19999980926513671875</ele>
        <time>2026-09-25T03:53:50.000Z</time>
        <extensions>
          <ns3:TrackPointExtension>
            <ns3:hr>114</ns3:hr>
            <ns3:cad>88</ns3:cad>
          </ns3:TrackPointExtension>
        </extensions>
      </trkpt>
      <trkpt lat="31.24416776932775974273681640625" lon="121.5098708309233188629150390625">
        <ele>15.19999980926513671875</ele>
        <time>2026-09-25T03:53:51.000Z</time>
        <extensions>
          <ns3:TrackPointExtension>
            <ns3:hr>115</ns3:hr>
            <ns3:cad>89</ns3:cad>
          </ns3:TrackPointExtension>
        </extensions>
      </trkpt>
      <trkpt lat="31.24415871687233448028564453125" lon="121.50989924557507038116455078125">
        <ele>15.19999980926513671875</ele>
        <time>2026-09-25T03:53:52.000Z</time>
        <extensions>
          <ns3:TrackPointExtension>
            <ns3:hr>117</ns3:hr>
            <ns3:cad>89</ns3:cad>
          </ns3:TrackPointExtension>
        </extensions>
      </trkpt>
      <trkpt lat="31.2441551126539707183837890625" lon="121.50992455892264842987060546875">
        <ele>15.3999996185302734375</ele>
        <time>2026-09-25T03:53:53.000Z</time>
        <extensions>
          <ns3:TrackPointExtension>
            <ns3:hr>118</ns3:hr>
            <ns3:cad>88</ns3:cad>
          </ns3:TrackPointExtension>
        </extensions>
      </trkpt>
      <trkpt lat="31.24414999969303607940673828125" lon="121.5099491178989410400390625">
        <ele>15.3999996185302734375</ele>
        <time>2026-09-25T03:53:54.000Z</time>
        <extensions>
          <ns3:TrackPointExtension>
            <ns3:hr>120</ns3:hr>
            <ns3:cad>88</ns3:cad>
          </ns3:TrackPointExtension>
        </extensions>
      </trkpt>
      <trkpt lat="31.24414362944662570953369140625" lon="121.50997753255069255828857421875">
        <ele>15.3999996185302734375</ele>
        <time>2026-09-25T03:53:55.000Z</time>
        <extensions>
          <ns3:TrackPointExtension>
            <ns3:hr>121</ns3:hr>
            <ns3:cad>87</ns3:cad>
          </ns3:TrackPointExtension>
        </extensions>
      </trkpt>
      <trkpt lat="31.2441408634185791015625" lon="121.510005779564380645751953125">
        <ele>15.3999996185302734375</ele>
        <time>2026-09-25T03:53:56.000Z</time>
        <extensions>
          <ns3:TrackPointExtension>
            <ns3:hr>121</ns3:hr>
            <ns3:cad>87</ns3:cad>
          </ns3:TrackPointExtension>
        </extensions>
      </trkpt>
      <trkpt lat="31.2441380135715007781982421875" lon="121.51003603823482990264892578125">
        <ele>15.3999996185302734375</ele>
        <time>2026-09-25T03:53:57.000Z</time>
        <extensions>
          <ns3:TrackPointExtension>
            <ns3:hr>122</ns3:hr>
            <ns3:cad>88</ns3:cad>
          </ns3:TrackPointExtension>
        </extensions>
      </trkpt>
      <trkpt lat="31.24413893558084964752197265625" lon="121.5100616030395030975341796875">
        <ele>15.3999996185302734375</ele>
        <time>2026-09-25T03:53:58.000Z</time>
        <extensions>
          <ns3:TrackPointExtension>
            <ns3:hr>123</ns3:hr>
            <ns3:cad>88</ns3:cad>
          </ns3:TrackPointExtension>
        </extensions>
      </trkpt>
      <trkpt lat="31.24412803910672664642333984375" lon="121.51008926331996917724609375">
        <ele>15.6000003814697265625</ele>
        <time>2026-09-25T03:53:59.000Z</time>
        <extensions>
          <ns3:TrackPointExtension>
            <ns3:hr>122</ns3:hr>
            <ns3:cad>88</ns3:cad>
          </ns3:TrackPointExtension>
        </extensions>
      </trkpt>
      <trkpt lat="31.2441286258399486541748046875" lon="121.510104350745677947998046875">
        <ele>15.6000003814697265625</ele>
        <time>2026-09-25T03:54:00.000Z</time>
        <extensions>
          <ns3:TrackPointExtension>
            <ns3:hr>122</ns3:hr>
            <ns3:cad>87</ns3:cad>
          </ns3:TrackPointExtension>
        </extensions>
      </trkpt>
      <trkpt lat="31.2441209144890308380126953125" lon="121.510127820074558258056640625">
        <ele>15.6000003814697265625</ele>
        <time>2026-09-25T03:54:01.000Z</time>
        <extensions>
          <ns3:TrackPointExtension>
            <ns3:hr>122</ns3:hr>
            <ns3:cad>87</ns3:cad>
          </ns3:TrackPointExtension>
        </extensions>
      </trkpt>
      <trkpt lat="31.24412049539387226104736328125" lon="121.510146595537662506103515625">
        <ele>15.6000003814697265625</ele>
        <time>2026-09-25T03:54:02.000Z</time>
        <extensions>
          <ns3:TrackPointExtension>
            <ns3:hr>123</ns3:hr>
            <ns3:cad>88</ns3:cad>
          </ns3:TrackPointExtension>
        </extensions>
      </trkpt>
      <trkpt lat="31.24411563389003276824951171875" lon="121.51017668657004833221435546875">
        <ele>15.6000003814697265625</ele>
        <time>2026-09-25T03:54:03.000Z</time>
        <extensions>
          <ns3:TrackPointExtension>
            <ns3:hr>124</ns3:hr>
            <ns3:cad>89</ns3:cad>
          </ns3:TrackPointExtension>
        </extensions>
      </trkpt>
      <trkpt lat="31.2441145442426204681396484375" lon="121.51019990444183349609375">
        <ele>15.6000003814697265625</ele>
        <time>2026-09-25T03:54:04.000Z</time>
        <extensions>
          <ns3:TrackPointExtension>
            <ns3:hr>125</ns3:hr>
            <ns3:cad>89</ns3:cad>
          </ns3:TrackPointExtension>
        </extensions>
      </trkpt>
      <trkpt lat="31.24410373158752918243408203125" lon="121.5102299116551876068115234375">
        <ele>15.6000003814697265625</ele>
        <time>2026-09-25T03:54:05.000Z</time>
        <extensions>
          <ns3:TrackPointExtension>
            <ns3:hr>125</ns3:hr>
            <ns3:cad>89</ns3:cad>
          </ns3:TrackPointExtension>
        </extensions>
      </trkpt>
      <trkpt lat="31.244092918932437896728515625" lon="121.51025279425084590911865234375">
        <ele>15.6000003814697265625</ele>
        <time>2026-09-25T03:54:06.000Z</time>
        <extensions>
          <ns3:TrackPointExtension>
            <ns3:hr>126</ns3:hr>
            <ns3:cad>88</ns3:cad>
          </ns3:TrackPointExtension>
        </extensions>
      </trkpt>
      <trkpt lat="31.24408411793410778045654296875" lon="121.5102828852832317352294921875">
        <ele>15.80000019073486328125</ele>
        <time>2026-09-25T03:54:07.000Z</time>
        <extensions>
          <ns3:TrackPointExtension>
            <ns3:hr>128</ns3:hr>
            <ns3:cad>87</ns3:cad>
          </ns3:TrackPointExtension>
        </extensions>
      </trkpt>
      <trkpt lat="31.24408009462058544158935546875" lon="121.51030794717371463775634765625">
        <ele>15.80000019073486328125</ele>
        <time>2026-09-25T03:54:08.000Z</time>
        <extensions>
          <ns3:TrackPointExtension>
            <ns3:hr>131</ns3:hr>
            <ns3:cad>87</ns3:cad>
          </ns3:TrackPointExtension>
        </extensions>
      </trkpt>
      <trkpt lat="31.24407540075480937957763671875" lon="121.51033443398773670196533203125">
        <ele>16</ele>
        <time>2026-09-25T03:54:09.000Z</time>
        <extensions>
          <ns3:TrackPointExtension>
            <ns3:hr>133</ns3:hr>
            <ns3:cad>89</ns3:cad>
          </ns3:TrackPointExtension>
        </extensions>
      </trkpt>
      <trkpt lat="31.2440689466893672943115234375" lon="121.51036083698272705078125">
        <ele>16</ele>
        <time>2026-09-25T03:54:10.000Z</time>
        <extensions>
          <ns3:TrackPointExtension>
            <ns3:hr>135</ns3:hr>
            <ns3:cad>89</ns3:cad>
          </ns3:TrackPointExtension>
        </extensions>
      </trkpt>
      <trkpt lat="31.24406618066132068634033203125" lon="121.510391347110271453857421875">
        <ele>16</ele>
        <time>2026-09-25T03:54:11.000Z</time>
        <extensions>
          <ns3:TrackPointExtension>
            <ns3:hr>136</ns3:hr>
            <ns3:cad>89</ns3:cad>
          </ns3:TrackPointExtension>
        </extensions>
      </trkpt>
      <trkpt lat="31.24406374990940093994140625" lon="121.51041372679173946380615234375">
        <ele>16</ele>
        <time>2026-09-25T03:54:12.000Z</time>
        <extensions>
          <ns3:TrackPointExtension>
            <ns3:hr>137</ns3:hr>
            <ns3:cad>88</ns3:cad>
          </ns3:TrackPointExtension>
        </extensions>
      </trkpt>
      <trkpt lat="31.244058720767498016357421875" lon="121.51043887250125408172607421875">
        <ele>16</ele>
        <time>2026-09-25T03:54:13.000Z</time>
        <extensions>
          <ns3:TrackPointExtension>
            <ns3:hr>137</ns3:hr>
            <ns3:cad>88</ns3:cad>
          </ns3:TrackPointExtension>
        </extensions>
      </trkpt>
      <trkpt lat="31.24405545182526111602783203125" lon="121.5104656107723712921142578125">
        <ele>15.80000019073486328125</ele>
        <time>2026-09-25T03:54:14.000Z</time>
        <extensions>
          <ns3:TrackPointExtension>
            <ns3:hr>137</ns3:hr>
            <ns3:cad>88</ns3:cad>
          </ns3:TrackPointExtension>
        </extensions>
      </trkpt>
      <trkpt lat="31.24405276961624622344970703125" lon="121.51049268431961536407470703125">
        <ele>15.80000019073486328125</ele>
        <time>2026-09-25T03:54:15.000Z</time>
        <extensions>
          <ns3:TrackPointExtension>
            <ns3:hr>138</ns3:hr>
            <ns3:cad>89</ns3:cad>
          </ns3:TrackPointExtension>
        </extensions>
      </trkpt>
      <trkpt lat="31.24404941685497760772705078125" lon="121.51052352972328662872314453125">
        <ele>15.80000019073486328125</ele>
        <time>2026-09-25T03:54:16.000Z</time>
        <extensions>
          <ns3:TrackPointExtension>
            <ns3:hr>138</ns3:hr>
            <ns3:cad>89</ns3:cad>
          </ns3:TrackPointExtension>
        </extensions>
      </trkpt>
      <trkpt lat="31.24404589645564556121826171875" lon="121.5105470828711986541748046875">
        <ele>16.200000762939453125</ele>
        <time>2026-09-25T03:54:17.000Z</time>
        <extensions>
          <ns3:TrackPointExtension>
            <ns3:hr>139</ns3:hr>
            <ns3:cad>89</ns3:cad>
          </ns3:TrackPointExtension>
        </extensions>
      </trkpt>
      <trkpt lat="31.24404204078018665313720703125" lon="121.5105769224464893341064453125">
        <ele>16.200000762939453125</ele>
        <time>2026-09-25T03:54:18.000Z</time>
        <extensions>
          <ns3:TrackPointExtension>
            <ns3:hr>140</ns3:hr>
            <ns3:cad>88</ns3:cad>
          </ns3:TrackPointExtension>
        </extensions>
      </trkpt>
      <trkpt lat="31.2440427951514720916748046875" lon="121.5106003917753696441650390625">
        <ele>16.200000762939453125</ele>
        <time>2026-09-25T03:54:19.000Z</time>
        <extensions>
          <ns3:TrackPointExtension>
            <ns3:hr>140</ns3:hr>
            <ns3:cad>88</ns3:cad>
          </ns3:TrackPointExtension>
        </extensions>
      </trkpt>
      <trkpt lat="31.2440394423902034759521484375" lon="121.5106298960745334625244140625">
        <ele>16.200000762939453125</ele>
        <time>2026-09-25T03:54:20.000Z</time>
        <extensions>
          <ns3:TrackPointExtension>
            <ns3:hr>141</ns3:hr>
            <ns3:cad>88</ns3:cad>
          </ns3:TrackPointExtension>
        </extensions>
      </trkpt>
      <trkpt lat="31.24404086731374263763427734375" lon="121.51065445505082607269287109375">
        <ele>16.200000762939453125</ele>
        <time>2026-09-25T03:54:21.000Z</time>
        <extensions>
          <ns3:TrackPointExtension>
            <ns3:hr>141</ns3:hr>
            <ns3:cad>89</ns3:cad>
          </ns3:TrackPointExtension>
        </extensions>
      </trkpt>
      <trkpt lat="31.2440357543528079986572265625" lon="121.51068513281643390655517578125">
        <ele>16.200000762939453125</ele>
        <time>2026-09-25T03:54:22.000Z</time>
        <extensions>
          <ns3:TrackPointExtension>
            <ns3:hr>142</ns3:hr>
            <ns3:cad>89</ns3:cad>
          </ns3:TrackPointExtension>
        </extensions>
      </trkpt>
      <trkpt lat="31.24403600580990314483642578125" lon="121.5107174031436443328857421875">
        <ele>16.3999996185302734375</ele>
        <time>2026-09-25T03:54:23.000Z</time>
        <extensions>
          <ns3:TrackPointExtension>
            <ns3:hr>142</ns3:hr>
            <ns3:cad>88</ns3:cad>
          </ns3:TrackPointExtension>
        </extensions>
      </trkpt>
      <trkpt lat="31.24403198249638080596923828125" lon="121.5107536129653453826904296875">
        <ele>16.3999996185302734375</ele>
        <time>2026-09-25T03:54:24.000Z</time>
        <extensions>
          <ns3:TrackPointExtension>
            <ns3:hr>142</ns3:hr>
            <ns3:cad>88</ns3:cad>
          </ns3:TrackPointExtension>
        </extensions>
      </trkpt>
      <trkpt lat="31.24403516761958599090576171875" lon="121.51077783666551113128662109375">
        <ele>16.3999996185302734375</ele>
        <time>2026-09-25T03:54:25.000Z</time>
        <extensions>
          <ns3:TrackPointExtension>
            <ns3:hr>143</ns3:hr>
            <ns3:cad>88</ns3:cad>
          </ns3:TrackPointExtension>
        </extensions>
      </trkpt>
      <trkpt lat="31.24402980320155620574951171875" lon="121.51081748306751251220703125">
        <ele>16.3999996185302734375</ele>
        <time>2026-09-25T03:54:26.000Z</time>
        <extensions>
          <ns3:TrackPointExtension>
            <ns3:hr>143</ns3:hr>
            <ns3:cad>88</ns3:cad>
          </ns3:TrackPointExtension>
        </extensions>
      </trkpt>
      <trkpt lat="31.2440273724496364593505859375" lon="121.5108444727957248687744140625">
        <ele>16.3999996185302734375</ele>
        <time>2026-09-25T03:54:27.000Z</time>
        <extensions>
          <ns3:TrackPointExtension>
            <ns3:hr>143</ns3:hr>
            <ns3:cad>89</ns3:cad>
          </ns3:TrackPointExtension>
        </extensions>
      </trkpt>
      <trkpt lat="31.244017817080020904541015625" lon="121.510876826941967010498046875">
        <ele>16.3999996185302734375</ele>
        <time>2026-09-25T03:54:28.000Z</time>
        <extensions>
          <ns3:TrackPointExtension>
            <ns3:hr>143</ns3:hr>
            <ns3:cad>89</ns3:cad>
          </ns3:TrackPointExtension>
        </extensions>
      </trkpt>
      <trkpt lat="31.2440142966806888580322265625" lon="121.5108994580805301666259765625">
        <ele>16.3999996185302734375</ele>
        <time>2026-09-25T03:54:29.000Z</time>
        <extensions>
          <ns3:TrackPointExtension>
            <ns3:hr>143</ns3:hr>
            <ns3:cad>88</ns3:cad>
          </ns3:TrackPointExtension>
        </extensions>
      </trkpt>
      <trkpt lat="31.244003064930438995361328125" lon="121.51093239895999431610107421875">
        <ele>16.3999996185302734375</ele>
        <time>2026-09-25T03:54:30.000Z</time>
        <extensions>
          <ns3:TrackPointExtension>
            <ns3:hr>142</ns3:hr>
            <ns3:cad>88</ns3:cad>
          </ns3:TrackPointExtension>
        </extensions>
      </trkpt>
      <trkpt lat="31.243999041616916656494140625" lon="121.5109564550220966339111328125">
        <ele>16.3999996185302734375</ele>
        <time>2026-09-25T03:54:31.000Z</time>
        <extensions>
          <ns3:TrackPointExtension>
            <ns3:hr>143</ns3:hr>
            <ns3:cad>88</ns3:cad>
          </ns3:TrackPointExtension>
        </extensions>
      </trkpt>
      <trkpt lat="31.24399325810372829437255859375" lon="121.5109846182167530059814453125">
        <ele>16.3999996185302734375</ele>
        <time>2026-09-25T03:54:32.000Z</time>
        <extensions>
          <ns3:TrackPointExtension>
            <ns3:hr>143</ns3:hr>
            <ns3:cad>88</ns3:cad>
          </ns3:TrackPointExtension>
        </extensions>
      </trkpt>
      <trkpt lat="31.24398722313344478607177734375" lon="121.5110064111649990081787109375">
        <ele>16.3999996185302734375</ele>
        <time>2026-09-25T03:54:33.000Z</time>
        <extensions>
          <ns3:TrackPointExtension>
            <ns3:hr>143</ns3:hr>
            <ns3:cad>89</ns3:cad>
          </ns3:TrackPointExtension>
        </extensions>
      </trkpt>
      <trkpt lat="31.243978925049304962158203125" lon="121.51103884913027286529541015625">
        <ele>16.3999996185302734375</ele>
        <time>2026-09-25T03:54:34.000Z</time>
        <extensions>
          <ns3:TrackPointExtension>
            <ns3:hr>143</ns3:hr>
            <ns3:cad>89</ns3:cad>
          </ns3:TrackPointExtension>
        </extensions>
      </trkpt>
      <trkpt lat="31.24397817067801952362060546875" lon="121.51106433011591434478759765625">
        <ele>16.200000762939453125</ele>
        <time>2026-09-25T03:54:35.000Z</time>
        <extensions>
          <ns3:TrackPointExtension>
            <ns3:hr>143</ns3:hr>
            <ns3:cad>89</ns3:cad>
          </ns3:TrackPointExtension>
        </extensions>
      </trkpt>
      <trkpt lat="31.24397481791675090789794921875" lon="121.51109349913895130157470703125">
        <ele>16</ele>
        <time>2026-09-25T03:54:36.000Z</time>
        <extensions>
          <ns3:TrackPointExtension>
            <ns3:hr>144</ns3:hr>
            <ns3:cad>88</ns3:cad>
          </ns3:TrackPointExtension>
        </extensions>
      </trkpt>
      <trkpt lat="31.2439697049558162689208984375" lon="121.5111170522868633270263671875">
        <ele>15.80000019073486328125</ele>
        <time>2026-09-25T03:54:37.000Z</time>
        <extensions>
          <ns3:TrackPointExtension>
            <ns3:hr>144</ns3:hr>
            <ns3:cad>87</ns3:cad>
          </ns3:TrackPointExtension>
        </extensions>
      </trkpt>
      <trkpt lat="31.24396492727100849151611328125" lon="121.5111452154815196990966796875">
        <ele>15.80000019073486328125</ele>
        <time>2026-09-25T03:54:38.000Z</time>
        <extensions>
          <ns3:TrackPointExtension>
            <ns3:hr>144</ns3:hr>
            <ns3:cad>87</ns3:cad>
          </ns3:TrackPointExtension>
        </extensions>
      </trkpt>
      <trkpt lat="31.24396526254713535308837890625" lon="121.511170528829097747802734375">
        <ele>15.6000003814697265625</ele>
        <time>2026-09-25T03:54:39.000Z</time>
        <extensions>
          <ns3:TrackPointExtension>
            <ns3:hr>144</ns3:hr>
            <ns3:cad>88</ns3:cad>
          </ns3:TrackPointExtension>
        </extensions>
      </trkpt>
      <trkpt lat="31.2439609877765178680419921875" lon="121.51119299232959747314453125">
        <ele>15.3999996185302734375</ele>
        <time>2026-09-25T03:54:40.000Z</time>
        <extensions>
          <ns3:TrackPointExtension>
            <ns3:hr>144</ns3:hr>
            <ns3:cad>89</ns3:cad>
          </ns3:TrackPointExtension>
        </extensions>
      </trkpt>
      <trkpt lat="31.24395671300590038299560546875" lon="121.51122249662876129150390625">
        <ele>15.3999996185302734375</ele>
        <time>2026-09-25T03:54:41.000Z</time>
        <extensions>
          <ns3:TrackPointExtension>
            <ns3:hr>144</ns3:hr>
            <ns3:cad>89</ns3:cad>
          </ns3:TrackPointExtension>
        </extensions>
      </trkpt>
      <trkpt lat="31.24396048486232757568359375" lon="121.51125133037567138671875">
        <ele>15.3999996185302734375</ele>
        <time>2026-09-25T03:54:42.000Z</time>
        <extensions>
          <ns3:TrackPointExtension>
            <ns3:hr>144</ns3:hr>
            <ns3:cad>88</ns3:cad>
          </ns3:TrackPointExtension>
        </extensions>
      </trkpt>
      <trkpt lat="31.24395822174847126007080078125" lon="121.51128058321774005889892578125">
        <ele>15.3999996185302734375</ele>
        <time>2026-09-25T03:54:43.000Z</time>
        <extensions>
          <ns3:TrackPointExtension>
            <ns3:hr>144</ns3:hr>
            <ns3:cad>87</ns3:cad>
          </ns3:TrackPointExtension>
        </extensions>
      </trkpt>
      <trkpt lat="31.2439556233584880828857421875" lon="121.51130472309887409210205078125">
        <ele>15.6000003814697265625</ele>
        <time>2026-09-25T03:54:44.000Z</time>
        <extensions>
          <ns3:TrackPointExtension>
            <ns3:hr>144</ns3:hr>
            <ns3:cad>87</ns3:cad>
          </ns3:TrackPointExtension>
        </extensions>
      </trkpt>
      <trkpt lat="31.24395084567368030548095703125" lon="121.51133774779736995697021484375">
        <ele>15.6000003814697265625</ele>
        <time>2026-09-25T03:54:45.000Z</time>
        <extensions>
          <ns3:TrackPointExtension>
            <ns3:hr>144</ns3:hr>
            <ns3:cad>87</ns3:cad>
          </ns3:TrackPointExtension>
        </extensions>
      </trkpt>
      <trkpt lat="31.24395336024463176727294921875" lon="121.51136239059269428253173828125">
        <ele>15.3999996185302734375</ele>
        <time>2026-09-25T03:54:46.000Z</time>
        <extensions>
          <ns3:TrackPointExtension>
            <ns3:hr>144</ns3:hr>
            <ns3:cad>89</ns3:cad>
          </ns3:TrackPointExtension>
        </extensions>
      </trkpt>
      <trkpt lat="31.24394983984529972076416015625" lon="121.51139742694795131683349609375">
        <ele>15.3999996185302734375</ele>
        <time>2026-09-25T03:54:47.000Z</time>
        <extensions>
          <ns3:TrackPointExtension>
            <ns3:hr>145</ns3:hr>
            <ns3:cad>89</ns3:cad>
          </ns3:TrackPointExtension>
        </extensions>
      </trkpt>
      <trkpt lat="31.24394866637885570526123046875" lon="121.51142098009586334228515625">
        <ele>15.19999980926513671875</ele>
        <time>2026-09-25T03:54:48.000Z</time>
        <extensions>
          <ns3:TrackPointExtension>
            <ns3:hr>145</ns3:hr>
            <ns3:cad>89</ns3:cad>
          </ns3:TrackPointExtension>
        </extensions>
      </trkpt>
      <trkpt lat="31.243941374123096466064453125" lon="121.51145626790821552276611328125">
        <ele>15.19999980926513671875</ele>
        <time>2026-09-25T03:54:49.000Z</time>
        <extensions>
          <ns3:TrackPointExtension>
            <ns3:hr>145</ns3:hr>
            <ns3:cad>88</ns3:cad>
          </ns3:TrackPointExtension>
        </extensions>
      </trkpt>
      <trkpt lat="31.24394045211374759674072265625" lon="121.51148426346480846405029296875">
        <ele>15.19999980926513671875</ele>
        <time>2026-09-25T03:54:50.000Z</time>
        <extensions>
          <ns3:TrackPointExtension>
            <ns3:hr>145</ns3:hr>
            <ns3:cad>88</ns3:cad>
          </ns3:TrackPointExtension>
        </extensions>
      </trkpt>
      <trkpt lat="31.24393575824797153472900390625" lon="121.51151795871555805206298828125">
        <ele>15.19999980926513671875</ele>
        <time>2026-09-25T03:54:51.000Z</time>
        <extensions>
          <ns3:TrackPointExtension>
            <ns3:hr>145</ns3:hr>
            <ns3:cad>89</ns3:cad>
          </ns3:TrackPointExtension>
        </extensions>
      </trkpt>
      <trkpt lat="31.243934333324432373046875" lon="121.5115411765873432159423828125">
        <ele>15.19999980926513671875</ele>
        <time>2026-09-25T03:54:52.000Z</time>
        <extensions>
          <ns3:TrackPointExtension>
            <ns3:hr>145</ns3:hr>
            <ns3:cad>89</ns3:cad>
          </ns3:TrackPointExtension>
        </extensions>
      </trkpt>
      <trkpt lat="31.24392955563962459564208984375" lon="121.51156573556363582611083984375">
        <ele>15.19999980926513671875</ele>
        <time>2026-09-25T03:54:53.000Z</time>
        <extensions>
          <ns3:TrackPointExtension>
            <ns3:hr>146</ns3:hr>
            <ns3:cad>89</ns3:cad>
          </ns3:TrackPointExtension>
        </extensions>
      </trkpt>
      <trkpt lat="31.24392704106867313385009765625" lon="121.51158853434026241302490234375">
        <ele>15.19999980926513671875</ele>
        <time>2026-09-25T03:54:54.000Z</time>
        <extensions>
          <ns3:TrackPointExtension>
            <ns3:hr>146</ns3:hr>
            <ns3:cad>88</ns3:cad>
          </ns3:TrackPointExtension>
        </extensions>
      </trkpt>
      <trkpt lat="31.24392352066934108734130859375" lon="121.51161083020269870758056640625">
        <ele>15</ele>
        <time>2026-09-25T03:54:55.000Z</time>
        <extensions>
          <ns3:TrackPointExtension>
            <ns3:hr>146</ns3:hr>
            <ns3:cad>88</ns3:cad>
          </ns3:TrackPointExtension>
        </extensions>
      </trkpt>
      <trkpt lat="31.243919245898723602294921875" lon="121.51163781993091106414794921875">
        <ele>14.6000003814697265625</ele>
        <time>2026-09-25T03:54:56.000Z</time>
        <extensions>
          <ns3:TrackPointExtension>
            <ns3:hr>146</ns3:hr>
            <ns3:cad>87</ns3:cad>
          </ns3:TrackPointExtension>
        </extensions>
      </trkpt>
      <trkpt lat="31.24391363002359867095947265625" lon="121.51166715659201145172119140625">
        <ele>14.3999996185302734375</ele>
        <time>2026-09-25T03:54:57.000Z</time>
        <extensions>
          <ns3:TrackPointExtension>
            <ns3:hr>147</ns3:hr>
            <ns3:cad>87</ns3:cad>
          </ns3:TrackPointExtension>
        </extensions>
      </trkpt>
      <trkpt lat="31.24390943907201290130615234375" lon="121.51169381104409694671630859375">
        <ele>13.6000003814697265625</ele>
        <time>2026-09-25T03:54:58.000Z</time>
        <extensions>
          <ns3:TrackPointExtension>
            <ns3:hr>147</ns3:hr>
            <ns3:cad>89</ns3:cad>
          </ns3:TrackPointExtension>
        </extensions>
      </trkpt>
      <trkpt lat="31.24390625394880771636962890625" lon="121.511720381677150726318359375">
        <ele>12.3999996185302734375</ele>
        <time>2026-09-25T03:54:59.000Z</time>
        <extensions>
          <ns3:TrackPointExtension>
            <ns3:hr>147</ns3:hr>
            <ns3:cad>89</ns3:cad>
          </ns3:TrackPointExtension>
        </extensions>
      </trkpt>
      <trkpt lat="31.24389954842627048492431640625" lon="121.5117497183382511138916015625">
        <ele>12.3999996185302734375</ele>
        <time>2026-09-25T03:55:00.000Z</time>
        <extensions>
          <ns3:TrackPointExtension>
            <ns3:hr>147</ns3:hr>
            <ns3:cad>88</ns3:cad>
          </ns3:TrackPointExtension>
        </extensions>
      </trkpt>
      <trkpt lat="31.24389208853244781494140625" lon="121.5117788873612880706787109375">
        <ele>12.3999996185302734375</ele>
        <time>2026-09-25T03:55:01.000Z</time>
        <extensions>
          <ns3:TrackPointExtension>
            <ns3:hr>147</ns3:hr>
            <ns3:cad>87</ns3:cad>
          </ns3:TrackPointExtension>
        </extensions>
      </trkpt>
      <trkpt lat="31.24389099888503551483154296875" lon="121.51180713437497615814208984375">
        <ele>12.3999996185302734375</ele>
        <time>2026-09-25T03:55:02.000Z</time>
        <extensions>
          <ns3:TrackPointExtension>
            <ns3:hr>147</ns3:hr>
            <ns3:cad>87</ns3:cad>
          </ns3:TrackPointExtension>
        </extensions>
      </trkpt>
      <trkpt lat="31.2438909150660037994384765625" lon="121.51183529756963253021240234375">
        <ele>12.3999996185302734375</ele>
        <time>2026-09-25T03:55:03.000Z</time>
        <extensions>
          <ns3:TrackPointExtension>
            <ns3:hr>147</ns3:hr>
            <ns3:cad>88</ns3:cad>
          </ns3:TrackPointExtension>
        </extensions>
      </trkpt>
      <trkpt lat="31.24388529919087886810302734375" lon="121.5118657238781452178955078125">
        <ele>12.6000003814697265625</ele>
        <time>2026-09-25T03:55:04.000Z</time>
        <extensions>
          <ns3:TrackPointExtension>
            <ns3:hr>147</ns3:hr>
            <ns3:cad>89</ns3:cad>
          </ns3:TrackPointExtension>
        </extensions>
      </trkpt>
      <trkpt lat="31.24388462863862514495849609375" lon="121.51188827119767665863037109375">
        <ele>12.6000003814697265625</ele>
        <time>2026-09-25T03:55:05.000Z</time>
        <extensions>
          <ns3:TrackPointExtension>
            <ns3:hr>146</ns3:hr>
            <ns3:cad>89</ns3:cad>
          </ns3:TrackPointExtension>
        </extensions>
      </trkpt>
      <trkpt lat="31.24387859366834163665771484375" lon="121.51191852986812591552734375">
        <ele>12.6000003814697265625</ele>
        <time>2026-09-25T03:55:06.000Z</time>
        <extensions>
          <ns3:TrackPointExtension>
            <ns3:hr>147</ns3:hr>
            <ns3:cad>88</ns3:cad>
          </ns3:TrackPointExtension>
        </extensions>
      </trkpt>
      <trkpt lat="31.24387792311608791351318359375" lon="121.51194426231086254119873046875">
        <ele>12.80000019073486328125</ele>
        <time>2026-09-25T03:55:07.000Z</time>
        <extensions>
          <ns3:TrackPointExtension>
            <ns3:hr>147</ns3:hr>
            <ns3:cad>87</ns3:cad>
          </ns3:TrackPointExtension>
        </extensions>
      </trkpt>
      <trkpt lat="31.2438704632222652435302734375" lon="121.51198047213256359100341796875">
        <ele>12.6000003814697265625</ele>
        <time>2026-09-25T03:55:08.000Z</time>
        <extensions>
          <ns3:TrackPointExtension>
            <ns3:hr>147</ns3:hr>
            <ns3:cad>87</ns3:cad>
          </ns3:TrackPointExtension>
        </extensions>
      </trkpt>
      <trkpt lat="31.2438697926700115203857421875" lon="121.51200595311820507049560546875">
        <ele>12.6000003814697265625</ele>
        <time>2026-09-25T03:55:09.000Z</time>
        <extensions>
          <ns3:TrackPointExtension>
            <ns3:hr>147</ns3:hr>
            <ns3:cad>87</ns3:cad>
          </ns3:TrackPointExtension>
        </extensions>
      </trkpt>
      <trkpt lat="31.2438630871474742889404296875" lon="121.51203948073089122772216796875">
        <ele>12.6000003814697265625</ele>
        <time>2026-09-25T03:55:10.000Z</time>
        <extensions>
          <ns3:TrackPointExtension>
            <ns3:hr>146</ns3:hr>
            <ns3:cad>89</ns3:cad>
          </ns3:TrackPointExtension>
        </extensions>
      </trkpt>
      <trkpt lat="31.24386258423328399658203125" lon="121.51206043548882007598876953125">
        <ele>12.6000003814697265625</ele>
        <time>2026-09-25T03:55:11.000Z</time>
        <extensions>
          <ns3:TrackPointExtension>
            <ns3:hr>147</ns3:hr>
            <ns3:cad>89</ns3:cad>
          </ns3:TrackPointExtension>
        </extensions>
      </trkpt>
      <trkpt lat="31.243858225643634796142578125" lon="121.51209019124507904052734375">
        <ele>12.6000003814697265625</ele>
        <time>2026-09-25T03:55:12.000Z</time>
        <extensions>
          <ns3:TrackPointExtension>
            <ns3:hr>147</ns3:hr>
            <ns3:cad>88</ns3:cad>
          </ns3:TrackPointExtension>
        </extensions>
      </trkpt>
      <trkpt lat="31.243857555091381072998046875" lon="121.51211441494524478912353515625">
        <ele>12.6000003814697265625</ele>
        <time>2026-09-25T03:55:13.000Z</time>
        <extensions>
          <ns3:TrackPointExtension>
            <ns3:hr>147</ns3:hr>
            <ns3:cad>88</ns3:cad>
          </ns3:TrackPointExtension>
        </extensions>
      </trkpt>
      <trkpt lat="31.243851184844970703125" lon="121.5121426619589328765869140625">
        <ele>12.6000003814697265625</ele>
        <time>2026-09-25T03:55:14.000Z</time>
        <extensions>
          <ns3:TrackPointExtension>
            <ns3:hr>147</ns3:hr>
            <ns3:cad>88</ns3:cad>
          </ns3:TrackPointExtension>
        </extensions>
      </trkpt>
      <trkpt lat="31.243854202330112457275390625" lon="121.51216537691652774810791015625">
        <ele>12.80000019073486328125</ele>
        <time>2026-09-25T03:55:15.000Z</time>
        <extensions>
          <ns3:TrackPointExtension>
            <ns3:hr>147</ns3:hr>
            <ns3:cad>88</ns3:cad>
          </ns3:TrackPointExtension>
        </extensions>
      </trkpt>
      <trkpt lat="31.243843138217926025390625" lon="121.51219856925308704376220703125">
        <ele>12.80000019073486328125</ele>
        <time>2026-09-25T03:55:16.000Z</time>
        <extensions>
          <ns3:TrackPointExtension>
            <ns3:hr>147</ns3:hr>
            <ns3:cad>89</ns3:cad>
          </ns3:TrackPointExtension>
        </extensions>
      </trkpt>
      <trkpt lat="31.24384514987468719482421875" lon="121.51222136802971363067626953125">
        <ele>12.6000003814697265625</ele>
        <time>2026-09-25T03:55:17.000Z</time>
        <extensions>
          <ns3:TrackPointExtension>
            <ns3:hr>147</ns3:hr>
            <ns3:cad>89</ns3:cad>
          </ns3:TrackPointExtension>
        </extensions>
      </trkpt>
      <trkpt lat="31.2438392825424671173095703125" lon="121.51224953122437000274658203125">
        <ele>12.6000003814697265625</ele>
        <time>2026-09-25T03:55:18.000Z</time>
        <extensions>
          <ns3:TrackPointExtension>
            <ns3:hr>146</ns3:hr>
            <ns3:cad>89</ns3:cad>
          </ns3:TrackPointExtension>
        </extensions>
      </trkpt>
      <trkpt lat="31.243836767971515655517578125" lon="121.51226595975458621978759765625">
        <ele>12.6000003814697265625</ele>
        <time>2026-09-25T03:55:19.000Z</time>
        <extensions>
          <ns3:TrackPointExtension>
            <ns3:hr>147</ns3:hr>
            <ns3:cad>89</ns3:cad>
          </ns3:TrackPointExtension>
        </extensions>
      </trkpt>
      <trkpt lat="31.2438302300870418548583984375" lon="121.512294374406337738037109375">
        <ele>12.6000003814697265625</ele>
        <time>2026-09-25T03:55:20.000Z</time>
        <extensions>
          <ns3:TrackPointExtension>
            <ns3:hr>147</ns3:hr>
            <ns3:cad>88</ns3:cad>
          </ns3:TrackPointExtension>
        </extensions>
      </trkpt>
      <trkpt lat="31.24382578767836093902587890625" lon="121.51231658644974231719970703125">
        <ele>12.6000003814697265625</ele>
        <time>2026-09-25T03:55:21.000Z</time>
        <extensions>
          <ns3:TrackPointExtension>
            <ns3:hr>147</ns3:hr>
            <ns3:cad>88</ns3:cad>
          </ns3:TrackPointExtension>
        </extensions>
      </trkpt>
      <trkpt lat="31.24382226727902889251708984375" lon="121.512342989444732666015625">
        <ele>12.80000019073486328125</ele>
        <time>2026-09-25T03:55:22.000Z</time>
        <extensions>
          <ns3:TrackPointExtension>
            <ns3:hr>147</ns3:hr>
            <ns3:cad>88</ns3:cad>
          </ns3:TrackPointExtension>
        </extensions>
      </trkpt>
      <trkpt lat="31.24381564557552337646484375" lon="121.51237123645842075347900390625">
        <ele>12.80000019073486328125</ele>
        <time>2026-09-25T03:55:23.000Z</time>
        <extensions>
          <ns3:TrackPointExtension>
            <ns3:hr>147</ns3:hr>
            <ns3:cad>89</ns3:cad>
          </ns3:TrackPointExtension>
        </extensions>
      </trkpt>
      <trkpt lat="31.24381371773779392242431640625" lon="121.5123991481959819793701171875">
        <ele>12.80000019073486328125</ele>
        <time>2026-09-25T03:55:24.000Z</time>
        <extensions>
          <ns3:TrackPointExtension>
            <ns3:hr>147</ns3:hr>
            <ns3:cad>89</ns3:cad>
          </ns3:TrackPointExtension>
        </extensions>
      </trkpt>
      <trkpt lat="31.243809275329113006591796875" lon="121.51243091560900211334228515625">
        <ele>13</ele>
        <time>2026-09-25T03:55:25.000Z</time>
        <extensions>
          <ns3:TrackPointExtension>
            <ns3:hr>147</ns3:hr>
            <ns3:cad>88</ns3:cad>
          </ns3:TrackPointExtension>
        </extensions>
      </trkpt>
      <trkpt lat="31.24380935914814472198486328125" lon="121.5124685503542423248291015625">
        <ele>12.80000019073486328125</ele>
        <time>2026-09-25T03:55:26.000Z</time>
        <extensions>
          <ns3:TrackPointExtension>
            <ns3:hr>147</ns3:hr>
            <ns3:cad>87</ns3:cad>
          </ns3:TrackPointExtension>
        </extensions>
      </trkpt>
      <trkpt lat="31.24380382709205150604248046875" lon="121.51250568218529224395751953125">
        <ele>12.80000019073486328125</ele>
        <time>2026-09-25T03:55:27.000Z</time>
        <extensions>
          <ns3:TrackPointExtension>
            <ns3:hr>148</ns3:hr>
            <ns3:cad>87</ns3:cad>
          </ns3:TrackPointExtension>
        </extensions>
      </trkpt>
      <trkpt lat="31.24380617402493953704833984375" lon="121.5125342644751071929931640625">
        <ele>12.80000019073486328125</ele>
        <time>2026-09-25T03:55:28.000Z</time>
        <extensions>
          <ns3:TrackPointExtension>
            <ns3:hr>148</ns3:hr>
            <ns3:cad>87</ns3:cad>
          </ns3:TrackPointExtension>
        </extensions>
      </trkpt>
      <trkpt lat="31.24380483292043209075927734375" lon="121.51256569661200046539306640625">
        <ele>12.80000019073486328125</ele>
        <time>2026-09-25T03:55:29.000Z</time>
        <extensions>
          <ns3:TrackPointExtension>
            <ns3:hr>148</ns3:hr>
            <ns3:cad>89</ns3:cad>
          </ns3:TrackPointExtension>
        </extensions>
      </trkpt>
      <trkpt lat="31.2438127957284450531005859375" lon="121.51258748956024646759033203125">
        <ele>12.6000003814697265625</ele>
        <time>2026-09-25T03:55:30.000Z</time>
        <extensions>
          <ns3:TrackPointExtension>
            <ns3:hr>148</ns3:hr>
            <ns3:cad>89</ns3:cad>
          </ns3:TrackPointExtension>
        </extensions>
      </trkpt>
      <trkpt lat="31.24381120316684246063232421875" lon="121.51262068189680576324462890625">
        <ele>12.6000003814697265625</ele>
        <time>2026-09-25T03:55:31.000Z</time>
        <extensions>
          <ns3:TrackPointExtension>
            <ns3:hr>148</ns3:hr>
            <ns3:cad>88</ns3:cad>
          </ns3:TrackPointExtension>
        </extensions>
      </trkpt>
      <trkpt lat="31.24381455592811107635498046875" lon="121.51264398358762264251708984375">
        <ele>12.3999996185302734375</ele>
        <time>2026-09-25T03:55:32.000Z</time>
        <extensions>
          <ns3:TrackPointExtension>
            <ns3:hr>149</ns3:hr>
            <ns3:cad>87</ns3:cad>
          </ns3:TrackPointExtension>
        </extensions>
      </trkpt>
      <trkpt lat="31.24381355009973049163818359375" lon="121.5126734040677547454833984375">
        <ele>12.3999996185302734375</ele>
        <time>2026-09-25T03:55:33.000Z</time>
        <extensions>
          <ns3:TrackPointExtension>
            <ns3:hr>149</ns3:hr>
            <ns3:cad>87</ns3:cad>
          </ns3:TrackPointExtension>
        </extensions>
      </trkpt>
      <trkpt lat="31.24380835331976413726806640625" lon="121.512700729072093963623046875">
        <ele>12.3999996185302734375</ele>
        <time>2026-09-25T03:55:34.000Z</time>
        <extensions>
          <ns3:TrackPointExtension>
            <ns3:hr>149</ns3:hr>
            <ns3:cad>87</ns3:cad>
          </ns3:TrackPointExtension>
        </extensions>
      </trkpt>
      <trkpt lat="31.243805587291717529296875" lon="121.5127297304570674896240234375">
        <ele>12.3999996185302734375</ele>
        <time>2026-09-25T03:55:35.000Z</time>
        <extensions>
          <ns3:TrackPointExtension>
            <ns3:hr>149</ns3:hr>
            <ns3:cad>88</ns3:cad>
          </ns3:TrackPointExtension>
        </extensions>
      </trkpt>
      <trkpt lat="31.2438042461872100830078125" lon="121.51275579817593097686767578125">
        <ele>12.3999996185302734375</ele>
        <time>2026-09-25T03:55:36.000Z</time>
        <extensions>
          <ns3:TrackPointExtension>
            <ns3:hr>149</ns3:hr>
            <ns3:cad>88</ns3:cad>
          </ns3:TrackPointExtension>
        </extensions>
      </trkpt>
      <trkpt lat="31.2438037432730197906494140625" lon="121.51278295554220676422119140625">
        <ele>12.3999996185302734375</ele>
        <time>2026-09-25T03:55:37.000Z</time>
        <extensions>
          <ns3:TrackPointExtension>
            <ns3:hr>149</ns3:hr>
            <ns3:cad>87</ns3:cad>
          </ns3:TrackPointExtension>
        </extensions>
      </trkpt>
      <trkpt lat="31.24379544518887996673583984375" lon="121.5128095261752605438232421875">
        <ele>12.19999980926513671875</ele>
        <time>2026-09-25T03:55:38.000Z</time>
        <extensions>
          <ns3:TrackPointExtension>
            <ns3:hr>149</ns3:hr>
            <ns3:cad>87</ns3:cad>
          </ns3:TrackPointExtension>
        </extensions>
      </trkpt>
      <trkpt lat="31.2437899969518184661865234375" lon="121.51282587088644504547119140625">
        <ele>12.19999980926513671875</ele>
        <time>2026-09-25T03:55:39.000Z</time>
        <extensions>
          <ns3:TrackPointExtension>
            <ns3:hr>150</ns3:hr>
            <ns3:cad>87</ns3:cad>
          </ns3:TrackPointExtension>
        </extensions>
      </trkpt>
      <trkpt lat="31.243783123791217803955078125" lon="121.5128514356911182403564453125">
        <ele>12.19999980926513671875</ele>
        <time>2026-09-25T03:55:40.000Z</time>
        <extensions>
          <ns3:TrackPointExtension>
            <ns3:hr>150</ns3:hr>
            <ns3:cad>87</ns3:cad>
          </ns3:TrackPointExtension>
        </extensions>
      </trkpt>
      <trkpt lat="31.24377985484898090362548828125" lon="121.51286979205906391143798828125">
        <ele>12</ele>
        <time>2026-09-25T03:55:41.000Z</time>
        <extensions>
          <ns3:TrackPointExtension>
            <ns3:hr>150</ns3:hr>
            <ns3:cad>86</ns3:cad>
          </ns3:TrackPointExtension>
        </extensions>
      </trkpt>
      <trkpt lat="31.24377541244029998779296875" lon="121.512896530330181121826171875">
        <ele>12</ele>
        <time>2026-09-25T03:55:42.000Z</time>
        <extensions>
          <ns3:TrackPointExtension>
            <ns3:hr>150</ns3:hr>
            <ns3:cad>84</ns3:cad>
          </ns3:TrackPointExtension>
        </extensions>
      </trkpt>
      <trkpt lat="31.24377273023128509521484375" lon="121.51291891001164913177490234375">
        <ele>12</ele>
        <time>2026-09-25T03:55:43.000Z</time>
        <extensions>
          <ns3:TrackPointExtension>
            <ns3:hr>149</ns3:hr>
            <ns3:cad>84</ns3:cad>
          </ns3:TrackPointExtension>
        </extensions>
      </trkpt>
      <trkpt lat="31.24377071857452392578125" lon="121.51294321753084659576416015625">
        <ele>12</ele>
        <time>2026-09-25T03:55:44.000Z</time>
        <extensions>
          <ns3:TrackPointExtension>
            <ns3:hr>149</ns3:hr>
            <ns3:cad>84</ns3:cad>
          </ns3:TrackPointExtension>
        </extensions>
      </trkpt>
      <trkpt lat="31.2437755800783634185791015625" lon="121.51296752505004405975341796875">
        <ele>11.80000019073486328125</ele>
        <time>2026-09-25T03:55:45.000Z</time>
        <extensions>
          <ns3:TrackPointExtension>
            <ns3:hr>149</ns3:hr>
            <ns3:cad>86</ns3:cad>
          </ns3:TrackPointExtension>
        </extensions>
      </trkpt>
      <trkpt lat="31.2437802739441394805908203125" lon="121.512990407645702362060546875">
        <ele>11.80000019073486328125</ele>
        <time>2026-09-25T03:55:46.000Z</time>
        <extensions>
          <ns3:TrackPointExtension>
            <ns3:hr>149</ns3:hr>
            <ns3:cad>87</ns3:cad>
          </ns3:TrackPointExtension>
        </extensions>
      </trkpt>
      <trkpt lat="31.24378840439021587371826171875" lon="121.51301882229745388031005859375">
        <ele>11.80000019073486328125</ele>
        <time>2026-09-25T03:55:47.000Z</time>
        <extensions>
          <ns3:TrackPointExtension>
            <ns3:hr>149</ns3:hr>
            <ns3:cad>88</ns3:cad>
          </ns3:TrackPointExtension>
        </extensions>
      </trkpt>
      <trkpt lat="31.24379326589405536651611328125" lon="121.5130448900163173675537109375">
        <ele>12</ele>
        <time>2026-09-25T03:55:48.000Z</time>
        <extensions>
          <ns3:TrackPointExtension>
            <ns3:hr>150</ns3:hr>
            <ns3:cad>88</ns3:cad>
          </ns3:TrackPointExtension>
        </extensions>
      </trkpt>
      <trkpt lat="31.24379687011241912841796875" lon="121.51307330466806888580322265625">
        <ele>12.19999980926513671875</ele>
        <time>2026-09-25T03:55:49.000Z</time>
        <extensions>
          <ns3:TrackPointExtension>
            <ns3:hr>150</ns3:hr>
            <ns3:cad>88</ns3:cad>
          </ns3:TrackPointExtension>
        </extensions>
      </trkpt>
      <trkpt lat="31.243801899254322052001953125" lon="121.51310113258659839630126953125">
        <ele>12.3999996185302734375</ele>
        <time>2026-09-25T03:55:50.000Z</time>
        <extensions>
          <ns3:TrackPointExtension>
            <ns3:hr>150</ns3:hr>
            <ns3:cad>87</ns3:cad>
          </ns3:TrackPointExtension>
        </extensions>
      </trkpt>
      <trkpt lat="31.24380567111074924468994140625" lon="121.5131327323615550994873046875">
        <ele>12.3999996185302734375</ele>
        <time>2026-09-25T03:55:51.000Z</time>
        <extensions>
          <ns3:TrackPointExtension>
            <ns3:hr>150</ns3:hr>
            <ns3:cad>87</ns3:cad>
          </ns3:TrackPointExtension>
        </extensions>
      </trkpt>
      <trkpt lat="31.2438148073852062225341796875" lon="121.5131528489291667938232421875">
        <ele>12.3999996185302734375</ele>
        <time>2026-09-25T03:55:52.000Z</time>
        <extensions>
          <ns3:TrackPointExtension>
            <ns3:hr>150</ns3:hr>
            <ns3:cad>88</ns3:cad>
          </ns3:TrackPointExtension>
        </extensions>
      </trkpt>
      <trkpt lat="31.24381908215582370758056640625" lon="121.51318193413317203521728515625">
        <ele>12.3999996185302734375</ele>
        <time>2026-09-25T03:55:53.000Z</time>
        <extensions>
          <ns3:TrackPointExtension>
            <ns3:hr>150</ns3:hr>
            <ns3:cad>90</ns3:cad>
          </ns3:TrackPointExtension>
        </extensions>
      </trkpt>
      <trkpt lat="31.24382092617452144622802734375" lon="121.513207666575908660888671875">
        <ele>12.19999980926513671875</ele>
        <time>2026-09-25T03:55:54.000Z</time>
        <extensions>
          <ns3:TrackPointExtension>
            <ns3:hr>150</ns3:hr>
            <ns3:cad>90</ns3:cad>
          </ns3:TrackPointExtension>
        </extensions>
      </trkpt>
      <trkpt lat="31.2438252009451389312744140625" lon="121.5132433734834194183349609375">
        <ele>12.19999980926513671875</ele>
        <time>2026-09-25T03:55:55.000Z</time>
        <extensions>
          <ns3:TrackPointExtension>
            <ns3:hr>151</ns3:hr>
            <ns3:cad>88</ns3:cad>
          </ns3:TrackPointExtension>
        </extensions>
      </trkpt>
      <trkpt lat="31.2438297271728515625" lon="121.513266004621982574462890625">
        <ele>12.19999980926513671875</ele>
        <time>2026-09-25T03:55:56.000Z</time>
        <extensions>
          <ns3:TrackPointExtension>
            <ns3:hr>151</ns3:hr>
            <ns3:cad>88</ns3:cad>
          </ns3:TrackPointExtension>
        </extensions>
      </trkpt>
      <trkpt lat="31.24383450485765933990478515625" lon="121.51329508982598781585693359375">
        <ele>12.19999980926513671875</ele>
        <time>2026-09-25T03:55:57.000Z</time>
        <extensions>
          <ns3:TrackPointExtension>
            <ns3:hr>151</ns3:hr>
            <ns3:cad>87</ns3:cad>
          </ns3:TrackPointExtension>
        </extensions>
      </trkpt>
      <trkpt lat="31.24383836053311824798583984375" lon="121.5133198164403438568115234375">
        <ele>12.19999980926513671875</ele>
        <time>2026-09-25T03:55:58.000Z</time>
        <extensions>
          <ns3:TrackPointExtension>
            <ns3:hr>151</ns3:hr>
            <ns3:cad>87</ns3:cad>
          </ns3:TrackPointExtension>
        </extensions>
      </trkpt>
      <trkpt lat="31.2438372708857059478759765625" lon="121.51335443370044231414794921875">
        <ele>12.19999980926513671875</ele>
        <time>2026-09-25T03:55:59.000Z</time>
        <extensions>
          <ns3:TrackPointExtension>
            <ns3:hr>152</ns3:hr>
            <ns3:cad>89</ns3:cad>
          </ns3:TrackPointExtension>
        </extensions>
      </trkpt>
      <trkpt lat="31.2438409589231014251708984375" lon="121.513380669057369232177734375">
        <ele>12</ele>
        <time>2026-09-25T03:56:00.000Z</time>
        <extensions>
          <ns3:TrackPointExtension>
            <ns3:hr>151</ns3:hr>
            <ns3:cad>89</ns3:cad>
          </ns3:TrackPointExtension>
        </extensions>
      </trkpt>
      <trkpt lat="31.243839450180530548095703125" lon="121.5134140290319919586181640625">
        <ele>12.19999980926513671875</ele>
        <time>2026-09-25T03:56:01.000Z</time>
        <extensions>
          <ns3:TrackPointExtension>
            <ns3:hr>151</ns3:hr>
            <ns3:cad>88</ns3:cad>
          </ns3:TrackPointExtension>
        </extensions>
      </trkpt>
      <trkpt lat="31.24384154565632343292236328125" lon="121.51343808509409427642822265625">
        <ele>12.19999980926513671875</ele>
        <time>2026-09-25T03:56:02.000Z</time>
        <extensions>
          <ns3:TrackPointExtension>
            <ns3:hr>151</ns3:hr>
            <ns3:cad>88</ns3:cad>
          </ns3:TrackPointExtension>
        </extensions>
      </trkpt>
      <trkpt lat="31.2438376061618328094482421875" lon="121.513468511402606964111328125">
        <ele>12.19999980926513671875</ele>
        <time>2026-09-25T03:56:03.000Z</time>
        <extensions>
          <ns3:TrackPointExtension>
            <ns3:hr>152</ns3:hr>
            <ns3:cad>88</ns3:cad>
          </ns3:TrackPointExtension>
        </extensions>
      </trkpt>
      <trkpt lat="31.24383710324764251708984375" lon="121.51349256746470928192138671875">
        <ele>12.3999996185302734375</ele>
        <time>2026-09-25T03:56:04.000Z</time>
        <extensions>
          <ns3:TrackPointExtension>
            <ns3:hr>151</ns3:hr>
            <ns3:cad>88</ns3:cad>
          </ns3:TrackPointExtension>
        </extensions>
      </trkpt>
      <trkpt lat="31.24384020455181598663330078125" lon="121.51352324523031711578369140625">
        <ele>12.3999996185302734375</ele>
        <time>2026-09-25T03:56:05.000Z</time>
        <extensions>
          <ns3:TrackPointExtension>
            <ns3:hr>151</ns3:hr>
            <ns3:cad>89</ns3:cad>
          </ns3:TrackPointExtension>
        </extensions>
      </trkpt>
      <trkpt lat="31.24384338967502117156982421875" lon="121.51354604400694370269775390625">
        <ele>12.3999996185302734375</ele>
        <time>2026-09-25T03:56:06.000Z</time>
        <extensions>
          <ns3:TrackPointExtension>
            <ns3:hr>152</ns3:hr>
            <ns3:cad>89</ns3:cad>
          </ns3:TrackPointExtension>
        </extensions>
      </trkpt>
      <trkpt lat="31.243847496807575225830078125" lon="121.51357403956353664398193359375">
        <ele>12.19999980926513671875</ele>
        <time>2026-09-25T03:56:07.000Z</time>
        <extensions>
          <ns3:TrackPointExtension>
            <ns3:hr>152</ns3:hr>
            <ns3:cad>88</ns3:cad>
          </ns3:TrackPointExtension>
        </extensions>
      </trkpt>
      <trkpt lat="31.24384959228336811065673828125" lon="121.51359935291111469268798828125">
        <ele>12.19999980926513671875</ele>
        <time>2026-09-25T03:56:08.000Z</time>
        <extensions>
          <ns3:TrackPointExtension>
            <ns3:hr>152</ns3:hr>
            <ns3:cad>88</ns3:cad>
          </ns3:TrackPointExtension>
        </extensions>
      </trkpt>
      <trkpt lat="31.24385344795882701873779296875" lon="121.51362919248640537261962890625">
        <ele>12.19999980926513671875</ele>
        <time>2026-09-25T03:56:09.000Z</time>
        <extensions>
          <ns3:TrackPointExtension>
            <ns3:hr>152</ns3:hr>
            <ns3:cad>88</ns3:cad>
          </ns3:TrackPointExtension>
        </extensions>
      </trkpt>
      <trkpt lat="31.243855543434619903564453125" lon="121.51365484111011028289794921875">
        <ele>12.19999980926513671875</ele>
        <time>2026-09-25T03:56:10.000Z</time>
        <extensions>
          <ns3:TrackPointExtension>
            <ns3:hr>151</ns3:hr>
            <ns3:cad>88</ns3:cad>
          </ns3:TrackPointExtension>
        </extensions>
      </trkpt>
      <trkpt lat="31.24385990202426910400390625" lon="121.5136815793812274932861328125">
        <ele>12.19999980926513671875</ele>
        <time>2026-09-25T03:56:11.000Z</time>
        <extensions>
          <ns3:TrackPointExtension>
            <ns3:hr>151</ns3:hr>
            <ns3:cad>89</ns3:cad>
          </ns3:TrackPointExtension>
        </extensions>
      </trkpt>
      <trkpt lat="31.24386258423328399658203125" lon="121.5137063898146152496337890625">
        <ele>12.19999980926513671875</ele>
        <time>2026-09-25T03:56:12.000Z</time>
        <extensions>
          <ns3:TrackPointExtension>
            <ns3:hr>151</ns3:hr>
            <ns3:cad>89</ns3:cad>
          </ns3:TrackPointExtension>
        </extensions>
      </trkpt>
      <trkpt lat="31.2438650988042354583740234375" lon="121.51373681612312793731689453125">
        <ele>12.19999980926513671875</ele>
        <time>2026-09-25T03:56:13.000Z</time>
        <extensions>
          <ns3:TrackPointExtension>
            <ns3:hr>151</ns3:hr>
            <ns3:cad>89</ns3:cad>
          </ns3:TrackPointExtension>
        </extensions>
      </trkpt>
      <trkpt lat="31.24386417679488658905029296875" lon="121.5137627162039279937744140625">
        <ele>12.19999980926513671875</ele>
        <time>2026-09-25T03:56:14.000Z</time>
        <extensions>
          <ns3:TrackPointExtension>
            <ns3:hr>152</ns3:hr>
            <ns3:cad>89</ns3:cad>
          </ns3:TrackPointExtension>
        </extensions>
      </trkpt>
      <trkpt lat="31.24387071467936038970947265625" lon="121.51379473507404327392578125">
        <ele>12.19999980926513671875</ele>
        <time>2026-09-25T03:56:15.000Z</time>
        <extensions>
          <ns3:TrackPointExtension>
            <ns3:hr>151</ns3:hr>
            <ns3:cad>89</ns3:cad>
          </ns3:TrackPointExtension>
        </extensions>
      </trkpt>
      <trkpt lat="31.2438711337745189666748046875" lon="121.51382382027804851531982421875">
        <ele>12.19999980926513671875</ele>
        <time>2026-09-25T03:56:16.000Z</time>
        <extensions>
          <ns3:TrackPointExtension>
            <ns3:hr>151</ns3:hr>
            <ns3:cad>89</ns3:cad>
          </ns3:TrackPointExtension>
        </extensions>
      </trkpt>
      <trkpt lat="31.24387473799288272857666015625" lon="121.51385231874883174896240234375">
        <ele>12.19999980926513671875</ele>
        <time>2026-09-25T03:56:17.000Z</time>
        <extensions>
          <ns3:TrackPointExtension>
            <ns3:hr>151</ns3:hr>
            <ns3:cad>89</ns3:cad>
          </ns3:TrackPointExtension>
        </extensions>
      </trkpt>
      <trkpt lat="31.243874989449977874755859375" lon="121.5138800628483295440673828125">
        <ele>12.3999996185302734375</ele>
        <time>2026-09-25T03:56:18.000Z</time>
        <extensions>
          <ns3:TrackPointExtension>
            <ns3:hr>151</ns3:hr>
            <ns3:cad>89</ns3:cad>
          </ns3:TrackPointExtension>
        </extensions>
      </trkpt>
      <trkpt lat="31.24387507326900959014892578125" lon="121.51390462182462215423583984375">
        <ele>12.19999980926513671875</ele>
        <time>2026-09-25T03:56:19.000Z</time>
        <extensions>
          <ns3:TrackPointExtension>
            <ns3:hr>151</ns3:hr>
            <ns3:cad>89</ns3:cad>
          </ns3:TrackPointExtension>
        </extensions>
      </trkpt>
      <trkpt lat="31.24387121759355068206787109375" lon="121.51393094100058078765869140625">
        <ele>12.19999980926513671875</ele>
        <time>2026-09-25T03:56:20.000Z</time>
        <extensions>
          <ns3:TrackPointExtension>
            <ns3:hr>151</ns3:hr>
            <ns3:cad>89</ns3:cad>
          </ns3:TrackPointExtension>
        </extensions>
      </trkpt>
      <trkpt lat="31.24387188814580440521240234375" lon="121.51396078057587146759033203125">
        <ele>12.19999980926513671875</ele>
        <time>2026-09-25T03:56:21.000Z</time>
        <extensions>
          <ns3:TrackPointExtension>
            <ns3:hr>151</ns3:hr>
            <ns3:cad>89</ns3:cad>
          </ns3:TrackPointExtension>
        </extensions>
      </trkpt>
      <trkpt lat="31.24387088231742382049560546875" lon="121.5139856748282909393310546875">
        <ele>12.19999980926513671875</ele>
        <time>2026-09-25T03:56:22.000Z</time>
        <extensions>
          <ns3:TrackPointExtension>
            <ns3:hr>151</ns3:hr>
            <ns3:cad>89</ns3:cad>
          </ns3:TrackPointExtension>
        </extensions>
      </trkpt>
      <trkpt lat="31.24386853538453578948974609375" lon="121.51400503702461719512939453125">
        <ele>12.19999980926513671875</ele>
        <time>2026-09-25T03:56:23.000Z</time>
        <extensions>
          <ns3:TrackPointExtension>
            <ns3:hr>150</ns3:hr>
            <ns3:cad>90</ns3:cad>
          </ns3:TrackPointExtension>
        </extensions>
      </trkpt>
      <trkpt lat="31.2438659369945526123046875" lon="121.51403169147670269012451171875">
        <ele>12.19999980926513671875</ele>
        <time>2026-09-25T03:56:24.000Z</time>
        <extensions>
          <ns3:TrackPointExtension>
            <ns3:hr>150</ns3:hr>
            <ns3:cad>90</ns3:cad>
          </ns3:TrackPointExtension>
        </extensions>
      </trkpt>
      <trkpt lat="31.2438659369945526123046875" lon="121.514051221311092376708984375">
        <ele>12.3999996185302734375</ele>
        <time>2026-09-25T03:56:25.000Z</time>
        <extensions>
          <ns3:TrackPointExtension>
            <ns3:hr>150</ns3:hr>
            <ns3:cad>89</ns3:cad>
          </ns3:TrackPointExtension>
        </extensions>
      </trkpt>
      <trkpt lat="31.24387021176517009735107421875" lon="121.51407904922962188720703125">
        <ele>12.3999996185302734375</ele>
        <time>2026-09-25T03:56:26.000Z</time>
        <extensions>
          <ns3:TrackPointExtension>
            <ns3:hr>150</ns3:hr>
            <ns3:cad>88</ns3:cad>
          </ns3:TrackPointExtension>
        </extensions>
      </trkpt>
      <trkpt lat="31.24386920593678951263427734375" lon="121.51410561986267566680908203125">
        <ele>12.3999996185302734375</ele>
        <time>2026-09-25T03:56:27.000Z</time>
        <extensions>
          <ns3:TrackPointExtension>
            <ns3:hr>150</ns3:hr>
            <ns3:cad>88</ns3:cad>
          </ns3:TrackPointExtension>
        </extensions>
      </trkpt>
      <trkpt lat="31.2438677810132503509521484375" lon="121.51413529179990291595458984375">
        <ele>12.3999996185302734375</ele>
        <time>2026-09-25T03:56:28.000Z</time>
        <extensions>
          <ns3:TrackPointExtension>
            <ns3:hr>150</ns3:hr>
            <ns3:cad>88</ns3:cad>
          </ns3:TrackPointExtension>
        </extensions>
      </trkpt>
      <trkpt lat="31.24387255869805812835693359375" lon="121.5141583420336246490478515625">
        <ele>12.19999980926513671875</ele>
        <time>2026-09-25T03:56:29.000Z</time>
        <extensions>
          <ns3:TrackPointExtension>
            <ns3:hr>150</ns3:hr>
            <ns3:cad>89</ns3:cad>
          </ns3:TrackPointExtension>
        </extensions>
      </trkpt>
      <trkpt lat="31.2438801862299442291259765625" lon="121.5141808055341243743896484375">
        <ele>12.19999980926513671875</ele>
        <time>2026-09-25T03:56:30.000Z</time>
        <extensions>
          <ns3:TrackPointExtension>
            <ns3:hr>151</ns3:hr>
            <ns3:cad>89</ns3:cad>
          </ns3:TrackPointExtension>
        </extensions>
      </trkpt>
      <trkpt lat="31.243885718286037445068359375" lon="121.514204107224941253662109375">
        <ele>12.19999980926513671875</ele>
        <time>2026-09-25T03:56:31.000Z</time>
        <extensions>
          <ns3:TrackPointExtension>
            <ns3:hr>150</ns3:hr>
            <ns3:cad>89</ns3:cad>
          </ns3:TrackPointExtension>
        </extensions>
      </trkpt>
      <trkpt lat="31.2438902445137500762939453125" lon="121.51423973031342029571533203125">
        <ele>12.19999980926513671875</ele>
        <time>2026-09-25T03:56:32.000Z</time>
        <extensions>
          <ns3:TrackPointExtension>
            <ns3:hr>150</ns3:hr>
            <ns3:cad>88</ns3:cad>
          </ns3:TrackPointExtension>
        </extensions>
      </trkpt>
      <trkpt lat="31.24389351345598697662353515625" lon="121.5142619423568248748779296875">
        <ele>12.19999980926513671875</ele>
        <time>2026-09-25T03:56:33.000Z</time>
        <extensions>
          <ns3:TrackPointExtension>
            <ns3:hr>150</ns3:hr>
            <ns3:cad>87</ns3:cad>
          </ns3:TrackPointExtension>
        </extensions>
      </trkpt>
      <trkpt lat="31.24389016069471836090087890625" lon="121.51429572142660617828369140625">
        <ele>12.19999980926513671875</ele>
        <time>2026-09-25T03:56:34.000Z</time>
        <extensions>
          <ns3:TrackPointExtension>
            <ns3:hr>151</ns3:hr>
            <ns3:cad>87</ns3:cad>
          </ns3:TrackPointExtension>
        </extensions>
      </trkpt>
      <trkpt lat="31.243891753256320953369140625" lon="121.51432287879288196563720703125">
        <ele>12.19999980926513671875</ele>
        <time>2026-09-25T03:56:35.000Z</time>
        <extensions>
          <ns3:TrackPointExtension>
            <ns3:hr>150</ns3:hr>
            <ns3:cad>89</ns3:cad>
          </ns3:TrackPointExtension>
        </extensions>
      </trkpt>
      <trkpt lat="31.24388672411441802978515625" lon="121.51435389183461666107177734375">
        <ele>12.19999980926513671875</ele>
        <time>2026-09-25T03:56:36.000Z</time>
        <extensions>
          <ns3:TrackPointExtension>
            <ns3:hr>151</ns3:hr>
            <ns3:cad>89</ns3:cad>
          </ns3:TrackPointExtension>
        </extensions>
      </trkpt>
      <trkpt lat="31.24388228170573711395263671875" lon="121.5143833123147487640380859375">
        <ele>12.19999980926513671875</ele>
        <time>2026-09-25T03:56:37.000Z</time>
        <extensions>
          <ns3:TrackPointExtension>
            <ns3:hr>150</ns3:hr>
            <ns3:cad>89</ns3:cad>
          </ns3:TrackPointExtension>
        </extensions>
      </trkpt>
      <trkpt lat="31.24388144351541996002197265625" lon="121.51440988294780254364013671875">
        <ele>12.19999980926513671875</ele>
        <time>2026-09-25T03:56:38.000Z</time>
        <extensions>
          <ns3:TrackPointExtension>
            <ns3:hr>150</ns3:hr>
            <ns3:cad>89</ns3:cad>
          </ns3:TrackPointExtension>
        </extensions>
      </trkpt>
      <trkpt lat="31.2438748218119144439697265625" lon="121.51443502865731716156005859375">
        <ele>12.19999980926513671875</ele>
        <time>2026-09-25T03:56:39.000Z</time>
        <extensions>
          <ns3:TrackPointExtension>
            <ns3:hr>150</ns3:hr>
            <ns3:cad>89</ns3:cad>
          </ns3:TrackPointExtension>
        </extensions>
      </trkpt>
      <trkpt lat="31.24386702664196491241455078125" lon="121.51446972973644733428955078125">
        <ele>12.19999980926513671875</ele>
        <time>2026-09-25T03:56:40.000Z</time>
        <extensions>
          <ns3:TrackPointExtension>
            <ns3:hr>150</ns3:hr>
            <ns3:cad>89</ns3:cad>
          </ns3:TrackPointExtension>
        </extensions>
      </trkpt>
      <trkpt lat="31.2438681162893772125244140625" lon="121.5144966356456279754638671875">
        <ele>12.19999980926513671875</ele>
        <time>2026-09-25T03:56:41.000Z</time>
        <extensions>
          <ns3:TrackPointExtension>
            <ns3:hr>150</ns3:hr>
            <ns3:cad>89</ns3:cad>
          </ns3:TrackPointExtension>
        </extensions>
      </trkpt>
      <trkpt lat="31.24387205578386783599853515625" lon="121.51453058235347270965576171875">
        <ele>12.19999980926513671875</ele>
        <time>2026-09-25T03:56:42.000Z</time>
        <extensions>
          <ns3:TrackPointExtension>
            <ns3:hr>151</ns3:hr>
            <ns3:cad>90</ns3:cad>
          </ns3:TrackPointExtension>
        </extensions>
      </trkpt>
      <trkpt lat="31.2438766658306121826171875" lon="121.5145573206245899200439453125">
        <ele>12.19999980926513671875</ele>
        <time>2026-09-25T03:56:43.000Z</time>
        <extensions>
          <ns3:TrackPointExtension>
            <ns3:hr>150</ns3:hr>
            <ns3:cad>90</ns3:cad>
          </ns3:TrackPointExtension>
        </extensions>
      </trkpt>
      <trkpt lat="31.24386820010840892791748046875" lon="121.5145901776850223541259765625">
        <ele>12.19999980926513671875</ele>
        <time>2026-09-25T03:56:44.000Z</time>
        <extensions>
          <ns3:TrackPointExtension>
            <ns3:hr>151</ns3:hr>
            <ns3:cad>89</ns3:cad>
          </ns3:TrackPointExtension>
        </extensions>
      </trkpt>
      <trkpt lat="31.243868283927440643310546875" lon="121.514611802995204925537109375">
        <ele>12.3999996185302734375</ele>
        <time>2026-09-25T03:56:45.000Z</time>
        <extensions>
          <ns3:TrackPointExtension>
            <ns3:hr>151</ns3:hr>
            <ns3:cad>89</ns3:cad>
          </ns3:TrackPointExtension>
        </extensions>
      </trkpt>
      <trkpt lat="31.243869960308074951171875" lon="121.51464164257049560546875">
        <ele>12.3999996185302734375</ele>
        <time>2026-09-25T03:56:46.000Z</time>
        <extensions>
          <ns3:TrackPointExtension>
            <ns3:hr>151</ns3:hr>
            <ns3:cad>89</ns3:cad>
          </ns3:TrackPointExtension>
        </extensions>
      </trkpt>
      <trkpt lat="31.24387197196483612060546875" lon="121.5146636031568050384521484375">
        <ele>12.3999996185302734375</ele>
        <time>2026-09-25T03:56:47.000Z</time>
        <extensions>
          <ns3:TrackPointExtension>
            <ns3:hr>151</ns3:hr>
            <ns3:cad>89</ns3:cad>
          </ns3:TrackPointExtension>
        </extensions>
      </trkpt>
      <trkpt lat="31.24387205578386783599853515625" lon="121.514689587056636810302734375">
        <ele>12.19999980926513671875</ele>
        <time>2026-09-25T03:56:48.000Z</time>
        <extensions>
          <ns3:TrackPointExtension>
            <ns3:hr>151</ns3:hr>
            <ns3:cad>89</ns3:cad>
          </ns3:TrackPointExtension>
        </extensions>
      </trkpt>
      <trkpt lat="31.24387197196483612060546875" lon="121.51471733115613460540771484375">
        <ele>12.19999980926513671875</ele>
        <time>2026-09-25T03:56:49.000Z</time>
        <extensions>
          <ns3:TrackPointExtension>
            <ns3:hr>152</ns3:hr>
            <ns3:cad>89</ns3:cad>
          </ns3:TrackPointExtension>
        </extensions>
      </trkpt>
      <trkpt lat="31.243875660002231597900390625" lon="121.51474289596080780029296875">
        <ele>12.19999980926513671875</ele>
        <time>2026-09-25T03:56:50.000Z</time>
        <extensions>
          <ns3:TrackPointExtension>
            <ns3:hr>151</ns3:hr>
            <ns3:cad>88</ns3:cad>
          </ns3:TrackPointExtension>
        </extensions>
      </trkpt>
      <trkpt lat="31.24387373216450214385986328125" lon="121.51476661674678325653076171875">
        <ele>12.19999980926513671875</ele>
        <time>2026-09-25T03:56:51.000Z</time>
        <extensions>
          <ns3:TrackPointExtension>
            <ns3:hr>151</ns3:hr>
            <ns3:cad>87</ns3:cad>
          </ns3:TrackPointExtension>
        </extensions>
      </trkpt>
      <trkpt lat="31.2438734807074069976806640625" lon="121.51479461230337619781494140625">
        <ele>12.19999980926513671875</ele>
        <time>2026-09-25T03:56:52.000Z</time>
        <extensions>
          <ns3:TrackPointExtension>
            <ns3:hr>151</ns3:hr>
            <ns3:cad>87</ns3:cad>
          </ns3:TrackPointExtension>
        </extensions>
      </trkpt>
      <trkpt lat="31.24387264251708984375" lon="121.51482629589736461639404296875">
        <ele>12.19999980926513671875</ele>
        <time>2026-09-25T03:56:53.000Z</time>
        <extensions>
          <ns3:TrackPointExtension>
            <ns3:hr>151</ns3:hr>
            <ns3:cad>88</ns3:cad>
          </ns3:TrackPointExtension>
        </extensions>
      </trkpt>
      <trkpt lat="31.24387331306934356689453125" lon="121.51485580019652843475341796875">
        <ele>12.19999980926513671875</ele>
        <time>2026-09-25T03:56:54.000Z</time>
        <extensions>
          <ns3:TrackPointExtension>
            <ns3:hr>151</ns3:hr>
            <ns3:cad>89</ns3:cad>
          </ns3:TrackPointExtension>
        </extensions>
      </trkpt>
      <trkpt lat="31.243869625031948089599609375" lon="121.5148872323334217071533203125">
        <ele>12.19999980926513671875</ele>
        <time>2026-09-25T03:56:55.000Z</time>
        <extensions>
          <ns3:TrackPointExtension>
            <ns3:hr>151</ns3:hr>
            <ns3:cad>89</ns3:cad>
          </ns3:TrackPointExtension>
        </extensions>
      </trkpt>
      <trkpt lat="31.243877671658992767333984375" lon="121.5149076841771602630615234375">
        <ele>12.19999980926513671875</ele>
        <time>2026-09-25T03:56:56.000Z</time>
        <extensions>
          <ns3:TrackPointExtension>
            <ns3:hr>151</ns3:hr>
            <ns3:cad>88</ns3:cad>
          </ns3:TrackPointExtension>
        </extensions>
      </trkpt>
      <trkpt lat="31.24388211406767368316650390625" lon="121.5149368532001972198486328125">
        <ele>12.19999980926513671875</ele>
        <time>2026-09-25T03:56:57.000Z</time>
        <extensions>
          <ns3:TrackPointExtension>
            <ns3:hr>152</ns3:hr>
            <ns3:cad>88</ns3:cad>
          </ns3:TrackPointExtension>
        </extensions>
      </trkpt>
      <trkpt lat="31.243885718286037445068359375" lon="121.51496007107198238372802734375">
        <ele>12.19999980926513671875</ele>
        <time>2026-09-25T03:56:58.000Z</time>
        <extensions>
          <ns3:TrackPointExtension>
            <ns3:hr>151</ns3:hr>
            <ns3:cad>88</ns3:cad>
          </ns3:TrackPointExtension>
        </extensions>
      </trkpt>
      <trkpt lat="31.24388563446700572967529296875" lon="121.51498940773308277130126953125">
        <ele>12.3999996185302734375</ele>
        <time>2026-09-25T03:56:59.000Z</time>
        <extensions>
          <ns3:TrackPointExtension>
            <ns3:hr>151</ns3:hr>
            <ns3:cad>88</ns3:cad>
          </ns3:TrackPointExtension>
        </extensions>
      </trkpt>
      <trkpt lat="31.243890412151813507080078125" lon="121.51501782238483428955078125">
        <ele>12.3999996185302734375</ele>
        <time>2026-09-25T03:57:00.000Z</time>
        <extensions>
          <ns3:TrackPointExtension>
            <ns3:hr>152</ns3:hr>
            <ns3:cad>88</ns3:cad>
          </ns3:TrackPointExtension>
        </extensions>
      </trkpt>
      <trkpt lat="31.243894100189208984375" lon="121.5150374360382556915283203125">
        <ele>12.6000003814697265625</ele>
        <time>2026-09-25T03:57:01.000Z</time>
        <extensions>
          <ns3:TrackPointExtension>
            <ns3:hr>151</ns3:hr>
            <ns3:cad>87</ns3:cad>
          </ns3:TrackPointExtension>
        </extensions>
      </trkpt>
      <trkpt lat="31.2439127080142498016357421875" lon="121.51505445130169391632080078125">
        <ele>12.19999980926513671875</ele>
        <time>2026-09-25T03:57:23.000Z</time>
        <extensions>
          <ns3:TrackPointExtension>
            <ns3:hr>152</ns3:hr>
            <ns3:cad>0</ns3:cad>
          </ns3:TrackPointExtension>
        </extensions>
      </trkpt>
      <trkpt lat="31.243922598659992218017578125" lon="121.5150706283748149871826171875">
        <ele>12.19999980926513671875</ele>
        <time>2026-09-25T03:57:24.000Z</time>
        <extensions>
          <ns3:TrackPointExtension>
            <ns3:hr>152</ns3:hr>
            <ns3:cad>0</ns3:cad>
          </ns3:TrackPointExtension>
        </extensions>
      </trkpt>
      <trkpt lat="31.243923939764499664306640625" lon="121.515093930065631866455078125">
        <ele>12.19999980926513671875</ele>
        <time>2026-09-25T03:57:25.000Z</time>
        <extensions>
          <ns3:TrackPointExtension>
            <ns3:hr>152</ns3:hr>
            <ns3:cad>0</ns3:cad>
          </ns3:TrackPointExtension>
        </extensions>
      </trkpt>
      <trkpt lat="31.2439227662980556488037109375" lon="121.5151229314506053924560546875">
        <ele>12</ele>
        <time>2026-09-25T03:57:26.000Z</time>
        <extensions>
          <ns3:TrackPointExtension>
            <ns3:hr>152</ns3:hr>
            <ns3:cad>0</ns3:cad>
          </ns3:TrackPointExtension>
        </extensions>
      </trkpt>
      <trkpt lat="31.2439254485070705413818359375" lon="121.51515117846429347991943359375">
        <ele>12</ele>
        <time>2026-09-25T03:57:27.000Z</time>
        <extensions>
          <ns3:TrackPointExtension>
            <ns3:hr>152</ns3:hr>
            <ns3:cad>0</ns3:cad>
          </ns3:TrackPointExtension>
        </extensions>
      </trkpt>
      <trkpt lat="31.24392050318419933319091796875" lon="121.5151836164295673370361328125">
        <ele>12</ele>
        <time>2026-09-25T03:57:28.000Z</time>
        <extensions>
          <ns3:TrackPointExtension>
            <ns3:hr>151</ns3:hr>
            <ns3:cad>83</ns3:cad>
          </ns3:TrackPointExtension>
        </extensions>
      </trkpt>
      <trkpt lat="31.24392100609838962554931640625" lon="121.51521236635744571685791015625">
        <ele>12</ele>
        <time>2026-09-25T03:57:29.000Z</time>
        <extensions>
          <ns3:TrackPointExtension>
            <ns3:hr>151</ns3:hr>
            <ns3:cad>83</ns3:cad>
          </ns3:TrackPointExtension>
        </extensions>
      </trkpt>
      <trkpt lat="31.24391865916550159454345703125" lon="121.51524354703724384307861328125">
        <ele>12</ele>
        <time>2026-09-25T03:57:30.000Z</time>
        <extensions>
          <ns3:TrackPointExtension>
            <ns3:hr>151</ns3:hr>
            <ns3:cad>86</ns3:cad>
          </ns3:TrackPointExtension>
        </extensions>
      </trkpt>
      <trkpt lat="31.24391622841358184814453125" lon="121.5152761526405811309814453125">
        <ele>12</ele>
        <time>2026-09-25T03:57:31.000Z</time>
        <extensions>
          <ns3:TrackPointExtension>
            <ns3:hr>152</ns3:hr>
            <ns3:cad>87</ns3:cad>
          </ns3:TrackPointExtension>
        </extensions>
      </trkpt>
      <trkpt lat="31.24390558339655399322509765625" lon="121.51530708186328411102294921875">
        <ele>12</ele>
        <time>2026-09-25T03:57:32.000Z</time>
        <extensions>
          <ns3:TrackPointExtension>
            <ns3:hr>152</ns3:hr>
            <ns3:cad>88</ns3:cad>
          </ns3:TrackPointExtension>
        </extensions>
      </trkpt>
      <trkpt lat="31.2439048290252685546875" lon="121.5153328143060207366943359375">
        <ele>12.19999980926513671875</ele>
        <time>2026-09-25T03:57:33.000Z</time>
        <extensions>
          <ns3:TrackPointExtension>
            <ns3:hr>153</ns3:hr>
            <ns3:cad>88</ns3:cad>
          </ns3:TrackPointExtension>
        </extensions>
      </trkpt>
      <trkpt lat="31.243897788226604461669921875" lon="121.51536206714808940887451171875">
        <ele>12.19999980926513671875</ele>
        <time>2026-09-25T03:57:34.000Z</time>
        <extensions>
          <ns3:TrackPointExtension>
            <ns3:hr>153</ns3:hr>
            <ns3:cad>88</ns3:cad>
          </ns3:TrackPointExtension>
        </extensions>
      </trkpt>
      <trkpt lat="31.243893764913082122802734375" lon="121.51538394391536712646484375">
        <ele>12.19999980926513671875</ele>
        <time>2026-09-25T03:57:35.000Z</time>
        <extensions>
          <ns3:TrackPointExtension>
            <ns3:hr>153</ns3:hr>
            <ns3:cad>88</ns3:cad>
          </ns3:TrackPointExtension>
        </extensions>
      </trkpt>
      <trkpt lat="31.24389334581792354583740234375" lon="121.51540984399616718292236328125">
        <ele>12.19999980926513671875</ele>
        <time>2026-09-25T03:57:36.000Z</time>
        <extensions>
          <ns3:TrackPointExtension>
            <ns3:hr>154</ns3:hr>
            <ns3:cad>88</ns3:cad>
          </ns3:TrackPointExtension>
        </extensions>
      </trkpt>
      <trkpt lat="31.2438919208943843841552734375" lon="121.5154287032783031463623046875">
        <ele>12.3999996185302734375</ele>
        <time>2026-09-25T03:57:37.000Z</time>
        <extensions>
          <ns3:TrackPointExtension>
            <ns3:hr>154</ns3:hr>
            <ns3:cad>88</ns3:cad>
          </ns3:TrackPointExtension>
        </extensions>
      </trkpt>
      <trkpt lat="31.24388898722827434539794921875" lon="121.51542778126895427703857421875">
        <ele>12</ele>
        <time>2026-09-25T03:58:46.000Z</time>
        <extensions>
          <ns3:TrackPointExtension>
            <ns3:hr>121</ns3:hr>
            <ns3:cad>0</ns3:cad>
          </ns3:TrackPointExtension>
        </extensions>
      </trkpt>
      <trkpt lat="31.24389116652309894561767578125" lon="121.51543163694441318511962890625">
        <ele>12</ele>
        <time>2026-09-25T03:58:47.000Z</time>
        <extensions>
          <ns3:TrackPointExtension>
            <ns3:hr>120</ns3:hr>
            <ns3:cad>0</ns3:cad>
          </ns3:TrackPointExtension>
        </extensions>
      </trkpt>
      <trkpt lat="31.24388412572443485260009765625" lon="121.515436582267284393310546875">
        <ele>11.80000019073486328125</ele>
        <time>2026-09-25T03:58:48.000Z</time>
        <extensions>
          <ns3:TrackPointExtension>
            <ns3:hr>119</ns3:hr>
            <ns3:cad>0</ns3:cad>
          </ns3:TrackPointExtension>
        </extensions>
      </trkpt>
      <trkpt lat="31.24386048875749111175537109375" lon="121.51543985120952129364013671875">
        <ele>11.6000003814697265625</ele>
        <time>2026-09-25T03:58:49.000Z</time>
        <extensions>
          <ns3:TrackPointExtension>
            <ns3:hr>118</ns3:hr>
            <ns3:cad>0</ns3:cad>
          </ns3:TrackPointExtension>
        </extensions>
      </trkpt>
      <trkpt lat="31.24384188093245029449462890625" lon="121.51544923894107341766357421875">
        <ele>11.3999996185302734375</ele>
        <time>2026-09-25T03:58:50.000Z</time>
        <extensions>
          <ns3:TrackPointExtension>
            <ns3:hr>118</ns3:hr>
            <ns3:cad>0</ns3:cad>
          </ns3:TrackPointExtension>
        </extensions>
      </trkpt>
      <trkpt lat="31.2438111193478107452392578125" lon="121.51544303633272647857666015625">
        <ele>11.19999980926513671875</ele>
        <time>2026-09-25T03:58:51.000Z</time>
        <extensions>
          <ns3:TrackPointExtension>
            <ns3:hr>118</ns3:hr>
            <ns3:cad>0</ns3:cad>
          </ns3:TrackPointExtension>
        </extensions>
      </trkpt>
      <trkpt lat="31.24378739856183528900146484375" lon="121.5154454670846462249755859375">
        <ele>11.19999980926513671875</ele>
        <time>2026-09-25T03:58:52.000Z</time>
        <extensions>
          <ns3:TrackPointExtension>
            <ns3:hr>118</ns3:hr>
            <ns3:cad>0</ns3:cad>
          </ns3:TrackPointExtension>
        </extensions>
      </trkpt>
      <trkpt lat="31.24374967999756336212158203125" lon="121.51544831693172454833984375">
        <ele>11.3999996185302734375</ele>
        <time>2026-09-25T03:58:53.000Z</time>
        <extensions>
          <ns3:TrackPointExtension>
            <ns3:hr>118</ns3:hr>
            <ns3:cad>85</ns3:cad>
          </ns3:TrackPointExtension>
        </extensions>
      </trkpt>
      <trkpt lat="31.2437286414206027984619140625" lon="121.515456028282642364501953125">
        <ele>11.6000003814697265625</ele>
        <time>2026-09-25T03:58:54.000Z</time>
        <extensions>
          <ns3:TrackPointExtension>
            <ns3:hr>119</ns3:hr>
            <ns3:cad>85</ns3:cad>
          </ns3:TrackPointExtension>
        </extensions>
      </trkpt>
      <trkpt lat="31.24369167722761631011962890625" lon="121.5154679305851459503173828125">
        <ele>11.80000019073486328125</ele>
        <time>2026-09-25T03:58:55.000Z</time>
        <extensions>
          <ns3:TrackPointExtension>
            <ns3:hr>119</ns3:hr>
            <ns3:cad>87</ns3:cad>
          </ns3:TrackPointExtension>
        </extensions>
      </trkpt>
      <trkpt lat="31.2436682917177677154541015625" lon="121.51546969078481197357177734375">
        <ele>12</ele>
        <time>2026-09-25T03:58:56.000Z</time>
        <extensions>
          <ns3:TrackPointExtension>
            <ns3:hr>120</ns3:hr>
            <ns3:cad>88</ns3:cad>
          </ns3:TrackPointExtension>
        </extensions>
      </trkpt>
      <trkpt lat="31.2436441518366336822509765625" lon="121.5154471434652805328369140625">
        <ele>12</ele>
        <time>2026-09-25T03:58:57.000Z</time>
        <extensions>
          <ns3:TrackPointExtension>
            <ns3:hr>121</ns3:hr>
            <ns3:cad>88</ns3:cad>
          </ns3:TrackPointExtension>
        </extensions>
      </trkpt>
      <trkpt lat="31.243622191250324249267578125" lon="121.51543448679149150848388671875">
        <ele>12</ele>
        <time>2026-09-25T03:58:58.000Z</time>
        <extensions>
          <ns3:TrackPointExtension>
            <ns3:hr>122</ns3:hr>
            <ns3:cad>88</ns3:cad>
          </ns3:TrackPointExtension>
        </extensions>
      </trkpt>
      <trkpt lat="31.24359495006501674652099609375" lon="121.5154280327260494232177734375">
        <ele>12</ele>
        <time>2026-09-25T03:58:59.000Z</time>
        <extensions>
          <ns3:TrackPointExtension>
            <ns3:hr>123</ns3:hr>
            <ns3:cad>88</ns3:cad>
          </ns3:TrackPointExtension>
        </extensions>
      </trkpt>
      <trkpt lat="31.24357064254581928253173828125" lon="121.515415795147418975830078125">
        <ele>12</ele>
        <time>2026-09-25T03:59:00.000Z</time>
        <extensions>
          <ns3:TrackPointExtension>
            <ns3:hr>124</ns3:hr>
            <ns3:cad>89</ns3:cad>
          </ns3:TrackPointExtension>
        </extensions>
      </trkpt>
      <trkpt lat="31.2435398809611797332763671875" lon="121.51541411876678466796875">
        <ele>12</ele>
        <time>2026-09-25T03:59:01.000Z</time>
        <extensions>
          <ns3:TrackPointExtension>
            <ns3:hr>124</ns3:hr>
            <ns3:cad>89</ns3:cad>
          </ns3:TrackPointExtension>
        </extensions>
      </trkpt>
      <trkpt lat="31.243515573441982269287109375" lon="121.51540682651102542877197265625">
        <ele>12</ele>
        <time>2026-09-25T03:59:02.000Z</time>
        <extensions>
          <ns3:TrackPointExtension>
            <ns3:hr>124</ns3:hr>
            <ns3:cad>88</ns3:cad>
          </ns3:TrackPointExtension>
        </extensions>
      </trkpt>
      <trkpt lat="31.243489421904087066650390625" lon="121.5154100954532623291015625">
        <ele>12.19999980926513671875</ele>
        <time>2026-09-25T03:59:03.000Z</time>
        <extensions>
          <ns3:TrackPointExtension>
            <ns3:hr>123</ns3:hr>
            <ns3:cad>88</ns3:cad>
          </ns3:TrackPointExtension>
        </extensions>
      </trkpt>
      <trkpt lat="31.24346570111811161041259765625" lon="121.51540498249232769012451171875">
        <ele>12.19999980926513671875</ele>
        <time>2026-09-25T03:59:04.000Z</time>
        <extensions>
          <ns3:TrackPointExtension>
            <ns3:hr>121</ns3:hr>
            <ns3:cad>89</ns3:cad>
          </ns3:TrackPointExtension>
        </extensions>
      </trkpt>
      <trkpt lat="31.24343753792345523834228515625" lon="121.51540816761553287506103515625">
        <ele>12.19999980926513671875</ele>
        <time>2026-09-25T03:59:05.000Z</time>
        <extensions>
          <ns3:TrackPointExtension>
            <ns3:hr>121</ns3:hr>
            <ns3:cad>89</ns3:cad>
          </ns3:TrackPointExtension>
        </extensions>
      </trkpt>
      <trkpt lat="31.243414320051670074462890625" lon="121.5154126100242137908935546875">
        <ele>12.3999996185302734375</ele>
        <time>2026-09-25T03:59:06.000Z</time>
        <extensions>
          <ns3:TrackPointExtension>
            <ns3:hr>120</ns3:hr>
            <ns3:cad>90</ns3:cad>
          </ns3:TrackPointExtension>
        </extensions>
      </trkpt>
      <trkpt lat="31.24339311383664608001708984375" lon="121.5154179744422435760498046875">
        <ele>12.6000003814697265625</ele>
        <time>2026-09-25T03:59:07.000Z</time>
        <extensions>
          <ns3:TrackPointExtension>
            <ns3:hr>120</ns3:hr>
            <ns3:cad>90</ns3:cad>
          </ns3:TrackPointExtension>
        </extensions>
      </trkpt>
      <trkpt lat="31.24337098561227321624755859375" lon="121.5154154598712921142578125">
        <ele>12.6000003814697265625</ele>
        <time>2026-09-25T03:59:08.000Z</time>
        <extensions>
          <ns3:TrackPointExtension>
            <ns3:hr>120</ns3:hr>
            <ns3:cad>89</ns3:cad>
          </ns3:TrackPointExtension>
        </extensions>
      </trkpt>
      <trkpt lat="31.24335120432078838348388671875" lon="121.51541001163423061370849609375">
        <ele>12.6000003814697265625</ele>
        <time>2026-09-25T03:59:09.000Z</time>
        <extensions>
          <ns3:TrackPointExtension>
            <ns3:hr>120</ns3:hr>
            <ns3:cad>89</ns3:cad>
          </ns3:TrackPointExtension>
        </extensions>
      </trkpt>
      <trkpt lat="31.2433259747922420501708984375" lon="121.5154025517404079437255859375">
        <ele>12.6000003814697265625</ele>
        <time>2026-09-25T03:59:10.000Z</time>
        <extensions>
          <ns3:TrackPointExtension>
            <ns3:hr>121</ns3:hr>
            <ns3:cad>89</ns3:cad>
          </ns3:TrackPointExtension>
        </extensions>
      </trkpt>
      <trkpt lat="31.24330225400626659393310546875" lon="121.51540230028331279754638671875">
        <ele>12.3999996185302734375</ele>
        <time>2026-09-25T03:59:11.000Z</time>
        <extensions>
          <ns3:TrackPointExtension>
            <ns3:hr>123</ns3:hr>
            <ns3:cad>89</ns3:cad>
          </ns3:TrackPointExtension>
        </extensions>
      </trkpt>
      <trkpt lat="31.24328590929508209228515625" lon="121.51540112681686878204345703125">
        <ele>12.3999996185302734375</ele>
        <time>2026-09-25T03:59:12.000Z</time>
        <extensions>
          <ns3:TrackPointExtension>
            <ns3:hr>124</ns3:hr>
            <ns3:cad>89</ns3:cad>
          </ns3:TrackPointExtension>
        </extensions>
      </trkpt>
      <trkpt lat="31.24326520599424839019775390625" lon="121.51539693586528301239013671875">
        <ele>12.3999996185302734375</ele>
        <time>2026-09-25T03:59:13.000Z</time>
        <extensions>
          <ns3:TrackPointExtension>
            <ns3:hr>126</ns3:hr>
            <ns3:cad>90</ns3:cad>
          </ns3:TrackPointExtension>
        </extensions>
      </trkpt>
      <trkpt lat="31.24323737807571887969970703125" lon="121.5153911523520946502685546875">
        <ele>12.3999996185302734375</ele>
        <time>2026-09-25T03:59:14.000Z</time>
        <extensions>
          <ns3:TrackPointExtension>
            <ns3:hr>127</ns3:hr>
            <ns3:cad>90</ns3:cad>
          </ns3:TrackPointExtension>
        </extensions>
      </trkpt>
      <trkpt lat="31.2432183511555194854736328125" lon="121.51538369245827198028564453125">
        <ele>12.3999996185302734375</ele>
        <time>2026-09-25T03:59:15.000Z</time>
        <extensions>
          <ns3:TrackPointExtension>
            <ns3:hr>128</ns3:hr>
            <ns3:cad>89</ns3:cad>
          </ns3:TrackPointExtension>
        </extensions>
      </trkpt>
      <trkpt lat="31.24318960122764110565185546875" lon="121.51540012098848819732666015625">
        <ele>12.3999996185302734375</ele>
        <time>2026-09-25T03:59:16.000Z</time>
        <extensions>
          <ns3:TrackPointExtension>
            <ns3:hr>130</ns3:hr>
            <ns3:cad>88</ns3:cad>
          </ns3:TrackPointExtension>
        </extensions>
      </trkpt>
      <trkpt lat="31.24317032285034656524658203125" lon="121.51541990227997303009033203125">
        <ele>12.3999996185302734375</ele>
        <time>2026-09-25T03:59:17.000Z</time>
        <extensions>
          <ns3:TrackPointExtension>
            <ns3:hr>130</ns3:hr>
            <ns3:cad>88</ns3:cad>
          </ns3:TrackPointExtension>
        </extensions>
      </trkpt>
      <trkpt lat="31.24313880689442157745361328125" lon="121.515433900058269500732421875">
        <ele>12.6000003814697265625</ele>
        <time>2026-09-25T03:59:18.000Z</time>
        <extensions>
          <ns3:TrackPointExtension>
            <ns3:hr>131</ns3:hr>
            <ns3:cad>88</ns3:cad>
          </ns3:TrackPointExtension>
        </extensions>
      </trkpt>
      <trkpt lat="31.24311986379325389862060546875" lon="121.515437252819538116455078125">
        <ele>12.80000019073486328125</ele>
        <time>2026-09-25T03:59:19.000Z</time>
        <extensions>
          <ns3:TrackPointExtension>
            <ns3:hr>132</ns3:hr>
            <ns3:cad>89</ns3:cad>
          </ns3:TrackPointExtension>
        </extensions>
      </trkpt>
      <trkpt lat="31.24308407306671142578125" lon="121.5154397673904895782470703125">
        <ele>12.80000019073486328125</ele>
        <time>2026-09-25T03:59:20.000Z</time>
        <extensions>
          <ns3:TrackPointExtension>
            <ns3:hr>133</ns3:hr>
            <ns3:cad>89</ns3:cad>
          </ns3:TrackPointExtension>
        </extensions>
      </trkpt>
      <trkpt lat="31.24306186102330684661865234375" lon="121.515441946685314178466796875">
        <ele>13</ele>
        <time>2026-09-25T03:59:21.000Z</time>
        <extensions>
          <ns3:TrackPointExtension>
            <ns3:hr>135</ns3:hr>
            <ns3:cad>88</ns3:cad>
          </ns3:TrackPointExtension>
        </extensions>
      </trkpt>
      <trkpt lat="31.24303453601896762847900390625" lon="121.5154411084949970245361328125">
        <ele>13</ele>
        <time>2026-09-25T03:59:22.000Z</time>
        <extensions>
          <ns3:TrackPointExtension>
            <ns3:hr>136</ns3:hr>
            <ns3:cad>88</ns3:cad>
          </ns3:TrackPointExtension>
        </extensions>
      </trkpt>
      <trkpt lat="31.24301777221262454986572265625" lon="121.5154337324202060699462890625">
        <ele>13</ele>
        <time>2026-09-25T03:59:23.000Z</time>
        <extensions>
          <ns3:TrackPointExtension>
            <ns3:hr>139</ns3:hr>
            <ns3:cad>88</ns3:cad>
          </ns3:TrackPointExtension>
        </extensions>
      </trkpt>
      <trkpt lat="31.2429970689117908477783203125" lon="121.5154256857931613922119140625">
        <ele>13</ele>
        <time>2026-09-25T03:59:24.000Z</time>
        <extensions>
          <ns3:TrackPointExtension>
            <ns3:hr>141</ns3:hr>
            <ns3:cad>90</ns3:cad>
          </ns3:TrackPointExtension>
        </extensions>
      </trkpt>
      <trkpt lat="31.242976449429988861083984375" lon="121.5154246799647808074951171875">
        <ele>13</ele>
        <time>2026-09-25T03:59:25.000Z</time>
        <extensions>
          <ns3:TrackPointExtension>
            <ns3:hr>141</ns3:hr>
            <ns3:cad>90</ns3:cad>
          </ns3:TrackPointExtension>
        </extensions>
      </trkpt>
      <trkpt lat="31.24294803477823734283447265625" lon="121.51542560197412967681884765625">
        <ele>13.19999980926513671875</ele>
        <time>2026-09-25T03:59:26.000Z</time>
        <extensions>
          <ns3:TrackPointExtension>
            <ns3:hr>142</ns3:hr>
            <ns3:cad>88</ns3:cad>
          </ns3:TrackPointExtension>
        </extensions>
      </trkpt>
      <trkpt lat="31.2429253198206424713134765625" lon="121.5154266916215419769287109375">
        <ele>13.19999980926513671875</ele>
        <time>2026-09-25T03:59:27.000Z</time>
        <extensions>
          <ns3:TrackPointExtension>
            <ns3:hr>142</ns3:hr>
            <ns3:cad>88</ns3:cad>
          </ns3:TrackPointExtension>
        </extensions>
      </trkpt>
      <trkpt lat="31.242900677025318145751953125" lon="121.5154302120208740234375">
        <ele>13.3999996185302734375</ele>
        <time>2026-09-25T03:59:28.000Z</time>
        <extensions>
          <ns3:TrackPointExtension>
            <ns3:hr>142</ns3:hr>
            <ns3:cad>87</ns3:cad>
          </ns3:TrackPointExtension>
        </extensions>
      </trkpt>
      <trkpt lat="31.24287997372448444366455078125" lon="121.51543314568698406219482421875">
        <ele>13.3999996185302734375</ele>
        <time>2026-09-25T03:59:29.000Z</time>
        <extensions>
          <ns3:TrackPointExtension>
            <ns3:hr>143</ns3:hr>
            <ns3:cad>87</ns3:cad>
          </ns3:TrackPointExtension>
        </extensions>
      </trkpt>
      <trkpt lat="31.24285700730979442596435546875" lon="121.5154458023607730865478515625">
        <ele>13.6000003814697265625</ele>
        <time>2026-09-25T03:59:30.000Z</time>
        <extensions>
          <ns3:TrackPointExtension>
            <ns3:hr>143</ns3:hr>
            <ns3:cad>89</ns3:cad>
          </ns3:TrackPointExtension>
        </extensions>
      </trkpt>
      <trkpt lat="31.24283337034285068511962890625" lon="121.5154556930065155029296875">
        <ele>13.6000003814697265625</ele>
        <time>2026-09-25T03:59:31.000Z</time>
        <extensions>
          <ns3:TrackPointExtension>
            <ns3:hr>144</ns3:hr>
            <ns3:cad>89</ns3:cad>
          </ns3:TrackPointExtension>
        </extensions>
      </trkpt>
      <trkpt lat="31.242818534374237060546875" lon="121.51546935550868511199951171875">
        <ele>13.3999996185302734375</ele>
        <time>2026-09-25T03:59:32.000Z</time>
        <extensions>
          <ns3:TrackPointExtension>
            <ns3:hr>145</ns3:hr>
            <ns3:cad>88</ns3:cad>
          </ns3:TrackPointExtension>
        </extensions>
      </trkpt>
      <trkpt lat="31.24279783107340335845947265625" lon="121.51548318564891815185546875">
        <ele>13.6000003814697265625</ele>
        <time>2026-09-25T03:59:33.000Z</time>
        <extensions>
          <ns3:TrackPointExtension>
            <ns3:hr>146</ns3:hr>
            <ns3:cad>88</ns3:cad>
          </ns3:TrackPointExtension>
        </extensions>
      </trkpt>
      <trkpt lat="31.242786347866058349609375" lon="121.51549953036010265350341796875">
        <ele>13.6000003814697265625</ele>
        <time>2026-09-25T03:59:34.000Z</time>
        <extensions>
          <ns3:TrackPointExtension>
            <ns3:hr>147</ns3:hr>
            <ns3:cad>87</ns3:cad>
          </ns3:TrackPointExtension>
        </extensions>
      </trkpt>
      <trkpt lat="31.242764554917812347412109375" lon="121.5155158750712871551513671875">
        <ele>13.80000019073486328125</ele>
        <time>2026-09-25T03:59:35.000Z</time>
        <extensions>
          <ns3:TrackPointExtension>
            <ns3:hr>147</ns3:hr>
            <ns3:cad>87</ns3:cad>
          </ns3:TrackPointExtension>
        </extensions>
      </trkpt>
      <trkpt lat="31.2427539937198162078857421875" lon="121.51553657837212085723876953125">
        <ele>13.80000019073486328125</ele>
        <time>2026-09-25T03:59:36.000Z</time>
        <extensions>
          <ns3:TrackPointExtension>
            <ns3:hr>148</ns3:hr>
            <ns3:cad>89</ns3:cad>
          </ns3:TrackPointExtension>
        </extensions>
      </trkpt>
      <trkpt lat="31.24274888075888156890869140625" lon="121.51556826196610927581787109375">
        <ele>14</ele>
        <time>2026-09-25T03:59:37.000Z</time>
        <extensions>
          <ns3:TrackPointExtension>
            <ns3:hr>148</ns3:hr>
            <ns3:cad>89</ns3:cad>
          </ns3:TrackPointExtension>
        </extensions>
      </trkpt>
      <trkpt lat="31.24274678528308868408203125" lon="121.515592150390148162841796875">
        <ele>14.19999980926513671875</ele>
        <time>2026-09-25T03:59:38.000Z</time>
        <extensions>
          <ns3:TrackPointExtension>
            <ns3:hr>148</ns3:hr>
            <ns3:cad>89</ns3:cad>
          </ns3:TrackPointExtension>
        </extensions>
      </trkpt>
      <trkpt lat="31.24274720437824726104736328125" lon="121.51562676765024662017822265625">
        <ele>14.19999980926513671875</ele>
        <time>2026-09-25T03:59:39.000Z</time>
        <extensions>
          <ns3:TrackPointExtension>
            <ns3:hr>149</ns3:hr>
            <ns3:cad>88</ns3:cad>
          </ns3:TrackPointExtension>
        </extensions>
      </trkpt>
      <trkpt lat="31.242748461663722991943359375" lon="121.51565258391201496124267578125">
        <ele>14.19999980926513671875</ele>
        <time>2026-09-25T03:59:40.000Z</time>
        <extensions>
          <ns3:TrackPointExtension>
            <ns3:hr>149</ns3:hr>
            <ns3:cad>88</ns3:cad>
          </ns3:TrackPointExtension>
        </extensions>
      </trkpt>
      <trkpt lat="31.2427528202533721923828125" lon="121.51568233966827392578125">
        <ele>14.19999980926513671875</ele>
        <time>2026-09-25T03:59:41.000Z</time>
        <extensions>
          <ns3:TrackPointExtension>
            <ns3:hr>150</ns3:hr>
            <ns3:cad>88</ns3:cad>
          </ns3:TrackPointExtension>
        </extensions>
      </trkpt>
      <trkpt lat="31.2427536584436893463134765625" lon="121.5157019533216953277587890625">
        <ele>14</ele>
        <time>2026-09-25T03:59:42.000Z</time>
        <extensions>
          <ns3:TrackPointExtension>
            <ns3:hr>151</ns3:hr>
            <ns3:cad>89</ns3:cad>
          </ns3:TrackPointExtension>
        </extensions>
      </trkpt>
      <trkpt lat="31.2427474558353424072265625" lon="121.51573204435408115386962890625">
        <ele>14</ele>
        <time>2026-09-25T03:59:43.000Z</time>
        <extensions>
          <ns3:TrackPointExtension>
            <ns3:hr>151</ns3:hr>
            <ns3:cad>90</ns3:cad>
          </ns3:TrackPointExtension>
        </extensions>
      </trkpt>
      <trkpt lat="31.24274410307407379150390625" lon="121.51575719006359577178955078125">
        <ele>13.80000019073486328125</ele>
        <time>2026-09-25T03:59:44.000Z</time>
        <extensions>
          <ns3:TrackPointExtension>
            <ns3:hr>151</ns3:hr>
            <ns3:cad>90</ns3:cad>
          </ns3:TrackPointExtension>
        </extensions>
      </trkpt>
      <trkpt lat="31.2427211366593837738037109375" lon="121.5157775580883026123046875">
        <ele>13.80000019073486328125</ele>
        <time>2026-09-25T03:59:45.000Z</time>
        <extensions>
          <ns3:TrackPointExtension>
            <ns3:hr>151</ns3:hr>
            <ns3:cad>88</ns3:cad>
          </ns3:TrackPointExtension>
        </extensions>
      </trkpt>
      <trkpt lat="31.24269741587340831756591796875" lon="121.51578585617244243621826171875">
        <ele>13.80000019073486328125</ele>
        <time>2026-09-25T03:59:46.000Z</time>
        <extensions>
          <ns3:TrackPointExtension>
            <ns3:hr>152</ns3:hr>
            <ns3:cad>88</ns3:cad>
          </ns3:TrackPointExtension>
        </extensions>
      </trkpt>
      <trkpt lat="31.24266657046973705291748046875" lon="121.51578837074339389801025390625">
        <ele>14</ele>
        <time>2026-09-25T03:59:47.000Z</time>
        <extensions>
          <ns3:TrackPointExtension>
            <ns3:hr>152</ns3:hr>
            <ns3:cad>88</ns3:cad>
          </ns3:TrackPointExtension>
        </extensions>
      </trkpt>
      <trkpt lat="31.2426456995308399200439453125" lon="121.51579373516142368316650390625">
        <ele>14</ele>
        <time>2026-09-25T03:59:48.000Z</time>
        <extensions>
          <ns3:TrackPointExtension>
            <ns3:hr>152</ns3:hr>
            <ns3:cad>88</ns3:cad>
          </ns3:TrackPointExtension>
        </extensions>
      </trkpt>
      <trkpt lat="31.24261242337524890899658203125" lon="121.51579272933304309844970703125">
        <ele>14</ele>
        <time>2026-09-25T03:59:49.000Z</time>
        <extensions>
          <ns3:TrackPointExtension>
            <ns3:hr>152</ns3:hr>
            <ns3:cad>88</ns3:cad>
          </ns3:TrackPointExtension>
        </extensions>
      </trkpt>
      <trkpt lat="31.24259524047374725341796875" lon="121.515796668827533721923828125">
        <ele>14</ele>
        <time>2026-09-25T03:59:50.000Z</time>
        <extensions>
          <ns3:TrackPointExtension>
            <ns3:hr>153</ns3:hr>
            <ns3:cad>88</ns3:cad>
          </ns3:TrackPointExtension>
        </extensions>
      </trkpt>
      <trkpt lat="31.242563724517822265625" lon="121.51579775847494602203369140625">
        <ele>14</ele>
        <time>2026-09-25T03:59:51.000Z</time>
        <extensions>
          <ns3:TrackPointExtension>
            <ns3:hr>153</ns3:hr>
            <ns3:cad>88</ns3:cad>
          </ns3:TrackPointExtension>
        </extensions>
      </trkpt>
      <trkpt lat="31.24253866262733936309814453125" lon="121.5158005245029926300048828125">
        <ele>14</ele>
        <time>2026-09-25T03:59:52.000Z</time>
        <extensions>
          <ns3:TrackPointExtension>
            <ns3:hr>153</ns3:hr>
            <ns3:cad>89</ns3:cad>
          </ns3:TrackPointExtension>
        </extensions>
      </trkpt>
      <trkpt lat="31.24250345863401889801025390625" lon="121.5158043801784515380859375">
        <ele>13.80000019073486328125</ele>
        <time>2026-09-25T03:59:53.000Z</time>
        <extensions>
          <ns3:TrackPointExtension>
            <ns3:hr>153</ns3:hr>
            <ns3:cad>89</ns3:cad>
          </ns3:TrackPointExtension>
        </extensions>
      </trkpt>
      <trkpt lat="31.24247931875288486480712890625" lon="121.51581133715808391571044921875">
        <ele>14</ele>
        <time>2026-09-25T03:59:54.000Z</time>
        <extensions>
          <ns3:TrackPointExtension>
            <ns3:hr>152</ns3:hr>
            <ns3:cad>91</ns3:cad>
          </ns3:TrackPointExtension>
        </extensions>
      </trkpt>
      <trkpt lat="31.2424458749592304229736328125" lon="121.51582323946058750152587890625">
        <ele>14</ele>
        <time>2026-09-25T03:59:55.000Z</time>
        <extensions>
          <ns3:TrackPointExtension>
            <ns3:hr>153</ns3:hr>
            <ns3:cad>91</ns3:cad>
          </ns3:TrackPointExtension>
        </extensions>
      </trkpt>
      <trkpt lat="31.242421902716159820556640625" lon="121.515830866992473602294921875">
        <ele>14</ele>
        <time>2026-09-25T03:59:56.000Z</time>
        <extensions>
          <ns3:TrackPointExtension>
            <ns3:hr>153</ns3:hr>
            <ns3:cad>89</ns3:cad>
          </ns3:TrackPointExtension>
        </extensions>
      </trkpt>
      <trkpt lat="31.24239047057926654815673828125" lon="121.515835560858249664306640625">
        <ele>14</ele>
        <time>2026-09-25T03:59:57.000Z</time>
        <extensions>
          <ns3:TrackPointExtension>
            <ns3:hr>153</ns3:hr>
            <ns3:cad>89</ns3:cad>
          </ns3:TrackPointExtension>
        </extensions>
      </trkpt>
      <trkpt lat="31.24236633069813251495361328125" lon="121.51583648286759853363037109375">
        <ele>13.80000019073486328125</ele>
        <time>2026-09-25T03:59:58.000Z</time>
        <extensions>
          <ns3:TrackPointExtension>
            <ns3:hr>153</ns3:hr>
            <ns3:cad>88</ns3:cad>
          </ns3:TrackPointExtension>
        </extensions>
      </trkpt>
      <trkpt lat="31.24233464710414409637451171875" lon="121.51583111844956874847412109375">
        <ele>13.80000019073486328125</ele>
        <time>2026-09-25T03:59:59.000Z</time>
        <extensions>
          <ns3:TrackPointExtension>
            <ns3:hr>154</ns3:hr>
            <ns3:cad>88</ns3:cad>
          </ns3:TrackPointExtension>
        </extensions>
      </trkpt>
      <trkpt lat="31.2423100881278514862060546875" lon="121.51582759805023670196533203125">
        <ele>13.80000019073486328125</ele>
        <time>2026-09-25T04:00:00.000Z</time>
        <extensions>
          <ns3:TrackPointExtension>
            <ns3:hr>154</ns3:hr>
            <ns3:cad>90</ns3:cad>
          </ns3:TrackPointExtension>
        </extensions>
      </trkpt>
      <trkpt lat="31.24228284694254398345947265625" lon="121.51582374237477779388427734375">
        <ele>13.6000003814697265625</ele>
        <time>2026-09-25T04:00:01.000Z</time>
        <extensions>
          <ns3:TrackPointExtension>
            <ns3:hr>154</ns3:hr>
            <ns3:cad>90</ns3:cad>
          </ns3:TrackPointExtension>
        </extensions>
      </trkpt>
      <trkpt lat="31.24226130545139312744140625" lon="121.51581904850900173187255859375">
        <ele>13.6000003814697265625</ele>
        <time>2026-09-25T04:00:02.000Z</time>
        <extensions>
          <ns3:TrackPointExtension>
            <ns3:hr>153</ns3:hr>
            <ns3:cad>90</ns3:cad>
          </ns3:TrackPointExtension>
        </extensions>
      </trkpt>
      <trkpt lat="31.24223423190414905548095703125" lon="121.51582189835608005523681640625">
        <ele>13.80000019073486328125</ele>
        <time>2026-09-25T04:00:03.000Z</time>
        <extensions>
          <ns3:TrackPointExtension>
            <ns3:hr>153</ns3:hr>
            <ns3:cad>89</ns3:cad>
          </ns3:TrackPointExtension>
        </extensions>
      </trkpt>
      <trkpt lat="31.242208667099475860595703125" lon="121.51581904850900173187255859375">
        <ele>13.80000019073486328125</ele>
        <time>2026-09-25T04:00:04.000Z</time>
        <extensions>
          <ns3:TrackPointExtension>
            <ns3:hr>153</ns3:hr>
            <ns3:cad>89</ns3:cad>
          </ns3:TrackPointExtension>
        </extensions>
      </trkpt>
      <trkpt lat="31.24218511395156383514404296875" lon="121.5158253349363803863525390625">
        <ele>13.80000019073486328125</ele>
        <time>2026-09-25T04:00:05.000Z</time>
        <extensions>
          <ns3:TrackPointExtension>
            <ns3:hr>154</ns3:hr>
            <ns3:cad>88</ns3:cad>
          </ns3:TrackPointExtension>
        </extensions>
      </trkpt>
      <trkpt lat="31.24215963296592235565185546875" lon="121.5158317051827907562255859375">
        <ele>13.80000019073486328125</ele>
        <time>2026-09-25T04:00:06.000Z</time>
        <extensions>
          <ns3:TrackPointExtension>
            <ns3:hr>154</ns3:hr>
            <ns3:cad>88</ns3:cad>
          </ns3:TrackPointExtension>
        </extensions>
      </trkpt>
      <trkpt lat="31.2421437911689281463623046875" lon="121.51584268547594547271728515625">
        <ele>13.80000019073486328125</ele>
        <time>2026-09-25T04:00:07.000Z</time>
        <extensions>
          <ns3:TrackPointExtension>
            <ns3:hr>154</ns3:hr>
            <ns3:cad>90</ns3:cad>
          </ns3:TrackPointExtension>
        </extensions>
      </trkpt>
      <trkpt lat="31.24211889691650867462158203125" lon="121.51585022918879985809326171875">
        <ele>13.6000003814697265625</ele>
        <time>2026-09-25T04:00:08.000Z</time>
        <extensions>
          <ns3:TrackPointExtension>
            <ns3:hr>155</ns3:hr>
            <ns3:cad>90</ns3:cad>
          </ns3:TrackPointExtension>
        </extensions>
      </trkpt>
      <trkpt lat="31.24209727160632610321044921875" lon="121.51586112566292285919189453125">
        <ele>13.6000003814697265625</ele>
        <time>2026-09-25T04:00:09.000Z</time>
        <extensions>
          <ns3:TrackPointExtension>
            <ns3:hr>155</ns3:hr>
            <ns3:cad>88</ns3:cad>
          </ns3:TrackPointExtension>
        </extensions>
      </trkpt>
      <trkpt lat="31.24206818640232086181640625" lon="121.51587436906993389129638671875">
        <ele>13.6000003814697265625</ele>
        <time>2026-09-25T04:00:10.000Z</time>
        <extensions>
          <ns3:TrackPointExtension>
            <ns3:hr>155</ns3:hr>
            <ns3:cad>88</ns3:cad>
          </ns3:TrackPointExtension>
        </extensions>
      </trkpt>
      <trkpt lat="31.24204832129180431365966796875" lon="121.5158809907734394073486328125">
        <ele>13.3999996185302734375</ele>
        <time>2026-09-25T04:00:11.000Z</time>
        <extensions>
          <ns3:TrackPointExtension>
            <ns3:hr>154</ns3:hr>
            <ns3:cad>87</ns3:cad>
          </ns3:TrackPointExtension>
        </extensions>
      </trkpt>
      <trkpt lat="31.242021583020687103271484375" lon="121.51589029468595981597900390625">
        <ele>13.19999980926513671875</ele>
        <time>2026-09-25T04:00:12.000Z</time>
        <extensions>
          <ns3:TrackPointExtension>
            <ns3:hr>155</ns3:hr>
            <ns3:cad>87</ns3:cad>
          </ns3:TrackPointExtension>
        </extensions>
      </trkpt>
      <trkpt lat="31.242005489766597747802734375" lon="121.51589733548462390899658203125">
        <ele>13.19999980926513671875</ele>
        <time>2026-09-25T04:00:13.000Z</time>
        <extensions>
          <ns3:TrackPointExtension>
            <ns3:hr>155</ns3:hr>
            <ns3:cad>88</ns3:cad>
          </ns3:TrackPointExtension>
        </extensions>
      </trkpt>
      <trkpt lat="31.2419749796390533447265625" lon="121.51590370573103427886962890625">
        <ele>13</ele>
        <time>2026-09-25T04:00:14.000Z</time>
        <extensions>
          <ns3:TrackPointExtension>
            <ns3:hr>155</ns3:hr>
            <ns3:cad>88</ns3:cad>
          </ns3:TrackPointExtension>
        </extensions>
      </trkpt>
      <trkpt lat="31.24195712618529796600341796875" lon="121.51591024361550807952880859375">
        <ele>13</ele>
        <time>2026-09-25T04:00:15.000Z</time>
        <extensions>
          <ns3:TrackPointExtension>
            <ns3:hr>155</ns3:hr>
            <ns3:cad>88</ns3:cad>
          </ns3:TrackPointExtension>
        </extensions>
      </trkpt>
      <trkpt lat="31.241926364600658416748046875" lon="121.51591979898512363433837890625">
        <ele>13</ele>
        <time>2026-09-25T04:00:16.000Z</time>
        <extensions>
          <ns3:TrackPointExtension>
            <ns3:hr>155</ns3:hr>
            <ns3:cad>87</ns3:cad>
          </ns3:TrackPointExtension>
        </extensions>
      </trkpt>
      <trkpt lat="31.24190012924373149871826171875" lon="121.51592901907861232757568359375">
        <ele>13.19999980926513671875</ele>
        <time>2026-09-25T04:00:17.000Z</time>
        <extensions>
          <ns3:TrackPointExtension>
            <ns3:hr>155</ns3:hr>
            <ns3:cad>87</ns3:cad>
          </ns3:TrackPointExtension>
        </extensions>
      </trkpt>
      <trkpt lat="31.24186878092586994171142578125" lon="121.51593253947794437408447265625">
        <ele>13</ele>
        <time>2026-09-25T04:00:18.000Z</time>
        <extensions>
          <ns3:TrackPointExtension>
            <ns3:hr>155</ns3:hr>
            <ns3:cad>87</ns3:cad>
          </ns3:TrackPointExtension>
        </extensions>
      </trkpt>
      <trkpt lat="31.241841875016689300537109375" lon="121.51593019254505634307861328125">
        <ele>13</ele>
        <time>2026-09-25T04:00:19.000Z</time>
        <extensions>
          <ns3:TrackPointExtension>
            <ns3:hr>155</ns3:hr>
            <ns3:cad>89</ns3:cad>
          </ns3:TrackPointExtension>
        </extensions>
      </trkpt>
      <trkpt lat="31.241817064583301544189453125" lon="121.51592968963086605072021484375">
        <ele>13</ele>
        <time>2026-09-25T04:00:20.000Z</time>
        <extensions>
          <ns3:TrackPointExtension>
            <ns3:hr>155</ns3:hr>
            <ns3:cad>89</ns3:cad>
          </ns3:TrackPointExtension>
        </extensions>
      </trkpt>
      <trkpt lat="31.24179602600634098052978515625" lon="121.51592910289764404296875">
        <ele>12.80000019073486328125</ele>
        <time>2026-09-25T04:00:21.000Z</time>
        <extensions>
          <ns3:TrackPointExtension>
            <ns3:hr>155</ns3:hr>
            <ns3:cad>88</ns3:cad>
          </ns3:TrackPointExtension>
        </extensions>
      </trkpt>
      <trkpt lat="31.2417736463248729705810546875" lon="121.515932120382785797119140625">
        <ele>12.80000019073486328125</ele>
        <time>2026-09-25T04:00:22.000Z</time>
        <extensions>
          <ns3:TrackPointExtension>
            <ns3:hr>155</ns3:hr>
            <ns3:cad>88</ns3:cad>
          </ns3:TrackPointExtension>
        </extensions>
      </trkpt>
      <trkpt lat="31.2417531944811344146728515625" lon="121.5159331262111663818359375">
        <ele>12.80000019073486328125</ele>
        <time>2026-09-25T04:00:23.000Z</time>
        <extensions>
          <ns3:TrackPointExtension>
            <ns3:hr>155</ns3:hr>
            <ns3:cad>88</ns3:cad>
          </ns3:TrackPointExtension>
        </extensions>
      </trkpt>
      <trkpt lat="31.241737939417362213134765625" lon="121.51594343595206737518310546875">
        <ele>12.80000019073486328125</ele>
        <time>2026-09-25T04:00:24.000Z</time>
        <extensions>
          <ns3:TrackPointExtension>
            <ns3:hr>155</ns3:hr>
            <ns3:cad>89</ns3:cad>
          </ns3:TrackPointExtension>
        </extensions>
      </trkpt>
      <trkpt lat="31.241715140640735626220703125" lon="121.51594947092235088348388671875">
        <ele>13</ele>
        <time>2026-09-25T04:00:25.000Z</time>
        <extensions>
          <ns3:TrackPointExtension>
            <ns3:hr>154</ns3:hr>
            <ns3:cad>89</ns3:cad>
          </ns3:TrackPointExtension>
        </extensions>
      </trkpt>
      <trkpt lat="31.241696365177631378173828125" lon="121.51595651172101497650146484375">
        <ele>12.80000019073486328125</ele>
        <time>2026-09-25T04:00:26.000Z</time>
        <extensions>
          <ns3:TrackPointExtension>
            <ns3:hr>155</ns3:hr>
            <ns3:cad>89</ns3:cad>
          </ns3:TrackPointExtension>
        </extensions>
      </trkpt>
      <trkpt lat="31.2416744045913219451904296875" lon="121.5159627981483936309814453125">
        <ele>12.80000019073486328125</ele>
        <time>2026-09-25T04:00:27.000Z</time>
        <extensions>
          <ns3:TrackPointExtension>
            <ns3:hr>154</ns3:hr>
            <ns3:cad>88</ns3:cad>
          </ns3:TrackPointExtension>
        </extensions>
      </trkpt>
      <trkpt lat="31.24165336601436138153076171875" lon="121.51597411371767520904541015625">
        <ele>12.6000003814697265625</ele>
        <time>2026-09-25T04:00:28.000Z</time>
        <extensions>
          <ns3:TrackPointExtension>
            <ns3:hr>154</ns3:hr>
            <ns3:cad>88</ns3:cad>
          </ns3:TrackPointExtension>
        </extensions>
      </trkpt>
      <trkpt lat="31.2416304834187030792236328125" lon="121.51597947813570499420166015625">
        <ele>12.6000003814697265625</ele>
        <time>2026-09-25T04:00:29.000Z</time>
        <extensions>
          <ns3:TrackPointExtension>
            <ns3:hr>154</ns3:hr>
            <ns3:cad>88</ns3:cad>
          </ns3:TrackPointExtension>
        </extensions>
      </trkpt>
      <trkpt lat="31.24161028303205966949462890625" lon="121.5159912966191768646240234375">
        <ele>12.6000003814697265625</ele>
        <time>2026-09-25T04:00:30.000Z</time>
        <extensions>
          <ns3:TrackPointExtension>
            <ns3:hr>155</ns3:hr>
            <ns3:cad>88</ns3:cad>
          </ns3:TrackPointExtension>
        </extensions>
      </trkpt>
      <trkpt lat="31.24158698134124279022216796875" lon="121.5159974992275238037109375">
        <ele>12.6000003814697265625</ele>
        <time>2026-09-25T04:00:31.000Z</time>
        <extensions>
          <ns3:TrackPointExtension>
            <ns3:hr>154</ns3:hr>
            <ns3:cad>90</ns3:cad>
          </ns3:TrackPointExtension>
        </extensions>
      </trkpt>
      <trkpt lat="31.2415646016597747802734375" lon="121.51600915007293224334716796875">
        <ele>12.80000019073486328125</ele>
        <time>2026-09-25T04:00:32.000Z</time>
        <extensions>
          <ns3:TrackPointExtension>
            <ns3:hr>154</ns3:hr>
            <ns3:cad>90</ns3:cad>
          </ns3:TrackPointExtension>
        </extensions>
      </trkpt>
      <trkpt lat="31.2415369413793087005615234375" lon="121.51602071709930896759033203125">
        <ele>12.80000019073486328125</ele>
        <time>2026-09-25T04:00:33.000Z</time>
        <extensions>
          <ns3:TrackPointExtension>
            <ns3:hr>155</ns3:hr>
            <ns3:cad>89</ns3:cad>
          </ns3:TrackPointExtension>
        </extensions>
      </trkpt>
      <trkpt lat="31.24151975847780704498291015625" lon="121.51603278703987598419189453125">
        <ele>13</ele>
        <time>2026-09-25T04:00:34.000Z</time>
        <extensions>
          <ns3:TrackPointExtension>
            <ns3:hr>154</ns3:hr>
            <ns3:cad>88</ns3:cad>
          </ns3:TrackPointExtension>
        </extensions>
      </trkpt>
      <trkpt lat="31.2414990551769733428955078125" lon="121.51604871265590190887451171875">
        <ele>13</ele>
        <time>2026-09-25T04:00:35.000Z</time>
        <extensions>
          <ns3:TrackPointExtension>
            <ns3:hr>154</ns3:hr>
            <ns3:cad>88</ns3:cad>
          </ns3:TrackPointExtension>
        </extensions>
      </trkpt>
      <trkpt lat="31.24148371629416942596435546875" lon="121.51606765575706958770751953125">
        <ele>13.19999980926513671875</ele>
        <time>2026-09-25T04:00:36.000Z</time>
        <extensions>
          <ns3:TrackPointExtension>
            <ns3:hr>155</ns3:hr>
            <ns3:cad>88</ns3:cad>
          </ns3:TrackPointExtension>
        </extensions>
      </trkpt>
      <trkpt lat="31.241464354097843170166015625" lon="121.51607771404087543487548828125">
        <ele>13.3999996185302734375</ele>
        <time>2026-09-25T04:00:37.000Z</time>
        <extensions>
          <ns3:TrackPointExtension>
            <ns3:hr>154</ns3:hr>
            <ns3:cad>90</ns3:cad>
          </ns3:TrackPointExtension>
        </extensions>
      </trkpt>
      <trkpt lat="31.2414437346160411834716796875" lon="121.516088359057903289794921875">
        <ele>13.3999996185302734375</ele>
        <time>2026-09-25T04:00:38.000Z</time>
        <extensions>
          <ns3:TrackPointExtension>
            <ns3:hr>154</ns3:hr>
            <ns3:cad>90</ns3:cad>
          </ns3:TrackPointExtension>
        </extensions>
      </trkpt>
      <trkpt lat="31.24141984619200229644775390625" lon="121.516097746789455413818359375">
        <ele>13.3999996185302734375</ele>
        <time>2026-09-25T04:00:39.000Z</time>
        <extensions>
          <ns3:TrackPointExtension>
            <ns3:hr>155</ns3:hr>
            <ns3:cad>89</ns3:cad>
          </ns3:TrackPointExtension>
        </extensions>
      </trkpt>
      <trkpt lat="31.24139964580535888671875" lon="121.5161047875881195068359375">
        <ele>13.19999980926513671875</ele>
        <time>2026-09-25T04:00:40.000Z</time>
        <extensions>
          <ns3:TrackPointExtension>
            <ns3:hr>155</ns3:hr>
            <ns3:cad>89</ns3:cad>
          </ns3:TrackPointExtension>
        </extensions>
      </trkpt>
      <trkpt lat="31.24137743376195430755615234375" lon="121.516109816730022430419921875">
        <ele>13</ele>
        <time>2026-09-25T04:00:41.000Z</time>
        <extensions>
          <ns3:TrackPointExtension>
            <ns3:hr>155</ns3:hr>
            <ns3:cad>89</ns3:cad>
          </ns3:TrackPointExtension>
        </extensions>
      </trkpt>
      <trkpt lat="31.24135731719434261322021484375" lon="121.51611593551933765411376953125">
        <ele>13</ele>
        <time>2026-09-25T04:00:42.000Z</time>
        <extensions>
          <ns3:TrackPointExtension>
            <ns3:hr>154</ns3:hr>
            <ns3:cad>89</ns3:cad>
          </ns3:TrackPointExtension>
        </extensions>
      </trkpt>
      <trkpt lat="31.24133233912289142608642578125" lon="121.5161342918872833251953125">
        <ele>12.80000019073486328125</ele>
        <time>2026-09-25T04:00:43.000Z</time>
        <extensions>
          <ns3:TrackPointExtension>
            <ns3:hr>155</ns3:hr>
            <ns3:cad>90</ns3:cad>
          </ns3:TrackPointExtension>
        </extensions>
      </trkpt>
      <trkpt lat="31.24131037853658199310302734375" lon="121.516141332685947418212890625">
        <ele>13</ele>
        <time>2026-09-25T04:00:44.000Z</time>
        <extensions>
          <ns3:TrackPointExtension>
            <ns3:hr>155</ns3:hr>
            <ns3:cad>90</ns3:cad>
          </ns3:TrackPointExtension>
        </extensions>
      </trkpt>
      <trkpt lat="31.2412869930267333984375" lon="121.51615432463586330413818359375">
        <ele>13</ele>
        <time>2026-09-25T04:00:45.000Z</time>
        <extensions>
          <ns3:TrackPointExtension>
            <ns3:hr>154</ns3:hr>
            <ns3:cad>89</ns3:cad>
          </ns3:TrackPointExtension>
        </extensions>
      </trkpt>
      <trkpt lat="31.2412673793733119964599609375" lon="121.51616538874804973602294921875">
        <ele>13</ele>
        <time>2026-09-25T04:00:46.000Z</time>
        <extensions>
          <ns3:TrackPointExtension>
            <ns3:hr>155</ns3:hr>
            <ns3:cad>88</ns3:cad>
          </ns3:TrackPointExtension>
        </extensions>
      </trkpt>
      <trkpt lat="31.2412361986935138702392578125" lon="121.51618114672601222991943359375">
        <ele>13.19999980926513671875</ele>
        <time>2026-09-25T04:00:47.000Z</time>
        <extensions>
          <ns3:TrackPointExtension>
            <ns3:hr>155</ns3:hr>
            <ns3:cad>88</ns3:cad>
          </ns3:TrackPointExtension>
        </extensions>
      </trkpt>
      <trkpt lat="31.2412159144878387451171875" lon="121.516200006008148193359375">
        <ele>13.19999980926513671875</ele>
        <time>2026-09-25T04:00:48.000Z</time>
        <extensions>
          <ns3:TrackPointExtension>
            <ns3:hr>155</ns3:hr>
            <ns3:cad>88</ns3:cad>
          </ns3:TrackPointExtension>
        </extensions>
      </trkpt>
      <trkpt lat="31.2411895953118801116943359375" lon="121.51621718890964984893798828125">
        <ele>13.3999996185302734375</ele>
        <time>2026-09-25T04:00:49.000Z</time>
        <extensions>
          <ns3:TrackPointExtension>
            <ns3:hr>154</ns3:hr>
            <ns3:cad>90</ns3:cad>
          </ns3:TrackPointExtension>
        </extensions>
      </trkpt>
      <trkpt lat="31.2411721609532833099365234375" lon="121.5162266604602336883544921875">
        <ele>13.3999996185302734375</ele>
        <time>2026-09-25T04:00:50.000Z</time>
        <extensions>
          <ns3:TrackPointExtension>
            <ns3:hr>154</ns3:hr>
            <ns3:cad>90</ns3:cad>
          </ns3:TrackPointExtension>
        </extensions>
      </trkpt>
      <trkpt lat="31.241144835948944091796875" lon="121.51624032296240329742431640625">
        <ele>13.3999996185302734375</ele>
        <time>2026-09-25T04:00:51.000Z</time>
        <extensions>
          <ns3:TrackPointExtension>
            <ns3:hr>155</ns3:hr>
            <ns3:cad>89</ns3:cad>
          </ns3:TrackPointExtension>
        </extensions>
      </trkpt>
      <trkpt lat="31.24112715013325214385986328125" lon="121.51625356636941432952880859375">
        <ele>13.3999996185302734375</ele>
        <time>2026-09-25T04:00:52.000Z</time>
        <extensions>
          <ns3:TrackPointExtension>
            <ns3:hr>155</ns3:hr>
            <ns3:cad>89</ns3:cad>
          </ns3:TrackPointExtension>
        </extensions>
      </trkpt>
      <trkpt lat="31.241104938089847564697265625" lon="121.51626748032867908477783203125">
        <ele>13.3999996185302734375</ele>
        <time>2026-09-25T04:00:53.000Z</time>
        <extensions>
          <ns3:TrackPointExtension>
            <ns3:hr>155</ns3:hr>
            <ns3:cad>89</ns3:cad>
          </ns3:TrackPointExtension>
        </extensions>
      </trkpt>
      <trkpt lat="31.241085492074489593505859375" lon="121.51627686806023120880126953125">
        <ele>13.3999996185302734375</ele>
        <time>2026-09-25T04:00:54.000Z</time>
        <extensions>
          <ns3:TrackPointExtension>
            <ns3:hr>155</ns3:hr>
            <ns3:cad>90</ns3:cad>
          </ns3:TrackPointExtension>
        </extensions>
      </trkpt>
      <trkpt lat="31.241059340536594390869140625" lon="121.51629589498043060302734375">
        <ele>13.3999996185302734375</ele>
        <time>2026-09-25T04:00:55.000Z</time>
        <extensions>
          <ns3:TrackPointExtension>
            <ns3:hr>155</ns3:hr>
            <ns3:cad>90</ns3:cad>
          </ns3:TrackPointExtension>
        </extensions>
      </trkpt>
      <trkpt lat="31.24104358255863189697265625" lon="121.51631492190062999725341796875">
        <ele>13.3999996185302734375</ele>
        <time>2026-09-25T04:00:56.000Z</time>
        <extensions>
          <ns3:TrackPointExtension>
            <ns3:hr>155</ns3:hr>
            <ns3:cad>90</ns3:cad>
          </ns3:TrackPointExtension>
        </extensions>
      </trkpt>
      <trkpt lat="31.2410186044871807098388671875" lon="121.51633939705789089202880859375">
        <ele>13.3999996185302734375</ele>
        <time>2026-09-25T04:00:57.000Z</time>
        <extensions>
          <ns3:TrackPointExtension>
            <ns3:hr>154</ns3:hr>
            <ns3:cad>88</ns3:cad>
          </ns3:TrackPointExtension>
        </extensions>
      </trkpt>
      <trkpt lat="31.2409978173673152923583984375" lon="121.5163503773510456085205078125">
        <ele>13.3999996185302734375</ele>
        <time>2026-09-25T04:00:58.000Z</time>
        <extensions>
          <ns3:TrackPointExtension>
            <ns3:hr>155</ns3:hr>
            <ns3:cad>88</ns3:cad>
          </ns3:TrackPointExtension>
        </extensions>
      </trkpt>
      <trkpt lat="31.2409713305532932281494140625" lon="121.51636152528226375579833984375">
        <ele>13.6000003814697265625</ele>
        <time>2026-09-25T04:00:59.000Z</time>
        <extensions>
          <ns3:TrackPointExtension>
            <ns3:hr>155</ns3:hr>
            <ns3:cad>89</ns3:cad>
          </ns3:TrackPointExtension>
        </extensions>
      </trkpt>
      <trkpt lat="31.24095104634761810302734375" lon="121.5163674764335155487060546875">
        <ele>13.6000003814697265625</ele>
        <time>2026-09-25T04:01:00.000Z</time>
        <extensions>
          <ns3:TrackPointExtension>
            <ns3:hr>154</ns3:hr>
            <ns3:cad>89</ns3:cad>
          </ns3:TrackPointExtension>
        </extensions>
      </trkpt>
      <trkpt lat="31.2409253977239131927490234375" lon="121.51637812145054340362548828125">
        <ele>13.6000003814697265625</ele>
        <time>2026-09-25T04:01:01.000Z</time>
        <extensions>
          <ns3:TrackPointExtension>
            <ns3:hr>154</ns3:hr>
            <ns3:cad>90</ns3:cad>
          </ns3:TrackPointExtension>
        </extensions>
      </trkpt>
      <trkpt lat="31.2409089691936969757080078125" lon="121.51638382114470005035400390625">
        <ele>13.6000003814697265625</ele>
        <time>2026-09-25T04:01:02.000Z</time>
        <extensions>
          <ns3:TrackPointExtension>
            <ns3:hr>155</ns3:hr>
            <ns3:cad>90</ns3:cad>
          </ns3:TrackPointExtension>
        </extensions>
      </trkpt>
      <trkpt lat="31.24088256619870662689208984375" lon="121.51639672927558422088623046875">
        <ele>13.80000019073486328125</ele>
        <time>2026-09-25T04:01:03.000Z</time>
        <extensions>
          <ns3:TrackPointExtension>
            <ns3:hr>155</ns3:hr>
            <ns3:cad>89</ns3:cad>
          </ns3:TrackPointExtension>
        </extensions>
      </trkpt>
      <trkpt lat="31.24086244963109493255615234375" lon="121.51641131378710269927978515625">
        <ele>14</ele>
        <time>2026-09-25T04:01:04.000Z</time>
        <extensions>
          <ns3:TrackPointExtension>
            <ns3:hr>155</ns3:hr>
            <ns3:cad>89</ns3:cad>
          </ns3:TrackPointExtension>
        </extensions>
      </trkpt>
      <trkpt lat="31.24083914794027805328369140625" lon="121.51642858050763607025146484375">
        <ele>14</ele>
        <time>2026-09-25T04:01:05.000Z</time>
        <extensions>
          <ns3:TrackPointExtension>
            <ns3:hr>154</ns3:hr>
            <ns3:cad>89</ns3:cad>
          </ns3:TrackPointExtension>
        </extensions>
      </trkpt>
      <trkpt lat="31.24081668443977832794189453125" lon="121.51643444783985614776611328125">
        <ele>14</ele>
        <time>2026-09-25T04:01:06.000Z</time>
        <extensions>
          <ns3:TrackPointExtension>
            <ns3:hr>155</ns3:hr>
            <ns3:cad>89</ns3:cad>
          </ns3:TrackPointExtension>
        </extensions>
      </trkpt>
      <trkpt lat="31.240791119635105133056640625" lon="121.51643847115337848663330078125">
        <ele>14</ele>
        <time>2026-09-25T04:01:07.000Z</time>
        <extensions>
          <ns3:TrackPointExtension>
            <ns3:hr>155</ns3:hr>
            <ns3:cad>90</ns3:cad>
          </ns3:TrackPointExtension>
        </extensions>
      </trkpt>
      <trkpt lat="31.2407706677913665771484375" lon="121.51643964461982250213623046875">
        <ele>14</ele>
        <time>2026-09-25T04:01:08.000Z</time>
        <extensions>
          <ns3:TrackPointExtension>
            <ns3:hr>154</ns3:hr>
            <ns3:cad>90</ns3:cad>
          </ns3:TrackPointExtension>
        </extensions>
      </trkpt>
      <trkpt lat="31.24074719846248626708984375" lon="121.51644517667591571807861328125">
        <ele>13.80000019073486328125</ele>
        <time>2026-09-25T04:01:09.000Z</time>
        <extensions>
          <ns3:TrackPointExtension>
            <ns3:hr>155</ns3:hr>
            <ns3:cad>89</ns3:cad>
          </ns3:TrackPointExtension>
        </extensions>
      </trkpt>
      <trkpt lat="31.24072615988552570343017578125" lon="121.5164509601891040802001953125">
        <ele>13.80000019073486328125</ele>
        <time>2026-09-25T04:01:10.000Z</time>
        <extensions>
          <ns3:TrackPointExtension>
            <ns3:hr>155</ns3:hr>
            <ns3:cad>89</ns3:cad>
          </ns3:TrackPointExtension>
        </extensions>
      </trkpt>
      <trkpt lat="31.24070822261273860931396484375" lon="121.51646311394870281219482421875">
        <ele>14</ele>
        <time>2026-09-25T04:01:11.000Z</time>
        <extensions>
          <ns3:TrackPointExtension>
            <ns3:hr>155</ns3:hr>
            <ns3:cad>88</ns3:cad>
          </ns3:TrackPointExtension>
        </extensions>
      </trkpt>
      <trkpt lat="31.2406816519796848297119140625" lon="121.5164749324321746826171875">
        <ele>14</ele>
        <time>2026-09-25T04:01:12.000Z</time>
        <extensions>
          <ns3:TrackPointExtension>
            <ns3:hr>154</ns3:hr>
            <ns3:cad>89</ns3:cad>
          </ns3:TrackPointExtension>
        </extensions>
      </trkpt>
      <trkpt lat="31.240667738020420074462890625" lon="121.5164925344288349151611328125">
        <ele>14</ele>
        <time>2026-09-25T04:01:13.000Z</time>
        <extensions>
          <ns3:TrackPointExtension>
            <ns3:hr>155</ns3:hr>
            <ns3:cad>89</ns3:cad>
          </ns3:TrackPointExtension>
        </extensions>
      </trkpt>
      <trkpt lat="31.24064368195831775665283203125" lon="121.51650401763617992401123046875">
        <ele>14</ele>
        <time>2026-09-25T04:01:14.000Z</time>
        <extensions>
          <ns3:TrackPointExtension>
            <ns3:hr>155</ns3:hr>
            <ns3:cad>89</ns3:cad>
          </ns3:TrackPointExtension>
        </extensions>
      </trkpt>
      <trkpt lat="31.24062641523778438568115234375" lon="121.5165173448622226715087890625">
        <ele>14</ele>
        <time>2026-09-25T04:01:15.000Z</time>
        <extensions>
          <ns3:TrackPointExtension>
            <ns3:hr>154</ns3:hr>
            <ns3:cad>88</ns3:cad>
          </ns3:TrackPointExtension>
        </extensions>
      </trkpt>
      <trkpt lat="31.24060194008052349090576171875" lon="121.516527235507965087890625">
        <ele>14</ele>
        <time>2026-09-25T04:01:16.000Z</time>
        <extensions>
          <ns3:TrackPointExtension>
            <ns3:hr>155</ns3:hr>
            <ns3:cad>88</ns3:cad>
          </ns3:TrackPointExtension>
        </extensions>
      </trkpt>
      <trkpt lat="31.240581236779689788818359375" lon="121.516537629067897796630859375">
        <ele>14</ele>
        <time>2026-09-25T04:01:17.000Z</time>
        <extensions>
          <ns3:TrackPointExtension>
            <ns3:hr>155</ns3:hr>
            <ns3:cad>87</ns3:cad>
          </ns3:TrackPointExtension>
        </extensions>
      </trkpt>
      <trkpt lat="31.24055349268019199371337890625" lon="121.516544334590435028076171875">
        <ele>14</ele>
        <time>2026-09-25T04:01:18.000Z</time>
        <extensions>
          <ns3:TrackPointExtension>
            <ns3:hr>156</ns3:hr>
            <ns3:cad>87</ns3:cad>
          </ns3:TrackPointExtension>
        </extensions>
      </trkpt>
      <trkpt lat="31.2405321188271045684814453125" lon="121.516554392874240875244140625">
        <ele>13.80000019073486328125</ele>
        <time>2026-09-25T04:01:19.000Z</time>
        <extensions>
          <ns3:TrackPointExtension>
            <ns3:hr>156</ns3:hr>
            <ns3:cad>89</ns3:cad>
          </ns3:TrackPointExtension>
        </extensions>
      </trkpt>
      <trkpt lat="31.2405069731175899505615234375" lon="121.5165661275386810302734375">
        <ele>13.80000019073486328125</ele>
        <time>2026-09-25T04:01:20.000Z</time>
        <extensions>
          <ns3:TrackPointExtension>
            <ns3:hr>155</ns3:hr>
            <ns3:cad>89</ns3:cad>
          </ns3:TrackPointExtension>
        </extensions>
      </trkpt>
      <trkpt lat="31.240486688911914825439453125" lon="121.51658314280211925506591796875">
        <ele>13.6000003814697265625</ele>
        <time>2026-09-25T04:01:21.000Z</time>
        <extensions>
          <ns3:TrackPointExtension>
            <ns3:hr>156</ns3:hr>
            <ns3:cad>89</ns3:cad>
          </ns3:TrackPointExtension>
        </extensions>
      </trkpt>
      <trkpt lat="31.240465231239795684814453125" lon="121.5165974758565425872802734375">
        <ele>13.6000003814697265625</ele>
        <time>2026-09-25T04:01:22.000Z</time>
        <extensions>
          <ns3:TrackPointExtension>
            <ns3:hr>155</ns3:hr>
            <ns3:cad>88</ns3:cad>
          </ns3:TrackPointExtension>
        </extensions>
      </trkpt>
      <trkpt lat="31.24044519849121570587158203125" lon="121.51660895906388759613037109375">
        <ele>13.6000003814697265625</ele>
        <time>2026-09-25T04:01:23.000Z</time>
        <extensions>
          <ns3:TrackPointExtension>
            <ns3:hr>156</ns3:hr>
            <ns3:cad>88</ns3:cad>
          </ns3:TrackPointExtension>
        </extensions>
      </trkpt>
      <trkpt lat="31.24041619710624217987060546875" lon="121.5166175924241542816162109375">
        <ele>13.80000019073486328125</ele>
        <time>2026-09-25T04:01:24.000Z</time>
        <extensions>
          <ns3:TrackPointExtension>
            <ns3:hr>156</ns3:hr>
            <ns3:cad>88</ns3:cad>
          </ns3:TrackPointExtension>
        </extensions>
      </trkpt>
      <trkpt lat="31.24039046466350555419921875" lon="121.516624130308628082275390625">
        <ele>13.80000019073486328125</ele>
        <time>2026-09-25T04:01:25.000Z</time>
        <extensions>
          <ns3:TrackPointExtension>
            <ns3:hr>156</ns3:hr>
            <ns3:cad>90</ns3:cad>
          </ns3:TrackPointExtension>
        </extensions>
      </trkpt>
      <trkpt lat="31.2403554283082485198974609375" lon="121.51663108728826045989990234375">
        <ele>13.80000019073486328125</ele>
        <time>2026-09-25T04:01:26.000Z</time>
        <extensions>
          <ns3:TrackPointExtension>
            <ns3:hr>156</ns3:hr>
            <ns3:cad>90</ns3:cad>
          </ns3:TrackPointExtension>
        </extensions>
      </trkpt>
      <trkpt lat="31.24033472500741481781005859375" lon="121.5166310034692287445068359375">
        <ele>14</ele>
        <time>2026-09-25T04:01:27.000Z</time>
        <extensions>
          <ns3:TrackPointExtension>
            <ns3:hr>155</ns3:hr>
            <ns3:cad>88</ns3:cad>
          </ns3:TrackPointExtension>
        </extensions>
      </trkpt>
      <trkpt lat="31.24031024985015392303466796875" lon="121.516640223562717437744140625">
        <ele>14</ele>
        <time>2026-09-25T04:01:28.000Z</time>
        <extensions>
          <ns3:TrackPointExtension>
            <ns3:hr>156</ns3:hr>
            <ns3:cad>87</ns3:cad>
          </ns3:TrackPointExtension>
        </extensions>
      </trkpt>
      <trkpt lat="31.240286193788051605224609375" lon="121.51664567179977893829345703125">
        <ele>13.80000019073486328125</ele>
        <time>2026-09-25T04:01:29.000Z</time>
        <extensions>
          <ns3:TrackPointExtension>
            <ns3:hr>156</ns3:hr>
            <ns3:cad>87</ns3:cad>
          </ns3:TrackPointExtension>
        </extensions>
      </trkpt>
      <trkpt lat="31.24027269892394542694091796875" lon="121.5166497789323329925537109375">
        <ele>14</ele>
        <time>2026-09-25T04:01:30.000Z</time>
        <extensions>
          <ns3:TrackPointExtension>
            <ns3:hr>155</ns3:hr>
            <ns3:cad>87</ns3:cad>
          </ns3:TrackPointExtension>
        </extensions>
      </trkpt>
      <trkpt lat="31.240152083337306976318359375" lon="121.51723475195467472076416015625">
        <ele>13.3999996185302734375</ele>
        <time>2026-09-25T04:02:42.000Z</time>
        <extensions>
          <ns3:TrackPointExtension>
            <ns3:hr>128</ns3:hr>
            <ns3:cad>0</ns3:cad>
          </ns3:TrackPointExtension>
        </extensions>
      </trkpt>
      <trkpt lat="31.24013699591159820556640625" lon="121.5172264538705348968505859375">
        <ele>13.3999996185302734375</ele>
        <time>2026-09-25T04:02:43.000Z</time>
        <extensions>
          <ns3:TrackPointExtension>
            <ns3:hr>128</ns3:hr>
            <ns3:cad>0</ns3:cad>
          </ns3:TrackPointExtension>
        </extensions>
      </trkpt>
      <trkpt lat="31.24012467451393604278564453125" lon="121.51719653047621250152587890625">
        <ele>13.19999980926513671875</ele>
        <time>2026-09-25T04:02:44.000Z</time>
        <extensions>
          <ns3:TrackPointExtension>
            <ns3:hr>127</ns3:hr>
            <ns3:cad>0</ns3:cad>
          </ns3:TrackPointExtension>
        </extensions>
      </trkpt>
      <trkpt lat="31.24010757543146610260009765625" lon="121.51717440225183963775634765625">
        <ele>13.19999980926513671875</ele>
        <time>2026-09-25T04:02:45.000Z</time>
        <extensions>
          <ns3:TrackPointExtension>
            <ns3:hr>127</ns3:hr>
            <ns3:cad>83</ns3:cad>
          </ns3:TrackPointExtension>
        </extensions>
      </trkpt>
      <trkpt lat="31.2400892190635204315185546875" lon="121.51714841835200786590576171875">
        <ele>13.19999980926513671875</ele>
        <time>2026-09-25T04:02:46.000Z</time>
        <extensions>
          <ns3:TrackPointExtension>
            <ns3:hr>127</ns3:hr>
            <ns3:cad>83</ns3:cad>
          </ns3:TrackPointExtension>
        </extensions>
      </trkpt>
      <trkpt lat="31.24007538892328739166259765625" lon="121.51712276972830295562744140625">
        <ele>13</ele>
        <time>2026-09-25T04:02:47.000Z</time>
        <extensions>
          <ns3:TrackPointExtension>
            <ns3:hr>126</ns3:hr>
            <ns3:cad>86</ns3:cad>
          </ns3:TrackPointExtension>
        </extensions>
      </trkpt>
      <trkpt lat="31.2400610558688640594482421875" lon="121.51709787547588348388671875">
        <ele>13</ele>
        <time>2026-09-25T04:02:48.000Z</time>
        <extensions>
          <ns3:TrackPointExtension>
            <ns3:hr>128</ns3:hr>
            <ns3:cad>87</ns3:cad>
          </ns3:TrackPointExtension>
        </extensions>
      </trkpt>
      <trkpt lat="31.240047477185726165771484375" lon="121.51708169840276241302490234375">
        <ele>13</ele>
        <time>2026-09-25T04:02:49.000Z</time>
        <extensions>
          <ns3:TrackPointExtension>
            <ns3:hr>129</ns3:hr>
            <ns3:cad>87</ns3:cad>
          </ns3:TrackPointExtension>
        </extensions>
      </trkpt>
      <trkpt lat="31.24003850854933261871337890625" lon="121.5170542895793914794921875">
        <ele>13</ele>
        <time>2026-09-25T04:02:50.000Z</time>
        <extensions>
          <ns3:TrackPointExtension>
            <ns3:hr>130</ns3:hr>
            <ns3:cad>88</ns3:cad>
          </ns3:TrackPointExtension>
        </extensions>
      </trkpt>
      <trkpt lat="31.2400318868458271026611328125" lon="121.51702503673732280731201171875">
        <ele>13</ele>
        <time>2026-09-25T04:02:51.000Z</time>
        <extensions>
          <ns3:TrackPointExtension>
            <ns3:hr>131</ns3:hr>
            <ns3:cad>88</ns3:cad>
          </ns3:TrackPointExtension>
        </extensions>
      </trkpt>
      <trkpt lat="31.24002694152295589447021484375" lon="121.517013721168041229248046875">
        <ele>13.19999980926513671875</ele>
        <time>2026-09-25T04:02:52.000Z</time>
        <extensions>
          <ns3:TrackPointExtension>
            <ns3:hr>131</ns3:hr>
            <ns3:cad>88</ns3:cad>
          </ns3:TrackPointExtension>
        </extensions>
      </trkpt>
      <trkpt lat="31.24002300202846527099609375" lon="121.51699469424784183502197265625">
        <ele>13.19999980926513671875</ele>
        <time>2026-09-25T04:02:53.000Z</time>
        <extensions>
          <ns3:TrackPointExtension>
            <ns3:hr>131</ns3:hr>
            <ns3:cad>88</ns3:cad>
          </ns3:TrackPointExtension>
        </extensions>
      </trkpt>
      <trkpt lat="31.2400127761065959930419921875" lon="121.51697449386119842529296875">
        <ele>13.19999980926513671875</ele>
        <time>2026-09-25T04:02:54.000Z</time>
        <extensions>
          <ns3:TrackPointExtension>
            <ns3:hr>132</ns3:hr>
            <ns3:cad>88</ns3:cad>
          </ns3:TrackPointExtension>
        </extensions>
      </trkpt>
      <trkpt lat="31.2400047294795513153076171875" lon="121.516940630972385406494140625">
        <ele>13.3999996185302734375</ele>
        <time>2026-09-25T04:02:55.000Z</time>
        <extensions>
          <ns3:TrackPointExtension>
            <ns3:hr>132</ns3:hr>
            <ns3:cad>89</ns3:cad>
          </ns3:TrackPointExtension>
        </extensions>
      </trkpt>
      <trkpt lat="31.23998922295868396759033203125" lon="121.5169253759086132049560546875">
        <ele>13.3999996185302734375</ele>
        <time>2026-09-25T04:02:56.000Z</time>
        <extensions>
          <ns3:TrackPointExtension>
            <ns3:hr>132</ns3:hr>
            <ns3:cad>89</ns3:cad>
          </ns3:TrackPointExtension>
        </extensions>
      </trkpt>
      <trkpt lat="31.23995753936469554901123046875" lon="121.51691691018640995025634765625">
        <ele>13.6000003814697265625</ele>
        <time>2026-09-25T04:02:57.000Z</time>
        <extensions>
          <ns3:TrackPointExtension>
            <ns3:hr>132</ns3:hr>
            <ns3:cad>89</ns3:cad>
          </ns3:TrackPointExtension>
        </extensions>
      </trkpt>
      <trkpt lat="31.239927448332309722900390625" lon="121.51691221632063388824462890625">
        <ele>13.6000003814697265625</ele>
        <time>2026-09-25T04:02:58.000Z</time>
        <extensions>
          <ns3:TrackPointExtension>
            <ns3:hr>132</ns3:hr>
            <ns3:cad>89</ns3:cad>
          </ns3:TrackPointExtension>
        </extensions>
      </trkpt>
      <trkpt lat="31.23989031650125980377197265625" lon="121.5169112943112850189208984375">
        <ele>13.3999996185302734375</ele>
        <time>2026-09-25T04:02:59.000Z</time>
        <extensions>
          <ns3:TrackPointExtension>
            <ns3:hr>132</ns3:hr>
            <ns3:cad>89</ns3:cad>
          </ns3:TrackPointExtension>
        </extensions>
      </trkpt>
      <trkpt lat="31.2398645840585231781005859375" lon="121.516915149986743927001953125">
        <ele>13.3999996185302734375</ele>
        <time>2026-09-25T04:03:00.000Z</time>
        <extensions>
          <ns3:TrackPointExtension>
            <ns3:hr>132</ns3:hr>
            <ns3:cad>89</ns3:cad>
          </ns3:TrackPointExtension>
        </extensions>
      </trkpt>
      <trkpt lat="31.23983549885451793670654296875" lon="121.51692219078540802001953125">
        <ele>13.3999996185302734375</ele>
        <time>2026-09-25T04:03:01.000Z</time>
        <extensions>
          <ns3:TrackPointExtension>
            <ns3:hr>132</ns3:hr>
            <ns3:cad>90</ns3:cad>
          </ns3:TrackPointExtension>
        </extensions>
      </trkpt>
      <trkpt lat="31.23981102369725704193115234375" lon="121.5169287286698818206787109375">
        <ele>13.19999980926513671875</ele>
        <time>2026-09-25T04:03:02.000Z</time>
        <extensions>
          <ns3:TrackPointExtension>
            <ns3:hr>133</ns3:hr>
            <ns3:cad>91</ns3:cad>
          </ns3:TrackPointExtension>
        </extensions>
      </trkpt>
      <trkpt lat="31.23978990130126476287841796875" lon="121.5169441513717174530029296875">
        <ele>13.3999996185302734375</ele>
        <time>2026-09-25T04:03:03.000Z</time>
        <extensions>
          <ns3:TrackPointExtension>
            <ns3:hr>133</ns3:hr>
            <ns3:cad>91</ns3:cad>
          </ns3:TrackPointExtension>
        </extensions>
      </trkpt>
      <trkpt lat="31.23977162875235080718994140625" lon="121.51695060543715953826904296875">
        <ele>13.3999996185302734375</ele>
        <time>2026-09-25T04:03:04.000Z</time>
        <extensions>
          <ns3:TrackPointExtension>
            <ns3:hr>134</ns3:hr>
            <ns3:cad>92</ns3:cad>
          </ns3:TrackPointExtension>
        </extensions>
      </trkpt>
      <trkpt lat="31.2397448904812335968017578125" lon="121.5169646032154560089111328125">
        <ele>13.6000003814697265625</ele>
        <time>2026-09-25T04:03:05.000Z</time>
        <extensions>
          <ns3:TrackPointExtension>
            <ns3:hr>134</ns3:hr>
            <ns3:cad>92</ns3:cad>
          </ns3:TrackPointExtension>
        </extensions>
      </trkpt>
      <trkpt lat="31.2397254444658756256103515625" lon="121.51697658933699131011962890625">
        <ele>13.80000019073486328125</ele>
        <time>2026-09-25T04:03:06.000Z</time>
        <extensions>
          <ns3:TrackPointExtension>
            <ns3:hr>135</ns3:hr>
            <ns3:cad>90</ns3:cad>
          </ns3:TrackPointExtension>
        </extensions>
      </trkpt>
      <trkpt lat="31.239704824984073638916015625" lon="121.516987569630146026611328125">
        <ele>13.80000019073486328125</ele>
        <time>2026-09-25T04:03:07.000Z</time>
        <extensions>
          <ns3:TrackPointExtension>
            <ns3:hr>136</ns3:hr>
            <ns3:cad>90</ns3:cad>
          </ns3:TrackPointExtension>
        </extensions>
      </trkpt>
      <trkpt lat="31.239682696759700775146484375" lon="121.51699854992330074310302734375">
        <ele>13.80000019073486328125</ele>
        <time>2026-09-25T04:03:08.000Z</time>
        <extensions>
          <ns3:TrackPointExtension>
            <ns3:hr>137</ns3:hr>
            <ns3:cad>90</ns3:cad>
          </ns3:TrackPointExtension>
        </extensions>
      </trkpt>
      <trkpt lat="31.23965696431696414947509765625" lon="121.51700844056904315948486328125">
        <ele>14</ele>
        <time>2026-09-25T04:03:09.000Z</time>
        <extensions>
          <ns3:TrackPointExtension>
            <ns3:hr>137</ns3:hr>
            <ns3:cad>89</ns3:cad>
          </ns3:TrackPointExtension>
        </extensions>
      </trkpt>
      <trkpt lat="31.23963274061679840087890625" lon="121.51701816357672214508056640625">
        <ele>14.19999980926513671875</ele>
        <time>2026-09-25T04:03:10.000Z</time>
        <extensions>
          <ns3:TrackPointExtension>
            <ns3:hr>138</ns3:hr>
            <ns3:cad>88</ns3:cad>
          </ns3:TrackPointExtension>
        </extensions>
      </trkpt>
      <trkpt lat="31.23960868455469608306884765625" lon="121.5170279704034328460693359375">
        <ele>14.19999980926513671875</ele>
        <time>2026-09-25T04:03:11.000Z</time>
        <extensions>
          <ns3:TrackPointExtension>
            <ns3:hr>139</ns3:hr>
            <ns3:cad>88</ns3:cad>
          </ns3:TrackPointExtension>
        </extensions>
      </trkpt>
      <trkpt lat="31.239588819444179534912109375" lon="121.51704297401010990142822265625">
        <ele>14.19999980926513671875</ele>
        <time>2026-09-25T04:03:12.000Z</time>
        <extensions>
          <ns3:TrackPointExtension>
            <ns3:hr>139</ns3:hr>
            <ns3:cad>88</ns3:cad>
          </ns3:TrackPointExtension>
        </extensions>
      </trkpt>
      <trkpt lat="31.23956560157239437103271484375" lon="121.51705185882747173309326171875">
        <ele>14.19999980926513671875</ele>
        <time>2026-09-25T04:03:13.000Z</time>
        <extensions>
          <ns3:TrackPointExtension>
            <ns3:hr>140</ns3:hr>
            <ns3:cad>88</ns3:cad>
          </ns3:TrackPointExtension>
        </extensions>
      </trkpt>
      <trkpt lat="31.2395427189767360687255859375" lon="121.517057307064533233642578125">
        <ele>14.19999980926513671875</ele>
        <time>2026-09-25T04:03:14.000Z</time>
        <extensions>
          <ns3:TrackPointExtension>
            <ns3:hr>140</ns3:hr>
            <ns3:cad>89</ns3:cad>
          </ns3:TrackPointExtension>
        </extensions>
      </trkpt>
      <trkpt lat="31.2395185790956020355224609375" lon="121.51706761680543422698974609375">
        <ele>14.19999980926513671875</ele>
        <time>2026-09-25T04:03:15.000Z</time>
        <extensions>
          <ns3:TrackPointExtension>
            <ns3:hr>140</ns3:hr>
            <ns3:cad>89</ns3:cad>
          </ns3:TrackPointExtension>
        </extensions>
      </trkpt>
      <trkpt lat="31.23949871398508548736572265625" lon="121.51707767508924007415771484375">
        <ele>14.19999980926513671875</ele>
        <time>2026-09-25T04:03:16.000Z</time>
        <extensions>
          <ns3:TrackPointExtension>
            <ns3:hr>140</ns3:hr>
            <ns3:cad>88</ns3:cad>
          </ns3:TrackPointExtension>
        </extensions>
      </trkpt>
      <trkpt lat="31.23947675339877605438232421875" lon="121.51709116995334625244140625">
        <ele>14.3999996185302734375</ele>
        <time>2026-09-25T04:03:17.000Z</time>
        <extensions>
          <ns3:TrackPointExtension>
            <ns3:hr>141</ns3:hr>
            <ns3:cad>88</ns3:cad>
          </ns3:TrackPointExtension>
        </extensions>
      </trkpt>
      <trkpt lat="31.23944138176739215850830078125" lon="121.517095863819122314453125">
        <ele>14.3999996185302734375</ele>
        <time>2026-09-25T04:03:18.000Z</time>
        <extensions>
          <ns3:TrackPointExtension>
            <ns3:hr>141</ns3:hr>
            <ns3:cad>88</ns3:cad>
          </ns3:TrackPointExtension>
        </extensions>
      </trkpt>
      <trkpt lat="31.23941682279109954833984375" lon="121.51710868813097476959228515625">
        <ele>14.3999996185302734375</ele>
        <time>2026-09-25T04:03:19.000Z</time>
        <extensions>
          <ns3:TrackPointExtension>
            <ns3:hr>142</ns3:hr>
            <ns3:cad>88</ns3:cad>
          </ns3:TrackPointExtension>
        </extensions>
      </trkpt>
      <trkpt lat="31.23939125798642635345458984375" lon="121.51712645776569843292236328125">
        <ele>14.3999996185302734375</ele>
        <time>2026-09-25T04:03:20.000Z</time>
        <extensions>
          <ns3:TrackPointExtension>
            <ns3:hr>143</ns3:hr>
            <ns3:cad>88</ns3:cad>
          </ns3:TrackPointExtension>
        </extensions>
      </trkpt>
      <trkpt lat="31.23936678282916545867919921875" lon="121.5171426348388195037841796875">
        <ele>14.3999996185302734375</ele>
        <time>2026-09-25T04:03:21.000Z</time>
        <extensions>
          <ns3:TrackPointExtension>
            <ns3:hr>143</ns3:hr>
            <ns3:cad>88</ns3:cad>
          </ns3:TrackPointExtension>
        </extensions>
      </trkpt>
      <trkpt lat="31.23933945782482624053955078125" lon="121.5171563811600208282470703125">
        <ele>14.3999996185302734375</ele>
        <time>2026-09-25T04:03:22.000Z</time>
        <extensions>
          <ns3:TrackPointExtension>
            <ns3:hr>143</ns3:hr>
            <ns3:cad>87</ns3:cad>
          </ns3:TrackPointExtension>
        </extensions>
      </trkpt>
      <trkpt lat="31.23931984417140483856201171875" lon="121.51717004366219043731689453125">
        <ele>14.3999996185302734375</ele>
        <time>2026-09-25T04:03:23.000Z</time>
        <extensions>
          <ns3:TrackPointExtension>
            <ns3:hr>144</ns3:hr>
            <ns3:cad>87</ns3:cad>
          </ns3:TrackPointExtension>
        </extensions>
      </trkpt>
      <trkpt lat="31.239297129213809967041015625" lon="121.5171852149069309234619140625">
        <ele>14.6000003814697265625</ele>
        <time>2026-09-25T04:03:24.000Z</time>
        <extensions>
          <ns3:TrackPointExtension>
            <ns3:hr>145</ns3:hr>
            <ns3:cad>88</ns3:cad>
          </ns3:TrackPointExtension>
        </extensions>
      </trkpt>
      <trkpt lat="31.23927424661815166473388671875" lon="121.51719787158071994781494140625">
        <ele>14.6000003814697265625</ele>
        <time>2026-09-25T04:03:25.000Z</time>
        <extensions>
          <ns3:TrackPointExtension>
            <ns3:hr>146</ns3:hr>
            <ns3:cad>89</ns3:cad>
          </ns3:TrackPointExtension>
        </extensions>
      </trkpt>
      <trkpt lat="31.23924440704286098480224609375" lon="121.5172123722732067108154296875">
        <ele>14.6000003814697265625</ele>
        <time>2026-09-25T04:03:26.000Z</time>
        <extensions>
          <ns3:TrackPointExtension>
            <ns3:hr>147</ns3:hr>
            <ns3:cad>89</ns3:cad>
          </ns3:TrackPointExtension>
        </extensions>
      </trkpt>
      <trkpt lat="31.2392198480665683746337890625" lon="121.51722871698439121246337890625">
        <ele>14.6000003814697265625</ele>
        <time>2026-09-25T04:03:27.000Z</time>
        <extensions>
          <ns3:TrackPointExtension>
            <ns3:hr>147</ns3:hr>
            <ns3:cad>89</ns3:cad>
          </ns3:TrackPointExtension>
        </extensions>
      </trkpt>
      <trkpt lat="31.239192523062229156494140625" lon="121.51724430732429027557373046875">
        <ele>14.6000003814697265625</ele>
        <time>2026-09-25T04:03:28.000Z</time>
        <extensions>
          <ns3:TrackPointExtension>
            <ns3:hr>148</ns3:hr>
            <ns3:cad>89</ns3:cad>
          </ns3:TrackPointExtension>
        </extensions>
      </trkpt>
      <trkpt lat="31.2391693890094757080078125" lon="121.5172608196735382080078125">
        <ele>14.3999996185302734375</ele>
        <time>2026-09-25T04:03:29.000Z</time>
        <extensions>
          <ns3:TrackPointExtension>
            <ns3:hr>148</ns3:hr>
            <ns3:cad>88</ns3:cad>
          </ns3:TrackPointExtension>
        </extensions>
      </trkpt>
      <trkpt lat="31.2391397170722484588623046875" lon="121.5172623284161090850830078125">
        <ele>14.3999996185302734375</ele>
        <time>2026-09-25T04:03:30.000Z</time>
        <extensions>
          <ns3:TrackPointExtension>
            <ns3:hr>148</ns3:hr>
            <ns3:cad>88</ns3:cad>
          </ns3:TrackPointExtension>
        </extensions>
      </trkpt>
      <trkpt lat="31.23911901377141475677490234375" lon="121.51727330870926380157470703125">
        <ele>14.3999996185302734375</ele>
        <time>2026-09-25T04:03:31.000Z</time>
        <extensions>
          <ns3:TrackPointExtension>
            <ns3:hr>149</ns3:hr>
            <ns3:cad>89</ns3:cad>
          </ns3:TrackPointExtension>
        </extensions>
      </trkpt>
      <trkpt lat="31.23908900655806064605712890625" lon="121.5172821097075939178466796875">
        <ele>14.3999996185302734375</ele>
        <time>2026-09-25T04:03:32.000Z</time>
        <extensions>
          <ns3:TrackPointExtension>
            <ns3:hr>149</ns3:hr>
            <ns3:cad>90</ns3:cad>
          </ns3:TrackPointExtension>
        </extensions>
      </trkpt>
      <trkpt lat="31.23906939290463924407958984375" lon="121.5172901563346385955810546875">
        <ele>14.3999996185302734375</ele>
        <time>2026-09-25T04:03:33.000Z</time>
        <extensions>
          <ns3:TrackPointExtension>
            <ns3:hr>149</ns3:hr>
            <ns3:cad>90</ns3:cad>
          </ns3:TrackPointExtension>
        </extensions>
      </trkpt>
      <trkpt lat="31.2390406429767608642578125" lon="121.51729895733296871185302734375">
        <ele>14.3999996185302734375</ele>
        <time>2026-09-25T04:03:34.000Z</time>
        <extensions>
          <ns3:TrackPointExtension>
            <ns3:hr>149</ns3:hr>
            <ns3:cad>88</ns3:cad>
          </ns3:TrackPointExtension>
        </extensions>
      </trkpt>
      <trkpt lat="31.23902119696140289306640625" lon="121.517309434711933135986328125">
        <ele>14.3999996185302734375</ele>
        <time>2026-09-25T04:03:35.000Z</time>
        <extensions>
          <ns3:TrackPointExtension>
            <ns3:hr>150</ns3:hr>
            <ns3:cad>87</ns3:cad>
          </ns3:TrackPointExtension>
        </extensions>
      </trkpt>
      <trkpt lat="31.2389945425093173980712890625" lon="121.51731639169156551361083984375">
        <ele>14.6000003814697265625</ele>
        <time>2026-09-25T04:03:36.000Z</time>
        <extensions>
          <ns3:TrackPointExtension>
            <ns3:hr>150</ns3:hr>
            <ns3:cad>87</ns3:cad>
          </ns3:TrackPointExtension>
        </extensions>
      </trkpt>
      <trkpt lat="31.2389764375984668731689453125" lon="121.5173225104808807373046875">
        <ele>14.6000003814697265625</ele>
        <time>2026-09-25T04:03:37.000Z</time>
        <extensions>
          <ns3:TrackPointExtension>
            <ns3:hr>151</ns3:hr>
            <ns3:cad>88</ns3:cad>
          </ns3:TrackPointExtension>
        </extensions>
      </trkpt>
      <trkpt lat="31.23894819058477878570556640625" lon="121.51732795871794223785400390625">
        <ele>14.80000019073486328125</ele>
        <time>2026-09-25T04:03:38.000Z</time>
        <extensions>
          <ns3:TrackPointExtension>
            <ns3:hr>151</ns3:hr>
            <ns3:cad>89</ns3:cad>
          </ns3:TrackPointExtension>
        </extensions>
      </trkpt>
      <trkpt lat="31.23892597854137420654296875" lon="121.517332233488559722900390625">
        <ele>14.80000019073486328125</ele>
        <time>2026-09-25T04:03:39.000Z</time>
        <extensions>
          <ns3:TrackPointExtension>
            <ns3:hr>152</ns3:hr>
            <ns3:cad>89</ns3:cad>
          </ns3:TrackPointExtension>
        </extensions>
      </trkpt>
      <trkpt lat="31.2388993240892887115478515625" lon="121.5173458121716976165771484375">
        <ele>15</ele>
        <time>2026-09-25T04:03:40.000Z</time>
        <extensions>
          <ns3:TrackPointExtension>
            <ns3:hr>152</ns3:hr>
            <ns3:cad>89</ns3:cad>
          </ns3:TrackPointExtension>
        </extensions>
      </trkpt>
      <trkpt lat="31.23887359164655208587646484375" lon="121.51736031286418437957763671875">
        <ele>14.80000019073486328125</ele>
        <time>2026-09-25T04:03:41.000Z</time>
        <extensions>
          <ns3:TrackPointExtension>
            <ns3:hr>152</ns3:hr>
            <ns3:cad>89</ns3:cad>
          </ns3:TrackPointExtension>
        </extensions>
      </trkpt>
      <trkpt lat="31.23884157277643680572509765625" lon="121.51737389154732227325439453125">
        <ele>14.6000003814697265625</ele>
        <time>2026-09-25T04:03:42.000Z</time>
        <extensions>
          <ns3:TrackPointExtension>
            <ns3:hr>152</ns3:hr>
            <ns3:cad>89</ns3:cad>
          </ns3:TrackPointExtension>
        </extensions>
      </trkpt>
      <trkpt lat="31.23882028274238109588623046875" lon="121.5173833630979061126708984375">
        <ele>14.3999996185302734375</ele>
        <time>2026-09-25T04:03:43.000Z</time>
        <extensions>
          <ns3:TrackPointExtension>
            <ns3:hr>153</ns3:hr>
            <ns3:cad>89</ns3:cad>
          </ns3:TrackPointExtension>
        </extensions>
      </trkpt>
      <trkpt lat="31.238794215023517608642578125" lon="121.51739484630525112152099609375">
        <ele>14.6000003814697265625</ele>
        <time>2026-09-25T04:03:44.000Z</time>
        <extensions>
          <ns3:TrackPointExtension>
            <ns3:hr>153</ns3:hr>
            <ns3:cad>90</ns3:cad>
          </ns3:TrackPointExtension>
        </extensions>
      </trkpt>
      <trkpt lat="31.2387762777507305145263671875" lon="121.51740758679807186126708984375">
        <ele>14.6000003814697265625</ele>
        <time>2026-09-25T04:03:45.000Z</time>
        <extensions>
          <ns3:TrackPointExtension>
            <ns3:hr>153</ns3:hr>
            <ns3:cad>90</ns3:cad>
          </ns3:TrackPointExtension>
        </extensions>
      </trkpt>
      <trkpt lat="31.2387461028993129730224609375" lon="121.51741881854832172393798828125">
        <ele>14.6000003814697265625</ele>
        <time>2026-09-25T04:03:46.000Z</time>
        <extensions>
          <ns3:TrackPointExtension>
            <ns3:hr>153</ns3:hr>
            <ns3:cad>89</ns3:cad>
          </ns3:TrackPointExtension>
        </extensions>
      </trkpt>
      <trkpt lat="31.23872472904622554779052734375" lon="121.51743105612695217132568359375">
        <ele>14.6000003814697265625</ele>
        <time>2026-09-25T04:03:47.000Z</time>
        <extensions>
          <ns3:TrackPointExtension>
            <ns3:hr>153</ns3:hr>
            <ns3:cad>89</ns3:cad>
          </ns3:TrackPointExtension>
        </extensions>
      </trkpt>
      <trkpt lat="31.23869723640382289886474609375" lon="121.51743642054498195648193359375">
        <ele>14.6000003814697265625</ele>
        <time>2026-09-25T04:03:48.000Z</time>
        <extensions>
          <ns3:TrackPointExtension>
            <ns3:hr>153</ns3:hr>
            <ns3:cad>90</ns3:cad>
          </ns3:TrackPointExtension>
        </extensions>
      </trkpt>
      <trkpt lat="31.23867745511233806610107421875" lon="121.5174453891813755035400390625">
        <ele>14.3999996185302734375</ele>
        <time>2026-09-25T04:03:49.000Z</time>
        <extensions>
          <ns3:TrackPointExtension>
            <ns3:hr>153</ns3:hr>
            <ns3:cad>91</ns3:cad>
          </ns3:TrackPointExtension>
        </extensions>
      </trkpt>
      <trkpt lat="31.238651387393474578857421875" lon="121.517460308969020843505859375">
        <ele>14.19999980926513671875</ele>
        <time>2026-09-25T04:03:50.000Z</time>
        <extensions>
          <ns3:TrackPointExtension>
            <ns3:hr>154</ns3:hr>
            <ns3:cad>91</ns3:cad>
          </ns3:TrackPointExtension>
        </extensions>
      </trkpt>
      <trkpt lat="31.2386300973594188690185546875" lon="121.51747162453830242156982421875">
        <ele>14</ele>
        <time>2026-09-25T04:03:51.000Z</time>
        <extensions>
          <ns3:TrackPointExtension>
            <ns3:hr>153</ns3:hr>
            <ns3:cad>90</ns3:cad>
          </ns3:TrackPointExtension>
        </extensions>
      </trkpt>
      <trkpt lat="31.23860436491668224334716796875" lon="121.51748553849756717681884765625">
        <ele>14</ele>
        <time>2026-09-25T04:03:52.000Z</time>
        <extensions>
          <ns3:TrackPointExtension>
            <ns3:hr>153</ns3:hr>
            <ns3:cad>89</ns3:cad>
          </ns3:TrackPointExtension>
        </extensions>
      </trkpt>
      <trkpt lat="31.23858240433037281036376953125" lon="121.517495848238468170166015625">
        <ele>14.19999980926513671875</ele>
        <time>2026-09-25T04:03:53.000Z</time>
        <extensions>
          <ns3:TrackPointExtension>
            <ns3:hr>154</ns3:hr>
            <ns3:cad>88</ns3:cad>
          </ns3:TrackPointExtension>
        </extensions>
      </trkpt>
      <trkpt lat="31.23855105601251125335693359375" lon="121.51751286350190639495849609375">
        <ele>14.19999980926513671875</ele>
        <time>2026-09-25T04:03:54.000Z</time>
        <extensions>
          <ns3:TrackPointExtension>
            <ns3:hr>154</ns3:hr>
            <ns3:cad>88</ns3:cad>
          </ns3:TrackPointExtension>
        </extensions>
      </trkpt>
      <trkpt lat="31.238532364368438720703125" lon="121.51752476580440998077392578125">
        <ele>14.19999980926513671875</ele>
        <time>2026-09-25T04:03:55.000Z</time>
        <extensions>
          <ns3:TrackPointExtension>
            <ns3:hr>154</ns3:hr>
            <ns3:cad>89</ns3:cad>
          </ns3:TrackPointExtension>
        </extensions>
      </trkpt>
      <trkpt lat="31.23850286006927490234375" lon="121.5175389312207698822021484375">
        <ele>14</ele>
        <time>2026-09-25T04:03:56.000Z</time>
        <extensions>
          <ns3:TrackPointExtension>
            <ns3:hr>154</ns3:hr>
            <ns3:cad>90</ns3:cad>
          </ns3:TrackPointExtension>
        </extensions>
      </trkpt>
      <trkpt lat="31.2384758703410625457763671875" lon="121.51754982769489288330078125">
        <ele>14</ele>
        <time>2026-09-25T04:03:57.000Z</time>
        <extensions>
          <ns3:TrackPointExtension>
            <ns3:hr>154</ns3:hr>
            <ns3:cad>90</ns3:cad>
          </ns3:TrackPointExtension>
        </extensions>
      </trkpt>
      <trkpt lat="31.238448880612850189208984375" lon="121.5175620652735233306884765625">
        <ele>13.80000019073486328125</ele>
        <time>2026-09-25T04:03:58.000Z</time>
        <extensions>
          <ns3:TrackPointExtension>
            <ns3:hr>154</ns3:hr>
            <ns3:cad>89</ns3:cad>
          </ns3:TrackPointExtension>
        </extensions>
      </trkpt>
      <trkpt lat="31.2384290993213653564453125" lon="121.517573632299900054931640625">
        <ele>13.80000019073486328125</ele>
        <time>2026-09-25T04:03:59.000Z</time>
        <extensions>
          <ns3:TrackPointExtension>
            <ns3:hr>154</ns3:hr>
            <ns3:cad>89</ns3:cad>
          </ns3:TrackPointExtension>
        </extensions>
      </trkpt>
      <trkpt lat="31.2384014390408992767333984375" lon="121.5175888873636722564697265625">
        <ele>13.80000019073486328125</ele>
        <time>2026-09-25T04:04:00.000Z</time>
        <extensions>
          <ns3:TrackPointExtension>
            <ns3:hr>155</ns3:hr>
            <ns3:cad>89</ns3:cad>
          </ns3:TrackPointExtension>
        </extensions>
      </trkpt>
      <trkpt lat="31.238379813730716705322265625" lon="121.5175987780094146728515625">
        <ele>14</ele>
        <time>2026-09-25T04:04:01.000Z</time>
        <extensions>
          <ns3:TrackPointExtension>
            <ns3:hr>155</ns3:hr>
            <ns3:cad>89</ns3:cad>
          </ns3:TrackPointExtension>
        </extensions>
      </trkpt>
      <trkpt lat="31.23835466802120208740234375" lon="121.51761244051158428192138671875">
        <ele>14.19999980926513671875</ele>
        <time>2026-09-25T04:04:02.000Z</time>
        <extensions>
          <ns3:TrackPointExtension>
            <ns3:hr>155</ns3:hr>
            <ns3:cad>90</ns3:cad>
          </ns3:TrackPointExtension>
        </extensions>
      </trkpt>
      <trkpt lat="31.23833295889198780059814453125" lon="121.51762182824313640594482421875">
        <ele>14.3999996185302734375</ele>
        <time>2026-09-25T04:04:03.000Z</time>
        <extensions>
          <ns3:TrackPointExtension>
            <ns3:hr>155</ns3:hr>
            <ns3:cad>90</ns3:cad>
          </ns3:TrackPointExtension>
        </extensions>
      </trkpt>
      <trkpt lat="31.23831083066761493682861328125" lon="121.5176338143646717071533203125">
        <ele>14.3999996185302734375</ele>
        <time>2026-09-25T04:04:04.000Z</time>
        <extensions>
          <ns3:TrackPointExtension>
            <ns3:hr>155</ns3:hr>
            <ns3:cad>90</ns3:cad>
          </ns3:TrackPointExtension>
        </extensions>
      </trkpt>
      <trkpt lat="31.23828954063355922698974609375" lon="121.51764244772493839263916015625">
        <ele>14.6000003814697265625</ele>
        <time>2026-09-25T04:04:05.000Z</time>
        <extensions>
          <ns3:TrackPointExtension>
            <ns3:hr>155</ns3:hr>
            <ns3:cad>89</ns3:cad>
          </ns3:TrackPointExtension>
        </extensions>
      </trkpt>
      <trkpt lat="31.23826506547629833221435546875" lon="121.5176579542458057403564453125">
        <ele>14.6000003814697265625</ele>
        <time>2026-09-25T04:04:06.000Z</time>
        <extensions>
          <ns3:TrackPointExtension>
            <ns3:hr>156</ns3:hr>
            <ns3:cad>88</ns3:cad>
          </ns3:TrackPointExtension>
        </extensions>
      </trkpt>
      <trkpt lat="31.23824109323322772979736328125" lon="121.51766625232994556427001953125">
        <ele>14.80000019073486328125</ele>
        <time>2026-09-25T04:04:07.000Z</time>
        <extensions>
          <ns3:TrackPointExtension>
            <ns3:hr>156</ns3:hr>
            <ns3:cad>88</ns3:cad>
          </ns3:TrackPointExtension>
        </extensions>
      </trkpt>
      <trkpt lat="31.238217540085315704345703125" lon="121.51768259704113006591796875">
        <ele>14.80000019073486328125</ele>
        <time>2026-09-25T04:04:08.000Z</time>
        <extensions>
          <ns3:TrackPointExtension>
            <ns3:hr>156</ns3:hr>
            <ns3:cad>89</ns3:cad>
          </ns3:TrackPointExtension>
        </extensions>
      </trkpt>
      <trkpt lat="31.23819164000451564788818359375" lon="121.5176953375339508056640625">
        <ele>14.80000019073486328125</ele>
        <time>2026-09-25T04:04:09.000Z</time>
        <extensions>
          <ns3:TrackPointExtension>
            <ns3:hr>156</ns3:hr>
            <ns3:cad>89</ns3:cad>
          </ns3:TrackPointExtension>
        </extensions>
      </trkpt>
      <trkpt lat="31.23817202635109424591064453125" lon="121.5177072398364543914794921875">
        <ele>14.80000019073486328125</ele>
        <time>2026-09-25T04:04:10.000Z</time>
        <extensions>
          <ns3:TrackPointExtension>
            <ns3:hr>156</ns3:hr>
            <ns3:cad>89</ns3:cad>
          </ns3:TrackPointExtension>
        </extensions>
      </trkpt>
      <trkpt lat="31.2381474673748016357421875" lon="121.51771671138703823089599609375">
        <ele>14.80000019073486328125</ele>
        <time>2026-09-25T04:04:11.000Z</time>
        <extensions>
          <ns3:TrackPointExtension>
            <ns3:hr>157</ns3:hr>
            <ns3:cad>88</ns3:cad>
          </ns3:TrackPointExtension>
        </extensions>
      </trkpt>
      <trkpt lat="31.23812676407396793365478515625" lon="121.51773163117468357086181640625">
        <ele>14.80000019073486328125</ele>
        <time>2026-09-25T04:04:12.000Z</time>
        <extensions>
          <ns3:TrackPointExtension>
            <ns3:hr>157</ns3:hr>
            <ns3:cad>88</ns3:cad>
          </ns3:TrackPointExtension>
        </extensions>
      </trkpt>
      <trkpt lat="31.23810195364058017730712890625" lon="121.5177427791059017181396484375">
        <ele>14.80000019073486328125</ele>
        <time>2026-09-25T04:04:13.000Z</time>
        <extensions>
          <ns3:TrackPointExtension>
            <ns3:hr>157</ns3:hr>
            <ns3:cad>88</ns3:cad>
          </ns3:TrackPointExtension>
        </extensions>
      </trkpt>
      <trkpt lat="31.2380822561681270599365234375" lon="121.5177548490464687347412109375">
        <ele>14.80000019073486328125</ele>
        <time>2026-09-25T04:04:14.000Z</time>
        <extensions>
          <ns3:TrackPointExtension>
            <ns3:hr>157</ns3:hr>
            <ns3:cad>89</ns3:cad>
          </ns3:TrackPointExtension>
        </extensions>
      </trkpt>
      <trkpt lat="31.23805367387831211090087890625" lon="121.51776733808219432830810546875">
        <ele>14.80000019073486328125</ele>
        <time>2026-09-25T04:04:15.000Z</time>
        <extensions>
          <ns3:TrackPointExtension>
            <ns3:hr>157</ns3:hr>
            <ns3:cad>89</ns3:cad>
          </ns3:TrackPointExtension>
        </extensions>
      </trkpt>
      <trkpt lat="31.2380312941968441009521484375" lon="121.5177853591740131378173828125">
        <ele>14.6000003814697265625</ele>
        <time>2026-09-25T04:04:16.000Z</time>
        <extensions>
          <ns3:TrackPointExtension>
            <ns3:hr>157</ns3:hr>
            <ns3:cad>89</ns3:cad>
          </ns3:TrackPointExtension>
        </extensions>
      </trkpt>
      <trkpt lat="31.23800933361053466796875" lon="121.5177960880100727081298828125">
        <ele>14.6000003814697265625</ele>
        <time>2026-09-25T04:04:17.000Z</time>
        <extensions>
          <ns3:TrackPointExtension>
            <ns3:hr>157</ns3:hr>
            <ns3:cad>88</ns3:cad>
          </ns3:TrackPointExtension>
        </extensions>
      </trkpt>
      <trkpt lat="31.23799080960452556610107421875" lon="121.51780975051224231719970703125">
        <ele>14.3999996185302734375</ele>
        <time>2026-09-25T04:04:18.000Z</time>
        <extensions>
          <ns3:TrackPointExtension>
            <ns3:hr>156</ns3:hr>
            <ns3:cad>87</ns3:cad>
          </ns3:TrackPointExtension>
        </extensions>
      </trkpt>
      <trkpt lat="31.23796029947698116302490234375" lon="121.51782047934830188751220703125">
        <ele>14.19999980926513671875</ele>
        <time>2026-09-25T04:04:19.000Z</time>
        <extensions>
          <ns3:TrackPointExtension>
            <ns3:hr>157</ns3:hr>
            <ns3:cad>87</ns3:cad>
          </ns3:TrackPointExtension>
        </extensions>
      </trkpt>
      <trkpt lat="31.23793917708098888397216796875" lon="121.51783087290823459625244140625">
        <ele>13.80000019073486328125</ele>
        <time>2026-09-25T04:04:20.000Z</time>
        <extensions>
          <ns3:TrackPointExtension>
            <ns3:hr>157</ns3:hr>
            <ns3:cad>89</ns3:cad>
          </ns3:TrackPointExtension>
        </extensions>
      </trkpt>
      <trkpt lat="31.23791822232306003570556640625" lon="121.51784621179103851318359375">
        <ele>13.80000019073486328125</ele>
        <time>2026-09-25T04:04:21.000Z</time>
        <extensions>
          <ns3:TrackPointExtension>
            <ns3:hr>156</ns3:hr>
            <ns3:cad>89</ns3:cad>
          </ns3:TrackPointExtension>
        </extensions>
      </trkpt>
      <trkpt lat="31.23789676465094089508056640625" lon="121.51785685680806636810302734375">
        <ele>13.80000019073486328125</ele>
        <time>2026-09-25T04:04:22.000Z</time>
        <extensions>
          <ns3:TrackPointExtension>
            <ns3:hr>156</ns3:hr>
            <ns3:cad>88</ns3:cad>
          </ns3:TrackPointExtension>
        </extensions>
      </trkpt>
      <trkpt lat="31.23788486234843730926513671875" lon="121.51786540634930133819580078125">
        <ele>14.19999980926513671875</ele>
        <time>2026-09-25T04:04:23.000Z</time>
        <extensions>
          <ns3:TrackPointExtension>
            <ns3:hr>157</ns3:hr>
            <ns3:cad>88</ns3:cad>
          </ns3:TrackPointExtension>
        </extensions>
      </trkpt>
      <trkpt lat="31.23780892230570316314697265625" lon="121.5180110000073909759521484375">
        <ele>12.80000019073486328125</ele>
        <time>2026-09-25T04:06:03.000Z</time>
        <extensions>
          <ns3:TrackPointExtension>
            <ns3:hr>83</ns3:hr>
            <ns3:cad>0</ns3:cad>
          </ns3:TrackPointExtension>
        </extensions>
      </trkpt>
      <trkpt lat="31.2377987802028656005859375" lon="121.51801519095897674560546875">
        <ele>12.80000019073486328125</ele>
        <time>2026-09-25T04:06:04.000Z</time>
        <extensions>
          <ns3:TrackPointExtension>
            <ns3:hr>82</ns3:hr>
            <ns3:cad>0</ns3:cad>
          </ns3:TrackPointExtension>
        </extensions>
      </trkpt>
      <trkpt lat="31.237769611179828643798828125" lon="121.51804042048752307891845703125">
        <ele>12.6000003814697265625</ele>
        <time>2026-09-25T04:06:05.000Z</time>
        <extensions>
          <ns3:TrackPointExtension>
            <ns3:hr>82</ns3:hr>
            <ns3:cad>0</ns3:cad>
          </ns3:TrackPointExtension>
        </extensions>
      </trkpt>
      <trkpt lat="31.2377496622502803802490234375" lon="121.51805517263710498809814453125">
        <ele>12.3999996185302734375</ele>
        <time>2026-09-25T04:06:06.000Z</time>
        <extensions>
          <ns3:TrackPointExtension>
            <ns3:hr>82</ns3:hr>
            <ns3:cad>0</ns3:cad>
          </ns3:TrackPointExtension>
        </extensions>
      </trkpt>
      <trkpt lat="31.23771965503692626953125" lon="121.51807428337633609771728515625">
        <ele>12.19999980926513671875</ele>
        <time>2026-09-25T04:06:07.000Z</time>
        <extensions>
          <ns3:TrackPointExtension>
            <ns3:hr>82</ns3:hr>
            <ns3:cad>83</ns3:cad>
          </ns3:TrackPointExtension>
        </extensions>
      </trkpt>
      <trkpt lat="31.2376980297267436981201171875" lon="121.51808585040271282196044921875">
        <ele>12.19999980926513671875</ele>
        <time>2026-09-25T04:06:08.000Z</time>
        <extensions>
          <ns3:TrackPointExtension>
            <ns3:hr>82</ns3:hr>
            <ns3:cad>87</ns3:cad>
          </ns3:TrackPointExtension>
        </extensions>
      </trkpt>
      <trkpt lat="31.2376725487411022186279296875" lon="121.51810110546648502349853515625">
        <ele>12.19999980926513671875</ele>
        <time>2026-09-25T04:06:09.000Z</time>
        <extensions>
          <ns3:TrackPointExtension>
            <ns3:hr>83</ns3:hr>
            <ns3:cad>88</ns3:cad>
          </ns3:TrackPointExtension>
        </extensions>
      </trkpt>
      <trkpt lat="31.23765067197382450103759765625" lon="121.5181139297783374786376953125">
        <ele>12.19999980926513671875</ele>
        <time>2026-09-25T04:06:10.000Z</time>
        <extensions>
          <ns3:TrackPointExtension>
            <ns3:hr>85</ns3:hr>
            <ns3:cad>88</ns3:cad>
          </ns3:TrackPointExtension>
        </extensions>
      </trkpt>
      <trkpt lat="31.237620748579502105712890625" lon="121.51810211129486560821533203125">
        <ele>12.3999996185302734375</ele>
        <time>2026-09-25T04:06:11.000Z</time>
        <extensions>
          <ns3:TrackPointExtension>
            <ns3:hr>87</ns3:hr>
            <ns3:cad>89</ns3:cad>
          </ns3:TrackPointExtension>
        </extensions>
      </trkpt>
      <trkpt lat="31.237597949802875518798828125" lon="121.518090628087520599365234375">
        <ele>12.3999996185302734375</ele>
        <time>2026-09-25T04:06:12.000Z</time>
        <extensions>
          <ns3:TrackPointExtension>
            <ns3:hr>89</ns3:hr>
            <ns3:cad>89</ns3:cad>
          </ns3:TrackPointExtension>
        </extensions>
      </trkpt>
      <trkpt lat="31.237567774951457977294921875" lon="121.5180800668895244598388671875">
        <ele>12.3999996185302734375</ele>
        <time>2026-09-25T04:06:13.000Z</time>
        <extensions>
          <ns3:TrackPointExtension>
            <ns3:hr>90</ns3:hr>
            <ns3:cad>89</ns3:cad>
          </ns3:TrackPointExtension>
        </extensions>
      </trkpt>
      <trkpt lat="31.23754329979419708251953125" lon="121.5180703438818454742431640625">
        <ele>12.19999980926513671875</ele>
        <time>2026-09-25T04:06:14.000Z</time>
        <extensions>
          <ns3:TrackPointExtension>
            <ns3:hr>91</ns3:hr>
            <ns3:cad>89</ns3:cad>
          </ns3:TrackPointExtension>
        </extensions>
      </trkpt>
      <trkpt lat="31.237512119114398956298828125" lon="121.518066488206386566162109375">
        <ele>12</ele>
        <time>2026-09-25T04:06:15.000Z</time>
        <extensions>
          <ns3:TrackPointExtension>
            <ns3:hr>92</ns3:hr>
            <ns3:cad>89</ns3:cad>
          </ns3:TrackPointExtension>
        </extensions>
      </trkpt>
      <trkpt lat="31.23748370446264743804931640625" lon="121.5180706791579723358154296875">
        <ele>11.80000019073486328125</ele>
        <time>2026-09-25T04:06:16.000Z</time>
        <extensions>
          <ns3:TrackPointExtension>
            <ns3:hr>93</ns3:hr>
            <ns3:cad>90</ns3:cad>
          </ns3:TrackPointExtension>
        </extensions>
      </trkpt>
      <trkpt lat="31.23745386488735675811767578125" lon="121.51807948015630245208740234375">
        <ele>11.80000019073486328125</ele>
        <time>2026-09-25T04:06:17.000Z</time>
        <extensions>
          <ns3:TrackPointExtension>
            <ns3:hr>94</ns3:hr>
            <ns3:cad>90</ns3:cad>
          </ns3:TrackPointExtension>
        </extensions>
      </trkpt>
      <trkpt lat="31.23742804862558841705322265625" lon="121.5180897898972034454345703125">
        <ele>11.80000019073486328125</ele>
        <time>2026-09-25T04:06:18.000Z</time>
        <extensions>
          <ns3:TrackPointExtension>
            <ns3:hr>95</ns3:hr>
            <ns3:cad>90</ns3:cad>
          </ns3:TrackPointExtension>
        </extensions>
      </trkpt>
      <trkpt lat="31.23740055598318576812744140625" lon="121.51810328476130962371826171875">
        <ele>12.19999980926513671875</ele>
        <time>2026-09-25T04:06:19.000Z</time>
        <extensions>
          <ns3:TrackPointExtension>
            <ns3:hr>97</ns3:hr>
            <ns3:cad>92</ns3:cad>
          </ns3:TrackPointExtension>
        </extensions>
      </trkpt>
      <trkpt lat="31.23737566173076629638671875" lon="121.51812809519469738006591796875">
        <ele>12.3999996185302734375</ele>
        <time>2026-09-25T04:06:20.000Z</time>
        <extensions>
          <ns3:TrackPointExtension>
            <ns3:hr>98</ns3:hr>
            <ns3:cad>92</ns3:cad>
          </ns3:TrackPointExtension>
        </extensions>
      </trkpt>
      <trkpt lat="31.237349174916744232177734375" lon="121.51814259588718414306640625">
        <ele>12.6000003814697265625</ele>
        <time>2026-09-25T04:06:21.000Z</time>
        <extensions>
          <ns3:TrackPointExtension>
            <ns3:hr>99</ns3:hr>
            <ns3:cad>92</ns3:cad>
          </ns3:TrackPointExtension>
        </extensions>
      </trkpt>
      <trkpt lat="31.2373201735317707061767578125" lon="121.5181585215032100677490234375">
        <ele>12.6000003814697265625</ele>
        <time>2026-09-25T04:06:22.000Z</time>
        <extensions>
          <ns3:TrackPointExtension>
            <ns3:hr>100</ns3:hr>
            <ns3:cad>93</ns3:cad>
          </ns3:TrackPointExtension>
        </extensions>
      </trkpt>
      <trkpt lat="31.23729377053678035736083984375" lon="121.51817050762474536895751953125">
        <ele>12.6000003814697265625</ele>
        <time>2026-09-25T04:06:23.000Z</time>
        <extensions>
          <ns3:TrackPointExtension>
            <ns3:hr>101</ns3:hr>
            <ns3:cad>93</ns3:cad>
          </ns3:TrackPointExtension>
        </extensions>
      </trkpt>
      <trkpt lat="31.23726795427501201629638671875" lon="121.51817956008017063140869140625">
        <ele>12.6000003814697265625</ele>
        <time>2026-09-25T04:06:24.000Z</time>
        <extensions>
          <ns3:TrackPointExtension>
            <ns3:hr>102</ns3:hr>
            <ns3:cad>92</ns3:cad>
          </ns3:TrackPointExtension>
        </extensions>
      </trkpt>
      <trkpt lat="31.23724758625030517578125" lon="121.51818819344043731689453125">
        <ele>12.3999996185302734375</ele>
        <time>2026-09-25T04:06:25.000Z</time>
        <extensions>
          <ns3:TrackPointExtension>
            <ns3:hr>103</ns3:hr>
            <ns3:cad>92</ns3:cad>
          </ns3:TrackPointExtension>
        </extensions>
      </trkpt>
      <trkpt lat="31.23722084797918796539306640625" lon="121.518197245895862579345703125">
        <ele>12.3999996185302734375</ele>
        <time>2026-09-25T04:06:26.000Z</time>
        <extensions>
          <ns3:TrackPointExtension>
            <ns3:hr>104</ns3:hr>
            <ns3:cad>92</ns3:cad>
          </ns3:TrackPointExtension>
        </extensions>
      </trkpt>
      <trkpt lat="31.23719863593578338623046875" lon="121.51820822618901729583740234375">
        <ele>12.3999996185302734375</ele>
        <time>2026-09-25T04:06:27.000Z</time>
        <extensions>
          <ns3:TrackPointExtension>
            <ns3:hr>106</ns3:hr>
            <ns3:cad>93</ns3:cad>
          </ns3:TrackPointExtension>
        </extensions>
      </trkpt>
      <trkpt lat="31.2371723167598247528076171875" lon="121.518221385776996612548828125">
        <ele>12.3999996185302734375</ele>
        <time>2026-09-25T04:06:28.000Z</time>
        <extensions>
          <ns3:TrackPointExtension>
            <ns3:hr>107</ns3:hr>
            <ns3:cad>94</ns3:cad>
          </ns3:TrackPointExtension>
        </extensions>
      </trkpt>
      <trkpt lat="31.23715035617351531982421875" lon="121.51823437772691249847412109375">
        <ele>12.6000003814697265625</ele>
        <time>2026-09-25T04:06:29.000Z</time>
        <extensions>
          <ns3:TrackPointExtension>
            <ns3:hr>108</ns3:hr>
            <ns3:cad>95</ns3:cad>
          </ns3:TrackPointExtension>
        </extensions>
      </trkpt>
      <trkpt lat="31.23712353408336639404296875" lon="121.518249213695526123046875">
        <ele>12.6000003814697265625</ele>
        <time>2026-09-25T04:06:30.000Z</time>
        <extensions>
          <ns3:TrackPointExtension>
            <ns3:hr>108</ns3:hr>
            <ns3:cad>95</ns3:cad>
          </ns3:TrackPointExtension>
        </extensions>
      </trkpt>
      <trkpt lat="31.23709847219288349151611328125" lon="121.51826371438801288604736328125">
        <ele>12.6000003814697265625</ele>
        <time>2026-09-25T04:06:31.000Z</time>
        <extensions>
          <ns3:TrackPointExtension>
            <ns3:hr>109</ns3:hr>
            <ns3:cad>92</ns3:cad>
          </ns3:TrackPointExtension>
        </extensions>
      </trkpt>
      <trkpt lat="31.23707114718854427337646484375" lon="121.518273688852787017822265625">
        <ele>12.80000019073486328125</ele>
        <time>2026-09-25T04:06:32.000Z</time>
        <extensions>
          <ns3:TrackPointExtension>
            <ns3:hr>110</ns3:hr>
            <ns3:cad>92</ns3:cad>
          </ns3:TrackPointExtension>
        </extensions>
      </trkpt>
      <trkpt lat="31.23704683966934680938720703125" lon="121.51829120703041553497314453125">
        <ele>13</ele>
        <time>2026-09-25T04:06:33.000Z</time>
        <extensions>
          <ns3:TrackPointExtension>
            <ns3:hr>111</ns3:hr>
            <ns3:cad>93</ns3:cad>
          </ns3:TrackPointExtension>
        </extensions>
      </trkpt>
      <trkpt lat="31.2370204366743564605712890625" lon="121.51830646209418773651123046875">
        <ele>13</ele>
        <time>2026-09-25T04:06:34.000Z</time>
        <extensions>
          <ns3:TrackPointExtension>
            <ns3:hr>112</ns3:hr>
            <ns3:cad>94</ns3:cad>
          </ns3:TrackPointExtension>
        </extensions>
      </trkpt>
      <trkpt lat="31.2369909323751926422119140625" lon="121.5183162689208984375">
        <ele>13.19999980926513671875</ele>
        <time>2026-09-25T04:06:35.000Z</time>
        <extensions>
          <ns3:TrackPointExtension>
            <ns3:hr>113</ns3:hr>
            <ns3:cad>94</ns3:cad>
          </ns3:TrackPointExtension>
        </extensions>
      </trkpt>
      <trkpt lat="31.23696469701826572418212890625" lon="121.51832708157598972320556640625">
        <ele>13.19999980926513671875</ele>
        <time>2026-09-25T04:06:36.000Z</time>
        <extensions>
          <ns3:TrackPointExtension>
            <ns3:hr>114</ns3:hr>
            <ns3:cad>94</ns3:cad>
          </ns3:TrackPointExtension>
        </extensions>
      </trkpt>
      <trkpt lat="31.23693770729005336761474609375" lon="121.5183368884027004241943359375">
        <ele>13.19999980926513671875</ele>
        <time>2026-09-25T04:06:37.000Z</time>
        <extensions>
          <ns3:TrackPointExtension>
            <ns3:hr>114</ns3:hr>
            <ns3:cad>91</ns3:cad>
          </ns3:TrackPointExtension>
        </extensions>
      </trkpt>
      <trkpt lat="31.2369134835898876190185546875" lon="121.5183452703058719635009765625">
        <ele>13.19999980926513671875</ele>
        <time>2026-09-25T04:06:38.000Z</time>
        <extensions>
          <ns3:TrackPointExtension>
            <ns3:hr>115</ns3:hr>
            <ns3:cad>91</ns3:cad>
          </ns3:TrackPointExtension>
        </extensions>
      </trkpt>
      <trkpt lat="31.236883141100406646728515625" lon="121.5183556638658046722412109375">
        <ele>13.19999980926513671875</ele>
        <time>2026-09-25T04:06:39.000Z</time>
        <extensions>
          <ns3:TrackPointExtension>
            <ns3:hr>116</ns3:hr>
            <ns3:cad>92</ns3:cad>
          </ns3:TrackPointExtension>
        </extensions>
      </trkpt>
      <trkpt lat="31.2368611805140972137451171875" lon="121.51837083511054515838623046875">
        <ele>13.19999980926513671875</ele>
        <time>2026-09-25T04:06:40.000Z</time>
        <extensions>
          <ns3:TrackPointExtension>
            <ns3:hr>117</ns3:hr>
            <ns3:cad>94</ns3:cad>
          </ns3:TrackPointExtension>
        </extensions>
      </trkpt>
      <trkpt lat="31.23683561570942401885986328125" lon="121.51837997138500213623046875">
        <ele>13.19999980926513671875</ele>
        <time>2026-09-25T04:06:41.000Z</time>
        <extensions>
          <ns3:TrackPointExtension>
            <ns3:hr>118</ns3:hr>
            <ns3:cad>94</ns3:cad>
          </ns3:TrackPointExtension>
        </extensions>
      </trkpt>
      <trkpt lat="31.23681248165667057037353515625" lon="121.5183962322771549224853515625">
        <ele>13.19999980926513671875</ele>
        <time>2026-09-25T04:06:42.000Z</time>
        <extensions>
          <ns3:TrackPointExtension>
            <ns3:hr>118</ns3:hr>
            <ns3:cad>94</ns3:cad>
          </ns3:TrackPointExtension>
        </extensions>
      </trkpt>
      <trkpt lat="31.23678557574748992919921875" lon="121.51840335689485073089599609375">
        <ele>13.19999980926513671875</ele>
        <time>2026-09-25T04:06:43.000Z</time>
        <extensions>
          <ns3:TrackPointExtension>
            <ns3:hr>119</ns3:hr>
            <ns3:cad>92</ns3:cad>
          </ns3:TrackPointExtension>
        </extensions>
      </trkpt>
      <trkpt lat="31.23676353134214878082275390625" lon="121.5184166841208934783935546875">
        <ele>13.19999980926513671875</ele>
        <time>2026-09-25T04:06:44.000Z</time>
        <extensions>
          <ns3:TrackPointExtension>
            <ns3:hr>120</ns3:hr>
            <ns3:cad>92</ns3:cad>
          </ns3:TrackPointExtension>
        </extensions>
      </trkpt>
      <trkpt lat="31.23673670925199985504150390625" lon="121.5184290893375873565673828125">
        <ele>13.19999980926513671875</ele>
        <time>2026-09-25T04:06:45.000Z</time>
        <extensions>
          <ns3:TrackPointExtension>
            <ns3:hr>121</ns3:hr>
            <ns3:cad>93</ns3:cad>
          </ns3:TrackPointExtension>
        </extensions>
      </trkpt>
      <trkpt lat="31.23671223409473896026611328125" lon="121.518440656363964080810546875">
        <ele>13.19999980926513671875</ele>
        <time>2026-09-25T04:06:46.000Z</time>
        <extensions>
          <ns3:TrackPointExtension>
            <ns3:hr>122</ns3:hr>
            <ns3:cad>93</ns3:cad>
          </ns3:TrackPointExtension>
        </extensions>
      </trkpt>
      <trkpt lat="31.2366861663758754730224609375" lon="121.51844970881938934326171875">
        <ele>13.3999996185302734375</ele>
        <time>2026-09-25T04:06:47.000Z</time>
        <extensions>
          <ns3:TrackPointExtension>
            <ns3:hr>123</ns3:hr>
            <ns3:cad>93</ns3:cad>
          </ns3:TrackPointExtension>
        </extensions>
      </trkpt>
      <trkpt lat="31.236660182476043701171875" lon="121.51846311986446380615234375">
        <ele>13.6000003814697265625</ele>
        <time>2026-09-25T04:06:48.000Z</time>
        <extensions>
          <ns3:TrackPointExtension>
            <ns3:hr>124</ns3:hr>
            <ns3:cad>93</ns3:cad>
          </ns3:TrackPointExtension>
        </extensions>
      </trkpt>
      <trkpt lat="31.23663595877587795257568359375" lon="121.518470831215381622314453125">
        <ele>13.80000019073486328125</ele>
        <time>2026-09-25T04:06:49.000Z</time>
        <extensions>
          <ns3:TrackPointExtension>
            <ns3:hr>126</ns3:hr>
            <ns3:cad>91</ns3:cad>
          </ns3:TrackPointExtension>
        </extensions>
      </trkpt>
      <trkpt lat="31.23660846613347530364990234375" lon="121.518486253917217254638671875">
        <ele>13.80000019073486328125</ele>
        <time>2026-09-25T04:06:50.000Z</time>
        <extensions>
          <ns3:TrackPointExtension>
            <ns3:hr>130</ns3:hr>
            <ns3:cad>91</ns3:cad>
          </ns3:TrackPointExtension>
        </extensions>
      </trkpt>
      <trkpt lat="31.23658633790910243988037109375" lon="121.518496312201023101806640625">
        <ele>13.80000019073486328125</ele>
        <time>2026-09-25T04:06:51.000Z</time>
        <extensions>
          <ns3:TrackPointExtension>
            <ns3:hr>139</ns3:hr>
            <ns3:cad>93</ns3:cad>
          </ns3:TrackPointExtension>
        </extensions>
      </trkpt>
      <trkpt lat="31.23655892908573150634765625" lon="121.51850980706512928009033203125">
        <ele>13.80000019073486328125</ele>
        <time>2026-09-25T04:06:52.000Z</time>
        <extensions>
          <ns3:TrackPointExtension>
            <ns3:hr>150</ns3:hr>
            <ns3:cad>93</ns3:cad>
          </ns3:TrackPointExtension>
        </extensions>
      </trkpt>
      <trkpt lat="31.236539147794246673583984375" lon="121.51852489449083805084228515625">
        <ele>13.80000019073486328125</ele>
        <time>2026-09-25T04:06:53.000Z</time>
        <extensions>
          <ns3:TrackPointExtension>
            <ns3:hr>152</ns3:hr>
            <ns3:cad>93</ns3:cad>
          </ns3:TrackPointExtension>
        </extensions>
      </trkpt>
      <trkpt lat="31.23651039786636829376220703125" lon="121.51853822171688079833984375">
        <ele>13.80000019073486328125</ele>
        <time>2026-09-25T04:06:54.000Z</time>
        <extensions>
          <ns3:TrackPointExtension>
            <ns3:hr>152</ns3:hr>
            <ns3:cad>92</ns3:cad>
          </ns3:TrackPointExtension>
        </extensions>
      </trkpt>
      <trkpt lat="31.23649044893682003021240234375" lon="121.51855071075260639190673828125">
        <ele>13.80000019073486328125</ele>
        <time>2026-09-25T04:06:55.000Z</time>
        <extensions>
          <ns3:TrackPointExtension>
            <ns3:hr>152</ns3:hr>
            <ns3:cad>92</ns3:cad>
          </ns3:TrackPointExtension>
        </extensions>
      </trkpt>
      <trkpt lat="31.23646102845668792724609375" lon="121.51856747455894947052001953125">
        <ele>14</ele>
        <time>2026-09-25T04:06:56.000Z</time>
        <extensions>
          <ns3:TrackPointExtension>
            <ns3:hr>152</ns3:hr>
            <ns3:cad>91</ns3:cad>
          </ns3:TrackPointExtension>
        </extensions>
      </trkpt>
      <trkpt lat="31.23644099570810794830322265625" lon="121.51857753284275531768798828125">
        <ele>14</ele>
        <time>2026-09-25T04:06:57.000Z</time>
        <extensions>
          <ns3:TrackPointExtension>
            <ns3:hr>152</ns3:hr>
            <ns3:cad>91</ns3:cad>
          </ns3:TrackPointExtension>
        </extensions>
      </trkpt>
      <trkpt lat="31.23641677200794219970703125" lon="121.5185873396694660186767578125">
        <ele>14</ele>
        <time>2026-09-25T04:06:58.000Z</time>
        <extensions>
          <ns3:TrackPointExtension>
            <ns3:hr>153</ns3:hr>
            <ns3:cad>93</ns3:cad>
          </ns3:TrackPointExtension>
        </extensions>
      </trkpt>
      <trkpt lat="31.23639355413615703582763671875" lon="121.5185973979532718658447265625">
        <ele>14</ele>
        <time>2026-09-25T04:06:59.000Z</time>
        <extensions>
          <ns3:TrackPointExtension>
            <ns3:hr>152</ns3:hr>
            <ns3:cad>93</ns3:cad>
          </ns3:TrackPointExtension>
        </extensions>
      </trkpt>
      <trkpt lat="31.23636740259826183319091796875" lon="121.51860686950385570526123046875">
        <ele>13.80000019073486328125</ele>
        <time>2026-09-25T04:07:00.000Z</time>
        <extensions>
          <ns3:TrackPointExtension>
            <ns3:hr>153</ns3:hr>
            <ns3:cad>93</ns3:cad>
          </ns3:TrackPointExtension>
        </extensions>
      </trkpt>
      <trkpt lat="31.23634074814617633819580078125" lon="121.5186222083866596221923828125">
        <ele>13.80000019073486328125</ele>
        <time>2026-09-25T04:07:01.000Z</time>
        <extensions>
          <ns3:TrackPointExtension>
            <ns3:hr>153</ns3:hr>
            <ns3:cad>91</ns3:cad>
          </ns3:TrackPointExtension>
        </extensions>
      </trkpt>
      <trkpt lat="31.23631560243666172027587890625" lon="121.5186312608420848846435546875">
        <ele>13.80000019073486328125</ele>
        <time>2026-09-25T04:07:02.000Z</time>
        <extensions>
          <ns3:TrackPointExtension>
            <ns3:hr>154</ns3:hr>
            <ns3:cad>91</ns3:cad>
          </ns3:TrackPointExtension>
        </extensions>
      </trkpt>
      <trkpt lat="31.23628844507038593292236328125" lon="121.51864626444876194000244140625">
        <ele>13.80000019073486328125</ele>
        <time>2026-09-25T04:07:03.000Z</time>
        <extensions>
          <ns3:TrackPointExtension>
            <ns3:hr>154</ns3:hr>
            <ns3:cad>93</ns3:cad>
          </ns3:TrackPointExtension>
        </extensions>
      </trkpt>
      <trkpt lat="31.236262880265712738037109375" lon="121.51866001076996326446533203125">
        <ele>14</ele>
        <time>2026-09-25T04:07:04.000Z</time>
        <extensions>
          <ns3:TrackPointExtension>
            <ns3:hr>154</ns3:hr>
            <ns3:cad>93</ns3:cad>
          </ns3:TrackPointExtension>
        </extensions>
      </trkpt>
      <trkpt lat="31.23623077757656574249267578125" lon="121.5186771936714649200439453125">
        <ele>14</ele>
        <time>2026-09-25T04:07:05.000Z</time>
        <extensions>
          <ns3:TrackPointExtension>
            <ns3:hr>154</ns3:hr>
            <ns3:cad>93</ns3:cad>
          </ns3:TrackPointExtension>
        </extensions>
      </trkpt>
      <trkpt lat="31.236207894980907440185546875" lon="121.51869202964007854461669921875">
        <ele>14.19999980926513671875</ele>
        <time>2026-09-25T04:07:06.000Z</time>
        <extensions>
          <ns3:TrackPointExtension>
            <ns3:hr>154</ns3:hr>
            <ns3:cad>92</ns3:cad>
          </ns3:TrackPointExtension>
        </extensions>
      </trkpt>
      <trkpt lat="31.23618048615753650665283203125" lon="121.51870477013289928436279296875">
        <ele>14.19999980926513671875</ele>
        <time>2026-09-25T04:07:07.000Z</time>
        <extensions>
          <ns3:TrackPointExtension>
            <ns3:hr>153</ns3:hr>
            <ns3:cad>92</ns3:cad>
          </ns3:TrackPointExtension>
        </extensions>
      </trkpt>
      <trkpt lat="31.23615601100027561187744140625" lon="121.51871482841670513153076171875">
        <ele>14.19999980926513671875</ele>
        <time>2026-09-25T04:07:08.000Z</time>
        <extensions>
          <ns3:TrackPointExtension>
            <ns3:hr>154</ns3:hr>
            <ns3:cad>92</ns3:cad>
          </ns3:TrackPointExtension>
        </extensions>
      </trkpt>
      <trkpt lat="31.23612851835787296295166015625" lon="121.51872740127146244049072265625">
        <ele>14.19999980926513671875</ele>
        <time>2026-09-25T04:07:09.000Z</time>
        <extensions>
          <ns3:TrackPointExtension>
            <ns3:hr>154</ns3:hr>
            <ns3:cad>93</ns3:cad>
          </ns3:TrackPointExtension>
        </extensions>
      </trkpt>
      <trkpt lat="31.23610697686672210693359375" lon="121.51874047704041004180908203125">
        <ele>14.19999980926513671875</ele>
        <time>2026-09-25T04:07:10.000Z</time>
        <extensions>
          <ns3:TrackPointExtension>
            <ns3:hr>154</ns3:hr>
            <ns3:cad>93</ns3:cad>
          </ns3:TrackPointExtension>
        </extensions>
      </trkpt>
      <trkpt lat="31.23608040623366832733154296875" lon="121.5187529660761356353759765625">
        <ele>14.19999980926513671875</ele>
        <time>2026-09-25T04:07:11.000Z</time>
        <extensions>
          <ns3:TrackPointExtension>
            <ns3:hr>155</ns3:hr>
            <ns3:cad>93</ns3:cad>
          </ns3:TrackPointExtension>
        </extensions>
      </trkpt>
      <trkpt lat="31.2360581941902637481689453125" lon="121.51876495219767093658447265625">
        <ele>14.19999980926513671875</ele>
        <time>2026-09-25T04:07:12.000Z</time>
        <extensions>
          <ns3:TrackPointExtension>
            <ns3:hr>155</ns3:hr>
            <ns3:cad>92</ns3:cad>
          </ns3:TrackPointExtension>
        </extensions>
      </trkpt>
      <trkpt lat="31.2360333837568759918212890625" lon="121.51877467520534992218017578125">
        <ele>14.3999996185302734375</ele>
        <time>2026-09-25T04:07:13.000Z</time>
        <extensions>
          <ns3:TrackPointExtension>
            <ns3:hr>155</ns3:hr>
            <ns3:cad>91</ns3:cad>
          </ns3:TrackPointExtension>
        </extensions>
      </trkpt>
      <trkpt lat="31.236007399857044219970703125" lon="121.5187871642410755157470703125">
        <ele>14.6000003814697265625</ele>
        <time>2026-09-25T04:07:14.000Z</time>
        <extensions>
          <ns3:TrackPointExtension>
            <ns3:hr>156</ns3:hr>
            <ns3:cad>91</ns3:cad>
          </ns3:TrackPointExtension>
        </extensions>
      </trkpt>
      <trkpt lat="31.2359834276139736175537109375" lon="121.518800742924213409423828125">
        <ele>14.6000003814697265625</ele>
        <time>2026-09-25T04:07:15.000Z</time>
        <extensions>
          <ns3:TrackPointExtension>
            <ns3:hr>156</ns3:hr>
            <ns3:cad>93</ns3:cad>
          </ns3:TrackPointExtension>
        </extensions>
      </trkpt>
      <trkpt lat="31.23595903627574443817138671875" lon="121.51881725527346134185791015625">
        <ele>14.6000003814697265625</ele>
        <time>2026-09-25T04:07:16.000Z</time>
        <extensions>
          <ns3:TrackPointExtension>
            <ns3:hr>156</ns3:hr>
            <ns3:cad>94</ns3:cad>
          </ns3:TrackPointExtension>
        </extensions>
      </trkpt>
      <trkpt lat="31.23593942262232303619384765625" lon="121.51882681064307689666748046875">
        <ele>14.6000003814697265625</ele>
        <time>2026-09-25T04:07:17.000Z</time>
        <extensions>
          <ns3:TrackPointExtension>
            <ns3:hr>157</ns3:hr>
            <ns3:cad>94</ns3:cad>
          </ns3:TrackPointExtension>
        </extensions>
      </trkpt>
      <trkpt lat="31.23591327108442783355712890625" lon="121.51884122751653194427490234375">
        <ele>14.6000003814697265625</ele>
        <time>2026-09-25T04:07:18.000Z</time>
        <extensions>
          <ns3:TrackPointExtension>
            <ns3:hr>157</ns3:hr>
            <ns3:cad>92</ns3:cad>
          </ns3:TrackPointExtension>
        </extensions>
      </trkpt>
      <trkpt lat="31.23589348979294300079345703125" lon="121.5188548900187015533447265625">
        <ele>14.3999996185302734375</ele>
        <time>2026-09-25T04:07:19.000Z</time>
        <extensions>
          <ns3:TrackPointExtension>
            <ns3:hr>157</ns3:hr>
            <ns3:cad>92</ns3:cad>
          </ns3:TrackPointExtension>
        </extensions>
      </trkpt>
      <trkpt lat="31.23587102629244327545166015625" lon="121.51886721141636371612548828125">
        <ele>14.6000003814697265625</ele>
        <time>2026-09-25T04:07:20.000Z</time>
        <extensions>
          <ns3:TrackPointExtension>
            <ns3:hr>157</ns3:hr>
            <ns3:cad>92</ns3:cad>
          </ns3:TrackPointExtension>
        </extensions>
      </trkpt>
      <trkpt lat="31.235848478972911834716796875" lon="121.518883891403675079345703125">
        <ele>14.80000019073486328125</ele>
        <time>2026-09-25T04:07:21.000Z</time>
        <extensions>
          <ns3:TrackPointExtension>
            <ns3:hr>157</ns3:hr>
            <ns3:cad>93</ns3:cad>
          </ns3:TrackPointExtension>
        </extensions>
      </trkpt>
      <trkpt lat="31.235819645226001739501953125" lon="121.51889570988714694976806640625">
        <ele>14.80000019073486328125</ele>
        <time>2026-09-25T04:07:22.000Z</time>
        <extensions>
          <ns3:TrackPointExtension>
            <ns3:hr>158</ns3:hr>
            <ns3:cad>94</ns3:cad>
          </ns3:TrackPointExtension>
        </extensions>
      </trkpt>
      <trkpt lat="31.235797517001628875732421875" lon="121.5189112164080142974853515625">
        <ele>15</ele>
        <time>2026-09-25T04:07:23.000Z</time>
        <extensions>
          <ns3:TrackPointExtension>
            <ns3:hr>157</ns3:hr>
            <ns3:cad>94</ns3:cad>
          </ns3:TrackPointExtension>
        </extensions>
      </trkpt>
      <trkpt lat="31.23577077873051166534423828125" lon="121.518919765949249267578125">
        <ele>15.19999980926513671875</ele>
        <time>2026-09-25T04:07:24.000Z</time>
        <extensions>
          <ns3:TrackPointExtension>
            <ns3:hr>157</ns3:hr>
            <ns3:cad>94</ns3:cad>
          </ns3:TrackPointExtension>
        </extensions>
      </trkpt>
      <trkpt lat="31.2357527576386928558349609375" lon="121.5189283154904842376708984375">
        <ele>15.19999980926513671875</ele>
        <time>2026-09-25T04:07:25.000Z</time>
        <extensions>
          <ns3:TrackPointExtension>
            <ns3:hr>158</ns3:hr>
            <ns3:cad>91</ns3:cad>
          </ns3:TrackPointExtension>
        </extensions>
      </trkpt>
      <trkpt lat="31.2357281148433685302734375" lon="121.51893594302237033843994140625">
        <ele>15.19999980926513671875</ele>
        <time>2026-09-25T04:07:26.000Z</time>
        <extensions>
          <ns3:TrackPointExtension>
            <ns3:hr>158</ns3:hr>
            <ns3:cad>91</ns3:cad>
          </ns3:TrackPointExtension>
        </extensions>
      </trkpt>
      <trkpt lat="31.2357071600854396820068359375" lon="121.51894600130617618560791015625">
        <ele>15.19999980926513671875</ele>
        <time>2026-09-25T04:07:27.000Z</time>
        <extensions>
          <ns3:TrackPointExtension>
            <ns3:hr>158</ns3:hr>
            <ns3:cad>90</ns3:cad>
          </ns3:TrackPointExtension>
        </extensions>
      </trkpt>
      <trkpt lat="31.23568008653819561004638671875" lon="121.5189618431031703948974609375">
        <ele>15</ele>
        <time>2026-09-25T04:07:28.000Z</time>
        <extensions>
          <ns3:TrackPointExtension>
            <ns3:hr>158</ns3:hr>
            <ns3:cad>90</ns3:cad>
          </ns3:TrackPointExtension>
        </extensions>
      </trkpt>
      <trkpt lat="31.23565594665706157684326171875" lon="121.51897952891886234283447265625">
        <ele>15</ele>
        <time>2026-09-25T04:07:29.000Z</time>
        <extensions>
          <ns3:TrackPointExtension>
            <ns3:hr>158</ns3:hr>
            <ns3:cad>90</ns3:cad>
          </ns3:TrackPointExtension>
        </extensions>
      </trkpt>
      <trkpt lat="31.2356313876807689666748046875" lon="121.51899226941168308258056640625">
        <ele>15</ele>
        <time>2026-09-25T04:07:30.000Z</time>
        <extensions>
          <ns3:TrackPointExtension>
            <ns3:hr>158</ns3:hr>
            <ns3:cad>90</ns3:cad>
          </ns3:TrackPointExtension>
        </extensions>
      </trkpt>
      <trkpt lat="31.235607080161571502685546875" lon="121.5190034173429012298583984375">
        <ele>15</ele>
        <time>2026-09-25T04:07:31.000Z</time>
        <extensions>
          <ns3:TrackPointExtension>
            <ns3:hr>158</ns3:hr>
            <ns3:cad>90</ns3:cad>
          </ns3:TrackPointExtension>
        </extensions>
      </trkpt>
      <trkpt lat="31.2355797551572322845458984375" lon="121.51901272125542163848876953125">
        <ele>15</ele>
        <time>2026-09-25T04:07:32.000Z</time>
        <extensions>
          <ns3:TrackPointExtension>
            <ns3:hr>158</ns3:hr>
            <ns3:cad>91</ns3:cad>
          </ns3:TrackPointExtension>
        </extensions>
      </trkpt>
      <trkpt lat="31.23555502854287624359130859375" lon="121.51902495883405208587646484375">
        <ele>15</ele>
        <time>2026-09-25T04:07:33.000Z</time>
        <extensions>
          <ns3:TrackPointExtension>
            <ns3:hr>158</ns3:hr>
            <ns3:cad>93</ns3:cad>
          </ns3:TrackPointExtension>
        </extensions>
      </trkpt>
      <trkpt lat="31.2355308048427104949951171875" lon="121.51903577148914337158203125">
        <ele>15.19999980926513671875</ele>
        <time>2026-09-25T04:07:34.000Z</time>
        <extensions>
          <ns3:TrackPointExtension>
            <ns3:hr>158</ns3:hr>
            <ns3:cad>93</ns3:cad>
          </ns3:TrackPointExtension>
        </extensions>
      </trkpt>
      <trkpt lat="31.23550482094287872314453125" lon="121.51904675178229808807373046875">
        <ele>15.19999980926513671875</ele>
        <time>2026-09-25T04:07:35.000Z</time>
        <extensions>
          <ns3:TrackPointExtension>
            <ns3:hr>158</ns3:hr>
            <ns3:cad>93</ns3:cad>
          </ns3:TrackPointExtension>
        </extensions>
      </trkpt>
      <trkpt lat="31.2354815192520618438720703125" lon="121.51905546896159648895263671875">
        <ele>15.19999980926513671875</ele>
        <time>2026-09-25T04:07:36.000Z</time>
        <extensions>
          <ns3:TrackPointExtension>
            <ns3:hr>158</ns3:hr>
            <ns3:cad>92</ns3:cad>
          </ns3:TrackPointExtension>
        </extensions>
      </trkpt>
      <trkpt lat="31.23545511625707149505615234375" lon="121.5190664492547512054443359375">
        <ele>15.19999980926513671875</ele>
        <time>2026-09-25T04:07:37.000Z</time>
        <extensions>
          <ns3:TrackPointExtension>
            <ns3:hr>158</ns3:hr>
            <ns3:cad>92</ns3:cad>
          </ns3:TrackPointExtension>
        </extensions>
      </trkpt>
      <trkpt lat="31.2354335747659206390380859375" lon="121.5190751664340496063232421875">
        <ele>15.19999980926513671875</ele>
        <time>2026-09-25T04:07:38.000Z</time>
        <extensions>
          <ns3:TrackPointExtension>
            <ns3:hr>159</ns3:hr>
            <ns3:cad>92</ns3:cad>
          </ns3:TrackPointExtension>
        </extensions>
      </trkpt>
      <trkpt lat="31.23540616594254970550537109375" lon="121.519091427326202392578125">
        <ele>15</ele>
        <time>2026-09-25T04:07:39.000Z</time>
        <extensions>
          <ns3:TrackPointExtension>
            <ns3:hr>158</ns3:hr>
            <ns3:cad>92</ns3:cad>
          </ns3:TrackPointExtension>
        </extensions>
      </trkpt>
      <trkpt lat="31.23538169078528881072998046875" lon="121.5191043354570865631103515625">
        <ele>14.80000019073486328125</ele>
        <time>2026-09-25T04:07:40.000Z</time>
        <extensions>
          <ns3:TrackPointExtension>
            <ns3:hr>158</ns3:hr>
            <ns3:cad>92</ns3:cad>
          </ns3:TrackPointExtension>
        </extensions>
      </trkpt>
      <trkpt lat="31.23535285703837871551513671875" lon="121.5191190876066684722900390625">
        <ele>14.6000003814697265625</ele>
        <time>2026-09-25T04:07:41.000Z</time>
        <extensions>
          <ns3:TrackPointExtension>
            <ns3:hr>159</ns3:hr>
            <ns3:cad>90</ns3:cad>
          </ns3:TrackPointExtension>
        </extensions>
      </trkpt>
      <trkpt lat="31.23533223755657672882080078125" lon="121.51913610287010669708251953125">
        <ele>14.6000003814697265625</ele>
        <time>2026-09-25T04:07:42.000Z</time>
        <extensions>
          <ns3:TrackPointExtension>
            <ns3:hr>159</ns3:hr>
            <ns3:cad>90</ns3:cad>
          </ns3:TrackPointExtension>
        </extensions>
      </trkpt>
      <trkpt lat="31.23530591838061809539794921875" lon="121.51915169321000576019287109375">
        <ele>14.6000003814697265625</ele>
        <time>2026-09-25T04:07:43.000Z</time>
        <extensions>
          <ns3:TrackPointExtension>
            <ns3:hr>159</ns3:hr>
            <ns3:cad>91</ns3:cad>
          </ns3:TrackPointExtension>
        </extensions>
      </trkpt>
      <trkpt lat="31.2352840416133403778076171875" lon="121.5191633440554141998291015625">
        <ele>14.6000003814697265625</ele>
        <time>2026-09-25T04:07:44.000Z</time>
        <extensions>
          <ns3:TrackPointExtension>
            <ns3:hr>159</ns3:hr>
            <ns3:cad>91</ns3:cad>
          </ns3:TrackPointExtension>
        </extensions>
      </trkpt>
      <trkpt lat="31.235260069370269775390625" lon="121.51917390525341033935546875">
        <ele>14.6000003814697265625</ele>
        <time>2026-09-25T04:07:45.000Z</time>
        <extensions>
          <ns3:TrackPointExtension>
            <ns3:hr>158</ns3:hr>
            <ns3:cad>91</ns3:cad>
          </ns3:TrackPointExtension>
        </extensions>
      </trkpt>
      <trkpt lat="31.23523618094623088836669921875" lon="121.51918119750916957855224609375">
        <ele>14.6000003814697265625</ele>
        <time>2026-09-25T04:07:46.000Z</time>
        <extensions>
          <ns3:TrackPointExtension>
            <ns3:hr>159</ns3:hr>
            <ns3:cad>91</ns3:cad>
          </ns3:TrackPointExtension>
        </extensions>
      </trkpt>
      <trkpt lat="31.23522025533020496368408203125" lon="121.51919963769614696502685546875">
        <ele>14.80000019073486328125</ele>
        <time>2026-09-25T04:07:47.000Z</time>
        <extensions>
          <ns3:TrackPointExtension>
            <ns3:hr>159</ns3:hr>
            <ns3:cad>90</ns3:cad>
          </ns3:TrackPointExtension>
        </extensions>
      </trkpt>
      <trkpt lat="31.235197372734546661376953125" lon="121.51921145617961883544921875">
        <ele>15</ele>
        <time>2026-09-25T04:07:48.000Z</time>
        <extensions>
          <ns3:TrackPointExtension>
            <ns3:hr>159</ns3:hr>
            <ns3:cad>90</ns3:cad>
          </ns3:TrackPointExtension>
        </extensions>
      </trkpt>
      <trkpt lat="31.2351791001856327056884765625" lon="121.5192317403852939605712890625">
        <ele>15.19999980926513671875</ele>
        <time>2026-09-25T04:07:49.000Z</time>
        <extensions>
          <ns3:TrackPointExtension>
            <ns3:hr>159</ns3:hr>
            <ns3:cad>88</ns3:cad>
          </ns3:TrackPointExtension>
        </extensions>
      </trkpt>
      <trkpt lat="31.235159821808338165283203125" lon="121.51925168931484222412109375">
        <ele>15.3999996185302734375</ele>
        <time>2026-09-25T04:07:50.000Z</time>
        <extensions>
          <ns3:TrackPointExtension>
            <ns3:hr>159</ns3:hr>
            <ns3:cad>88</ns3:cad>
          </ns3:TrackPointExtension>
        </extensions>
      </trkpt>
      <trkpt lat="31.23514674603939056396484375" lon="121.519262753427028656005859375">
        <ele>15.6000003814697265625</ele>
        <time>2026-09-25T04:07:51.000Z</time>
        <extensions>
          <ns3:TrackPointExtension>
            <ns3:hr>159</ns3:hr>
            <ns3:cad>88</ns3:cad>
          </ns3:TrackPointExtension>
        </extensions>
      </trkpt>
      <trkpt lat="31.2351123802363872528076171875" lon="121.5193288028240203857421875">
        <ele>14.3999996185302734375</ele>
        <time>2026-09-25T04:09:01.000Z</time>
        <extensions>
          <ns3:TrackPointExtension>
            <ns3:hr>131</ns3:hr>
            <ns3:cad>0</ns3:cad>
          </ns3:TrackPointExtension>
        </extensions>
      </trkpt>
      <trkpt lat="31.2350972928106784820556640625" lon="121.51933752000331878662109375">
        <ele>14.3999996185302734375</ele>
        <time>2026-09-25T04:09:02.000Z</time>
        <extensions>
          <ns3:TrackPointExtension>
            <ns3:hr>132</ns3:hr>
            <ns3:cad>0</ns3:cad>
          </ns3:TrackPointExtension>
        </extensions>
      </trkpt>
      <trkpt lat="31.23508765362203121185302734375" lon="121.51934548281133174896240234375">
        <ele>14.19999980926513671875</ele>
        <time>2026-09-25T04:09:03.000Z</time>
        <extensions>
          <ns3:TrackPointExtension>
            <ns3:hr>132</ns3:hr>
            <ns3:cad>0</ns3:cad>
          </ns3:TrackPointExtension>
        </extensions>
      </trkpt>
      <trkpt lat="31.23505831696093082427978515625" lon="121.51936409063637256622314453125">
        <ele>14</ele>
        <time>2026-09-25T04:09:04.000Z</time>
        <extensions>
          <ns3:TrackPointExtension>
            <ns3:hr>132</ns3:hr>
            <ns3:cad>0</ns3:cad>
          </ns3:TrackPointExtension>
        </extensions>
      </trkpt>
      <trkpt lat="31.23504121787846088409423828125" lon="121.5193728916347026824951171875">
        <ele>13.80000019073486328125</ele>
        <time>2026-09-25T04:09:05.000Z</time>
        <extensions>
          <ns3:TrackPointExtension>
            <ns3:hr>134</ns3:hr>
            <ns3:cad>0</ns3:cad>
          </ns3:TrackPointExtension>
        </extensions>
      </trkpt>
      <trkpt lat="31.23501489870250225067138671875" lon="121.51938186027109622955322265625">
        <ele>13.6000003814697265625</ele>
        <time>2026-09-25T04:09:06.000Z</time>
        <extensions>
          <ns3:TrackPointExtension>
            <ns3:hr>136</ns3:hr>
            <ns3:cad>0</ns3:cad>
          </ns3:TrackPointExtension>
        </extensions>
      </trkpt>
      <trkpt lat="31.234991848468780517578125" lon="121.51938873343169689178466796875">
        <ele>13.6000003814697265625</ele>
        <time>2026-09-25T04:09:07.000Z</time>
        <extensions>
          <ns3:TrackPointExtension>
            <ns3:hr>137</ns3:hr>
            <ns3:cad>87</ns3:cad>
          </ns3:TrackPointExtension>
        </extensions>
      </trkpt>
      <trkpt lat="31.23496209271252155303955078125" lon="121.51939711533486843109130859375">
        <ele>13.80000019073486328125</ele>
        <time>2026-09-25T04:09:08.000Z</time>
        <extensions>
          <ns3:TrackPointExtension>
            <ns3:hr>139</ns3:hr>
            <ns3:cad>88</ns3:cad>
          </ns3:TrackPointExtension>
        </extensions>
      </trkpt>
      <trkpt lat="31.2349341809749603271484375" lon="121.519403569400310516357421875">
        <ele>13.80000019073486328125</ele>
        <time>2026-09-25T04:09:09.000Z</time>
        <extensions>
          <ns3:TrackPointExtension>
            <ns3:hr>140</ns3:hr>
            <ns3:cad>88</ns3:cad>
          </ns3:TrackPointExtension>
        </extensions>
      </trkpt>
      <trkpt lat="31.234905682504177093505859375" lon="121.5194084309041500091552734375">
        <ele>13.80000019073486328125</ele>
        <time>2026-09-25T04:09:10.000Z</time>
        <extensions>
          <ns3:TrackPointExtension>
            <ns3:hr>140</ns3:hr>
            <ns3:cad>89</ns3:cad>
          </ns3:TrackPointExtension>
        </extensions>
      </trkpt>
      <trkpt lat="31.23487559147179126739501953125" lon="121.519399546086788177490234375">
        <ele>13.6000003814697265625</ele>
        <time>2026-09-25T04:09:11.000Z</time>
        <extensions>
          <ns3:TrackPointExtension>
            <ns3:hr>141</ns3:hr>
            <ns3:cad>89</ns3:cad>
          </ns3:TrackPointExtension>
        </extensions>
      </trkpt>
      <trkpt lat="31.234840638935565948486328125" lon="121.519398204982280731201171875">
        <ele>13.80000019073486328125</ele>
        <time>2026-09-25T04:09:12.000Z</time>
        <extensions>
          <ns3:TrackPointExtension>
            <ns3:hr>141</ns3:hr>
            <ns3:cad>89</ns3:cad>
          </ns3:TrackPointExtension>
        </extensions>
      </trkpt>
      <trkpt lat="31.23481591232120990753173828125" lon="121.519412286579608917236328125">
        <ele>13.80000019073486328125</ele>
        <time>2026-09-25T04:09:13.000Z</time>
        <extensions>
          <ns3:TrackPointExtension>
            <ns3:hr>141</ns3:hr>
            <ns3:cad>90</ns3:cad>
          </ns3:TrackPointExtension>
        </extensions>
      </trkpt>
      <trkpt lat="31.23478741385042667388916015625" lon="121.51942142285406589508056640625">
        <ele>14</ele>
        <time>2026-09-25T04:09:14.000Z</time>
        <extensions>
          <ns3:TrackPointExtension>
            <ns3:hr>142</ns3:hr>
            <ns3:cad>90</ns3:cad>
          </ns3:TrackPointExtension>
        </extensions>
      </trkpt>
      <trkpt lat="31.23476319015026092529296875" lon="121.5194339118897914886474609375">
        <ele>14.19999980926513671875</ele>
        <time>2026-09-25T04:09:15.000Z</time>
        <extensions>
          <ns3:TrackPointExtension>
            <ns3:hr>143</ns3:hr>
            <ns3:cad>90</ns3:cad>
          </ns3:TrackPointExtension>
        </extensions>
      </trkpt>
      <trkpt lat="31.23473628424108028411865234375" lon="121.519438438117504119873046875">
        <ele>14.19999980926513671875</ele>
        <time>2026-09-25T04:09:16.000Z</time>
        <extensions>
          <ns3:TrackPointExtension>
            <ns3:hr>143</ns3:hr>
            <ns3:cad>92</ns3:cad>
          </ns3:TrackPointExtension>
        </extensions>
      </trkpt>
      <trkpt lat="31.2347144074738025665283203125" lon="121.5194520168006420135498046875">
        <ele>14.3999996185302734375</ele>
        <time>2026-09-25T04:09:17.000Z</time>
        <extensions>
          <ns3:TrackPointExtension>
            <ns3:hr>144</ns3:hr>
            <ns3:cad>92</ns3:cad>
          </ns3:TrackPointExtension>
        </extensions>
      </trkpt>
      <trkpt lat="31.23469077050685882568359375" lon="121.51946433819830417633056640625">
        <ele>14.3999996185302734375</ele>
        <time>2026-09-25T04:09:18.000Z</time>
        <extensions>
          <ns3:TrackPointExtension>
            <ns3:hr>145</ns3:hr>
            <ns3:cad>93</ns3:cad>
          </ns3:TrackPointExtension>
        </extensions>
      </trkpt>
      <trkpt lat="31.23466671444475650787353515625" lon="121.51947841979563236236572265625">
        <ele>14.3999996185302734375</ele>
        <time>2026-09-25T04:09:19.000Z</time>
        <extensions>
          <ns3:TrackPointExtension>
            <ns3:hr>145</ns3:hr>
            <ns3:cad>93</ns3:cad>
          </ns3:TrackPointExtension>
        </extensions>
      </trkpt>
      <trkpt lat="31.234640814363956451416015625" lon="121.519495435059070587158203125">
        <ele>14.3999996185302734375</ele>
        <time>2026-09-25T04:09:20.000Z</time>
        <extensions>
          <ns3:TrackPointExtension>
            <ns3:hr>146</ns3:hr>
            <ns3:cad>93</ns3:cad>
          </ns3:TrackPointExtension>
        </extensions>
      </trkpt>
      <trkpt lat="31.2346161715686321258544921875" lon="121.51950926519930362701416015625">
        <ele>14.3999996185302734375</ele>
        <time>2026-09-25T04:09:21.000Z</time>
        <extensions>
          <ns3:TrackPointExtension>
            <ns3:hr>147</ns3:hr>
            <ns3:cad>93</ns3:cad>
          </ns3:TrackPointExtension>
        </extensions>
      </trkpt>
      <trkpt lat="31.23459278605878353118896484375" lon="121.5195192396640777587890625">
        <ele>14.3999996185302734375</ele>
        <time>2026-09-25T04:09:22.000Z</time>
        <extensions>
          <ns3:TrackPointExtension>
            <ns3:hr>148</ns3:hr>
            <ns3:cad>94</ns3:cad>
          </ns3:TrackPointExtension>
        </extensions>
      </trkpt>
      <trkpt lat="31.234565712511539459228515625" lon="121.5195324830710887908935546875">
        <ele>14.6000003814697265625</ele>
        <time>2026-09-25T04:09:23.000Z</time>
        <extensions>
          <ns3:TrackPointExtension>
            <ns3:hr>148</ns3:hr>
            <ns3:cad>94</ns3:cad>
          </ns3:TrackPointExtension>
        </extensions>
      </trkpt>
      <trkpt lat="31.2345424108207225799560546875" lon="121.51954228989779949188232421875">
        <ele>14.6000003814697265625</ele>
        <time>2026-09-25T04:09:24.000Z</time>
        <extensions>
          <ns3:TrackPointExtension>
            <ns3:hr>149</ns3:hr>
            <ns3:cad>93</ns3:cad>
          </ns3:TrackPointExtension>
        </extensions>
      </trkpt>
      <trkpt lat="31.2345129065215587615966796875" lon="121.51955016888678073883056640625">
        <ele>14.6000003814697265625</ele>
        <time>2026-09-25T04:09:25.000Z</time>
        <extensions>
          <ns3:TrackPointExtension>
            <ns3:hr>150</ns3:hr>
            <ns3:cad>91</ns3:cad>
          </ns3:TrackPointExtension>
        </extensions>
      </trkpt>
      <trkpt lat="31.234496645629405975341796875" lon="121.51956550776958465576171875">
        <ele>14.80000019073486328125</ele>
        <time>2026-09-25T04:09:26.000Z</time>
        <extensions>
          <ns3:TrackPointExtension>
            <ns3:hr>150</ns3:hr>
            <ns3:cad>91</ns3:cad>
          </ns3:TrackPointExtension>
        </extensions>
      </trkpt>
      <trkpt lat="31.2344709970057010650634765625" lon="121.51957833208143711090087890625">
        <ele>14.80000019073486328125</ele>
        <time>2026-09-25T04:09:27.000Z</time>
        <extensions>
          <ns3:TrackPointExtension>
            <ns3:hr>151</ns3:hr>
            <ns3:cad>92</ns3:cad>
          </ns3:TrackPointExtension>
        </extensions>
      </trkpt>
      <trkpt lat="31.2344505451619625091552734375" lon="121.51959367096424102783203125">
        <ele>15</ele>
        <time>2026-09-25T04:09:28.000Z</time>
        <extensions>
          <ns3:TrackPointExtension>
            <ns3:hr>150</ns3:hr>
            <ns3:cad>92</ns3:cad>
          </ns3:TrackPointExtension>
        </extensions>
      </trkpt>
      <trkpt lat="31.2344207055866718292236328125" lon="121.51960817165672779083251953125">
        <ele>15.19999980926513671875</ele>
        <time>2026-09-25T04:09:29.000Z</time>
        <extensions>
          <ns3:TrackPointExtension>
            <ns3:hr>148</ns3:hr>
            <ns3:cad>92</ns3:cad>
          </ns3:TrackPointExtension>
        </extensions>
      </trkpt>
      <trkpt lat="31.23440109193325042724609375" lon="121.51961470954120159149169921875">
        <ele>15.19999980926513671875</ele>
        <time>2026-09-25T04:09:30.000Z</time>
        <extensions>
          <ns3:TrackPointExtension>
            <ns3:hr>145</ns3:hr>
            <ns3:cad>91</ns3:cad>
          </ns3:TrackPointExtension>
        </extensions>
      </trkpt>
      <trkpt lat="31.23437292873859405517578125" lon="121.51962443254888057708740234375">
        <ele>15.3999996185302734375</ele>
        <time>2026-09-25T04:09:31.000Z</time>
        <extensions>
          <ns3:TrackPointExtension>
            <ns3:hr>143</ns3:hr>
            <ns3:cad>91</ns3:cad>
          </ns3:TrackPointExtension>
        </extensions>
      </trkpt>
      <trkpt lat="31.23434920795261859893798828125" lon="121.51963532902300357818603515625">
        <ele>15.3999996185302734375</ele>
        <time>2026-09-25T04:09:32.000Z</time>
        <extensions>
          <ns3:TrackPointExtension>
            <ns3:hr>142</ns3:hr>
            <ns3:cad>91</ns3:cad>
          </ns3:TrackPointExtension>
        </extensions>
      </trkpt>
      <trkpt lat="31.234323643147945404052734375" lon="121.51964320801198482513427734375">
        <ele>15.3999996185302734375</ele>
        <time>2026-09-25T04:09:33.000Z</time>
        <extensions>
          <ns3:TrackPointExtension>
            <ns3:hr>143</ns3:hr>
            <ns3:cad>91</ns3:cad>
          </ns3:TrackPointExtension>
        </extensions>
      </trkpt>
      <trkpt lat="31.23429941944777965545654296875" lon="121.51965544559061527252197265625">
        <ele>15.3999996185302734375</ele>
        <time>2026-09-25T04:09:34.000Z</time>
        <extensions>
          <ns3:TrackPointExtension>
            <ns3:hr>143</ns3:hr>
            <ns3:cad>92</ns3:cad>
          </ns3:TrackPointExtension>
        </extensions>
      </trkpt>
      <trkpt lat="31.23427175916731357574462890625" lon="121.51967003010213375091552734375">
        <ele>15.3999996185302734375</ele>
        <time>2026-09-25T04:09:35.000Z</time>
        <extensions>
          <ns3:TrackPointExtension>
            <ns3:hr>143</ns3:hr>
            <ns3:cad>92</ns3:cad>
          </ns3:TrackPointExtension>
        </extensions>
      </trkpt>
      <trkpt lat="31.23425197787582874298095703125" lon="121.51968109421432018280029296875">
        <ele>15.6000003814697265625</ele>
        <time>2026-09-25T04:09:36.000Z</time>
        <extensions>
          <ns3:TrackPointExtension>
            <ns3:hr>143</ns3:hr>
            <ns3:cad>91</ns3:cad>
          </ns3:TrackPointExtension>
        </extensions>
      </trkpt>
      <trkpt lat="31.2342225573956966400146484375" lon="121.519695930182933807373046875">
        <ele>15.6000003814697265625</ele>
        <time>2026-09-25T04:09:37.000Z</time>
        <extensions>
          <ns3:TrackPointExtension>
            <ns3:hr>144</ns3:hr>
            <ns3:cad>91</ns3:cad>
          </ns3:TrackPointExtension>
        </extensions>
      </trkpt>
      <trkpt lat="31.23419431038200855255126953125" lon="121.5197088383138179779052734375">
        <ele>15.6000003814697265625</ele>
        <time>2026-09-25T04:09:38.000Z</time>
        <extensions>
          <ns3:TrackPointExtension>
            <ns3:hr>145</ns3:hr>
            <ns3:cad>92</ns3:cad>
          </ns3:TrackPointExtension>
        </extensions>
      </trkpt>
      <trkpt lat="31.23416815884411334991455078125" lon="121.51972099207341670989990234375">
        <ele>15.6000003814697265625</ele>
        <time>2026-09-25T04:09:39.000Z</time>
        <extensions>
          <ns3:TrackPointExtension>
            <ns3:hr>145</ns3:hr>
            <ns3:cad>92</ns3:cad>
          </ns3:TrackPointExtension>
        </extensions>
      </trkpt>
      <trkpt lat="31.23414368368685245513916015625" lon="121.51973591186106204986572265625">
        <ele>15.80000019073486328125</ele>
        <time>2026-09-25T04:09:40.000Z</time>
        <extensions>
          <ns3:TrackPointExtension>
            <ns3:hr>146</ns3:hr>
            <ns3:cad>92</ns3:cad>
          </ns3:TrackPointExtension>
        </extensions>
      </trkpt>
      <trkpt lat="31.23411635868251323699951171875" lon="121.51975049637258052825927734375">
        <ele>15.80000019073486328125</ele>
        <time>2026-09-25T04:09:41.000Z</time>
        <extensions>
          <ns3:TrackPointExtension>
            <ns3:hr>147</ns3:hr>
            <ns3:cad>92</ns3:cad>
          </ns3:TrackPointExtension>
        </extensions>
      </trkpt>
      <trkpt lat="31.2340891174972057342529296875" lon="121.5197665058076381683349609375">
        <ele>15.6000003814697265625</ele>
        <time>2026-09-25T04:09:42.000Z</time>
        <extensions>
          <ns3:TrackPointExtension>
            <ns3:hr>148</ns3:hr>
            <ns3:cad>92</ns3:cad>
          </ns3:TrackPointExtension>
        </extensions>
      </trkpt>
      <trkpt lat="31.2340622954070568084716796875" lon="121.51977865956723690032958984375">
        <ele>15.6000003814697265625</ele>
        <time>2026-09-25T04:09:43.000Z</time>
        <extensions>
          <ns3:TrackPointExtension>
            <ns3:hr>148</ns3:hr>
            <ns3:cad>92</ns3:cad>
          </ns3:TrackPointExtension>
        </extensions>
      </trkpt>
      <trkpt lat="31.23403673060238361358642578125" lon="121.51979374699294567108154296875">
        <ele>15.6000003814697265625</ele>
        <time>2026-09-25T04:09:44.000Z</time>
        <extensions>
          <ns3:TrackPointExtension>
            <ns3:hr>148</ns3:hr>
            <ns3:cad>91</ns3:cad>
          </ns3:TrackPointExtension>
        </extensions>
      </trkpt>
      <trkpt lat="31.2340136803686618804931640625" lon="121.5198017098009586334228515625">
        <ele>15.6000003814697265625</ele>
        <time>2026-09-25T04:09:45.000Z</time>
        <extensions>
          <ns3:TrackPointExtension>
            <ns3:hr>149</ns3:hr>
            <ns3:cad>91</ns3:cad>
          </ns3:TrackPointExtension>
        </extensions>
      </trkpt>
      <trkpt lat="31.2339900434017181396484375" lon="121.51981269009411334991455078125">
        <ele>15.3999996185302734375</ele>
        <time>2026-09-25T04:09:46.000Z</time>
        <extensions>
          <ns3:TrackPointExtension>
            <ns3:hr>149</ns3:hr>
            <ns3:cad>91</ns3:cad>
          </ns3:TrackPointExtension>
        </extensions>
      </trkpt>
      <trkpt lat="31.23396749608218669891357421875" lon="121.51982970535755157470703125">
        <ele>15.3999996185302734375</ele>
        <time>2026-09-25T04:09:47.000Z</time>
        <extensions>
          <ns3:TrackPointExtension>
            <ns3:hr>150</ns3:hr>
            <ns3:cad>90</ns3:cad>
          </ns3:TrackPointExtension>
        </extensions>
      </trkpt>
      <trkpt lat="31.233942098915576934814453125" lon="121.51984554715454578399658203125">
        <ele>15.19999980926513671875</ele>
        <time>2026-09-25T04:09:48.000Z</time>
        <extensions>
          <ns3:TrackPointExtension>
            <ns3:hr>150</ns3:hr>
            <ns3:cad>90</ns3:cad>
          </ns3:TrackPointExtension>
        </extensions>
      </trkpt>
      <trkpt lat="31.233918629586696624755859375" lon="121.51986298151314258575439453125">
        <ele>15.19999980926513671875</ele>
        <time>2026-09-25T04:09:49.000Z</time>
        <extensions>
          <ns3:TrackPointExtension>
            <ns3:hr>150</ns3:hr>
            <ns3:cad>90</ns3:cad>
          </ns3:TrackPointExtension>
        </extensions>
      </trkpt>
      <trkpt lat="31.2338963337242603302001953125" lon="121.51987639255821704864501953125">
        <ele>15.19999980926513671875</ele>
        <time>2026-09-25T04:09:50.000Z</time>
        <extensions>
          <ns3:TrackPointExtension>
            <ns3:hr>150</ns3:hr>
            <ns3:cad>90</ns3:cad>
          </ns3:TrackPointExtension>
        </extensions>
      </trkpt>
      <trkpt lat="31.23387311585247516632080078125" lon="121.519891731441020965576171875">
        <ele>15.19999980926513671875</ele>
        <time>2026-09-25T04:09:51.000Z</time>
        <extensions>
          <ns3:TrackPointExtension>
            <ns3:hr>150</ns3:hr>
            <ns3:cad>91</ns3:cad>
          </ns3:TrackPointExtension>
        </extensions>
      </trkpt>
      <trkpt lat="31.23384478501975536346435546875" lon="121.51991662569344043731689453125">
        <ele>15.19999980926513671875</ele>
        <time>2026-09-25T04:09:52.000Z</time>
        <extensions>
          <ns3:TrackPointExtension>
            <ns3:hr>151</ns3:hr>
            <ns3:cad>91</ns3:cad>
          </ns3:TrackPointExtension>
        </extensions>
      </trkpt>
      <trkpt lat="31.233818717300891876220703125" lon="121.51993473060429096221923828125">
        <ele>15.3999996185302734375</ele>
        <time>2026-09-25T04:09:53.000Z</time>
        <extensions>
          <ns3:TrackPointExtension>
            <ns3:hr>151</ns3:hr>
            <ns3:cad>91</ns3:cad>
          </ns3:TrackPointExtension>
        </extensions>
      </trkpt>
      <trkpt lat="31.233793906867504119873046875" lon="121.51995216496288776397705078125">
        <ele>15.3999996185302734375</ele>
        <time>2026-09-25T04:09:54.000Z</time>
        <extensions>
          <ns3:TrackPointExtension>
            <ns3:hr>151</ns3:hr>
            <ns3:cad>90</ns3:cad>
          </ns3:TrackPointExtension>
        </extensions>
      </trkpt>
      <trkpt lat="31.2337669171392917633056640625" lon="121.51996725238859653472900390625">
        <ele>15.3999996185302734375</ele>
        <time>2026-09-25T04:09:55.000Z</time>
        <extensions>
          <ns3:TrackPointExtension>
            <ns3:hr>151</ns3:hr>
            <ns3:cad>89</ns3:cad>
          </ns3:TrackPointExtension>
        </extensions>
      </trkpt>
      <trkpt lat="31.2337447889149188995361328125" lon="121.5199837647378444671630859375">
        <ele>15.6000003814697265625</ele>
        <time>2026-09-25T04:09:56.000Z</time>
        <extensions>
          <ns3:TrackPointExtension>
            <ns3:hr>151</ns3:hr>
            <ns3:cad>89</ns3:cad>
          </ns3:TrackPointExtension>
        </extensions>
      </trkpt>
      <trkpt lat="31.233720481395721435546875" lon="121.5199958346784114837646484375">
        <ele>15.6000003814697265625</ele>
        <time>2026-09-25T04:09:57.000Z</time>
        <extensions>
          <ns3:TrackPointExtension>
            <ns3:hr>152</ns3:hr>
            <ns3:cad>89</ns3:cad>
          </ns3:TrackPointExtension>
        </extensions>
      </trkpt>
      <trkpt lat="31.23369407840073108673095703125" lon="121.520007066428661346435546875">
        <ele>15.6000003814697265625</ele>
        <time>2026-09-25T04:09:58.000Z</time>
        <extensions>
          <ns3:TrackPointExtension>
            <ns3:hr>152</ns3:hr>
            <ns3:cad>90</ns3:cad>
          </ns3:TrackPointExtension>
        </extensions>
      </trkpt>
      <trkpt lat="31.233669854700565338134765625" lon="121.52001720853149890899658203125">
        <ele>15.6000003814697265625</ele>
        <time>2026-09-25T04:09:59.000Z</time>
        <extensions>
          <ns3:TrackPointExtension>
            <ns3:hr>152</ns3:hr>
            <ns3:cad>90</ns3:cad>
          </ns3:TrackPointExtension>
        </extensions>
      </trkpt>
      <trkpt lat="31.23364060185849666595458984375" lon="121.52002072893083095550537109375">
        <ele>15.6000003814697265625</ele>
        <time>2026-09-25T04:10:00.000Z</time>
        <extensions>
          <ns3:TrackPointExtension>
            <ns3:hr>153</ns3:hr>
            <ns3:cad>90</ns3:cad>
          </ns3:TrackPointExtension>
        </extensions>
      </trkpt>
      <trkpt lat="31.23362216167151927947998046875" lon="121.52003061957657337188720703125">
        <ele>15.6000003814697265625</ele>
        <time>2026-09-25T04:10:01.000Z</time>
        <extensions>
          <ns3:TrackPointExtension>
            <ns3:hr>153</ns3:hr>
            <ns3:cad>90</ns3:cad>
          </ns3:TrackPointExtension>
        </extensions>
      </trkpt>
      <trkpt lat="31.23359508812427520751953125" lon="121.520041264593601226806640625">
        <ele>15.6000003814697265625</ele>
        <time>2026-09-25T04:10:02.000Z</time>
        <extensions>
          <ns3:TrackPointExtension>
            <ns3:hr>153</ns3:hr>
            <ns3:cad>90</ns3:cad>
          </ns3:TrackPointExtension>
        </extensions>
      </trkpt>
      <trkpt lat="31.23357119970023632049560546875" lon="121.52005769312381744384765625">
        <ele>15.6000003814697265625</ele>
        <time>2026-09-25T04:10:03.000Z</time>
        <extensions>
          <ns3:TrackPointExtension>
            <ns3:hr>154</ns3:hr>
            <ns3:cad>90</ns3:cad>
          </ns3:TrackPointExtension>
        </extensions>
      </trkpt>
      <trkpt lat="31.23354144394397735595703125" lon="121.52007085271179676055908203125">
        <ele>15.80000019073486328125</ele>
        <time>2026-09-25T04:10:04.000Z</time>
        <extensions>
          <ns3:TrackPointExtension>
            <ns3:hr>154</ns3:hr>
            <ns3:cad>94</ns3:cad>
          </ns3:TrackPointExtension>
        </extensions>
      </trkpt>
      <trkpt lat="31.23351537622511386871337890625" lon="121.520084179937839508056640625">
        <ele>15.80000019073486328125</ele>
        <time>2026-09-25T04:10:05.000Z</time>
        <extensions>
          <ns3:TrackPointExtension>
            <ns3:hr>155</ns3:hr>
            <ns3:cad>94</ns3:cad>
          </ns3:TrackPointExtension>
        </extensions>
      </trkpt>
      <trkpt lat="31.23348377645015716552734375" lon="121.52009532786905765533447265625">
        <ele>16</ele>
        <time>2026-09-25T04:10:06.000Z</time>
        <extensions>
          <ns3:TrackPointExtension>
            <ns3:hr>156</ns3:hr>
            <ns3:cad>94</ns3:cad>
          </ns3:TrackPointExtension>
        </extensions>
      </trkpt>
      <trkpt lat="31.2334587983787059783935546875" lon="121.52011292986571788787841796875">
        <ele>16.200000762939453125</ele>
        <time>2026-09-25T04:10:07.000Z</time>
        <extensions>
          <ns3:TrackPointExtension>
            <ns3:hr>156</ns3:hr>
            <ns3:cad>92</ns3:cad>
          </ns3:TrackPointExtension>
        </extensions>
      </trkpt>
      <trkpt lat="31.23342954553663730621337890625" lon="121.52012499980628490447998046875">
        <ele>16.200000762939453125</ele>
        <time>2026-09-25T04:10:08.000Z</time>
        <extensions>
          <ns3:TrackPointExtension>
            <ns3:hr>156</ns3:hr>
            <ns3:cad>91</ns3:cad>
          </ns3:TrackPointExtension>
        </extensions>
      </trkpt>
      <trkpt lat="31.23340574093163013458251953125" lon="121.52014059014618396759033203125">
        <ele>16.3999996185302734375</ele>
        <time>2026-09-25T04:10:09.000Z</time>
        <extensions>
          <ns3:TrackPointExtension>
            <ns3:hr>156</ns3:hr>
            <ns3:cad>91</ns3:cad>
          </ns3:TrackPointExtension>
        </extensions>
      </trkpt>
      <trkpt lat="31.2333749793469905853271484375" lon="121.520151905715465545654296875">
        <ele>16.3999996185302734375</ele>
        <time>2026-09-25T04:10:10.000Z</time>
        <extensions>
          <ns3:TrackPointExtension>
            <ns3:hr>156</ns3:hr>
            <ns3:cad>91</ns3:cad>
          </ns3:TrackPointExtension>
        </extensions>
      </trkpt>
      <trkpt lat="31.23335637152194976806640625" lon="121.520170681178569793701171875">
        <ele>16.3999996185302734375</ele>
        <time>2026-09-25T04:10:11.000Z</time>
        <extensions>
          <ns3:TrackPointExtension>
            <ns3:hr>157</ns3:hr>
            <ns3:cad>90</ns3:cad>
          </ns3:TrackPointExtension>
        </extensions>
      </trkpt>
      <trkpt lat="31.2333300523459911346435546875" lon="121.520184092223644256591796875">
        <ele>16.6000003814697265625</ele>
        <time>2026-09-25T04:10:12.000Z</time>
        <extensions>
          <ns3:TrackPointExtension>
            <ns3:hr>157</ns3:hr>
            <ns3:cad>90</ns3:cad>
          </ns3:TrackPointExtension>
        </extensions>
      </trkpt>
      <trkpt lat="31.2333116121590137481689453125" lon="121.5201966650784015655517578125">
        <ele>16.6000003814697265625</ele>
        <time>2026-09-25T04:10:13.000Z</time>
        <extensions>
          <ns3:TrackPointExtension>
            <ns3:hr>157</ns3:hr>
            <ns3:cad>90</ns3:cad>
          </ns3:TrackPointExtension>
        </extensions>
      </trkpt>
      <trkpt lat="31.23328906483948230743408203125" lon="121.52020848356187343597412109375">
        <ele>16.6000003814697265625</ele>
        <time>2026-09-25T04:10:14.000Z</time>
        <extensions>
          <ns3:TrackPointExtension>
            <ns3:hr>157</ns3:hr>
            <ns3:cad>90</ns3:cad>
          </ns3:TrackPointExtension>
        </extensions>
      </trkpt>
      <trkpt lat="31.2332693673670291900634765625" lon="121.5202171169221401214599609375">
        <ele>16.6000003814697265625</ele>
        <time>2026-09-25T04:10:15.000Z</time>
        <extensions>
          <ns3:TrackPointExtension>
            <ns3:hr>157</ns3:hr>
            <ns3:cad>90</ns3:cad>
          </ns3:TrackPointExtension>
        </extensions>
      </trkpt>
      <trkpt lat="31.23323969542980194091796875" lon="121.52022658847272396087646484375">
        <ele>16.6000003814697265625</ele>
        <time>2026-09-25T04:10:16.000Z</time>
        <extensions>
          <ns3:TrackPointExtension>
            <ns3:hr>158</ns3:hr>
            <ns3:cad>89</ns3:cad>
          </ns3:TrackPointExtension>
        </extensions>
      </trkpt>
      <trkpt lat="31.23321957886219024658203125" lon="121.52023815549910068511962890625">
        <ele>16.6000003814697265625</ele>
        <time>2026-09-25T04:10:17.000Z</time>
        <extensions>
          <ns3:TrackPointExtension>
            <ns3:hr>158</ns3:hr>
            <ns3:cad>89</ns3:cad>
          </ns3:TrackPointExtension>
        </extensions>
      </trkpt>
      <trkpt lat="31.23319468460977077484130859375" lon="121.520257852971553802490234375">
        <ele>16.3999996185302734375</ele>
        <time>2026-09-25T04:10:18.000Z</time>
        <extensions>
          <ns3:TrackPointExtension>
            <ns3:hr>158</ns3:hr>
            <ns3:cad>89</ns3:cad>
          </ns3:TrackPointExtension>
        </extensions>
      </trkpt>
      <trkpt lat="31.23316853307187557220458984375" lon="121.5202809870243072509765625">
        <ele>16.3999996185302734375</ele>
        <time>2026-09-25T04:10:19.000Z</time>
        <extensions>
          <ns3:TrackPointExtension>
            <ns3:hr>157</ns3:hr>
            <ns3:cad>88</ns3:cad>
          </ns3:TrackPointExtension>
        </extensions>
      </trkpt>
      <trkpt lat="31.23313634656369686126708984375" lon="121.520292721688747406005859375">
        <ele>16.200000762939453125</ele>
        <time>2026-09-25T04:10:20.000Z</time>
        <extensions>
          <ns3:TrackPointExtension>
            <ns3:hr>158</ns3:hr>
            <ns3:cad>88</ns3:cad>
          </ns3:TrackPointExtension>
        </extensions>
      </trkpt>
      <trkpt lat="31.233117319643497467041015625" lon="121.5203103236854076385498046875">
        <ele>16.200000762939453125</ele>
        <time>2026-09-25T04:10:21.000Z</time>
        <extensions>
          <ns3:TrackPointExtension>
            <ns3:hr>158</ns3:hr>
            <ns3:cad>89</ns3:cad>
          </ns3:TrackPointExtension>
        </extensions>
      </trkpt>
      <trkpt lat="31.23308890499174594879150390625" lon="121.520319879055023193359375">
        <ele>16</ele>
        <time>2026-09-25T04:10:22.000Z</time>
        <extensions>
          <ns3:TrackPointExtension>
            <ns3:hr>158</ns3:hr>
            <ns3:cad>90</ns3:cad>
          </ns3:TrackPointExtension>
        </extensions>
      </trkpt>
      <trkpt lat="31.23306493274867534637451171875" lon="121.5203346312046051025390625">
        <ele>16</ele>
        <time>2026-09-25T04:10:23.000Z</time>
        <extensions>
          <ns3:TrackPointExtension>
            <ns3:hr>158</ns3:hr>
            <ns3:cad>90</ns3:cad>
          </ns3:TrackPointExtension>
        </extensions>
      </trkpt>
      <trkpt lat="31.2330316565930843353271484375" lon="121.5203388221561908721923828125">
        <ele>16</ele>
        <time>2026-09-25T04:10:24.000Z</time>
        <extensions>
          <ns3:TrackPointExtension>
            <ns3:hr>158</ns3:hr>
            <ns3:cad>90</ns3:cad>
          </ns3:TrackPointExtension>
        </extensions>
      </trkpt>
      <trkpt lat="31.23300877399742603302001953125" lon="121.52035214938223361968994140625">
        <ele>16</ele>
        <time>2026-09-25T04:10:25.000Z</time>
        <extensions>
          <ns3:TrackPointExtension>
            <ns3:hr>157</ns3:hr>
            <ns3:cad>89</ns3:cad>
          </ns3:TrackPointExtension>
        </extensions>
      </trkpt>
      <trkpt lat="31.2329773418605327606201171875" lon="121.5203602798283100128173828125">
        <ele>16.200000762939453125</ele>
        <time>2026-09-25T04:10:26.000Z</time>
        <extensions>
          <ns3:TrackPointExtension>
            <ns3:hr>158</ns3:hr>
            <ns3:cad>89</ns3:cad>
          </ns3:TrackPointExtension>
        </extensions>
      </trkpt>
      <trkpt lat="31.23295831494033336639404296875" lon="121.5203814022243022918701171875">
        <ele>16.200000762939453125</ele>
        <time>2026-09-25T04:10:27.000Z</time>
        <extensions>
          <ns3:TrackPointExtension>
            <ns3:hr>158</ns3:hr>
            <ns3:cad>89</ns3:cad>
          </ns3:TrackPointExtension>
        </extensions>
      </trkpt>
      <trkpt lat="31.23292881064116954803466796875" lon="121.52038785628974437713623046875">
        <ele>16</ele>
        <time>2026-09-25T04:10:28.000Z</time>
        <extensions>
          <ns3:TrackPointExtension>
            <ns3:hr>158</ns3:hr>
            <ns3:cad>89</ns3:cad>
          </ns3:TrackPointExtension>
        </extensions>
      </trkpt>
      <trkpt lat="31.23290651477873325347900390625" lon="121.520399339497089385986328125">
        <ele>16</ele>
        <time>2026-09-25T04:10:29.000Z</time>
        <extensions>
          <ns3:TrackPointExtension>
            <ns3:hr>159</ns3:hr>
            <ns3:cad>89</ns3:cad>
          </ns3:TrackPointExtension>
        </extensions>
      </trkpt>
      <trkpt lat="31.23287918977439403533935546875" lon="121.5204105712473392486572265625">
        <ele>15.80000019073486328125</ele>
        <time>2026-09-25T04:10:30.000Z</time>
        <extensions>
          <ns3:TrackPointExtension>
            <ns3:hr>159</ns3:hr>
            <ns3:cad>88</ns3:cad>
          </ns3:TrackPointExtension>
        </extensions>
      </trkpt>
      <trkpt lat="31.23285639099776744842529296875" lon="121.52042322792112827301025390625">
        <ele>15.80000019073486328125</ele>
        <time>2026-09-25T04:10:31.000Z</time>
        <extensions>
          <ns3:TrackPointExtension>
            <ns3:hr>159</ns3:hr>
            <ns3:cad>88</ns3:cad>
          </ns3:TrackPointExtension>
        </extensions>
      </trkpt>
      <trkpt lat="31.23282940126955509185791015625" lon="121.52042875997722148895263671875">
        <ele>15.80000019073486328125</ele>
        <time>2026-09-25T04:10:32.000Z</time>
        <extensions>
          <ns3:TrackPointExtension>
            <ns3:hr>158</ns3:hr>
            <ns3:cad>88</ns3:cad>
          </ns3:TrackPointExtension>
        </extensions>
      </trkpt>
      <trkpt lat="31.232801489531993865966796875" lon="121.52043747715651988983154296875">
        <ele>15.6000003814697265625</ele>
        <time>2026-09-25T04:10:33.000Z</time>
        <extensions>
          <ns3:TrackPointExtension>
            <ns3:hr>158</ns3:hr>
            <ns3:cad>89</ns3:cad>
          </ns3:TrackPointExtension>
        </extensions>
      </trkpt>
      <trkpt lat="31.23277558945119380950927734375" lon="121.52044661343097686767578125">
        <ele>15.6000003814697265625</ele>
        <time>2026-09-25T04:10:34.000Z</time>
        <extensions>
          <ns3:TrackPointExtension>
            <ns3:hr>158</ns3:hr>
            <ns3:cad>89</ns3:cad>
          </ns3:TrackPointExtension>
        </extensions>
      </trkpt>
      <trkpt lat="31.23274876736104488372802734375" lon="121.5204541571438312530517578125">
        <ele>15.6000003814697265625</ele>
        <time>2026-09-25T04:10:35.000Z</time>
        <extensions>
          <ns3:TrackPointExtension>
            <ns3:hr>159</ns3:hr>
            <ns3:cad>89</ns3:cad>
          </ns3:TrackPointExtension>
        </extensions>
      </trkpt>
      <trkpt lat="31.23273049481213092803955078125" lon="121.52046144939959049224853515625">
        <ele>15.6000003814697265625</ele>
        <time>2026-09-25T04:10:36.000Z</time>
        <extensions>
          <ns3:TrackPointExtension>
            <ns3:hr>159</ns3:hr>
            <ns3:cad>87</ns3:cad>
          </ns3:TrackPointExtension>
        </extensions>
      </trkpt>
      <trkpt lat="31.23270057141780853271484375" lon="121.52047075331211090087890625">
        <ele>15.6000003814697265625</ele>
        <time>2026-09-25T04:10:37.000Z</time>
        <extensions>
          <ns3:TrackPointExtension>
            <ns3:hr>159</ns3:hr>
            <ns3:cad>87</ns3:cad>
          </ns3:TrackPointExtension>
        </extensions>
      </trkpt>
      <trkpt lat="31.23268322087824344635009765625" lon="121.5204836614429950714111328125">
        <ele>15.6000003814697265625</ele>
        <time>2026-09-25T04:10:38.000Z</time>
        <extensions>
          <ns3:TrackPointExtension>
            <ns3:hr>159</ns3:hr>
            <ns3:cad>87</ns3:cad>
          </ns3:TrackPointExtension>
        </extensions>
      </trkpt>
      <trkpt lat="31.23265271075069904327392578125" lon="121.52049732394516468048095703125">
        <ele>15.80000019073486328125</ele>
        <time>2026-09-25T04:10:39.000Z</time>
        <extensions>
          <ns3:TrackPointExtension>
            <ns3:hr>159</ns3:hr>
            <ns3:cad>87</ns3:cad>
          </ns3:TrackPointExtension>
        </extensions>
      </trkpt>
      <trkpt lat="31.23263276182115077972412109375" lon="121.5205111540853977203369140625">
        <ele>15.80000019073486328125</ele>
        <time>2026-09-25T04:10:40.000Z</time>
        <extensions>
          <ns3:TrackPointExtension>
            <ns3:hr>159</ns3:hr>
            <ns3:cad>87</ns3:cad>
          </ns3:TrackPointExtension>
        </extensions>
      </trkpt>
      <trkpt lat="31.23260677792131900787353515625" lon="121.520528085529804229736328125">
        <ele>15.6000003814697265625</ele>
        <time>2026-09-25T04:10:41.000Z</time>
        <extensions>
          <ns3:TrackPointExtension>
            <ns3:hr>159</ns3:hr>
            <ns3:cad>87</ns3:cad>
          </ns3:TrackPointExtension>
        </extensions>
      </trkpt>
      <trkpt lat="31.2325874157249927520751953125" lon="121.52054795064032077789306640625">
        <ele>15.6000003814697265625</ele>
        <time>2026-09-25T04:10:42.000Z</time>
        <extensions>
          <ns3:TrackPointExtension>
            <ns3:hr>159</ns3:hr>
            <ns3:cad>87</ns3:cad>
          </ns3:TrackPointExtension>
        </extensions>
      </trkpt>
      <trkpt lat="31.23257308267056941986083984375" lon="121.52056957595050334930419921875">
        <ele>15.6000003814697265625</ele>
        <time>2026-09-25T04:10:43.000Z</time>
        <extensions>
          <ns3:TrackPointExtension>
            <ns3:hr>159</ns3:hr>
            <ns3:cad>88</ns3:cad>
          </ns3:TrackPointExtension>
        </extensions>
      </trkpt>
      <trkpt lat="31.23256403021514415740966796875" lon="121.52059405110776424407958984375">
        <ele>15.6000003814697265625</ele>
        <time>2026-09-25T04:10:44.000Z</time>
        <extensions>
          <ns3:TrackPointExtension>
            <ns3:hr>158</ns3:hr>
            <ns3:cad>87</ns3:cad>
          </ns3:TrackPointExtension>
        </extensions>
      </trkpt>
      <trkpt lat="31.23255866579711437225341796875" lon="121.52061785571277141571044921875">
        <ele>15.6000003814697265625</ele>
        <time>2026-09-25T04:10:45.000Z</time>
        <extensions>
          <ns3:TrackPointExtension>
            <ns3:hr>159</ns3:hr>
            <ns3:cad>87</ns3:cad>
          </ns3:TrackPointExtension>
        </extensions>
      </trkpt>
      <trkpt lat="31.23255330137908458709716796875" lon="121.52064819820225238800048828125">
        <ele>15.6000003814697265625</ele>
        <time>2026-09-25T04:10:46.000Z</time>
        <extensions>
          <ns3:TrackPointExtension>
            <ns3:hr>159</ns3:hr>
            <ns3:cad>87</ns3:cad>
          </ns3:TrackPointExtension>
        </extensions>
      </trkpt>
      <trkpt lat="31.2325465120375156402587890625" lon="121.52067703194916248321533203125">
        <ele>15.3999996185302734375</ele>
        <time>2026-09-25T04:10:47.000Z</time>
        <extensions>
          <ns3:TrackPointExtension>
            <ns3:hr>159</ns3:hr>
            <ns3:cad>87</ns3:cad>
          </ns3:TrackPointExtension>
        </extensions>
      </trkpt>
      <trkpt lat="31.232539303600788116455078125" lon="121.52070670388638973236083984375">
        <ele>15.3999996185302734375</ele>
        <time>2026-09-25T04:10:48.000Z</time>
        <extensions>
          <ns3:TrackPointExtension>
            <ns3:hr>159</ns3:hr>
            <ns3:cad>87</ns3:cad>
          </ns3:TrackPointExtension>
        </extensions>
      </trkpt>
      <trkpt lat="31.23253704048693180084228515625" lon="121.5207294188439846038818359375">
        <ele>15.19999980926513671875</ele>
        <time>2026-09-25T04:10:49.000Z</time>
        <extensions>
          <ns3:TrackPointExtension>
            <ns3:hr>160</ns3:hr>
            <ns3:cad>86</ns3:cad>
          </ns3:TrackPointExtension>
        </extensions>
      </trkpt>
      <trkpt lat="31.232530586421489715576171875" lon="121.52075448073446750640869140625">
        <ele>15.19999980926513671875</ele>
        <time>2026-09-25T04:10:50.000Z</time>
        <extensions>
          <ns3:TrackPointExtension>
            <ns3:hr>160</ns3:hr>
            <ns3:cad>86</ns3:cad>
          </ns3:TrackPointExtension>
        </extensions>
      </trkpt>
      <trkpt lat="31.23252396471798419952392578125" lon="121.520778872072696685791015625">
        <ele>15.19999980926513671875</ele>
        <time>2026-09-25T04:10:51.000Z</time>
        <extensions>
          <ns3:TrackPointExtension>
            <ns3:hr>160</ns3:hr>
            <ns3:cad>86</ns3:cad>
          </ns3:TrackPointExtension>
        </extensions>
      </trkpt>
      <trkpt lat="31.2325139902532100677490234375" lon="121.52080963365733623504638671875">
        <ele>15.19999980926513671875</ele>
        <time>2026-09-25T04:10:52.000Z</time>
        <extensions>
          <ns3:TrackPointExtension>
            <ns3:hr>160</ns3:hr>
            <ns3:cad>88</ns3:cad>
          </ns3:TrackPointExtension>
        </extensions>
      </trkpt>
      <trkpt lat="31.23250887729227542877197265625" lon="121.52083075605332851409912109375">
        <ele>15.19999980926513671875</ele>
        <time>2026-09-25T04:10:53.000Z</time>
        <extensions>
          <ns3:TrackPointExtension>
            <ns3:hr>160</ns3:hr>
            <ns3:cad>90</ns3:cad>
          </ns3:TrackPointExtension>
        </extensions>
      </trkpt>
      <trkpt lat="31.23250468634068965911865234375" lon="121.52086042799055576324462890625">
        <ele>15.19999980926513671875</ele>
        <time>2026-09-25T04:10:54.000Z</time>
        <extensions>
          <ns3:TrackPointExtension>
            <ns3:hr>160</ns3:hr>
            <ns3:cad>90</ns3:cad>
          </ns3:TrackPointExtension>
        </extensions>
      </trkpt>
      <trkpt lat="31.23250477015972137451171875" lon="121.5208853222429752349853515625">
        <ele>15.19999980926513671875</ele>
        <time>2026-09-25T04:10:55.000Z</time>
        <extensions>
          <ns3:TrackPointExtension>
            <ns3:hr>160</ns3:hr>
            <ns3:cad>89</ns3:cad>
          </ns3:TrackPointExtension>
        </extensions>
      </trkpt>
      <trkpt lat="31.2324945442378520965576171875" lon="121.52091323398053646087646484375">
        <ele>15</ele>
        <time>2026-09-25T04:10:56.000Z</time>
        <extensions>
          <ns3:TrackPointExtension>
            <ns3:hr>160</ns3:hr>
            <ns3:cad>88</ns3:cad>
          </ns3:TrackPointExtension>
        </extensions>
      </trkpt>
      <trkpt lat="31.2324905209243297576904296875" lon="121.5209423191845417022705078125">
        <ele>15</ele>
        <time>2026-09-25T04:10:57.000Z</time>
        <extensions>
          <ns3:TrackPointExtension>
            <ns3:hr>161</ns3:hr>
            <ns3:cad>88</ns3:cad>
          </ns3:TrackPointExtension>
        </extensions>
      </trkpt>
      <trkpt lat="31.23247870244085788726806640625" lon="121.5209721587598323822021484375">
        <ele>15</ele>
        <time>2026-09-25T04:10:58.000Z</time>
        <extensions>
          <ns3:TrackPointExtension>
            <ns3:hr>160</ns3:hr>
            <ns3:cad>90</ns3:cad>
          </ns3:TrackPointExtension>
        </extensions>
      </trkpt>
      <trkpt lat="31.2324680574238300323486328125" lon="121.52099286206066608428955078125">
        <ele>15</ele>
        <time>2026-09-25T04:10:59.000Z</time>
        <extensions>
          <ns3:TrackPointExtension>
            <ns3:hr>160</ns3:hr>
            <ns3:cad>90</ns3:cad>
          </ns3:TrackPointExtension>
        </extensions>
      </trkpt>
      <trkpt lat="31.23245607130229473114013671875" lon="121.5210185945034027099609375">
        <ele>15</ele>
        <time>2026-09-25T04:11:00.000Z</time>
        <extensions>
          <ns3:TrackPointExtension>
            <ns3:hr>160</ns3:hr>
            <ns3:cad>88</ns3:cad>
          </ns3:TrackPointExtension>
        </extensions>
      </trkpt>
      <trkpt lat="31.23244316317141056060791015625" lon="121.52103762142360210418701171875">
        <ele>15</ele>
        <time>2026-09-25T04:11:01.000Z</time>
        <extensions>
          <ns3:TrackPointExtension>
            <ns3:hr>160</ns3:hr>
            <ns3:cad>88</ns3:cad>
          </ns3:TrackPointExtension>
        </extensions>
      </trkpt>
      <trkpt lat="31.23241650871932506561279296875" lon="121.52106276713311672210693359375">
        <ele>15</ele>
        <time>2026-09-25T04:11:02.000Z</time>
        <extensions>
          <ns3:TrackPointExtension>
            <ns3:hr>160</ns3:hr>
            <ns3:cad>88</ns3:cad>
          </ns3:TrackPointExtension>
        </extensions>
      </trkpt>
      <trkpt lat="31.23239655978977680206298828125" lon="121.52108439244329929351806640625">
        <ele>15.19999980926513671875</ele>
        <time>2026-09-25T04:11:03.000Z</time>
        <extensions>
          <ns3:TrackPointExtension>
            <ns3:hr>160</ns3:hr>
            <ns3:cad>88</ns3:cad>
          </ns3:TrackPointExtension>
        </extensions>
      </trkpt>
      <trkpt lat="31.2323748506605625152587890625" lon="121.52111272327601909637451171875">
        <ele>15.19999980926513671875</ele>
        <time>2026-09-25T04:11:04.000Z</time>
        <extensions>
          <ns3:TrackPointExtension>
            <ns3:hr>161</ns3:hr>
            <ns3:cad>89</ns3:cad>
          </ns3:TrackPointExtension>
        </extensions>
      </trkpt>
      <trkpt lat="31.23235247097909450531005859375" lon="121.5211320854723453521728515625">
        <ele>15.3999996185302734375</ele>
        <time>2026-09-25T04:11:05.000Z</time>
        <extensions>
          <ns3:TrackPointExtension>
            <ns3:hr>160</ns3:hr>
            <ns3:cad>89</ns3:cad>
          </ns3:TrackPointExtension>
        </extensions>
      </trkpt>
      <trkpt lat="31.2323295883834362030029296875" lon="121.52115832082927227020263671875">
        <ele>15.3999996185302734375</ele>
        <time>2026-09-25T04:11:06.000Z</time>
        <extensions>
          <ns3:TrackPointExtension>
            <ns3:hr>160</ns3:hr>
            <ns3:cad>88</ns3:cad>
          </ns3:TrackPointExtension>
        </extensions>
      </trkpt>
      <trkpt lat="31.23231005854904651641845703125" lon="121.521177180111408233642578125">
        <ele>15.3999996185302734375</ele>
        <time>2026-09-25T04:11:07.000Z</time>
        <extensions>
          <ns3:TrackPointExtension>
            <ns3:hr>161</ns3:hr>
            <ns3:cad>87</ns3:cad>
          </ns3:TrackPointExtension>
        </extensions>
      </trkpt>
      <trkpt lat="31.23228826560080051422119140625" lon="121.52119821868836879730224609375">
        <ele>15.6000003814697265625</ele>
        <time>2026-09-25T04:11:08.000Z</time>
        <extensions>
          <ns3:TrackPointExtension>
            <ns3:hr>160</ns3:hr>
            <ns3:cad>87</ns3:cad>
          </ns3:TrackPointExtension>
        </extensions>
      </trkpt>
      <trkpt lat="31.23226328752934932708740234375" lon="121.52120995335280895233154296875">
        <ele>15.80000019073486328125</ele>
        <time>2026-09-25T04:11:09.000Z</time>
        <extensions>
          <ns3:TrackPointExtension>
            <ns3:hr>160</ns3:hr>
            <ns3:cad>88</ns3:cad>
          </ns3:TrackPointExtension>
        </extensions>
      </trkpt>
      <trkpt lat="31.2322420813143253326416015625" lon="121.52122336439788341522216796875">
        <ele>15.80000019073486328125</ele>
        <time>2026-09-25T04:11:10.000Z</time>
        <extensions>
          <ns3:TrackPointExtension>
            <ns3:hr>161</ns3:hr>
            <ns3:cad>88</ns3:cad>
          </ns3:TrackPointExtension>
        </extensions>
      </trkpt>
      <trkpt lat="31.2322152592241764068603515625" lon="121.5212336741387844085693359375">
        <ele>16</ele>
        <time>2026-09-25T04:11:11.000Z</time>
        <extensions>
          <ns3:TrackPointExtension>
            <ns3:hr>160</ns3:hr>
            <ns3:cad>90</ns3:cad>
          </ns3:TrackPointExtension>
        </extensions>
      </trkpt>
      <trkpt lat="31.232196651399135589599609375" lon="121.5212537907063961029052734375">
        <ele>16</ele>
        <time>2026-09-25T04:11:12.000Z</time>
        <extensions>
          <ns3:TrackPointExtension>
            <ns3:hr>160</ns3:hr>
            <ns3:cad>90</ns3:cad>
          </ns3:TrackPointExtension>
        </extensions>
      </trkpt>
      <trkpt lat="31.232172511518001556396484375" lon="121.521273069083690643310546875">
        <ele>16</ele>
        <time>2026-09-25T04:11:13.000Z</time>
        <extensions>
          <ns3:TrackPointExtension>
            <ns3:hr>161</ns3:hr>
            <ns3:cad>89</ns3:cad>
          </ns3:TrackPointExtension>
        </extensions>
      </trkpt>
      <trkpt lat="31.23215851373970508575439453125" lon="121.5212948620319366455078125">
        <ele>16</ele>
        <time>2026-09-25T04:11:14.000Z</time>
        <extensions>
          <ns3:TrackPointExtension>
            <ns3:hr>161</ns3:hr>
            <ns3:cad>88</ns3:cad>
          </ns3:TrackPointExtension>
        </extensions>
      </trkpt>
      <trkpt lat="31.2321314401924610137939453125" lon="121.5213138051331043243408203125">
        <ele>15.80000019073486328125</ele>
        <time>2026-09-25T04:11:15.000Z</time>
        <extensions>
          <ns3:TrackPointExtension>
            <ns3:hr>161</ns3:hr>
            <ns3:cad>87</ns3:cad>
          </ns3:TrackPointExtension>
        </extensions>
      </trkpt>
      <trkpt lat="31.232112161815166473388671875" lon="121.52133367024362087249755859375">
        <ele>15.6000003814697265625</ele>
        <time>2026-09-25T04:11:16.000Z</time>
        <extensions>
          <ns3:TrackPointExtension>
            <ns3:hr>161</ns3:hr>
            <ns3:cad>87</ns3:cad>
          </ns3:TrackPointExtension>
        </extensions>
      </trkpt>
      <trkpt lat="31.23208190314471721649169921875" lon="121.5213404595851898193359375">
        <ele>15.6000003814697265625</ele>
        <time>2026-09-25T04:11:17.000Z</time>
        <extensions>
          <ns3:TrackPointExtension>
            <ns3:hr>162</ns3:hr>
            <ns3:cad>88</ns3:cad>
          </ns3:TrackPointExtension>
        </extensions>
      </trkpt>
      <trkpt lat="31.2320603616535663604736328125" lon="121.5213483385741710662841796875">
        <ele>15.6000003814697265625</ele>
        <time>2026-09-25T04:11:18.000Z</time>
        <extensions>
          <ns3:TrackPointExtension>
            <ns3:hr>161</ns3:hr>
            <ns3:cad>88</ns3:cad>
          </ns3:TrackPointExtension>
        </extensions>
      </trkpt>
      <trkpt lat="31.23203228227794170379638671875" lon="121.52135294862091541290283203125">
        <ele>15.6000003814697265625</ele>
        <time>2026-09-25T04:11:19.000Z</time>
        <extensions>
          <ns3:TrackPointExtension>
            <ns3:hr>161</ns3:hr>
            <ns3:cad>88</ns3:cad>
          </ns3:TrackPointExtension>
        </extensions>
      </trkpt>
      <trkpt lat="31.23201199807226657867431640625" lon="121.521360576152801513671875">
        <ele>15.6000003814697265625</ele>
        <time>2026-09-25T04:11:20.000Z</time>
        <extensions>
          <ns3:TrackPointExtension>
            <ns3:hr>161</ns3:hr>
            <ns3:cad>88</ns3:cad>
          </ns3:TrackPointExtension>
        </extensions>
      </trkpt>
      <trkpt lat="31.23199188150465488433837890625" lon="121.52137038297951221466064453125">
        <ele>15.6000003814697265625</ele>
        <time>2026-09-25T04:11:21.000Z</time>
        <extensions>
          <ns3:TrackPointExtension>
            <ns3:hr>161</ns3:hr>
            <ns3:cad>88</ns3:cad>
          </ns3:TrackPointExtension>
        </extensions>
      </trkpt>
      <trkpt lat="31.23196807689964771270751953125" lon="121.5213808603584766387939453125">
        <ele>15.3999996185302734375</ele>
        <time>2026-09-25T04:11:22.000Z</time>
        <extensions>
          <ns3:TrackPointExtension>
            <ns3:hr>161</ns3:hr>
            <ns3:cad>88</ns3:cad>
          </ns3:TrackPointExtension>
        </extensions>
      </trkpt>
      <trkpt lat="31.231949888169765472412109375" lon="121.52139686979353427886962890625">
        <ele>15.3999996185302734375</ele>
        <time>2026-09-25T04:11:23.000Z</time>
        <extensions>
          <ns3:TrackPointExtension>
            <ns3:hr>161</ns3:hr>
            <ns3:cad>88</ns3:cad>
          </ns3:TrackPointExtension>
        </extensions>
      </trkpt>
      <trkpt lat="31.23192449100315570831298828125" lon="121.52140156365931034088134765625">
        <ele>15.3999996185302734375</ele>
        <time>2026-09-25T04:11:24.000Z</time>
        <extensions>
          <ns3:TrackPointExtension>
            <ns3:hr>161</ns3:hr>
            <ns3:cad>87</ns3:cad>
          </ns3:TrackPointExtension>
        </extensions>
      </trkpt>
      <trkpt lat="31.231908313930034637451171875" lon="121.52140407823026180267333984375">
        <ele>15.6000003814697265625</ele>
        <time>2026-09-25T04:11:25.000Z</time>
        <extensions>
          <ns3:TrackPointExtension>
            <ns3:hr>160</ns3:hr>
            <ns3:cad>86</ns3:cad>
          </ns3:TrackPointExtension>
        </extensions>
      </trkpt>
      <trkpt lat="31.231890879571437835693359375" lon="121.52140684425830841064453125">
        <ele>15.80000019073486328125</ele>
        <time>2026-09-25T04:11:26.000Z</time>
        <extensions>
          <ns3:TrackPointExtension>
            <ns3:hr>160</ns3:hr>
            <ns3:cad>85</ns3:cad>
          </ns3:TrackPointExtension>
        </extensions>
      </trkpt>
      <trkpt lat="31.231874786317348480224609375" lon="121.5214039944112300872802734375">
        <ele>16</ele>
        <time>2026-09-25T04:11:27.000Z</time>
        <extensions>
          <ns3:TrackPointExtension>
            <ns3:hr>160</ns3:hr>
            <ns3:cad>85</ns3:cad>
          </ns3:TrackPointExtension>
        </extensions>
      </trkpt>
      <trkpt lat="31.23186280019581317901611328125" lon="121.52140340767800807952880859375">
        <ele>16.200000762939453125</ele>
        <time>2026-09-25T04:11:28.000Z</time>
        <extensions>
          <ns3:TrackPointExtension>
            <ns3:hr>160</ns3:hr>
            <ns3:cad>85</ns3:cad>
          </ns3:TrackPointExtension>
        </extensions>
      </trkpt>
      <trkpt lat="31.23178057372570037841796875" lon="121.5214397013187408447265625">
        <ele>15</ele>
        <time>2026-09-25T04:12:33.000Z</time>
        <extensions>
          <ns3:TrackPointExtension>
            <ns3:hr>136</ns3:hr>
            <ns3:cad>0</ns3:cad>
          </ns3:TrackPointExtension>
        </extensions>
      </trkpt>
      <trkpt lat="31.2317488901317119598388671875" lon="121.521421931684017181396484375">
        <ele>15</ele>
        <time>2026-09-25T04:12:34.000Z</time>
        <extensions>
          <ns3:TrackPointExtension>
            <ns3:hr>135</ns3:hr>
            <ns3:cad>0</ns3:cad>
          </ns3:TrackPointExtension>
        </extensions>
      </trkpt>
      <trkpt lat="31.23172332532703876495361328125" lon="121.52139971964061260223388671875">
        <ele>14.80000019073486328125</ele>
        <time>2026-09-25T04:12:35.000Z</time>
        <extensions>
          <ns3:TrackPointExtension>
            <ns3:hr>135</ns3:hr>
            <ns3:cad>0</ns3:cad>
          </ns3:TrackPointExtension>
        </extensions>
      </trkpt>
      <trkpt lat="31.23169767670333385467529296875" lon="121.5213828720152378082275390625">
        <ele>14.80000019073486328125</ele>
        <time>2026-09-25T04:12:36.000Z</time>
        <extensions>
          <ns3:TrackPointExtension>
            <ns3:hr>134</ns3:hr>
            <ns3:cad>0</ns3:cad>
          </ns3:TrackPointExtension>
        </extensions>
      </trkpt>
      <trkpt lat="31.231666915118694305419921875" lon="121.5213694609701633453369140625">
        <ele>14.3999996185302734375</ele>
        <time>2026-09-25T04:12:37.000Z</time>
        <extensions>
          <ns3:TrackPointExtension>
            <ns3:hr>133</ns3:hr>
            <ns3:cad>0</ns3:cad>
          </ns3:TrackPointExtension>
        </extensions>
      </trkpt>
      <trkpt lat="31.23164302669465541839599609375" lon="121.52134775184094905853271484375">
        <ele>14.3999996185302734375</ele>
        <time>2026-09-25T04:12:38.000Z</time>
        <extensions>
          <ns3:TrackPointExtension>
            <ns3:hr>133</ns3:hr>
            <ns3:cad>88</ns3:cad>
          </ns3:TrackPointExtension>
        </extensions>
      </trkpt>
      <trkpt lat="31.231614612042903900146484375" lon="121.521338783204555511474609375">
        <ele>14.19999980926513671875</ele>
        <time>2026-09-25T04:12:39.000Z</time>
        <extensions>
          <ns3:TrackPointExtension>
            <ns3:hr>133</ns3:hr>
            <ns3:cad>88</ns3:cad>
          </ns3:TrackPointExtension>
        </extensions>
      </trkpt>
      <trkpt lat="31.2315872870385646820068359375" lon="121.5213258750736713409423828125">
        <ele>14.3999996185302734375</ele>
        <time>2026-09-25T04:12:40.000Z</time>
        <extensions>
          <ns3:TrackPointExtension>
            <ns3:hr>134</ns3:hr>
            <ns3:cad>89</ns3:cad>
          </ns3:TrackPointExtension>
        </extensions>
      </trkpt>
      <trkpt lat="31.231559626758098602294921875" lon="121.5213127993047237396240234375">
        <ele>14.3999996185302734375</ele>
        <time>2026-09-25T04:12:41.000Z</time>
        <extensions>
          <ns3:TrackPointExtension>
            <ns3:hr>135</ns3:hr>
            <ns3:cad>90</ns3:cad>
          </ns3:TrackPointExtension>
        </extensions>
      </trkpt>
      <trkpt lat="31.231538839638233184814453125" lon="121.52128438465297222137451171875">
        <ele>14.6000003814697265625</ele>
        <time>2026-09-25T04:12:42.000Z</time>
        <extensions>
          <ns3:TrackPointExtension>
            <ns3:hr>135</ns3:hr>
            <ns3:cad>90</ns3:cad>
          </ns3:TrackPointExtension>
        </extensions>
      </trkpt>
      <trkpt lat="31.2315178848803043365478515625" lon="121.5212698839604854583740234375">
        <ele>14.6000003814697265625</ele>
        <time>2026-09-25T04:12:43.000Z</time>
        <extensions>
          <ns3:TrackPointExtension>
            <ns3:hr>135</ns3:hr>
            <ns3:cad>89</ns3:cad>
          </ns3:TrackPointExtension>
        </extensions>
      </trkpt>
      <trkpt lat="31.23149760067462921142578125" lon="121.521242894232273101806640625">
        <ele>14.6000003814697265625</ele>
        <time>2026-09-25T04:12:44.000Z</time>
        <extensions>
          <ns3:TrackPointExtension>
            <ns3:hr>135</ns3:hr>
            <ns3:cad>88</ns3:cad>
          </ns3:TrackPointExtension>
        </extensions>
      </trkpt>
      <trkpt lat="31.23148494400084018707275390625" lon="121.5212279744446277618408203125">
        <ele>14.6000003814697265625</ele>
        <time>2026-09-25T04:12:45.000Z</time>
        <extensions>
          <ns3:TrackPointExtension>
            <ns3:hr>135</ns3:hr>
            <ns3:cad>88</ns3:cad>
          </ns3:TrackPointExtension>
        </extensions>
      </trkpt>
      <trkpt lat="31.23146943747997283935546875" lon="121.52121632359921932220458984375">
        <ele>14.6000003814697265625</ele>
        <time>2026-09-25T04:12:46.000Z</time>
        <extensions>
          <ns3:TrackPointExtension>
            <ns3:hr>136</ns3:hr>
            <ns3:cad>88</ns3:cad>
          </ns3:TrackPointExtension>
        </extensions>
      </trkpt>
      <trkpt lat="31.23145409859716892242431640625" lon="121.52120358310639858245849609375">
        <ele>14.6000003814697265625</ele>
        <time>2026-09-25T04:12:47.000Z</time>
        <extensions>
          <ns3:TrackPointExtension>
            <ns3:hr>136</ns3:hr>
            <ns3:cad>89</ns3:cad>
          </ns3:TrackPointExtension>
        </extensions>
      </trkpt>
      <trkpt lat="31.2314380891621112823486328125" lon="121.5211807005107402801513671875">
        <ele>14.6000003814697265625</ele>
        <time>2026-09-25T04:12:48.000Z</time>
        <extensions>
          <ns3:TrackPointExtension>
            <ns3:hr>137</ns3:hr>
            <ns3:cad>89</ns3:cad>
          </ns3:TrackPointExtension>
        </extensions>
      </trkpt>
      <trkpt lat="31.23142258264124393463134765625" lon="121.52117340825498104095458984375">
        <ele>14.6000003814697265625</ele>
        <time>2026-09-25T04:12:49.000Z</time>
        <extensions>
          <ns3:TrackPointExtension>
            <ns3:hr>138</ns3:hr>
            <ns3:cad>87</ns3:cad>
          </ns3:TrackPointExtension>
        </extensions>
      </trkpt>
      <trkpt lat="31.23140112496912479400634765625" lon="121.52116938494145870208740234375">
        <ele>14.3999996185302734375</ele>
        <time>2026-09-25T04:12:50.000Z</time>
        <extensions>
          <ns3:TrackPointExtension>
            <ns3:hr>138</ns3:hr>
            <ns3:cad>87</ns3:cad>
          </ns3:TrackPointExtension>
        </extensions>
      </trkpt>
      <trkpt lat="31.23138084076344966888427734375" lon="121.52117676101624965667724609375">
        <ele>14.3999996185302734375</ele>
        <time>2026-09-25T04:12:51.000Z</time>
        <extensions>
          <ns3:TrackPointExtension>
            <ns3:hr>138</ns3:hr>
            <ns3:cad>85</ns3:cad>
          </ns3:TrackPointExtension>
        </extensions>
      </trkpt>
      <trkpt lat="31.23135150410234928131103515625" lon="121.521186567842960357666015625">
        <ele>14.3999996185302734375</ele>
        <time>2026-09-25T04:12:52.000Z</time>
        <extensions>
          <ns3:TrackPointExtension>
            <ns3:hr>138</ns3:hr>
            <ns3:cad>85</ns3:cad>
          </ns3:TrackPointExtension>
        </extensions>
      </trkpt>
      <trkpt lat="31.23133038170635700225830078125" lon="121.52118380181491374969482421875">
        <ele>14.3999996185302734375</ele>
        <time>2026-09-25T04:12:53.000Z</time>
        <extensions>
          <ns3:TrackPointExtension>
            <ns3:hr>137</ns3:hr>
            <ns3:cad>88</ns3:cad>
          </ns3:TrackPointExtension>
        </extensions>
      </trkpt>
      <trkpt lat="31.2313024699687957763671875" lon="121.52117877267301082611083984375">
        <ele>14.3999996185302734375</ele>
        <time>2026-09-25T04:12:54.000Z</time>
        <extensions>
          <ns3:TrackPointExtension>
            <ns3:hr>137</ns3:hr>
            <ns3:cad>89</ns3:cad>
          </ns3:TrackPointExtension>
        </extensions>
      </trkpt>
      <trkpt lat="31.23128059320151805877685546875" lon="121.5211793594062328338623046875">
        <ele>14.6000003814697265625</ele>
        <time>2026-09-25T04:12:55.000Z</time>
        <extensions>
          <ns3:TrackPointExtension>
            <ns3:hr>136</ns3:hr>
            <ns3:cad>89</ns3:cad>
          </ns3:TrackPointExtension>
        </extensions>
      </trkpt>
      <trkpt lat="31.23125075362622737884521484375" lon="121.52117508463561534881591796875">
        <ele>14.80000019073486328125</ele>
        <time>2026-09-25T04:12:56.000Z</time>
        <extensions>
          <ns3:TrackPointExtension>
            <ns3:hr>135</ns3:hr>
            <ns3:cad>89</ns3:cad>
          </ns3:TrackPointExtension>
        </extensions>
      </trkpt>
      <trkpt lat="31.23122644610702991485595703125" lon="121.5211763419210910797119140625">
        <ele>15</ele>
        <time>2026-09-25T04:12:57.000Z</time>
        <extensions>
          <ns3:TrackPointExtension>
            <ns3:hr>135</ns3:hr>
            <ns3:cad>89</ns3:cad>
          </ns3:TrackPointExtension>
        </extensions>
      </trkpt>
      <trkpt lat="31.2311943434178829193115234375" lon="121.5211686305701732635498046875">
        <ele>15</ele>
        <time>2026-09-25T04:12:58.000Z</time>
        <extensions>
          <ns3:TrackPointExtension>
            <ns3:hr>135</ns3:hr>
            <ns3:cad>90</ns3:cad>
          </ns3:TrackPointExtension>
        </extensions>
      </trkpt>
      <trkpt lat="31.23117162846028804779052734375" lon="121.521171815693378448486328125">
        <ele>15</ele>
        <time>2026-09-25T04:12:59.000Z</time>
        <extensions>
          <ns3:TrackPointExtension>
            <ns3:hr>135</ns3:hr>
            <ns3:cad>92</ns3:cad>
          </ns3:TrackPointExtension>
        </extensions>
      </trkpt>
      <trkpt lat="31.2311380170285701751708984375" lon="121.5211686305701732635498046875">
        <ele>15</ele>
        <time>2026-09-25T04:13:00.000Z</time>
        <extensions>
          <ns3:TrackPointExtension>
            <ns3:hr>134</ns3:hr>
            <ns3:cad>92</ns3:cad>
          </ns3:TrackPointExtension>
        </extensions>
      </trkpt>
      <trkpt lat="31.2311158888041973114013671875" lon="121.52117290534079074859619140625">
        <ele>14.80000019073486328125</ele>
        <time>2026-09-25T04:13:01.000Z</time>
        <extensions>
          <ns3:TrackPointExtension>
            <ns3:hr>135</ns3:hr>
            <ns3:cad>92</ns3:cad>
          </ns3:TrackPointExtension>
        </extensions>
      </trkpt>
      <trkpt lat="31.23109166510403156280517578125" lon="121.5211848914623260498046875">
        <ele>14.80000019073486328125</ele>
        <time>2026-09-25T04:13:02.000Z</time>
        <extensions>
          <ns3:TrackPointExtension>
            <ns3:hr>135</ns3:hr>
            <ns3:cad>91</ns3:cad>
          </ns3:TrackPointExtension>
        </extensions>
      </trkpt>
      <trkpt lat="31.2310672737658023834228515625" lon="121.52119302190840244293212890625">
        <ele>14.80000019073486328125</ele>
        <time>2026-09-25T04:13:03.000Z</time>
        <extensions>
          <ns3:TrackPointExtension>
            <ns3:hr>135</ns3:hr>
            <ns3:cad>90</ns3:cad>
          </ns3:TrackPointExtension>
        </extensions>
      </trkpt>
      <trkpt lat="31.23104028403759002685546875" lon="121.5212021581828594207763671875">
        <ele>15</ele>
        <time>2026-09-25T04:13:04.000Z</time>
        <extensions>
          <ns3:TrackPointExtension>
            <ns3:hr>136</ns3:hr>
            <ns3:cad>90</ns3:cad>
          </ns3:TrackPointExtension>
        </extensions>
      </trkpt>
      <trkpt lat="31.23101974837481975555419921875" lon="121.52121280319988727569580078125">
        <ele>15</ele>
        <time>2026-09-25T04:13:05.000Z</time>
        <extensions>
          <ns3:TrackPointExtension>
            <ns3:hr>136</ns3:hr>
            <ns3:cad>92</ns3:cad>
          </ns3:TrackPointExtension>
        </extensions>
      </trkpt>
      <trkpt lat="31.230995021760463714599609375" lon="121.52122034691274166107177734375">
        <ele>15</ele>
        <time>2026-09-25T04:13:06.000Z</time>
        <extensions>
          <ns3:TrackPointExtension>
            <ns3:hr>137</ns3:hr>
            <ns3:cad>92</ns3:cad>
          </ns3:TrackPointExtension>
        </extensions>
      </trkpt>
      <trkpt lat="31.2309723906219005584716796875" lon="121.5212299861013889312744140625">
        <ele>14.80000019073486328125</ele>
        <time>2026-09-25T04:13:07.000Z</time>
        <extensions>
          <ns3:TrackPointExtension>
            <ns3:hr>137</ns3:hr>
            <ns3:cad>92</ns3:cad>
          </ns3:TrackPointExtension>
        </extensions>
      </trkpt>
      <trkpt lat="31.23095034621655941009521484375" lon="121.52124063111841678619384765625">
        <ele>14.80000019073486328125</ele>
        <time>2026-09-25T04:13:08.000Z</time>
        <extensions>
          <ns3:TrackPointExtension>
            <ns3:hr>138</ns3:hr>
            <ns3:cad>91</ns3:cad>
          </ns3:TrackPointExtension>
        </extensions>
      </trkpt>
      <trkpt lat="31.23092494904994964599609375" lon="121.52125538326799869537353515625">
        <ele>14.6000003814697265625</ele>
        <time>2026-09-25T04:13:09.000Z</time>
        <extensions>
          <ns3:TrackPointExtension>
            <ns3:hr>139</ns3:hr>
            <ns3:cad>91</ns3:cad>
          </ns3:TrackPointExtension>
        </extensions>
      </trkpt>
      <trkpt lat="31.23090357519686222076416015625" lon="121.52126359753310680389404296875">
        <ele>14.6000003814697265625</ele>
        <time>2026-09-25T04:13:10.000Z</time>
        <extensions>
          <ns3:TrackPointExtension>
            <ns3:hr>140</ns3:hr>
            <ns3:cad>91</ns3:cad>
          </ns3:TrackPointExtension>
        </extensions>
      </trkpt>
      <trkpt lat="31.23087876476347446441650390625" lon="121.52127348817884922027587890625">
        <ele>14.6000003814697265625</ele>
        <time>2026-09-25T04:13:11.000Z</time>
        <extensions>
          <ns3:TrackPointExtension>
            <ns3:hr>141</ns3:hr>
            <ns3:cad>93</ns3:cad>
          </ns3:TrackPointExtension>
        </extensions>
      </trkpt>
      <trkpt lat="31.23085764236748218536376953125" lon="121.52128874324262142181396484375">
        <ele>14.3999996185302734375</ele>
        <time>2026-09-25T04:13:12.000Z</time>
        <extensions>
          <ns3:TrackPointExtension>
            <ns3:hr>142</ns3:hr>
            <ns3:cad>93</ns3:cad>
          </ns3:TrackPointExtension>
        </extensions>
      </trkpt>
      <trkpt lat="31.23083174228668212890625" lon="121.521306596696376800537109375">
        <ele>14.3999996185302734375</ele>
        <time>2026-09-25T04:13:13.000Z</time>
        <extensions>
          <ns3:TrackPointExtension>
            <ns3:hr>143</ns3:hr>
            <ns3:cad>93</ns3:cad>
          </ns3:TrackPointExtension>
        </extensions>
      </trkpt>
      <trkpt lat="31.230809278786182403564453125" lon="121.5213154815137386322021484375">
        <ele>14.3999996185302734375</ele>
        <time>2026-09-25T04:13:14.000Z</time>
        <extensions>
          <ns3:TrackPointExtension>
            <ns3:hr>145</ns3:hr>
            <ns3:cad>92</ns3:cad>
          </ns3:TrackPointExtension>
        </extensions>
      </trkpt>
      <trkpt lat="31.2307816185057163238525390625" lon="121.5213272161781787872314453125">
        <ele>14.3999996185302734375</ele>
        <time>2026-09-25T04:13:15.000Z</time>
        <extensions>
          <ns3:TrackPointExtension>
            <ns3:hr>147</ns3:hr>
            <ns3:cad>92</ns3:cad>
          </ns3:TrackPointExtension>
        </extensions>
      </trkpt>
      <trkpt lat="31.23075806535780429840087890625" lon="121.52133786119520664215087890625">
        <ele>14.3999996185302734375</ele>
        <time>2026-09-25T04:13:16.000Z</time>
        <extensions>
          <ns3:TrackPointExtension>
            <ns3:hr>148</ns3:hr>
            <ns3:cad>92</ns3:cad>
          </ns3:TrackPointExtension>
        </extensions>
      </trkpt>
      <trkpt lat="31.23072780668735504150390625" lon="121.52134859003126621246337890625">
        <ele>14.6000003814697265625</ele>
        <time>2026-09-25T04:13:17.000Z</time>
        <extensions>
          <ns3:TrackPointExtension>
            <ns3:hr>149</ns3:hr>
            <ns3:cad>93</ns3:cad>
          </ns3:TrackPointExtension>
        </extensions>
      </trkpt>
      <trkpt lat="31.2307071872055530548095703125" lon="121.5213597379624843597412109375">
        <ele>14.80000019073486328125</ele>
        <time>2026-09-25T04:13:18.000Z</time>
        <extensions>
          <ns3:TrackPointExtension>
            <ns3:hr>149</ns3:hr>
            <ns3:cad>93</ns3:cad>
          </ns3:TrackPointExtension>
        </extensions>
      </trkpt>
      <trkpt lat="31.23067810200154781341552734375" lon="121.52136853896081447601318359375">
        <ele>14.80000019073486328125</ele>
        <time>2026-09-25T04:13:19.000Z</time>
        <extensions>
          <ns3:TrackPointExtension>
            <ns3:hr>149</ns3:hr>
            <ns3:cad>93</ns3:cad>
          </ns3:TrackPointExtension>
        </extensions>
      </trkpt>
      <trkpt lat="31.2306528724730014801025390625" lon="121.52137935161590576171875">
        <ele>15</ele>
        <time>2026-09-25T04:13:20.000Z</time>
        <extensions>
          <ns3:TrackPointExtension>
            <ns3:hr>149</ns3:hr>
            <ns3:cad>93</ns3:cad>
          </ns3:TrackPointExtension>
        </extensions>
      </trkpt>
      <trkpt lat="31.23062630183994770050048828125" lon="121.52139100246131420135498046875">
        <ele>15</ele>
        <time>2026-09-25T04:13:21.000Z</time>
        <extensions>
          <ns3:TrackPointExtension>
            <ns3:hr>150</ns3:hr>
            <ns3:cad>92</ns3:cad>
          </ns3:TrackPointExtension>
        </extensions>
      </trkpt>
      <trkpt lat="31.2306062690913677215576171875" lon="121.52140541933476924896240234375">
        <ele>15</ele>
        <time>2026-09-25T04:13:22.000Z</time>
        <extensions>
          <ns3:TrackPointExtension>
            <ns3:hr>150</ns3:hr>
            <ns3:cad>92</ns3:cad>
          </ns3:TrackPointExtension>
        </extensions>
      </trkpt>
      <trkpt lat="31.2305801175534725189208984375" lon="121.52141757309436798095703125">
        <ele>15</ele>
        <time>2026-09-25T04:13:23.000Z</time>
        <extensions>
          <ns3:TrackPointExtension>
            <ns3:hr>150</ns3:hr>
            <ns3:cad>92</ns3:cad>
          </ns3:TrackPointExtension>
        </extensions>
      </trkpt>
      <trkpt lat="31.23056075535714626312255859375" lon="121.52143660001456737518310546875">
        <ele>15</ele>
        <time>2026-09-25T04:13:24.000Z</time>
        <extensions>
          <ns3:TrackPointExtension>
            <ns3:hr>151</ns3:hr>
            <ns3:cad>92</ns3:cad>
          </ns3:TrackPointExtension>
        </extensions>
      </trkpt>
      <trkpt lat="31.2305331788957118988037109375" lon="121.521448083221912384033203125">
        <ele>15.19999980926513671875</ele>
        <time>2026-09-25T04:13:25.000Z</time>
        <extensions>
          <ns3:TrackPointExtension>
            <ns3:hr>152</ns3:hr>
            <ns3:cad>90</ns3:cad>
          </ns3:TrackPointExtension>
        </extensions>
      </trkpt>
      <trkpt lat="31.2305140681564807891845703125" lon="121.52146048843860626220703125">
        <ele>15.3999996185302734375</ele>
        <time>2026-09-25T04:13:26.000Z</time>
        <extensions>
          <ns3:TrackPointExtension>
            <ns3:hr>153</ns3:hr>
            <ns3:cad>90</ns3:cad>
          </ns3:TrackPointExtension>
        </extensions>
      </trkpt>
      <trkpt lat="31.23047542758285999298095703125" lon="121.521459482610225677490234375">
        <ele>15.3999996185302734375</ele>
        <time>2026-09-25T04:13:27.000Z</time>
        <extensions>
          <ns3:TrackPointExtension>
            <ns3:hr>153</ns3:hr>
            <ns3:cad>89</ns3:cad>
          </ns3:TrackPointExtension>
        </extensions>
      </trkpt>
      <trkpt lat="31.230449862778186798095703125" lon="121.5214720554649829864501953125">
        <ele>15.19999980926513671875</ele>
        <time>2026-09-25T04:13:28.000Z</time>
        <extensions>
          <ns3:TrackPointExtension>
            <ns3:hr>153</ns3:hr>
            <ns3:cad>90</ns3:cad>
          </ns3:TrackPointExtension>
        </extensions>
      </trkpt>
      <trkpt lat="31.2304158322513103485107421875" lon="121.52148152701556682586669921875">
        <ele>15</ele>
        <time>2026-09-25T04:13:29.000Z</time>
        <extensions>
          <ns3:TrackPointExtension>
            <ns3:hr>154</ns3:hr>
            <ns3:cad>89</ns3:cad>
          </ns3:TrackPointExtension>
        </extensions>
      </trkpt>
      <trkpt lat="31.2303967215120792388916015625" lon="121.52149736881256103515625">
        <ele>14.80000019073486328125</ele>
        <time>2026-09-25T04:13:30.000Z</time>
        <extensions>
          <ns3:TrackPointExtension>
            <ns3:hr>154</ns3:hr>
            <ns3:cad>89</ns3:cad>
          </ns3:TrackPointExtension>
        </extensions>
      </trkpt>
      <trkpt lat="31.230365373194217681884765625" lon="121.52150918729603290557861328125">
        <ele>14.6000003814697265625</ele>
        <time>2026-09-25T04:13:31.000Z</time>
        <extensions>
          <ns3:TrackPointExtension>
            <ns3:hr>154</ns3:hr>
            <ns3:cad>88</ns3:cad>
          </ns3:TrackPointExtension>
        </extensions>
      </trkpt>
      <trkpt lat="31.2303457595407962799072265625" lon="121.52152310125529766082763671875">
        <ele>14.3999996185302734375</ele>
        <time>2026-09-25T04:13:32.000Z</time>
        <extensions>
          <ns3:TrackPointExtension>
            <ns3:hr>154</ns3:hr>
            <ns3:cad>88</ns3:cad>
          </ns3:TrackPointExtension>
        </extensions>
      </trkpt>
      <trkpt lat="31.2303182668983936309814453125" lon="121.5215241909027099609375">
        <ele>14.6000003814697265625</ele>
        <time>2026-09-25T04:13:33.000Z</time>
        <extensions>
          <ns3:TrackPointExtension>
            <ns3:hr>155</ns3:hr>
            <ns3:cad>88</ns3:cad>
          </ns3:TrackPointExtension>
        </extensions>
      </trkpt>
      <trkpt lat="31.230292953550815582275390625" lon="121.52153047733008861541748046875">
        <ele>14.80000019073486328125</ele>
        <time>2026-09-25T04:13:34.000Z</time>
        <extensions>
          <ns3:TrackPointExtension>
            <ns3:hr>155</ns3:hr>
            <ns3:cad>90</ns3:cad>
          </ns3:TrackPointExtension>
        </extensions>
      </trkpt>
      <trkpt lat="31.23027157969772815704345703125" lon="121.52153802104294300079345703125">
        <ele>15</ele>
        <time>2026-09-25T04:13:35.000Z</time>
        <extensions>
          <ns3:TrackPointExtension>
            <ns3:hr>155</ns3:hr>
            <ns3:cad>90</ns3:cad>
          </ns3:TrackPointExtension>
        </extensions>
      </trkpt>
      <trkpt lat="31.23025196604430675506591796875" lon="121.5215454809367656707763671875">
        <ele>15</ele>
        <time>2026-09-25T04:13:36.000Z</time>
        <extensions>
          <ns3:TrackPointExtension>
            <ns3:hr>155</ns3:hr>
            <ns3:cad>89</ns3:cad>
          </ns3:TrackPointExtension>
        </extensions>
      </trkpt>
      <trkpt lat="31.23022631742060184478759765625" lon="121.5215619094669818878173828125">
        <ele>15</ele>
        <time>2026-09-25T04:13:37.000Z</time>
        <extensions>
          <ns3:TrackPointExtension>
            <ns3:hr>156</ns3:hr>
            <ns3:cad>87</ns3:cad>
          </ns3:TrackPointExtension>
        </extensions>
      </trkpt>
      <trkpt lat="31.2302056141197681427001953125" lon="121.52158261276781558990478515625">
        <ele>15.19999980926513671875</ele>
        <time>2026-09-25T04:13:38.000Z</time>
        <extensions>
          <ns3:TrackPointExtension>
            <ns3:hr>156</ns3:hr>
            <ns3:cad>87</ns3:cad>
          </ns3:TrackPointExtension>
        </extensions>
      </trkpt>
      <trkpt lat="31.230181641876697540283203125" lon="121.52159451507031917572021484375">
        <ele>15.3999996185302734375</ele>
        <time>2026-09-25T04:13:39.000Z</time>
        <extensions>
          <ns3:TrackPointExtension>
            <ns3:hr>156</ns3:hr>
            <ns3:cad>87</ns3:cad>
          </ns3:TrackPointExtension>
        </extensions>
      </trkpt>
      <trkpt lat="31.2301598489284515380859375" lon="121.52160055004060268402099609375">
        <ele>15.3999996185302734375</ele>
        <time>2026-09-25T04:13:40.000Z</time>
        <extensions>
          <ns3:TrackPointExtension>
            <ns3:hr>156</ns3:hr>
            <ns3:cad>88</ns3:cad>
          </ns3:TrackPointExtension>
        </extensions>
      </trkpt>
      <trkpt lat="31.23013864271342754364013671875" lon="121.52161647565662860870361328125">
        <ele>15.3999996185302734375</ele>
        <time>2026-09-25T04:13:41.000Z</time>
        <extensions>
          <ns3:TrackPointExtension>
            <ns3:hr>156</ns3:hr>
            <ns3:cad>89</ns3:cad>
          </ns3:TrackPointExtension>
        </extensions>
      </trkpt>
      <trkpt lat="31.230117268860340118408203125" lon="121.5216229297220706939697265625">
        <ele>15.3999996185302734375</ele>
        <time>2026-09-25T04:13:42.000Z</time>
        <extensions>
          <ns3:TrackPointExtension>
            <ns3:hr>156</ns3:hr>
            <ns3:cad>89</ns3:cad>
          </ns3:TrackPointExtension>
        </extensions>
      </trkpt>
      <trkpt lat="31.23008516617119312286376953125" lon="121.52163424529135227203369140625">
        <ele>15.3999996185302734375</ele>
        <time>2026-09-25T04:13:43.000Z</time>
        <extensions>
          <ns3:TrackPointExtension>
            <ns3:hr>156</ns3:hr>
            <ns3:cad>89</ns3:cad>
          </ns3:TrackPointExtension>
        </extensions>
      </trkpt>
      <trkpt lat="31.23006354086101055145263671875" lon="121.5216447226703166961669921875">
        <ele>15.3999996185302734375</ele>
        <time>2026-09-25T04:13:44.000Z</time>
        <extensions>
          <ns3:TrackPointExtension>
            <ns3:hr>156</ns3:hr>
            <ns3:cad>89</ns3:cad>
          </ns3:TrackPointExtension>
        </extensions>
      </trkpt>
      <trkpt lat="31.23003604821860790252685546875" lon="121.52165570296347141265869140625">
        <ele>15.6000003814697265625</ele>
        <time>2026-09-25T04:13:45.000Z</time>
        <extensions>
          <ns3:TrackPointExtension>
            <ns3:hr>156</ns3:hr>
            <ns3:cad>89</ns3:cad>
          </ns3:TrackPointExtension>
        </extensions>
      </trkpt>
      <trkpt lat="31.23001459054648876190185546875" lon="121.5216671861708164215087890625">
        <ele>15.80000019073486328125</ele>
        <time>2026-09-25T04:13:46.000Z</time>
        <extensions>
          <ns3:TrackPointExtension>
            <ns3:hr>157</ns3:hr>
            <ns3:cad>90</ns3:cad>
          </ns3:TrackPointExtension>
        </extensions>
      </trkpt>
      <trkpt lat="31.22998458333313465118408203125" lon="121.52168252505362033843994140625">
        <ele>15.80000019073486328125</ele>
        <time>2026-09-25T04:13:47.000Z</time>
        <extensions>
          <ns3:TrackPointExtension>
            <ns3:hr>157</ns3:hr>
            <ns3:cad>89</ns3:cad>
          </ns3:TrackPointExtension>
        </extensions>
      </trkpt>
      <trkpt lat="31.22996463440358638763427734375" lon="121.52169191278517246246337890625">
        <ele>15.80000019073486328125</ele>
        <time>2026-09-25T04:13:48.000Z</time>
        <extensions>
          <ns3:TrackPointExtension>
            <ns3:hr>158</ns3:hr>
            <ns3:cad>89</ns3:cad>
          </ns3:TrackPointExtension>
        </extensions>
      </trkpt>
      <trkpt lat="31.229938231408596038818359375" lon="121.521702893078327178955078125">
        <ele>15.6000003814697265625</ele>
        <time>2026-09-25T04:13:49.000Z</time>
        <extensions>
          <ns3:TrackPointExtension>
            <ns3:hr>158</ns3:hr>
            <ns3:cad>89</ns3:cad>
          </ns3:TrackPointExtension>
        </extensions>
      </trkpt>
      <trkpt lat="31.22991568408906459808349609375" lon="121.5217079222202301025390625">
        <ele>15.6000003814697265625</ele>
        <time>2026-09-25T04:13:50.000Z</time>
        <extensions>
          <ns3:TrackPointExtension>
            <ns3:hr>158</ns3:hr>
            <ns3:cad>89</ns3:cad>
          </ns3:TrackPointExtension>
        </extensions>
      </trkpt>
      <trkpt lat="31.22989187948405742645263671875" lon="121.52171588502824306488037109375">
        <ele>15.6000003814697265625</ele>
        <time>2026-09-25T04:13:51.000Z</time>
        <extensions>
          <ns3:TrackPointExtension>
            <ns3:hr>158</ns3:hr>
            <ns3:cad>90</ns3:cad>
          </ns3:TrackPointExtension>
        </extensions>
      </trkpt>
      <trkpt lat="31.22986556030809879302978515625" lon="121.5217186510562896728515625">
        <ele>15.6000003814697265625</ele>
        <time>2026-09-25T04:13:52.000Z</time>
        <extensions>
          <ns3:TrackPointExtension>
            <ns3:hr>158</ns3:hr>
            <ns3:cad>90</ns3:cad>
          </ns3:TrackPointExtension>
        </extensions>
      </trkpt>
      <trkpt lat="31.22984024696052074432373046875" lon="121.52172912843525409698486328125">
        <ele>15.6000003814697265625</ele>
        <time>2026-09-25T04:13:53.000Z</time>
        <extensions>
          <ns3:TrackPointExtension>
            <ns3:hr>158</ns3:hr>
            <ns3:cad>90</ns3:cad>
          </ns3:TrackPointExtension>
        </extensions>
      </trkpt>
      <trkpt lat="31.22981694526970386505126953125" lon="121.52173516340553760528564453125">
        <ele>15.6000003814697265625</ele>
        <time>2026-09-25T04:13:54.000Z</time>
        <extensions>
          <ns3:TrackPointExtension>
            <ns3:hr>158</ns3:hr>
            <ns3:cad>90</ns3:cad>
          </ns3:TrackPointExtension>
        </extensions>
      </trkpt>
      <trkpt lat="31.2297912128269672393798828125" lon="121.52175008319318294525146484375">
        <ele>15.3999996185302734375</ele>
        <time>2026-09-25T04:13:55.000Z</time>
        <extensions>
          <ns3:TrackPointExtension>
            <ns3:hr>157</ns3:hr>
            <ns3:cad>89</ns3:cad>
          </ns3:TrackPointExtension>
        </extensions>
      </trkpt>
      <trkpt lat="31.2297694198787212371826171875" lon="121.52176248840987682342529296875">
        <ele>15.3999996185302734375</ele>
        <time>2026-09-25T04:13:56.000Z</time>
        <extensions>
          <ns3:TrackPointExtension>
            <ns3:hr>158</ns3:hr>
            <ns3:cad>89</ns3:cad>
          </ns3:TrackPointExtension>
        </extensions>
      </trkpt>
      <trkpt lat="31.22975877486169338226318359375" lon="121.52178511954843997955322265625">
        <ele>15.3999996185302734375</ele>
        <time>2026-09-25T04:13:57.000Z</time>
        <extensions>
          <ns3:TrackPointExtension>
            <ns3:hr>158</ns3:hr>
            <ns3:cad>89</ns3:cad>
          </ns3:TrackPointExtension>
        </extensions>
      </trkpt>
      <trkpt lat="31.2297368980944156646728515625" lon="121.521801464259624481201171875">
        <ele>15.3999996185302734375</ele>
        <time>2026-09-25T04:13:58.000Z</time>
        <extensions>
          <ns3:TrackPointExtension>
            <ns3:hr>158</ns3:hr>
            <ns3:cad>89</ns3:cad>
          </ns3:TrackPointExtension>
        </extensions>
      </trkpt>
      <trkpt lat="31.2297174520790576934814453125" lon="121.52181646786630153656005859375">
        <ele>15.6000003814697265625</ele>
        <time>2026-09-25T04:13:59.000Z</time>
        <extensions>
          <ns3:TrackPointExtension>
            <ns3:hr>158</ns3:hr>
            <ns3:cad>89</ns3:cad>
          </ns3:TrackPointExtension>
        </extensions>
      </trkpt>
      <trkpt lat="31.22968870215117931365966796875" lon="121.521828286349773406982421875">
        <ele>15.6000003814697265625</ele>
        <time>2026-09-25T04:14:00.000Z</time>
        <extensions>
          <ns3:TrackPointExtension>
            <ns3:hr>158</ns3:hr>
            <ns3:cad>89</ns3:cad>
          </ns3:TrackPointExtension>
        </extensions>
      </trkpt>
      <trkpt lat="31.22966405935585498809814453125" lon="121.5218405239284038543701171875">
        <ele>15.80000019073486328125</ele>
        <time>2026-09-25T04:14:01.000Z</time>
        <extensions>
          <ns3:TrackPointExtension>
            <ns3:hr>158</ns3:hr>
            <ns3:cad>87</ns3:cad>
          </ns3:TrackPointExtension>
        </extensions>
      </trkpt>
      <trkpt lat="31.22963807545602321624755859375" lon="121.52185636572539806365966796875">
        <ele>15.6000003814697265625</ele>
        <time>2026-09-25T04:14:02.000Z</time>
        <extensions>
          <ns3:TrackPointExtension>
            <ns3:hr>158</ns3:hr>
            <ns3:cad>86</ns3:cad>
          </ns3:TrackPointExtension>
        </extensions>
      </trkpt>
      <trkpt lat="31.22961678542196750640869140625" lon="121.52187044732272624969482421875">
        <ele>15.6000003814697265625</ele>
        <time>2026-09-25T04:14:03.000Z</time>
        <extensions>
          <ns3:TrackPointExtension>
            <ns3:hr>159</ns3:hr>
            <ns3:cad>86</ns3:cad>
          </ns3:TrackPointExtension>
        </extensions>
      </trkpt>
      <trkpt lat="31.22960438020527362823486328125" lon="121.52187748812139034271240234375">
        <ele>15.6000003814697265625</ele>
        <time>2026-09-25T04:14:04.000Z</time>
        <extensions>
          <ns3:TrackPointExtension>
            <ns3:hr>159</ns3:hr>
            <ns3:cad>86</ns3:cad>
          </ns3:TrackPointExtension>
        </extensions>
      </trkpt>
      <trkpt lat="31.2296115048229694366455078125" lon="121.52188989333808422088623046875">
        <ele>15.6000003814697265625</ele>
        <time>2026-09-25T04:14:05.000Z</time>
        <extensions>
          <ns3:TrackPointExtension>
            <ns3:hr>159</ns3:hr>
            <ns3:cad>87</ns3:cad>
          </ns3:TrackPointExtension>
        </extensions>
      </trkpt>
      <trkpt lat="31.2296098284423351287841796875" lon="121.52190196327865123748779296875">
        <ele>16</ele>
        <time>2026-09-25T04:14:06.000Z</time>
        <extensions>
          <ns3:TrackPointExtension>
            <ns3:hr>159</ns3:hr>
            <ns3:cad>87</ns3:cad>
          </ns3:TrackPointExtension>
        </extensions>
      </trkpt>
      <trkpt lat="31.2296145223081111907958984375" lon="121.52189810760319232940673828125">
        <ele>16.3999996185302734375</ele>
        <time>2026-09-25T04:14:07.000Z</time>
        <extensions>
          <ns3:TrackPointExtension>
            <ns3:hr>159</ns3:hr>
            <ns3:cad>87</ns3:cad>
          </ns3:TrackPointExtension>
        </extensions>
      </trkpt>
      <trkpt lat="31.22963572852313518524169921875" lon="121.52190917171537876129150390625">
        <ele>16.799999237060546875</ele>
        <time>2026-09-25T04:14:08.000Z</time>
        <extensions>
          <ns3:TrackPointExtension>
            <ns3:hr>159</ns3:hr>
            <ns3:cad>84</ns3:cad>
          </ns3:TrackPointExtension>
        </extensions>
      </trkpt>
      <trkpt lat="31.2296480499207973480224609375" lon="121.52191202156245708465576171875">
        <ele>17</ele>
        <time>2026-09-25T04:14:09.000Z</time>
        <extensions>
          <ns3:TrackPointExtension>
            <ns3:hr>159</ns3:hr>
            <ns3:cad>84</ns3:cad>
          </ns3:TrackPointExtension>
        </extensions>
      </trkpt>
      <trkpt lat="31.22967302799224853515625" lon="121.52192316949367523193359375">
        <ele>17.200000762939453125</ele>
        <time>2026-09-25T04:14:10.000Z</time>
        <extensions>
          <ns3:TrackPointExtension>
            <ns3:hr>159</ns3:hr>
            <ns3:cad>84</ns3:cad>
          </ns3:TrackPointExtension>
        </extensions>
      </trkpt>
      <trkpt lat="31.2297026999294757843017578125" lon="121.52193297632038593292236328125">
        <ele>17.3999996185302734375</ele>
        <time>2026-09-25T04:14:11.000Z</time>
        <extensions>
          <ns3:TrackPointExtension>
            <ns3:hr>159</ns3:hr>
            <ns3:cad>84</ns3:cad>
          </ns3:TrackPointExtension>
        </extensions>
      </trkpt>
      <trkpt lat="31.22973513789474964141845703125" lon="121.52194873429834842681884765625">
        <ele>17.6000003814697265625</ele>
        <time>2026-09-25T04:14:12.000Z</time>
        <extensions>
          <ns3:TrackPointExtension>
            <ns3:hr>159</ns3:hr>
            <ns3:cad>83</ns3:cad>
          </ns3:TrackPointExtension>
        </extensions>
      </trkpt>
      <trkpt lat="31.2297362275421619415283203125" lon="121.5219592116773128509521484375">
        <ele>17.6000003814697265625</ele>
        <time>2026-09-25T04:14:13.000Z</time>
        <extensions>
          <ns3:TrackPointExtension>
            <ns3:hr>159</ns3:hr>
            <ns3:cad>81</ns3:cad>
          </ns3:TrackPointExtension>
        </extensions>
      </trkpt>
    </trkseg>
  </trk>
</gpx>
